episode,scenario_id,epsilon,electricity_cost,carbon_emissions_kg,carbon_trading_cost,carbon_trading_revenue,system_cost,mean_start_delay_slots,remote_subtask_fraction,fallback_actions,capacity_violations
0,train_0511,1.0,11939.021484375,10212.6376953125,-302.73623046875,302.73623046875,11636.28525390625,16.54,0.56,0.0,0.0
1,train_0372,0.9993666666666666,12542.4765625,10351.578125,-288.8421875,288.8421875,12253.634375,16.2,0.64,0.0,0.0
2,train_0215,0.9987333333333334,12763.46875,10579.767578125,-266.0232421875,266.0232421875,12497.4455078125,17.08,0.52,0.0,0.0
3,train_0344,0.9981,12625.9599609375,10658.2626953125,-258.17373046875,258.17373046875,12367.78623046875,14.84,0.8,0.0,0.0
4,train_0201,0.9974666666666666,12205.78125,10623.8359375,-261.61640625,261.61640625,11944.16484375,16.8,0.66,0.0,0.0
5,train_0130,0.9968333333333333,12061.9794921875,10567.9619140625,-267.20380859375,267.20380859375,11794.77568359375,15.22,0.62,0.0,0.0
6,train_0155,0.9962,12549.5078125,10434.029296875,-280.5970703125,280.5970703125,12268.9107421875,16.64,0.66,0.0,0.0
7,train_0185,0.9955666666666667,12248.72265625,10563.25,-267.675,267.675,11981.04765625,15.76,0.7,0.0,0.0
8,train_0596,0.9949333333333333,12432.333984375,10553.1513671875,-268.68486328125,268.68486328125,12163.64912109375,15.14,0.62,0.0,0.0
9,train_0305,0.9943,12223.681640625,10608.50390625,-263.149609375,263.149609375,11960.53203125,15.08,0.58,0.0,0.0
10,train_0265,0.9936666666666667,12394.794921875,10341.205078125,-289.87949218750003,289.87949218750003,12104.9154296875,13.6,0.6,0.0,0.0
11,train_0021,0.9930333333333333,12501.4033203125,10523.451171875,-271.65488281250003,271.65488281250003,12229.7484375,16.7,0.76,0.0,0.0
12,train_0501,0.9924,12731.44921875,10404.755859375,-283.5244140625,283.5244140625,12447.9248046875,18.0,0.68,0.0,0.0
13,train_0055,0.9917666666666667,12507.69921875,10614.703125,-262.5296875,262.5296875,12245.16953125,13.66,0.76,0.0,0.0
14,train_0104,0.9911333333333333,12453.91015625,10575.146484375,-266.4853515625,266.4853515625,12187.4248046875,18.48,0.74,0.0,0.0
15,train_0174,0.9905,12807.8759765625,10001.3720703125,-323.86279296875,323.86279296875,12484.01318359375,16.6,0.72,0.0,0.0
16,train_0111,0.9898666666666667,12341.322265625,10108.84765625,-313.115234375,313.115234375,12028.20703125,13.96,0.74,0.0,0.0
17,train_0477,0.9892333333333333,12230.541015625,9956.30859375,-328.369140625,328.369140625,11902.171875,14.44,0.72,0.0,0.0
18,train_0334,0.9886,12242.7578125,10463.828125,-277.6171875,277.6171875,11965.140625,17.66,0.66,0.0,0.0
19,train_0422,0.9879666666666667,12258.169921875,10437.341796875,-280.2658203125,280.2658203125,11977.9041015625,15.78,0.7,0.0,0.0
20,train_0122,0.9873333333333333,12070.794921875,10289.47265625,-295.052734375,295.052734375,11775.7421875,15.96,0.7,0.0,0.0
21,train_0576,0.9867,12068.8642578125,10621.6591796875,-261.83408203125003,261.83408203125003,11807.03017578125,15.1,0.7,0.0,0.0
22,train_0087,0.9860666666666666,12767.228515625,10691.9482421875,-254.80517578125,254.80517578125,12512.42333984375,15.42,0.66,0.0,0.0
23,train_0466,0.9854333333333334,12434.2021484375,10441.3427734375,-279.86572265625,279.86572265625,12154.33642578125,17.66,0.64,0.0,0.0
24,train_0012,0.9848,12721.818359375,11034.001953125,-220.5998046875,220.5998046875,12501.2185546875,16.2,0.66,0.0,0.0
25,train_0266,0.9841666666666666,12616.3701171875,10165.6650390625,-307.43349609375,307.43349609375,12308.93662109375,15.26,0.56,0.0,0.0
26,train_0325,0.9835333333333334,12356.37109375,10335.0625,-290.49375000000003,290.49375000000003,12065.87734375,13.52,0.76,0.0,0.0
27,train_0310,0.9829,12163.8828125,10188.826171875,-305.1173828125,305.1173828125,11858.7654296875,15.24,0.62,0.0,0.0
28,train_0487,0.9822666666666666,12604.83203125,10410.90234375,-282.90976562500003,282.90976562500003,12321.922265625,15.7,0.7,0.0,0.0
29,train_0051,0.9816333333333334,12601.072265625,10549.005859375,-269.0994140625,269.0994140625,12331.9728515625,18.22,0.78,0.0,0.0
30,train_0054,0.981,12205.228515625,10454.025390625,-278.5974609375,278.5974609375,11926.6310546875,14.42,0.72,0.0,0.0
31,train_0307,0.9803666666666667,12295.94921875,10173.4951171875,-306.65048828125003,306.65048828125003,11989.29873046875,15.26,0.72,0.0,0.0
32,train_0062,0.9797333333333333,12061.05859375,10226.30078125,-301.369921875,301.369921875,11759.688671875,14.48,0.72,0.0,0.0
33,train_0120,0.9791,12242.939453125,10266.646484375,-297.3353515625,297.3353515625,11945.6041015625,16.98,0.62,0.0,0.0
34,train_0024,0.9784666666666667,11925.92578125,10047.728515625,-319.22714843750003,319.22714843750003,11606.6986328125,17.84,0.54,0.0,0.0
35,train_0442,0.9778333333333333,12355.62890625,10671.2490234375,-256.87509765625003,256.87509765625003,12098.75380859375,14.34,0.58,0.0,0.0
36,train_0527,0.9772,12215.056640625,10186.431640625,-305.3568359375,305.3568359375,11909.6998046875,15.48,0.58,0.0,0.0
37,train_0045,0.9765666666666667,12157.9755859375,10604.900390625,-263.5099609375,263.5099609375,11894.465625,14.18,0.76,0.0,0.0
38,train_0486,0.9759333333333333,12336.1201171875,11062.44921875,-217.755078125,217.755078125,12118.3650390625,14.76,0.54,0.0,0.0
39,train_0529,0.9753000000000001,12451.62890625,10434.9697265625,-280.50302734375003,280.50302734375003,12171.12587890625,16.48,0.68,0.0,0.0
40,train_0160,0.9746666666666667,12146.0283203125,10563.07421875,-267.692578125,267.692578125,11878.3357421875,15.84,0.62,0.0,0.0
41,train_0104,0.9740333333333333,12232.591796875,10351.232421875,-288.8767578125,288.8767578125,11943.7150390625,16.1,0.6,0.0,0.0
42,train_0200,0.9734,12381.6953125,10191.744140625,-304.8255859375,304.8255859375,12076.8697265625,15.88,0.7,0.0,0.0
43,train_0374,0.9727666666666667,12424.65234375,10488.025390625,-275.1974609375,275.1974609375,12149.4548828125,17.92,0.78,0.0,0.0
44,train_0221,0.9721333333333333,12341.578125,10515.130859375,-272.48691406250003,272.48691406250003,12069.0912109375,15.98,0.66,0.0,0.0
45,train_0499,0.9715,12171.298828125,10205.904296875,-303.4095703125,303.4095703125,11867.8892578125,17.5,0.6,0.0,0.0
46,train_0188,0.9708666666666667,12274.544921875,10511.1435546875,-272.88564453125,272.88564453125,12001.65927734375,13.72,0.74,0.0,0.0
47,train_0524,0.9702333333333333,11916.9833984375,9885.4541015625,-335.45458984375,335.45458984375,11581.52880859375,16.36,0.76,0.0,0.0
48,train_0036,0.9696,12464.583984375,10450.427734375,-278.9572265625,278.9572265625,12185.6267578125,16.96,0.68,0.0,0.0
49,train_0086,0.9689666666666666,11707.9619140625,10111.71484375,-312.828515625,312.828515625,11395.1333984375,16.04,0.6,0.0,0.0
50,train_0593,0.9683333333333334,12132.71484375,10393.8671875,-284.61328125,284.61328125,11848.1015625,14.54,0.72,0.0,0.0
51,train_0486,0.9677,12411.947265625,10993.8994140625,-224.61005859375,224.61005859375,12187.33720703125,15.88,0.76,0.0,0.0
52,train_0217,0.9670666666666666,12559.01171875,10663.44921875,-257.655078125,257.655078125,12301.356640625,18.84,0.7,0.0,0.0
53,train_0003,0.9664333333333334,12164.599609375,10118.81640625,-312.118359375,312.118359375,11852.48125,17.52,0.54,0.0,0.0
54,train_0471,0.9658,12701.97265625,10288.73046875,-295.126953125,295.126953125,12406.845703125,15.66,0.6,0.0,0.0
55,train_0559,0.9651666666666666,12368.66015625,10544.25390625,-269.574609375,269.574609375,12099.085546875,17.28,0.66,0.0,0.0
56,train_0032,0.9645333333333334,12499.30859375,10689.47265625,-255.052734375,255.052734375,12244.255859375,17.46,0.74,0.0,0.0
57,train_0018,0.9639,12492.767578125,10644.40625,-259.559375,259.559375,12233.208203125,15.66,0.56,0.0,0.0
58,train_0385,0.9632666666666667,12669.9326171875,10978.6572265625,-226.13427734375,226.13427734375,12443.79833984375,17.08,0.62,0.0,0.0
59,train_0211,0.9626333333333333,12461.80859375,10173.4521484375,-306.65478515625,306.65478515625,12155.15380859375,17.68,0.62,0.0,0.0
60,train_0419,0.962,12425.26953125,10373.486328125,-286.6513671875,286.6513671875,12138.6181640625,16.22,0.7,0.0,0.0
61,train_0318,0.9613666666666667,12102.3125,10626.771484375,-261.32285156250003,261.32285156250003,11840.9896484375,15.74,0.68,0.0,0.0
62,train_0077,0.9607333333333333,12384.3828125,10200.78515625,-303.92148437500003,303.92148437500003,12080.461328125,15.78,0.58,0.0,0.0
63,train_0577,0.9601,13217.701171875,10744.6142578125,-249.53857421875,249.53857421875,12968.16259765625,15.34,0.66,0.0,0.0
64,train_0090,0.9594666666666667,12453.1875,10480.08984375,-275.991015625,275.991015625,12177.196484375,15.2,0.6,0.0,0.0
65,train_0284,0.9588333333333333,12440.998046875,10454.19921875,-278.580078125,278.580078125,12162.41796875,16.7,0.64,0.0,0.0
66,train_0125,0.9582,12078.916015625,10240.3837890625,-299.96162109375,299.96162109375,11778.95439453125,17.16,0.7,0.0,0.0
67,train_0209,0.9575666666666667,11967.73046875,10311.869140625,-292.81308593750003,292.81308593750003,11674.9173828125,16.16,0.62,0.0,0.0
68,train_0495,0.9569333333333333,12290.10546875,10598.9423828125,-264.10576171875,264.10576171875,12025.99970703125,16.26,0.72,0.0,0.0
69,train_0446,0.9563,11950.970703125,10583.0712890625,-265.69287109375,265.69287109375,11685.27783203125,15.42,0.68,0.0,0.0
70,train_0163,0.9556666666666667,12443.94140625,10934.5986328125,-230.54013671875,230.54013671875,12213.40126953125,14.38,0.7,0.0,0.0
71,train_0025,0.9550333333333333,12368.3515625,10548.009765625,-269.1990234375,269.1990234375,12099.1525390625,14.94,0.7,0.0,0.0
72,train_0389,0.9544,12420.44140625,10438.2197265625,-280.17802734375,280.17802734375,12140.26337890625,15.74,0.6,0.0,0.0
73,train_0599,0.9537666666666667,12054.263671875,10333.3427734375,-290.66572265625,290.66572265625,11763.59794921875,14.22,0.66,0.0,0.0
74,train_0179,0.9531333333333334,11962.8232421875,10446.732421875,-279.32675781250003,279.32675781250003,11683.496484375,15.48,0.64,0.0,0.0
75,train_0477,0.9525,12142.470703125,10320.537109375,-291.9462890625,291.9462890625,11850.5244140625,15.12,0.68,0.0,0.0
76,train_0053,0.9518666666666666,12262.216796875,10486.482421875,-275.3517578125,275.3517578125,11986.8650390625,16.04,0.78,0.0,0.0
77,train_0404,0.9512333333333334,12689.9765625,11105.1484375,-213.48515625000002,213.48515625000002,12476.49140625,16.7,0.62,0.0,0.0
78,train_0396,0.9506,12397.5126953125,10329.7900390625,-291.02099609375,291.02099609375,12106.49169921875,13.4,0.7,0.0,0.0
79,train_0202,0.9499666666666666,12408.9140625,10842.734375,-239.7265625,239.7265625,12169.1875,15.14,0.56,0.0,0.0
80,train_0305,0.9493333333333334,12211.134765625,10440.927734375,-279.9072265625,279.9072265625,11931.2275390625,16.96,0.66,0.0,0.0
81,train_0390,0.9487,12545.24609375,10744.962890625,-249.50371093750002,249.50371093750002,12295.7423828125,17.1,0.6,0.0,0.0
82,train_0413,0.9480666666666667,12786.8974609375,10557.73046875,-268.226953125,268.226953125,12518.6705078125,16.38,0.74,0.0,0.0
83,train_0505,0.9474333333333333,12680.8271484375,10405.98828125,-283.401171875,283.401171875,12397.4259765625,16.32,0.76,0.0,0.0
84,train_0156,0.9468,12303.75,10832.3271484375,-240.76728515625,240.76728515625,12062.98271484375,16.36,0.74,0.0,0.0
85,train_0206,0.9461666666666667,12668.287109375,10796.0537109375,-244.39462890625,244.39462890625,12423.89248046875,14.76,0.68,0.0,0.0
86,train_0161,0.9455333333333333,12391.419921875,10536.55859375,-270.344140625,270.344140625,12121.07578125,15.76,0.72,0.0,0.0
87,train_0173,0.9449,12661.8359375,10626.14453125,-261.385546875,261.385546875,12400.450390625,19.02,0.64,0.0,0.0
88,train_0514,0.9442666666666667,12221.19921875,10437.7900390625,-280.22099609375,280.22099609375,11940.97822265625,14.5,0.68,0.0,0.0
89,train_0237,0.9436333333333333,12209.3994140625,10469.01953125,-277.098046875,277.098046875,11932.3013671875,16.52,0.7,0.0,0.0
90,train_0517,0.943,12423.0263671875,10525.095703125,-271.4904296875,271.4904296875,12151.5359375,17.6,0.68,0.0,0.0
91,train_0043,0.9423666666666667,12323.650390625,10350.28515625,-288.971484375,288.971484375,12034.67890625,16.78,0.72,0.0,0.0
92,train_0459,0.9417333333333333,12177.5595703125,10356.95703125,-288.30429687500003,288.30429687500003,11889.2552734375,16.66,0.68,0.0,0.0
93,train_0368,0.9411,12287.982421875,10728.9140625,-251.10859375,251.10859375,12036.873828125,15.48,0.68,0.0,0.0
94,train_0386,0.9404666666666667,12180.49609375,10440.7802734375,-279.92197265625003,279.92197265625003,11900.57412109375,14.7,0.66,0.0,0.0
95,train_0011,0.9398333333333333,11993.13671875,10562.619140625,-267.7380859375,267.7380859375,11725.3986328125,15.9,0.74,0.0,0.0
96,train_0409,0.9392,12785.3349609375,10721.1806640625,-251.88193359375,251.88193359375,12533.45302734375,18.02,0.68,0.0,0.0
97,train_0118,0.9385666666666667,12499.263671875,10496.4482421875,-274.35517578125,274.35517578125,12224.90849609375,14.48,0.62,0.0,0.0
98,train_0111,0.9379333333333333,12191.2080078125,10205.7734375,-303.42265625,303.42265625,11887.7853515625,13.92,0.68,0.0,0.0
99,train_0488,0.9373,12059.76171875,10683.115234375,-255.6884765625,255.6884765625,11804.0732421875,15.2,0.74,0.0,0.0
100,train_0533,0.9366666666666666,11930.201171875,10328.3857421875,-291.16142578125,291.16142578125,11639.03974609375,16.4,0.74,0.0,0.0
101,train_0479,0.9360333333333334,13084.837890625,10517.390625,-272.2609375,272.2609375,12812.576953125,17.92,0.74,0.0,0.0
102,train_0073,0.9354,12171.3408203125,10151.025390625,-308.8974609375,308.8974609375,11862.443359375,15.0,0.48,0.0,0.0
103,train_0082,0.9347666666666666,12851.5537109375,10276.1787109375,-296.38212890625,296.38212890625,12555.17158203125,15.68,0.68,0.0,0.0
104,train_0151,0.9341333333333334,12507.984375,10448.84375,-279.115625,279.115625,12228.86875,14.06,0.68,0.0,0.0
105,train_0464,0.9335,12065.7109375,10646.111328125,-259.3888671875,259.3888671875,11806.3220703125,15.54,0.52,0.0,0.0
106,train_0557,0.9328666666666667,11953.07421875,10221.83203125,-301.816796875,301.816796875,11651.257421875,15.96,0.7,0.0,0.0
107,train_0566,0.9322333333333334,11918.3369140625,10360.84375,-287.91562500000003,287.91562500000003,11630.4212890625,14.8,0.7,0.0,0.0
108,train_0378,0.9316,12438.9453125,10650.716796875,-258.92832031250003,258.92832031250003,12180.0169921875,16.1,0.58,0.0,0.0
109,train_0158,0.9309666666666667,12693.5634765625,10622.3916015625,-261.76083984375003,261.76083984375003,12431.80263671875,17.96,0.62,0.0,0.0
110,train_0457,0.9303333333333333,12273.234375,10380.8974609375,-285.91025390625003,285.91025390625003,11987.32412109375,15.56,0.66,0.0,0.0
111,train_0559,0.9297,12300.51953125,10628.044921875,-261.1955078125,261.1955078125,12039.3240234375,17.26,0.66,0.0,0.0
112,train_0387,0.9290666666666667,12148.7666015625,10062.2021484375,-317.77978515625,317.77978515625,11830.98681640625,16.46,0.7,0.0,0.0
113,train_0493,0.9284333333333333,11694.4130859375,10328.87890625,-291.112109375,291.112109375,11403.3009765625,17.04,0.66,0.0,0.0
114,train_0530,0.9278,12304.603515625,10843.408203125,-239.6591796875,239.6591796875,12064.9443359375,16.22,0.62,0.0,0.0
115,train_0232,0.9271666666666667,12193.533203125,10401.998046875,-283.8001953125,283.8001953125,11909.7330078125,16.84,0.72,0.0,0.0
116,train_0079,0.9265333333333333,12738.248046875,10522.9609375,-271.70390625,271.70390625,12466.544140625,15.4,0.66,0.0,0.0
117,train_0222,0.9259,12121.388671875,10447.869140625,-279.2130859375,279.2130859375,11842.1755859375,17.8,0.7,0.0,0.0
118,train_0355,0.9252666666666667,12400.30078125,10510.3095703125,-272.96904296875,272.96904296875,12127.33173828125,16.54,0.68,0.0,0.0
119,train_0570,0.9246333333333333,11994.978515625,10283.767578125,-295.6232421875,295.6232421875,11699.3552734375,15.28,0.64,0.0,0.0
120,train_0592,0.924,12374.552734375,10624.8916015625,-261.51083984375003,261.51083984375003,12113.04189453125,14.36,0.6,0.0,0.0
121,train_0315,0.9233666666666667,13077.537109375,10311.109375,-292.8890625,292.8890625,12784.648046875,15.8,0.54,0.0,0.0
122,train_0109,0.9227333333333333,12641.775390625,10305.2216796875,-293.47783203125,293.47783203125,12348.29755859375,18.08,0.7,0.0,0.0
123,train_0265,0.9221,12284.8935546875,10454.6220703125,-278.53779296875,278.53779296875,12006.35576171875,15.14,0.64,0.0,0.0
124,train_0401,0.9214666666666667,11934.8671875,10184.34765625,-305.565234375,305.565234375,11629.301953125,17.02,0.62,0.0,0.0
125,train_0351,0.9208333333333334,12591.619140625,10600.970703125,-263.90292968750003,263.90292968750003,12327.7162109375,16.36,0.76,0.0,0.0
126,train_0112,0.9202,12362.833984375,10589.53125,-265.046875,265.046875,12097.787109375,16.66,0.58,0.0,0.0
127,train_0379,0.9195666666666666,12879.662109375,10837.8984375,-240.21015625,240.21015625,12639.451953125,15.38,0.68,0.0,0.0
128,train_0035,0.9189333333333334,12631.44140625,11031.6318359375,-220.83681640625002,220.83681640625002,12410.60458984375,17.82,0.64,0.0,0.0
129,train_0045,0.9183,12796.94140625,10303.439453125,-293.6560546875,293.6560546875,12503.2853515625,15.02,0.58,0.0,0.0
130,train_0114,0.9176666666666666,12030.8017578125,10465.189453125,-277.48105468750003,277.48105468750003,11753.320703125,16.42,0.62,0.0,0.0
131,train_0453,0.9170333333333334,12448.4970703125,10141.4697265625,-309.85302734375,309.85302734375,12138.64404296875,16.8,0.62,0.0,0.0
132,train_0454,0.9164,12489.091796875,11053.7802734375,-218.62197265625002,218.62197265625002,12270.46982421875,15.74,0.6,0.0,0.0
133,train_0379,0.9157666666666666,13192.435546875,10679.3125,-256.06875,256.06875,12936.366796875,15.14,0.68,0.0,0.0
134,train_0141,0.9151333333333334,12597.77734375,10571.1484375,-266.88515625,266.88515625,12330.8921875,14.46,0.7,0.0,0.0
135,train_0264,0.9145,11722.767578125,10687.392578125,-255.2607421875,255.2607421875,11467.5068359375,14.16,0.56,0.0,0.0
136,train_0055,0.9138666666666667,12365.798828125,10368.9111328125,-287.10888671875,287.10888671875,12078.68994140625,15.1,0.64,0.0,0.0
137,train_0336,0.9132333333333333,12501.515625,10250.6171875,-298.93828125,298.93828125,12202.57734375,15.04,0.74,0.0,0.0
138,train_0450,0.9126,11884.66796875,10685.4921875,-255.45078125,255.45078125,11629.2171875,15.24,0.68,0.0,0.0
139,train_0493,0.9119666666666667,11935.498046875,10274.109375,-296.5890625,296.5890625,11638.908984375,17.24,0.68,0.0,0.0
140,train_0304,0.9113333333333333,12741.45703125,10851.576171875,-238.8423828125,238.8423828125,12502.6146484375,15.06,0.72,0.0,0.0
141,train_0167,0.9107000000000001,12193.458984375,10194.8828125,-304.51171875,304.51171875,11888.947265625,16.3,0.76,0.0,0.0
142,train_0359,0.9100666666666667,12218.078125,11063.298828125,-217.6701171875,217.6701171875,12000.4080078125,15.66,0.82,0.0,0.0
143,train_0589,0.9094333333333333,12110.669921875,10211.9931640625,-302.80068359375,302.80068359375,11807.86923828125,15.18,0.56,0.0,0.0
144,train_0046,0.9088,12335.2177734375,9916.107421875,-332.38925781250003,332.38925781250003,12002.828515625,17.56,0.56,0.0,0.0
145,train_0527,0.9081666666666667,12253.951171875,10336.314453125,-290.3685546875,290.3685546875,11963.5826171875,14.48,0.72,0.0,0.0
146,train_0383,0.9075333333333333,12229.4365234375,10020.478515625,-321.9521484375,321.9521484375,11907.484375,15.72,0.66,0.0,0.0
147,train_0262,0.9069,12456.4267578125,10522.7412109375,-271.72587890625,271.72587890625,12184.70087890625,15.9,0.62,0.0,0.0
148,train_0384,0.9062666666666667,12197.6708984375,10253.5703125,-298.64296875,298.64296875,11899.0279296875,15.72,0.78,0.0,0.0
149,train_0141,0.9056333333333333,12776.23828125,10278.7861328125,-296.12138671875,296.12138671875,12480.11689453125,13.04,0.64,0.0,0.0
150,train_0333,0.905,12569.6962890625,10808.705078125,-243.1294921875,243.1294921875,12326.566796875,15.56,0.66,0.0,0.0
151,train_0508,0.9043666666666667,12361.1337890625,10762.97265625,-247.702734375,247.702734375,12113.4310546875,15.78,0.56,0.0,0.0
152,train_0346,0.9037333333333333,12672.5966796875,10950.8212890625,-228.91787109375002,228.91787109375002,12443.67880859375,16.76,0.62,0.0,0.0
153,train_0423,0.9031,12194.994140625,10130.0205078125,-310.99794921875,310.99794921875,11883.99619140625,18.52,0.62,0.0,0.0
154,train_0321,0.9024666666666666,12485.56640625,10198.712890625,-304.1287109375,304.1287109375,12181.4376953125,18.72,0.66,0.0,0.0
155,train_0194,0.9018333333333334,12625.83203125,10368.609375,-287.1390625,287.1390625,12338.69296875,14.84,0.72,0.0,0.0
156,train_0571,0.9012,11885.7587890625,10594.2158203125,-264.57841796875,264.57841796875,11621.18037109375,16.5,0.62,0.0,0.0
157,train_0582,0.9005666666666666,12578.5234375,10374.50390625,-286.549609375,286.549609375,12291.973828125,15.78,0.8,0.0,0.0
158,train_0518,0.8999333333333334,12482.361328125,10499.4501953125,-274.05498046875,274.05498046875,12208.30634765625,15.24,0.52,0.0,0.0
159,train_0557,0.8993,12091.3134765625,10145.328125,-309.4671875,309.4671875,11781.8462890625,16.44,0.7,0.0,0.0
160,train_0090,0.8986666666666667,12151.7744140625,10552.8427734375,-268.71572265625,268.71572265625,11883.05869140625,15.02,0.62,0.0,0.0
161,train_0105,0.8980333333333334,12562.724609375,10343.2998046875,-289.67001953125003,289.67001953125003,12273.05458984375,15.48,0.68,0.0,0.0
162,train_0122,0.8974,11940.9189453125,10448.63671875,-279.13632812500003,279.13632812500003,11661.7826171875,16.6,0.7,0.0,0.0
163,train_0064,0.8967666666666667,12356.841796875,10532.544921875,-270.7455078125,270.7455078125,12086.0962890625,16.36,0.66,0.0,0.0
164,train_0452,0.8961333333333333,12287.3046875,10159.310546875,-308.06894531250003,308.06894531250003,11979.2357421875,15.62,0.62,0.0,0.0
165,train_0158,0.8955,12046.5732421875,10789.7265625,-245.02734375,245.02734375,11801.5458984375,17.96,0.68,0.0,0.0
166,train_0035,0.8948666666666667,12750.5595703125,11119.73046875,-212.026953125,212.026953125,12538.5326171875,17.88,0.64,0.0,0.0
167,train_0042,0.8942333333333333,12522.185546875,10178.8974609375,-306.11025390625,306.11025390625,12216.07529296875,15.44,0.5,0.0,0.0
168,train_0095,0.8936,12155.66796875,10377.67578125,-286.232421875,286.232421875,11869.435546875,15.66,0.62,0.0,0.0
169,train_0527,0.8929666666666667,12192.5927734375,10417.27734375,-282.272265625,282.272265625,11910.3205078125,16.34,0.7,0.0,0.0
170,train_0207,0.8923333333333333,12046.42578125,10041.244140625,-319.87558593750003,319.87558593750003,11726.5501953125,15.26,0.78,0.0,0.0
171,train_0223,0.8917,12018.3603515625,10393.7197265625,-284.62802734375003,284.62802734375003,11733.73232421875,15.62,0.68,0.0,0.0
172,train_0110,0.8910666666666667,12710.466796875,10316.3359375,-292.36640625,292.36640625,12418.100390625,17.08,0.72,0.0,0.0
173,train_0509,0.8904333333333333,12054.11328125,10604.2294921875,-263.57705078125,263.57705078125,11790.53623046875,13.7,0.64,0.0,0.0
174,train_0438,0.8898,12112.015625,10547.646484375,-269.2353515625,269.2353515625,11842.7802734375,16.92,0.72,0.0,0.0
175,train_0288,0.8891666666666667,11642.41796875,10425.421875,-281.4578125,281.4578125,11360.96015625,15.18,0.76,0.0,0.0
176,train_0329,0.8885333333333334,12241.978515625,10335.4716796875,-290.45283203125,290.45283203125,11951.52568359375,18.56,0.66,0.0,0.0
177,train_0432,0.8879,12225.73828125,10114.9140625,-312.50859375000005,312.50859375000005,11913.2296875,15.54,0.64,0.0,0.0
178,train_0361,0.8872666666666666,12427.06640625,10694.005859375,-254.59941406250002,254.59941406250002,12172.4669921875,16.24,0.8,0.0,0.0
179,train_0363,0.8866333333333334,12309.1865234375,10696.9072265625,-254.30927734375,254.30927734375,12054.87724609375,15.78,0.78,0.0,0.0
180,train_0597,0.886,12256.4296875,10297.044921875,-294.29550781250003,294.29550781250003,11962.1341796875,16.58,0.56,0.0,0.0
181,train_0304,0.8853666666666666,12739.58984375,10825.615234375,-241.4384765625,241.4384765625,12498.1513671875,17.5,0.6,0.0,0.0
182,train_0344,0.8847333333333334,11970.19140625,10719.490234375,-252.0509765625,252.0509765625,11718.1404296875,15.2,0.54,0.0,0.0
183,train_0443,0.8841,12865.8935546875,10436.3515625,-280.36484375000003,280.36484375000003,12585.5287109375,17.62,0.68,0.0,0.0
184,train_0121,0.8834666666666666,12127.3759765625,10311.994140625,-292.8005859375,292.8005859375,11834.575390625,14.36,0.7,0.0,0.0
185,train_0595,0.8828333333333334,12246.8369140625,10018.072265625,-322.1927734375,322.1927734375,11924.644140625,17.84,0.62,0.0,0.0
186,train_0139,0.8822,12041.7080078125,10347.06640625,-289.293359375,289.293359375,11752.4146484375,14.76,0.66,0.0,0.0
187,train_0073,0.8815666666666666,11849.06640625,10703.53515625,-253.646484375,253.646484375,11595.419921875,16.08,0.7,0.0,0.0
188,train_0211,0.8809333333333333,12315.5087890625,10689.529296875,-255.0470703125,255.0470703125,12060.46171875,15.6,0.78,0.0,0.0
189,train_0402,0.8803,12504.861328125,10532.453125,-270.7546875,270.7546875,12234.106640625,15.88,0.7,0.0,0.0
190,train_0140,0.8796666666666667,12246.724609375,10348.3779296875,-289.16220703125003,289.16220703125003,11957.56240234375,15.14,0.68,0.0,0.0
191,train_0355,0.8790333333333333,12350.22265625,10369.8359375,-287.01640625,287.01640625,12063.20625,17.3,0.72,0.0,0.0
192,train_0521,0.8784000000000001,12251.2587890625,10487.541015625,-275.2458984375,275.2458984375,11976.012890625,18.58,0.62,0.0,0.0
193,train_0576,0.8777666666666667,12170.359375,10138.1630859375,-310.18369140625003,310.18369140625003,11860.17568359375,14.1,0.66,0.0,0.0
194,train_0098,0.8771333333333333,12419.5751953125,10032.439453125,-320.7560546875,320.7560546875,12098.819140625,14.26,0.62,0.0,0.0
195,train_0246,0.8765000000000001,12123.8310546875,10464.6416015625,-277.53583984375,277.53583984375,11846.29521484375,16.42,0.66,0.0,0.0
196,train_0545,0.8758666666666667,12164.498046875,10387.6533203125,-285.23466796875,285.23466796875,11879.26337890625,17.14,0.6,0.0,0.0
197,train_0569,0.8752333333333333,12300.623046875,10420.861328125,-281.9138671875,281.9138671875,12018.7091796875,14.42,0.64,0.0,0.0
198,train_0304,0.8746,12579.462890625,10770.9140625,-246.90859375000002,246.90859375000002,12332.554296875,16.56,0.58,0.0,0.0
199,train_0548,0.8739666666666667,12179.1181640625,10750.3681640625,-248.96318359375002,248.96318359375002,11930.15498046875,15.58,0.7,0.0,0.0
200,train_0577,0.8733333333333333,12802.5322265625,11108.375,-213.16250000000002,213.16250000000002,12589.3697265625,16.2,0.74,0.0,0.0
201,train_0473,0.8727,12479.634765625,10224.76171875,-301.523828125,301.523828125,12178.1109375,18.24,0.76,0.0,0.0
202,train_0598,0.8720666666666667,12259.9697265625,10281.966796875,-295.80332031250003,295.80332031250003,11964.16640625,14.62,0.74,0.0,0.0
203,train_0555,0.8714333333333333,11951.0244140625,10147.19140625,-309.28085937500003,309.28085937500003,11641.7435546875,17.28,0.7,0.0,0.0
204,train_0480,0.8708,12771.986328125,10517.3564453125,-272.26435546875,272.26435546875,12499.72197265625,15.6,0.74,0.0,0.0
205,train_0436,0.8701666666666666,12254.705078125,10723.931640625,-251.60683593750002,251.60683593750002,12003.0982421875,16.62,0.68,0.0,0.0
206,train_0506,0.8695333333333334,11924.974609375,10172.45703125,-306.754296875,306.754296875,11618.2203125,15.32,0.74,0.0,0.0
207,train_0525,0.8689,11969.2138671875,10247.8388671875,-299.21611328125,299.21611328125,11669.99775390625,14.8,0.84,0.0,0.0
208,train_0181,0.8682666666666666,11533.7470703125,9815.18359375,-342.481640625,342.481640625,11191.2654296875,17.96,0.58,0.0,0.0
209,train_0196,0.8676333333333334,12287.517578125,10380.5087890625,-285.94912109375,285.94912109375,12001.56845703125,14.9,0.58,0.0,0.0
210,train_0416,0.867,12001.0078125,10486.912109375,-275.3087890625,275.3087890625,11725.6990234375,15.88,0.56,0.0,0.0
211,train_0107,0.8663666666666667,12194.3271484375,10859.19140625,-238.08085937500002,238.08085937500002,11956.2462890625,15.64,0.76,0.0,0.0
212,train_0520,0.8657333333333334,11740.7578125,10387.57421875,-285.242578125,285.242578125,11455.515234375,16.58,0.62,0.0,0.0
213,train_0290,0.8651,12553.7626953125,10157.0,-308.3,308.3,12245.4626953125,16.06,0.7,0.0,0.0
214,train_0011,0.8644666666666667,12087.544921875,10128.1533203125,-311.18466796875003,311.18466796875003,11776.36025390625,15.72,0.62,0.0,0.0
215,train_0557,0.8638333333333333,11823.5546875,10263.65625,-297.63437500000003,297.63437500000003,11525.9203125,16.54,0.68,0.0,0.0
216,train_0237,0.8632,12073.48046875,10365.287109375,-287.47128906250003,287.47128906250003,11786.0091796875,15.42,0.78,0.0,0.0
217,train_0514,0.8625666666666667,12420.6015625,10066.986328125,-317.30136718750003,317.30136718750003,12103.3001953125,16.06,0.7,0.0,0.0
218,train_0367,0.8619333333333333,12051.6083984375,10446.873046875,-279.3126953125,279.3126953125,11772.295703125,14.44,0.82,0.0,0.0
219,train_0468,0.8613,12088.0615234375,10157.3046875,-308.26953125,308.26953125,11779.7919921875,14.98,0.58,0.0,0.0
220,train_0352,0.8606666666666667,11694.734375,10399.880859375,-284.0119140625,284.0119140625,11410.7224609375,15.74,0.76,0.0,0.0
221,train_0157,0.8600333333333333,12290.216796875,10298.306640625,-294.1693359375,294.1693359375,11996.0474609375,16.12,0.8,0.0,0.0
222,train_0467,0.8594,12459.537109375,11017.14453125,-222.28554687500002,222.28554687500002,12237.2515625,14.7,0.76,0.0,0.0
223,train_0397,0.8587666666666667,11951.744140625,10298.4296875,-294.15703125,294.15703125,11657.587109375,16.02,0.6,0.0,0.0
224,train_0433,0.8581333333333333,12393.62109375,10039.296875,-320.0703125,320.0703125,12073.55078125,14.66,0.58,0.0,0.0
225,train_0048,0.8575,12446.1953125,10681.1953125,-255.88046875,255.88046875,12190.31484375,15.3,0.64,0.0,0.0
226,train_0157,0.8568666666666667,12145.3486328125,10576.296875,-266.3703125,266.3703125,11878.9783203125,16.36,0.64,0.0,0.0
227,train_0142,0.8562333333333334,12539.935546875,10663.8125,-257.61875000000003,257.61875000000003,12282.316796875,16.44,0.6,0.0,0.0
228,train_0254,0.8556,12277.373046875,10854.888671875,-238.51113281250002,238.51113281250002,12038.8619140625,15.72,0.78,0.0,0.0
229,train_0512,0.8549666666666667,12132.24609375,10369.248046875,-287.0751953125,287.0751953125,11845.1708984375,15.8,0.8,0.0,0.0
230,train_0173,0.8543333333333334,12537.001953125,10521.15625,-271.88437500000003,271.88437500000003,12265.117578125,18.32,0.56,0.0,0.0
231,train_0011,0.8537,11962.451171875,10239.2744140625,-300.07255859375,300.07255859375,11662.37861328125,16.6,0.62,0.0,0.0
232,train_0386,0.8530666666666666,12433.826171875,10485.54296875,-275.445703125,275.445703125,12158.38046875,15.34,0.66,0.0,0.0
233,train_0001,0.8524333333333334,12125.0390625,10109.478515625,-313.0521484375,313.0521484375,11811.9869140625,13.86,0.58,0.0,0.0
234,train_0404,0.8518,12606.47265625,10986.8974609375,-225.31025390625,225.31025390625,12381.16240234375,16.14,0.74,0.0,0.0
235,train_0587,0.8511666666666666,12043.072265625,10318.30859375,-292.169140625,292.169140625,11750.903125,16.34,0.62,0.0,0.0
236,train_0365,0.8505333333333334,12540.78515625,10691.529296875,-254.84707031250002,254.84707031250002,12285.9380859375,15.32,0.62,0.0,0.0
237,train_0091,0.8499,12274.666015625,10613.484375,-262.6515625,262.6515625,12012.014453125,15.42,0.68,0.0,0.0
238,train_0333,0.8492666666666666,12372.9658203125,10862.1689453125,-237.78310546875002,237.78310546875002,12135.18271484375,16.42,0.58,0.0,0.0
239,train_0443,0.8486333333333334,12865.9609375,10469.419921875,-277.0580078125,277.0580078125,12588.9029296875,17.22,0.6,0.0,0.0
240,train_0004,0.848,12340.615234375,10720.9921875,-251.90078125000002,251.90078125000002,12088.714453125,16.76,0.8,0.0,0.0
241,train_0124,0.8473666666666667,12153.0146484375,10724.6171875,-251.53828125,251.53828125,11901.4763671875,17.26,0.66,0.0,0.0
242,train_0433,0.8467333333333333,12162.9033203125,10316.673828125,-292.33261718750003,292.33261718750003,11870.570703125,15.82,0.64,0.0,0.0
243,train_0418,0.8461,12651.142578125,10505.39453125,-273.46054687500003,273.46054687500003,12377.68203125,16.34,0.66,0.0,0.0
244,train_0205,0.8454666666666667,12309.537109375,10744.640625,-249.53593750000002,249.53593750000002,12060.001171875,16.62,0.6,0.0,0.0
245,train_0400,0.8448333333333333,12715.6015625,11212.69921875,-202.730078125,202.730078125,12512.871484375,15.44,0.62,0.0,0.0
246,train_0593,0.8442000000000001,12052.01171875,10547.828125,-269.2171875,269.2171875,11782.79453125,13.82,0.5,0.0,0.0
247,train_0507,0.8435666666666667,12182.380859375,10705.755859375,-253.4244140625,253.4244140625,11928.9564453125,17.44,0.72,0.0,0.0
248,train_0423,0.8429333333333333,12147.2265625,10433.3740234375,-280.66259765625,280.66259765625,11866.56396484375,18.54,0.66,0.0,0.0
249,train_0188,0.8423,12075.001953125,10590.1953125,-264.98046875,264.98046875,11810.021484375,13.88,0.7,0.0,0.0
250,train_0063,0.8416666666666667,12315.228515625,10348.783203125,-289.12167968750003,289.12167968750003,12026.1068359375,15.0,0.62,0.0,0.0
251,train_0505,0.8410333333333333,12367.7412109375,10697.2275390625,-254.27724609375002,254.27724609375002,12113.46396484375,17.0,0.6,0.0,0.0
252,train_0329,0.8404,12236.19140625,10441.681640625,-279.8318359375,279.8318359375,11956.3595703125,17.98,0.62,0.0,0.0
253,train_0595,0.8397666666666667,12213.1376953125,9916.2802734375,-332.37197265625,332.37197265625,11880.76572265625,18.18,0.68,0.0,0.0
254,train_0223,0.8391333333333333,12432.603515625,10244.91796875,-299.508203125,299.508203125,12133.0953125,15.94,0.68,0.0,0.0
255,train_0332,0.8385,11964.9140625,10226.80078125,-301.31992187500003,301.31992187500003,11663.594140625,15.88,0.68,0.0,0.0
256,train_0026,0.8378666666666666,12113.9873046875,10211.40625,-302.859375,302.859375,11811.1279296875,16.02,0.52,0.0,0.0
257,train_0352,0.8372333333333334,11794.970703125,10257.330078125,-298.2669921875,298.2669921875,11496.7037109375,16.3,0.7,0.0,0.0
258,train_0526,0.8366,12328.318359375,10643.5126953125,-259.64873046875,259.64873046875,12068.66962890625,17.62,0.68,0.0,0.0
259,train_0274,0.8359666666666667,12301.515625,10720.767578125,-251.92324218750002,251.92324218750002,12049.5923828125,16.92,0.64,0.0,0.0
260,train_0185,0.8353333333333334,12062.71484375,10453.4326171875,-278.65673828125,278.65673828125,11784.05810546875,15.56,0.66,0.0,0.0
261,train_0287,0.8347,12345.578125,10536.2177734375,-270.37822265625,270.37822265625,12075.19990234375,16.98,0.64,0.0,0.0
262,train_0562,0.8340666666666667,12141.8984375,10549.6015625,-269.03984375,269.03984375,11872.85859375,15.26,0.66,0.0,0.0
263,train_0593,0.8334333333333334,12334.326171875,10440.61328125,-279.938671875,279.938671875,12054.3875,14.88,0.76,0.0,0.0
264,train_0299,0.8328,11869.77734375,10825.1171875,-241.48828125,241.48828125,11628.2890625,14.88,0.72,0.0,0.0
265,train_0276,0.8321666666666667,12090.8359375,10293.701171875,-294.6298828125,294.6298828125,11796.2060546875,14.98,0.6,0.0,0.0
266,train_0545,0.8315333333333333,11942.80078125,10310.4638671875,-292.95361328125,292.95361328125,11649.84716796875,18.34,0.64,0.0,0.0
267,train_0022,0.8309,12291.837890625,10608.3173828125,-263.16826171875,263.16826171875,12028.66962890625,18.22,0.7,0.0,0.0
268,train_0031,0.8302666666666667,12050.6806640625,10314.767578125,-292.5232421875,292.5232421875,11758.157421875,18.66,0.68,0.0,0.0
269,train_0496,0.8296333333333333,12009.529296875,10530.015625,-270.9984375,270.9984375,11738.530859375,17.8,0.58,0.0,0.0
270,train_0548,0.829,12481.1015625,10695.8701171875,-254.41298828125002,254.41298828125002,12226.68857421875,16.28,0.7,0.0,0.0
271,train_0103,0.8283666666666667,11901.9609375,10219.80078125,-302.019921875,302.019921875,11599.941015625,17.06,0.68,0.0,0.0
272,train_0536,0.8277333333333333,12346.76171875,10709.029296875,-253.09707031250002,253.09707031250002,12093.6646484375,17.6,0.7,0.0,0.0
273,train_0251,0.8271000000000001,12188.896484375,10708.3583984375,-253.16416015625,253.16416015625,11935.73232421875,15.34,0.72,0.0,0.0
274,train_0479,0.8264666666666667,12483.54296875,11015.46875,-222.453125,222.453125,12261.08984375,16.7,0.58,0.0,0.0
275,train_0538,0.8258333333333333,12564.18359375,10569.01953125,-267.098046875,267.098046875,12297.085546875,16.24,0.7,0.0,0.0
276,train_0082,0.8252,12581.119140625,10393.28515625,-284.67148437500003,284.67148437500003,12296.44765625,15.9,0.6,0.0,0.0
277,train_0245,0.8245666666666667,11837.2421875,10199.2734375,-304.07265625,304.07265625,11533.16953125,14.16,0.72,0.0,0.0
278,train_0376,0.8239333333333334,12039.818359375,10504.0185546875,-273.59814453125,273.59814453125,11766.22021484375,17.04,0.68,0.0,0.0
279,train_0342,0.8233,12030.478515625,10616.400390625,-262.35996093750003,262.35996093750003,11768.1185546875,18.62,0.66,0.0,0.0
280,train_0345,0.8226666666666667,12581.240234375,10096.318359375,-314.3681640625,314.3681640625,12266.8720703125,16.06,0.58,0.0,0.0
281,train_0512,0.8220333333333334,12160.724609375,10477.8125,-276.21875,276.21875,11884.505859375,16.14,0.64,0.0,0.0
282,train_0193,0.8214,12177.759765625,10938.6201171875,-230.13798828125002,230.13798828125002,11947.62177734375,14.64,0.62,0.0,0.0
283,train_0325,0.8207666666666666,12270.2099609375,10393.9794921875,-284.60205078125,284.60205078125,11985.60791015625,14.92,0.72,0.0,0.0
284,train_0472,0.8201333333333334,12500.177734375,10772.28125,-246.77187500000002,246.77187500000002,12253.405859375,17.5,0.7,0.0,0.0
285,train_0536,0.8195,12300.6298828125,10342.2392578125,-289.77607421875,289.77607421875,12010.85380859375,15.14,0.72,0.0,0.0
286,train_0590,0.8188666666666666,12067.916015625,10488.451171875,-275.15488281250003,275.15488281250003,11792.7611328125,16.36,0.66,0.0,0.0
287,train_0117,0.8182333333333334,11868.4853515625,10128.99609375,-311.10039062500005,311.10039062500005,11557.3849609375,17.02,0.7,0.0,0.0
288,train_0243,0.8176,12575.857421875,10564.83984375,-267.516015625,267.516015625,12308.34140625,18.9,0.66,0.0,0.0
289,train_0174,0.8169666666666666,12132.9921875,10531.43359375,-270.856640625,270.856640625,11862.135546875,16.8,0.66,0.0,0.0
290,train_0096,0.8163333333333334,11993.912109375,10564.1923828125,-267.58076171875,267.58076171875,11726.33134765625,16.46,0.74,0.0,0.0
291,train_0189,0.8157,12045.1376953125,10372.470703125,-286.7529296875,286.7529296875,11758.384765625,16.44,0.74,0.0,0.0
292,train_0035,0.8150666666666667,12767.615234375,11015.2275390625,-222.47724609375,222.47724609375,12545.13798828125,18.1,0.58,0.0,0.0
293,train_0504,0.8144333333333333,12099.59375,10545.4072265625,-269.45927734375,269.45927734375,11830.13447265625,16.16,0.74,0.0,0.0
294,train_0294,0.8138,11897.701171875,10686.068359375,-255.3931640625,255.3931640625,11642.3080078125,16.16,0.6,0.0,0.0
295,train_0463,0.8131666666666667,11861.896484375,10187.76171875,-305.223828125,305.223828125,11556.67265625,16.9,0.72,0.0,0.0
296,train_0404,0.8125333333333333,12531.65625,11391.5712890625,-184.84287109375,184.84287109375,12346.81337890625,16.0,0.66,0.0,0.0
297,train_0559,0.8119000000000001,11967.169921875,10880.7919921875,-235.92080078125002,235.92080078125002,11731.24912109375,18.4,0.6,0.0,0.0
298,train_0360,0.8112666666666667,12099.984375,10755.31640625,-248.468359375,248.468359375,11851.516015625,15.76,0.64,0.0,0.0
299,train_0014,0.8106333333333333,12188.642578125,10472.2109375,-276.77890625000003,276.77890625000003,11911.863671875,17.66,0.76,0.0,0.0
300,train_0285,0.81,11928.822265625,10680.966796875,-255.9033203125,255.9033203125,11672.9189453125,15.16,0.7,0.0,0.0
301,train_0309,0.8093666666666667,12247.955078125,10992.568359375,-224.7431640625,224.7431640625,12023.2119140625,16.18,0.58,0.0,0.0
302,train_0571,0.8087333333333333,12106.6328125,10550.408203125,-268.9591796875,268.9591796875,11837.6736328125,15.74,0.56,0.0,0.0
303,train_0572,0.8081,12318.4580078125,10702.908203125,-253.7091796875,253.7091796875,12064.748828125,13.92,0.6,0.0,0.0
304,train_0164,0.8074666666666667,11840.3984375,10451.634765625,-278.83652343750003,278.83652343750003,11561.5619140625,14.48,0.64,0.0,0.0
305,train_0555,0.8068333333333333,11681.748046875,10378.486328125,-286.1513671875,286.1513671875,11395.5966796875,18.16,0.74,0.0,0.0
306,train_0171,0.8062,12200.5703125,11001.865234375,-223.8134765625,223.8134765625,11976.7568359375,17.2,0.76,0.0,0.0
307,train_0034,0.8055666666666667,12262.53515625,10518.3828125,-272.16171875000003,272.16171875000003,11990.3734375,16.88,0.56,0.0,0.0
308,train_0373,0.8049333333333334,12282.548828125,10623.169921875,-261.6830078125,261.6830078125,12020.8658203125,16.62,0.64,0.0,0.0
309,train_0405,0.8043,12447.1796875,10706.6455078125,-253.33544921875,253.33544921875,12193.84423828125,16.9,0.78,0.0,0.0
310,train_0269,0.8036666666666666,11812.248046875,9993.388671875,-324.6611328125,324.6611328125,11487.5869140625,16.26,0.68,0.0,0.0
311,train_0489,0.8030333333333334,11913.623046875,10094.384765625,-314.5615234375,314.5615234375,11599.0615234375,18.7,0.62,0.0,0.0
312,train_0374,0.8024,12301.35546875,10671.8125,-256.81875,256.81875,12044.53671875,16.74,0.68,0.0,0.0
313,train_0567,0.8017666666666667,12811.5361328125,11049.8193359375,-219.01806640625,219.01806640625,12592.51806640625,15.98,0.74,0.0,0.0
314,train_0122,0.8011333333333334,12157.3515625,10304.109375,-293.5890625,293.5890625,11863.7625,15.72,0.76,0.0,0.0
315,train_0447,0.8005,12554.330078125,10506.3974609375,-273.36025390625,273.36025390625,12280.96982421875,15.6,0.64,0.0,0.0
316,train_0284,0.7998666666666667,12055.826171875,10672.1328125,-256.78671875000003,256.78671875000003,11799.039453125,16.32,0.7,0.0,0.0
317,train_0028,0.7992333333333334,12175.3466796875,10761.31640625,-247.868359375,247.868359375,11927.4783203125,17.44,0.6,0.0,0.0
318,train_0426,0.7986,12166.361328125,10449.26953125,-279.073046875,279.073046875,11887.28828125,17.4,0.58,0.0,0.0
319,train_0450,0.7979666666666667,11919.96484375,10531.4580078125,-270.85419921875,270.85419921875,11649.11064453125,13.7,0.62,0.0,0.0
320,train_0295,0.7973333333333333,11903.869140625,10499.8779296875,-274.01220703125,274.01220703125,11629.85693359375,15.3,0.72,0.0,0.0
321,train_0277,0.7967,12115.849609375,10497.93359375,-274.20664062500003,274.20664062500003,11841.64296875,16.52,0.76,0.0,0.0
322,train_0049,0.7960666666666667,12317.0146484375,10617.4375,-262.25625,262.25625,12054.7583984375,14.9,0.7,0.0,0.0
323,train_0447,0.7954333333333333,12264.65234375,10394.111328125,-284.5888671875,284.5888671875,11980.0634765625,15.96,0.52,0.0,0.0
324,train_0279,0.7948,12206.146484375,10699.0244140625,-254.09755859375002,254.09755859375002,11952.04892578125,18.16,0.66,0.0,0.0
325,train_0574,0.7941666666666667,12004.7958984375,10585.71875,-265.428125,265.428125,11739.3677734375,14.52,0.74,0.0,0.0
326,train_0533,0.7935333333333333,11959.4052734375,10197.091796875,-304.2908203125,304.2908203125,11655.114453125,17.48,0.7,0.0,0.0
327,train_0115,0.7929,12342.26953125,10881.48828125,-235.851171875,235.851171875,12106.418359375,17.22,0.66,0.0,0.0
328,train_0503,0.7922666666666667,12607.6591796875,10861.125,-237.88750000000002,237.88750000000002,12369.7716796875,15.56,0.72,0.0,0.0
329,train_0139,0.7916333333333333,12104.09765625,10756.2275390625,-248.37724609375002,248.37724609375002,11855.72041015625,13.54,0.5,0.0,0.0
330,train_0066,0.791,12348.28515625,10488.771484375,-275.1228515625,275.1228515625,12073.1623046875,17.74,0.7,0.0,0.0
331,train_0205,0.7903666666666667,12273.955078125,10775.7421875,-246.42578125,246.42578125,12027.529296875,14.34,0.54,0.0,0.0
332,train_0488,0.7897333333333334,12249.23046875,10569.92578125,-267.00742187500003,267.00742187500003,11982.223046875,15.7,0.66,0.0,0.0
333,train_0430,0.7891,11884.728515625,10610.0859375,-262.99140625,262.99140625,11621.737109375,16.8,0.5,0.0,0.0
334,train_0240,0.7884666666666666,12771.001953125,10879.37109375,-236.06289062500002,236.06289062500002,12534.9390625,16.08,0.54,0.0,0.0
335,train_0269,0.7878333333333334,11969.685546875,9708.75390625,-353.12460937500003,353.12460937500003,11616.5609375,17.3,0.64,0.0,0.0
336,train_0571,0.7872,12235.666015625,10510.826171875,-272.9173828125,272.9173828125,11962.7486328125,16.8,0.72,0.0,0.0
337,train_0012,0.7865666666666666,12675.638671875,11011.390625,-222.8609375,222.8609375,12452.777734375,16.08,0.68,0.0,0.0
338,train_0083,0.7859333333333334,11942.103515625,10344.48828125,-289.551171875,289.551171875,11652.55234375,16.36,0.64,0.0,0.0
339,train_0105,0.7853,12205.041015625,10453.0693359375,-278.69306640625,278.69306640625,11926.34794921875,14.86,0.68,0.0,0.0
340,train_0512,0.7846666666666666,12179.8359375,10379.1083984375,-286.08916015625,286.08916015625,11893.74677734375,16.16,0.68,0.0,0.0
341,train_0155,0.7840333333333334,12040.7958984375,10815.7451171875,-242.42548828125,242.42548828125,11798.37041015625,16.8,0.66,0.0,0.0
342,train_0269,0.7834,11582.1630859375,10028.64453125,-321.13554687500005,321.13554687500005,11261.0275390625,16.74,0.72,0.0,0.0
343,train_0308,0.7827666666666667,12027.1044921875,10406.6005859375,-283.33994140625003,283.33994140625003,11743.76455078125,17.92,0.62,0.0,0.0
344,train_0478,0.7821333333333333,12508.169921875,10544.796875,-269.5203125,269.5203125,12238.649609375,15.4,0.66,0.0,0.0
345,train_0262,0.7815,12138.8115234375,10833.16796875,-240.683203125,240.683203125,11898.1283203125,17.76,0.72,0.0,0.0
346,train_0184,0.7808666666666667,12084.884765625,10533.759765625,-270.6240234375,270.6240234375,11814.2607421875,16.52,0.6,0.0,0.0
347,train_0469,0.7802333333333333,12467.568359375,10667.798828125,-257.2201171875,257.2201171875,12210.3482421875,16.58,0.66,0.0,0.0
348,train_0008,0.7796000000000001,12268.1689453125,10724.4404296875,-251.55595703125002,251.55595703125002,12016.61298828125,15.26,0.7,0.0,0.0
349,train_0310,0.7789666666666667,11950.0009765625,10176.0126953125,-306.39873046875,306.39873046875,11643.60224609375,15.84,0.6,0.0,0.0
350,train_0065,0.7783333333333333,12380.4462890625,10694.7421875,-254.52578125000002,254.52578125000002,12125.9205078125,13.8,0.72,0.0,0.0
351,train_0541,0.7777000000000001,12221.828125,10472.939453125,-276.7060546875,276.7060546875,11945.1220703125,18.56,0.62,0.0,0.0
352,train_0519,0.7770666666666667,12207.1728515625,10874.1953125,-236.58046875000002,236.58046875000002,11970.5923828125,18.12,0.72,0.0,0.0
353,train_0501,0.7764333333333333,12660.9541015625,10866.5302734375,-237.34697265625002,237.34697265625002,12423.60712890625,19.08,0.78,0.0,0.0
354,train_0386,0.7758,12127.408203125,10727.59765625,-251.240234375,251.240234375,11876.16796875,15.54,0.58,0.0,0.0
355,train_0124,0.7751666666666667,12136.94921875,10801.443359375,-243.8556640625,243.8556640625,11893.0935546875,18.64,0.72,0.0,0.0
356,train_0194,0.7745333333333333,12116.5751953125,10914.634765625,-232.53652343750002,232.53652343750002,11884.038671875,16.1,0.66,0.0,0.0
357,train_0483,0.7739,12761.06640625,10741.904296875,-249.8095703125,249.8095703125,12511.2568359375,17.14,0.72,0.0,0.0
358,train_0221,0.7732666666666667,12142.431640625,10733.0029296875,-250.69970703125,250.69970703125,11891.73193359375,17.78,0.62,0.0,0.0
359,train_0073,0.7726333333333333,11887.60546875,10443.509765625,-279.64902343750003,279.64902343750003,11607.9564453125,16.94,0.74,0.0,0.0
360,train_0282,0.772,11913.013671875,10492.9638671875,-274.70361328125,274.70361328125,11638.31005859375,16.48,0.64,0.0,0.0
361,train_0514,0.7713666666666666,12205.845703125,10272.9912109375,-296.70087890625,296.70087890625,11909.14482421875,15.92,0.7,0.0,0.0
362,train_0360,0.7707333333333334,12114.703125,10329.0537109375,-291.09462890625,291.09462890625,11823.60849609375,16.12,0.74,0.0,0.0
363,train_0535,0.7701,12288.708984375,10277.970703125,-296.2029296875,296.2029296875,11992.5060546875,14.94,0.62,0.0,0.0
364,train_0380,0.7694666666666666,11978.0107421875,10527.248046875,-271.2751953125,271.2751953125,11706.735546875,17.54,0.7,0.0,0.0
365,train_0519,0.7688333333333334,12108.830078125,10670.7109375,-256.92890625,256.92890625,11851.901171875,17.68,0.66,0.0,0.0
366,train_0314,0.7682,12039.2431640625,10505.87109375,-273.412890625,273.412890625,11765.8302734375,17.62,0.6,0.0,0.0
367,train_0291,0.7675666666666667,12415.98828125,10664.228515625,-257.5771484375,257.5771484375,12158.4111328125,16.82,0.6,0.0,0.0
368,train_0325,0.7669333333333334,12350.244140625,10350.0859375,-288.99140625,288.99140625,12061.252734375,14.06,0.74,0.0,0.0
369,train_0201,0.7663,12009.6015625,10578.78125,-266.121875,266.121875,11743.4796875,16.2,0.74,0.0,0.0
370,train_0516,0.7656666666666667,12471.53125,10513.03125,-272.69687500000003,272.69687500000003,12198.834375,14.88,0.62,0.0,0.0
371,train_0180,0.7650333333333333,12209.021484375,10746.5595703125,-249.34404296875002,249.34404296875002,11959.67744140625,19.16,0.68,0.0,0.0
372,train_0169,0.7644,12091.0029296875,10280.736328125,-295.92636718750003,295.92636718750003,11795.0765625,17.24,0.68,0.0,0.0
373,train_0260,0.7637666666666667,11804.90234375,10607.9091796875,-263.20908203125003,263.20908203125003,11541.69326171875,17.88,0.66,0.0,0.0
374,train_0555,0.7631333333333333,11727.8671875,10624.22265625,-261.57773437500003,261.57773437500003,11466.289453125,18.46,0.78,0.0,0.0
375,train_0130,0.7625,11874.32421875,10555.0927734375,-268.49072265625,268.49072265625,11605.83349609375,15.32,0.56,0.0,0.0
376,train_0549,0.7618666666666667,12243.8974609375,10602.912109375,-263.7087890625,263.7087890625,11980.188671875,19.08,0.68,0.0,0.0
377,train_0364,0.7612333333333333,12170.787109375,10668.05859375,-257.194140625,257.194140625,11913.59296875,18.96,0.66,0.0,0.0
378,train_0282,0.7606,12211.9248046875,10193.875,-304.6125,304.6125,11907.3123046875,16.74,0.66,0.0,0.0
379,train_0561,0.7599666666666667,12276.79296875,10711.3037109375,-252.86962890625,252.86962890625,12023.92333984375,18.92,0.7,0.0,0.0
380,train_0122,0.7593333333333333,11999.87890625,10253.033203125,-298.6966796875,298.6966796875,11701.1822265625,15.86,0.66,0.0,0.0
381,train_0480,0.7587,12420.427734375,10596.4619140625,-264.35380859375,264.35380859375,12156.07392578125,16.2,0.68,0.0,0.0
382,train_0523,0.7580666666666667,11888.158203125,10468.3974609375,-277.16025390625003,277.16025390625003,11610.99794921875,17.52,0.58,0.0,0.0
383,train_0080,0.7574333333333334,12342.892578125,10647.8359375,-259.21640625000003,259.21640625000003,12083.676171875,17.32,0.68,0.0,0.0
384,train_0525,0.7568,11908.6767578125,10386.5546875,-285.34453125,285.34453125,11623.3322265625,16.74,0.64,0.0,0.0
385,train_0398,0.7561666666666667,11662.404296875,10233.3603515625,-300.66396484375,300.66396484375,11361.74033203125,15.22,0.62,0.0,0.0
386,train_0458,0.7555333333333334,12364.837890625,10792.986328125,-244.7013671875,244.7013671875,12120.1365234375,16.32,0.48,0.0,0.0
387,train_0144,0.7549,12247.880859375,11284.998046875,-195.5001953125,195.5001953125,12052.3806640625,15.58,0.64,0.0,0.0
388,train_0160,0.7542666666666666,11996.513671875,10825.18359375,-241.481640625,241.481640625,11755.03203125,18.04,0.66,0.0,0.0
389,train_0002,0.7536333333333334,12177.744140625,10399.521484375,-284.0478515625,284.0478515625,11893.6962890625,15.48,0.62,0.0,0.0
390,train_0325,0.753,12119.7890625,10448.6875,-279.13125,279.13125,11840.6578125,14.0,0.74,0.0,0.0
391,train_0378,0.7523666666666666,12039.0908203125,10904.1806640625,-233.58193359375002,233.58193359375002,11805.50888671875,17.68,0.64,0.0,0.0
392,train_0172,0.7517333333333334,12059.625,10220.193359375,-301.9806640625,301.9806640625,11757.6443359375,17.64,0.84,0.0,0.0
393,train_0260,0.7511,12041.259765625,10090.392578125,-314.96074218750005,314.96074218750005,11726.2990234375,17.34,0.66,0.0,0.0
394,train_0476,0.7504666666666667,12254.04296875,10096.150390625,-314.3849609375,314.3849609375,11939.6580078125,18.98,0.66,0.0,0.0
395,train_0259,0.7498333333333334,12229.984375,10251.564453125,-298.8435546875,298.8435546875,11931.1408203125,15.56,0.74,0.0,0.0
396,train_0114,0.7492000000000001,12062.595703125,10507.84765625,-273.215234375,273.215234375,11789.38046875,17.46,0.72,0.0,0.0
397,train_0244,0.7485666666666666,12094.5302734375,10437.25390625,-280.274609375,280.274609375,11814.2556640625,17.2,0.62,0.0,0.0
398,train_0390,0.7479333333333333,12467.517578125,10719.798828125,-252.0201171875,252.0201171875,12215.4974609375,18.76,0.56,0.0,0.0
399,train_0291,0.7473000000000001,12229.357421875,10823.1015625,-241.68984375000002,241.68984375000002,11987.667578125,16.18,0.64,0.0,0.0
400,train_0598,0.7466666666666666,11781.5615234375,10613.724609375,-262.62753906250003,262.62753906250003,11518.933984375,15.92,0.56,0.0,0.0
401,train_0241,0.7460333333333333,11696.6044921875,10592.8857421875,-264.71142578125,264.71142578125,11431.89306640625,16.24,0.66,0.0,0.0
402,train_0399,0.7454000000000001,12142.83984375,10601.1171875,-263.88828125000003,263.88828125000003,11878.9515625,15.7,0.64,0.0,0.0
403,train_0093,0.7447666666666667,11861.6875,10192.24609375,-304.775390625,304.775390625,11556.912109375,18.08,0.64,0.0,0.0
404,train_0439,0.7441333333333333,12219.935546875,10371.96484375,-286.803515625,286.803515625,11933.13203125,15.38,0.62,0.0,0.0
405,train_0056,0.7435,11478.958984375,10040.6875,-319.93125000000003,319.93125000000003,11159.027734375,18.14,0.72,0.0,0.0
406,train_0353,0.7428666666666667,11896.40234375,10280.564453125,-295.9435546875,295.9435546875,11600.4587890625,16.42,0.68,0.0,0.0
407,train_0132,0.7422333333333333,11922.841796875,10195.505859375,-304.4494140625,304.4494140625,11618.3923828125,19.66,0.58,0.0,0.0
408,train_0415,0.7416,12587.638671875,10692.60546875,-254.739453125,254.739453125,12332.89921875,15.5,0.78,0.0,0.0
409,train_0067,0.7409666666666668,11718.412109375,10572.7080078125,-266.72919921875,266.72919921875,11451.68291015625,19.94,0.56,0.0,0.0
410,train_0368,0.7403333333333333,12176.2578125,10737.861328125,-250.2138671875,250.2138671875,11926.0439453125,17.1,0.72,0.0,0.0
411,train_0124,0.7397,11903.5927734375,10839.8994140625,-240.01005859375002,240.01005859375002,11663.58271484375,18.28,0.7,0.0,0.0
412,train_0176,0.7390666666666668,12506.7177734375,11113.0,-212.70000000000002,212.70000000000002,12294.0177734375,15.62,0.66,0.0,0.0
413,train_0241,0.7384333333333333,11829.1923828125,10534.0,-270.6,270.6,11558.5923828125,15.76,0.6,0.0,0.0
414,train_0501,0.7378,12402.0859375,10758.791015625,-248.12089843750002,248.12089843750002,12153.9650390625,19.98,0.76,0.0,0.0
415,train_0400,0.7371666666666667,12510.021484375,10992.328125,-224.7671875,224.7671875,12285.254296875,15.64,0.54,0.0,0.0
416,train_0056,0.7365333333333333,11476.5546875,10143.87890625,-309.61210937500005,309.61210937500005,11166.942578125,18.08,0.86,0.0,0.0
417,train_0101,0.7359,12077.93359375,10573.53125,-266.646875,266.646875,11811.28671875,17.9,0.74,0.0,0.0
418,train_0236,0.7352666666666667,12190.603515625,10462.283203125,-277.7716796875,277.7716796875,11912.8318359375,19.8,0.68,0.0,0.0
419,train_0306,0.7346333333333334,12148.8203125,10694.3896484375,-254.56103515625,254.56103515625,11894.25927734375,16.0,0.7,0.0,0.0
420,train_0252,0.734,11888.0166015625,10508.353515625,-273.16464843750003,273.16464843750003,11614.851953125,15.82,0.48,0.0,0.0
421,train_0315,0.7333666666666667,12512.6923828125,10850.2568359375,-238.97431640625,238.97431640625,12273.71806640625,17.48,0.68,0.0,0.0
422,train_0561,0.7327333333333333,12331.41015625,10713.66015625,-252.633984375,252.633984375,12078.776171875,18.38,0.76,0.0,0.0
423,train_0379,0.7321,12530.4990234375,11209.251953125,-203.0748046875,203.0748046875,12327.42421875,15.16,0.66,0.0,0.0
424,train_0132,0.7314666666666667,12180.6953125,10115.478515625,-312.4521484375,312.4521484375,11868.2431640625,20.08,0.74,0.0,0.0
425,train_0361,0.7308333333333333,12050.78515625,10918.5400390625,-232.14599609375,232.14599609375,11818.63916015625,17.26,0.72,0.0,0.0
426,train_0446,0.7302,11789.7734375,10411.3701171875,-282.86298828125,282.86298828125,11506.91044921875,16.6,0.76,0.0,0.0
427,train_0507,0.7295666666666667,12095.5224609375,10795.587890625,-244.44121093750002,244.44121093750002,11851.08125,17.7,0.68,0.0,0.0
428,train_0389,0.7289333333333334,12155.353515625,10617.134765625,-262.2865234375,262.2865234375,11893.0669921875,16.48,0.66,0.0,0.0
429,train_0422,0.7283,12358.8515625,10480.5537109375,-275.94462890625,275.94462890625,12082.90693359375,16.18,0.7,0.0,0.0
430,train_0136,0.7276666666666667,12028.044921875,10524.8828125,-271.51171875,271.51171875,11756.533203125,17.6,0.56,0.0,0.0
431,train_0581,0.7270333333333334,11960.2265625,10366.392578125,-287.3607421875,287.3607421875,11672.8658203125,17.16,0.86,0.0,0.0
432,train_0353,0.7263999999999999,11660.35546875,10410.763671875,-282.9236328125,282.9236328125,11377.4318359375,17.0,0.64,0.0,0.0
433,train_0070,0.7257666666666667,11357.546875,10192.953125,-304.70468750000003,304.70468750000003,11052.8421875,15.6,0.82,0.0,0.0
434,train_0549,0.7251333333333334,11832.7265625,10906.8134765625,-233.31865234375002,233.31865234375002,11599.40791015625,17.72,0.68,0.0,0.0
435,train_0392,0.7244999999999999,12420.4638671875,10376.7294921875,-286.32705078125,286.32705078125,12134.13681640625,17.88,0.62,0.0,0.0
436,train_0072,0.7238666666666667,12156.02734375,10681.2783203125,-255.87216796875,255.87216796875,11900.15517578125,18.32,0.62,0.0,0.0
437,train_0404,0.7232333333333334,12584.5146484375,11078.685546875,-216.1314453125,216.1314453125,12368.383203125,16.7,0.5,0.0,0.0
438,train_0333,0.7226,12294.1806640625,10958.375,-228.16250000000002,228.16250000000002,12066.0181640625,15.52,0.68,0.0,0.0
439,train_0576,0.7219666666666666,12030.62890625,10156.666015625,-308.3333984375,308.3333984375,11722.2955078125,15.94,0.68,0.0,0.0
440,train_0521,0.7213333333333334,12014.900390625,10437.552734375,-280.24472656250003,280.24472656250003,11734.6556640625,19.5,0.82,0.0,0.0
441,train_0116,0.7207,11848.7802734375,10625.1611328125,-261.48388671875,261.48388671875,11587.29638671875,19.14,0.68,0.0,0.0
442,train_0533,0.7200666666666666,11751.861328125,10281.4609375,-295.85390625,295.85390625,11456.007421875,17.7,0.7,0.0,0.0
443,train_0144,0.7194333333333334,12385.7060546875,11534.1865234375,-170.58134765625002,170.58134765625002,12215.12470703125,15.62,0.66,0.0,0.0
444,train_0572,0.7188000000000001,12465.9755859375,10612.267578125,-262.7732421875,262.7732421875,12203.20234375,14.84,0.62,0.0,0.0
445,train_0498,0.7181666666666666,12308.296875,10491.701171875,-274.8298828125,274.8298828125,12033.4669921875,15.66,0.54,0.0,0.0
446,train_0317,0.7175333333333334,11888.515625,10720.3203125,-251.96796875,251.96796875,11636.54765625,17.16,0.74,0.0,0.0
447,train_0227,0.7169000000000001,12241.02734375,10782.6240234375,-245.73759765625002,245.73759765625002,11995.28974609375,18.28,0.56,0.0,0.0
448,train_0223,0.7162666666666666,11777.0869140625,10554.955078125,-268.50449218750003,268.50449218750003,11508.582421875,16.1,0.72,0.0,0.0
449,train_0099,0.7156333333333333,11940.189453125,10214.5390625,-302.54609375,302.54609375,11637.643359375,19.4,0.7,0.0,0.0
450,train_0163,0.7150000000000001,12447.25390625,10677.90625,-256.209375,256.209375,12191.04453125,16.26,0.56,0.0,0.0
451,train_0502,0.7143666666666666,12421.1826171875,10511.33203125,-272.86679687500003,272.86679687500003,12148.3158203125,15.18,0.74,0.0,0.0
452,train_0566,0.7137333333333333,11940.0888671875,10088.232421875,-315.1767578125,315.1767578125,11624.912109375,16.66,0.76,0.0,0.0
453,train_0091,0.7131000000000001,12128.283203125,10746.16796875,-249.38320312500002,249.38320312500002,11878.9,16.44,0.66,0.0,0.0
454,train_0228,0.7124666666666667,11890.0419921875,10544.912109375,-269.5087890625,269.5087890625,11620.533203125,15.9,0.66,0.0,0.0
455,train_0041,0.7118333333333333,12136.7451171875,10646.04296875,-259.395703125,259.395703125,11877.3494140625,15.62,0.64,0.0,0.0
456,train_0212,0.7112,11699.623046875,10762.1923828125,-247.78076171875,247.78076171875,11451.84228515625,16.64,0.64,0.0,0.0
457,train_0436,0.7105666666666667,12247.9033203125,10652.76953125,-258.723046875,258.723046875,11989.1802734375,18.18,0.5,0.0,0.0
458,train_0233,0.7099333333333333,12347.9169921875,10865.68359375,-237.431640625,237.431640625,12110.4853515625,17.56,0.68,0.0,0.0
459,train_0212,0.7093,11897.041015625,10357.974609375,-288.2025390625,288.2025390625,11608.8384765625,16.3,0.7,0.0,0.0
460,train_0060,0.7086666666666667,12162.9453125,10597.955078125,-264.2044921875,264.2044921875,11898.7408203125,17.94,0.72,0.0,0.0
461,train_0385,0.7080333333333333,12465.30859375,10694.837890625,-254.5162109375,254.5162109375,12210.7923828125,16.66,0.54,0.0,0.0
462,train_0123,0.7074,12088.69921875,10541.076171875,-269.8923828125,269.8923828125,11818.8068359375,15.76,0.6,0.0,0.0
463,train_0539,0.7067666666666668,11910.4375,10530.892578125,-270.91074218750003,270.91074218750003,11639.5267578125,15.12,0.7,0.0,0.0
464,train_0039,0.7061333333333334,12627.1044921875,10525.11328125,-271.488671875,271.488671875,12355.6158203125,18.14,0.62,0.0,0.0
465,train_0468,0.7055,11808.01171875,10210.498046875,-302.9501953125,302.9501953125,11505.0615234375,16.96,0.62,0.0,0.0
466,train_0496,0.7048666666666668,11926.9033203125,10635.0107421875,-260.49892578125,260.49892578125,11666.40439453125,18.2,0.6,0.0,0.0
467,train_0331,0.7042333333333333,12228.8017578125,10425.0283203125,-281.49716796875003,281.49716796875003,11947.30458984375,18.06,0.78,0.0,0.0
468,train_0427,0.7036,11864.197265625,10884.1171875,-235.58828125000002,235.58828125000002,11628.608984375,16.38,0.66,0.0,0.0
469,train_0252,0.7029666666666667,11640.759765625,10670.9072265625,-256.90927734375003,256.90927734375003,11383.85048828125,16.52,0.7,0.0,0.0
470,train_0582,0.7023333333333333,12327.712890625,10583.08203125,-265.691796875,265.691796875,12062.02109375,16.56,0.8,0.0,0.0
471,train_0490,0.7017,11899.4296875,10733.48828125,-250.65117187500002,250.65117187500002,11648.778515625,16.92,0.58,0.0,0.0
472,train_0551,0.7010666666666667,11724.123046875,10332.623046875,-290.7376953125,290.7376953125,11433.3853515625,17.28,0.64,0.0,0.0
473,train_0071,0.7004333333333334,12728.458984375,10183.6982421875,-305.63017578125,305.63017578125,12422.82880859375,14.66,0.6,0.0,0.0
474,train_0425,0.6998,12185.9765625,11114.041015625,-212.5958984375,212.5958984375,11973.3806640625,16.18,0.54,0.0,0.0
475,train_0444,0.6991666666666667,12110.556640625,10644.822265625,-259.5177734375,259.5177734375,11851.0388671875,16.02,0.74,0.0,0.0
476,train_0072,0.6985333333333333,12138.986328125,10699.302734375,-254.06972656250002,254.06972656250002,11884.9166015625,17.16,0.6,0.0,0.0
477,train_0453,0.6979,12170.1484375,10439.119140625,-280.0880859375,280.0880859375,11890.0603515625,17.58,0.84,0.0,0.0
478,train_0064,0.6972666666666667,12392.357421875,10790.4609375,-244.95390625000002,244.95390625000002,12147.403515625,17.68,0.76,0.0,0.0
479,train_0237,0.6966333333333334,11871.6875,10498.3740234375,-274.16259765625,274.16259765625,11597.52490234375,17.78,0.6,0.0,0.0
480,train_0572,0.696,12283.3779296875,10531.2421875,-270.87578125,270.87578125,12012.5021484375,15.34,0.62,0.0,0.0
481,train_0339,0.6953666666666667,12443.193359375,10774.36328125,-246.563671875,246.563671875,12196.6296875,19.26,0.64,0.0,0.0
482,train_0290,0.6947333333333334,11911.673828125,10838.9951171875,-240.10048828125002,240.10048828125002,11671.57333984375,17.04,0.56,0.0,0.0
483,train_0168,0.6941,12143.34375,10753.26953125,-248.673046875,248.673046875,11894.670703125,18.46,0.74,0.0,0.0
484,train_0182,0.6934666666666667,12324.7958984375,10991.44140625,-224.85585937500002,224.85585937500002,12099.9400390625,16.82,0.74,0.0,0.0
485,train_0552,0.6928333333333334,12188.9521484375,10387.8779296875,-285.21220703125,285.21220703125,11903.73994140625,16.82,0.66,0.0,0.0
486,train_0215,0.6921999999999999,12484.1484375,10371.173828125,-286.8826171875,286.8826171875,12197.2658203125,17.94,0.7,0.0,0.0
487,train_0087,0.6915666666666667,11981.5166015625,10825.751953125,-241.4248046875,241.4248046875,11740.091796875,17.04,0.54,0.0,0.0
488,train_0109,0.6909333333333334,12239.7109375,10809.7109375,-243.02890625,243.02890625,11996.68203125,17.42,0.72,0.0,0.0
489,train_0234,0.6903,12257.7841796875,10446.404296875,-279.3595703125,279.3595703125,11978.424609375,16.3,0.66,0.0,0.0
490,train_0379,0.6896666666666667,12613.0390625,10867.130859375,-237.28691406250002,237.28691406250002,12375.7521484375,16.16,0.6,0.0,0.0
491,train_0586,0.6890333333333334,11924.984375,10531.6728515625,-270.83271484375,270.83271484375,11654.15166015625,16.88,0.68,0.0,0.0
492,train_0384,0.6884,11957.76171875,10388.0234375,-285.19765625,285.19765625,11672.5640625,17.88,0.64,0.0,0.0
493,train_0115,0.6877666666666666,12329.8125,10988.8515625,-225.11484375,225.11484375,12104.69765625,16.58,0.66,0.0,0.0
494,train_0354,0.6871333333333334,11826.7685546875,10276.1923828125,-296.38076171875,296.38076171875,11530.38779296875,16.32,0.7,0.0,0.0
495,train_0354,0.6865,11626.84765625,10276.0361328125,-296.39638671875,296.39638671875,11330.45126953125,17.1,0.82,0.0,0.0
496,train_0573,0.6858666666666666,11671.73828125,10248.505859375,-299.1494140625,299.1494140625,11372.5888671875,17.84,0.74,0.0,0.0
497,train_0085,0.6852333333333334,12044.7451171875,10526.3916015625,-271.36083984375,271.36083984375,11773.38427734375,15.74,0.78,0.0,0.0
498,train_0406,0.6846000000000001,12132.58203125,10645.076171875,-259.4923828125,259.4923828125,11873.0896484375,19.24,0.76,0.0,0.0
499,train_0404,0.6839666666666667,12233.1640625,11220.802734375,-201.91972656250002,201.91972656250002,12031.2443359375,17.5,0.5,0.0,0.0
500,train_0030,0.6833333333333333,11975.798828125,10523.419921875,-271.6580078125,271.6580078125,11704.1408203125,18.3,0.56,0.0,0.0
501,train_0070,0.6827000000000001,11808.412109375,10284.1591796875,-295.58408203125003,295.58408203125003,11512.82802734375,16.44,0.66,0.0,0.0
502,train_0192,0.6820666666666666,12103.5703125,10831.392578125,-240.86074218750002,240.86074218750002,11862.7095703125,18.82,0.58,0.0,0.0
503,train_0321,0.6814333333333333,12133.671875,10477.1640625,-276.28359375,276.28359375,11857.38828125,20.12,0.6,0.0,0.0
504,train_0229,0.6808000000000001,12217.849609375,11255.455078125,-198.45449218750002,198.45449218750002,12019.3951171875,16.68,0.82,0.0,0.0
505,train_0284,0.6801666666666666,12032.478515625,10343.36328125,-289.66367187500003,289.66367187500003,11742.81484375,16.6,0.58,0.0,0.0
506,train_0314,0.6795333333333333,12234.107421875,10293.759765625,-294.6240234375,294.6240234375,11939.4833984375,17.44,0.58,0.0,0.0
507,train_0234,0.6789000000000001,12017.4794921875,10479.763671875,-276.0236328125,276.0236328125,11741.455859375,17.66,0.64,0.0,0.0
508,train_0476,0.6782666666666667,11814.2861328125,10454.548828125,-278.5451171875,278.5451171875,11535.741015625,20.64,0.68,0.0,0.0
509,train_0347,0.6776333333333333,11899.4990234375,10603.236328125,-263.67636718750003,263.67636718750003,11635.82265625,16.14,0.7,0.0,0.0
510,train_0351,0.677,12305.853515625,10797.421875,-244.2578125,244.2578125,12061.595703125,17.58,0.7,0.0,0.0
511,train_0578,0.6763666666666667,12180.31640625,10241.55859375,-299.844140625,299.844140625,11880.472265625,20.88,0.68,0.0,0.0
512,train_0070,0.6757333333333333,11525.3798828125,10306.06640625,-293.393359375,293.393359375,11231.9865234375,16.42,0.72,0.0,0.0
513,train_0176,0.6751,12147.1171875,11001.9580078125,-223.80419921875,223.80419921875,11923.31298828125,16.4,0.8,0.0,0.0
514,train_0122,0.6744666666666668,12265.126953125,10297.544921875,-294.2455078125,294.2455078125,11970.8814453125,16.12,0.72,0.0,0.0
515,train_0334,0.6738333333333333,11987.419921875,10385.240234375,-285.4759765625,285.4759765625,11701.9439453125,19.06,0.7,0.0,0.0
516,train_0517,0.6732,12082.1044921875,10876.17578125,-236.382421875,236.382421875,11845.7220703125,18.62,0.74,0.0,0.0
517,train_0296,0.6725666666666668,12149.7177734375,10726.919921875,-251.30800781250002,251.30800781250002,11898.409765625,17.6,0.72,0.0,0.0
518,train_0568,0.6719333333333334,12414.1083984375,11005.7548828125,-223.42451171875,223.42451171875,12190.68388671875,17.92,0.72,0.0,0.0
519,train_0533,0.6713,11638.2392578125,10525.578125,-271.4421875,271.4421875,11366.7970703125,17.54,0.64,0.0,0.0
520,train_0319,0.6706666666666667,12300.662109375,10439.25,-280.075,280.075,12020.587109375,16.9,0.6,0.0,0.0
521,train_0204,0.6700333333333333,12178.94140625,10762.78515625,-247.72148437500002,247.72148437500002,11931.219921875,17.84,0.66,0.0,0.0
522,train_0492,0.6694,12059.935546875,10407.25,-283.27500000000003,283.27500000000003,11776.660546875,18.58,0.66,0.0,0.0
523,train_0251,0.6687666666666667,12140.27734375,10593.13671875,-264.686328125,264.686328125,11875.591015625,15.64,0.66,0.0,0.0
524,train_0001,0.6681333333333334,11931.453125,10207.0546875,-303.29453125000003,303.29453125000003,11628.15859375,14.82,0.68,0.0,0.0
525,train_0586,0.6675,11969.09765625,10393.921875,-284.6078125,284.6078125,11684.48984375,17.78,0.56,0.0,0.0
526,train_0361,0.6668666666666667,12032.982421875,11010.751953125,-222.9248046875,222.9248046875,11810.0576171875,17.88,0.64,0.0,0.0
527,train_0488,0.6662333333333333,12137.31640625,10567.7578125,-267.22421875000003,267.22421875000003,11870.0921875,15.64,0.72,0.0,0.0
528,train_0074,0.6656,12053.9619140625,10889.28515625,-235.071484375,235.071484375,11818.8904296875,18.08,0.48,0.0,0.0
529,train_0116,0.6649666666666667,11850.216796875,10545.681640625,-269.4318359375,269.4318359375,11580.7849609375,19.02,0.82,0.0,0.0
530,train_0067,0.6643333333333333,11656.6171875,10236.4169921875,-300.35830078125,300.35830078125,11356.25888671875,18.28,0.5,0.0,0.0
531,train_0144,0.6637,12478.537109375,11137.7939453125,-210.22060546875002,210.22060546875002,12268.31650390625,16.46,0.58,0.0,0.0
532,train_0288,0.6630666666666667,11896.0322265625,10257.0458984375,-298.29541015625,298.29541015625,11597.73681640625,18.08,0.68,0.0,0.0
533,train_0349,0.6624333333333334,11798.89453125,10257.87109375,-298.212890625,298.212890625,11500.681640625,18.1,0.62,0.0,0.0
534,train_0499,0.6618,11772.376953125,10562.6357421875,-267.73642578125003,267.73642578125003,11504.64052734375,18.68,0.7,0.0,0.0
535,train_0015,0.6611666666666667,11713.0439453125,10597.68359375,-264.231640625,264.231640625,11448.8123046875,18.0,0.72,0.0,0.0
536,train_0547,0.6605333333333334,12471.572265625,10915.447265625,-232.4552734375,232.4552734375,12239.1169921875,18.56,0.64,0.0,0.0
537,train_0481,0.6599,12073.4482421875,10302.294921875,-293.7705078125,293.7705078125,11779.677734375,17.42,0.56,0.0,0.0
538,train_0112,0.6592666666666667,12269.23828125,10431.068359375,-280.89316406250003,280.89316406250003,11988.3451171875,17.78,0.78,0.0,0.0
539,train_0525,0.6586333333333334,11573.6728515625,10388.626953125,-285.13730468750003,285.13730468750003,11288.535546875,16.26,0.56,0.0,0.0
540,train_0337,0.6579999999999999,11735.7255859375,10332.099609375,-290.7900390625,290.7900390625,11444.935546875,18.02,0.72,0.0,0.0
541,train_0071,0.6573666666666667,12158.201171875,10977.140625,-226.28593750000002,226.28593750000002,11931.915234375,15.28,0.68,0.0,0.0
542,train_0261,0.6567333333333334,12255.408203125,10779.63671875,-246.036328125,246.036328125,12009.371875,16.42,0.68,0.0,0.0
543,train_0017,0.6560999999999999,12027.439453125,10720.0380859375,-251.99619140625,251.99619140625,11775.44326171875,17.46,0.74,0.0,0.0
544,train_0410,0.6554666666666666,12184.724609375,10951.619140625,-228.8380859375,228.8380859375,11955.8865234375,19.42,0.56,0.0,0.0
545,train_0321,0.6548333333333334,11718.4013671875,10755.626953125,-248.43730468750002,248.43730468750002,11469.9640625,18.48,0.46,0.0,0.0
546,train_0544,0.6542000000000001,12128.3076171875,11020.5517578125,-221.94482421875,221.94482421875,11906.36279296875,15.72,0.5,0.0,0.0
547,train_0315,0.6535666666666666,12277.7705078125,11002.986328125,-223.7013671875,223.7013671875,12054.069140625,16.84,0.68,0.0,0.0
548,train_0548,0.6529333333333334,12553.12890625,10661.865234375,-257.8134765625,257.8134765625,12295.3154296875,17.64,0.66,0.0,0.0
549,train_0486,0.6523000000000001,11969.23828125,11080.27734375,-215.972265625,215.972265625,11753.266015625,16.76,0.78,0.0,0.0
550,train_0088,0.6516666666666666,12081.474609375,10687.6953125,-255.23046875,255.23046875,11826.244140625,16.9,0.72,0.0,0.0
551,train_0282,0.6510333333333334,11895.548828125,10391.177734375,-284.8822265625,284.8822265625,11610.6666015625,17.38,0.72,0.0,0.0
552,train_0298,0.6504000000000001,11382.427734375,10247.9375,-299.20625,299.20625,11083.221484375,17.38,0.76,0.0,0.0
553,train_0295,0.6497666666666666,11761.17578125,10565.48046875,-267.451953125,267.451953125,11493.723828125,17.58,0.78,0.0,0.0
554,train_0506,0.6491333333333333,11870.357421875,10413.52734375,-282.647265625,282.647265625,11587.71015625,15.7,0.64,0.0,0.0
555,train_0194,0.6485000000000001,12189.400390625,10664.7802734375,-257.52197265625,257.52197265625,11931.87841796875,16.56,0.66,0.0,0.0
556,train_0390,0.6478666666666667,11937.8203125,10797.759765625,-244.22402343750002,244.22402343750002,11693.5962890625,18.46,0.56,0.0,0.0
557,train_0025,0.6472333333333333,12226.21484375,10740.3359375,-249.96640625,249.96640625,11976.2484375,15.46,0.56,0.0,0.0
558,train_0034,0.6466000000000001,11946.248046875,10696.3671875,-254.36328125,254.36328125,11691.884765625,16.98,0.7,0.0,0.0
559,train_0047,0.6459666666666667,12018.4677734375,10375.970703125,-286.40292968750003,286.40292968750003,11732.06484375,16.9,0.58,0.0,0.0
560,train_0464,0.6453333333333333,11640.158203125,10919.3466796875,-232.06533203125002,232.06533203125002,11408.09287109375,16.66,0.66,0.0,0.0
561,train_0216,0.6447,11736.99609375,10447.341796875,-279.2658203125,279.2658203125,11457.7302734375,19.3,0.6,0.0,0.0
562,train_0443,0.6440666666666667,12261.73828125,10947.078125,-229.2921875,229.2921875,12032.44609375,18.72,0.7,0.0,0.0
563,train_0485,0.6434333333333333,11981.171875,10118.0703125,-312.19296875000003,312.19296875000003,11668.97890625,18.0,0.66,0.0,0.0
564,train_0325,0.6428,11985.6513671875,10524.69921875,-271.530078125,271.530078125,11714.1212890625,15.46,0.72,0.0,0.0
565,train_0169,0.6421666666666667,11705.16796875,10221.65625,-301.834375,301.834375,11403.33359375,18.06,0.6,0.0,0.0
566,train_0518,0.6415333333333334,12468.908203125,10389.18359375,-285.08164062500003,285.08164062500003,12183.8265625,16.62,0.6,0.0,0.0
567,train_0219,0.6409,11976.3515625,10645.013671875,-259.49863281250003,259.49863281250003,11716.8529296875,18.36,0.8,0.0,0.0
568,train_0570,0.6402666666666667,11880.4052734375,10556.79296875,-268.320703125,268.320703125,11612.0845703125,16.08,0.48,0.0,0.0
569,train_0207,0.6396333333333334,11679.3984375,10461.486328125,-277.8513671875,277.8513671875,11401.5470703125,17.58,0.62,0.0,0.0
570,train_0474,0.639,12164.72265625,10881.421875,-235.85781250000002,235.85781250000002,11928.86484375,15.98,0.62,0.0,0.0
571,train_0006,0.6383666666666667,12126.91796875,10360.62890625,-287.93710937500003,287.93710937500003,11838.980859375,17.76,0.66,0.0,0.0
572,train_0391,0.6377333333333334,11836.81640625,10765.748046875,-247.42519531250002,247.42519531250002,11589.3912109375,15.72,0.56,0.0,0.0
573,train_0458,0.6371,12246.185546875,10580.89453125,-265.910546875,265.910546875,11980.275,16.7,0.58,0.0,0.0
574,train_0520,0.6364666666666667,11764.142578125,10551.6044921875,-268.83955078125,268.83955078125,11495.30302734375,16.9,0.68,0.0,0.0
575,train_0553,0.6358333333333333,11576.0224609375,9947.1865234375,-329.28134765625003,329.28134765625003,11246.74111328125,17.5,0.7,0.0,0.0
576,train_0375,0.6352,12311.83984375,10618.67578125,-262.13242187500003,262.13242187500003,12049.707421875,16.22,0.66,0.0,0.0
577,train_0127,0.6345666666666667,12093.525390625,10915.12890625,-232.48710937500002,232.48710937500002,11861.03828125,16.08,0.7,0.0,0.0
578,train_0302,0.6339333333333332,12012.2734375,10738.916015625,-250.1083984375,250.1083984375,11762.1650390625,16.3,0.7,0.0,0.0
579,train_0546,0.6333,11901.43359375,10773.46875,-246.65312500000002,246.65312500000002,11654.78046875,20.88,0.74,0.0,0.0
580,train_0040,0.6326666666666667,12348.357421875,10770.642578125,-246.9357421875,246.9357421875,12101.4216796875,18.42,0.6,0.0,0.0
581,train_0013,0.6320333333333334,11823.1953125,10636.2841796875,-260.37158203125,260.37158203125,11562.82373046875,16.22,0.76,0.0,0.0
582,train_0156,0.6314,12030.8154296875,10525.4755859375,-271.45244140625,271.45244140625,11759.36298828125,17.2,0.58,0.0,0.0
583,train_0234,0.6307666666666667,12098.814453125,10607.8251953125,-263.21748046875,263.21748046875,11835.59697265625,17.82,0.62,0.0,0.0
584,train_0113,0.6301333333333334,11779.63671875,10480.63671875,-275.936328125,275.936328125,11503.700390625,18.08,0.6,0.0,0.0
585,train_0213,0.6295,11835.12890625,10713.5068359375,-252.64931640625002,252.64931640625002,11582.47958984375,18.36,0.42,0.0,0.0
586,train_0599,0.6288666666666667,11643.0888671875,10491.345703125,-274.8654296875,274.8654296875,11368.2234375,17.7,0.7,0.0,0.0
587,train_0308,0.6282333333333334,12277.966796875,10120.076171875,-311.9923828125,311.9923828125,11965.9744140625,18.18,0.76,0.0,0.0
588,train_0473,0.6275999999999999,11909.7763671875,10425.119140625,-281.4880859375,281.4880859375,11628.28828125,20.06,0.64,0.0,0.0
589,train_0588,0.6269666666666667,11945.23828125,10537.337890625,-270.26621093750003,270.26621093750003,11674.9720703125,19.52,0.76,0.0,0.0
590,train_0123,0.6263333333333334,11830.2587890625,10944.4794921875,-229.55205078125002,229.55205078125002,11600.70673828125,17.0,0.42,0.0,0.0
591,train_0106,0.6257,12262.28515625,10949.8134765625,-229.01865234375,229.01865234375,12033.26650390625,19.08,0.66,0.0,0.0
592,train_0083,0.6250666666666667,11626.5390625,10668.83984375,-257.116015625,257.116015625,11369.423046875,17.42,0.72,0.0,0.0
593,train_0405,0.6244333333333334,11961.767578125,11032.9443359375,-220.70556640625,220.70556640625,11741.06201171875,17.76,0.82,0.0,0.0
594,train_0361,0.6238,12372.98046875,10861.744140625,-237.82558593750002,237.82558593750002,12135.1548828125,18.0,0.58,0.0,0.0
595,train_0262,0.6231666666666666,12146.55859375,10902.0439453125,-233.79560546875,233.79560546875,11912.76298828125,17.6,0.76,0.0,0.0
596,train_0267,0.6225333333333334,12191.6298828125,10551.853515625,-268.8146484375,268.8146484375,11922.815234375,17.8,0.64,0.0,0.0
597,train_0500,0.6219,11939.767578125,10324.2900390625,-291.57099609375,291.57099609375,11648.19658203125,16.94,0.56,0.0,0.0
598,train_0253,0.6212666666666666,11785.7978515625,10290.51171875,-294.94882812500003,294.94882812500003,11490.8490234375,17.88,0.72,0.0,0.0
599,train_0447,0.6206333333333334,12053.0380859375,10662.798828125,-257.7201171875,257.7201171875,11795.31796875,17.1,0.62,0.0,0.0
600,train_0010,0.62,12173.681640625,10629.9765625,-261.00234375,261.00234375,11912.679296875,17.92,0.76,0.0,0.0
601,train_0081,0.6193666666666667,11811.509765625,10479.8720703125,-276.01279296875003,276.01279296875003,11535.49697265625,18.6,0.7,0.0,0.0
602,train_0222,0.6187333333333334,11672.5546875,10949.1484375,-229.08515625,229.08515625,11443.46953125,20.48,0.6,0.0,0.0
603,train_0170,0.6181,11743.146484375,10341.1015625,-289.88984375,289.88984375,11453.256640625,19.6,0.68,0.0,0.0
604,train_0113,0.6174666666666667,11763.3388671875,10289.6318359375,-295.03681640625,295.03681640625,11468.30205078125,18.82,0.54,0.0,0.0
605,train_0225,0.6168333333333333,11911.83984375,10767.455078125,-247.2544921875,247.2544921875,11664.5853515625,19.44,0.72,0.0,0.0
606,train_0182,0.6162000000000001,12431.283203125,10797.19921875,-244.28007812500002,244.28007812500002,12187.003125,16.38,0.8,0.0,0.0
607,train_0358,0.6155666666666667,12104.42578125,10624.1953125,-261.58046875,261.58046875,11842.8453125,16.98,0.66,0.0,0.0
608,train_0327,0.6149333333333333,12140.470703125,11021.6630859375,-221.83369140625,221.83369140625,11918.63701171875,19.12,0.68,0.0,0.0
609,train_0376,0.6143000000000001,11787.818359375,10687.25390625,-255.274609375,255.274609375,11532.54375,18.12,0.66,0.0,0.0
610,train_0355,0.6136666666666667,11913.10546875,10844.578125,-239.5421875,239.5421875,11673.56328125,17.52,0.76,0.0,0.0
611,train_0342,0.6130333333333333,11833.494140625,10600.134765625,-263.9865234375,263.9865234375,11569.5076171875,20.26,0.68,0.0,0.0
612,train_0402,0.6124,11784.5,11096.138671875,-214.38613281250002,214.38613281250002,11570.1138671875,19.68,0.46,0.0,0.0
613,train_0362,0.6117666666666666,12171.484375,10270.626953125,-296.9373046875,296.9373046875,11874.5470703125,17.96,0.58,0.0,0.0
614,train_0248,0.6111333333333333,12038.0322265625,10712.357421875,-252.7642578125,252.7642578125,11785.26796875,17.32,0.72,0.0,0.0
615,train_0187,0.6105,11803.6494140625,10578.6875,-266.13125,266.13125,11537.5181640625,17.5,0.74,0.0,0.0
616,train_0246,0.6098666666666668,11903.904296875,10288.677734375,-295.1322265625,295.1322265625,11608.7720703125,18.5,0.62,0.0,0.0
617,train_0239,0.6092333333333333,12077.1748046875,10540.85546875,-269.914453125,269.914453125,11807.2603515625,15.7,0.7,0.0,0.0
618,train_0336,0.6086,12186.330078125,10191.384765625,-304.8615234375,304.8615234375,11881.4685546875,16.8,0.68,0.0,0.0
619,train_0421,0.6079666666666668,12627.0146484375,11115.8935546875,-212.41064453125,212.41064453125,12414.60400390625,17.3,0.66,0.0,0.0
620,train_0595,0.6073333333333333,11741.6748046875,10342.2275390625,-289.77724609375,289.77724609375,11451.89755859375,18.36,0.72,0.0,0.0
621,train_0097,0.6067,12002.2177734375,10491.310546875,-274.8689453125,274.8689453125,11727.348828125,17.2,0.56,0.0,0.0
622,train_0498,0.6060666666666668,11895.55859375,10960.0390625,-227.99609375,227.99609375,11667.5625,16.68,0.82,0.0,0.0
623,train_0397,0.6054333333333333,11594.462890625,10632.041015625,-260.7958984375,260.7958984375,11333.6669921875,17.54,0.56,0.0,0.0
624,train_0168,0.6048,12215.904296875,10750.5,-248.95000000000002,248.95000000000002,11966.954296875,18.58,0.7,0.0,0.0
625,train_0095,0.6041666666666667,11939.5693359375,10533.64453125,-270.635546875,270.635546875,11668.9337890625,17.32,0.74,0.0,0.0
626,train_0413,0.6035333333333334,12288.232421875,10896.91015625,-234.30898437500002,234.30898437500002,12053.9234375,16.6,0.62,0.0,0.0
627,train_0444,0.6029,12053.623046875,10737.15625,-250.284375,250.284375,11803.338671875,18.28,0.66,0.0,0.0
628,train_0521,0.6022666666666667,11727.0078125,10900.67578125,-233.93242187500002,233.93242187500002,11493.075390625,20.42,0.66,0.0,0.0
629,train_0513,0.6016333333333334,12343.201171875,10115.02734375,-312.497265625,312.497265625,12030.70390625,18.3,0.68,0.0,0.0
630,train_0021,0.601,11886.94921875,10915.998046875,-232.40019531250002,232.40019531250002,11654.5490234375,17.78,0.76,0.0,0.0
631,train_0213,0.6003666666666667,12211.6015625,10470.4775390625,-276.95224609375003,276.95224609375003,11934.64931640625,18.08,0.58,0.0,0.0
632,train_0562,0.5997333333333333,11979.5625,10690.74609375,-254.925390625,254.925390625,11724.637109375,16.94,0.6,0.0,0.0
633,train_0007,0.5991,12599.693359375,11304.3896484375,-193.56103515625,193.56103515625,12406.13232421875,16.4,0.64,0.0,0.0
634,train_0508,0.5984666666666667,12419.671875,10361.42578125,-287.857421875,287.857421875,12131.814453125,15.8,0.52,0.0,0.0
635,train_0260,0.5978333333333333,11656.2900390625,10312.876953125,-292.7123046875,292.7123046875,11363.577734375,18.86,0.58,0.0,0.0
636,train_0017,0.5972000000000001,11914.642578125,10671.0146484375,-256.89853515625003,256.89853515625003,11657.74404296875,15.6,0.62,0.0,0.0
637,train_0044,0.5965666666666667,12163.34765625,10801.9833984375,-243.80166015625002,243.80166015625002,11919.54599609375,17.92,0.58,0.0,0.0
638,train_0217,0.5959333333333333,12058.7646484375,10660.3125,-257.96875,257.96875,11800.7958984375,19.28,0.64,0.0,0.0
639,train_0240,0.5953,12673.810546875,11276.171875,-196.3828125,196.3828125,12477.427734375,17.8,0.68,0.0,0.0
640,train_0149,0.5946666666666667,12100.9501953125,10726.95703125,-251.304296875,251.304296875,11849.6458984375,18.56,0.76,0.0,0.0
641,train_0031,0.5940333333333334,12044.0302734375,10354.4140625,-288.55859375,288.55859375,11755.4716796875,18.66,0.76,0.0,0.0
642,train_0454,0.5934,12225.03515625,11014.5703125,-222.54296875,222.54296875,12002.4921875,18.4,0.56,0.0,0.0
643,train_0190,0.5927666666666667,12108.93359375,11199.2919921875,-204.07080078125,204.07080078125,11904.86279296875,18.8,0.72,0.0,0.0
644,train_0483,0.5921333333333334,12136.5302734375,11205.419921875,-203.4580078125,203.4580078125,11933.072265625,18.2,0.76,0.0,0.0
645,train_0481,0.5915,11882.697265625,10342.67578125,-289.732421875,289.732421875,11592.96484375,17.88,0.58,0.0,0.0
646,train_0025,0.5908666666666667,12187.88671875,10583.697265625,-265.6302734375,265.6302734375,11922.2564453125,16.36,0.6,0.0,0.0
647,train_0471,0.5902333333333334,12208.2998046875,10460.265625,-277.9734375,277.9734375,11930.3263671875,16.96,0.62,0.0,0.0
648,train_0383,0.5895999999999999,11657.2607421875,10430.513671875,-280.9486328125,280.9486328125,11376.312109375,17.34,0.7,0.0,0.0
649,train_0394,0.5889666666666666,11729.505859375,10612.7783203125,-262.72216796875,262.72216796875,11466.78369140625,16.82,0.58,0.0,0.0
650,train_0485,0.5883333333333334,11559.177734375,10333.431640625,-290.65683593750003,290.65683593750003,11268.5208984375,19.38,0.72,0.0,0.0
651,train_0078,0.5877000000000001,11853.44140625,10723.66015625,-251.633984375,251.633984375,11601.807421875,15.3,0.68,0.0,0.0
652,train_0568,0.5870666666666666,12265.7607421875,11152.5,-208.75,208.75,12057.0107421875,17.66,0.8,0.0,0.0
653,train_0226,0.5864333333333334,11488.201171875,10221.67578125,-301.832421875,301.832421875,11186.36875,16.14,0.62,0.0,0.0
654,train_0440,0.5858000000000001,12252.765625,11017.181640625,-222.2818359375,222.2818359375,12030.4837890625,17.32,0.74,0.0,0.0
655,train_0355,0.5851666666666666,11839.431640625,10917.0888671875,-232.29111328125,232.29111328125,11607.14052734375,18.02,0.8,0.0,0.0
656,train_0019,0.5845333333333333,12085.197265625,11047.3173828125,-219.26826171875,219.26826171875,11865.92900390625,17.0,0.72,0.0,0.0
657,train_0055,0.5839000000000001,11635.6025390625,10784.5078125,-245.54921875000002,245.54921875000002,11390.0533203125,16.56,0.46,0.0,0.0
658,train_0530,0.5832666666666666,12552.1015625,11016.9345703125,-222.30654296875002,222.30654296875002,12329.79501953125,17.2,0.52,0.0,0.0
659,train_0437,0.5826333333333333,11164.5625,9920.1005859375,-331.98994140625,331.98994140625,10832.57255859375,18.0,0.62,0.0,0.0
660,train_0159,0.5820000000000001,11857.005859375,10256.29296875,-298.37070312500003,298.37070312500003,11558.63515625,19.0,0.7,0.0,0.0
661,train_0282,0.5813666666666667,11932.2109375,10520.5654296875,-271.94345703125003,271.94345703125003,11660.26748046875,16.18,0.56,0.0,0.0
662,train_0315,0.5807333333333333,12335.541015625,10926.9306640625,-231.30693359375002,231.30693359375002,12104.23408203125,17.5,0.68,0.0,0.0
663,train_0178,0.5801000000000001,11670.0927734375,10610.2177734375,-262.97822265625,262.97822265625,11407.11455078125,17.14,0.56,0.0,0.0
664,train_0291,0.5794666666666667,11970.451171875,11021.67578125,-221.83242187500002,221.83242187500002,11748.61875,17.04,0.68,0.0,0.0
665,train_0576,0.5788333333333333,11857.6796875,10643.74609375,-259.625390625,259.625390625,11598.054296875,17.04,0.72,0.0,0.0
666,train_0268,0.5782,11937.654296875,10830.068359375,-240.9931640625,240.9931640625,11696.6611328125,17.76,0.54,0.0,0.0
667,train_0477,0.5775666666666667,11533.177734375,10584.7685546875,-265.52314453125,265.52314453125,11267.65458984375,15.44,0.66,0.0,0.0
668,train_0379,0.5769333333333333,12428.244140625,11223.837890625,-201.6162109375,201.6162109375,12226.6279296875,16.28,0.62,0.0,0.0
669,train_0124,0.5763,12074.89453125,10909.4970703125,-233.05029296875,233.05029296875,11841.84423828125,18.04,0.8,0.0,0.0
670,train_0129,0.5756666666666667,12145.3798828125,11175.0,-206.5,206.5,11938.8798828125,15.88,0.74,0.0,0.0
671,train_0279,0.5750333333333334,12069.701171875,10941.92578125,-229.80742187500002,229.80742187500002,11839.89375,19.02,0.68,0.0,0.0
672,train_0361,0.5744,12030.169921875,11010.9052734375,-222.90947265625002,222.90947265625002,11807.26044921875,18.04,0.64,0.0,0.0
673,train_0451,0.5737666666666666,12071.4697265625,10788.048828125,-245.19511718750002,245.19511718750002,11826.274609375,16.86,0.48,0.0,0.0
674,train_0397,0.5731333333333334,11942.013671875,10536.486328125,-270.3513671875,270.3513671875,11671.6623046875,17.52,0.62,0.0,0.0
675,train_0275,0.5725,11948.525390625,10596.7734375,-264.32265625,264.32265625,11684.202734375,17.76,0.56,0.0,0.0
676,train_0081,0.5718666666666667,11980.2421875,10227.72265625,-301.227734375,301.227734375,11679.014453125,17.66,0.7,0.0,0.0
677,train_0566,0.5712333333333334,11700.568359375,10266.546875,-297.34531250000003,297.34531250000003,11403.223046875,15.54,0.56,0.0,0.0
678,train_0580,0.5706,12003.7421875,11114.224609375,-212.57753906250002,212.57753906250002,11791.1646484375,18.02,0.56,0.0,0.0
679,train_0463,0.5699666666666667,11825.029296875,10197.07421875,-304.29257812500003,304.29257812500003,11520.73671875,17.94,0.78,0.0,0.0
680,train_0567,0.5693333333333334,12542.71484375,11320.5810546875,-191.94189453125,191.94189453125,12350.77294921875,16.28,0.66,0.0,0.0
681,train_0031,0.5687,12005.533203125,10365.01953125,-287.498046875,287.498046875,11718.03515625,18.44,0.64,0.0,0.0
682,train_0091,0.5680666666666667,12163.306640625,10501.828125,-273.8171875,273.8171875,11889.489453125,16.34,0.68,0.0,0.0
683,train_0563,0.5674333333333333,11874.484375,10885.216796875,-235.47832031250002,235.47832031250002,11639.0060546875,17.4,0.56,0.0,0.0
684,train_0029,0.5668,11923.2294921875,10318.6240234375,-292.13759765625,292.13759765625,11631.09189453125,17.88,0.72,0.0,0.0
685,train_0388,0.5661666666666667,12344.0869140625,10636.0458984375,-260.39541015625,260.39541015625,12083.69150390625,15.44,0.62,0.0,0.0
686,train_0062,0.5655333333333334,11593.60546875,10570.0732421875,-266.99267578125,266.99267578125,11326.61279296875,17.72,0.64,0.0,0.0
687,train_0349,0.5649,11627.1611328125,10334.255859375,-290.5744140625,290.5744140625,11336.58671875,18.48,0.56,0.0,0.0
688,train_0546,0.5642666666666667,12035.16015625,10794.283203125,-244.57167968750002,244.57167968750002,11790.5884765625,22.08,0.74,0.0,0.0
689,train_0243,0.5636333333333334,11832.109375,11176.501953125,-206.3498046875,206.3498046875,11625.7595703125,18.88,0.74,0.0,0.0
690,train_0242,0.563,12361.9248046875,11201.146484375,-203.8853515625,203.8853515625,12158.039453125,17.06,0.78,0.0,0.0
691,train_0407,0.5623666666666667,12135.1806640625,10644.9208984375,-259.50791015625003,259.50791015625003,11875.67275390625,18.64,0.64,0.0,0.0
692,train_0525,0.5617333333333334,11784.095703125,10462.0224609375,-277.79775390625,277.79775390625,11506.29794921875,17.0,0.56,0.0,0.0
693,train_0475,0.5610999999999999,11874.03125,10320.697265625,-291.93027343750003,291.93027343750003,11582.1009765625,18.1,0.66,0.0,0.0
694,train_0162,0.5604666666666667,11294.3232421875,10236.9609375,-300.30390625,300.30390625,10994.0193359375,18.88,0.72,0.0,0.0
695,train_0022,0.5598333333333334,11748.8974609375,10755.421875,-248.45781250000002,248.45781250000002,11500.4396484375,20.14,0.82,0.0,0.0
696,train_0388,0.5592,11869.19140625,10847.19921875,-239.28007812500002,239.28007812500002,11629.911328125,16.92,0.6,0.0,0.0
697,train_0139,0.5585666666666667,11897.25390625,10531.078125,-270.89218750000003,270.89218750000003,11626.36171875,16.56,0.66,0.0,0.0
698,train_0232,0.5579333333333334,11909.6201171875,10661.576171875,-257.84238281250003,257.84238281250003,11651.777734375,18.5,0.68,0.0,0.0
699,train_0516,0.5573,11983.90234375,10914.658203125,-232.5341796875,232.5341796875,11751.3681640625,16.44,0.72,0.0,0.0
700,train_0387,0.5566666666666666,11681.064453125,10284.470703125,-295.5529296875,295.5529296875,11385.5115234375,16.84,0.64,0.0,0.0
701,train_0239,0.5560333333333334,12133.8515625,10452.6171875,-278.73828125,278.73828125,11855.11328125,16.16,0.68,0.0,0.0
702,train_0055,0.5554,11572.177734375,10992.37109375,-224.762890625,224.762890625,11347.41484375,15.74,0.48,0.0,0.0
703,train_0136,0.5547666666666666,11969.7666015625,10462.072265625,-277.7927734375,277.7927734375,11691.973828125,19.9,0.54,0.0,0.0
704,train_0280,0.5541333333333334,12179.0703125,10636.7158203125,-260.32841796875,260.32841796875,11918.74189453125,18.2,0.6,0.0,0.0
705,train_0345,0.5535,11998.2080078125,10477.19921875,-276.280078125,276.280078125,11721.9279296875,17.18,0.68,0.0,0.0
706,train_0122,0.5528666666666667,11761.21875,10543.91796875,-269.608203125,269.608203125,11491.610546875,17.08,0.66,0.0,0.0
707,train_0071,0.5522333333333334,12060.220703125,10564.2734375,-267.57265625,267.57265625,11792.648046875,15.88,0.68,0.0,0.0
708,train_0390,0.5516,12321.2265625,10638.5859375,-260.14140625,260.14140625,12061.08515625,18.72,0.56,0.0,0.0
709,train_0447,0.5509666666666667,11933.6708984375,10691.0830078125,-254.89169921875,254.89169921875,11678.77919921875,17.58,0.64,0.0,0.0
710,train_0361,0.5503333333333333,12120.693359375,10949.435546875,-229.05644531250002,229.05644531250002,11891.6369140625,19.04,0.62,0.0,0.0
711,train_0143,0.5497000000000001,12100.6796875,10931.1171875,-230.88828125,230.88828125,11869.79140625,16.94,0.84,0.0,0.0
712,train_0529,0.5490666666666667,11805.1552734375,10968.94140625,-227.10585937500002,227.10585937500002,11578.0494140625,18.5,0.5,0.0,0.0
713,train_0491,0.5484333333333333,11937.46484375,10614.662109375,-262.53378906250003,262.53378906250003,11674.9310546875,16.78,0.38,0.0,0.0
714,train_0318,0.5478000000000001,11937.119140625,10396.859375,-284.31406250000003,284.31406250000003,11652.805078125,19.3,0.62,0.0,0.0
715,train_0426,0.5471666666666667,11682.59375,10667.9755859375,-257.20244140625,257.20244140625,11425.39130859375,18.66,0.64,0.0,0.0
716,train_0249,0.5465333333333333,12170.33984375,10674.30859375,-256.569140625,256.569140625,11913.770703125,18.42,0.42,0.0,0.0
717,train_0365,0.5459,12155.73046875,11111.05859375,-212.894140625,212.894140625,11942.836328125,18.0,0.58,0.0,0.0
718,train_0150,0.5452666666666667,11712.724609375,10606.658203125,-263.3341796875,263.3341796875,11449.3904296875,19.64,0.66,0.0,0.0
719,train_0262,0.5446333333333333,12298.78125,10657.1484375,-258.28515625,258.28515625,12040.49609375,17.98,0.7,0.0,0.0
720,train_0324,0.544,12082.7841796875,10656.484375,-258.3515625,258.3515625,11824.4326171875,17.0,0.76,0.0,0.0
721,train_0218,0.5433666666666668,12313.501953125,10665.1484375,-257.48515625,257.48515625,12056.016796875,17.64,0.68,0.0,0.0
722,train_0505,0.5427333333333333,11806.44921875,10822.505859375,-241.74941406250002,241.74941406250002,11564.6998046875,20.04,0.38,0.0,0.0
723,train_0041,0.5421,11989.4443359375,10563.4033203125,-267.65966796875,267.65966796875,11721.78466796875,15.62,0.66,0.0,0.0
724,train_0067,0.5414666666666668,11949.265625,10212.2861328125,-302.77138671875,302.77138671875,11646.49423828125,19.5,0.62,0.0,0.0
725,train_0009,0.5408333333333333,11900.5419921875,10519.37890625,-272.06210937500003,272.06210937500003,11628.4798828125,17.0,0.74,0.0,0.0
726,train_0110,0.5402,11858.8203125,10499.96875,-274.003125,274.003125,11584.8171875,19.1,0.58,0.0,0.0
727,train_0029,0.5395666666666667,11797.912109375,10263.017578125,-297.6982421875,297.6982421875,11500.2138671875,17.8,0.7,0.0,0.0
728,train_0591,0.5389333333333333,12228.357421875,10681.685546875,-255.83144531250002,255.83144531250002,11972.5259765625,20.06,0.72,0.0,0.0
729,train_0329,0.5383,11850.4443359375,10783.0146484375,-245.69853515625002,245.69853515625002,11604.74580078125,20.0,0.54,0.0,0.0
730,train_0423,0.5376666666666667,12111.31640625,10276.140625,-296.3859375,296.3859375,11814.93046875,20.26,0.58,0.0,0.0
731,train_0444,0.5370333333333334,11946.0068359375,10604.0166015625,-263.59833984375,263.59833984375,11682.40849609375,19.18,0.76,0.0,0.0
732,train_0285,0.5364,11726.7568359375,10572.59375,-266.740625,266.740625,11460.0162109375,17.0,0.74,0.0,0.0
733,train_0177,0.5357666666666667,12053.498046875,10607.4326171875,-263.25673828125,263.25673828125,11790.24130859375,16.56,0.62,0.0,0.0
734,train_0141,0.5351333333333333,11969.509765625,10910.0009765625,-232.99990234375002,232.99990234375002,11736.50986328125,15.16,0.5,0.0,0.0
735,train_0568,0.5345,12284.966796875,11184.9921875,-205.50078125000002,205.50078125000002,12079.466015625,18.08,0.7,0.0,0.0
736,train_0220,0.5338666666666667,12109.6494140625,10453.1455078125,-278.68544921875,278.68544921875,11830.96396484375,18.6,0.68,0.0,0.0
737,train_0249,0.5332333333333333,12012.71484375,10659.1875,-258.08125,258.08125,11754.63359375,17.76,0.5,0.0,0.0
738,train_0589,0.5326,11806.08203125,10482.900390625,-275.7099609375,275.7099609375,11530.3720703125,17.92,0.48,0.0,0.0
739,train_0558,0.5319666666666667,12441.392578125,10711.662109375,-252.83378906250002,252.83378906250002,12188.5587890625,17.4,0.58,0.0,0.0
740,train_0172,0.5313333333333333,11889.2333984375,10788.822265625,-245.1177734375,245.1177734375,11644.115625,18.96,0.6,0.0,0.0
741,train_0523,0.5307000000000001,11961.845703125,10080.1845703125,-315.98154296875003,315.98154296875003,11645.86416015625,18.46,0.68,0.0,0.0
742,train_0309,0.5300666666666667,12091.7578125,10617.2509765625,-262.27490234375,262.27490234375,11829.48291015625,15.52,0.76,0.0,0.0
743,train_0510,0.5294333333333333,12342.005859375,10847.734375,-239.2265625,239.2265625,12102.779296875,17.14,0.66,0.0,0.0
744,train_0406,0.5288,12192.2626953125,10557.8974609375,-268.21025390625,268.21025390625,11924.05244140625,19.28,0.86,0.0,0.0
745,train_0595,0.5281666666666667,11456.0810546875,10403.796875,-283.6203125,283.6203125,11172.4607421875,18.22,0.7,0.0,0.0
746,train_0042,0.5275333333333334,11887.990234375,10579.3203125,-266.06796875000003,266.06796875000003,11621.922265625,19.18,0.76,0.0,0.0
747,train_0368,0.5269,11759.9248046875,11019.662109375,-222.0337890625,222.0337890625,11537.891015625,18.48,0.74,0.0,0.0
748,train_0489,0.5262666666666667,11590.5869140625,10450.2568359375,-278.97431640625,278.97431640625,11311.61259765625,18.84,0.7,0.0,0.0
749,train_0231,0.5256333333333334,12016.2734375,10565.9765625,-267.40234375,267.40234375,11748.87109375,17.68,0.64,0.0,0.0
750,train_0176,0.525,12274.744140625,10697.01953125,-254.298046875,254.298046875,12020.44609375,16.24,0.68,0.0,0.0
751,train_0086,0.5243666666666666,11533.5234375,10192.583984375,-304.7416015625,304.7416015625,11228.7818359375,19.06,0.7,0.0,0.0
752,train_0092,0.5237333333333334,12062.1171875,10833.8349609375,-240.61650390625002,240.61650390625002,11821.50068359375,19.58,0.82,0.0,0.0
753,train_0165,0.5231,11684.30859375,10507.970703125,-273.2029296875,273.2029296875,11411.1056640625,17.54,0.74,0.0,0.0
754,train_0571,0.5224666666666666,11661.984375,10664.1875,-257.58125,257.58125,11404.403125,18.48,0.86,0.0,0.0
755,train_0193,0.5218333333333334,11960.6298828125,10703.7841796875,-253.62158203125,253.62158203125,11707.00830078125,15.64,0.58,0.0,0.0
756,train_0151,0.5212000000000001,12010.587890625,11022.4453125,-221.75546875,221.75546875,11788.832421875,17.58,0.74,0.0,0.0
757,train_0335,0.5205666666666666,12022.005859375,10895.8671875,-234.41328125,234.41328125,11787.592578125,19.38,0.76,0.0,0.0
758,train_0360,0.5199333333333334,11916.0,10520.65234375,-271.934765625,271.934765625,11644.065234375,17.2,0.58,0.0,0.0
759,train_0420,0.5193000000000001,11767.9296875,10614.52734375,-262.547265625,262.547265625,11505.382421875,16.8,0.76,0.0,0.0
760,train_0461,0.5186666666666666,11956.013671875,10746.306640625,-249.3693359375,249.3693359375,11706.6443359375,16.4,0.58,0.0,0.0
761,train_0028,0.5180333333333333,11985.9755859375,10872.396484375,-236.7603515625,236.7603515625,11749.215234375,19.66,0.66,0.0,0.0
762,train_0043,0.5174000000000001,11825.84765625,10486.2578125,-275.37421875,275.37421875,11550.4734375,19.5,0.66,0.0,0.0
763,train_0399,0.5167666666666666,11775.6455078125,10776.91796875,-246.308203125,246.308203125,11529.3373046875,17.12,0.76,0.0,0.0
764,train_0067,0.5161333333333333,11810.52734375,10204.7255859375,-303.52744140625003,303.52744140625003,11506.99990234375,21.02,0.6,0.0,0.0
765,train_0115,0.5155000000000001,11941.7783203125,11330.0234375,-190.99765625,190.99765625,11750.7806640625,16.22,0.7,0.0,0.0
766,train_0231,0.5148666666666667,12096.18359375,10567.505859375,-267.2494140625,267.2494140625,11828.9341796875,17.78,0.74,0.0,0.0
767,train_0483,0.5142333333333333,12284.158203125,11089.123046875,-215.08769531250002,215.08769531250002,12069.0705078125,18.1,0.72,0.0,0.0
768,train_0222,0.5136000000000001,11973.859375,10814.9306640625,-242.50693359375,242.50693359375,11731.35244140625,19.96,0.7,0.0,0.0
769,train_0422,0.5129666666666667,12050.677734375,10718.376953125,-252.1623046875,252.1623046875,11798.5154296875,16.82,0.46,0.0,0.0
770,train_0503,0.5123333333333333,12363.65625,10782.162109375,-245.7837890625,245.7837890625,12117.8724609375,17.16,0.72,0.0,0.0
771,train_0030,0.5117,11930.7412109375,10487.251953125,-275.2748046875,275.2748046875,11655.46640625,18.9,0.64,0.0,0.0
772,train_0512,0.5110666666666667,11941.603515625,10534.806640625,-270.5193359375,270.5193359375,11671.0841796875,17.54,0.64,0.0,0.0
773,train_0389,0.5104333333333334,11939.544921875,10560.984375,-267.9015625,267.9015625,11671.643359375,17.92,0.7,0.0,0.0
774,train_0354,0.5098,11664.025390625,10332.8388671875,-290.71611328125,290.71611328125,11373.30927734375,18.2,0.76,0.0,0.0
775,train_0569,0.5091666666666667,11920.2568359375,10586.904296875,-265.3095703125,265.3095703125,11654.947265625,17.96,0.72,0.0,0.0
776,train_0524,0.5085333333333334,11652.5625,10225.486328125,-301.4513671875,301.4513671875,11351.1111328125,18.96,0.54,0.0,0.0
777,train_0414,0.5079,11854.447265625,10604.0537109375,-263.59462890625,263.59462890625,11590.85263671875,16.46,0.76,0.0,0.0
778,train_0132,0.5072666666666668,11815.2822265625,10597.2900390625,-264.27099609375,264.27099609375,11551.01123046875,19.56,0.62,0.0,0.0
779,train_0144,0.5066333333333334,12278.728515625,11121.0546875,-211.89453125,211.89453125,12066.833984375,17.5,0.7,0.0,0.0
780,train_0291,0.506,11896.537109375,11196.76953125,-204.32304687500002,204.32304687500002,11692.2140625,17.48,0.72,0.0,0.0
781,train_0425,0.5053666666666667,11847.99609375,11568.6875,-167.13125000000002,167.13125000000002,11680.86484375,16.86,0.5,0.0,0.0
782,train_0018,0.5047333333333334,11992.076171875,10781.4296875,-245.85703125,245.85703125,11746.219140625,18.46,0.6,0.0,0.0
783,train_0197,0.5041,12254.681640625,10562.861328125,-267.7138671875,267.7138671875,11986.9677734375,18.04,0.8,0.0,0.0
784,train_0541,0.5034666666666667,12045.40625,10502.0166015625,-273.79833984375,273.79833984375,11771.60791015625,18.58,0.66,0.0,0.0
785,train_0336,0.5028333333333334,11662.9130859375,10550.69921875,-268.930078125,268.930078125,11393.9830078125,18.28,0.66,0.0,0.0
786,train_0133,0.5022,12034.98046875,11065.615234375,-217.4384765625,217.4384765625,11817.5419921875,18.34,0.68,0.0,0.0
787,train_0396,0.5015666666666667,11999.345703125,10418.900390625,-282.10996093750003,282.10996093750003,11717.2357421875,15.0,0.6,0.0,0.0
788,train_0479,0.5009333333333335,12554.564453125,11103.6279296875,-213.63720703125,213.63720703125,12340.92724609375,18.76,0.62,0.0,0.0
789,train_0564,0.5003,12098.982421875,10675.779296875,-256.4220703125,256.4220703125,11842.5603515625,17.56,0.7,0.0,0.0
790,train_0367,0.4996666666666667,11894.48828125,10585.1396484375,-265.48603515625,265.48603515625,11629.00224609375,16.86,0.66,0.0,0.0
791,train_0563,0.49903333333333333,11773.17578125,10657.4853515625,-258.25146484375,258.25146484375,11514.92431640625,17.8,0.64,0.0,0.0
792,train_0125,0.49840000000000007,11757.806640625,10377.8388671875,-286.21611328125,286.21611328125,11471.59052734375,18.88,0.56,0.0,0.0
793,train_0108,0.4977666666666667,11885.94140625,10755.208984375,-248.4791015625,248.4791015625,11637.4623046875,20.32,0.82,0.0,0.0
794,train_0204,0.4971333333333333,12108.955078125,10898.5341796875,-234.14658203125,234.14658203125,11874.80849609375,18.4,0.58,0.0,0.0
795,train_0161,0.49650000000000005,11839.412109375,10853.0751953125,-238.69248046875,238.69248046875,11600.71962890625,17.9,0.78,0.0,0.0
796,train_0566,0.4958666666666667,11695.140625,10348.2626953125,-289.17373046875,289.17373046875,11405.96689453125,16.3,0.68,0.0,0.0
797,train_0104,0.4952333333333333,11790.029296875,10466.07421875,-277.392578125,277.392578125,11512.63671875,19.32,0.72,0.0,0.0
798,train_0469,0.49460000000000004,12419.3447265625,10819.5791015625,-242.04208984375,242.04208984375,12177.30263671875,16.58,0.54,0.0,0.0
799,train_0299,0.49396666666666667,11961.224609375,10689.30078125,-255.069921875,255.069921875,11706.1546875,16.54,0.66,0.0,0.0
800,train_0108,0.4933333333333333,12250.828125,10524.84375,-271.515625,271.515625,11979.3125,19.98,0.78,0.0,0.0
801,train_0002,0.4927,11677.3232421875,10670.90234375,-256.90976562500003,256.90976562500003,11420.4134765625,15.4,0.66,0.0,0.0
802,train_0287,0.49206666666666665,11868.3173828125,10729.3408203125,-251.06591796875,251.06591796875,11617.25146484375,18.76,0.64,0.0,0.0
803,train_0372,0.4914333333333334,12189.314453125,10989.572265625,-225.04277343750002,225.04277343750002,11964.2716796875,19.08,0.58,0.0,0.0
804,train_0555,0.4908,11762.833984375,10388.25390625,-285.174609375,285.174609375,11477.659375,18.88,0.64,0.0,0.0
805,train_0466,0.49016666666666664,11621.705078125,10902.0419921875,-233.79580078125002,233.79580078125002,11387.90927734375,19.76,0.56,0.0,0.0
806,train_0413,0.4895333333333334,12119.970703125,11026.623046875,-221.33769531250002,221.33769531250002,11898.6330078125,17.24,0.64,0.0,0.0
807,train_0534,0.4889,11938.3544921875,10690.7177734375,-254.92822265625,254.92822265625,11683.42626953125,17.46,0.78,0.0,0.0
808,train_0423,0.48826666666666674,11582.98046875,10575.2109375,-266.47890625,266.47890625,11316.5015625,20.6,0.74,0.0,0.0
809,train_0258,0.48763333333333336,12583.095703125,10562.85546875,-267.71445312500003,267.71445312500003,12315.38125,17.32,0.54,0.0,0.0
810,train_0157,0.487,11838.33203125,10825.1181640625,-241.48818359375002,241.48818359375002,11596.84384765625,17.58,0.78,0.0,0.0
811,train_0021,0.4863666666666667,11846.798828125,11185.99609375,-205.400390625,205.400390625,11641.3984375,19.26,0.76,0.0,0.0
812,train_0140,0.48573333333333335,11736.44921875,10819.455078125,-242.05449218750002,242.05449218750002,11494.3947265625,17.34,0.68,0.0,0.0
813,train_0299,0.4851000000000001,12077.052734375,10573.0517578125,-266.69482421875,266.69482421875,11810.35791015625,16.52,0.66,0.0,0.0
814,train_0160,0.4844666666666667,12010.9033203125,10651.09765625,-258.89023437500003,258.89023437500003,11752.0130859375,19.26,0.74,0.0,0.0
815,train_0162,0.48383333333333334,11257.7607421875,10290.0859375,-294.99140625,294.99140625,10962.7693359375,18.54,0.64,0.0,0.0
816,train_0591,0.4832000000000001,12094.62109375,10826.365234375,-241.3634765625,241.3634765625,11853.2576171875,19.5,0.74,0.0,0.0
817,train_0407,0.4825666666666667,11988.201171875,10519.5234375,-272.04765625,272.04765625,11716.153515625,18.34,0.64,0.0,0.0
818,train_0581,0.48193333333333344,11713.640625,10967.359375,-227.26406250000002,227.26406250000002,11486.3765625,19.68,0.72,0.0,0.0
819,train_0146,0.48130000000000006,11831.3056640625,10777.673828125,-246.2326171875,246.2326171875,11585.073046875,17.1,0.56,0.0,0.0
820,train_0387,0.4806666666666667,11754.220703125,10124.5986328125,-311.54013671875003,311.54013671875003,11442.68056640625,17.72,0.54,0.0,0.0
821,train_0199,0.4800333333333334,11982.486328125,10927.412109375,-231.2587890625,231.2587890625,11751.2275390625,18.4,0.76,0.0,0.0
822,train_0335,0.47940000000000005,12148.4365234375,10963.142578125,-227.6857421875,227.6857421875,11920.75078125,19.76,0.64,0.0,0.0
823,train_0589,0.4787666666666667,11762.9296875,10505.91015625,-273.408984375,273.408984375,11489.520703125,17.2,0.78,0.0,0.0
824,train_0433,0.4781333333333334,11572.2705078125,10478.365234375,-276.1634765625,276.1634765625,11296.10703125,18.6,0.54,0.0,0.0
825,train_0397,0.47750000000000004,11622.529296875,10471.84765625,-276.815234375,276.815234375,11345.7140625,17.24,0.52,0.0,0.0
826,train_0219,0.47686666666666666,11786.8984375,10757.8056640625,-248.21943359375,248.21943359375,11538.67900390625,18.16,0.74,0.0,0.0
827,train_0025,0.4762333333333334,11710.6611328125,10844.966796875,-239.50332031250002,239.50332031250002,11471.1578125,16.8,0.62,0.0,0.0
828,train_0392,0.4756,11865.94140625,10757.6328125,-248.23671875000002,248.23671875000002,11617.7046875,18.48,0.76,0.0,0.0
829,train_0433,0.47496666666666665,11665.30859375,10358.888671875,-288.1111328125,288.1111328125,11377.1974609375,17.68,0.62,0.0,0.0
830,train_0451,0.4743333333333334,12408.37890625,10721.384765625,-251.8615234375,251.8615234375,12156.5173828125,17.74,0.58,0.0,0.0
831,train_0182,0.4737,11899.0107421875,10969.603515625,-227.0396484375,227.0396484375,11671.97109375,18.16,0.86,0.0,0.0
832,train_0452,0.47306666666666664,11664.0546875,10570.375,-266.96250000000003,266.96250000000003,11397.0921875,16.72,0.6,0.0,0.0
833,train_0459,0.47243333333333337,11892.958984375,10726.76171875,-251.323828125,251.323828125,11641.63515625,20.2,0.74,0.0,0.0
834,train_0526,0.4718,11808.52734375,10981.74609375,-225.825390625,225.825390625,11582.701953125,18.16,0.7,0.0,0.0
835,train_0331,0.4711666666666666,11922.21875,10540.9375,-269.90625,269.90625,11652.3125,19.26,0.72,0.0,0.0
836,train_0451,0.47053333333333336,11921.2861328125,10955.92578125,-228.407421875,228.407421875,11692.8787109375,18.52,0.52,0.0,0.0
837,train_0501,0.4699,11913.884765625,11000.181640625,-223.98183593750002,223.98183593750002,11689.9029296875,21.58,0.88,0.0,0.0
838,train_0109,0.4692666666666667,12394.859375,10524.142578125,-271.5857421875,271.5857421875,12123.2736328125,19.08,0.68,0.0,0.0
839,train_0392,0.46863333333333335,11904.73828125,10965.970703125,-227.4029296875,227.4029296875,11677.3353515625,18.84,0.72,0.0,0.0
840,train_0277,0.46799999999999997,11863.81640625,10604.61328125,-263.53867187500003,263.53867187500003,11600.277734375,18.08,0.56,0.0,0.0
841,train_0115,0.4673666666666667,12069.9580078125,11067.287109375,-217.27128906250002,217.27128906250002,11852.68671875,17.14,0.62,0.0,0.0
842,train_0078,0.46673333333333333,11794.0029296875,10766.6796875,-247.33203125,247.33203125,11546.6708984375,16.98,0.72,0.0,0.0
843,train_0218,0.46610000000000007,11845.947265625,11114.3876953125,-212.56123046875,212.56123046875,11633.38603515625,17.96,0.56,0.0,0.0
844,train_0391,0.4654666666666667,11764.9013671875,10729.744140625,-251.0255859375,251.0255859375,11513.87578125,17.18,0.72,0.0,0.0
845,train_0246,0.4648333333333333,11745.478515625,10679.595703125,-256.0404296875,256.0404296875,11489.4380859375,19.66,0.62,0.0,0.0
846,train_0320,0.46420000000000006,12128.78125,10828.189453125,-241.18105468750002,241.18105468750002,11887.6001953125,17.0,0.68,0.0,0.0
847,train_0124,0.4635666666666667,12058.693359375,10689.654296875,-255.03457031250002,255.03457031250002,11803.6587890625,20.14,0.7,0.0,0.0
848,train_0092,0.4629333333333334,12180.6005859375,10810.9814453125,-242.90185546875,242.90185546875,11937.69873046875,18.82,0.76,0.0,0.0
849,train_0179,0.46230000000000004,11780.91015625,10612.755859375,-262.7244140625,262.7244140625,11518.1857421875,16.88,0.6,0.0,0.0
850,train_0143,0.46166666666666667,11803.9228515625,11211.6865234375,-202.83134765625002,202.83134765625002,11601.09150390625,18.02,0.84,0.0,0.0
851,train_0394,0.4610333333333334,11728.1572265625,10511.2421875,-272.87578125,272.87578125,11455.2814453125,16.5,0.52,0.0,0.0
852,train_0516,0.46040000000000003,12214.6474609375,10757.9931640625,-248.20068359375,248.20068359375,11966.44677734375,16.94,0.66,0.0,0.0
853,train_0566,0.45976666666666677,11892.0,10099.412109375,-314.0587890625,314.0587890625,11577.9412109375,16.1,0.72,0.0,0.0
854,train_0141,0.4591333333333334,12361.720703125,10617.3603515625,-262.26396484375,262.26396484375,12099.45673828125,15.5,0.6,0.0,0.0
855,train_0337,0.4585,11582.515625,10351.2109375,-288.87890625,288.87890625,11293.63671875,19.84,0.68,0.0,0.0
856,train_0306,0.45786666666666676,12058.904296875,10923.328125,-231.6671875,231.6671875,11827.237109375,17.2,0.7,0.0,0.0
857,train_0253,0.4572333333333334,11639.345703125,10287.427734375,-295.2572265625,295.2572265625,11344.0884765625,19.0,0.7,0.0,0.0
858,train_0303,0.4566,11583.70703125,10461.384765625,-277.8615234375,277.8615234375,11305.8455078125,18.32,0.7,0.0,0.0
859,train_0253,0.45596666666666674,11609.283203125,10276.83984375,-296.31601562500003,296.31601562500003,11312.9671875,18.42,0.66,0.0,0.0
860,train_0045,0.45533333333333337,11770.7353515625,10711.5908203125,-252.84091796875,252.84091796875,11517.89443359375,15.82,0.64,0.0,0.0
861,train_0332,0.4547,11894.47265625,10388.662109375,-285.1337890625,285.1337890625,11609.3388671875,18.76,0.7,0.0,0.0
862,train_0154,0.45406666666666673,11994.234375,10635.3984375,-260.46015625,260.46015625,11733.77421875,21.0,0.76,0.0,0.0
863,train_0221,0.45343333333333335,11873.6044921875,11022.0185546875,-221.79814453125002,221.79814453125002,11651.80634765625,19.2,0.58,0.0,0.0
864,train_0567,0.4528,12413.193359375,11232.1806640625,-200.78193359375,200.78193359375,12212.41142578125,18.5,0.66,0.0,0.0
865,train_0360,0.4521666666666667,11697.076171875,10668.2724609375,-257.17275390625,257.17275390625,11439.90341796875,18.46,0.66,0.0,0.0
866,train_0319,0.45153333333333334,11713.921875,10794.373046875,-244.5626953125,244.5626953125,11469.3591796875,16.42,0.62,0.0,0.0
867,train_0222,0.45089999999999997,11852.236328125,10901.658203125,-233.8341796875,233.8341796875,11618.4021484375,21.12,0.62,0.0,0.0
868,train_0323,0.4502666666666667,12130.515625,11145.376953125,-209.46230468750002,209.46230468750002,11921.0533203125,18.3,0.7,0.0,0.0
869,train_0022,0.44963333333333333,11747.1455078125,10597.75390625,-264.224609375,264.224609375,11482.9208984375,20.3,0.78,0.0,0.0
870,train_0465,0.44899999999999995,11865.4150390625,11295.4599609375,-194.45400390625002,194.45400390625002,11670.96103515625,19.04,0.72,0.0,0.0
871,train_0411,0.4483666666666667,12455.6328125,11151.525390625,-208.84746093750002,208.84746093750002,12246.7853515625,18.84,0.68,0.0,0.0
872,train_0506,0.4477333333333333,11525.08203125,10532.337890625,-270.76621093750003,270.76621093750003,11254.3158203125,17.32,0.8,0.0,0.0
873,train_0272,0.44710000000000005,12073.04296875,10677.662109375,-256.2337890625,256.2337890625,11816.8091796875,15.6,0.56,0.0,0.0
874,train_0360,0.4464666666666667,11572.7958984375,10668.9267578125,-257.10732421875,257.10732421875,11315.68857421875,18.48,0.62,0.0,0.0
875,train_0128,0.4458333333333333,11389.724609375,10415.31640625,-282.46835937500003,282.46835937500003,11107.25625,17.2,0.8,0.0,0.0
876,train_0489,0.44520000000000004,11560.951171875,10441.2392578125,-279.87607421875003,279.87607421875003,11281.07509765625,18.88,0.58,0.0,0.0
877,train_0595,0.44456666666666667,11635.7568359375,10368.9716796875,-287.10283203125,287.10283203125,11348.65400390625,18.86,0.68,0.0,0.0
878,train_0360,0.4439333333333334,11589.646484375,10663.4296875,-257.65703125,257.65703125,11331.989453125,18.8,0.6,0.0,0.0
879,train_0006,0.4433,11981.005859375,10406.283203125,-283.37167968750003,283.37167968750003,11697.6341796875,17.96,0.54,0.0,0.0
880,train_0403,0.44266666666666665,12179.2001953125,10759.369140625,-248.0630859375,248.0630859375,11931.137109375,14.94,0.56,0.0,0.0
881,train_0545,0.4420333333333334,11636.806640625,10632.6005859375,-260.73994140625,260.73994140625,11376.06669921875,21.5,0.64,0.0,0.0
882,train_0467,0.4414,12141.9833984375,11081.8671875,-215.81328125000002,215.81328125000002,11926.1701171875,18.34,0.58,0.0,0.0
883,train_0162,0.44076666666666675,11469.298828125,10135.330078125,-310.4669921875,310.4669921875,11158.8318359375,18.56,0.58,0.0,0.0
884,train_0229,0.4401333333333334,12245.1953125,10952.7373046875,-228.72626953125,228.72626953125,12016.46904296875,17.08,0.62,0.0,0.0
885,train_0363,0.4395,12279.7734375,10940.224609375,-229.9775390625,229.9775390625,12049.7958984375,18.34,0.62,0.0,0.0
886,train_0432,0.43886666666666674,11610.00390625,10841.736328125,-239.8263671875,239.8263671875,11370.1775390625,16.6,0.42,0.0,0.0
887,train_0456,0.43823333333333336,11755.564453125,10803.44921875,-243.65507812500002,243.65507812500002,11511.909375,17.52,0.64,0.0,0.0
888,train_0073,0.4376000000000001,11512.232421875,10672.6875,-256.73125,256.73125,11255.501171875,17.6,0.5,0.0,0.0
889,train_0287,0.4369666666666667,11959.466796875,10484.154296875,-275.58457031250003,275.58457031250003,11683.8822265625,18.62,0.74,0.0,0.0
890,train_0019,0.43633333333333335,12111.83203125,10760.2216796875,-247.97783203125002,247.97783203125002,11863.85419921875,17.46,0.6,0.0,0.0
891,train_0289,0.4357000000000001,12016.71875,11029.751953125,-221.02480468750002,221.02480468750002,11795.6939453125,18.24,0.78,0.0,0.0
892,train_0003,0.4350666666666667,11558.03515625,10646.3095703125,-259.36904296875,259.36904296875,11298.66611328125,19.14,0.5,0.0,0.0
893,train_0571,0.43443333333333345,11651.8564453125,10542.751953125,-269.7248046875,269.7248046875,11382.131640625,18.16,0.72,0.0,0.0
894,train_0275,0.4338000000000001,11951.3291015625,10546.818359375,-269.3181640625,269.3181640625,11682.0109375,16.46,0.6,0.0,0.0
895,train_0139,0.4331666666666667,11884.322265625,10554.23828125,-268.576171875,268.576171875,11615.74609375,16.58,0.5,0.0,0.0
896,train_0439,0.4325333333333333,11717.0126953125,10875.3955078125,-236.46044921875,236.46044921875,11480.55224609375,15.88,0.68,0.0,0.0
897,train_0206,0.43190000000000006,12179.01953125,11134.9921875,-210.50078125000002,210.50078125000002,11968.51875,15.68,0.6,0.0,0.0
898,train_0134,0.4312666666666667,12358.76171875,10789.88671875,-245.011328125,245.011328125,12113.750390625,15.72,0.62,0.0,0.0
899,train_0004,0.4306333333333333,11898.486328125,10754.951171875,-248.5048828125,248.5048828125,11649.9814453125,19.18,0.68,0.0,0.0
900,train_0211,0.43000000000000005,11786.8603515625,10484.1025390625,-275.58974609375,275.58974609375,11511.27060546875,18.6,0.72,0.0,0.0
901,train_0042,0.4293666666666667,11677.26171875,10653.5400390625,-258.64599609375,258.64599609375,11418.61572265625,18.5,0.78,0.0,0.0
902,train_0407,0.4287333333333333,12000.853515625,10909.79296875,-233.020703125,233.020703125,11767.8328125,18.0,0.62,0.0,0.0
903,train_0109,0.42810000000000004,11932.685546875,10949.220703125,-229.07792968750002,229.07792968750002,11703.6076171875,18.54,0.64,0.0,0.0
904,train_0163,0.42746666666666666,12063.84765625,10912.2509765625,-232.77490234375,232.77490234375,11831.07275390625,17.32,0.64,0.0,0.0
905,train_0040,0.4268333333333333,12263.48046875,10771.224609375,-246.8775390625,246.8775390625,12016.6029296875,19.32,0.74,0.0,0.0
906,train_0306,0.4262,12077.3466796875,10684.4228515625,-255.55771484375,255.55771484375,11821.78896484375,16.88,0.7,0.0,0.0
907,train_0462,0.42556666666666665,11689.591796875,10814.4111328125,-242.55888671875002,242.55888671875002,11447.03291015625,19.44,0.62,0.0,0.0
908,train_0062,0.4249333333333334,11397.6513671875,10640.65625,-259.934375,259.934375,11137.7169921875,17.78,0.6,0.0,0.0
909,train_0373,0.4243,11814.63671875,10936.638671875,-230.3361328125,230.3361328125,11584.3005859375,18.1,0.68,0.0,0.0
910,train_0509,0.42366666666666664,11631.53515625,10511.634765625,-272.83652343750003,272.83652343750003,11358.6986328125,15.68,0.68,0.0,0.0
911,train_0295,0.4230333333333334,11624.80078125,10805.236328125,-243.47636718750002,243.47636718750002,11381.3244140625,18.9,0.66,0.0,0.0
912,train_0111,0.4224,11402.7890625,10494.986328125,-274.5013671875,274.5013671875,11128.2876953125,17.18,0.66,0.0,0.0
913,train_0213,0.42176666666666673,11662.345703125,10647.8134765625,-259.21865234375,259.21865234375,11403.12705078125,17.82,0.56,0.0,0.0
914,train_0427,0.42113333333333336,11683.640625,10988.85546875,-225.114453125,225.114453125,11458.526171875,18.34,0.76,0.0,0.0
915,train_0160,0.4205,11538.2744140625,11046.140625,-219.3859375,219.3859375,11318.8884765625,19.82,0.7,0.0,0.0
916,train_0598,0.4198666666666667,11743.416015625,10564.208984375,-267.5791015625,267.5791015625,11475.8369140625,16.62,0.6,0.0,0.0
917,train_0413,0.41923333333333335,11835.34765625,11024.92578125,-221.507421875,221.507421875,11613.840234375,17.68,0.68,0.0,0.0
918,train_0145,0.4186000000000001,11738.7841796875,10557.580078125,-268.2419921875,268.2419921875,11470.5421875,16.0,0.64,0.0,0.0
919,train_0014,0.4179666666666667,11892.671875,10605.8935546875,-263.41064453125,263.41064453125,11629.26123046875,19.14,0.8,0.0,0.0
920,train_0086,0.41733333333333333,11512.431640625,10129.3046875,-311.06953125,311.06953125,11201.362109375,19.58,0.58,0.0,0.0
921,train_0404,0.41670000000000007,12410.224609375,10945.77734375,-229.42226562500002,229.42226562500002,12180.80234375,18.92,0.54,0.0,0.0
922,train_0060,0.4160666666666667,11852.966796875,10711.19921875,-252.880078125,252.880078125,11600.08671875,20.12,0.68,0.0,0.0
923,train_0084,0.41543333333333343,11885.0927734375,10388.623046875,-285.1376953125,285.1376953125,11599.955078125,18.64,0.74,0.0,0.0
924,train_0555,0.41480000000000006,11494.810546875,10477.2119140625,-276.27880859375,276.27880859375,11218.53173828125,19.14,0.76,0.0,0.0
925,train_0317,0.4141666666666667,11741.33984375,10486.947265625,-275.30527343750003,275.30527343750003,11466.0345703125,18.0,0.66,0.0,0.0
926,train_0311,0.4135333333333334,11922.546875,10724.654296875,-251.53457031250002,251.53457031250002,11671.0123046875,19.28,0.64,0.0,0.0
927,train_0545,0.41290000000000004,11726.2646484375,10510.5205078125,-272.94794921875,272.94794921875,11453.31669921875,20.64,0.62,0.0,0.0
928,train_0589,0.4122666666666668,11546.458984375,10541.5634765625,-269.84365234375,269.84365234375,11276.61533203125,19.36,0.56,0.0,0.0
929,train_0487,0.4116333333333334,12048.208984375,10744.990234375,-249.5009765625,249.5009765625,11798.7080078125,17.36,0.74,0.0,0.0
930,train_0149,0.41100000000000003,12148.18359375,10720.5615234375,-251.94384765625,251.94384765625,11896.23974609375,17.94,0.62,0.0,0.0
931,train_0441,0.41036666666666666,11804.21484375,10811.24609375,-242.87539062500002,242.87539062500002,11561.339453125,18.12,0.78,0.0,0.0
932,train_0323,0.4097333333333334,11948.6865234375,10897.3359375,-234.26640625000002,234.26640625000002,11714.4201171875,19.0,0.62,0.0,0.0
933,train_0446,0.4091,11705.958984375,10444.4208984375,-279.55791015625,279.55791015625,11426.40107421875,17.34,0.74,0.0,0.0
934,train_0396,0.40846666666666664,11716.47265625,10611.09765625,-262.89023437500003,262.89023437500003,11453.582421875,14.58,0.66,0.0,0.0
935,train_0036,0.4078333333333334,11538.9208984375,10952.50390625,-228.749609375,228.749609375,11310.1712890625,18.66,0.7,0.0,0.0
936,train_0532,0.4072,12140.9560546875,10076.58203125,-316.341796875,316.341796875,11824.6142578125,17.84,0.6,0.0,0.0
937,train_0546,0.40656666666666663,11414.947265625,11055.953125,-218.40468750000002,218.40468750000002,11196.542578125,23.34,0.78,0.0,0.0
938,train_0031,0.40593333333333337,11891.759765625,10463.8984375,-277.61015625,277.61015625,11614.149609375,20.36,0.64,0.0,0.0
939,train_0061,0.4053,11711.9912109375,10583.283203125,-265.6716796875,265.6716796875,11446.31953125,18.14,0.6,0.0,0.0
940,train_0569,0.4046666666666666,11849.330078125,10496.25390625,-274.37460937500003,274.37460937500003,11574.95546875,17.22,0.68,0.0,0.0
941,train_0189,0.40403333333333336,11844.9287109375,10633.5966796875,-260.64033203125,260.64033203125,11584.28837890625,17.74,0.82,0.0,0.0
942,train_0192,0.4034,11981.0732421875,10843.240234375,-239.6759765625,239.6759765625,11741.397265625,20.1,0.56,0.0,0.0
943,train_0031,0.4027666666666667,11941.37109375,10389.2421875,-285.07578125000003,285.07578125000003,11656.2953125,20.84,0.66,0.0,0.0
944,train_0300,0.40213333333333334,11608.76953125,10386.36328125,-285.363671875,285.363671875,11323.405859375,17.04,0.38,0.0,0.0
945,train_0299,0.40149999999999997,11860.83984375,10525.2734375,-271.47265625,271.47265625,11589.3671875,17.1,0.74,0.0,0.0
946,train_0034,0.4008666666666667,11757.07421875,10663.91796875,-257.608203125,257.608203125,11499.466015625,17.78,0.68,0.0,0.0
947,train_0249,0.40023333333333333,11859.814453125,10592.1591796875,-264.78408203125,264.78408203125,11595.03037109375,18.8,0.48,0.0,0.0
948,train_0595,0.39960000000000007,11502.2548828125,10459.5693359375,-278.04306640625003,278.04306640625003,11224.21181640625,19.46,0.78,0.0,0.0
949,train_0465,0.3989666666666667,11913.037109375,11065.439453125,-217.4560546875,217.4560546875,11695.5810546875,18.94,0.82,0.0,0.0
950,train_0026,0.3983333333333333,11489.2041015625,10324.78125,-291.521875,291.521875,11197.6822265625,17.54,0.5,0.0,0.0
951,train_0252,0.39770000000000005,11496.484375,10540.6796875,-269.93203125,269.93203125,11226.55234375,17.6,0.72,0.0,0.0
952,train_0232,0.3970666666666667,11849.09375,10698.974609375,-254.1025390625,254.1025390625,11594.9912109375,17.98,0.72,0.0,0.0
953,train_0343,0.3964333333333334,12304.974609375,11283.6533203125,-195.63466796875002,195.63466796875002,12109.33994140625,18.16,0.72,0.0,0.0
954,train_0575,0.39580000000000004,12089.216796875,11332.4912109375,-190.75087890625002,190.75087890625002,11898.46591796875,19.3,0.74,0.0,0.0
955,train_0229,0.39516666666666667,12050.060546875,11273.171875,-196.6828125,196.6828125,11853.377734375,17.78,0.68,0.0,0.0
956,train_0471,0.3945333333333334,12185.33203125,10521.2822265625,-271.87177734375,271.87177734375,11913.46025390625,15.7,0.48,0.0,0.0
957,train_0189,0.39390000000000003,11945.2373046875,10518.40625,-272.159375,272.159375,11673.0779296875,17.74,0.8,0.0,0.0
958,train_0342,0.39326666666666676,11545.099609375,10755.796875,-248.42031250000002,248.42031250000002,11296.679296875,22.06,0.42,0.0,0.0
959,train_0548,0.3926333333333334,12114.48828125,10867.326171875,-237.26738281250002,237.26738281250002,11877.2208984375,18.36,0.6,0.0,0.0
960,train_0584,0.392,11233.814453125,10597.091796875,-264.2908203125,264.2908203125,10969.5236328125,17.88,0.72,0.0,0.0
961,train_0338,0.39136666666666675,11619.201171875,10925.826171875,-231.41738281250002,231.41738281250002,11387.7837890625,19.04,0.62,0.0,0.0
962,train_0420,0.3907333333333334,11968.853515625,10515.609375,-272.43906250000003,272.43906250000003,11696.414453125,17.28,0.74,0.0,0.0
963,train_0418,0.3901000000000001,11930.3583984375,10719.8095703125,-252.01904296875,252.01904296875,11678.33935546875,19.58,0.5,0.0,0.0
964,train_0419,0.38946666666666674,11713.1396484375,10793.1650390625,-244.68349609375002,244.68349609375002,11468.45615234375,17.74,0.6,0.0,0.0
965,train_0532,0.38883333333333336,11958.146484375,10402.666015625,-283.7333984375,283.7333984375,11674.4130859375,17.62,0.76,0.0,0.0
966,train_0284,0.3882000000000001,11774.408203125,10650.8349609375,-258.91650390625,258.91650390625,11515.49169921875,19.1,0.64,0.0,0.0
967,train_0236,0.3875666666666667,11771.8125,10609.3046875,-263.06953125,263.06953125,11508.74296875,22.54,0.8,0.0,0.0
968,train_0047,0.38693333333333335,11417.04296875,10695.880859375,-254.41191406250002,254.41191406250002,11162.6310546875,16.44,0.54,0.0,0.0
969,train_0166,0.3863,11561.248046875,10570.3291015625,-266.96708984375,266.96708984375,11294.28095703125,16.78,0.6,0.0,0.0
970,train_0521,0.3856666666666667,11996.5068359375,10582.884765625,-265.71152343750003,265.71152343750003,11730.7953125,20.5,0.74,0.0,0.0
971,train_0062,0.38503333333333334,11529.1484375,10522.619140625,-271.7380859375,271.7380859375,11257.4103515625,17.88,0.64,0.0,0.0
972,train_0556,0.38439999999999996,11751.73828125,10814.7509765625,-242.52490234375,242.52490234375,11509.21337890625,16.38,0.6,0.0,0.0
973,train_0289,0.3837666666666667,11775.009765625,10916.3193359375,-232.36806640625002,232.36806640625002,11542.64169921875,19.58,0.82,0.0,0.0
974,train_0589,0.3831333333333333,11563.265625,10661.15625,-257.88437500000003,257.88437500000003,11305.38125,18.8,0.54,0.0,0.0
975,train_0550,0.38249999999999995,11689.234375,10544.048828125,-269.5951171875,269.5951171875,11419.6392578125,20.04,0.72,0.0,0.0
976,train_0064,0.3818666666666667,12100.6298828125,10904.4248046875,-233.55751953125002,233.55751953125002,11867.07236328125,18.84,0.72,0.0,0.0
977,train_0229,0.3812333333333333,12064.9287109375,11167.71875,-207.228125,207.228125,11857.7005859375,18.06,0.82,0.0,0.0
978,train_0072,0.38060000000000005,11962.830078125,10716.626953125,-252.33730468750002,252.33730468750002,11710.4927734375,18.06,0.7,0.0,0.0
979,train_0520,0.3799666666666667,11363.08203125,10559.7021484375,-268.02978515625,268.02978515625,11095.05224609375,18.68,0.7,0.0,0.0
980,train_0371,0.3793333333333333,11713.857421875,10807.7685546875,-243.22314453125,243.22314453125,11470.63427734375,18.12,0.6,0.0,0.0
981,train_0582,0.37870000000000004,12075.2255859375,10671.9560546875,-256.80439453125,256.80439453125,11818.42119140625,17.46,0.82,0.0,0.0
982,train_0086,0.37806666666666666,11406.3056640625,10225.71875,-301.428125,301.428125,11104.8775390625,19.44,0.7,0.0,0.0
983,train_0231,0.3774333333333334,11988.412109375,10766.318359375,-247.3681640625,247.3681640625,11741.0439453125,17.82,0.64,0.0,0.0
984,train_0402,0.3768,11721.50390625,11121.427734375,-211.85722656250002,211.85722656250002,11509.6466796875,20.08,0.58,0.0,0.0
985,train_0071,0.37616666666666665,12034.4765625,11029.0966796875,-221.09033203125,221.09033203125,11813.38623046875,16.38,0.66,0.0,0.0
986,train_0058,0.3755333333333334,11395.4365234375,10044.4716796875,-319.55283203125003,319.55283203125003,11075.88369140625,16.56,0.68,0.0,0.0
987,train_0252,0.3749,11711.162109375,10512.77734375,-272.72226562500003,272.72226562500003,11438.43984375,16.96,0.7,0.0,0.0
988,train_0373,0.37426666666666675,11877.7919921875,10917.244140625,-232.2755859375,232.2755859375,11645.51640625,18.52,0.56,0.0,0.0
989,train_0297,0.3736333333333334,11432.37109375,10741.78125,-249.821875,249.821875,11182.54921875,15.9,0.52,0.0,0.0
990,train_0168,0.373,11978.908203125,10835.83203125,-240.41679687500002,240.41679687500002,11738.49140625,18.8,0.64,0.0,0.0
991,train_0229,0.37236666666666673,12123.35546875,11075.408203125,-216.4591796875,216.4591796875,11906.8962890625,18.28,0.68,0.0,0.0
992,train_0110,0.37173333333333336,11952.861328125,10469.580078125,-277.0419921875,277.0419921875,11675.8193359375,19.74,0.74,0.0,0.0
993,train_0291,0.3711000000000001,11941.3359375,10796.21875,-244.378125,244.378125,11696.9578125,17.08,0.6,0.0,0.0
994,train_0344,0.3704666666666667,11551.240234375,10735.853515625,-250.4146484375,250.4146484375,11300.8255859375,17.22,0.46,0.0,0.0
995,train_0576,0.36983333333333335,11723.2802734375,10537.1552734375,-270.28447265625,270.28447265625,11452.99580078125,16.78,0.8,0.0,0.0
996,train_0565,0.3692000000000001,11980.7158203125,10929.87109375,-231.012890625,231.012890625,11749.7029296875,18.24,0.7,0.0,0.0
997,train_0553,0.3685666666666667,11518.607421875,10117.9501953125,-312.20498046875,312.20498046875,11206.40244140625,19.32,0.62,0.0,0.0
998,train_0181,0.36793333333333345,11338.3017578125,10074.984375,-316.50156250000003,316.50156250000003,11021.8001953125,19.52,0.76,0.0,0.0
999,train_0301,0.36730000000000007,12238.865234375,10973.66015625,-226.633984375,226.633984375,12012.23125,17.2,0.78,0.0,0.0
1000,train_0271,0.3666666666666667,11743.3125,10373.017578125,-286.6982421875,286.6982421875,11456.6142578125,18.16,0.6,0.0,0.0
1001,train_0129,0.36603333333333343,11909.3076171875,11113.8515625,-212.61484375,212.61484375,11696.6927734375,16.58,0.74,0.0,0.0
1002,train_0081,0.36540000000000006,11519.94140625,10868.236328125,-237.1763671875,237.1763671875,11282.7650390625,20.12,0.66,0.0,0.0
1003,train_0192,0.3647666666666667,12030.6982421875,10921.90625,-231.80937500000002,231.80937500000002,11798.8888671875,19.3,0.68,0.0,0.0
1004,train_0178,0.3641333333333333,11529.74609375,10639.4462890625,-260.05537109375,260.05537109375,11269.69072265625,18.06,0.6,0.0,0.0
1005,train_0158,0.36350000000000005,11858.56640625,10820.494140625,-241.95058593750002,241.95058593750002,11616.6158203125,20.46,0.7,0.0,0.0
1006,train_0073,0.36286666666666667,11502.59375,10698.599609375,-254.14003906250002,254.14003906250002,11248.4537109375,17.72,0.64,0.0,0.0
1007,train_0074,0.3622333333333333,11779.4794921875,11087.0322265625,-215.29677734375002,215.29677734375002,11564.18271484375,18.78,0.6,0.0,0.0
1008,train_0295,0.36160000000000003,11642.02734375,10749.7109375,-249.02890625,249.02890625,11392.9984375,19.22,0.7,0.0,0.0
1009,train_0021,0.36096666666666666,11822.568359375,11067.81640625,-217.218359375,217.218359375,11605.35,19.88,0.7,0.0,0.0
1010,train_0344,0.3603333333333333,11499.5419921875,10713.5126953125,-252.64873046875002,252.64873046875002,11246.89326171875,17.36,0.52,0.0,0.0
1011,train_0034,0.3597,11628.384765625,10718.3720703125,-252.16279296875,252.16279296875,11376.22197265625,18.36,0.74,0.0,0.0
1012,train_0184,0.35906666666666665,11751.24609375,10749.2890625,-249.07109375000002,249.07109375000002,11502.175,18.46,0.8,0.0,0.0
1013,train_0278,0.3584333333333334,11791.84765625,10524.046875,-271.59531250000003,271.59531250000003,11520.25234375,19.54,0.58,0.0,0.0
1014,train_0467,0.3578,12188.4248046875,10986.0048828125,-225.39951171875,225.39951171875,11963.02529296875,18.18,0.56,0.0,0.0
1015,train_0419,0.35716666666666663,11657.8583984375,10641.33984375,-259.866015625,259.866015625,11397.9923828125,17.68,0.66,0.0,0.0
1016,train_0147,0.35653333333333337,11931.58984375,11071.55078125,-216.844921875,216.844921875,11714.744921875,19.2,0.66,0.0,0.0
1017,train_0452,0.3559,11670.796875,10602.5107421875,-263.74892578125,263.74892578125,11407.04794921875,17.12,0.48,0.0,0.0
1018,train_0351,0.35526666666666673,11959.9912109375,11117.25390625,-212.274609375,212.274609375,11747.7166015625,18.94,0.66,0.0,0.0
1019,train_0515,0.35463333333333336,11602.1640625,10579.080078125,-266.0919921875,266.0919921875,11336.0720703125,20.42,0.54,0.0,0.0
1020,train_0141,0.354,11892.927734375,10870.8984375,-236.91015625,236.91015625,11656.017578125,16.16,0.42,0.0,0.0
1021,train_0462,0.3533666666666667,11824.0927734375,11172.5322265625,-206.74677734375,206.74677734375,11617.34599609375,18.82,0.54,0.0,0.0
1022,train_0516,0.35273333333333334,12005.416015625,10809.611328125,-243.03886718750002,243.03886718750002,11762.3771484375,16.7,0.68,0.0,0.0
1023,train_0467,0.3521000000000001,12315.921875,10899.6044921875,-234.03955078125,234.03955078125,12081.88232421875,17.96,0.54,0.0,0.0
1024,train_0065,0.3514666666666667,12002.126953125,10948.7412109375,-229.12587890625002,229.12587890625002,11773.00107421875,15.76,0.64,0.0,0.0
1025,train_0074,0.35083333333333333,11844.3349609375,10873.470703125,-236.6529296875,236.6529296875,11607.68203125,19.42,0.5,0.0,0.0
1026,train_0353,0.35020000000000007,11672.236328125,10539.587890625,-270.0412109375,270.0412109375,11402.1951171875,19.52,0.62,0.0,0.0
1027,train_0139,0.3495666666666667,11585.28125,10818.52734375,-242.14726562500002,242.14726562500002,11343.133984375,17.12,0.28,0.0,0.0
1028,train_0131,0.34893333333333343,12053.4951171875,11109.931640625,-213.0068359375,213.0068359375,11840.48828125,17.86,0.54,0.0,0.0
1029,train_0567,0.34830000000000005,12118.7578125,11360.255859375,-187.97441406250002,187.97441406250002,11930.7833984375,19.3,0.66,0.0,0.0
1030,train_0582,0.3476666666666667,11935.888671875,10766.1171875,-247.38828125,247.38828125,11688.500390625,18.52,0.78,0.0,0.0
1031,train_0171,0.3470333333333334,11845.5107421875,11157.37890625,-208.26210937500002,208.26210937500002,11637.2486328125,19.56,0.82,0.0,0.0
1032,train_0584,0.34640000000000004,11339.1171875,10704.181640625,-253.58183593750002,253.58183593750002,11085.5353515625,17.1,0.7,0.0,0.0
1033,train_0481,0.3457666666666668,11587.431640625,10549.01171875,-269.098828125,269.098828125,11318.3328125,19.18,0.42,0.0,0.0
1034,train_0146,0.3451333333333334,12012.1796875,11141.919921875,-209.80800781250002,209.80800781250002,11802.3716796875,17.58,0.44,0.0,0.0
1035,train_0506,0.34450000000000003,11417.4892578125,10572.087890625,-266.7912109375,266.7912109375,11150.698046875,18.2,0.76,0.0,0.0
1036,train_0099,0.34386666666666676,11633.220703125,10266.9013671875,-297.30986328125,297.30986328125,11335.91083984375,20.5,0.66,0.0,0.0
1037,train_0129,0.3432333333333334,11858.9052734375,11117.03515625,-212.296484375,212.296484375,11646.6087890625,17.24,0.8,0.0,0.0
1038,train_0048,0.3426,11788.9560546875,10490.513671875,-274.9486328125,274.9486328125,11514.007421875,18.4,0.52,0.0,0.0
1039,train_0059,0.34196666666666675,11868.205078125,10976.837890625,-226.31621093750002,226.31621093750002,11641.8888671875,17.52,0.84,0.0,0.0
1040,train_0493,0.3413333333333334,11381.876953125,10870.123046875,-236.98769531250002,236.98769531250002,11144.8892578125,19.32,0.84,0.0,0.0
1041,train_0447,0.3407,11924.10546875,11024.119140625,-221.5880859375,221.5880859375,11702.5173828125,18.78,0.7,0.0,0.0
1042,train_0225,0.34006666666666663,11532.955078125,10986.486328125,-225.35136718750002,225.35136718750002,11307.6037109375,20.0,0.62,0.0,0.0
1043,train_0106,0.33943333333333336,12241.9599609375,11113.2890625,-212.67109375,212.67109375,12029.2888671875,18.86,0.76,0.0,0.0
1044,train_0335,0.3388,11693.6875,11136.5361328125,-210.34638671875,210.34638671875,11483.34111328125,20.3,0.58,0.0,0.0
1045,train_0535,0.3381666666666666,11588.59375,10570.564453125,-266.9435546875,266.9435546875,11321.6501953125,16.18,0.66,0.0,0.0
1046,train_0498,0.33753333333333335,11926.283203125,11182.9326171875,-205.70673828125,205.70673828125,11720.57646484375,17.38,0.72,0.0,0.0
1047,train_0185,0.3369,11655.3359375,10630.9638671875,-260.90361328125,260.90361328125,11394.43232421875,17.9,0.62,0.0,0.0
1048,train_0054,0.3362666666666667,11718.44140625,10714.25,-252.57500000000002,252.57500000000002,11465.86640625,19.54,0.76,0.0,0.0
1049,train_0545,0.33563333333333334,11456.373046875,10814.4833984375,-242.55166015625002,242.55166015625002,11213.82138671875,20.74,0.48,0.0,0.0
1050,train_0188,0.33499999999999996,11960.5791015625,11006.4150390625,-223.35849609375,223.35849609375,11737.22060546875,16.84,0.6,0.0,0.0
1051,train_0282,0.3343666666666667,11633.33984375,10455.8056640625,-278.41943359375,278.41943359375,11354.92041015625,18.58,0.68,0.0,0.0
1052,train_0288,0.3337333333333333,11582.19921875,10357.716796875,-288.2283203125,288.2283203125,11293.9708984375,19.68,0.76,0.0,0.0
1053,train_0022,0.33310000000000006,11853.37890625,10687.8486328125,-255.21513671875002,255.21513671875002,11598.16376953125,20.58,0.72,0.0,0.0
1054,train_0383,0.3324666666666667,11385.263671875,10734.396484375,-250.56035156250002,250.56035156250002,11134.7033203125,17.38,0.64,0.0,0.0
1055,train_0076,0.3318333333333333,11614.30859375,10764.837890625,-247.5162109375,247.5162109375,11366.7923828125,18.16,0.62,0.0,0.0
1056,train_0431,0.33120000000000005,12136.384765625,10408.650390625,-283.1349609375,283.1349609375,11853.2498046875,19.44,0.72,0.0,0.0
1057,train_0169,0.3305666666666667,11681.267578125,10330.2705078125,-290.97294921875,290.97294921875,11390.29462890625,19.5,0.72,0.0,0.0
1058,train_0148,0.3299333333333334,11915.4453125,10965.3984375,-227.46015625,227.46015625,11687.98515625,20.48,0.72,0.0,0.0
1059,train_0374,0.32930000000000004,11735.720703125,11202.77734375,-203.722265625,203.722265625,11531.9984375,19.46,0.72,0.0,0.0
1060,train_0463,0.32866666666666666,11515.984375,10469.490234375,-277.0509765625,277.0509765625,11238.9333984375,18.9,0.76,0.0,0.0
1061,train_0008,0.3280333333333334,11759.232421875,10851.90625,-238.80937500000002,238.80937500000002,11520.423046875,15.98,0.76,0.0,0.0
1062,train_0301,0.3274,12060.462890625,11197.4912109375,-204.25087890625002,204.25087890625002,11856.21201171875,17.5,0.66,0.0,0.0
1063,train_0375,0.32676666666666676,11531.1484375,10638.5146484375,-260.14853515625003,260.14853515625003,11270.99990234375,16.7,0.62,0.0,0.0
1064,train_0343,0.3261333333333334,12283.2958984375,11292.359375,-194.76406250000002,194.76406250000002,12088.5318359375,19.3,0.76,0.0,0.0
1065,train_0111,0.3255,11369.0400390625,10615.0107421875,-262.49892578125,262.49892578125,11106.54111328125,17.76,0.68,0.0,0.0
1066,train_0348,0.32486666666666675,11829.990234375,10766.73046875,-247.32695312500002,247.32695312500002,11582.66328125,18.68,0.74,0.0,0.0
1067,train_0227,0.3242333333333334,11827.7958984375,11125.11328125,-211.48867187500002,211.48867187500002,11616.3072265625,20.22,0.56,0.0,0.0
1068,train_0009,0.3236000000000001,11817.435546875,10639.5703125,-260.04296875,260.04296875,11557.392578125,18.36,0.84,0.0,0.0
1069,train_0351,0.32296666666666674,12171.48046875,10813.173828125,-242.6826171875,242.6826171875,11928.7978515625,19.22,0.64,0.0,0.0
1070,train_0535,0.32233333333333336,11510.2890625,10617.021484375,-262.2978515625,262.2978515625,11247.9912109375,16.92,0.68,0.0,0.0
1071,train_0177,0.3217000000000001,11707.78125,10687.7421875,-255.22578125,255.22578125,11452.55546875,16.84,0.5,0.0,0.0
1072,train_0401,0.3210666666666667,11325.5673828125,10469.9150390625,-277.00849609375,277.00849609375,11048.55888671875,19.88,0.7,0.0,0.0
1073,train_0025,0.32043333333333335,11944.8955078125,10750.55859375,-248.94414062500002,248.94414062500002,11695.9513671875,17.26,0.58,0.0,0.0
1074,train_0251,0.3198000000000001,11695.5888671875,10811.845703125,-242.8154296875,242.8154296875,11452.7734375,17.1,0.56,0.0,0.0
1075,train_0286,0.3191666666666667,11835.9140625,10971.373046875,-226.86269531250002,226.86269531250002,11609.0513671875,16.92,0.64,0.0,0.0
1076,train_0252,0.31853333333333333,11615.693359375,10564.94140625,-267.505859375,267.505859375,11348.1875,18.08,0.72,0.0,0.0
1077,train_0300,0.31789999999999996,11308.3447265625,10676.9794921875,-256.30205078125,256.30205078125,11052.04267578125,18.14,0.38,0.0,0.0
1078,train_0129,0.3172666666666667,11982.041015625,11166.34765625,-207.365234375,207.365234375,11774.67578125,17.14,0.76,0.0,0.0
1079,train_0081,0.3166333333333333,11694.0,10673.2099609375,-256.67900390625,256.67900390625,11437.32099609375,20.06,0.62,0.0,0.0
1080,train_0025,0.31599999999999995,11680.0390625,11006.4609375,-223.35390625000002,223.35390625000002,11456.68515625,17.46,0.52,0.0,0.0
1081,train_0110,0.3153666666666667,11652.5234375,10717.2314453125,-252.27685546875,252.27685546875,11400.24658203125,20.1,0.74,0.0,0.0
1082,train_0569,0.3147333333333334,11856.6923828125,10481.740234375,-275.8259765625,275.8259765625,11580.86640625,18.62,0.68,0.0,0.0
1083,train_0521,0.31410000000000005,11491.060546875,11018.51953125,-222.148046875,222.148046875,11268.9125,20.62,0.76,0.0,0.0
1084,train_0079,0.31346666666666667,11677.5927734375,10980.919921875,-225.90800781250002,225.90800781250002,11451.684765625,18.42,0.68,0.0,0.0
1085,train_0401,0.3128333333333333,11298.873046875,10439.6826171875,-280.03173828125,280.03173828125,11018.84130859375,19.8,0.8,0.0,0.0
1086,train_0478,0.3121999999999999,11671.48046875,10728.7314453125,-251.12685546875002,251.12685546875002,11420.35361328125,18.96,0.48,0.0,0.0
1087,train_0514,0.31156666666666677,11750.76953125,10547.0,-269.3,269.3,11481.46953125,17.72,0.72,0.0,0.0
1088,train_0265,0.3109333333333334,11555.3837890625,10697.044921875,-254.2955078125,254.2955078125,11301.08828125,17.24,0.72,0.0,0.0
1089,train_0513,0.3103,11732.44921875,10563.677734375,-267.6322265625,267.6322265625,11464.8169921875,19.08,0.72,0.0,0.0
1090,train_0213,0.30966666666666665,11541.521484375,10627.099609375,-261.2900390625,261.2900390625,11280.2314453125,18.32,0.36,0.0,0.0
1091,train_0440,0.30903333333333327,11842.4287109375,11155.361328125,-208.4638671875,208.4638671875,11633.96484375,18.06,0.7,0.0,0.0
1092,train_0463,0.3084000000000001,11625.9921875,10510.302734375,-272.9697265625,272.9697265625,11353.0224609375,18.82,0.64,0.0,0.0
1093,train_0207,0.30776666666666674,11432.1552734375,10467.837890625,-277.2162109375,277.2162109375,11154.9390625,17.64,0.56,0.0,0.0
1094,train_0370,0.30713333333333337,11635.037109375,10915.859375,-232.4140625,232.4140625,11402.623046875,18.16,0.4,0.0,0.0
1095,train_0573,0.3065,11402.345703125,10503.466796875,-273.6533203125,273.6533203125,11128.6923828125,18.92,0.9,0.0,0.0
1096,train_0460,0.3058666666666666,11856.54296875,10636.23046875,-260.376953125,260.376953125,11596.166015625,17.32,0.76,0.0,0.0
1097,train_0478,0.30523333333333347,11555.2900390625,10767.2900390625,-247.27099609375,247.27099609375,11308.01904296875,19.12,0.48,0.0,0.0
1098,train_0063,0.3046000000000001,11673.2421875,10904.150390625,-233.5849609375,233.5849609375,11439.6572265625,18.4,0.68,0.0,0.0
1099,train_0217,0.3039666666666667,11992.77734375,10929.48828125,-231.05117187500002,231.05117187500002,11761.726171875,20.34,0.66,0.0,0.0
1100,train_0513,0.30333333333333334,11622.509765625,10755.28515625,-248.47148437500002,248.47148437500002,11374.03828125,18.38,0.6,0.0,0.0
1101,train_0496,0.30269999999999997,11775.755859375,10537.015625,-270.29843750000003,270.29843750000003,11505.457421875,20.26,0.62,0.0,0.0
1102,train_0160,0.3020666666666667,11653.1630859375,10938.45703125,-230.154296875,230.154296875,11423.0087890625,19.58,0.76,0.0,0.0
1103,train_0143,0.30143333333333344,11850.14453125,11119.03125,-212.096875,212.096875,11638.04765625,18.06,0.86,0.0,0.0
1104,train_0224,0.30080000000000007,11720.3076171875,10923.7529296875,-231.62470703125,231.62470703125,11488.68291015625,16.04,0.62,0.0,0.0
1105,train_0271,0.3001666666666667,11413.4560546875,10646.08984375,-259.391015625,259.391015625,11154.0650390625,18.4,0.64,0.0,0.0
1106,train_0414,0.2995333333333333,11836.2705078125,10669.419921875,-257.0580078125,257.0580078125,11579.2125,17.76,0.72,0.0,0.0
1107,train_0595,0.29890000000000005,11334.2451171875,10603.8125,-263.61875000000003,263.61875000000003,11070.6263671875,19.58,0.8,0.0,0.0
1108,train_0134,0.2982666666666667,11962.5361328125,10936.427734375,-230.35722656250002,230.35722656250002,11732.17890625,15.96,0.62,0.0,0.0
1109,train_0554,0.2976333333333334,11647.681640625,10840.3447265625,-239.96552734375,239.96552734375,11407.71611328125,16.22,0.78,0.0,0.0
1110,train_0273,0.29700000000000004,11887.6328125,10937.84375,-230.21562500000002,230.21562500000002,11657.4171875,19.7,0.74,0.0,0.0
1111,train_0182,0.29636666666666667,12003.947265625,10850.220703125,-238.97792968750002,238.97792968750002,11764.9693359375,18.84,0.86,0.0,0.0
1112,train_0252,0.2957333333333334,11402.755859375,10610.330078125,-262.9669921875,262.9669921875,11139.7888671875,17.36,0.72,0.0,0.0
1113,train_0261,0.29510000000000003,11887.529296875,10813.431640625,-242.6568359375,242.6568359375,11644.8724609375,19.14,0.64,0.0,0.0
1114,train_0075,0.29446666666666665,11713.248046875,10930.07421875,-230.99257812500002,230.99257812500002,11482.25546875,20.32,0.84,0.0,0.0
1115,train_0470,0.2938333333333333,11640.9892578125,10349.326171875,-289.0673828125,289.0673828125,11351.921875,19.02,0.46,0.0,0.0
1116,train_0255,0.2932,11435.416015625,10359.89453125,-288.010546875,288.010546875,11147.40546875,18.92,0.62,0.0,0.0
1117,train_0186,0.29256666666666675,11654.228515625,10815.4892578125,-242.45107421875002,242.45107421875002,11411.77744140625,17.26,0.52,0.0,0.0
1118,train_0577,0.2919333333333334,12303.220703125,11533.201171875,-170.6798828125,170.6798828125,12132.5408203125,17.38,0.68,0.0,0.0
1119,train_0361,0.2913,11763.67578125,11050.4404296875,-218.95595703125002,218.95595703125002,11544.71982421875,19.16,0.6,0.0,0.0
1120,train_0429,0.29066666666666663,11836.615234375,11432.8916015625,-180.71083984375002,180.71083984375002,11655.90439453125,18.82,0.78,0.0,0.0
1121,train_0438,0.29003333333333325,11618.25,10742.3701171875,-249.76298828125002,249.76298828125002,11368.48701171875,19.54,0.7,0.0,0.0
1122,train_0221,0.2894000000000001,11587.7568359375,11213.0244140625,-202.69755859375002,202.69755859375002,11385.05927734375,19.64,0.56,0.0,0.0
1123,train_0042,0.2887666666666667,11521.0205078125,10814.9951171875,-242.50048828125,242.50048828125,11278.52001953125,18.66,0.76,0.0,0.0
1124,train_0514,0.28813333333333335,11625.35546875,10816.5537109375,-242.34462890625002,242.34462890625002,11383.01083984375,17.44,0.64,0.0,0.0
1125,train_0098,0.2875,11516.986328125,10535.330078125,-270.4669921875,270.4669921875,11246.5193359375,16.8,0.76,0.0,0.0
1126,train_0370,0.2868666666666666,12012.7919921875,10747.6875,-249.23125000000002,249.23125000000002,11763.5607421875,18.64,0.5,0.0,0.0
1127,train_0320,0.28623333333333345,11874.353515625,10816.50390625,-242.349609375,242.349609375,11632.00390625,17.6,0.56,0.0,0.0
1128,train_0565,0.2856000000000001,12336.181640625,10702.158203125,-253.7841796875,253.7841796875,12082.3974609375,18.4,0.72,0.0,0.0
1129,train_0453,0.2849666666666667,11637.1494140625,10629.533203125,-261.0466796875,261.0466796875,11376.102734375,19.22,0.64,0.0,0.0
1130,train_0352,0.2843333333333333,11540.203125,10285.779296875,-295.4220703125,295.4220703125,11244.7810546875,18.88,0.66,0.0,0.0
1131,train_0319,0.28369999999999995,11734.4091796875,10814.388671875,-242.5611328125,242.5611328125,11491.848046875,16.7,0.66,0.0,0.0
1132,train_0140,0.2830666666666668,11428.994140625,11091.3984375,-214.86015625000002,214.86015625000002,11214.133984375,17.82,0.56,0.0,0.0
1133,train_0565,0.2824333333333334,11779.47265625,11076.4501953125,-216.35498046875,216.35498046875,11563.11767578125,18.26,0.82,0.0,0.0
1134,train_0461,0.28180000000000005,11814.4765625,10759.55859375,-248.044140625,248.044140625,11566.432421875,15.94,0.64,0.0,0.0
1135,train_0013,0.2811666666666667,11556.458984375,10764.12890625,-247.587109375,247.587109375,11308.871875,16.8,0.74,0.0,0.0
1136,train_0425,0.2805333333333333,12079.5595703125,11302.55078125,-193.74492187500002,193.74492187500002,11885.8146484375,17.08,0.5,0.0,0.0
1137,train_0390,0.27990000000000004,11908.8623046875,11051.45703125,-218.85429687500002,218.85429687500002,11690.0080078125,20.58,0.56,0.0,0.0
1138,train_0234,0.2792666666666668,11848.9453125,10591.654296875,-264.83457031250003,264.83457031250003,11584.1107421875,18.02,0.5,0.0,0.0
1139,train_0524,0.2786333333333334,11458.626953125,10032.177734375,-320.7822265625,320.7822265625,11137.8447265625,19.6,0.58,0.0,0.0
1140,train_0550,0.278,11746.033203125,10607.8994140625,-263.21005859375003,263.21005859375003,11482.82314453125,20.86,0.76,0.0,0.0
1141,train_0186,0.27736666666666665,12135.9873046875,10622.59765625,-261.740234375,261.740234375,11874.2470703125,17.2,0.54,0.0,0.0
1142,train_0099,0.2767333333333334,11331.38671875,10424.9150390625,-281.50849609375,281.50849609375,11049.87822265625,20.68,0.62,0.0,0.0
1143,train_0340,0.2761,11736.93359375,10808.662109375,-243.1337890625,243.1337890625,11493.7998046875,18.62,0.7,0.0,0.0
1144,train_0081,0.27546666666666675,11381.5625,10748.55859375,-249.144140625,249.144140625,11132.418359375,19.78,0.6,0.0,0.0
1145,train_0292,0.2748333333333334,11528.9765625,10956.4169921875,-228.35830078125002,228.35830078125002,11300.61826171875,20.68,0.6,0.0,0.0
1146,train_0395,0.2742,11561.232421875,10470.2958984375,-276.97041015625,276.97041015625,11284.26201171875,18.14,0.7,0.0,0.0
1147,train_0593,0.27356666666666674,11482.1748046875,10629.1611328125,-261.08388671875,261.08388671875,11221.09091796875,16.64,0.74,0.0,0.0
1148,train_0289,0.27293333333333336,12094.5078125,10887.013671875,-235.29863281250002,235.29863281250002,11859.2091796875,19.02,0.68,0.0,0.0
1149,train_0432,0.2723,11672.05859375,10726.2333984375,-251.37666015625,251.37666015625,11420.68193359375,16.78,0.6,0.0,0.0
1150,train_0062,0.2716666666666666,11488.083984375,10570.5380859375,-266.94619140625,266.94619140625,11221.13779296875,17.62,0.64,0.0,0.0
1151,train_0241,0.27103333333333335,11447.740234375,10699.0791015625,-254.09208984375002,254.09208984375002,11193.64814453125,18.04,0.7,0.0,0.0
1152,train_0012,0.2704000000000001,12096.8193359375,11123.2734375,-211.67265625000002,211.67265625000002,11885.1466796875,18.58,0.7,0.0,0.0
1153,train_0512,0.2697666666666667,11858.2490234375,10459.029296875,-278.0970703125,278.0970703125,11580.151953125,18.34,0.78,0.0,0.0
1154,train_0467,0.26913333333333334,12009.4423828125,11112.6005859375,-212.73994140625,212.73994140625,11796.70244140625,18.7,0.58,0.0,0.0
1155,train_0397,0.26849999999999996,11671.453125,10541.7666015625,-269.82333984375003,269.82333984375003,11401.62978515625,18.38,0.54,0.0,0.0
1156,train_0528,0.2678666666666666,11675.3828125,10787.251953125,-245.27480468750002,245.27480468750002,11430.1080078125,17.54,0.64,0.0,0.0
1157,train_0225,0.26723333333333343,11615.162109375,10987.90625,-225.20937500000002,225.20937500000002,11389.952734375,19.84,0.6,0.0,0.0
1158,train_0223,0.26660000000000006,11522.734375,10596.84765625,-264.315234375,264.315234375,11258.419140625,17.68,0.78,0.0,0.0
1159,train_0586,0.2659666666666667,11757.111328125,10506.1201171875,-273.38798828125,273.38798828125,11483.72333984375,18.34,0.66,0.0,0.0
1160,train_0091,0.2653333333333333,11853.287109375,10572.3759765625,-266.76240234375,266.76240234375,11586.52470703125,17.14,0.72,0.0,0.0
1161,train_0006,0.26469999999999994,11284.65234375,10993.87890625,-224.61210937500002,224.61210937500002,11060.040234375,18.88,0.72,0.0,0.0
1162,train_0492,0.2640666666666668,11620.03125,10478.53515625,-276.146484375,276.146484375,11343.884765625,19.14,0.74,0.0,0.0
1163,train_0011,0.2634333333333334,11357.1064453125,10613.814453125,-262.6185546875,262.6185546875,11094.487890625,17.72,0.46,0.0,0.0
1164,train_0433,0.26280000000000003,11448.4609375,10717.9921875,-252.20078125,252.20078125,11196.26015625,18.44,0.66,0.0,0.0
1165,train_0346,0.26216666666666666,11659.236328125,11306.318359375,-193.3681640625,193.3681640625,11465.8681640625,19.32,0.58,0.0,0.0
1166,train_0593,0.2615333333333333,11815.55859375,10450.021484375,-278.9978515625,278.9978515625,11536.5607421875,16.3,0.68,0.0,0.0
1167,train_0021,0.26090000000000013,11593.1796875,11195.052734375,-204.4947265625,204.4947265625,11388.6849609375,19.78,0.8,0.0,0.0
1168,train_0470,0.26026666666666676,11717.86328125,10354.576171875,-288.5423828125,288.5423828125,11429.3208984375,18.56,0.48,0.0,0.0
1169,train_0221,0.2596333333333334,11632.2939453125,11218.95703125,-202.10429687500002,202.10429687500002,11430.1896484375,18.2,0.46,0.0,0.0
1170,train_0479,0.259,11958.2822265625,11391.634765625,-184.8365234375,184.8365234375,11773.445703125,19.48,0.64,0.0,0.0
1171,train_0142,0.25836666666666663,12032.931640625,11220.0703125,-201.99296875000002,201.99296875000002,11830.938671875,18.28,0.64,0.0,0.0
1172,train_0296,0.25773333333333337,11545.896484375,11035.3046875,-220.46953125000002,220.46953125000002,11325.426953125,18.36,0.78,0.0,0.0
1173,train_0049,0.2571000000000001,11648.6396484375,10977.607421875,-226.2392578125,226.2392578125,11422.400390625,17.42,0.62,0.0,0.0
1174,train_0020,0.25646666666666673,11878.56640625,11119.5517578125,-212.04482421875002,212.04482421875002,11666.52158203125,17.8,0.66,0.0,0.0
1175,train_0099,0.25583333333333336,11346.41015625,10467.681640625,-277.2318359375,277.2318359375,11069.1783203125,21.02,0.64,0.0,0.0
1176,train_0386,0.2552,11460.21484375,10978.087890625,-226.19121093750002,226.19121093750002,11234.0236328125,17.52,0.54,0.0,0.0
1177,train_0195,0.2545666666666667,11900.943359375,10901.3974609375,-233.86025390625002,233.86025390625002,11667.08310546875,20.26,0.72,0.0,0.0
1178,train_0099,0.25393333333333334,11719.595703125,10317.998046875,-292.2001953125,292.2001953125,11427.3955078125,19.56,0.62,0.0,0.0
1179,train_0158,0.2533000000000001,12035.9091796875,11035.55078125,-220.444921875,220.444921875,11815.4642578125,19.36,0.62,0.0,0.0
1180,train_0179,0.2526666666666667,11579.767578125,10581.556640625,-265.84433593750003,265.84433593750003,11313.9232421875,17.5,0.78,0.0,0.0
1181,train_0387,0.25203333333333333,11475.9921875,10392.3212890625,-284.76787109375,284.76787109375,11191.22431640625,18.48,0.66,0.0,0.0
1182,train_0180,0.25140000000000007,11815.810546875,11074.994140625,-216.5005859375,216.5005859375,11599.3099609375,19.8,0.68,0.0,0.0
1183,train_0213,0.2507666666666667,11579.3271484375,10688.42578125,-255.157421875,255.157421875,11324.1697265625,19.08,0.46,0.0,0.0
1184,train_0068,0.2501333333333333,11529.958984375,11084.7919921875,-215.52080078125002,215.52080078125002,11314.43818359375,16.9,0.68,0.0,0.0
1185,train_0514,0.24950000000000006,11636.146484375,10599.9638671875,-264.00361328125,264.00361328125,11372.14287109375,17.32,0.6,0.0,0.0
1186,train_0542,0.24886666666666668,11770.58203125,10267.2890625,-297.27109375000003,297.27109375000003,11473.3109375,18.5,0.56,0.0,0.0
1187,train_0193,0.24823333333333342,11684.32421875,10864.8515625,-237.51484375,237.51484375,11446.809375,16.5,0.6,0.0,0.0
1188,train_0348,0.24760000000000004,11814.0859375,10740.650390625,-249.93496093750002,249.93496093750002,11564.1509765625,18.6,0.64,0.0,0.0
1189,train_0308,0.24696666666666667,11651.0859375,10655.30859375,-258.469140625,258.469140625,11392.616796875,19.8,0.5,0.0,0.0
1190,train_0174,0.2463333333333333,11615.962890625,10892.21484375,-234.778515625,234.778515625,11381.184375,19.36,0.56,0.0,0.0
1191,train_0014,0.24569999999999992,11485.662109375,11107.205078125,-213.2794921875,213.2794921875,11272.3826171875,20.46,0.78,0.0,0.0
1192,train_0248,0.24506666666666677,11921.9052734375,10690.384765625,-254.9615234375,254.9615234375,11666.94375,18.94,0.82,0.0,0.0
1193,train_0115,0.2444333333333334,11737.0556640625,11254.9990234375,-198.50009765625,198.50009765625,11538.55556640625,17.86,0.8,0.0,0.0
1194,train_0397,0.24380000000000002,11519.2939453125,10518.40625,-272.159375,272.159375,11247.1345703125,16.98,0.52,0.0,0.0
1195,train_0140,0.24316666666666664,11621.4140625,10935.599609375,-230.4400390625,230.4400390625,11390.9740234375,17.62,0.6,0.0,0.0
1196,train_0566,0.24253333333333327,11362.2578125,10453.1689453125,-278.68310546875,278.68310546875,11083.57470703125,16.58,0.7,0.0,0.0
1197,train_0062,0.24190000000000011,11436.44921875,10636.92578125,-260.307421875,260.307421875,11176.141796875,17.92,0.66,0.0,0.0
1198,train_0503,0.24126666666666674,12021.7890625,11045.8330078125,-219.41669921875,219.41669921875,11802.37236328125,18.48,0.68,0.0,0.0
1199,train_0124,0.24063333333333337,11813.79296875,10797.517578125,-244.2482421875,244.2482421875,11569.5447265625,20.4,0.66,0.0,0.0
1200,train_0421,0.24,11925.08984375,11148.8857421875,-209.11142578125,209.11142578125,11715.97841796875,17.46,0.52,0.0,0.0
1201,train_0451,0.23936666666666662,11671.03125,11061.744140625,-217.82558593750002,217.82558593750002,11453.2056640625,19.26,0.46,0.0,0.0
1202,train_0278,0.23873333333333346,11552.4658203125,10755.142578125,-248.48574218750002,248.48574218750002,11303.980078125,20.08,0.56,0.0,0.0
1203,train_0597,0.2381000000000001,11616.486328125,10713.501953125,-252.64980468750002,252.64980468750002,11363.8365234375,20.26,0.68,0.0,0.0
1204,train_0562,0.23746666666666671,11752.181640625,10778.9609375,-246.10390625000002,246.10390625000002,11506.077734375,17.76,0.58,0.0,0.0
1205,train_0203,0.23683333333333334,11961.80859375,11080.88671875,-215.911328125,215.911328125,11745.897265625,15.42,0.76,0.0,0.0
1206,train_0128,0.23619999999999997,11570.453125,10244.109375,-299.5890625,299.5890625,11270.8640625,17.58,0.82,0.0,0.0
1207,train_0092,0.2355666666666668,11716.7802734375,11010.646484375,-222.93535156250002,222.93535156250002,11493.844921875,20.08,0.82,0.0,0.0
1208,train_0438,0.23493333333333344,11654.17578125,10672.3017578125,-256.76982421875,256.76982421875,11397.40595703125,19.44,0.74,0.0,0.0
1209,train_0240,0.23430000000000006,11901.810546875,11425.0419921875,-181.49580078125,181.49580078125,11720.31474609375,18.12,0.72,0.0,0.0
1210,train_0460,0.2336666666666667,11587.4501953125,10881.568359375,-235.84316406250002,235.84316406250002,11351.60703125,16.98,0.76,0.0,0.0
1211,train_0101,0.23303333333333331,11982.591796875,10554.443359375,-268.5556640625,268.5556640625,11714.0361328125,19.82,0.58,0.0,0.0
1212,train_0522,0.23240000000000005,11666.8828125,10999.640625,-224.03593750000002,224.03593750000002,11442.846875,20.46,0.76,0.0,0.0
1213,train_0219,0.23176666666666668,11674.0625,10847.365234375,-239.26347656250002,239.26347656250002,11434.7990234375,19.62,0.74,0.0,0.0
1214,train_0075,0.2311333333333334,11775.490234375,10948.6650390625,-229.13349609375,229.13349609375,11546.35673828125,20.18,0.92,0.0,0.0
1215,train_0431,0.23050000000000004,11702.375,10476.701171875,-276.3298828125,276.3298828125,11426.0451171875,19.64,0.7,0.0,0.0
1216,train_0195,0.22986666666666666,11825.08203125,10923.1484375,-231.68515625,231.68515625,11593.396875,20.26,0.7,0.0,0.0
1217,train_0522,0.2292333333333334,11585.111328125,11140.3388671875,-209.96611328125002,209.96611328125002,11375.14521484375,19.44,0.92,0.0,0.0
1218,train_0417,0.22860000000000003,11468.12109375,10885.1044921875,-235.48955078125002,235.48955078125002,11232.63154296875,17.86,0.54,0.0,0.0
1219,train_0086,0.22796666666666665,11351.275390625,10301.04296875,-293.895703125,293.895703125,11057.3796875,19.78,0.72,0.0,0.0
1220,train_0523,0.2273333333333334,11180.21875,10737.02734375,-250.29726562500002,250.29726562500002,10929.921484375,19.2,0.58,0.0,0.0
1221,train_0287,0.2267,11817.607421875,10791.521484375,-244.8478515625,244.8478515625,11572.7595703125,18.64,0.7,0.0,0.0
1222,train_0405,0.22606666666666675,11715.283203125,10938.03515625,-230.196484375,230.196484375,11485.08671875,18.38,0.78,0.0,0.0
1223,train_0133,0.22543333333333337,11857.8984375,10959.4541015625,-228.05458984375002,228.05458984375002,11629.84384765625,20.04,0.74,0.0,0.0
1224,train_0318,0.2248,11473.5830078125,10667.40625,-257.25937500000003,257.25937500000003,11216.3236328125,20.92,0.6,0.0,0.0
1225,train_0330,0.22416666666666663,11321.009765625,10665.828125,-257.4171875,257.4171875,11063.592578125,17.94,0.68,0.0,0.0
1226,train_0023,0.22353333333333325,11356.517578125,10444.7607421875,-279.52392578125,279.52392578125,11076.99365234375,17.68,0.52,0.0,0.0
1227,train_0201,0.2229000000000001,11326.3310546875,11035.7919921875,-220.42080078125002,220.42080078125002,11105.91025390625,20.54,0.9,0.0,0.0
1228,train_0018,0.22226666666666672,11584.8828125,10867.14453125,-237.28554687500002,237.28554687500002,11347.597265625,19.16,0.48,0.0,0.0
1229,train_0416,0.22163333333333335,11582.060546875,10532.0224609375,-270.79775390625,270.79775390625,11311.26279296875,20.04,0.82,0.0,0.0
1230,train_0194,0.22099999999999997,11788.849609375,10748.58984375,-249.14101562500002,249.14101562500002,11539.70859375,18.4,0.62,0.0,0.0
1231,train_0154,0.2203666666666666,11959.88671875,10710.0068359375,-252.99931640625002,252.99931640625002,11706.88740234375,21.48,0.68,0.0,0.0
1232,train_0550,0.21973333333333345,11515.4453125,10703.48046875,-253.651953125,253.651953125,11261.793359375,20.74,0.74,0.0,0.0
1233,train_0048,0.21910000000000007,11818.55859375,10790.017578125,-244.9982421875,244.9982421875,11573.5603515625,18.3,0.44,0.0,0.0
1234,train_0589,0.2184666666666667,11451.4716796875,10698.322265625,-254.16777343750002,254.16777343750002,11197.30390625,18.8,0.36,0.0,0.0
1235,train_0590,0.21783333333333332,11533.44140625,10903.5478515625,-233.64521484375,233.64521484375,11299.79619140625,21.06,0.58,0.0,0.0
1236,train_0136,0.21719999999999995,11449.1328125,10841.771484375,-239.8228515625,239.8228515625,11209.3099609375,21.0,0.4,0.0,0.0
1237,train_0034,0.2165666666666668,11603.3359375,10688.646484375,-255.1353515625,255.1353515625,11348.2005859375,18.34,0.58,0.0,0.0
1238,train_0443,0.21593333333333342,11715.58203125,11302.2666015625,-193.77333984375002,193.77333984375002,11521.80869140625,20.22,0.7,0.0,0.0
1239,train_0065,0.21530000000000005,11751.603515625,10938.7021484375,-230.12978515625002,230.12978515625002,11521.47373046875,16.42,0.76,0.0,0.0
1240,train_0533,0.21466666666666667,11486.6328125,10630.0498046875,-260.99501953125,260.99501953125,11225.63779296875,19.04,0.66,0.0,0.0
1241,train_0419,0.2140333333333333,11783.0390625,10568.52734375,-267.147265625,267.147265625,11515.891796875,17.74,0.64,0.0,0.0
1242,train_0502,0.21340000000000015,11877.0830078125,10761.349609375,-247.86503906250002,247.86503906250002,11629.21796875,18.04,0.78,0.0,0.0
1243,train_0125,0.21276666666666677,11547.1181640625,10369.3173828125,-287.06826171875,287.06826171875,11260.04990234375,19.84,0.58,0.0,0.0
1244,train_0249,0.2121333333333334,12059.6708984375,10726.2265625,-251.37734375000002,251.37734375000002,11808.2935546875,18.64,0.68,0.0,0.0
1245,train_0561,0.21150000000000002,11641.63671875,11089.064453125,-215.09355468750002,215.09355468750002,11426.5431640625,20.6,0.64,0.0,0.0
1246,train_0271,0.21086666666666665,11289.322265625,10599.37109375,-264.062890625,264.062890625,11025.259375,18.22,0.76,0.0,0.0
1247,train_0560,0.21023333333333338,11534.19921875,10917.3740234375,-232.26259765625002,232.26259765625002,11301.93662109375,20.52,0.58,0.0,0.0
1248,train_0408,0.2096,11275.857421875,10545.1162109375,-269.48837890625003,269.48837890625003,11006.36904296875,17.38,0.8,0.0,0.0
1249,train_0188,0.20896666666666674,11594.458984375,10972.341796875,-226.7658203125,226.7658203125,11367.6931640625,17.18,0.52,0.0,0.0
1250,train_0582,0.20833333333333337,11806.337890625,10861.5185546875,-237.84814453125,237.84814453125,11568.48974609375,18.72,0.84,0.0,0.0
1251,train_0387,0.2077,11469.818359375,10454.18359375,-278.58164062500003,278.58164062500003,11191.23671875,18.08,0.56,0.0,0.0
1252,train_0475,0.20706666666666673,11519.564453125,10213.84765625,-302.615234375,302.615234375,11216.94921875,18.88,0.6,0.0,0.0
1253,train_0009,0.20643333333333336,11725.33203125,10817.48046875,-242.251953125,242.251953125,11483.080078125,17.32,0.76,0.0,0.0
1254,train_0446,0.20579999999999998,11539.623046875,10457.9375,-278.20625,278.20625,11261.416796875,18.96,0.84,0.0,0.0
1255,train_0452,0.20516666666666672,11519.701171875,10875.810546875,-236.4189453125,236.4189453125,11283.2822265625,17.92,0.52,0.0,0.0
1256,train_0573,0.20453333333333334,11582.296875,10617.36328125,-262.263671875,262.263671875,11320.033203125,18.22,0.78,0.0,0.0
1257,train_0031,0.20390000000000008,11546.62890625,10745.1953125,-249.48046875,249.48046875,11297.1484375,21.0,0.74,0.0,0.0
1258,train_0550,0.2032666666666667,11576.3759765625,10622.3515625,-261.76484375,261.76484375,11314.6111328125,20.98,0.74,0.0,0.0
1259,train_0246,0.20263333333333333,11387.431640625,10661.4375,-257.85625,257.85625,11129.575390625,19.84,0.7,0.0,0.0
1260,train_0079,0.20199999999999996,11774.59765625,10746.1962890625,-249.38037109375,249.38037109375,11525.21728515625,19.18,0.66,0.0,0.0
1261,train_0317,0.20136666666666658,11276.373046875,10812.970703125,-242.70292968750002,242.70292968750002,11033.6701171875,18.6,0.68,0.0,0.0
1262,train_0180,0.20073333333333343,11540.185546875,11327.66015625,-191.233984375,191.233984375,11348.9515625,20.82,0.68,0.0,0.0
1263,train_0572,0.20010000000000006,11483.248046875,10983.6708984375,-225.63291015625,225.63291015625,11257.61513671875,16.24,0.66,0.0,0.0
1264,train_0243,0.19946666666666668,11601.412109375,11216.244140625,-202.3755859375,202.3755859375,11399.0365234375,20.42,0.76,0.0,0.0
1265,train_0465,0.1988333333333333,11430.689453125,11461.58203125,-177.841796875,177.841796875,11252.84765625,19.36,0.86,0.0,0.0
1266,train_0003,0.19819999999999993,11423.5009765625,10744.34765625,-249.56523437500002,249.56523437500002,11173.9357421875,19.42,0.66,0.0,0.0
1267,train_0529,0.19756666666666678,11361.015625,11141.64453125,-209.835546875,209.835546875,11151.180078125,20.46,0.48,0.0,0.0
1268,train_0125,0.1969333333333334,11555.603515625,10479.0947265625,-276.09052734375,276.09052734375,11279.51298828125,19.7,0.62,0.0,0.0
1269,train_0265,0.19630000000000003,11239.39453125,10892.619140625,-234.73808593750002,234.73808593750002,11004.6564453125,18.08,0.82,0.0,0.0
1270,train_0432,0.19566666666666666,11403.884765625,10781.978515625,-245.80214843750002,245.80214843750002,11158.0826171875,17.34,0.56,0.0,0.0
1271,train_0165,0.19503333333333328,11388.416015625,10440.0068359375,-279.99931640625,279.99931640625,11108.41669921875,19.2,0.74,0.0,0.0
1272,train_0314,0.19440000000000013,11709.6591796875,10484.25,-275.575,275.575,11434.0841796875,19.56,0.76,0.0,0.0
1273,train_0216,0.19376666666666675,11493.9013671875,10733.7421875,-250.62578125000002,250.62578125000002,11243.2755859375,21.0,0.58,0.0,0.0
1274,train_0592,0.19313333333333338,11894.1962890625,10661.529296875,-257.8470703125,257.8470703125,11636.34921875,18.14,0.74,0.0,0.0
1275,train_0000,0.1925,11106.5234375,10830.291015625,-240.9708984375,240.9708984375,10865.5525390625,18.9,0.66,0.0,0.0
1276,train_0104,0.19186666666666663,11677.791015625,10630.0390625,-260.99609375,260.99609375,11416.794921875,19.62,0.8,0.0,0.0
1277,train_0071,0.19123333333333348,11787.29296875,11001.833984375,-223.8166015625,223.8166015625,11563.4763671875,16.62,0.72,0.0,0.0
1278,train_0053,0.1906000000000001,11474.7802734375,11204.0322265625,-203.59677734375,203.59677734375,11271.18349609375,18.96,0.72,0.0,0.0
1279,train_0336,0.18996666666666673,11202.060546875,10802.783203125,-243.7216796875,243.7216796875,10958.3388671875,19.16,0.58,0.0,0.0
1280,train_0121,0.18933333333333335,11520.8671875,10790.2421875,-244.97578125,244.97578125,11275.89140625,17.72,0.62,0.0,0.0
1281,train_0220,0.18869999999999998,11740.3125,10773.005859375,-246.6994140625,246.6994140625,11493.6130859375,18.8,0.76,0.0,0.0
1282,train_0196,0.18806666666666672,11552.51171875,11020.939453125,-221.90605468750002,221.90605468750002,11330.6056640625,18.52,0.6,0.0,0.0
1283,train_0440,0.18743333333333334,11809.00390625,11089.3173828125,-215.06826171875002,215.06826171875002,11593.93564453125,18.38,0.62,0.0,0.0
1284,train_0233,0.18680000000000008,12103.44140625,11153.9423828125,-208.60576171875002,208.60576171875002,11894.83564453125,18.06,0.62,0.0,0.0
1285,train_0542,0.1861666666666667,11448.8583984375,10564.03125,-267.596875,267.596875,11181.2615234375,18.72,0.66,0.0,0.0
1286,train_0323,0.18553333333333333,11792.3486328125,11024.462890625,-221.5537109375,221.5537109375,11570.794921875,19.86,0.8,0.0,0.0
1287,train_0340,0.18490000000000006,11579.4931640625,10692.6259765625,-254.73740234375,254.73740234375,11324.75576171875,19.48,0.84,0.0,0.0
1288,train_0168,0.1842666666666667,11592.2333984375,11139.3955078125,-210.06044921875002,210.06044921875002,11382.17294921875,20.02,0.64,0.0,0.0
1289,train_0383,0.18363333333333332,11498.734375,10671.9482421875,-256.80517578125,256.80517578125,11241.92919921875,18.42,0.64,0.0,0.0
1290,train_0122,0.18300000000000005,11729.4482421875,10657.98828125,-258.201171875,258.201171875,11471.2470703125,18.16,0.78,0.0,0.0
1291,train_0032,0.18236666666666668,11760.9345703125,10767.048828125,-247.2951171875,247.2951171875,11513.639453125,20.04,0.78,0.0,0.0
1292,train_0563,0.1817333333333334,11493.2783203125,10733.6708984375,-250.63291015625,250.63291015625,11242.64541015625,19.08,0.54,0.0,0.0
1293,train_0311,0.18110000000000004,11785.822265625,10833.884765625,-240.6115234375,240.6115234375,11545.2107421875,18.56,0.8,0.0,0.0
1294,train_0231,0.18046666666666666,11676.3125,10714.904296875,-252.50957031250002,252.50957031250002,11423.8029296875,18.12,0.72,0.0,0.0
1295,train_0541,0.1798333333333333,11577.93359375,10951.7412109375,-228.82587890625,228.82587890625,11349.10771484375,20.04,0.62,0.0,0.0
1296,train_0285,0.17919999999999991,11304.8681640625,10676.6171875,-256.33828125,256.33828125,11048.5298828125,17.76,0.7,0.0,0.0
1297,train_0029,0.17856666666666676,11651.5,10401.7021484375,-283.82978515625,283.82978515625,11367.67021484375,19.24,0.78,0.0,0.0
1298,train_0123,0.1779333333333334,11480.64453125,11109.1875,-213.08125,213.08125,11267.56328125,18.58,0.42,0.0,0.0
1299,train_0264,0.1773,11577.4130859375,10508.962890625,-273.1037109375,273.1037109375,11304.309375,18.84,0.6,0.0,0.0
1300,train_0545,0.17666666666666664,11577.7158203125,10637.537109375,-260.2462890625,260.2462890625,11317.46953125,21.24,0.54,0.0,0.0
1301,train_0583,0.17603333333333326,11636.55078125,10862.5595703125,-237.74404296875002,237.74404296875002,11398.80673828125,18.3,0.46,0.0,0.0
1302,train_0206,0.1754000000000001,12035.150390625,11049.9189453125,-219.00810546875002,219.00810546875002,11816.14228515625,16.98,0.72,0.0,0.0
1303,train_0144,0.17476666666666674,11939.197265625,11339.896484375,-190.0103515625,190.0103515625,11749.1869140625,17.92,0.72,0.0,0.0
1304,train_0563,0.17413333333333336,11669.8212890625,10782.052734375,-245.79472656250002,245.79472656250002,11424.0265625,18.96,0.6,0.0,0.0
1305,train_0528,0.1735,11606.212890625,10747.044921875,-249.2955078125,249.2955078125,11356.9173828125,18.0,0.62,0.0,0.0
1306,train_0032,0.1728666666666666,11721.4716796875,10745.3125,-249.46875,249.46875,11472.0029296875,20.98,0.8,0.0,0.0
1307,train_0039,0.17223333333333346,11742.5,10913.3125,-232.66875000000002,232.66875000000002,11509.83125,19.18,0.5,0.0,0.0
1308,train_0138,0.17160000000000009,11611.0498046875,10697.935546875,-254.20644531250002,254.20644531250002,11356.843359375,20.22,0.78,0.0,0.0
1309,train_0597,0.1709666666666667,11463.478515625,10797.974609375,-244.20253906250002,244.20253906250002,11219.2759765625,20.48,0.58,0.0,0.0
1310,train_0145,0.17033333333333334,11529.919921875,10771.2646484375,-246.87353515625,246.87353515625,11283.04638671875,16.9,0.72,0.0,0.0
1311,train_0389,0.16969999999999996,11639.9609375,10685.8291015625,-255.41708984375,255.41708984375,11384.54384765625,18.76,0.7,0.0,0.0
1312,train_0118,0.1690666666666668,11761.033203125,10540.4287109375,-269.95712890625003,269.95712890625003,11491.07607421875,17.08,0.6,0.0,0.0
1313,train_0311,0.16843333333333343,11863.673828125,10657.12109375,-258.287890625,258.287890625,11605.3859375,19.2,0.76,0.0,0.0
1314,train_0007,0.16780000000000006,12176.0234375,11357.8369140625,-188.21630859375,188.21630859375,11987.80712890625,17.94,0.74,0.0,0.0
1315,train_0591,0.16716666666666669,11744.80078125,11105.857421875,-213.4142578125,213.4142578125,11531.3865234375,20.82,0.92,0.0,0.0
1316,train_0471,0.1665333333333333,11801.6171875,10729.2421875,-251.07578125,251.07578125,11550.54140625,17.96,0.64,0.0,0.0
1317,train_0021,0.16590000000000005,11406.8515625,11145.1923828125,-209.48076171875002,209.48076171875002,11197.37080078125,19.46,0.82,0.0,0.0
1318,train_0416,0.16526666666666667,11422.7841796875,10680.1455078125,-255.98544921875,255.98544921875,11166.79873046875,20.44,0.7,0.0,0.0
1319,train_0162,0.1646333333333334,11388.3017578125,10191.4677734375,-304.85322265625,304.85322265625,11083.44853515625,19.22,0.62,0.0,0.0
1320,train_0503,0.16400000000000003,11823.7353515625,11161.0244140625,-207.89755859375,207.89755859375,11615.83779296875,18.9,0.62,0.0,0.0
1321,train_0570,0.16336666666666666,11511.7646484375,10718.837890625,-252.1162109375,252.1162109375,11259.6484375,17.3,0.56,0.0,0.0
1322,train_0201,0.1627333333333334,11371.462890625,11002.9970703125,-223.70029296875,223.70029296875,11147.76259765625,20.4,0.78,0.0,0.0
1323,train_0564,0.16210000000000002,11713.736328125,10992.44921875,-224.755078125,224.755078125,11488.98125,19.84,0.76,0.0,0.0
1324,train_0380,0.16146666666666665,11621.8623046875,10366.84765625,-287.315234375,287.315234375,11334.5470703125,19.94,0.58,0.0,0.0
1325,train_0346,0.16083333333333338,11721.3896484375,11171.791015625,-206.8208984375,206.8208984375,11514.56875,19.18,0.5,0.0,0.0
1326,train_0177,0.1602,11661.0,10625.5166015625,-261.44833984375003,261.44833984375003,11399.55166015625,16.82,0.3,0.0,0.0
1327,train_0094,0.15956666666666675,11498.5966796875,10130.501953125,-310.94980468750003,310.94980468750003,11187.646875,18.98,0.74,0.0,0.0
1328,train_0445,0.15893333333333337,11986.603515625,11059.80078125,-218.01992187500002,218.01992187500002,11768.58359375,20.8,0.72,0.0,0.0
1329,train_0491,0.1583,11513.6376953125,10708.658203125,-253.13417968750002,253.13417968750002,11260.503515625,17.78,0.64,0.0,0.0
1330,train_0275,0.15766666666666662,11577.658203125,10909.763671875,-233.0236328125,233.0236328125,11344.6345703125,18.0,0.42,0.0,0.0
1331,train_0577,0.15703333333333336,12055.0859375,11528.228515625,-171.17714843750002,171.17714843750002,11883.9087890625,19.04,0.78,0.0,0.0
1332,train_0373,0.1564000000000001,11414.265625,11108.0078125,-213.19921875,213.19921875,11201.06640625,18.94,0.54,0.0,0.0
1333,train_0467,0.15576666666666672,11956.271484375,11196.3505859375,-204.36494140625,204.36494140625,11751.90654296875,18.76,0.6,0.0,0.0
1334,train_0303,0.15513333333333335,11493.658203125,10352.390625,-288.7609375,288.7609375,11204.897265625,18.96,0.64,0.0,0.0
1335,train_0535,0.15449999999999997,11328.79296875,10642.8779296875,-259.71220703125,259.71220703125,11069.08076171875,17.58,0.64,0.0,0.0
1336,train_0314,0.1538666666666666,11479.970703125,10724.71484375,-251.528515625,251.528515625,11228.4421875,19.6,0.64,0.0,0.0
1337,train_0039,0.15323333333333344,11694.638671875,11066.595703125,-217.3404296875,217.3404296875,11477.2982421875,20.12,0.46,0.0,0.0
1338,train_0029,0.15260000000000007,11677.130859375,10351.099609375,-288.8900390625,288.8900390625,11388.2408203125,18.84,0.78,0.0,0.0
1339,train_0015,0.1519666666666667,11284.533203125,10780.5576171875,-245.94423828125002,245.94423828125002,11038.58896484375,19.26,0.78,0.0,0.0
1340,train_0589,0.15133333333333332,11330.826171875,10639.5419921875,-260.04580078125,260.04580078125,11070.78037109375,19.22,0.42,0.0,0.0
1341,train_0109,0.15069999999999995,11668.759765625,11036.83984375,-220.316015625,220.316015625,11448.44375,19.74,0.66,0.0,0.0
1342,train_0021,0.1500666666666668,11513.5947265625,11096.3623046875,-214.36376953125,214.36376953125,11299.23095703125,20.34,0.82,0.0,0.0
1343,train_0159,0.14943333333333342,11176.26953125,10382.708984375,-285.72910156250003,285.72910156250003,10890.5404296875,20.5,0.86,0.0,0.0
1344,train_0525,0.14880000000000004,11496.37109375,10385.875,-285.4125,285.4125,11210.95859375,17.2,0.42,0.0,0.0
1345,train_0512,0.14816666666666667,11675.9150390625,10667.5771484375,-257.24228515625003,257.24228515625003,11418.67275390625,18.44,0.7,0.0,0.0
1346,train_0174,0.1475333333333333,11388.87109375,11029.900390625,-221.0099609375,221.0099609375,11167.8611328125,19.26,0.66,0.0,0.0
1347,train_0281,0.14690000000000014,11477.6435546875,11021.9052734375,-221.80947265625002,221.80947265625002,11255.83408203125,18.9,0.6,0.0,0.0
1348,train_0380,0.14626666666666677,11519.298828125,10661.6220703125,-257.83779296875,257.83779296875,11261.46103515625,19.8,0.62,0.0,0.0
1349,train_0339,0.1456333333333334,11864.2392578125,10989.36328125,-225.063671875,225.063671875,11639.1755859375,20.22,0.7,0.0,0.0
1350,train_0129,0.14500000000000002,11681.9638671875,11253.72265625,-198.62773437500002,198.62773437500002,11483.3361328125,17.16,0.82,0.0,0.0
1351,train_0220,0.14436666666666664,11593.6376953125,10790.3037109375,-244.96962890625002,244.96962890625002,11348.66806640625,18.94,0.74,0.0,0.0
1352,train_0140,0.14373333333333338,11477.533203125,11071.7421875,-216.82578125,216.82578125,11260.707421875,17.96,0.6,0.0,0.0
1353,train_0229,0.14310000000000012,11703.013671875,11360.044921875,-187.99550781250002,187.99550781250002,11515.0181640625,18.38,0.82,0.0,0.0
1354,train_0327,0.14246666666666674,11420.060546875,11233.6884765625,-200.63115234375002,200.63115234375002,11219.42939453125,19.8,0.72,0.0,0.0
1355,train_0531,0.14183333333333337,11578.5361328125,11036.095703125,-220.39042968750002,220.39042968750002,11358.145703125,20.64,0.7,0.0,0.0
1356,train_0452,0.1412,11433.4619140625,10881.2587890625,-235.87412109375,235.87412109375,11197.58779296875,18.12,0.4,0.0,0.0
1357,train_0420,0.14056666666666673,11434.689453125,10857.4765625,-238.25234375000002,238.25234375000002,11196.437109375,18.18,0.88,0.0,0.0
1358,train_0451,0.13993333333333335,11576.75,11201.64453125,-203.835546875,203.835546875,11372.914453125,19.7,0.42,0.0,0.0
1359,train_0307,0.13929999999999998,11232.4189453125,10772.6484375,-246.73515625000002,246.73515625000002,10985.6837890625,19.92,0.52,0.0,0.0
1360,train_0197,0.13866666666666672,11927.3837890625,10821.2802734375,-241.87197265625002,241.87197265625002,11685.51181640625,18.86,0.74,0.0,0.0
1361,train_0399,0.13803333333333334,11455.5029296875,10872.275390625,-236.7724609375,236.7724609375,11218.73046875,18.04,0.78,0.0,0.0
1362,train_0061,0.13740000000000008,11558.484375,10754.6171875,-248.53828125,248.53828125,11309.94609375,18.24,0.64,0.0,0.0
1363,train_0240,0.1367666666666667,11784.3095703125,11654.5732421875,-158.54267578125,158.54267578125,11625.76689453125,19.0,0.68,0.0,0.0
1364,train_0001,0.13613333333333333,11626.6357421875,10545.53125,-269.44687500000003,269.44687500000003,11357.1888671875,16.56,0.74,0.0,0.0
1365,train_0339,0.13549999999999995,11912.5126953125,10914.232421875,-232.5767578125,232.5767578125,11679.9359375,20.02,0.76,0.0,0.0
1366,train_0575,0.1348666666666667,12019.20703125,11367.3662109375,-187.26337890625,187.26337890625,11831.94365234375,19.72,0.82,0.0,0.0
1367,train_0128,0.13423333333333343,11226.8193359375,10503.8896484375,-273.61103515625,273.61103515625,10953.20830078125,18.24,0.82,0.0,0.0
1368,train_0437,0.13360000000000005,11308.69921875,9787.7607421875,-345.22392578125005,345.22392578125005,10963.47529296875,18.8,0.7,0.0,0.0
1369,train_0094,0.13296666666666668,11339.462890625,10413.390625,-282.6609375,282.6609375,11056.801953125,19.76,0.64,0.0,0.0
1370,train_0528,0.1323333333333333,11598.9765625,10762.0341796875,-247.79658203125,247.79658203125,11351.17998046875,17.46,0.6,0.0,0.0
1371,train_0573,0.13169999999999993,11375.046875,10459.3798828125,-278.06201171875,278.06201171875,11096.98486328125,19.08,0.9,0.0,0.0
1372,train_0369,0.13106666666666678,11673.2138671875,10634.8994140625,-260.51005859375,260.51005859375,11412.70380859375,16.86,0.78,0.0,0.0
1373,train_0289,0.1304333333333334,11713.4375,10943.7734375,-229.62265625,229.62265625,11483.81484375,20.02,0.74,0.0,0.0
1374,train_0513,0.12980000000000003,11384.16796875,10894.40234375,-234.559765625,234.559765625,11149.608203125,19.14,0.66,0.0,0.0
1375,train_0296,0.12916666666666665,11378.09375,11176.802734375,-206.31972656250002,206.31972656250002,11171.7740234375,18.32,0.78,0.0,0.0
1376,train_0186,0.12853333333333328,11585.291015625,10859.796875,-238.02031250000002,238.02031250000002,11347.270703125,17.42,0.6,0.0,0.0
1377,train_0592,0.12790000000000012,11461.0791015625,10993.68359375,-224.63164062500002,224.63164062500002,11236.4474609375,18.38,0.52,0.0,0.0
1378,train_0387,0.12726666666666675,11467.5849609375,10516.11328125,-272.388671875,272.388671875,11195.1962890625,18.9,0.66,0.0,0.0
1379,train_0561,0.12663333333333338,11484.8408203125,11210.8515625,-202.91484375000002,202.91484375000002,11281.9259765625,21.14,0.58,0.0,0.0
1380,train_0087,0.126,11507.318359375,11161.064453125,-207.8935546875,207.8935546875,11299.4248046875,18.5,0.54,0.0,0.0
1381,train_0513,0.12536666666666663,11378.1865234375,10872.6796875,-236.73203125,236.73203125,11141.4544921875,18.98,0.68,0.0,0.0
1382,train_0141,0.12473333333333347,11652.998046875,11034.6494140625,-220.53505859375002,220.53505859375002,11432.46298828125,16.04,0.56,0.0,0.0
1383,train_0127,0.1241000000000001,11740.5078125,10773.94140625,-246.60585937500002,246.60585937500002,11493.901953125,17.8,0.7,0.0,0.0
1384,train_0511,0.12346666666666672,11284.119140625,10696.099609375,-254.39003906250002,254.39003906250002,11029.7291015625,19.92,0.66,0.0,0.0
1385,train_0245,0.12283333333333335,11286.123046875,10459.9111328125,-278.00888671875003,278.00888671875003,11008.11416015625,18.18,0.8,0.0,0.0
1386,train_0267,0.12219999999999998,11332.013671875,10629.21875,-261.078125,261.078125,11070.935546875,19.3,0.72,0.0,0.0
1387,train_0570,0.12156666666666671,11393.275390625,10735.8818359375,-250.41181640625,250.41181640625,11142.86357421875,17.74,0.58,0.0,0.0
1388,train_0310,0.12093333333333345,11453.5087890625,10445.0732421875,-279.49267578125,279.49267578125,11174.01611328125,17.66,0.52,0.0,0.0
1389,train_0589,0.12030000000000007,11592.833984375,10525.490234375,-271.4509765625,271.4509765625,11321.3830078125,18.72,0.6,0.0,0.0
1390,train_0192,0.1196666666666667,11600.7353515625,11165.6611328125,-207.43388671875002,207.43388671875002,11393.30146484375,20.76,0.68,0.0,0.0
1391,train_0456,0.11903333333333332,11487.333984375,11004.373046875,-223.5626953125,223.5626953125,11263.7712890625,18.4,0.7,0.0,0.0
1392,train_0025,0.11840000000000006,11539.9990234375,10989.296875,-225.0703125,225.0703125,11314.9287109375,17.8,0.5,0.0,0.0
1393,train_0058,0.11776666666666669,11204.1728515625,10291.08984375,-294.891015625,294.891015625,10909.2818359375,17.68,0.76,0.0,0.0
1394,train_0176,0.11713333333333331,11745.369140625,11280.001953125,-195.99980468750002,195.99980468750002,11549.3693359375,17.82,0.82,0.0,0.0
1395,train_0381,0.11650000000000005,11605.6220703125,10603.2744140625,-263.67255859375,263.67255859375,11341.94951171875,17.68,0.72,0.0,0.0
1396,train_0598,0.11586666666666667,11318.458984375,10908.8544921875,-233.11455078125002,233.11455078125002,11085.34443359375,16.98,0.54,0.0,0.0
1397,train_0542,0.11523333333333341,11343.37109375,10659.0810546875,-258.09189453125003,258.09189453125003,11085.27919921875,18.86,0.68,0.0,0.0
1398,train_0083,0.11460000000000004,11313.15625,10777.14453125,-246.28554687500002,246.28554687500002,11066.870703125,18.7,0.8,0.0,0.0
1399,train_0344,0.11396666666666666,11265.44140625,11054.48046875,-218.551953125,218.551953125,11046.889453125,18.3,0.44,0.0,0.0
1400,train_0035,0.11333333333333329,11827.6435546875,11644.3828125,-159.56171875,159.56171875,11668.0818359375,20.34,0.8,0.0,0.0
1401,train_0261,0.11270000000000002,11478.7392578125,10937.06640625,-230.29335937500002,230.29335937500002,11248.4458984375,19.9,0.66,0.0,0.0
1402,train_0181,0.11206666666666676,10915.068359375,10189.943359375,-305.0056640625,305.0056640625,10610.0626953125,20.58,0.78,0.0,0.0
1403,train_0392,0.11143333333333338,11502.8017578125,10819.712890625,-242.02871093750002,242.02871093750002,11260.773046875,19.16,0.84,0.0,0.0
1404,train_0004,0.11080000000000001,11772.7421875,11222.3154296875,-201.76845703125002,201.76845703125002,11570.97373046875,21.1,0.58,0.0,0.0
1405,train_0214,0.11016666666666663,11326.953125,10637.482421875,-260.2517578125,260.2517578125,11066.7013671875,17.66,0.94,0.0,0.0
1406,train_0051,0.10953333333333326,11578.6171875,11059.33984375,-218.066015625,218.066015625,11360.551171875,20.48,0.64,0.0,0.0
1407,train_0268,0.10890000000000011,11573.240234375,11017.19921875,-222.28007812500002,222.28007812500002,11350.96015625,19.44,0.46,0.0,0.0
1408,train_0015,0.10826666666666673,11198.8310546875,10809.9130859375,-243.00869140625002,243.00869140625002,10955.82236328125,19.02,0.76,0.0,0.0
1409,train_0112,0.10763333333333336,11433.560546875,10903.2353515625,-233.67646484375,233.67646484375,11199.88408203125,20.84,0.74,0.0,0.0
1410,train_0372,0.10699999999999998,11847.1484375,10908.142578125,-233.1857421875,233.1857421875,11613.9626953125,19.72,0.66,0.0,0.0
1411,train_0510,0.10636666666666661,11574.810546875,11169.875,-207.01250000000002,207.01250000000002,11367.798046875,18.52,0.7,0.0,0.0
1412,train_0539,0.10573333333333346,11354.8359375,10716.80859375,-252.31914062500002,252.31914062500002,11102.516796875,17.08,0.68,0.0,0.0
1413,train_0455,0.10510000000000008,11914.630859375,11309.572265625,-193.04277343750002,193.04277343750002,11721.5880859375,20.68,0.5,0.0,0.0
1414,train_0047,0.10446666666666671,11302.990234375,10696.748046875,-254.3251953125,254.3251953125,11048.6650390625,17.34,0.62,0.0,0.0
1415,train_0408,0.10383333333333333,11219.689453125,10404.89453125,-283.510546875,283.510546875,10936.17890625,17.76,0.86,0.0,0.0
1416,train_0100,0.10319999999999996,11292.1015625,10585.93359375,-265.406640625,265.406640625,11026.694921875,18.5,0.4,0.0,0.0
1417,train_0209,0.1025666666666668,11375.234375,10666.91015625,-257.308984375,257.308984375,11117.925390625,18.8,0.7,0.0,0.0
1418,train_0150,0.10193333333333343,11331.4111328125,10783.01953125,-245.69804687500002,245.69804687500002,11085.7130859375,20.68,0.48,0.0,0.0
1419,train_0419,0.10130000000000006,11343.591796875,10848.837890625,-239.1162109375,239.1162109375,11104.4755859375,18.34,0.68,0.0,0.0
1420,train_0460,0.10066666666666668,11566.0537109375,10896.21484375,-234.378515625,234.378515625,11331.6751953125,17.24,0.84,0.0,0.0
1421,train_0256,0.10003333333333331,11339.359375,11116.486328125,-212.35136718750002,212.35136718750002,11127.0080078125,19.46,0.74,0.0,0.0
1422,train_0210,0.09940000000000004,11577.34375,10727.6494140625,-251.23505859375,251.23505859375,11326.10869140625,17.92,0.6,0.0,0.0
1423,train_0272,0.09876666666666678,11651.12890625,10737.263671875,-250.2736328125,250.2736328125,11400.8552734375,17.4,0.62,0.0,0.0
1424,train_0438,0.0981333333333334,11337.837890625,10787.3974609375,-245.26025390625,245.26025390625,11092.57763671875,19.66,0.78,0.0,0.0
1425,train_0324,0.09750000000000003,11484.990234375,11054.7587890625,-218.52412109375,218.52412109375,11266.46611328125,17.56,0.78,0.0,0.0
1426,train_0423,0.09686666666666666,11219.0810546875,10863.7763671875,-237.62236328125002,237.62236328125002,10981.45869140625,21.3,0.78,0.0,0.0
1427,train_0462,0.09623333333333339,11419.248046875,11132.150390625,-210.78496093750002,210.78496093750002,11208.4630859375,19.92,0.48,0.0,0.0
1428,train_0401,0.09560000000000002,11065.5,10579.724609375,-266.0275390625,266.0275390625,10799.4724609375,20.6,0.74,0.0,0.0
1429,train_0303,0.09496666666666664,11171.056640625,10594.7021484375,-264.52978515625,264.52978515625,10906.52685546875,18.76,0.62,0.0,0.0
1430,train_0335,0.09433333333333338,11616.26953125,11346.134765625,-189.38652343750002,189.38652343750002,11426.8830078125,20.54,0.58,0.0,0.0
1431,train_0540,0.0937,11640.3896484375,11636.6513671875,-160.33486328125002,160.33486328125002,11480.05478515625,19.18,0.8,0.0,0.0
1432,train_0111,0.09306666666666674,11472.869140625,10550.794921875,-268.92050781250003,268.92050781250003,11203.9486328125,17.9,0.72,0.0,0.0
1433,train_0187,0.09243333333333337,11231.7548828125,10972.169921875,-226.78300781250002,226.78300781250002,11004.971875,18.26,0.8,0.0,0.0
1434,train_0375,0.09179999999999999,11617.669921875,10640.77734375,-259.922265625,259.922265625,11357.74765625,17.22,0.66,0.0,0.0
1435,train_0165,0.09116666666666662,11347.234375,10590.3984375,-264.96015625,264.96015625,11082.27421875,19.44,0.7,0.0,0.0
1436,train_0537,0.09053333333333335,11468.560546875,10597.126953125,-264.2873046875,264.2873046875,11204.2732421875,20.08,0.86,0.0,0.0
1437,train_0066,0.08990000000000009,11539.8466796875,11095.259765625,-214.47402343750002,214.47402343750002,11325.37265625,21.06,0.76,0.0,0.0
1438,train_0564,0.08926666666666672,11731.14453125,10946.29296875,-229.370703125,229.370703125,11501.773828125,19.42,0.8,0.0,0.0
1439,train_0049,0.08863333333333334,11621.8740234375,11027.8408203125,-221.21591796875,221.21591796875,11400.65810546875,17.74,0.62,0.0,0.0
1440,train_0346,0.08799999999999997,11698.107421875,11221.7705078125,-201.82294921875,201.82294921875,11496.28447265625,19.86,0.54,0.0,0.0
1441,train_0202,0.08736666666666659,11747.779296875,11033.3232421875,-220.66767578125,220.66767578125,11527.11162109375,18.76,0.6,0.0,0.0
1442,train_0321,0.08673333333333344,11391.185546875,10958.310546875,-228.1689453125,228.1689453125,11163.0166015625,21.92,0.58,0.0,0.0
1443,train_0076,0.08610000000000007,11416.873046875,10814.9873046875,-242.50126953125002,242.50126953125002,11174.37177734375,19.16,0.78,0.0,0.0
1444,train_0598,0.08546666666666669,11256.9384765625,10989.9697265625,-225.00302734375,225.00302734375,11031.93544921875,17.1,0.64,0.0,0.0
1445,train_0448,0.08483333333333332,11472.458984375,10945.1015625,-229.48984375,229.48984375,11242.969140625,18.24,0.62,0.0,0.0
1446,train_0185,0.08419999999999994,11439.3291015625,10961.296875,-227.8703125,227.8703125,11211.4587890625,18.82,0.62,0.0,0.0
1447,train_0246,0.08356666666666679,11437.3681640625,10685.970703125,-255.4029296875,255.4029296875,11181.965234375,19.94,0.68,0.0,0.0
1448,train_0492,0.08293333333333341,11330.6474609375,10852.919921875,-238.7080078125,238.7080078125,11091.939453125,20.26,0.7,0.0,0.0
1449,train_0586,0.08230000000000004,11515.193359375,10754.0732421875,-248.59267578125002,248.59267578125002,11266.60068359375,18.7,0.68,0.0,0.0
1450,train_0172,0.08166666666666667,11427.51171875,10725.0703125,-251.49296875000002,251.49296875000002,11176.01875,20.24,0.56,0.0,0.0
1451,train_0344,0.08103333333333329,11204.546875,11059.939453125,-218.0060546875,218.0060546875,10986.5408203125,18.34,0.42,0.0,0.0
1452,train_0122,0.08040000000000014,11502.51171875,10689.5341796875,-255.04658203125,255.04658203125,11247.46513671875,18.58,0.84,0.0,0.0
1453,train_0522,0.07976666666666676,11608.2109375,11010.896484375,-222.9103515625,222.9103515625,11385.3005859375,20.5,0.84,0.0,0.0
1454,train_0034,0.07913333333333339,11565.677734375,10791.373046875,-244.86269531250002,244.86269531250002,11320.8150390625,18.46,0.68,0.0,0.0
1455,train_0290,0.07850000000000001,11221.1875,11038.41796875,-220.158203125,220.158203125,11001.029296875,19.6,0.62,0.0,0.0
1456,train_0401,0.07786666666666664,11129.654296875,10527.392578125,-271.2607421875,271.2607421875,10858.3935546875,20.68,0.78,0.0,0.0
1457,train_0315,0.07723333333333338,11785.1962890625,11240.1328125,-199.98671875000002,199.98671875000002,11585.2095703125,19.22,0.68,0.0,0.0
1458,train_0038,0.07660000000000011,11195.5869140625,11206.921875,-203.3078125,203.3078125,10992.2791015625,21.74,0.7,0.0,0.0
1459,train_0417,0.07596666666666674,11449.255859375,11047.125,-219.28750000000002,219.28750000000002,11229.968359375,17.8,0.44,0.0,0.0
1460,train_0235,0.07533333333333336,11598.21875,11053.013671875,-218.69863281250002,218.69863281250002,11379.5201171875,18.24,0.48,0.0,0.0
1461,train_0477,0.07469999999999999,11368.486328125,10660.84375,-257.91562500000003,257.91562500000003,11110.570703125,17.2,0.76,0.0,0.0
1462,train_0596,0.07406666666666673,11658.22265625,10469.4130859375,-277.05869140625003,277.05869140625003,11381.16396484375,19.42,0.64,0.0,0.0
1463,train_0206,0.07343333333333335,12091.44140625,11242.091796875,-199.79082031250002,199.79082031250002,11891.6505859375,17.14,0.7,0.0,0.0
1464,train_0092,0.07279999999999998,11490.693359375,11130.6416015625,-210.93583984375002,210.93583984375002,11279.75751953125,20.04,0.9,0.0,0.0
1465,train_0423,0.07216666666666671,11286.2099609375,10857.27734375,-238.27226562500002,238.27226562500002,11047.9376953125,21.6,0.74,0.0,0.0
1466,train_0518,0.07153333333333334,11413.251953125,11168.123046875,-207.1876953125,207.1876953125,11206.0642578125,18.58,0.58,0.0,0.0
1467,train_0228,0.07090000000000007,11407.171875,10874.65625,-236.534375,236.534375,11170.6375,17.9,0.58,0.0,0.0
1468,train_0013,0.0702666666666667,11334.70703125,10965.837890625,-227.4162109375,227.4162109375,11107.2908203125,18.06,0.84,0.0,0.0
1469,train_0084,0.06963333333333332,11384.9208984375,10508.822265625,-273.11777343750003,273.11777343750003,11111.803125,20.3,0.76,0.0,0.0
1470,train_0520,0.06899999999999995,11236.59765625,10684.4091796875,-255.55908203125,255.55908203125,10981.03857421875,20.14,0.76,0.0,0.0
1471,train_0342,0.06836666666666669,11534.3046875,10757.5107421875,-248.24892578125002,248.24892578125002,11286.05576171875,21.92,0.5,0.0,0.0
1472,train_0215,0.06773333333333342,11650.259765625,11300.4267578125,-193.95732421875002,193.95732421875002,11456.30244140625,19.7,0.64,0.0,0.0
1473,train_0164,0.06710000000000005,11565.7119140625,10580.2841796875,-265.97158203125,265.97158203125,11299.74033203125,16.6,0.58,0.0,0.0
1474,train_0280,0.06646666666666667,11629.361328125,10919.013671875,-232.0986328125,232.0986328125,11397.2626953125,19.1,0.62,0.0,0.0
1475,train_0217,0.0658333333333333,11494.935546875,11177.77734375,-206.222265625,206.222265625,11288.71328125,21.1,0.68,0.0,0.0
1476,train_0551,0.06519999999999992,11289.94140625,10800.509765625,-243.94902343750002,243.94902343750002,11045.9923828125,18.94,0.64,0.0,0.0
1477,train_0072,0.06456666666666677,11417.328125,11134.8857421875,-210.51142578125,210.51142578125,11206.81669921875,19.28,0.66,0.0,0.0
1478,train_0100,0.0639333333333334,11295.71875,10597.19140625,-264.28085937500003,264.28085937500003,11031.437890625,18.4,0.38,0.0,0.0
1479,train_0580,0.06330000000000002,11627.611328125,11222.2421875,-201.77578125000002,201.77578125000002,11425.835546875,19.28,0.66,0.0,0.0
1480,train_0023,0.06266666666666665,11316.2568359375,10552.234375,-268.7765625,268.7765625,11047.4802734375,18.22,0.64,0.0,0.0
1481,train_0506,0.062033333333333274,11300.4541015625,10611.021484375,-262.8978515625,262.8978515625,11037.55625,17.94,0.78,0.0,0.0
1482,train_0458,0.06140000000000012,11659.2275390625,10911.88671875,-232.81132812500002,232.81132812500002,11426.4162109375,18.26,0.46,0.0,0.0
1483,train_0532,0.06076666666666675,11599.64453125,10374.267578125,-286.5732421875,286.5732421875,11313.0712890625,18.42,0.64,0.0,0.0
1484,train_0045,0.06013333333333337,11357.37109375,10913.3125,-232.66875000000002,232.66875000000002,11124.70234375,16.42,0.68,0.0,0.0
1485,train_0580,0.0595,11621.3193359375,11224.765625,-201.5234375,201.5234375,11419.7958984375,19.24,0.7,0.0,0.0
1486,train_0295,0.05886666666666662,11203.669921875,11092.482421875,-214.75175781250002,214.75175781250002,10988.9181640625,19.66,0.76,0.0,0.0
1487,train_0555,0.05823333333333347,11179.837890625,10834.1953125,-240.58046875000002,240.58046875000002,10939.257421875,20.28,0.78,0.0,0.0
1488,train_0497,0.057600000000000096,11604.103515625,11264.126953125,-197.58730468750002,197.58730468750002,11406.5162109375,18.46,0.72,0.0,0.0
1489,train_0399,0.05696666666666672,11345.341796875,11086.681640625,-215.33183593750002,215.33183593750002,11130.0099609375,18.36,0.82,0.0,0.0
1490,train_0126,0.056333333333333346,11544.0234375,10969.333984375,-227.0666015625,227.0666015625,11316.9568359375,19.46,0.68,0.0,0.0
1491,train_0448,0.05569999999999997,11458.970703125,10943.9033203125,-229.60966796875002,229.60966796875002,11229.36103515625,18.54,0.66,0.0,0.0
1492,train_0548,0.05506666666666671,11751.380859375,11113.279296875,-212.6720703125,212.6720703125,11538.7087890625,19.74,0.6,0.0,0.0
1493,train_0423,0.054433333333333445,11213.6396484375,10848.26171875,-239.173828125,239.173828125,10974.4658203125,21.7,0.8,0.0,0.0
1494,train_0577,0.05380000000000007,11922.9873046875,11682.642578125,-155.73574218750002,155.73574218750002,11767.2515625,19.14,0.82,0.0,0.0
1495,train_0273,0.053166666666666695,11923.259765625,10764.166015625,-247.58339843750002,247.58339843750002,11675.6763671875,20.34,0.62,0.0,0.0
1496,train_0489,0.05253333333333332,11314.8369140625,10632.642578125,-260.7357421875,260.7357421875,11054.101171875,20.42,0.72,0.0,0.0
1497,train_0464,0.05190000000000006,11289.986328125,10953.7216796875,-228.62783203125002,228.62783203125002,11061.35849609375,19.04,0.64,0.0,0.0
1498,train_0366,0.05126666666666668,11302.2890625,10904.1953125,-233.58046875000002,233.58046875000002,11068.70859375,19.18,0.58,0.0,0.0
1499,train_0462,0.05063333333333342,11258.283203125,11111.056640625,-212.89433593750002,212.89433593750002,11045.3888671875,19.94,0.54,0.0,0.0
