episode,update,scenario_id,electricity_cost,carbon_emissions_kg,carbon_trading_cost,carbon_trading_revenue,system_cost,mean_start_delay_slots,remote_subtask_fraction,fallback_actions,capacity_violations,decision_epochs
0,0,train_0543,12667.188908932536,10221.586150004196,72.15861500041956,0.0,12739.347523932956,15.1,0.62,0.0,0.0,5.0
1,0,train_0366,12745.538717704047,10043.849158501276,54.38491585012762,0.0,12799.923633554174,15.48,0.72,0.0,0.0,5.0
2,0,train_0211,12434.394717029272,10224.164626660153,72.41646266601529,0.0,12506.811179695287,15.52,0.48,0.0,0.0,5.0
3,0,train_0229,12846.398110256443,10533.240203826674,103.32402038266737,0.0,12949.722130639111,15.9,0.66,0.0,0.0,5.0
4,0,train_0058,11881.831577070006,9967.844410965177,46.78444109651773,0.0,11928.616018166524,13.78,0.64,0.0,0.0,5.0
5,0,train_0360,12497.610912712795,10300.389860903593,80.03898609035933,0.0,12577.649898803154,15.42,0.7,0.0,0.0,5.0
6,0,train_0272,12568.155079863642,10413.296416870042,91.3296416870042,0.0,12659.484721550645,13.84,0.6,0.0,0.0,5.0
7,0,train_0578,12428.103138425613,10272.189055592065,77.21890555920655,0.0,12505.32204398482,19.1,0.7,0.0,0.0,5.0
8,0,train_0192,12497.950041691482,10525.971682738642,102.5971682738642,0.0,12600.547209965345,16.8,0.6,0.0,0.0,5.0
9,0,train_0117,12225.68400672636,9909.458384931191,40.94583849311912,0.0,12266.629845219479,16.66,0.8,0.0,0.0,5.0
10,0,train_0188,12520.76635963465,10415.135676399252,91.51356763992517,0.0,12612.279927274576,15.14,0.78,0.0,0.0,5.0
11,0,train_0202,12135.78123548632,10857.09170054107,135.70917005410703,0.0,12271.490405540428,16.6,0.5,0.0,0.0,5.0
12,0,train_0208,12661.837647605305,10218.385103785215,71.83851037852146,0.0,12733.676157983828,15.6,0.7,0.0,0.0,5.0
13,0,train_0341,12341.074057099851,10926.58666303106,142.65866630310595,0.0,12483.732723402958,17.0,0.58,0.0,0.0,5.0
14,0,train_0251,12488.15726882747,10205.756334387166,70.57563343871662,0.0,12558.732902266187,14.98,0.72,0.0,0.0,5.0
15,0,train_0323,12576.450758851892,10608.474127284873,110.84741272848733,0.0,12687.29817158038,16.66,0.64,0.0,0.0,5.0
16,0,train_0297,12398.051846245697,10213.057735869208,71.30577358692081,0.0,12469.357619832617,14.02,0.64,0.0,0.0,5.0
17,0,train_0441,12364.158374250208,10549.798898187957,104.97988981879571,0.0,12469.138264069004,16.08,0.68,0.0,0.0,5.0
18,0,train_0030,12262.477072579175,10565.157998403178,106.51579984031778,0.0,12368.992872419492,15.84,0.6,0.0,0.0,5.0
19,0,train_0258,12495.236048111405,10735.401325930912,123.54013259309123,0.0,12618.776180704495,14.8,0.72,0.0,0.0,5.0
20,0,train_0567,12793.998994017353,11499.115904538234,199.91159045382338,0.0,12993.910584471176,16.74,0.64,0.0,0.0,5.0
21,0,train_0034,12093.021374036554,10655.063478279248,115.50634782792477,0.0,12208.527721864479,15.34,0.72,0.0,0.0,5.0
22,0,train_0367,12425.846752320122,10124.43266242787,62.443266242786926,0.0,12488.290018562908,15.26,0.66,0.0,0.0,5.0
23,0,train_0099,12361.483509728729,9900.112304852471,40.01123048524715,0.0,12401.494740213975,17.16,0.78,0.0,0.0,5.0
24,0,train_0378,12379.429756153286,10866.043506076077,136.60435060760776,0.0,12516.034106760893,15.88,0.58,0.0,0.0,5.0
25,0,train_0454,12834.182142902131,10734.244426764233,123.42444267642333,0.0,12957.606585578555,18.06,0.6,0.0,0.0,5.0
26,0,train_0308,12281.514743056023,10478.063805165348,97.80638051653477,0.0,12379.321123572558,16.56,0.54,0.0,0.0,5.0
27,0,train_0407,12404.967972253973,10616.35091222852,111.63509122285195,0.0,12516.603063476825,17.42,0.68,0.0,0.0,5.0
28,0,train_0318,12297.779893309973,10411.47789919475,91.14778991947497,0.0,12388.927683229447,16.56,0.62,0.0,0.0,5.0
29,0,train_0420,12541.09732066901,10460.902946282338,96.09029462823383,0.0,12637.187615297244,14.18,0.7,0.0,0.0,5.0
30,0,train_0252,12141.877252820756,10000.748166902058,50.07481669020581,0.0,12191.95206951096,15.5,0.64,0.0,0.0,5.0
31,0,train_0063,12274.471813377313,10522.319351067255,102.23193510672554,0.0,12376.703748484038,14.48,0.62,0.0,0.0,5.0
32,0,train_0022,12567.41885399177,10398.552320389375,89.85523203893754,0.0,12657.274086030708,18.3,0.64,0.0,0.0,5.0
33,0,train_0027,12568.89237919047,10604.42021000558,110.4420210005581,0.0,12679.334400191028,13.96,0.56,0.0,0.0,5.0
34,0,train_0244,12397.351306180646,10493.026228294268,99.30262282942677,0.0,12496.653929010074,17.7,0.74,0.0,0.0,5.0
35,0,train_0559,12581.795941182261,10300.681286057117,80.06812860571172,0.0,12661.864069787973,16.68,0.64,0.0,0.0,5.0
36,0,train_0359,12604.137228304742,10334.928820685047,83.4928820685047,0.0,12687.630110373248,16.14,0.6,0.0,0.0,5.0
37,0,train_0253,11860.625572103667,10245.471367262891,74.54713672628914,0.0,11935.172708829956,16.74,0.7,0.0,0.0,5.0
38,0,train_0263,12328.599935137543,9792.16754295551,29.216754295551073,0.0,12357.816689433093,15.22,0.62,0.0,0.0,5.0
39,0,train_0020,12536.343233310028,10789.658079010256,128.9658079010256,0.0,12665.309041211054,13.86,0.6,0.0,0.0,5.0
40,0,train_0160,12312.050671088215,10438.00893708158,93.80089370815804,0.0,12405.851564796372,17.32,0.66,0.0,0.0,5.0
41,0,train_0131,12924.870925388896,11013.517365417458,151.3517365417458,0.0,13076.222661930642,17.64,0.78,0.0,0.0,5.0
42,0,train_0151,12641.966308828813,10481.57822650842,98.157822650842,0.0,12740.124131479655,14.84,0.76,0.0,0.0,5.0
43,0,train_0293,12282.602573672526,9998.57782200841,49.85778220084103,0.0,12332.460355873367,16.34,0.64,0.0,0.0,5.0
44,0,train_0494,12518.430266187748,10031.170173617644,53.117017361764375,0.0,12571.547283549513,15.92,0.72,0.0,0.0,5.0
45,0,train_0193,12709.888720585492,10475.422782137008,97.54227821370078,0.0,12807.430998799193,15.22,0.52,0.0,0.0,5.0
46,0,train_0369,12071.374031033349,10699.50524712826,119.95052471282598,0.0,12191.324555746174,13.78,0.66,0.0,0.0,5.0
47,0,train_0061,12259.13614773839,10513.679933662199,101.36799336621989,0.0,12360.504141104611,13.72,0.66,0.0,0.0,5.0
48,0,train_0531,12318.927138512343,10521.417317756206,102.14173177562061,0.0,12421.068870287963,16.92,0.72,0.0,0.0,5.0
49,0,train_0495,12496.885576760553,10442.606755647039,94.26067556470389,0.0,12591.146252325256,17.72,0.68,0.0,0.0,5.0
50,0,train_0388,12397.940785443969,10590.259970789928,109.02599707899282,0.0,12506.96678252296,15.5,0.74,0.0,0.0,5.0
51,0,train_0076,12475.161428153326,10216.593468345312,71.65934683453125,0.0,12546.820774987857,16.72,0.68,0.0,0.0,5.0
52,0,train_0005,12131.223914619104,10295.531483156823,79.55314831568231,0.0,12210.777062934787,17.94,0.7,0.0,0.0,5.0
53,0,train_0120,12254.844679743932,10154.112739484939,65.41127394849391,0.0,12320.255953692425,16.26,0.62,0.0,0.0,5.0
54,0,train_0308,12480.029167727866,10098.642002096607,59.86420020966071,0.0,12539.893367937526,16.26,0.76,0.0,0.0,5.0
55,0,train_0102,12341.891362395036,10378.010387706026,87.80103877060264,0.0,12429.692401165637,15.18,0.78,0.0,0.0,5.0
56,0,train_0148,12694.08066572903,10450.782088341512,95.07820883415116,0.0,12789.158874563182,16.22,0.68,0.0,0.0,5.0
57,0,train_0535,12151.29183341383,10428.432017911779,92.84320179117786,0.0,12244.135035205009,13.0,0.68,0.0,0.0,5.0
58,0,train_0120,12201.50672840852,10025.926901282184,52.59269012821842,0.0,12254.099418536738,16.68,0.54,0.0,0.0,5.0
59,0,train_0443,12858.623064298356,10640.15042275249,114.01504227524893,0.0,12972.638106573604,17.44,0.62,0.0,0.0,5.0
60,0,train_0351,12554.337735641602,10900.691257368224,140.0691257368224,0.0,12694.406861378424,17.06,0.6,0.0,0.0,5.0
61,0,train_0466,12409.738419979007,10378.694167938656,87.86941679386564,0.0,12497.607836772873,18.02,0.76,0.0,0.0,5.0
62,0,train_0106,12824.844088676567,10355.56791191482,85.55679119148209,0.0,12910.40087986805,17.76,0.74,0.0,0.0,5.0
63,0,train_0044,12786.227058724153,10784.371484527954,128.43714845279538,0.0,12914.664207176947,18.4,0.62,0.0,0.0,5.0
64,0,train_0589,11843.094926087246,10334.746898720998,83.47468987209977,0.0,11926.569615959346,15.36,0.74,0.0,0.0,5.0
65,0,train_0079,12577.816484042269,10403.057257007778,90.30572570077784,0.0,12668.122209743047,16.5,0.64,0.0,0.0,5.0
66,0,train_0027,12671.634685983045,10578.920145360386,107.89201453603856,0.0,12779.526700519084,15.1,0.66,0.0,0.0,5.0
67,0,train_0098,12103.712205213073,10393.667179978322,89.36671799783217,0.0,12193.078923210905,14.64,0.6,0.0,0.0,5.0
68,0,train_0323,12705.805950268503,10480.578983759067,98.05789837590675,0.0,12803.863848644409,15.78,0.7,0.0,0.0,5.0
69,0,train_0186,12321.344605549595,10588.284459126868,108.82844591268677,0.0,12430.173051462281,15.04,0.5,0.0,0.0,5.0
70,0,train_0593,12131.339083552624,10754.946536700405,125.4946536700405,0.0,12256.833737222665,14.12,0.6,0.0,0.0,5.0
71,0,train_0080,12540.538843852126,10639.905886282086,113.99058862820857,0.0,12654.529432480334,16.36,0.64,0.0,0.0,5.0
72,0,train_0219,12536.952619428765,10423.642564175221,92.36425641752213,0.0,12629.316875846287,13.66,0.62,0.0,0.0,5.0
73,0,train_0094,11962.528741430267,10172.946011518387,67.29460115183865,0.0,12029.823342582105,16.12,0.58,0.0,0.0,5.0
74,0,train_0470,12256.206269557086,9996.565146308181,49.65651463081813,0.0,12305.862784187904,16.26,0.72,0.0,0.0,5.0
75,0,train_0025,12657.600946891082,10499.95722851211,99.99572285121104,0.0,12757.596669742292,14.6,0.64,0.0,0.0,5.0
76,0,train_0059,12389.365114764487,10621.251830139456,112.12518301394557,0.0,12501.490297778433,14.96,0.62,0.0,0.0,5.0
77,0,train_0209,12066.458569930055,10266.652442306802,76.66524423068022,0.0,12143.123814160735,15.86,0.64,0.0,0.0,5.0
78,0,train_0519,12797.886416595864,10582.472467744481,108.24724677444812,0.0,12906.133663370312,16.64,0.62,0.0,0.0,5.0
79,0,train_0066,12489.266843642077,10525.670322549528,102.56703225495276,0.0,12591.83387589703,17.02,0.66,0.0,0.0,5.0
80,0,train_0569,12514.957909463788,10071.087307708473,57.10873077084725,0.0,12572.066640234636,16.14,0.6,0.0,0.0,5.0
81,0,train_0093,12051.61984848979,10163.66241993579,66.36624199357902,0.0,12117.98609048337,17.58,0.58,0.0,0.0,5.0
82,0,train_0066,12375.721997457651,10514.076477149008,101.40764771490086,0.0,12477.129645172552,18.06,0.78,0.0,0.0,5.0
83,0,train_0455,12555.118569619692,11406.303874840218,190.63038748402178,0.0,12745.748957103713,17.42,0.7,0.0,0.0,5.0
84,0,train_0088,12545.422432176436,10315.10873678349,81.51087367834899,0.0,12626.933305854785,15.3,0.62,0.0,0.0,5.0
85,0,train_0136,12306.883429889425,10362.752170460844,86.27521704608444,0.0,12393.15864693551,17.92,0.64,0.0,0.0,5.0
86,0,train_0105,12425.319146658961,10409.237719472823,90.92377194728233,0.0,12516.242918606244,14.2,0.66,0.0,0.0,5.0
87,0,train_0277,12328.019639684739,10638.143588666797,113.8143588666797,0.0,12441.833998551418,14.24,0.68,0.0,0.0,5.0
88,0,train_0067,12029.97034770779,10023.948716333798,52.39487163337981,0.0,12082.365219341169,17.48,0.64,0.0,0.0,5.0
89,0,train_0414,12196.31050706375,10214.793933843393,71.47939338433935,0.0,12267.78990044809,15.96,0.74,0.0,0.0,5.0
90,0,train_0171,13318.865447361703,10426.132746348798,92.61327463487979,0.0,13411.478721996582,17.72,0.68,0.0,0.0,5.0
91,0,train_0416,12130.470221898984,10022.871157643898,52.287115764389824,0.0,12182.757337663374,16.52,0.64,0.0,0.0,5.0
92,0,train_0148,12434.808338766215,10627.676500677082,112.7676500677082,0.0,12547.575988833923,17.7,0.68,0.0,0.0,5.0
93,0,train_0509,12429.828539381988,10093.964504247097,59.396450424709656,0.0,12489.224989806698,14.46,0.64,0.0,0.0,5.0
94,0,train_0195,12510.468877280542,10922.546418457845,142.2546418457845,0.0,12652.723519126326,17.66,0.68,0.0,0.0,5.0
95,0,train_0511,12288.609791564852,10271.212204672673,77.12122046726728,0.0,12365.731012032118,15.58,0.66,0.0,0.0,5.0
96,0,train_0415,12717.524040136024,10831.96800752612,133.19680075261203,0.0,12850.720840888636,13.46,0.64,0.0,0.0,5.0
97,0,train_0245,12041.519945426422,10123.384223377987,62.3384223377987,0.0,12103.85836776422,14.72,0.68,0.0,0.0,5.0
98,0,train_0589,12319.960763775967,10200.083247404182,70.00832474041817,0.0,12389.969088516385,16.42,0.66,0.0,0.0,5.0
99,0,train_0192,12937.533261304898,10287.052778161888,78.70527781618875,0.0,13016.238539121086,16.68,0.68,0.0,0.0,5.0
100,0,train_0442,12730.520112476303,10407.79407903323,90.77940790332305,0.0,12821.299520379625,14.62,0.66,0.0,0.0,5.0
101,0,train_0541,12615.861749975524,10370.433017786447,87.04330177864468,0.0,12702.90505175417,18.56,0.62,0.0,0.0,5.0
102,0,train_0498,12396.554400740824,10569.445726179518,106.94457261795179,0.0,12503.498973358775,15.58,0.56,0.0,0.0,5.0
103,0,train_0042,12062.990170833611,10908.661532396538,140.8661532396538,0.0,12203.856324073266,16.78,0.72,0.0,0.0,5.0
104,0,train_0260,11865.720083762986,10384.041797583126,88.40417975831261,0.0,11954.124263521298,15.52,0.62,0.0,0.0,5.0
105,0,train_0483,12726.43405687386,10715.079063289937,121.50790632899371,0.0,12847.941963202855,17.2,0.78,0.0,0.0,5.0
106,0,train_0168,12655.325749030579,10591.0803952381,109.10803952380994,0.0,12764.433788554388,17.72,0.56,0.0,0.0,5.0
107,0,train_0463,12173.109103443527,10066.401092506054,56.640109250605384,0.0,12229.749212694132,16.04,0.72,0.0,0.0,5.0
108,0,train_0467,12878.814337746919,11140.753701345666,164.07537013456658,0.0,13042.889707881484,15.88,0.68,0.0,0.0,5.0
109,0,train_0537,12337.718777139686,9827.50621353337,32.75062135333701,0.0,12370.469398493024,15.84,0.8,0.0,0.0,5.0
110,0,train_0176,12866.658629349833,10637.242950775348,113.72429507753478,0.0,12980.382924427367,14.46,0.72,0.0,0.0,5.0
111,0,train_0429,12577.245017619338,10889.766229347664,138.97662293476643,0.0,12716.221640554104,17.92,0.64,0.0,0.0,5.0
112,0,train_0482,11873.420572314453,10173.460073949289,67.34600739492889,0.0,11940.766579709381,14.56,0.5,0.0,0.0,5.0
113,0,train_0456,12303.418367655573,10629.113336512111,112.91133365121114,0.0,12416.329701306784,15.34,0.74,0.0,0.0,5.0
114,0,train_0501,12415.079417087913,10666.985909833158,116.69859098331581,0.0,12531.77800807123,17.98,0.68,0.0,0.0,5.0
115,0,train_0496,12405.90564491399,10338.45011275024,83.84501127502409,0.0,12489.750656189013,16.56,0.72,0.0,0.0,5.0
116,0,train_0013,12355.766181292858,10377.313375724047,87.73133757240467,0.0,12443.497518865262,14.44,0.54,0.0,0.0,5.0
117,0,train_0443,12875.027931947785,11001.578655608653,150.15786556086533,0.0,13025.18579750865,17.4,0.72,0.0,0.0,5.0
118,0,train_0357,12126.676240567596,10130.45041107676,63.045041107675935,0.0,12189.721281675273,15.42,0.66,0.0,0.0,5.0
119,0,train_0384,12049.424753878995,10207.439963420617,70.74399634206166,0.0,12120.168750221057,16.34,0.68,0.0,0.0,5.0
120,0,train_0477,12156.3472252779,10150.833757517665,65.08337575176647,0.0,12221.430601029666,12.56,0.6,0.0,0.0,5.0
121,0,train_0269,11782.246921281683,10030.917084686844,53.091708468684374,0.0,11835.338629750368,15.0,0.68,0.0,0.0,5.0
122,0,train_0355,12321.70991084817,10657.187999445305,115.71879994453047,0.0,12437.428710792701,17.12,0.76,0.0,0.0,5.0
123,0,train_0483,12792.59564856415,10778.744581645708,127.87445816457075,0.0,12920.470106728722,14.62,0.58,0.0,0.0,5.0
124,0,train_0384,11917.904774211787,10600.272208563481,110.02722085634815,0.0,12027.931995068135,16.58,0.52,0.0,0.0,5.0
125,0,train_0268,12510.007182736073,10480.921031118973,98.09210311189727,0.0,12608.099285847971,15.28,0.72,0.0,0.0,5.0
126,0,train_0517,12425.385414983062,11056.868638820582,155.68686388205825,0.0,12581.07227886512,16.52,0.7,0.0,0.0,5.0
127,0,train_0211,12472.949645962817,10381.837824906113,88.18378249061135,0.0,12561.133428453428,15.56,0.66,0.0,0.0,5.0
128,0,train_0360,12532.128949076556,10055.428543125687,55.54285431256867,0.0,12587.671803389125,16.44,0.7,0.0,0.0,5.0
129,0,train_0238,12339.439228370129,10461.722521084806,96.17225210848065,0.0,12435.61148047861,14.68,0.76,0.0,0.0,5.0
130,0,train_0136,12355.860924246223,10317.478015292694,81.74780152926942,0.0,12437.608725775492,17.34,0.68,0.0,0.0,5.0
131,0,train_0328,12656.038156836536,10356.474067063282,85.64740670632818,0.0,12741.685563542864,14.1,0.72,0.0,0.0,5.0
132,0,train_0503,12827.921356355542,10408.918246531974,90.89182465319738,0.0,12918.81318100874,15.46,0.72,0.0,0.0,5.0
133,0,train_0592,12561.591012636647,10233.76585954085,73.37658595408503,0.0,12634.967598590732,15.12,0.68,0.0,0.0,5.0
134,0,train_0009,12418.892742666447,10438.76499607872,93.87649960787203,0.0,12512.769242274318,15.06,0.66,0.0,0.0,5.0
135,0,train_0033,12594.47265128382,10792.468784305409,129.2468784305409,0.0,12723.71952971436,16.06,0.62,0.0,0.0,5.0
136,0,train_0532,12505.955945049956,10622.964835050383,112.29648350503831,0.0,12618.252428554995,15.42,0.54,0.0,0.0,5.0
137,0,train_0028,12569.365463887123,10452.1033590532,95.21033590532006,0.0,12664.575799792443,16.9,0.64,0.0,0.0,5.0
138,0,train_0456,12211.52280454102,10556.291334233796,105.62913342337961,0.0,12317.1519379644,14.64,0.64,0.0,0.0,5.0
139,0,train_0037,12935.884669245024,11009.342416803032,150.93424168030324,0.0,13086.818910925327,19.5,0.58,0.0,0.0,5.0
140,0,train_0456,12251.790541898452,10359.933888809379,85.9933888809379,0.0,12337.78393077939,15.66,0.76,0.0,0.0,5.0
141,0,train_0129,13019.818161055755,10570.502358920254,107.05023589202538,0.0,13126.86839694778,14.94,0.76,0.0,0.0,5.0
142,0,train_0369,12191.991775162795,10536.380208385814,103.63802083858137,0.0,12295.629796001376,14.08,0.76,0.0,0.0,5.0
143,0,train_0313,12430.431756731592,10531.983937279803,103.19839372798033,0.0,12533.630150459572,15.74,0.64,0.0,0.0,5.0
144,0,train_0552,12576.144569184828,10311.641250069555,81.16412500695552,0.0,12657.308694191783,15.7,0.72,0.0,0.0,5.0
145,0,train_0137,12076.054143089386,10474.582808215637,97.45828082156368,0.0,12173.51242391095,16.8,0.68,0.0,0.0,5.0
146,0,train_0398,11964.407319233096,10114.268078544768,61.426807854476834,0.0,12025.834127087574,14.22,0.66,0.0,0.0,5.0
147,0,train_0136,12569.14481621583,10186.184074292612,68.61840742926124,0.0,12637.763223645092,16.9,0.72,0.0,0.0,5.0
148,0,train_0462,12300.4803203016,10562.254249461865,106.22542494618648,0.0,12406.705745247786,16.9,0.68,0.0,0.0,5.0
149,0,train_0514,12146.57182337048,10587.216190142783,108.72161901427826,0.0,12255.293442384758,15.02,0.68,0.0,0.0,5.0
150,0,train_0580,12598.662133134952,10823.825423434559,132.38254234345587,0.0,12731.044675478408,15.94,0.62,0.0,0.0,5.0
151,0,train_0173,12871.30571750071,10559.58096787373,105.95809678737297,0.0,12977.263814288084,18.16,0.7,0.0,0.0,5.0
152,0,train_0026,11733.130462839357,10394.471159814653,89.44711598146533,0.0,11822.577578820823,16.24,0.62,0.0,0.0,5.0
153,0,train_0436,12652.189203829337,10836.337377421925,133.63373774219255,0.0,12785.82294157153,17.38,0.8,0.0,0.0,5.0
154,0,train_0451,12602.677977374833,10452.906750430817,95.29067504308169,0.0,12697.968652417914,17.06,0.64,0.0,0.0,5.0
155,0,train_0464,12698.327109444386,9922.300486633838,42.23004866338379,0.0,12740.55715810777,16.52,0.64,0.0,0.0,5.0
156,0,train_0099,12035.982081475184,10022.697996737073,52.269799673707354,0.0,12088.251881148892,16.22,0.76,0.0,0.0,5.0
157,0,train_0253,12193.937008649824,10019.974240900661,51.997424090066126,0.0,12245.93443273989,17.08,0.78,0.0,0.0,5.0
158,0,train_0088,12548.847211839864,10239.61900329007,73.96190032900704,0.0,12622.80911216887,16.72,0.6,0.0,0.0,5.0
159,0,train_0015,12445.486762793753,10348.410998469792,84.84109984697916,0.0,12530.327862640732,15.42,0.6,0.0,0.0,5.0
160,0,train_0506,12070.588401204124,10105.001617967071,60.50016179670711,0.0,12131.08856300083,15.34,0.68,0.0,0.0,5.0
161,0,train_0196,12456.076454019143,10259.622963468293,75.96229634682932,0.0,12532.038750365973,16.0,0.6,0.0,0.0,5.0
162,0,train_0584,12072.43971456647,10227.437116420355,72.74371164203549,0.0,12145.183426208505,15.32,0.7,0.0,0.0,5.0
163,0,train_0381,12044.471633239344,10383.99889379862,88.399889379862,0.0,12132.871522619205,14.62,0.66,0.0,0.0,5.0
164,0,train_0323,12613.431871443503,10686.38584429575,118.63858442957499,0.0,12732.070455873078,16.3,0.76,0.0,0.0,5.0
165,0,train_0283,12714.541895923932,10245.923566048474,74.59235660484738,0.0,12789.13425252878,16.26,0.7,0.0,0.0,5.0
166,0,train_0225,12494.969516558998,10322.620610606284,82.26206106062837,0.0,12577.231577619626,15.8,0.74,0.0,0.0,5.0
167,0,train_0586,12650.276490876133,10059.829152946148,55.98291529461476,0.0,12706.259406170748,14.94,0.68,0.0,0.0,5.0
168,0,train_0128,11857.783139592018,10352.528681295002,85.25286812950017,0.0,11943.03600772152,15.1,0.7,0.0,0.0,5.0
169,0,train_0171,12936.793300871894,10643.208575280607,114.3208575280607,0.0,13051.114158399954,16.9,0.72,0.0,0.0,5.0
170,0,train_0052,12477.249307126836,10507.78772854978,100.77877285497799,0.0,12578.028079981814,15.98,0.6,0.0,0.0,5.0
171,0,train_0066,12174.92834433716,10973.748455232013,147.3748455232013,0.0,12322.303189860362,18.8,0.7,0.0,0.0,5.0
172,0,train_0321,12392.354883694828,10278.67653193239,77.86765319323895,0.0,12470.222536888068,16.96,0.66,0.0,0.0,5.0
173,0,train_0059,12603.684394701819,10541.037340550749,104.1037340550749,0.0,12707.788128756894,16.12,0.6,0.0,0.0,5.0
174,0,train_0056,11884.623243746906,10165.83668165492,66.58366816549206,0.0,11951.206911912399,17.0,0.7,0.0,0.0,5.0
175,0,train_0287,12475.469095469587,10339.483009794125,83.9483009794125,0.0,12559.417396449,16.8,0.7,0.0,0.0,5.0
176,0,train_0056,11833.286046444473,9884.516596754118,38.4516596754118,0.0,11871.737706119884,16.04,0.76,0.0,0.0,5.0
177,0,train_0182,12552.157714623047,10632.91709683237,113.29170968323706,0.0,12665.449424306284,16.68,0.7,0.0,0.0,5.0
178,0,train_0323,12516.684461501764,10786.515402928007,128.65154029280075,0.0,12645.336001794563,16.64,0.56,0.0,0.0,5.0
179,0,train_0014,12524.634964161496,10581.041860850419,108.10418608504187,0.0,12632.739150246538,16.58,0.62,0.0,0.0,5.0
180,0,train_0222,12747.481137049737,10352.90857082113,85.29085708211296,0.0,12832.77199413185,18.24,0.7,0.0,0.0,5.0
181,0,train_0263,11976.482315958943,10017.521294223763,51.75212942237631,0.0,12028.23444538132,15.8,0.56,0.0,0.0,5.0
182,0,train_0403,12613.398370580862,10715.588253837732,121.55882538377318,0.0,12734.957195964635,13.76,0.58,0.0,0.0,5.0
183,0,train_0157,12573.883974671044,10204.874040124949,70.48740401249488,0.0,12644.371378683538,15.7,0.76,0.0,0.0,5.0
184,0,train_0463,12094.377330798983,10227.403438942623,72.74034389426234,0.0,12167.117674693245,15.78,0.64,0.0,0.0,5.0
185,0,train_0463,12084.666219848623,10189.475905027775,68.94759050277753,0.0,12153.6138103514,17.04,0.46,0.0,0.0,5.0
186,0,train_0214,12207.084146260211,9977.542837352827,47.75428373528266,0.0,12254.838429995494,15.3,0.66,0.0,0.0,5.0
187,0,train_0442,12546.792340661334,10649.824739291857,114.98247392918566,0.0,12661.774814590519,14.6,0.6,0.0,0.0,5.0
188,0,train_0015,12138.862174686907,10386.223778179065,88.62237781790645,0.0,12227.484552504813,15.92,0.64,0.0,0.0,5.0
189,0,train_0048,12374.994850382984,10438.741968770915,93.87419687709153,0.0,12468.869047260076,15.64,0.72,0.0,0.0,5.0
190,0,train_0369,12224.866095702359,10248.709028474308,74.87090284743081,0.0,12299.73699854979,14.28,0.8,0.0,0.0,5.0
191,0,train_0302,12424.588970332004,10404.217747116196,90.42177471161959,0.0,12515.010745043624,15.2,0.8,0.0,0.0,5.0
192,1,train_0292,12221.18776198935,10628.7530635523,112.87530635523,0.0,12334.06306834458,18.42,0.62,0.0,0.0,5.0
193,1,train_0292,12463.057591542783,10498.691632402213,99.86916324022133,0.0,12562.926754783004,16.88,0.64,0.0,0.0,5.0
194,1,train_0010,12402.956165024412,10624.776246103014,112.47762461030143,0.0,12515.433789634713,16.18,0.76,0.0,0.0,5.0
195,1,train_0223,12044.09204247802,10706.084540442154,120.60845404421543,0.0,12164.700496522235,13.16,0.64,0.0,0.0,5.0
196,1,train_0516,12729.62688164691,10377.057532358593,87.70575323585928,0.0,12817.332634882769,14.96,0.6,0.0,0.0,5.0
197,1,train_0295,12275.501087032952,10446.40078177681,94.64007817768106,0.0,12370.141165210633,16.18,0.72,0.0,0.0,5.0
198,1,train_0460,12578.94187028643,10197.166575468258,69.71665754682581,0.0,12648.658527833255,14.8,0.58,0.0,0.0,5.0
199,1,train_0378,12269.58656902091,10596.24659757194,109.62465975719407,0.0,12379.211228778104,16.0,0.58,0.0,0.0,5.0
200,1,train_0095,12384.12863410165,10068.796406031195,56.87964060311952,0.0,12441.008274704769,16.9,0.7,0.0,0.0,5.0
201,1,train_0219,12421.42507266042,10309.068222676331,80.90682226763312,0.0,12502.331894928053,16.94,0.78,0.0,0.0,5.0
202,1,train_0333,12781.843021204244,10239.478926040501,73.94789260405014,0.0,12855.790913808294,16.22,0.7,0.0,0.0,5.0
203,1,train_0103,12177.301503573366,10122.844081360341,62.28440813603411,0.0,12239.5859117094,16.78,0.64,0.0,0.0,5.0
204,1,train_0134,12610.934392121877,10606.601636490012,110.66016364900116,0.0,12721.594555770878,14.66,0.64,0.0,0.0,5.0
205,1,train_0055,12389.153127927562,10347.783981578414,84.77839815784137,0.0,12473.931526085404,15.12,0.7,0.0,0.0,5.0
206,1,train_0561,12744.670646834233,10377.525645710415,87.75256457104152,0.0,12832.423211405274,16.52,0.64,0.0,0.0,5.0
207,1,train_0016,12474.76742490068,10314.47209474778,81.44720947477799,0.0,12556.214634375458,17.14,0.64,0.0,0.0,5.0
208,1,train_0100,11757.113497546512,10051.363762914803,55.13637629148034,0.0,11812.249873837993,16.1,0.7,0.0,0.0,5.0
209,1,train_0020,12675.22158091238,10631.127327770788,113.11273277707879,0.0,12788.33431368946,15.92,0.66,0.0,0.0,5.0
210,1,train_0047,12411.207372272029,10040.96355304814,54.09635530481392,0.0,12465.303727576842,14.22,0.66,0.0,0.0,5.0
211,1,train_0356,12563.424965459526,10679.543038222095,117.95430382220948,0.0,12681.379269281735,15.42,0.66,0.0,0.0,5.0
212,1,train_0162,12062.815252847204,9788.871667221543,28.887166722154326,0.0,12091.702419569358,18.38,0.6,0.0,0.0,5.0
213,1,train_0576,12206.335958292253,10273.406719454917,77.3406719454917,0.0,12283.676630237745,14.56,0.76,0.0,0.0,5.0
214,1,train_0503,12829.03534485861,10600.637855552452,110.06378555524516,0.0,12939.099130413855,16.88,0.84,0.0,0.0,5.0
215,1,train_0508,12481.232664040455,10423.915064215249,92.39150642152491,0.0,12573.62417046198,14.56,0.5,0.0,0.0,5.0
216,1,train_0344,12496.95877627484,10224.213628099522,72.42136280995219,0.0,12569.380139084791,15.66,0.76,0.0,0.0,5.0
217,1,train_0517,12657.675111673052,10753.044310769887,125.30443107698866,0.0,12782.979542750041,15.76,0.68,0.0,0.0,5.0
218,1,train_0541,12589.929731554717,10675.035461789503,117.50354617895027,0.0,12707.433277733668,17.6,0.68,0.0,0.0,5.0
219,1,train_0033,13047.149199624047,10419.714545175502,91.97145451755023,0.0,13139.120654141598,14.16,0.56,0.0,0.0,5.0
220,1,train_0289,12943.088158216393,10880.038772172746,138.00387721727458,0.0,13081.092035433667,17.32,0.66,0.0,0.0,5.0
221,1,train_0331,12216.425550717231,10603.302201315248,110.33022013152477,0.0,12326.755770848757,15.8,0.74,0.0,0.0,5.0
222,1,train_0219,12615.685866039517,10414.77444088893,91.47744408889304,0.0,12707.16331012841,14.9,0.52,0.0,0.0,5.0
223,1,train_0277,12370.684844000145,10336.816557627571,83.68165576275715,0.0,12454.366499762902,16.38,0.54,0.0,0.0,5.0
224,1,train_0452,12503.742793539514,10326.819810028433,82.68198100284336,0.0,12586.424774542356,14.44,0.64,0.0,0.0,5.0
225,1,train_0493,12163.33311260269,10180.862237868403,68.0862237868403,0.0,12231.41933638953,17.88,0.76,0.0,0.0,5.0
226,1,train_0566,12083.144851349412,9964.88770800029,46.488770800028945,0.0,12129.633622149442,14.1,0.68,0.0,0.0,5.0
227,1,train_0555,12062.24743256551,10201.275290240334,70.12752902403336,0.0,12132.374961589543,15.92,0.66,0.0,0.0,5.0
228,1,train_0233,12829.83046023607,10780.10842436957,128.01084243695695,0.0,12957.841302673027,15.32,0.64,0.0,0.0,5.0
229,1,train_0183,12459.004373539567,10773.524390942759,127.35243909427591,0.0,12586.356812633843,14.44,0.64,0.0,0.0,5.0
230,1,train_0311,12395.041970245464,10549.950112834875,104.99501128348749,0.0,12500.03698152895,15.9,0.68,0.0,0.0,5.0
231,1,train_0578,12300.287278122534,10022.410450576708,52.24104505767082,0.0,12352.528323180206,19.7,0.68,0.0,0.0,5.0
232,1,train_0021,12517.253706335463,10675.546786878462,117.55467868784618,0.0,12634.808385023309,18.64,0.72,0.0,0.0,5.0
233,1,train_0338,12323.417626796792,10462.516195695898,96.25161956958982,0.0,12419.669246366382,16.68,0.66,0.0,0.0,5.0
234,1,train_0123,12362.993519523994,10660.369527444804,116.03695274448037,0.0,12479.030472268474,15.76,0.64,0.0,0.0,5.0
235,1,train_0424,12802.772931861473,10387.717128753264,88.77171287532639,0.0,12891.5446447368,18.26,0.68,0.0,0.0,5.0
236,1,train_0076,12425.533855711006,10295.560011343408,79.55600113434085,0.0,12505.089856845347,15.76,0.72,0.0,0.0,5.0
237,1,train_0172,12181.889481070195,10580.984197141643,108.09841971416427,0.0,12289.98790078436,16.92,0.62,0.0,0.0,5.0
238,1,train_0457,12561.30933165722,10014.142021713184,51.41420217131836,0.0,12612.723533828537,14.42,0.68,0.0,0.0,5.0
239,1,train_0335,12745.34338959352,10580.422263227894,108.04222632278943,0.0,12853.38561591631,16.88,0.66,0.0,0.0,5.0
240,1,train_0030,12120.120805157141,10272.242402464932,77.22424024649318,0.0,12197.345045403634,17.0,0.74,0.0,0.0,5.0
241,1,train_0540,12731.57176477664,10473.200906562899,97.3200906562899,0.0,12828.89185543293,15.5,0.58,0.0,0.0,5.0
242,1,train_0332,12097.953344538651,10267.54548489501,76.75454848950103,0.0,12174.707893028153,14.74,0.78,0.0,0.0,5.0
243,1,train_0186,12613.762349639528,10523.098969865947,102.3098969865947,0.0,12716.072246626123,13.66,0.7,0.0,0.0,5.0
244,1,train_0065,12616.434090528295,10546.359591975823,104.63595919758228,0.0,12721.070049725877,14.22,0.68,0.0,0.0,5.0
245,1,train_0234,12174.670843354203,10457.493249529089,95.74932495290886,0.0,12270.420168307111,16.48,0.68,0.0,0.0,5.0
246,1,train_0062,12089.575440149732,10221.413861256615,72.14138612566148,0.0,12161.716826275395,14.94,0.56,0.0,0.0,5.0
247,1,train_0005,12309.797290955836,10155.399983627309,65.53999836273088,0.0,12375.337289318566,18.2,0.5,0.0,0.0,5.0
248,1,train_0330,11702.149268749672,10215.489054247915,71.54890542479153,0.0,11773.698174174464,15.86,0.6,0.0,0.0,5.0
249,1,train_0353,12035.455018108907,10181.402474137047,68.14024741370467,0.0,12103.595265522612,15.96,0.62,0.0,0.0,5.0
250,1,train_0388,12408.089421398858,10783.062427541865,128.3062427541865,0.0,12536.395664153044,15.66,0.68,0.0,0.0,5.0
251,1,train_0598,12276.197822146321,10335.98764634276,83.5987646342761,0.0,12359.796586780598,14.56,0.62,0.0,0.0,5.0
252,1,train_0034,12639.024060333108,10146.908581923495,64.69085819234952,0.0,12703.714918525457,15.84,0.66,0.0,0.0,5.0
253,1,train_0451,12649.992807936173,10606.200596219114,110.62005962191142,0.0,12760.612867558084,17.52,0.76,0.0,0.0,5.0
254,1,train_0259,12486.623129529931,10662.7522088027,116.27522088027,0.0,12602.898350410202,15.12,0.68,0.0,0.0,5.0
255,1,train_0032,12388.383672955002,10656.509205132264,115.65092051322645,0.0,12504.034593468228,17.6,0.74,0.0,0.0,5.0
256,1,train_0037,12999.022105697346,10713.852895883814,121.38528958838143,0.0,13120.407395285727,17.14,0.58,0.0,0.0,5.0
257,1,train_0476,12298.905838271798,10436.112625440348,93.6112625440348,0.0,12392.517100815832,17.96,0.68,0.0,0.0,5.0
258,1,train_0185,12357.39656254043,10361.69103791471,86.16910379147103,0.0,12443.565666331902,15.32,0.62,0.0,0.0,5.0
259,1,train_0578,12341.802834228694,10370.820124494343,87.0820124494343,0.0,12428.88484667813,17.26,0.72,0.0,0.0,5.0
260,1,train_0154,12648.954610013054,10474.283127547196,97.42831275471963,0.0,12746.382922767774,18.66,0.6,0.0,0.0,5.0
261,1,train_0149,12281.963863551038,10680.234634238002,118.02346342380025,0.0,12399.987326974839,18.02,0.74,0.0,0.0,5.0
262,1,train_0586,12403.98971675758,10006.67050933762,50.66705093376204,0.0,12454.656767691342,14.16,0.66,0.0,0.0,5.0
263,1,train_0044,12556.789990578387,10608.225606628008,110.8225606628008,0.0,12667.612551241187,16.38,0.68,0.0,0.0,5.0
264,1,train_0502,12410.70512325397,10765.529921510944,126.55299215109444,0.0,12537.258115405066,13.88,0.72,0.0,0.0,5.0
265,1,train_0263,12193.726085036142,10001.924391886423,50.19243918864231,0.0,12243.918524224784,16.38,0.58,0.0,0.0,5.0
266,1,train_0121,12403.743104242509,10361.775978903117,86.1775978903117,0.0,12489.92070213282,15.22,0.62,0.0,0.0,5.0
267,1,train_0161,12841.33730143569,9945.881138931582,44.58811389315815,0.0,12885.925415328848,14.38,0.66,0.0,0.0,5.0
268,1,train_0150,12138.166838810672,10340.080099989837,84.00800999898365,0.0,12222.174848809656,17.12,0.66,0.0,0.0,5.0
269,1,train_0034,12240.567815468274,10445.381797285456,94.53817972854559,0.0,12335.10599519682,16.26,0.7,0.0,0.0,5.0
270,1,train_0347,12243.323310451438,10385.446718720297,88.54467187202972,0.0,12331.867982323469,16.04,0.64,0.0,0.0,5.0
271,1,train_0022,12703.434233463366,10189.773021665356,68.97730216653564,0.0,12772.4115356299,17.12,0.72,0.0,0.0,5.0
272,1,train_0336,12251.837668434622,10308.184837994708,80.81848379947078,0.0,12332.656152234093,16.42,0.66,0.0,0.0,5.0
273,1,train_0051,12542.161637839634,10603.05648360795,110.30564836079503,0.0,12652.467286200428,16.74,0.68,0.0,0.0,5.0
274,1,train_0172,12298.17775323653,10311.823596455637,81.18235964556371,0.0,12379.360112882094,17.16,0.5,0.0,0.0,5.0
275,1,train_0409,12829.375900653955,10534.491773234016,103.44917732340164,0.0,12932.825077977357,16.38,0.62,0.0,0.0,5.0
276,1,train_0516,12660.572087246643,10527.548157606718,102.75481576067178,0.0,12763.326903007315,15.28,0.68,0.0,0.0,5.0
277,1,train_0325,12738.361247254576,10049.78813446624,54.97881344662401,0.0,12793.340060701199,14.54,0.76,0.0,0.0,5.0
278,1,train_0363,12438.919119992592,10685.302189094204,118.53021890942037,0.0,12557.449338902012,15.92,0.84,0.0,0.0,5.0
279,1,train_0211,12295.466152032724,10402.18225264614,90.21822526461402,0.0,12385.684377297339,17.36,0.66,0.0,0.0,5.0
280,1,train_0541,12857.908444510154,10322.929151335002,82.29291513350017,0.0,12940.201359643655,17.1,0.64,0.0,0.0,5.0
281,1,train_0581,12207.65373748466,10552.660243502516,105.26602435025161,0.0,12312.919761834912,17.4,0.64,0.0,0.0,5.0
282,1,train_0127,12720.830040636585,10171.640410093472,67.16404100934724,0.0,12787.994081645933,14.08,0.68,0.0,0.0,5.0
283,1,train_0281,12628.03605576223,10530.082850694514,103.00828506945146,0.0,12731.04434083168,16.02,0.7,0.0,0.0,5.0
284,1,train_0120,12301.516084716393,10339.565796947423,83.95657969474233,0.0,12385.472664411136,18.28,0.64,0.0,0.0,5.0
285,1,train_0294,12134.403684939245,10502.959206574073,100.29592065740727,0.0,12234.699605596652,14.84,0.68,0.0,0.0,5.0
286,1,train_0301,12453.6760465201,10723.773008632917,122.37730086329175,0.0,12576.053347383393,14.5,0.74,0.0,0.0,5.0
287,1,train_0452,12165.450081222127,10322.983536624059,82.29835366240587,0.0,12247.748434884532,14.58,0.68,0.0,0.0,5.0
288,1,train_0166,12380.896359221486,10030.817360188035,53.08173601880353,0.0,12433.978095240289,15.02,0.7,0.0,0.0,5.0
289,1,train_0465,12795.190905264652,10659.556256223592,115.9556256223592,0.0,12911.14653088701,16.32,0.74,0.0,0.0,5.0
290,1,train_0416,12076.320766044777,10238.473895704932,73.84738957049322,0.0,12150.16815561527,17.64,0.58,0.0,0.0,5.0
291,1,train_0288,11949.955620830322,10427.440457647206,92.74404576472062,0.0,12042.699666595043,16.5,0.64,0.0,0.0,5.0
292,1,train_0390,12457.738507394391,10515.607070646412,101.56070706464125,0.0,12559.299214459033,16.58,0.76,0.0,0.0,5.0
293,1,train_0100,11759.445222120237,10213.512428558059,71.35124285580586,0.0,11830.796464976043,14.3,0.52,0.0,0.0,5.0
294,1,train_0449,12674.494541818924,10482.490534188499,98.24905341884988,0.0,12772.743595237773,17.68,0.66,0.0,0.0,5.0
295,1,train_0275,12393.470163446505,10251.384763032112,75.13847630321125,0.0,12468.608639749717,16.48,0.76,0.0,0.0,5.0
296,1,train_0227,12816.405448998517,10661.86612629857,116.18661262985698,0.0,12932.592061628375,15.82,0.62,0.0,0.0,5.0
297,1,train_0237,12239.671284053795,10032.503550827903,53.25035508279034,0.0,12292.921639136584,14.8,0.7,0.0,0.0,5.0
298,1,train_0550,12409.09728469332,10302.578698419522,80.2578698419522,0.0,12489.355154535273,18.1,0.6,0.0,0.0,5.0
299,1,train_0486,12498.926272959243,10614.104258228614,111.41042582286137,0.0,12610.336698782105,15.58,0.56,0.0,0.0,5.0
300,1,train_0543,12506.818894213493,10643.042531784175,114.30425317841747,0.0,12621.12314739191,15.56,0.58,0.0,0.0,5.0
301,1,train_0154,12781.041735544175,10272.027671126118,77.20276711261177,0.0,12858.244502656788,17.96,0.6,0.0,0.0,5.0
302,1,train_0462,12732.915299666583,10214.555529702,71.4555529702,0.0,12804.370852636783,16.56,0.58,0.0,0.0,5.0
303,1,train_0097,12130.682984381976,10282.49911361998,78.24991136199806,0.0,12208.932895743974,17.84,0.58,0.0,0.0,5.0
304,1,train_0595,12106.335966507,10231.840510016495,73.18405100164946,0.0,12179.52001750865,15.68,0.68,0.0,0.0,5.0
305,1,train_0306,12305.908943793114,10497.36444360988,99.73644436098803,0.0,12405.645388154102,14.96,0.62,0.0,0.0,5.0
306,1,train_0467,12675.936332926922,10959.973826170784,145.99738261707844,0.0,12821.933715544,16.22,0.66,0.0,0.0,5.0
307,1,train_0500,12261.578549411544,10232.446963984472,73.2446963984472,0.0,12334.823245809992,14.28,0.7,0.0,0.0,5.0
308,1,train_0300,12393.296601346397,10205.871783615727,70.58717836157267,0.0,12463.88377970797,14.9,0.68,0.0,0.0,5.0
309,1,train_0277,12371.835382064733,10400.617042450995,90.06170424509946,0.0,12461.897086309833,16.44,0.54,0.0,0.0,5.0
310,1,train_0504,12437.69442777697,10516.939238165272,101.69392381652725,0.0,12539.388351593498,16.7,0.74,0.0,0.0,5.0
311,1,train_0320,12279.85932057233,10632.400222248645,113.24002222486452,0.0,12393.099342797195,15.92,0.54,0.0,0.0,5.0
312,1,train_0103,12029.418683544336,10473.53296979154,97.35329697915404,0.0,12126.77198052349,15.96,0.66,0.0,0.0,5.0
313,1,train_0166,12051.721085486635,10273.232153755538,77.32321537555381,0.0,12129.04430086219,14.36,0.64,0.0,0.0,5.0
314,1,train_0289,12538.119076857427,10480.179159695059,98.01791596950589,0.0,12636.136992826932,16.0,0.68,0.0,0.0,5.0
315,1,train_0526,12162.861155947568,10489.803530860989,98.98035308609889,0.0,12261.841509033668,15.7,0.64,0.0,0.0,5.0
316,1,train_0592,12523.56517332117,10400.322757224185,90.03227572241849,0.0,12613.59744904359,15.38,0.48,0.0,0.0,5.0
317,1,train_0036,12290.443563160727,10268.693507863254,76.86935078632541,0.0,12367.312913947051,16.52,0.76,0.0,0.0,5.0
318,1,train_0440,12740.372083209,10523.918604816536,102.39186048165357,0.0,12842.763943690654,15.86,0.6,0.0,0.0,5.0
319,1,train_0447,12335.43008272195,10534.465772855245,103.44657728552448,0.0,12438.876660007474,16.38,0.64,0.0,0.0,5.0
320,1,train_0268,12505.802280540345,10260.142435258138,76.0142435258138,0.0,12581.816524066158,15.46,0.6,0.0,0.0,5.0
321,1,train_0304,13106.354449553519,10793.17479779968,129.317479779968,0.0,13235.671929333486,17.06,0.68,0.0,0.0,5.0
322,1,train_0241,12236.169797040468,10212.72356843988,71.27235684398802,0.0,12307.442153884456,13.84,0.76,0.0,0.0,5.0
323,1,train_0461,12366.26927082631,10157.299133874883,65.72991338748834,0.0,12431.999184213797,14.0,0.64,0.0,0.0,5.0
324,1,train_0463,12221.35664650646,9880.702833550575,38.07028335505748,0.0,12259.426929861516,15.8,0.64,0.0,0.0,5.0
325,1,train_0104,12395.756946641966,10460.453633333596,96.04536333335965,0.0,12491.802309975326,17.6,0.68,0.0,0.0,5.0
326,1,train_0213,12362.616978954171,10373.985154819704,87.39851548197039,0.0,12450.015494436142,16.44,0.68,0.0,0.0,5.0
327,1,train_0094,11885.720046401995,10220.905135903904,72.0905135903904,0.0,11957.810559992386,15.22,0.72,0.0,0.0,5.0
328,1,train_0411,12793.717925889643,10560.324949242378,106.03249492423784,0.0,12899.750420813882,15.52,0.72,0.0,0.0,5.0
329,1,train_0436,12847.966682318944,10634.214970204692,113.42149702046919,0.0,12961.388179339412,17.42,0.74,0.0,0.0,5.0
330,1,train_0594,12053.32761511618,10002.790438441476,50.2790438441476,0.0,12103.606658960329,17.04,0.7,0.0,0.0,5.0
331,1,train_0446,11996.703065063266,10321.957996722878,82.19579967228783,0.0,12078.898864735555,13.3,0.6,0.0,0.0,5.0
332,1,train_0085,12723.108054550765,10119.270492844387,61.92704928443873,0.0,12785.035103835204,14.4,0.64,0.0,0.0,5.0
333,1,train_0167,12247.821995928616,10228.306004089036,72.83060040890359,0.0,12320.65259633752,15.4,0.7,0.0,0.0,5.0
334,1,train_0116,12380.759771802,10219.865864293031,71.98658642930313,0.0,12452.746358231303,16.72,0.5,0.0,0.0,5.0
335,1,train_0008,12496.033868746017,10270.108699254415,77.01086992544151,0.0,12573.044738671459,14.34,0.6,0.0,0.0,5.0
336,1,train_0197,12607.23349104862,10515.680420563993,101.56804205639929,0.0,12708.80153310502,15.9,0.64,0.0,0.0,5.0
337,1,train_0459,12508.84714817837,10331.842257822413,83.18422578224127,0.0,12592.031373960612,17.46,0.68,0.0,0.0,5.0
338,1,train_0372,12357.029474988345,10580.745015932589,108.0745015932589,0.0,12465.103976581604,17.14,0.48,0.0,0.0,5.0
339,1,train_0475,11914.294553563468,10452.594374861521,95.2594374861521,0.0,12009.55399104962,15.72,0.64,0.0,0.0,5.0
340,1,train_0217,12549.984397393673,10438.191723559794,93.81917235597939,0.0,12643.803569749653,17.3,0.62,0.0,0.0,5.0
341,1,train_0497,12499.01100348794,10681.852050805464,118.18520508054644,0.0,12617.196208568486,15.94,0.74,0.0,0.0,5.0
342,1,train_0006,12049.369260331056,10657.446002993598,115.74460029935982,0.0,12165.113860630416,14.24,0.68,0.0,0.0,5.0
343,1,train_0446,12093.97964788059,10280.221591978956,78.0221591978956,0.0,12172.001807078484,15.88,0.72,0.0,0.0,5.0
344,1,train_0089,12653.376211489205,10738.663303560257,123.86633035602573,0.0,12777.242541845231,16.46,0.74,0.0,0.0,5.0
345,1,train_0188,12307.335803262162,10440.687093940844,94.06870939408437,0.0,12401.404512656247,14.8,0.72,0.0,0.0,5.0
346,1,train_0218,12896.034512407503,10143.229353539107,64.32293535391072,0.0,12960.357447761413,15.18,0.66,0.0,0.0,5.0
347,1,train_0239,12805.805400958774,10050.801122264,55.08011222639998,0.0,12860.885513185174,14.24,0.72,0.0,0.0,5.0
348,1,train_0397,12539.754074837145,10184.614719093268,68.46147190932679,0.0,12608.21554674647,15.22,0.6,0.0,0.0,5.0
349,1,train_0538,12214.373027390135,11122.405618813824,162.2405618813824,0.0,12376.613589271517,15.16,0.82,0.0,0.0,5.0
350,1,train_0233,13357.227005390432,10655.841065130575,115.58410651305749,0.0,13472.81111190349,17.38,0.7,0.0,0.0,5.0
351,1,train_0338,12044.574008061241,10585.826599954824,108.5826599954824,0.0,12153.156668056723,15.7,0.72,0.0,0.0,5.0
352,1,train_0553,11794.463283218258,9997.04760090902,49.704760090901985,0.0,11844.16804330916,16.2,0.52,0.0,0.0,5.0
353,1,train_0139,12319.155583914777,10267.765194835652,76.77651948356525,0.0,12395.932103398341,13.86,0.78,0.0,0.0,5.0
354,1,train_0141,12856.280190028108,10459.81234488008,95.98123448800798,0.0,12952.261424516117,14.24,0.52,0.0,0.0,5.0
355,1,train_0573,12020.706122282147,10183.068058991808,68.30680589918084,0.0,12089.012928181328,16.42,0.76,0.0,0.0,5.0
356,1,train_0049,12581.429947105484,10482.984316072889,98.29843160728888,0.0,12679.728378712773,14.4,0.6,0.0,0.0,5.0
357,1,train_0104,12437.206498001688,10124.64187568506,62.46418756850599,0.0,12499.670685570194,17.82,0.64,0.0,0.0,5.0
358,1,train_0012,12604.001545138446,10929.347460581059,142.9347460581059,0.0,12746.936291196553,16.12,0.58,0.0,0.0,5.0
359,1,train_0219,12535.671934661004,10306.796319485198,80.67963194851983,0.0,12616.351566609525,17.2,0.72,0.0,0.0,5.0
360,1,train_0360,12220.125833504138,10411.517570101692,91.15175701016925,0.0,12311.277590514308,15.18,0.58,0.0,0.0,5.0
361,1,train_0559,12484.88711921301,10593.480230350333,109.3480230350333,0.0,12594.235142248042,16.9,0.56,0.0,0.0,5.0
362,1,train_0059,12491.877190710722,10279.974166106831,77.9974166106831,0.0,12569.874607321406,15.54,0.72,0.0,0.0,5.0
363,1,train_0370,12852.307278517284,10488.89665624461,98.88966562446095,0.0,12951.196944141746,14.06,0.66,0.0,0.0,5.0
364,1,train_0168,12374.975028003775,10927.908300160423,142.79083001604232,0.0,12517.765858019817,15.54,0.58,0.0,0.0,5.0
365,1,train_0373,12487.699396707469,10545.310030389945,104.53100303899447,0.0,12592.230399746462,15.84,0.76,0.0,0.0,5.0
366,1,train_0562,12406.19882716309,10530.54493472515,103.05449347251506,0.0,12509.253320635606,15.68,0.7,0.0,0.0,5.0
367,1,train_0305,12277.67305903565,10174.856456443744,67.48564564437439,0.0,12345.158704680023,15.74,0.72,0.0,0.0,5.0
368,1,train_0024,12263.29543094584,9906.459043976985,40.645904397698544,0.0,12303.94133534354,15.46,0.68,0.0,0.0,5.0
369,1,train_0420,12151.676513733113,10662.392313490922,116.2392313490922,0.0,12267.915745082206,14.82,0.66,0.0,0.0,5.0
370,1,train_0120,12343.927755418697,9961.449652714773,46.144965271477304,0.0,12390.072720690176,17.16,0.58,0.0,0.0,5.0
371,1,train_0461,12275.338928920908,10791.092893466348,129.1092893466348,0.0,12404.448218267542,13.62,0.64,0.0,0.0,5.0
372,1,train_0410,12803.40270558487,10537.296072673682,103.7296072673682,0.0,12907.132312852238,18.02,0.7,0.0,0.0,5.0
373,1,train_0316,12425.907794088378,10513.37088206604,101.33708820660395,0.0,12527.244882294983,17.5,0.6,0.0,0.0,5.0
374,1,train_0000,12324.771574568,10028.318447323034,52.8318447323034,0.0,12377.603419300303,15.44,0.68,0.0,0.0,5.0
375,1,train_0187,12094.771422359807,10380.976797438256,88.09767974382558,0.0,12182.869102103632,15.08,0.72,0.0,0.0,5.0
376,1,train_0045,12270.794605215397,10476.44123080398,97.64412308039792,0.0,12368.438728295794,13.94,0.7,0.0,0.0,5.0
377,1,train_0148,12609.805617676946,10190.504228999756,69.05042289997564,0.0,12678.856040576922,16.18,0.72,0.0,0.0,5.0
378,1,train_0063,12477.226831149468,10356.656799179862,85.66567991798621,0.0,12562.892511067454,15.26,0.6,0.0,0.0,5.0
379,1,train_0488,12527.837301677075,10247.825597539279,74.78255975392786,0.0,12602.619861431003,16.56,0.7,0.0,0.0,5.0
380,1,train_0377,12387.680372080627,10336.970372251766,83.69703722517662,0.0,12471.377409305804,15.08,0.64,0.0,0.0,5.0
381,1,train_0387,11937.232673498416,10044.951273706918,54.49512737069181,0.0,11991.727800869108,14.74,0.6,0.0,0.0,5.0
382,1,train_0313,12543.624779676262,10468.865975607481,96.88659756074813,0.0,12640.51137723701,17.14,0.7,0.0,0.0,5.0
383,1,train_0179,12231.232612876243,10282.528276040242,78.25282760402425,0.0,12309.485440480268,14.58,0.58,0.0,0.0,5.0
384,1,train_0047,12530.926284362802,9878.064432191517,37.806443219151696,0.0,12568.732727581953,14.14,0.58,0.0,0.0,5.0
385,1,train_0060,12574.560720552723,10273.645312430013,77.36453124300134,0.0,12651.925251795725,17.38,0.62,0.0,0.0,5.0
386,1,train_0023,12351.839746303045,10017.773145644416,51.777314564441625,0.0,12403.617060867487,15.58,0.68,0.0,0.0,5.0
387,1,train_0132,12322.725221892328,10156.15034522484,65.61503452248398,0.0,12388.340256414811,16.8,0.7,0.0,0.0,5.0
388,1,train_0586,12510.95523029204,10177.420936571558,67.74209365715579,0.0,12578.697323949196,15.3,0.7,0.0,0.0,5.0
389,1,train_0507,12317.042151531039,10441.92957226428,94.192957226428,0.0,12411.235108757468,16.46,0.72,0.0,0.0,5.0
390,1,train_0469,12901.601459352303,10942.267177948388,144.2267177948388,0.0,13045.828177147141,15.4,0.68,0.0,0.0,5.0
391,1,train_0430,12377.571919991798,10438.229143950937,93.82291439509373,0.0,12471.394834386892,14.92,0.72,0.0,0.0,5.0
392,1,train_0485,11972.87502276577,10185.857711377437,68.58577113774372,0.0,12041.460793903512,18.42,0.68,0.0,0.0,5.0
393,1,train_0252,12530.448269303617,9969.97814481345,46.99781448134509,0.0,12577.446083784962,16.02,0.58,0.0,0.0,5.0
394,1,train_0543,12663.027052942121,10457.430021772123,95.7430021772123,0.0,12758.770055119334,15.4,0.76,0.0,0.0,5.0
395,1,train_0499,12089.580616786394,10332.77937159731,83.27793715973094,0.0,12172.858553946126,16.26,0.66,0.0,0.0,5.0
396,1,train_0086,12019.179956357291,9867.339588378436,36.7339588378436,0.0,12055.913915195135,16.7,0.7,0.0,0.0,5.0
397,1,train_0141,12900.052876094709,10625.830974504182,112.58309745041825,0.0,13012.635973545128,15.16,0.7,0.0,0.0,5.0
398,1,train_0282,12294.784060580903,10094.122545179958,59.41225451799583,0.0,12354.1963150989,15.86,0.6,0.0,0.0,5.0
399,1,train_0219,12488.923969959615,10385.656527541782,88.56565275417816,0.0,12577.489622713792,16.8,0.62,0.0,0.0,5.0
400,2,train_0162,11860.09754163329,9932.4615007213,43.24615007212997,0.0,11903.343691705419,16.56,0.56,0.0,0.0,5.0
401,2,train_0125,11996.904565170693,10459.784205669514,95.97842056695136,0.0,12092.882985737644,16.44,0.78,0.0,0.0,5.0
402,2,train_0139,12281.966616953781,10369.50751463757,86.95075146375694,0.0,12368.917368417538,14.78,0.64,0.0,0.0,5.0
403,2,train_0066,12300.13106159369,10463.859403272723,96.38594032727234,0.0,12396.517001920964,17.34,0.6,0.0,0.0,5.0
404,2,train_0350,12216.956355939179,10165.309172615747,66.53091726157473,0.0,12283.487273200753,17.08,0.6,0.0,0.0,5.0
405,2,train_0274,12471.67295608246,10692.715309510008,119.27153095100076,0.0,12590.944487033461,15.26,0.82,0.0,0.0,5.0
406,2,train_0563,12352.334265416728,10505.328910339742,100.5328910339742,0.0,12452.867156450702,16.3,0.56,0.0,0.0,5.0
407,2,train_0399,12387.322017884278,10361.786680481182,86.1786680481182,0.0,12473.500685932397,15.44,0.7,0.0,0.0,5.0
408,2,train_0385,12880.14949794782,10604.670123216645,110.46701232166453,0.0,12990.616510269483,16.94,0.72,0.0,0.0,5.0
409,2,train_0458,12519.439945258498,10832.985785927958,133.29857859279582,0.0,12652.738523851294,15.3,0.6,0.0,0.0,5.0
410,2,train_0127,12353.876543897091,10914.845826383877,141.48458263838765,0.0,12495.36112653548,14.6,0.7,0.0,0.0,5.0
411,2,train_0109,12678.395849456654,10333.848624994625,83.38486249946254,0.0,12761.780711956117,16.68,0.66,0.0,0.0,5.0
412,2,train_0498,12344.260627519823,10364.819118366486,86.48191183664858,0.0,12430.742539356472,13.52,0.76,0.0,0.0,5.0
413,2,train_0057,12289.64314314579,10184.675948150854,68.46759481508543,0.0,12358.110737960875,15.42,0.68,0.0,0.0,5.0
414,2,train_0527,12353.292625505292,10124.382911855988,62.43829118559879,0.0,12415.73091669089,15.46,0.54,0.0,0.0,5.0
415,2,train_0402,12598.348318467451,10271.222406991816,77.12224069918157,0.0,12675.470559166633,18.02,0.66,0.0,0.0,5.0
416,2,train_0431,12196.633694020024,10311.464478448253,81.14644784482535,0.0,12277.780141864849,18.02,0.68,0.0,0.0,5.0
417,2,train_0164,12360.696708615378,10022.160544452992,52.216054445299235,0.0,12412.912763060678,14.8,0.68,0.0,0.0,5.0
418,2,train_0310,12159.390226748636,10330.837960598918,83.08379605989177,0.0,12242.474022808527,15.38,0.6,0.0,0.0,5.0
419,2,train_0076,12340.527289690108,10307.322937039942,80.73229370399423,0.0,12421.259583394101,15.72,0.64,0.0,0.0,5.0
420,2,train_0003,12214.653100079442,10217.112340499785,71.71123404997853,0.0,12286.364334129421,16.92,0.58,0.0,0.0,5.0
421,2,train_0224,12379.275865384217,10478.414595322736,97.84145953227363,0.0,12477.117324916491,14.46,0.7,0.0,0.0,5.0
422,2,train_0390,12232.830222707875,10606.60634160107,110.66063416010694,0.0,12343.490856867982,18.16,0.62,0.0,0.0,5.0
423,2,train_0484,12399.996857571927,10479.493588109077,97.9493588109077,0.0,12497.946216382834,13.34,0.56,0.0,0.0,5.0
424,2,train_0425,12844.768626724846,10769.403326051899,126.94033260518991,0.0,12971.708959330037,14.78,0.66,0.0,0.0,5.0
425,2,train_0043,12362.144855492868,10129.650685317982,62.965068531798174,0.0,12425.109924024666,17.72,0.62,0.0,0.0,5.0
426,2,train_0249,12415.963206394434,10696.426735069188,119.64267350691881,0.0,12535.605879901352,15.1,0.64,0.0,0.0,5.0
427,2,train_0352,11891.52764817529,10181.959086783823,68.19590867838234,0.0,11959.723556853673,17.1,0.52,0.0,0.0,5.0
428,2,train_0219,12630.087499069668,10274.225385859894,77.42253858598943,0.0,12707.510037655658,15.58,0.66,0.0,0.0,5.0
429,2,train_0306,12676.24632181459,10329.293921545024,82.92939215450242,0.0,12759.175713969093,15.4,0.7,0.0,0.0,5.0
430,2,train_0403,12562.782723884578,10750.379751335227,125.03797513352275,0.0,12687.8206990181,14.56,0.58,0.0,0.0,5.0
431,2,train_0096,12607.668408388196,10361.24261739156,86.12426173915593,0.0,12693.792670127352,17.78,0.72,0.0,0.0,5.0
432,2,train_0491,12161.107039091805,10669.935226660036,116.99352266600363,0.0,12278.100561757808,16.0,0.6,0.0,0.0,5.0
433,2,train_0096,12502.655369421853,10504.185183919082,100.41851839190822,0.0,12603.073887813762,17.76,0.68,0.0,0.0,5.0
434,2,train_0193,12460.183298032209,10451.445390376533,95.14453903765335,0.0,12555.327837069863,14.28,0.7,0.0,0.0,5.0
435,2,train_0462,12510.698557245953,10243.444429392566,74.34444293925662,0.0,12585.04300018521,16.58,0.6,0.0,0.0,5.0
436,2,train_0548,12310.601863106851,10716.214258016713,121.6214258016713,0.0,12432.223288908523,16.7,0.78,0.0,0.0,5.0
437,2,train_0181,11554.57264737644,9744.027317553391,24.40273175533912,0.0,11578.97537913178,16.38,0.6,0.0,0.0,5.0
438,2,train_0459,12302.307593091384,10668.733426347331,116.87334263473313,0.0,12419.180935726117,15.84,0.66,0.0,0.0,5.0
439,2,train_0534,12204.771475288737,10797.084054313826,129.70840543138257,0.0,12334.479880720119,15.76,0.62,0.0,0.0,5.0
440,2,train_0098,12346.273251878145,10212.956872362745,71.29568723627453,0.0,12417.568939114419,14.62,0.74,0.0,0.0,5.0
441,2,train_0372,12672.9265148889,10438.530613391911,93.85306133919113,0.0,12766.779576228091,16.54,0.62,0.0,0.0,5.0
442,2,train_0301,12587.101029190968,10767.927553478852,126.79275534788522,0.0,12713.893784538854,15.1,0.64,0.0,0.0,5.0
443,2,train_0403,12742.00896854754,10470.153727953728,97.0153727953728,0.0,12839.024341342913,13.52,0.6,0.0,0.0,5.0
444,2,train_0576,12273.770023421457,10336.749412759018,83.6749412759018,0.0,12357.444964697359,14.02,0.64,0.0,0.0,5.0
445,2,train_0304,12770.405086849207,11094.459100878212,159.44591008782118,0.0,12929.850996937028,15.82,0.72,0.0,0.0,5.0
446,2,train_0146,12163.420843742175,10456.258901449579,95.62589014495789,0.0,12259.046733887133,15.74,0.74,0.0,0.0,5.0
447,2,train_0282,12206.301491553895,10316.55516062304,81.65551606230402,0.0,12287.9570076162,15.78,0.64,0.0,0.0,5.0
448,2,train_0529,12333.381736278669,10549.933022032978,104.99330220329776,0.0,12438.375038481967,16.8,0.7,0.0,0.0,5.0
449,2,train_0161,12599.137125901234,10292.400170603547,79.2400170603547,0.0,12678.377142961588,15.64,0.7,0.0,0.0,5.0
450,2,train_0486,12720.976270232482,10570.699373706891,107.06993737068916,0.0,12828.04620760317,14.44,0.66,0.0,0.0,5.0
451,2,train_0182,12973.747784872454,10459.244155773618,95.92441557736184,0.0,13069.672200449815,14.9,0.6,0.0,0.0,5.0
452,2,train_0323,12677.116705245317,10444.776977130827,94.47769771308268,0.0,12771.594402958399,16.24,0.64,0.0,0.0,5.0
453,2,train_0505,12191.875810360363,10715.605484774163,121.56054847741635,0.0,12313.43635883778,18.14,0.62,0.0,0.0,5.0
454,2,train_0535,12467.411446216134,10269.257523750768,76.92575237507681,0.0,12544.33719859121,14.7,0.68,0.0,0.0,5.0
455,2,train_0213,12345.325503126656,10534.738409735332,103.47384097353316,0.0,12448.799344100189,15.8,0.76,0.0,0.0,5.0
456,2,train_0193,12648.621980193306,10337.487466104994,83.74874661049944,0.0,12732.370726803805,14.28,0.56,0.0,0.0,5.0
457,2,train_0298,11831.764844146597,10082.824022557226,58.28240225572263,0.0,11890.04724640232,16.3,0.64,0.0,0.0,5.0
458,2,train_0358,12408.156801491332,10333.950142075339,83.39501420753386,0.0,12491.551815698866,17.9,0.7,0.0,0.0,5.0
459,2,train_0356,12405.48992814543,10741.470062474447,124.14700624744474,0.0,12529.636934392876,15.0,0.66,0.0,0.0,5.0
460,2,train_0263,11911.579173973754,10353.015867814393,85.30158678143925,0.0,11996.880760755193,14.38,0.6,0.0,0.0,5.0
461,2,train_0208,12287.062690265731,10386.165137314198,88.61651373141977,0.0,12375.679203997151,14.18,0.6,0.0,0.0,5.0
462,2,train_0368,12768.215421195715,10256.565113541685,75.65651135416847,0.0,12843.871932549884,16.16,0.62,0.0,0.0,5.0
463,2,train_0047,12241.22607540774,10391.611115376381,89.16111153763813,0.0,12330.387186945378,14.86,0.72,0.0,0.0,5.0
464,2,train_0467,13031.978065738662,10825.397207792934,132.5397207792934,0.0,13164.517786517956,15.9,0.58,0.0,0.0,5.0
465,2,train_0296,12651.608143812777,10409.434567653425,90.94345676534249,0.0,12742.55160057812,14.3,0.56,0.0,0.0,5.0
466,2,train_0563,12158.3202160962,10541.644632018139,104.16446320181386,0.0,12262.484679298013,15.76,0.62,0.0,0.0,5.0
467,2,train_0511,12091.831176417094,10427.26956449464,92.72695644946398,0.0,12184.558132866558,18.16,0.6,0.0,0.0,5.0
468,2,train_0125,12289.977550936508,10089.648583722013,58.96485837220135,0.0,12348.94240930871,15.28,0.64,0.0,0.0,5.0
469,2,train_0568,12841.260066638379,10904.25472934204,140.42547293420395,0.0,12981.685539572583,15.62,0.66,0.0,0.0,5.0
470,2,train_0319,12409.560415640612,10546.818628445715,104.68186284457153,0.0,12514.242278485182,16.06,0.58,0.0,0.0,5.0
471,2,train_0350,12163.202078104086,10455.149473078589,95.5149473078589,0.0,12258.717025411945,16.18,0.7,0.0,0.0,5.0
472,2,train_0562,12547.019592473649,10108.099961690676,60.80999616906757,0.0,12607.829588642717,16.26,0.72,0.0,0.0,5.0
473,2,train_0230,12074.483592159704,10507.631226339265,100.76312263392647,0.0,12175.246714793631,16.06,0.62,0.0,0.0,5.0
474,2,train_0359,12388.031067280997,10525.704939888263,102.57049398882629,0.0,12490.601561269823,15.24,0.66,0.0,0.0,5.0
475,2,train_0099,12173.704668229884,10352.363549502325,85.23635495023245,0.0,12258.941023180116,16.38,0.58,0.0,0.0,5.0
476,2,train_0526,12708.950844526937,10570.533935898608,107.05339358986076,0.0,12816.004238116797,17.28,0.74,0.0,0.0,5.0
477,2,train_0372,12682.607007356037,10454.234355725952,95.4234355725952,0.0,12778.030442928632,15.44,0.64,0.0,0.0,5.0
478,2,train_0583,12399.507548827658,10596.47380839297,109.64738083929697,0.0,12509.154929666955,15.48,0.68,0.0,0.0,5.0
479,2,train_0391,12448.889394085521,10182.544996584871,68.25449965848712,0.0,12517.143893744009,14.76,0.74,0.0,0.0,5.0
480,2,train_0008,12252.362897861862,10640.706302703944,114.0706302703944,0.0,12366.433528132256,14.34,0.7,0.0,0.0,5.0
481,2,train_0185,12291.875351380984,10506.352123053359,100.63521230533588,0.0,12392.51056368632,16.24,0.72,0.0,0.0,5.0
482,2,train_0462,12405.606723056047,10682.245903137464,118.22459031374638,0.0,12523.831313369794,15.92,0.66,0.0,0.0,5.0
483,2,train_0197,12559.71261213148,10728.781432772857,122.87814327728574,0.0,12682.590755408764,16.86,0.54,0.0,0.0,5.0
484,2,train_0207,12087.10692177119,10344.800855017966,84.48008550179657,0.0,12171.587007272987,15.58,0.7,0.0,0.0,5.0
485,2,train_0064,12707.91175982595,10551.793163016191,105.17931630161911,0.0,12813.09107612757,16.62,0.66,0.0,0.0,5.0
486,2,train_0070,11871.592365749268,10100.015085675417,60.00150856754172,0.0,11931.59387431681,15.78,0.62,0.0,0.0,5.0
487,2,train_0092,12563.498352589642,10542.375981642504,104.23759816425046,0.0,12667.735950753893,17.08,0.66,0.0,0.0,5.0
488,2,train_0248,12528.77011173344,10142.954037600868,64.29540376008681,0.0,12593.065515493527,16.92,0.62,0.0,0.0,5.0
489,2,train_0218,12469.238034738955,10683.734517060935,118.37345170609352,0.0,12587.611486445048,15.3,0.74,0.0,0.0,5.0
490,2,train_0322,12382.719827976827,10353.573458529467,85.35734585294668,0.0,12468.077173829774,16.22,0.76,0.0,0.0,5.0
491,2,train_0535,12237.538021885026,10352.99131439492,85.29913143949199,0.0,12322.837153324517,15.1,0.74,0.0,0.0,5.0
492,2,train_0597,12312.050551163633,10666.501084989703,116.65010849897027,0.0,12428.700659662603,17.44,0.7,0.0,0.0,5.0
493,2,train_0256,12540.418958020571,10213.790199805138,71.37901998051385,0.0,12611.797978001085,16.96,0.62,0.0,0.0,5.0
494,2,train_0294,12075.011399397496,10246.962301792668,74.69623017926679,0.0,12149.707629576762,15.42,0.72,0.0,0.0,5.0
495,2,train_0465,12739.192496584375,10680.625778932515,118.06257789325156,0.0,12857.255074477627,16.3,0.64,0.0,0.0,5.0
496,2,train_0039,12803.013211611411,10435.345204687674,93.53452046876737,0.0,12896.547732080178,16.86,0.7,0.0,0.0,5.0
497,2,train_0132,12298.177581834825,10368.390085199473,86.83900851994731,0.0,12385.016590354773,17.96,0.7,0.0,0.0,5.0
498,2,train_0594,12094.896610003747,10479.65560104715,97.96556010471505,0.0,12192.862170108461,17.32,0.64,0.0,0.0,5.0
499,2,train_0296,12571.976979504952,10515.009253950608,101.50092539506078,0.0,12673.477904900014,15.48,0.72,0.0,0.0,5.0
500,2,train_0127,12584.135600413261,10398.33648513515,89.83364851351507,0.0,12673.969248926776,16.36,0.58,0.0,0.0,5.0
501,2,train_0142,12137.622820758832,10819.820294267312,131.98202942673126,0.0,12269.604850185564,15.82,0.64,0.0,0.0,5.0
502,2,train_0047,12329.178616739817,10123.50652929334,62.35065292933396,0.0,12391.52926966915,15.38,0.58,0.0,0.0,5.0
503,2,train_0424,12735.359366064913,10559.436511955064,105.94365119550639,0.0,12841.30301726042,16.96,0.68,0.0,0.0,5.0
504,2,train_0178,11918.591649115779,10391.566644007607,89.15666440076075,0.0,12007.748313516538,15.66,0.72,0.0,0.0,5.0
505,2,train_0028,12728.368047288079,10158.570974251057,65.85709742510572,0.0,12794.225144713184,16.74,0.6,0.0,0.0,5.0
506,2,train_0206,12662.802186441524,10858.11199209472,135.81119920947205,0.0,12798.613385650997,13.28,0.7,0.0,0.0,5.0
507,2,train_0179,11992.147089348433,10521.844414356345,102.18444143563448,0.0,12094.331530784068,14.38,0.74,0.0,0.0,5.0
508,2,train_0429,12726.94033715946,10729.977119770567,122.99771197705668,0.0,12849.938049136517,17.44,0.54,0.0,0.0,5.0
509,2,train_0397,12564.427328476435,10009.765403266767,50.9765403266767,0.0,12615.403868803112,16.28,0.72,0.0,0.0,5.0
510,2,train_0088,12519.536818943854,10303.015712744813,80.30157127448129,0.0,12599.838390218336,15.86,0.6,0.0,0.0,5.0
511,2,train_0243,12410.4858824145,10767.049079416714,126.70490794167145,0.0,12537.190790356171,17.48,0.66,0.0,0.0,5.0
512,2,train_0066,12785.441791350437,10230.063541869049,73.0063541869049,0.0,12858.448145537342,18.38,0.68,0.0,0.0,5.0
513,2,train_0034,12246.482244455268,10233.702256592373,73.37022565923726,0.0,12319.852470114505,16.24,0.6,0.0,0.0,5.0
514,2,train_0280,12386.259748465836,10647.57799055951,114.75779905595101,0.0,12501.017547521787,16.3,0.68,0.0,0.0,5.0
515,2,train_0479,12589.573467649829,10748.971711356295,124.89717113562948,0.0,12714.470638785459,16.7,0.7,0.0,0.0,5.0
516,2,train_0031,12068.685272627405,10439.803834132164,93.98038341321644,0.0,12162.66565604062,17.9,0.68,0.0,0.0,5.0
517,2,train_0027,12627.699893459549,10503.79151737029,100.37915173702896,0.0,12728.079045196577,14.98,0.66,0.0,0.0,5.0
518,2,train_0291,12726.660209653488,10416.861311091223,91.6861311091223,0.0,12818.34634076261,15.52,0.62,0.0,0.0,5.0
519,2,train_0293,11919.655783805134,10311.3023719546,81.13023719546,0.0,12000.786021000595,14.22,0.76,0.0,0.0,5.0
520,2,train_0542,12486.074865177923,10206.633680298848,70.66336802988481,0.0,12556.738233207809,15.54,0.72,0.0,0.0,5.0
521,2,train_0454,12600.047905726084,10795.814267266185,129.58142672661853,0.0,12729.629332452701,16.48,0.66,0.0,0.0,5.0
522,2,train_0319,12174.998327255078,10607.18452036077,110.718452036077,0.0,12285.716779291155,14.04,0.62,0.0,0.0,5.0
523,2,train_0429,12736.80053589833,10822.29712154181,132.22971215418093,0.0,12869.030248052512,16.68,0.6,0.0,0.0,5.0
524,2,train_0191,12601.679182949596,10309.464158164676,80.94641581646756,0.0,12682.625598766064,16.42,0.7,0.0,0.0,5.0
525,2,train_0007,13412.800441537724,11076.047282288104,157.6047282288104,0.0,13570.405169766535,14.72,0.64,0.0,0.0,5.0
526,2,train_0582,12696.083752727955,10392.498364874878,89.24983648748785,0.0,12785.333589215443,16.72,0.66,0.0,0.0,5.0
527,2,train_0531,12384.570945529395,10703.338819441895,120.3338819441895,0.0,12504.904827473583,17.66,0.64,0.0,0.0,5.0
528,2,train_0367,12354.37894078654,10509.813903934095,100.9813903934095,0.0,12455.36033117995,15.44,0.68,0.0,0.0,5.0
529,2,train_0534,12369.783388625345,10618.285884136121,111.82858841361212,0.0,12481.611977038956,15.22,0.7,0.0,0.0,5.0
530,2,train_0052,12903.06503688403,10147.338594572318,64.73385945723184,0.0,12967.798896341263,15.3,0.54,0.0,0.0,5.0
531,2,train_0131,12840.647620027301,10902.765104136612,140.27651041366116,0.0,12980.924130440962,15.8,0.68,0.0,0.0,5.0
532,2,train_0274,12880.279162390902,10326.190385075539,82.6190385075539,0.0,12962.898200898455,16.6,0.6,0.0,0.0,5.0
533,2,train_0088,12195.058998450513,10445.67447867212,94.56744786721192,0.0,12289.626446317725,16.54,0.62,0.0,0.0,5.0
534,2,train_0081,12282.766729760453,10341.914225052105,84.19142250521054,0.0,12366.958152265663,17.36,0.62,0.0,0.0,5.0
535,2,train_0461,12364.122317809764,10574.815686964175,107.48156869641753,0.0,12471.603886506182,14.5,0.8,0.0,0.0,5.0
536,2,train_0020,12720.344528084324,10698.703052392793,119.87030523927933,0.0,12840.214833323604,15.0,0.6,0.0,0.0,5.0
537,2,train_0253,12267.360879882162,10031.43565568819,53.143565568819035,0.0,12320.50444545098,18.02,0.74,0.0,0.0,5.0
538,2,train_0003,12116.388266048732,10273.94242577571,77.39424257757092,0.0,12193.782508626304,14.6,0.64,0.0,0.0,5.0
539,2,train_0359,12569.275639358724,10360.372237772532,86.03722377725317,0.0,12655.312863135978,16.56,0.44,0.0,0.0,5.0
540,2,train_0314,12095.677868802786,10595.675979919873,109.56759799198736,0.0,12205.245466794773,16.98,0.64,0.0,0.0,5.0
541,2,train_0068,12272.010722624538,10776.986713025426,127.6986713025426,0.0,12399.709393927082,14.94,0.58,0.0,0.0,5.0
542,2,train_0197,12673.276907569318,10633.89986990543,113.38998699054301,0.0,12786.666894559861,15.98,0.58,0.0,0.0,5.0
543,2,train_0344,12242.842838422157,10832.310300024366,133.23103000243665,0.0,12376.073868424593,13.88,0.66,0.0,0.0,5.0
544,2,train_0121,12379.951369319288,10128.497215938234,62.84972159382342,0.0,12442.801090913112,16.36,0.64,0.0,0.0,5.0
545,2,train_0480,12983.760527121158,10356.109454824269,85.61094548242691,0.0,13069.371472603585,14.84,0.56,0.0,0.0,5.0
546,2,train_0068,12483.06211596528,10855.332414572924,135.5332414572924,0.0,12618.595357422573,15.88,0.5,0.0,0.0,5.0
547,2,train_0035,13055.553369653171,10729.891618061301,122.98916180613014,0.0,13178.542531459301,18.4,0.74,0.0,0.0,5.0
548,2,train_0023,12165.02776470588,10295.208388874926,79.52083888749257,0.0,12244.548603593372,15.18,0.64,0.0,0.0,5.0
549,2,train_0124,12561.90515565191,10629.64962103855,112.96496210385504,0.0,12674.870117755765,16.64,0.56,0.0,0.0,5.0
550,2,train_0036,12331.07072652079,10194.525368468645,69.4525368468645,0.0,12400.523263367653,16.8,0.64,0.0,0.0,5.0
551,2,train_0292,12626.899007964761,10389.466938903766,88.94669389037664,0.0,12715.845701855138,17.7,0.62,0.0,0.0,5.0
552,2,train_0576,12201.211371939982,10283.944324401442,78.3944324401442,0.0,12279.605804380126,13.5,0.58,0.0,0.0,5.0
553,2,train_0332,12145.566692299377,10203.266672894606,70.3266672894606,0.0,12215.893359588837,16.72,0.7,0.0,0.0,5.0
554,2,train_0521,12267.365173359272,10746.893069978796,124.68930699787961,0.0,12392.054480357152,16.36,0.6,0.0,0.0,5.0
555,2,train_0550,12079.465227384739,10423.229379252907,92.32293792529072,0.0,12171.78816531003,16.78,0.68,0.0,0.0,5.0
556,2,train_0341,12756.801040463473,10541.415502920543,104.14155029205432,0.0,12860.942590755527,17.5,0.68,0.0,0.0,5.0
557,2,train_0486,12412.631828071455,11074.930389081397,157.49303890813974,0.0,12570.124866979595,14.98,0.52,0.0,0.0,5.0
558,2,train_0025,12683.614449531746,10472.148184103393,97.21481841033929,0.0,12780.829267942085,14.84,0.7,0.0,0.0,5.0
559,2,train_0369,12072.537286540617,10625.417716134072,112.54177161340722,0.0,12185.079058154024,13.5,0.56,0.0,0.0,5.0
560,2,train_0274,12631.791352415838,10658.37032258655,115.83703225865503,0.0,12747.628384674492,17.5,0.52,0.0,0.0,5.0
561,2,train_0259,12516.63027622046,10562.568163897799,106.25681638977986,0.0,12622.887092610239,15.32,0.52,0.0,0.0,5.0
562,2,train_0526,12554.25225498107,10360.463620288261,86.04636202882612,0.0,12640.298617009896,17.0,0.58,0.0,0.0,5.0
563,2,train_0339,12616.157707118171,10919.39974427489,141.93997442748898,0.0,12758.09768154566,16.12,0.56,0.0,0.0,5.0
564,2,train_0176,12914.521805169501,10819.201303567661,131.9201303567661,0.0,13046.441935526267,14.66,0.6,0.0,0.0,5.0
565,2,train_0393,12309.635487605883,10532.046794315365,103.20467943153653,0.0,12412.840167037419,14.06,0.62,0.0,0.0,5.0
566,2,train_0114,11931.132412957675,10488.745487432914,98.87454874329143,0.0,12030.006961700967,15.4,0.66,0.0,0.0,5.0
567,2,train_0529,12523.841313654028,10261.299348408214,76.12993484082145,0.0,12599.971248494849,17.56,0.64,0.0,0.0,5.0
568,2,train_0037,12903.965847328604,10946.500349903596,144.65003499035956,0.0,13048.615882318963,16.84,0.6,0.0,0.0,5.0
569,2,train_0433,12186.278685287476,10160.677032900669,66.06770329006686,0.0,12252.346388577544,15.48,0.7,0.0,0.0,5.0
570,2,train_0369,12086.195019420718,10393.59171429931,89.35917142993094,0.0,12175.55419085065,15.24,0.72,0.0,0.0,5.0
571,2,train_0310,12091.674374595212,10068.378476075563,56.837847607556256,0.0,12148.512222202768,16.02,0.58,0.0,0.0,5.0
572,2,train_0539,12060.786702097252,10230.586294762285,73.05862947622846,0.0,12133.84533157348,14.68,0.64,0.0,0.0,5.0
573,2,train_0307,12092.218471331647,10639.716470886247,113.97164708862475,0.0,12206.190118420272,16.14,0.68,0.0,0.0,5.0
574,2,train_0055,12152.704787962142,10669.954310714456,116.99543107144564,0.0,12269.700219033588,14.54,0.66,0.0,0.0,5.0
575,2,train_0019,12382.157942108512,10695.932233833177,119.59322338331768,0.0,12501.751165491829,15.24,0.54,0.0,0.0,5.0
576,2,train_0315,12664.093465086651,10621.957765275616,112.19577652756162,0.0,12776.289241614213,16.46,0.8,0.0,0.0,5.0
577,2,train_0250,12654.651603182534,10183.672855278717,68.36728552787172,0.0,12723.018888710405,16.12,0.6,0.0,0.0,5.0
578,2,train_0545,12291.760314285415,10214.500126477098,71.45001264770981,0.0,12363.210326933126,17.7,0.6,0.0,0.0,5.0
579,2,train_0070,12010.060233639157,10022.42255282621,52.242255282621045,0.0,12062.302488921778,15.5,0.6,0.0,0.0,5.0
580,2,train_0565,12886.393156003296,10436.662063564345,93.66620635643449,0.0,12980.05936235973,16.02,0.7,0.0,0.0,5.0
581,2,train_0548,12479.930106570022,10939.535374343655,143.95353743436553,0.0,12623.883644004387,15.24,0.62,0.0,0.0,5.0
582,2,train_0536,12470.407524010881,10443.424363698083,94.34243636980828,0.0,12564.74996038069,14.84,0.66,0.0,0.0,5.0
583,2,train_0424,12527.897384777996,10707.972278785515,120.79722787855154,0.0,12648.694612656547,19.02,0.68,0.0,0.0,5.0
584,2,train_0149,12619.641660014733,10469.78662792419,96.97866279241899,0.0,12716.620322807152,16.72,0.6,0.0,0.0,5.0
585,2,train_0055,12544.61663659431,10796.066289982782,129.6066289982782,0.0,12674.223265592587,15.08,0.7,0.0,0.0,5.0
586,2,train_0535,12029.306715804414,10448.157912385937,94.81579123859375,0.0,12124.122507043008,14.7,0.58,0.0,0.0,5.0
587,2,train_0480,12551.29509290161,10789.368404915964,128.93684049159637,0.0,12680.231933393206,14.24,0.72,0.0,0.0,5.0
588,2,train_0341,12404.837338287392,10661.152316004413,116.11523160044126,0.0,12520.952569887833,17.46,0.64,0.0,0.0,5.0
589,2,train_0478,12375.783214622657,10606.235421559037,110.62354215590368,0.0,12486.40675677856,15.76,0.54,0.0,0.0,5.0
590,2,train_0040,12735.584315079184,10776.463524623114,127.64635246231137,0.0,12863.230667541495,16.2,0.7,0.0,0.0,5.0
591,2,train_0255,12240.373783159415,10043.341507055538,54.33415070555384,0.0,12294.70793386497,16.4,0.66,0.0,0.0,5.0
592,2,train_0230,12006.314644637005,10862.328718960174,136.23287189601743,0.0,12142.547516533023,15.54,0.64,0.0,0.0,5.0
593,2,train_0442,12446.55834477095,10871.469375002638,137.14693750026382,0.0,12583.705282271214,12.84,0.58,0.0,0.0,5.0
594,2,train_0023,12108.34350153881,10146.235713406677,64.6235713406677,0.0,12172.967072879477,15.38,0.62,0.0,0.0,5.0
595,2,train_0301,12627.802647793389,10694.789761371267,119.47897613712666,0.0,12747.281623930516,15.52,0.56,0.0,0.0,5.0
596,2,train_0508,12509.21381831413,10709.136041741382,120.91360417413817,0.0,12630.127422488269,15.38,0.68,0.0,0.0,5.0
597,2,train_0400,12648.337912578449,10801.852879136228,130.18528791362277,0.0,12778.52320049207,14.96,0.64,0.0,0.0,5.0
598,2,train_0598,12154.740331794368,10314.443742860327,81.4443742860327,0.0,12236.184706080401,13.0,0.64,0.0,0.0,5.0
599,2,train_0040,12707.820151349417,10755.783399633212,125.5783399633212,0.0,12833.398491312739,18.68,0.62,0.0,0.0,5.0
600,2,train_0498,12653.554959187508,10767.721832197887,126.77218321978872,0.0,12780.327142407297,15.08,0.72,0.0,0.0,5.0
601,2,train_0563,12406.834731282119,10601.34336092163,110.134336092163,0.0,12516.969067374283,15.72,0.6,0.0,0.0,5.0
602,2,train_0139,11957.0777342486,10319.584748984402,81.95847489844019,0.0,12039.03620914704,14.8,0.6,0.0,0.0,5.0
603,2,train_0118,12325.41466172698,10497.835504472008,99.78355044720084,0.0,12425.19821217418,15.3,0.56,0.0,0.0,5.0
604,2,train_0442,12733.77230842869,10792.70480628578,129.27048062857793,0.0,12863.042789057268,14.38,0.82,0.0,0.0,5.0
605,2,train_0588,12264.622352559221,10444.198744761969,94.41987447619687,0.0,12359.042227035417,17.54,0.6,0.0,0.0,5.0
606,2,train_0228,12197.615785323102,10535.642346361423,103.56423463614229,0.0,12301.180019959244,13.52,0.6,0.0,0.0,5.0
607,2,train_0574,12631.546019484353,10102.482273452668,60.24822734526679,0.0,12691.794246829619,14.38,0.64,0.0,0.0,5.0
608,3,train_0226,12344.046052433068,9983.115346900355,48.31153469003548,0.0,12392.357587123104,15.28,0.7,0.0,0.0,5.0
609,3,train_0457,12188.246744984732,10496.784723780238,99.6784723780238,0.0,12287.925217362756,16.7,0.74,0.0,0.0,5.0
610,3,train_0401,12315.990129050932,9852.807424608236,35.2807424608236,0.0,12351.270871511755,16.74,0.6,0.0,0.0,5.0
611,3,train_0093,12242.584617958339,10028.019919140022,52.80199191400225,0.0,12295.386609872341,18.08,0.66,0.0,0.0,5.0
612,3,train_0102,12397.842028504347,10253.464993396869,75.34649933968686,0.0,12473.188527844033,13.12,0.62,0.0,0.0,5.0
613,3,train_0588,12489.61118699413,10249.955746539788,74.99557465397884,0.0,12564.606761648109,18.12,0.54,0.0,0.0,5.0
614,3,train_0366,12429.805221467717,10180.285654993084,68.02856549930839,0.0,12497.833786967025,14.96,0.68,0.0,0.0,5.0
615,3,train_0396,12333.033230228666,10455.240856373977,95.52408563739773,0.0,12428.557315866065,14.2,0.74,0.0,0.0,5.0
616,3,train_0056,11753.731356555267,10033.86246529387,53.386246529387066,0.0,11807.117603084655,17.92,0.64,0.0,0.0,5.0
617,3,train_0512,12459.041072771324,10326.713971815629,82.67139718156287,0.0,12541.712469952887,15.3,0.58,0.0,0.0,5.0
618,3,train_0390,12497.295036938493,10701.900536938872,120.19005369388725,0.0,12617.485090632379,17.04,0.52,0.0,0.0,5.0
619,3,train_0535,12322.257225950607,10370.09452042586,87.00945204258606,0.0,12409.266677993193,14.44,0.76,0.0,0.0,5.0
620,3,train_0246,12243.396789941498,10300.670240908514,80.06702409085138,0.0,12323.46381403235,15.92,0.66,0.0,0.0,5.0
621,3,train_0418,12851.78473209132,10561.567599708367,106.15675997083673,0.0,12957.941492062157,17.3,0.68,0.0,0.0,5.0
622,3,train_0123,12346.607572430015,10511.906506794234,101.19065067942338,0.0,12447.79822310944,13.16,0.5,0.0,0.0,5.0
623,3,train_0390,12383.869622060382,10470.828156964822,97.08281569648226,0.0,12480.952437756863,17.08,0.72,0.0,0.0,5.0
624,3,train_0090,12190.840212830894,10440.520867708517,94.05208677085176,0.0,12284.892299601745,14.34,0.66,0.0,0.0,5.0
625,3,train_0207,12166.557928213506,10294.11822031816,79.41182203181597,0.0,12245.969750245322,14.76,0.58,0.0,0.0,5.0
626,3,train_0323,12579.04677814226,10503.676317469697,100.36763174696972,0.0,12679.414409889228,16.9,0.74,0.0,0.0,5.0
627,3,train_0340,12643.901218753786,10413.756997391914,91.37569973919145,0.0,12735.276918492978,17.0,0.72,0.0,0.0,5.0
628,3,train_0397,12347.679504268388,10307.48954122898,80.74895412289807,0.0,12428.428458391287,14.82,0.64,0.0,0.0,5.0
629,3,train_0045,12621.63947611148,10652.520363152325,115.25203631523254,0.0,12736.891512426713,12.94,0.66,0.0,0.0,5.0
630,3,train_0298,11955.865776688683,9854.432702530416,35.443270253041554,0.0,11991.309046941724,14.74,0.64,0.0,0.0,5.0
631,3,train_0248,12554.775525351712,10341.602492590948,84.16024925909478,0.0,12638.935774610807,17.28,0.76,0.0,0.0,5.0
632,3,train_0385,12644.178427471836,10832.06177757663,133.20617775766297,0.0,12777.3846052295,16.24,0.6,0.0,0.0,5.0
633,3,train_0071,12701.410471025192,10530.608016853901,103.06080168539012,0.0,12804.471272710582,15.6,0.66,0.0,0.0,5.0
634,3,train_0560,12509.044304156725,10273.066840310188,77.30668403101882,0.0,12586.350988187743,16.42,0.74,0.0,0.0,5.0
635,3,train_0552,12299.26437547381,10338.08960861472,83.80896086147204,0.0,12383.073336335281,15.1,0.76,0.0,0.0,5.0
636,3,train_0581,12193.365088110553,10594.597363947842,109.45973639478416,0.0,12302.824824505336,16.96,0.6,0.0,0.0,5.0
637,3,train_0311,12374.453658209743,10684.252588289659,118.4252588289659,0.0,12492.878917038708,16.82,0.68,0.0,0.0,5.0
638,3,train_0324,12134.301680579152,10761.210804792763,126.12108047927632,0.0,12260.422761058428,15.32,0.6,0.0,0.0,5.0
639,3,train_0173,12890.952597650532,10199.573302707482,69.95733027074822,0.0,12960.90992792128,18.1,0.64,0.0,0.0,5.0
640,3,train_0122,12219.85329027642,10201.845414421328,70.18454144213284,0.0,12290.037831718553,15.88,0.8,0.0,0.0,5.0
641,3,train_0193,12515.850655242586,10699.75827181096,119.97582718109607,0.0,12635.826482423683,13.56,0.62,0.0,0.0,5.0
642,3,train_0084,12123.328253704156,10109.691869520188,60.96918695201876,0.0,12184.297440656175,16.88,0.68,0.0,0.0,5.0
643,3,train_0099,11872.33585461916,10252.222062713206,75.22220627132064,0.0,11947.55806089048,15.9,0.68,0.0,0.0,5.0
644,3,train_0432,12391.838381690333,10319.050358432853,81.90503584328526,0.0,12473.743417533618,14.54,0.78,0.0,0.0,5.0
645,3,train_0070,11751.055282283483,10101.496515071143,60.14965150711433,0.0,11811.204933790597,14.8,0.68,0.0,0.0,5.0
646,3,train_0517,12619.289572995103,10536.158525749332,103.61585257493317,0.0,12722.905425570036,17.84,0.74,0.0,0.0,5.0
647,3,train_0085,12625.021568624346,10195.22856035051,69.52285603505098,0.0,12694.544424659398,13.84,0.72,0.0,0.0,5.0
648,3,train_0178,12228.416071885815,10471.542103846967,97.15421038469668,0.0,12325.570282270512,15.36,0.68,0.0,0.0,5.0
649,3,train_0373,12777.474853386499,10465.258916494004,96.52589164940036,0.0,12874.000745035899,16.66,0.62,0.0,0.0,5.0
650,3,train_0076,12272.10765934291,10432.056085494829,93.2056085494829,0.0,12365.313267892392,16.02,0.7,0.0,0.0,5.0
651,3,train_0434,12566.641681497078,10625.553437338562,112.55534373385618,0.0,12679.197025230935,14.74,0.66,0.0,0.0,5.0
652,3,train_0436,12709.241809642159,10663.52093523611,116.35209352361107,0.0,12825.593903165769,16.14,0.66,0.0,0.0,5.0
653,3,train_0060,12585.042718858174,10269.763986697877,76.97639866978771,0.0,12662.019117527961,18.12,0.74,0.0,0.0,5.0
654,3,train_0235,12529.40083821428,10511.858135532013,101.1858135532013,0.0,12630.586651767482,15.24,0.66,0.0,0.0,5.0
655,3,train_0062,12155.321160307929,10171.611706134583,67.16117061345831,0.0,12222.482330921388,15.28,0.58,0.0,0.0,5.0
656,3,train_0368,12724.432065759174,10248.458197415426,74.84581974154263,0.0,12799.277885500716,15.56,0.72,0.0,0.0,5.0
657,3,train_0599,12112.738915057009,10017.76450526483,51.776450526482954,0.0,12164.515365583491,15.78,0.68,0.0,0.0,5.0
658,3,train_0221,12335.633898522185,10776.211116634993,127.62111166349933,0.0,12463.255010185683,15.56,0.6,0.0,0.0,5.0
659,3,train_0011,12134.484432517604,10234.687030637138,73.46870306371385,0.0,12207.953135581318,15.5,0.68,0.0,0.0,5.0
660,3,train_0100,11892.751524185524,10042.610524823958,54.261052482395826,0.0,11947.01257666792,15.02,0.62,0.0,0.0,5.0
661,3,train_0044,12929.481455082381,10622.934349663008,112.29343496630082,0.0,13041.774890048682,15.78,0.7,0.0,0.0,5.0
662,3,train_0572,12574.379180293057,10378.277171225587,87.82771712255872,0.0,12662.206897415615,13.24,0.7,0.0,0.0,5.0
663,3,train_0057,12204.803911060335,10032.230502746079,53.223050274607886,0.0,12258.026961334943,15.48,0.64,0.0,0.0,5.0
664,3,train_0235,12254.819916922705,10711.00748410679,121.10074841067909,0.0,12375.920665333384,15.84,0.72,0.0,0.0,5.0
665,3,train_0023,12109.935365380356,10207.362739753456,70.73627397534565,0.0,12180.671639355702,15.7,0.72,0.0,0.0,5.0
666,3,train_0050,12218.261118183853,10676.71299360567,117.67129936056699,0.0,12335.93241754442,15.22,0.64,0.0,0.0,5.0
667,3,train_0239,12391.373668165992,10470.880582315775,97.08805823157746,0.0,12488.461726397569,15.14,0.68,0.0,0.0,5.0
668,3,train_0316,12223.98152204843,10450.73015803443,95.07301580344301,0.0,12319.054537851873,14.56,0.6,0.0,0.0,5.0
669,3,train_0097,12269.927460084393,10223.777817058992,72.37778170589918,0.0,12342.305241790293,17.54,0.62,0.0,0.0,5.0
670,3,train_0077,12082.840372912357,10333.363740046972,83.33637400469725,0.0,12166.176746917054,16.46,0.62,0.0,0.0,5.0
671,3,train_0240,12889.137123801545,10387.478472190867,88.74784721908674,0.0,12977.884971020632,14.86,0.6,0.0,0.0,5.0
672,3,train_0546,12197.875041146472,10653.069677413307,115.30696774133067,0.0,12313.182008887803,19.3,0.7,0.0,0.0,5.0
673,3,train_0263,11778.185397354286,10290.31619442246,79.03161944224594,0.0,11857.217016796532,15.34,0.76,0.0,0.0,5.0
674,3,train_0348,12103.786946761451,10827.351109171745,132.73511091717447,0.0,12236.522057678625,17.02,0.6,0.0,0.0,5.0
675,3,train_0060,12490.315155224918,10666.649919394007,116.66499193940072,0.0,12606.980147164319,16.66,0.62,0.0,0.0,5.0
676,3,train_0230,12160.194393375947,10675.442985633941,117.54429856339412,0.0,12277.738691939341,16.14,0.56,0.0,0.0,5.0
677,3,train_0453,12463.797664713227,10293.882091896929,79.38820918969287,0.0,12543.18587390292,15.86,0.54,0.0,0.0,5.0
678,3,train_0347,12276.535644250758,10309.709505867497,80.97095058674968,0.0,12357.506594837509,17.34,0.62,0.0,0.0,5.0
679,3,train_0383,11863.415371220246,10494.066975415051,99.40669754150514,0.0,11962.82206876175,15.96,0.78,0.0,0.0,5.0
680,3,train_0575,12682.145068157515,10619.511408602237,111.95114086022369,0.0,12794.096209017738,16.88,0.5,0.0,0.0,5.0
681,3,train_0050,12389.91667644021,10688.68058949891,118.86805894989102,0.0,12508.784735390102,15.58,0.72,0.0,0.0,5.0
682,3,train_0528,12683.336216060281,10486.08822621749,98.60882262174891,0.0,12781.94503868203,15.22,0.7,0.0,0.0,5.0
683,3,train_0363,12493.587434776957,10476.160855678738,97.61608556787378,0.0,12591.20352034483,16.38,0.6,0.0,0.0,5.0
684,3,train_0479,13068.326170695786,10504.071388572276,100.40713885722762,0.0,13168.733309553014,16.26,0.74,0.0,0.0,5.0
685,3,train_0054,12187.913194796982,10736.112119318532,123.61121193185318,0.0,12311.524406728835,16.4,0.52,0.0,0.0,5.0
686,3,train_0342,11941.040938229104,10658.65441589221,115.86544158922098,0.0,12056.906379818325,17.64,0.6,0.0,0.0,5.0
687,3,train_0566,12275.10601353394,9869.362770574211,36.9362770574211,0.0,12312.04229059136,15.64,0.52,0.0,0.0,5.0
688,3,train_0247,12634.233608995968,10384.658809053408,88.46588090534078,0.0,12722.699489901308,16.46,0.68,0.0,0.0,5.0
689,3,train_0274,12317.713268978292,10909.470163867078,140.94701638670776,0.0,12458.660285365,17.02,0.64,0.0,0.0,5.0
690,3,train_0592,12598.548265626305,10514.804684117293,101.48046841172928,0.0,12700.028734038035,14.72,0.54,0.0,0.0,5.0
691,3,train_0148,12460.248608329213,10607.975684665336,110.79756846653363,0.0,12571.046176795748,19.12,0.68,0.0,0.0,5.0
692,3,train_0345,12562.92186075526,10397.925701459753,89.79257014597533,0.0,12652.714430901235,15.88,0.64,0.0,0.0,5.0
693,3,train_0446,12275.876831110152,10292.022742900952,79.2022742900952,0.0,12355.079105400247,15.22,0.74,0.0,0.0,5.0
694,3,train_0094,11938.292096768964,9998.584771736187,49.85847717361867,0.0,11988.150573942583,17.48,0.6,0.0,0.0,5.0
695,3,train_0563,12553.842088870679,10584.533173369828,108.45331733698276,0.0,12662.29540620766,16.2,0.6,0.0,0.0,5.0
696,3,train_0593,12150.98498706075,10468.319844802463,96.83198448024632,0.0,12247.816971540997,12.56,0.6,0.0,0.0,5.0
697,3,train_0463,12020.168227626209,10274.337811557652,77.43378115576525,0.0,12097.602008781974,16.72,0.64,0.0,0.0,5.0
698,3,train_0192,12497.837113215588,10649.490682364081,114.94906823640814,0.0,12612.786181451997,17.8,0.7,0.0,0.0,5.0
699,3,train_0343,12961.564396104372,10765.229919742806,126.52299197428056,0.0,13088.087388078653,16.42,0.76,0.0,0.0,5.0
700,3,train_0253,12020.287712650585,10202.39763302765,70.23976330276491,0.0,12090.52747595335,18.16,0.52,0.0,0.0,5.0
701,3,train_0050,12563.548364781975,10336.535526529962,83.65355265299623,0.0,12647.201917434972,14.72,0.7,0.0,0.0,5.0
702,3,train_0217,12230.721114769374,10856.468613211502,135.64686132115023,0.0,12366.367976090525,17.8,0.54,0.0,0.0,5.0
703,3,train_0270,12440.30093480157,10597.845397963041,109.78453979630413,0.0,12550.085474597874,14.58,0.72,0.0,0.0,5.0
704,3,train_0222,12266.500426422223,10796.942846457792,129.69428464577922,0.0,12396.194711068001,17.86,0.7,0.0,0.0,5.0
705,3,train_0557,11970.378214833905,10110.412442853336,61.0412442853336,0.0,12031.419459119239,15.76,0.8,0.0,0.0,5.0
706,3,train_0402,12649.846806515778,10741.613959550856,124.16139595508558,0.0,12774.008202470863,16.94,0.72,0.0,0.0,5.0
707,3,train_0449,12501.628580065773,10465.0933160901,96.50933160901005,0.0,12598.137911674783,18.42,0.66,0.0,0.0,5.0
708,3,train_0191,12467.01002810124,10879.616485518485,137.96164855184853,0.0,12604.97167665309,16.86,0.7,0.0,0.0,5.0
709,3,train_0276,12148.486724282784,10509.494790577164,100.94947905771642,0.0,12249.436203340501,13.78,0.58,0.0,0.0,5.0
710,3,train_0101,12604.144118921638,10256.604300699524,75.66043006995243,0.0,12679.804548991591,17.06,0.74,0.0,0.0,5.0
711,3,train_0127,12725.359140720317,10354.15801660713,85.41580166071309,0.0,12810.77494238103,16.9,0.68,0.0,0.0,5.0
712,3,train_0533,12183.347018608398,10111.559470477354,61.155947047735395,0.0,12244.502965656133,15.74,0.62,0.0,0.0,5.0
713,3,train_0060,12201.706789212041,10734.721352425833,123.47213524258332,0.0,12325.178924454625,18.12,0.6,0.0,0.0,5.0
714,3,train_0266,12282.013140686047,10611.914771115105,111.19147711151055,0.0,12393.204617797557,14.22,0.66,0.0,0.0,5.0
715,3,train_0367,12321.508305419276,10371.032930897949,87.1032930897949,0.0,12408.611598509071,15.66,0.76,0.0,0.0,5.0
716,3,train_0585,12722.674014876695,10519.048341878035,101.9048341878035,0.0,12824.578849064499,12.98,0.64,0.0,0.0,5.0
717,3,train_0054,12371.639842022494,10243.905846831887,74.39058468318872,0.0,12446.030426705684,16.72,0.7,0.0,0.0,5.0
718,3,train_0279,12245.799195832395,10301.939344154287,80.19393441542871,0.0,12325.993130247824,17.54,0.6,0.0,0.0,5.0
719,3,train_0125,12061.759779144468,10164.677105119576,66.46771051195756,0.0,12128.227489656425,16.04,0.72,0.0,0.0,5.0
720,3,train_0432,12621.635754193081,10609.319269957668,110.93192699576684,0.0,12732.567681188848,15.04,0.62,0.0,0.0,5.0
721,3,train_0300,11971.80267519528,10376.823089084584,87.68230890845844,0.0,12059.48498410374,16.24,0.6,0.0,0.0,5.0
722,3,train_0565,12689.528504099508,10571.191778820214,107.11917788202136,0.0,12796.647681981529,16.6,0.56,0.0,0.0,5.0
723,3,train_0346,12491.764006175013,11017.924865637118,151.79248656371183,0.0,12643.556492738726,16.74,0.56,0.0,0.0,5.0
724,3,train_0552,12052.91148120915,10651.989815489427,115.19898154894273,0.0,12168.110462758093,15.94,0.56,0.0,0.0,5.0
725,3,train_0179,12383.746255154176,10194.735491768191,69.47354917681915,0.0,12453.219804330995,14.44,0.66,0.0,0.0,5.0
726,3,train_0505,12788.572559033362,10265.060898407548,76.5060898407548,0.0,12865.078648874118,17.1,0.64,0.0,0.0,5.0
727,3,train_0028,12877.728246048571,10273.004703490984,77.3004703490984,0.0,12955.02871639767,18.32,0.6,0.0,0.0,5.0
728,3,train_0550,12447.250738952236,10431.051103856968,93.10511038569676,0.0,12540.355849337933,17.88,0.62,0.0,0.0,5.0
729,3,train_0053,12340.876594246154,10536.720094326773,103.67200943267727,0.0,12444.548603678832,16.76,0.74,0.0,0.0,5.0
730,3,train_0124,12678.948935993405,10351.654899129084,85.16548991290838,0.0,12764.114425906313,17.58,0.74,0.0,0.0,5.0
731,3,train_0264,12167.27016807807,10332.998536416759,83.29985364167588,0.0,12250.570021719746,15.76,0.6,0.0,0.0,5.0
732,3,train_0465,12587.129720324063,11018.67839411147,151.867839411147,0.0,12738.99755973521,17.66,0.62,0.0,0.0,5.0
733,3,train_0118,12663.968723037726,10754.583954269889,125.45839542698887,0.0,12789.427118464715,15.24,0.76,0.0,0.0,5.0
734,3,train_0467,12693.950376936078,10964.072769719805,146.40727697198054,0.0,12840.357653908059,15.52,0.64,0.0,0.0,5.0
735,3,train_0393,12622.990740795798,10536.281000188079,103.6281000188079,0.0,12726.618840814606,14.08,0.68,0.0,0.0,5.0
736,3,train_0472,12476.10588822118,10512.22292119821,101.22229211982103,0.0,12577.328180341001,16.92,0.6,0.0,0.0,5.0
737,3,train_0138,12371.791969027116,10399.730245521941,89.97302455219415,0.0,12461.764993579309,17.9,0.74,0.0,0.0,5.0
738,3,train_0246,11956.44389688093,10546.712103447204,104.6712103447204,0.0,12061.11510722565,16.48,0.66,0.0,0.0,5.0
739,3,train_0407,12602.384261239149,10514.96596856217,101.49659685621701,0.0,12703.880858095366,16.68,0.68,0.0,0.0,5.0
740,3,train_0212,12187.15199234598,10179.96739070542,67.99673907054203,0.0,12255.148731416522,14.76,0.74,0.0,0.0,5.0
741,3,train_0378,12149.1022474954,10808.856800073212,130.8856800073212,0.0,12279.987927502722,15.96,0.72,0.0,0.0,5.0
742,3,train_0472,12569.30096080951,10501.45945638913,100.14594563891296,0.0,12669.446906448424,17.66,0.74,0.0,0.0,5.0
743,3,train_0036,12178.0707131571,10426.420721096265,92.6420721096265,0.0,12270.712785266725,16.84,0.66,0.0,0.0,5.0
744,3,train_0362,12251.89503161305,10514.244212599375,101.42442125993749,0.0,12353.319452872987,16.04,0.72,0.0,0.0,5.0
745,3,train_0348,12652.739044203687,10173.279459952912,67.32794599529116,0.0,12720.066990198979,15.76,0.7,0.0,0.0,5.0
746,3,train_0338,12335.630050966549,10694.150030134488,119.41500301344877,0.0,12455.045053979997,16.32,0.6,0.0,0.0,5.0
747,3,train_0499,12215.986568752081,10039.862885215185,53.98628852151851,0.0,12269.9728572736,16.88,0.62,0.0,0.0,5.0
748,3,train_0335,12360.336418940573,10945.683879524877,144.56838795248768,0.0,12504.90480689306,18.06,0.62,0.0,0.0,5.0
749,3,train_0077,12088.316364295766,10417.88984944331,91.78898494433106,0.0,12180.105349240097,15.96,0.68,0.0,0.0,5.0
750,3,train_0514,12185.276289456964,10420.855029885626,92.08550298856262,0.0,12277.361792445527,15.42,0.66,0.0,0.0,5.0
751,3,train_0064,12547.572061408868,10823.200280957517,132.3200280957517,0.0,12679.89208950462,17.22,0.66,0.0,0.0,5.0
752,3,train_0133,12582.747778477962,10559.694117906944,105.96941179069437,0.0,12688.717190268657,17.36,0.68,0.0,0.0,5.0
753,3,train_0080,12875.177609882794,10779.54816470569,127.95481647056896,0.0,13003.132426353362,15.08,0.66,0.0,0.0,5.0
754,3,train_0418,12335.528076151682,10430.593782500258,93.05937825002584,0.0,12428.587454401708,17.38,0.66,0.0,0.0,5.0
755,3,train_0320,12505.16991390779,10438.032659257191,93.8032659257191,0.0,12598.973179833509,16.48,0.68,0.0,0.0,5.0
756,3,train_0148,12431.145324037738,10622.556407936516,112.2556407936516,0.0,12543.40096483139,17.06,0.7,0.0,0.0,5.0
757,3,train_0235,12491.665520159058,10609.256321859024,110.9256321859024,0.0,12602.591152344961,14.52,0.72,0.0,0.0,5.0
758,3,train_0478,12308.165871562456,10754.280955529222,125.42809555292224,0.0,12433.59396711538,16.42,0.72,0.0,0.0,5.0
759,3,train_0064,12194.647828579991,11019.7482122845,151.97482122844994,0.0,12346.622649808442,16.1,0.66,0.0,0.0,5.0
760,3,train_0311,12269.24257977117,10526.306577466843,102.6306577466843,0.0,12371.873237517853,16.2,0.66,0.0,0.0,5.0
761,3,train_0371,12042.60497402679,10493.179385987138,99.31793859871378,0.0,12141.922912625503,15.44,0.58,0.0,0.0,5.0
762,3,train_0114,12225.08508811675,10518.694144829267,101.86941448292674,0.0,12326.954502599676,16.78,0.56,0.0,0.0,5.0
763,3,train_0549,12502.366215162721,10624.434199762942,112.44341997629418,0.0,12614.809635139016,18.14,0.7,0.0,0.0,5.0
764,3,train_0354,11944.053193270072,10048.603718548065,54.860371854806544,0.0,11998.91356512488,14.42,0.62,0.0,0.0,5.0
765,3,train_0099,12037.847819277275,10023.252886585367,52.32528865853674,0.0,12090.17310793581,17.68,0.54,0.0,0.0,5.0
766,3,train_0256,12256.124320557647,10583.79906897428,108.37990689742801,0.0,12364.504227455074,16.54,0.7,0.0,0.0,5.0
767,3,train_0460,12788.37584474841,10125.755720033896,62.57557200338961,0.0,12850.951416751801,14.24,0.6,0.0,0.0,5.0
768,3,train_0118,12071.258037957206,10437.139460388345,93.71394603883455,0.0,12164.971983996042,14.18,0.8,0.0,0.0,5.0
769,3,train_0222,12491.537156976015,10394.752282756886,89.47522827568865,0.0,12581.012385251704,16.88,0.78,0.0,0.0,5.0
770,3,train_0580,12472.704235007644,10881.819576510039,138.1819576510039,0.0,12610.886192658649,16.82,0.6,0.0,0.0,5.0
771,3,train_0507,12409.288190515006,10463.918705854394,96.39187058543939,0.0,12505.680061100446,16.46,0.66,0.0,0.0,5.0
772,3,train_0208,12435.13225895577,10529.813568049201,102.98135680492015,0.0,12538.113615760689,14.68,0.66,0.0,0.0,5.0
773,3,train_0362,12198.465034122753,10216.900786283772,71.69007862837717,0.0,12270.15511275113,14.44,0.78,0.0,0.0,5.0
774,3,train_0169,11884.40043215695,10237.511915802927,73.75119158029266,0.0,11958.151623737243,15.58,0.68,0.0,0.0,5.0
775,3,train_0542,12256.107145234484,10353.37217450217,85.33721745021704,0.0,12341.4443626847,15.24,0.7,0.0,0.0,5.0
776,3,train_0262,12388.018844321146,10525.65834958211,102.56583495821106,0.0,12490.584679279358,16.08,0.7,0.0,0.0,5.0
777,3,train_0155,12390.524132639754,10275.772646072355,77.57726460723552,0.0,12468.101397246988,15.46,0.82,0.0,0.0,5.0
778,3,train_0199,12764.429221809438,10215.872298479078,71.58722984790784,0.0,12836.016451657346,15.48,0.74,0.0,0.0,5.0
779,3,train_0331,12377.494420125211,10239.19897655646,73.91989765564595,0.0,12451.414317780856,16.94,0.72,0.0,0.0,5.0
780,3,train_0386,12563.985712381269,10378.409371475376,87.84093714753763,0.0,12651.826649528806,15.26,0.72,0.0,0.0,5.0
781,3,train_0296,12654.774449815453,10429.182876553545,92.91828765535448,0.0,12747.692737470808,15.82,0.66,0.0,0.0,5.0
782,3,train_0359,12829.456323885363,10526.024188610572,102.60241886105723,0.0,12932.05874274642,15.14,0.66,0.0,0.0,5.0
783,3,train_0587,12312.492809638647,10271.74616500986,77.17461650098595,0.0,12389.667426139633,16.54,0.6,0.0,0.0,5.0
784,3,train_0500,12234.820413926645,10191.666512195956,69.1666512195956,0.0,12303.98706514624,15.94,0.72,0.0,0.0,5.0
785,3,train_0327,12438.642029757899,10965.124632024716,146.51246320247157,0.0,12585.15449296037,15.92,0.7,0.0,0.0,5.0
786,3,train_0493,12195.878514394864,10178.14374116502,67.81437411650204,0.0,12263.692888511367,17.14,0.68,0.0,0.0,5.0
787,3,train_0029,12336.724729993404,10501.145966924863,100.11459669248634,0.0,12436.839326685891,17.32,0.6,0.0,0.0,5.0
788,3,train_0035,12833.31394598964,11108.686978284844,160.86869782848444,0.0,12994.182643818123,17.3,0.68,0.0,0.0,5.0
789,3,train_0044,12619.844964444128,10823.981327786158,132.39813277861577,0.0,12752.243097222743,15.18,0.68,0.0,0.0,5.0
790,3,train_0319,12839.055029036708,10231.121390758857,73.11213907588572,0.0,12912.167168112594,15.34,0.66,0.0,0.0,5.0
791,3,train_0234,12146.871724767268,10320.421855701083,82.04218557010827,0.0,12228.913910337376,17.08,0.62,0.0,0.0,5.0
792,3,train_0234,12341.52024089175,10764.018659512883,126.40186595128836,0.0,12467.922106843038,16.88,0.76,0.0,0.0,5.0
793,3,train_0271,12066.929382365544,10211.419784085265,71.14197840852648,0.0,12138.07136077407,15.68,0.7,0.0,0.0,5.0
794,3,train_0546,12101.004219726514,10646.65964696529,114.66596469652904,0.0,12215.670184423043,18.98,0.7,0.0,0.0,5.0
795,3,train_0595,12147.09693712722,10046.22793501712,54.62279350171193,0.0,12201.719730628933,17.78,0.7,0.0,0.0,5.0
796,3,train_0411,13106.76855345742,10890.200316765877,139.02003167658768,0.0,13245.788585134007,15.56,0.52,0.0,0.0,5.0
797,3,train_0452,12089.17376411,10620.77233273247,112.07723327324693,0.0,12201.250997383248,15.16,0.6,0.0,0.0,5.0
798,3,train_0446,12285.846056203503,10243.285366682521,74.32853666825213,0.0,12360.174592871756,15.46,0.76,0.0,0.0,5.0
799,3,train_0499,12024.296365025948,10118.69600113468,61.86960011346801,0.0,12086.165965139417,16.42,0.66,0.0,0.0,5.0
800,3,train_0254,12470.208775488922,10923.520964692234,142.3520964692234,0.0,12612.560871958145,15.98,0.64,0.0,0.0,5.0
801,3,train_0119,12505.481786551243,10118.681682896524,61.86816828965239,0.0,12567.349954840896,17.18,0.76,0.0,0.0,5.0
802,3,train_0154,12704.05081307785,10903.51644880673,140.35164488067295,0.0,12844.402457958524,17.98,0.68,0.0,0.0,5.0
803,3,train_0007,13265.66800402043,10805.338762192192,130.5338762192192,0.0,13396.201880239649,15.48,0.7,0.0,0.0,5.0
804,3,train_0119,12108.735726983092,10491.05178866255,99.10517886625495,0.0,12207.840905849347,16.46,0.64,0.0,0.0,5.0
805,3,train_0375,12438.510264238646,10578.185294400831,107.81852944008315,0.0,12546.32879367873,15.28,0.76,0.0,0.0,5.0
806,3,train_0266,12466.219251326112,10551.677246546456,105.16772465464565,0.0,12571.386975980759,14.26,0.72,0.0,0.0,5.0
807,3,train_0298,11640.313556933364,10352.970163802795,85.29701638027946,0.0,11725.610573313645,15.62,0.62,0.0,0.0,5.0
808,3,train_0051,12340.937561669914,10638.507204313399,113.85072043133988,0.0,12454.788282101254,16.1,0.66,0.0,0.0,5.0
809,3,train_0114,12342.976841650967,10178.451579793524,67.84515797935238,0.0,12410.82199963032,16.8,0.66,0.0,0.0,5.0
810,3,train_0162,12072.038604256217,9979.772345065156,47.977234506515565,0.0,12120.015838762733,15.88,0.64,0.0,0.0,5.0
811,3,train_0599,12227.061047282723,10094.33368255781,59.43336825578099,0.0,12286.494415538504,16.9,0.74,0.0,0.0,5.0
812,3,train_0283,12443.023921389928,10446.813371928429,94.68133719284288,0.0,12537.70525858277,16.34,0.74,0.0,0.0,5.0
813,3,train_0203,12923.539746772374,10517.515183333468,101.75151833334677,0.0,13025.291265105721,13.56,0.52,0.0,0.0,5.0
814,3,train_0479,12930.393972596841,10931.887292465464,143.18872924654644,0.0,13073.582701843388,16.76,0.56,0.0,0.0,5.0
815,3,train_0524,12010.451646439578,10081.689627975229,58.16896279752291,0.0,12068.620609237101,16.56,0.74,0.0,0.0,5.0
816,4,train_0256,12634.78125668682,10363.959352016867,86.39593520168674,0.0,12721.177191888506,17.22,0.52,0.0,0.0,5.0
817,4,train_0153,12607.590736117878,10304.097150177826,80.40971501778259,0.0,12688.00045113566,17.4,0.78,0.0,0.0,5.0
818,4,train_0545,12396.277924622336,10187.674499665436,68.76744996654361,0.0,12465.04537458888,18.08,0.72,0.0,0.0,5.0
819,4,train_0373,12691.695725369356,10595.708140022929,109.5708140022929,0.0,12801.266539371649,16.76,0.64,0.0,0.0,5.0
820,4,train_0490,12102.755685792512,10403.418096074118,90.34180960741179,0.0,12193.097495399923,14.96,0.76,0.0,0.0,5.0
821,4,train_0410,12600.514917205099,10527.430325795507,102.74303257955071,0.0,12703.25794978465,16.38,0.78,0.0,0.0,5.0
822,4,train_0549,12600.140707397635,10529.451728023705,102.94517280237051,0.0,12703.085880200006,17.4,0.7,0.0,0.0,5.0
823,4,train_0446,12477.680469973746,10095.85923107402,59.58592310740205,0.0,12537.266393081149,15.04,0.76,0.0,0.0,5.0
824,4,train_0434,12532.74377325131,10895.745525776643,139.57455257766432,0.0,12672.318325828974,15.18,0.7,0.0,0.0,5.0
825,4,train_0036,12384.131986064087,10493.833083176836,99.38330831768363,0.0,12483.51529438177,17.02,0.68,0.0,0.0,5.0
826,4,train_0089,12406.978944858232,10703.483315013375,120.34833150133746,0.0,12527.32727635957,17.2,0.6,0.0,0.0,5.0
827,4,train_0074,12630.751345228506,10606.906295393685,110.69062953936846,0.0,12741.441974767875,16.88,0.64,0.0,0.0,5.0
828,4,train_0013,12297.68526343973,10137.877269520128,63.78772695201278,0.0,12361.472990391741,14.86,0.74,0.0,0.0,5.0
829,4,train_0235,12463.933389432214,10643.23524381757,114.32352438175695,0.0,12578.25691381397,15.6,0.62,0.0,0.0,5.0
830,4,train_0554,12300.935389725739,10170.81528423218,67.08152842321797,0.0,12368.016918148956,12.44,0.6,0.0,0.0,5.0
831,4,train_0184,12458.906523355401,10466.50300521476,96.65030052147596,0.0,12555.556823876877,16.26,0.54,0.0,0.0,5.0
832,4,train_0279,12434.718844107074,10395.427526989726,89.54275269897262,0.0,12524.261596806047,18.32,0.7,0.0,0.0,5.0
833,4,train_0590,12325.089599220508,10310.06647033431,81.00664703343101,0.0,12406.09624625394,17.0,0.68,0.0,0.0,5.0
834,4,train_0171,12641.427657729873,10935.21916687968,143.52191668796806,0.0,12784.949574417842,16.14,0.76,0.0,0.0,5.0
835,4,train_0249,12457.394519723226,11045.325358437907,154.53253584379073,0.0,12611.927055567017,16.7,0.64,0.0,0.0,5.0
836,4,train_0037,13056.63363147085,10613.777112387352,111.37771123873517,0.0,13168.011342709586,18.48,0.66,0.0,0.0,5.0
837,4,train_0468,12134.555543968161,10365.205550841147,86.52055508411468,0.0,12221.076099052276,15.52,0.64,0.0,0.0,5.0
838,4,train_0411,13125.059296274561,10941.875949018173,144.18759490181728,0.0,13269.246891176379,15.06,0.58,0.0,0.0,5.0
839,4,train_0370,12569.81464717259,10670.022309851885,117.00223098518855,0.0,12686.816878157779,15.04,0.6,0.0,0.0,5.0
840,4,train_0214,12048.627126673338,10284.069686011877,78.4069686011877,0.0,12127.034095274526,15.48,0.7,0.0,0.0,5.0
841,4,train_0389,12373.67289050484,10330.719158505766,83.07191585057663,0.0,12456.744806355417,16.22,0.76,0.0,0.0,5.0
842,4,train_0135,12393.81867961874,10480.971295564155,98.09712955641554,0.0,12491.915809175156,15.92,0.68,0.0,0.0,5.0
843,4,train_0446,12189.615498209747,10166.196765243452,66.61967652434524,0.0,12256.235174734093,16.08,0.7,0.0,0.0,5.0
844,4,train_0295,12018.97771011587,10387.798431837884,88.7798431837884,0.0,12107.75755329966,17.24,0.6,0.0,0.0,5.0
845,4,train_0065,12557.739747189455,10473.267353099533,97.32673530995326,0.0,12655.066482499407,13.76,0.72,0.0,0.0,5.0
846,4,train_0299,12652.56173726466,10327.080039560156,82.70800395601565,0.0,12735.269741220674,15.16,0.58,0.0,0.0,5.0
847,4,train_0195,12697.892091513233,10832.294897964539,133.2294897964539,0.0,12831.121581309686,16.62,0.68,0.0,0.0,5.0
848,4,train_0095,12287.391023859356,10206.89634278483,70.68963427848303,0.0,12358.080658137838,16.68,0.64,0.0,0.0,5.0
849,4,train_0157,12512.850777901685,10202.92118537695,70.29211853769503,0.0,12583.14289643938,15.32,0.52,0.0,0.0,5.0
850,4,train_0221,12264.352935749946,10426.46407872823,92.64640787282298,0.0,12356.999343622769,16.8,0.62,0.0,0.0,5.0
851,4,train_0457,12241.130593016058,10449.09665576674,94.90966557667399,0.0,12336.040258592731,15.04,0.7,0.0,0.0,5.0
852,4,train_0271,12255.317877613616,10344.435155694533,84.44351556945331,0.0,12339.76139318307,15.06,0.68,0.0,0.0,5.0
853,4,train_0521,12376.2006437446,10429.039457965573,92.90394579655731,0.0,12469.104589541157,17.4,0.72,0.0,0.0,5.0
854,4,train_0155,12499.83406100448,10792.62977075965,129.26297707596495,0.0,12629.097038080445,16.64,0.68,0.0,0.0,5.0
855,4,train_0038,12554.812408059286,10489.310777075803,98.93107770758034,0.0,12653.743485766867,18.62,0.74,0.0,0.0,5.0
856,4,train_0171,12702.275749481818,10843.618056054738,134.36180560547382,0.0,12836.63755508729,16.86,0.64,0.0,0.0,5.0
857,4,train_0421,12875.506760380118,10650.41393284437,115.04139328443708,0.0,12990.548153664555,14.7,0.72,0.0,0.0,5.0
858,4,train_0327,12914.088851333216,10172.61945859927,67.26194585992708,0.0,12981.350797193143,17.42,0.64,0.0,0.0,5.0
859,4,train_0279,12542.203648727365,10615.547704694432,111.55477046944326,0.0,12653.758419196809,16.7,0.64,0.0,0.0,5.0
860,4,train_0287,12293.227344598996,10687.386671690369,118.73866716903686,0.0,12411.966011768032,16.04,0.62,0.0,0.0,5.0
861,4,train_0159,12326.074499559352,9686.437502106983,18.643750210698272,0.0,12344.71824977005,16.42,0.66,0.0,0.0,5.0
862,4,train_0383,12091.81218677603,10462.486116465534,96.2486116465534,0.0,12188.060798422583,15.14,0.68,0.0,0.0,5.0
863,4,train_0305,12397.99924747916,10517.526836574743,101.75268365747434,0.0,12499.751931136634,15.0,0.74,0.0,0.0,5.0
864,4,train_0569,12226.625893216054,10394.271590077236,89.42715900772365,0.0,12316.053052223779,16.16,0.76,0.0,0.0,5.0
865,4,train_0454,12869.966714653601,10766.910921814546,126.6910921814546,0.0,12996.657806835055,17.14,0.76,0.0,0.0,5.0
866,4,train_0435,12318.844128195882,10183.506706809592,68.35067068095923,0.0,12387.19479887684,14.6,0.64,0.0,0.0,5.0
867,4,train_0424,12496.844393783169,10681.482953052073,118.14829530520728,0.0,12614.992689088376,18.38,0.66,0.0,0.0,5.0
868,4,train_0059,12617.401845416425,10484.02671928966,98.40267192896609,0.0,12715.804517345392,15.08,0.66,0.0,0.0,5.0
869,4,train_0573,11828.99705021373,10068.598670124347,56.859867012434734,0.0,11885.856917226163,15.9,0.74,0.0,0.0,5.0
870,4,train_0276,12064.998249249278,10636.110446149314,113.61104461493142,0.0,12178.60929386421,14.16,0.78,0.0,0.0,5.0
871,4,train_0415,12820.472836641657,10719.981708652384,121.99817086523836,0.0,12942.471007506894,14.78,0.72,0.0,0.0,5.0
872,4,train_0004,12485.084720810959,10828.846690671811,132.88466906718114,0.0,12617.96938987814,18.22,0.66,0.0,0.0,5.0
873,4,train_0164,12095.357514991278,10264.594080371791,76.45940803717913,0.0,12171.816923028457,14.48,0.7,0.0,0.0,5.0
874,4,train_0558,12908.74113481541,10536.947255519808,103.69472555198081,0.0,13012.43586036739,16.0,0.6,0.0,0.0,5.0
875,4,train_0568,12686.104178068208,10724.034245051222,122.40342450512217,0.0,12808.50760257333,15.8,0.6,0.0,0.0,5.0
876,4,train_0338,12542.811270192564,10459.27839151357,95.92783915135698,0.0,12638.73910934392,16.96,0.62,0.0,0.0,5.0
877,4,train_0045,12549.188641812441,10435.366671117326,93.53666711173264,0.0,12642.725308924175,15.1,0.84,0.0,0.0,5.0
878,4,train_0357,12049.166008649856,10257.781505806097,75.77815058060969,0.0,12124.944159230465,14.68,0.68,0.0,0.0,5.0
879,4,train_0011,12071.031181478515,10297.119893294288,79.7119893294288,0.0,12150.743170807944,15.42,0.74,0.0,0.0,5.0
880,4,train_0173,12739.559207125818,10526.917833728807,102.69178337288068,0.0,12842.250990498698,16.86,0.7,0.0,0.0,5.0
881,4,train_0221,12279.713143785255,10503.961536456973,100.39615364569727,0.0,12380.109297430952,16.24,0.66,0.0,0.0,5.0
882,4,train_0351,12661.959631866379,10830.12752048852,133.01275204885206,0.0,12794.97238391523,16.1,0.74,0.0,0.0,5.0
883,4,train_0161,12360.402001564993,10587.621526636518,108.7621526636518,0.0,12469.164154228645,14.3,0.68,0.0,0.0,5.0
884,4,train_0135,12593.173440732211,10296.39432760125,79.63943276012506,0.0,12672.812873492336,17.0,0.72,0.0,0.0,5.0
885,4,train_0147,12716.1385603231,10602.034231281235,110.20342312812355,0.0,12826.341983451222,17.22,0.76,0.0,0.0,5.0
886,4,train_0196,12344.792033462822,10209.442556649688,70.94425566496885,0.0,12415.73628912779,16.06,0.76,0.0,0.0,5.0
887,4,train_0179,12244.813526088592,10159.68280095515,65.968280095515,0.0,12310.781806184106,14.04,0.68,0.0,0.0,5.0
888,4,train_0201,12346.84481172011,10404.365891210871,90.43658912108714,0.0,12437.281400841197,16.9,0.8,0.0,0.0,5.0
889,4,train_0258,12646.672295734632,10498.864134880194,99.8864134880194,0.0,12746.55870922265,15.54,0.74,0.0,0.0,5.0
890,4,train_0406,12499.615605478451,10256.353170987624,75.63531709876243,0.0,12575.250922577214,16.74,0.74,0.0,0.0,5.0
891,4,train_0275,12201.65574779191,10630.825592105619,113.0825592105619,0.0,12314.738307002472,15.36,0.68,0.0,0.0,5.0
892,4,train_0453,12757.331936078113,10310.183226914027,81.01832269140269,0.0,12838.350258769517,16.28,0.6,0.0,0.0,5.0
893,4,train_0359,12546.421185606285,10307.61595900251,80.7615959002511,0.0,12627.182781506535,15.94,0.72,0.0,0.0,5.0
894,4,train_0564,12423.267583519526,10457.147833377347,95.71478333773467,0.0,12518.98236685726,16.32,0.78,0.0,0.0,5.0
895,4,train_0241,12267.147190633134,10457.277174413815,95.72771744138154,0.0,12362.874908074515,15.26,0.7,0.0,0.0,5.0
896,4,train_0329,12585.8471995699,10155.055206442301,65.50552064423009,0.0,12651.35272021413,16.64,0.68,0.0,0.0,5.0
897,4,train_0051,12426.811239231187,10685.620258483545,118.56202584835447,0.0,12545.373265079541,17.92,0.62,0.0,0.0,5.0
898,4,train_0210,11965.117005944334,10366.327971269528,86.63279712695277,0.0,12051.749803071287,15.56,0.68,0.0,0.0,5.0
899,4,train_0198,11861.470153870989,10129.600669999367,62.960066999936686,0.0,11924.430220870925,16.68,0.62,0.0,0.0,5.0
900,4,train_0490,12015.273083748718,10489.640245321658,98.9640245321658,0.0,12114.237108280884,16.2,0.62,0.0,0.0,5.0
901,4,train_0402,12549.44780363667,10463.18118298102,96.31811829810195,0.0,12645.765921934773,15.98,0.74,0.0,0.0,5.0
902,4,train_0564,12323.046986627298,10430.21140126366,93.02114012636594,0.0,12416.068126753664,16.76,0.7,0.0,0.0,5.0
903,4,train_0318,12584.768955150614,10011.83209761852,51.183209761852055,0.0,12635.952164912465,18.42,0.68,0.0,0.0,5.0
904,4,train_0500,12111.115599569439,10276.442532544479,77.6442532544479,0.0,12188.759852823887,16.24,0.7,0.0,0.0,5.0
905,4,train_0436,12465.62385062695,10791.479176879799,129.14791768797986,0.0,12594.77176831493,17.88,0.64,0.0,0.0,5.0
906,4,train_0398,11845.509207691473,10194.331205238343,69.43312052383426,0.0,11914.942328215307,15.62,0.82,0.0,0.0,5.0
907,4,train_0598,12307.12519526404,10157.998886369622,65.79988863696217,0.0,12372.925083901002,14.06,0.7,0.0,0.0,5.0
908,4,train_0469,12568.998362399025,11027.565491542606,152.75654915426057,0.0,12721.754911553286,16.42,0.78,0.0,0.0,5.0
909,4,train_0254,12755.021229903701,10371.22645883079,87.12264588307899,0.0,12842.14387578678,16.44,0.68,0.0,0.0,5.0
910,4,train_0128,12035.070467781145,10090.993120480503,59.09931204805034,0.0,12094.169779829195,14.84,0.68,0.0,0.0,5.0
911,4,train_0309,12774.451086257159,10228.83316659852,72.88331665985207,0.0,12847.334402917011,12.92,0.64,0.0,0.0,5.0
912,4,train_0094,11920.489997508415,9828.93899921578,32.89389992157794,0.0,11953.383897429994,16.92,0.76,0.0,0.0,5.0
913,4,train_0065,12444.957658908621,10428.230288999885,92.82302889998846,0.0,12537.780687808608,14.02,0.72,0.0,0.0,5.0
914,4,train_0220,12166.93518547288,10668.749288636314,116.87492886363144,0.0,12283.810114336511,16.88,0.64,0.0,0.0,5.0
915,4,train_0254,12759.28493908102,10352.31504057009,85.23150405700909,0.0,12844.516443138029,16.32,0.64,0.0,0.0,5.0
916,4,train_0488,12617.534184078304,10277.719039725212,77.77190397252126,0.0,12695.306088050826,15.02,0.68,0.0,0.0,5.0
917,4,train_0235,12452.699902042712,10626.354843760799,112.63548437607989,0.0,12565.335386418792,15.02,0.7,0.0,0.0,5.0
918,4,train_0545,12082.548262185885,10550.046975556037,105.00469755560371,0.0,12187.552959741488,18.48,0.74,0.0,0.0,5.0
919,4,train_0148,12494.266324848357,10609.880480363156,110.98804803631556,0.0,12605.254372884672,19.1,0.64,0.0,0.0,5.0
920,4,train_0552,12422.875527664914,10456.624806395926,95.66248063959266,0.0,12518.538008304506,14.92,0.7,0.0,0.0,5.0
921,4,train_0342,12302.849039186985,10433.450433877118,93.34504338771185,0.0,12396.194082574697,18.86,0.64,0.0,0.0,5.0
922,4,train_0433,12136.721327221505,10059.376034286892,55.93760342868919,0.0,12192.658930650194,15.54,0.76,0.0,0.0,5.0
923,4,train_0234,12224.171990044182,10533.722049844,103.37220498440001,0.0,12327.544195028582,16.88,0.7,0.0,0.0,5.0
924,4,train_0211,12217.778147524064,10388.539444042277,88.8539444042277,0.0,12306.632091928292,17.34,0.62,0.0,0.0,5.0
925,4,train_0075,12666.448456665756,10405.70831582054,90.57083158205405,0.0,12757.01928824781,18.06,0.62,0.0,0.0,5.0
926,4,train_0192,12613.42344552049,10527.72491186818,102.77249118681794,0.0,12716.195936707307,16.56,0.68,0.0,0.0,5.0
927,4,train_0004,12462.88087842469,10509.271086832097,100.92710868320974,0.0,12563.8079871079,18.86,0.76,0.0,0.0,5.0
928,4,train_0565,13000.17068721145,10356.298833374549,85.62988333745488,0.0,13085.800570548905,16.4,0.6,0.0,0.0,5.0
929,4,train_0153,12330.214557311203,10124.342939915041,62.43429399150409,0.0,12392.648851302707,15.68,0.78,0.0,0.0,5.0
930,4,train_0563,12347.051705363669,10459.076573229617,95.90765732296168,0.0,12442.95936268663,15.16,0.58,0.0,0.0,5.0
931,4,train_0007,13215.824063056036,10853.651136222048,135.3651136222048,0.0,13351.189176678241,15.08,0.64,0.0,0.0,5.0
932,4,train_0225,12229.556450861703,10701.45065786314,120.14506578631409,0.0,12349.701516648016,18.24,0.76,0.0,0.0,5.0
933,4,train_0549,12580.773443043807,10768.170905476494,126.81709054764943,0.0,12707.590533591456,17.92,0.7,0.0,0.0,5.0
934,4,train_0262,12294.97803826734,10706.662603851128,120.66626038511276,0.0,12415.644298652453,16.38,0.72,0.0,0.0,5.0
935,4,train_0028,12642.684988301811,10463.115206832546,96.31152068325464,0.0,12738.996508985067,17.5,0.68,0.0,0.0,5.0
936,4,train_0211,12306.383532928314,10256.32911556786,75.63291155678598,0.0,12382.0164444851,17.08,0.68,0.0,0.0,5.0
937,4,train_0361,13049.37381633585,10255.994657361156,75.5994657361156,0.0,13124.973282071966,15.88,0.8,0.0,0.0,5.0
938,4,train_0040,12409.817894633185,10737.899255601684,123.78992556016838,0.0,12533.607820193352,15.46,0.66,0.0,0.0,5.0
939,4,train_0137,12177.057002866406,10055.877308650683,55.587730865068266,0.0,12232.644733731475,15.68,0.68,0.0,0.0,5.0
940,4,train_0207,12083.732356182698,10088.574468427,58.85744684269994,0.0,12142.589803025397,13.68,0.74,0.0,0.0,5.0
941,4,train_0110,12410.376620889168,10608.578152245815,110.85781522458147,0.0,12521.23443611375,17.56,0.74,0.0,0.0,5.0
942,4,train_0463,12157.648272580143,10218.387896185533,71.83878961855335,0.0,12229.487062198697,16.48,0.64,0.0,0.0,5.0
943,4,train_0035,12863.973183008171,11094.314570172482,159.43145701724825,0.0,13023.40464002542,17.34,0.68,0.0,0.0,5.0
944,4,train_0356,12583.730493456813,10363.552826497702,86.3552826497702,0.0,12670.085776106584,15.56,0.78,0.0,0.0,5.0
945,4,train_0167,12230.95115759309,10201.857954060495,70.18579540604951,0.0,12301.136952999139,16.92,0.62,0.0,0.0,5.0
946,4,train_0408,11992.832506227756,9919.500911410443,41.950091141044325,0.0,12034.782597368801,14.22,0.76,0.0,0.0,5.0
947,4,train_0221,12534.046376852908,10269.73532758802,76.97353275880197,0.0,12611.01990961171,16.16,0.66,0.0,0.0,5.0
948,4,train_0032,12556.431750014293,10644.310928167579,114.43109281675788,0.0,12670.862842831051,17.26,0.62,0.0,0.0,5.0
949,4,train_0060,12459.702618230634,10736.740081019962,123.67400810199615,0.0,12583.37662633263,18.4,0.7,0.0,0.0,5.0
950,4,train_0592,12200.614198731064,10640.934054662934,114.09340546629338,0.0,12314.707604197358,15.38,0.58,0.0,0.0,5.0
951,4,train_0314,12260.6826937513,10446.834810202205,94.68348102022047,0.0,12355.36617477152,16.26,0.64,0.0,0.0,5.0
952,4,train_0529,12469.566444701719,10372.42397867098,87.24239786709805,0.0,12556.808842568817,16.16,0.76,0.0,0.0,5.0
953,4,train_0553,11552.512694800722,9954.224972677523,45.42249726775226,0.0,11597.935192068475,17.0,0.72,0.0,0.0,5.0
954,4,train_0098,12368.795225125543,10374.5031617665,87.45031617665009,0.0,12456.245541302193,15.0,0.58,0.0,0.0,5.0
955,4,train_0307,12391.542166422973,10501.021916262413,100.10219162624126,0.0,12491.644358049214,16.68,0.72,0.0,0.0,5.0
956,4,train_0290,12586.265167534022,10235.50580667744,73.550580667744,0.0,12659.815748201767,16.94,0.7,0.0,0.0,5.0
957,4,train_0520,11915.935961560364,10362.155384614533,86.21553846145326,0.0,12002.151500021817,16.76,0.72,0.0,0.0,5.0
958,4,train_0318,12420.963019015357,10446.854119255595,94.68541192555949,0.0,12515.648430940917,17.06,0.7,0.0,0.0,5.0
959,4,train_0569,12365.821330731189,9995.780975913469,49.57809759134689,0.0,12415.399428322537,16.7,0.62,0.0,0.0,5.0
960,4,train_0002,12605.151710710592,10149.57227912651,64.95722791265108,0.0,12670.108938623243,13.76,0.76,0.0,0.0,5.0
961,4,train_0029,12282.701849053168,10440.230562501481,94.02305625014816,0.0,12376.724905303316,15.74,0.74,0.0,0.0,5.0
962,4,train_0101,12677.581451302643,10372.943751041686,87.29437510416865,0.0,12764.875826406813,17.24,0.72,0.0,0.0,5.0
963,4,train_0500,12215.735363937756,10330.47301766694,83.047301766694,0.0,12298.78266570445,14.38,0.64,0.0,0.0,5.0
964,4,train_0000,12142.68356121345,10212.175393692763,71.21753936927635,0.0,12213.901100582725,16.24,0.6,0.0,0.0,5.0
965,4,train_0182,12703.619092778667,10749.448269156035,124.94482691560353,0.0,12828.56391969427,16.38,0.7,0.0,0.0,5.0
966,4,train_0411,13153.326301641777,10770.931685519052,127.0931685519052,0.0,13280.419470193681,16.4,0.78,0.0,0.0,5.0
967,4,train_0117,12129.271806843402,10143.47497333865,64.34749733386506,0.0,12193.619304177268,16.16,0.78,0.0,0.0,5.0
968,4,train_0368,12641.246933697028,10300.280511692601,80.02805116926011,0.0,12721.274984866288,14.66,0.82,0.0,0.0,5.0
969,4,train_0240,12806.78450979523,10825.967240265441,132.59672402654414,0.0,12939.381233821774,15.72,0.62,0.0,0.0,5.0
970,4,train_0412,12027.574749158206,10313.840988383052,81.38409883830519,0.0,12108.958847996511,13.98,0.66,0.0,0.0,5.0
971,4,train_0381,12235.251192611599,10135.166703762317,63.516670376231744,0.0,12298.76786298783,15.62,0.68,0.0,0.0,5.0
972,4,train_0021,12482.052256496067,10580.44467354325,108.04446735432504,0.0,12590.09672385039,16.36,0.8,0.0,0.0,5.0
973,4,train_0035,13129.580168578646,10739.198990245934,123.91989902459336,0.0,13253.50006760324,17.86,0.64,0.0,0.0,5.0
974,4,train_0454,12696.464987101266,10644.312420841541,114.43124208415412,0.0,12810.89622918542,16.42,0.64,0.0,0.0,5.0
975,4,train_0328,12294.151487917105,10719.727633365588,121.97276333655883,0.0,12416.124251253663,16.3,0.64,0.0,0.0,5.0
976,4,train_0422,12416.55795465794,10503.444914185891,100.34449141858914,0.0,12516.902446076529,16.12,0.68,0.0,0.0,5.0
977,4,train_0422,12352.367842866388,10634.983013249092,113.49830132490916,0.0,12465.866144191297,16.52,0.64,0.0,0.0,5.0
978,4,train_0520,12025.233112104046,10182.43401157188,68.24340115718806,0.0,12093.476513261234,15.6,0.62,0.0,0.0,5.0
979,4,train_0142,12822.406769548792,10422.327801375011,92.23278013750115,0.0,12914.639549686293,16.16,0.74,0.0,0.0,5.0
980,4,train_0036,12183.933457420375,10463.94779430533,96.39477943053299,0.0,12280.328236850908,15.42,0.68,0.0,0.0,5.0
981,4,train_0316,12238.130943706277,10182.74567159895,68.27456715989501,0.0,12306.405510866172,17.34,0.56,0.0,0.0,5.0
982,4,train_0028,12667.1617573832,10276.063129506518,77.60631295065178,0.0,12744.768070333852,16.36,0.66,0.0,0.0,5.0
983,4,train_0291,12743.54599496871,10590.446518762661,109.04465187626612,0.0,12852.590646844976,15.32,0.72,0.0,0.0,5.0
984,4,train_0471,12524.197126582245,10530.352859093735,103.0352859093735,0.0,12627.232412491618,14.9,0.64,0.0,0.0,5.0
985,4,train_0107,12417.37422678925,10565.990710206675,106.59907102066755,0.0,12523.973297809918,15.6,0.72,0.0,0.0,5.0
986,4,train_0240,12787.314058343414,10886.34051587839,138.634051587839,0.0,12925.948109931252,16.98,0.7,0.0,0.0,5.0
987,4,train_0049,12543.5891656007,10439.554273386231,93.95542733862312,0.0,12637.544592939325,14.76,0.64,0.0,0.0,5.0
988,4,train_0529,12286.768935493456,10499.539987130642,99.95399871306418,0.0,12386.72293420652,16.98,0.7,0.0,0.0,5.0
989,4,train_0494,12244.527323508377,10312.261346433395,81.22613464333955,0.0,12325.753458151716,16.92,0.56,0.0,0.0,5.0
990,4,train_0397,12159.798843750552,10368.620092658839,86.8620092658839,0.0,12246.660853016436,16.26,0.62,0.0,0.0,5.0
991,4,train_0233,13090.63952529346,10745.928150634169,124.59281506341686,0.0,13215.232340356877,16.0,0.6,0.0,0.0,5.0
992,4,train_0195,12733.287741286593,10740.657652242156,124.06576522421565,0.0,12857.353506510808,16.3,0.66,0.0,0.0,5.0
993,4,train_0398,11957.463349989763,10182.51124145985,68.25112414598497,0.0,12025.714474135748,13.78,0.72,0.0,0.0,5.0
994,4,train_0252,12101.852540276472,10203.66823996933,70.36682399693309,0.0,12172.219364273406,15.82,0.66,0.0,0.0,5.0
995,4,train_0046,12263.45197979486,10046.589864734822,54.65898647348222,0.0,12318.110966268341,17.1,0.7,0.0,0.0,5.0
996,4,train_0582,12557.878314737543,10451.32849399381,95.13284939938094,0.0,12653.011164136924,16.32,0.62,0.0,0.0,5.0
997,4,train_0367,12189.696182114862,10363.156953095036,86.31569530950365,0.0,12276.011877424366,14.94,0.58,0.0,0.0,5.0
998,4,train_0030,12400.954121664869,10157.26744898233,65.72674489823294,0.0,12466.680866563102,17.28,0.8,0.0,0.0,5.0
999,4,train_0144,12754.808699180068,10982.012672978186,148.2012672978186,0.0,12903.009966477886,15.62,0.72,0.0,0.0,5.0
1000,4,train_0389,12200.666611475692,10680.69876928506,118.06987692850599,0.0,12318.736488404198,16.12,0.66,0.0,0.0,5.0
1001,4,train_0164,12075.812182392769,10363.854459300328,86.3854459300328,0.0,12162.197628322801,13.08,0.66,0.0,0.0,5.0
1002,4,train_0516,12634.489260908842,10594.492133935059,109.44921339350586,0.0,12743.938474302347,14.1,0.54,0.0,0.0,5.0
1003,4,train_0338,12188.440644295462,10761.776892477146,126.17768924771462,0.0,12314.618333543178,16.16,0.72,0.0,0.0,5.0
1004,4,train_0413,12949.52808430674,10685.405006292789,118.54050062927891,0.0,13068.068584936018,17.02,0.64,0.0,0.0,5.0
1005,4,train_0265,12333.016380846899,10403.981047561789,90.39810475617888,0.0,12423.414485603078,15.94,0.7,0.0,0.0,5.0
1006,4,train_0507,12335.670485444982,10549.119573835622,104.9119573835622,0.0,12440.582442828543,15.64,0.78,0.0,0.0,5.0
1007,4,train_0240,12701.048009048412,11211.161880791467,171.11618807914675,0.0,12872.164197127559,15.36,0.68,0.0,0.0,5.0
1008,4,train_0392,12578.294212043298,10969.860251320482,146.98602513204824,0.0,12725.280237175346,16.34,0.6,0.0,0.0,5.0
1009,4,train_0135,12565.744748333855,10383.000457659255,88.30004576592546,0.0,12654.04479409978,18.04,0.56,0.0,0.0,5.0
1010,4,train_0166,12091.164088435919,10264.78854457884,76.47885445788397,0.0,12167.642942893803,14.78,0.7,0.0,0.0,5.0
1011,4,train_0462,12452.168099919774,10919.492445012016,141.9492445012016,0.0,12594.117344420976,16.26,0.62,0.0,0.0,5.0
1012,4,train_0345,12757.956255139072,10056.982201984905,55.69822019849053,0.0,12813.654475337562,14.46,0.66,0.0,0.0,5.0
1013,4,train_0097,12089.32304598606,10517.46891776153,101.74689177615292,0.0,12191.069937762213,17.0,0.74,0.0,0.0,5.0
1014,4,train_0107,12569.06794775276,10590.140330653785,109.0140330653785,0.0,12678.081980818137,16.54,0.7,0.0,0.0,5.0
1015,4,train_0088,12519.297459848454,10536.828240282957,103.68282402829573,0.0,12622.98028387675,15.4,0.68,0.0,0.0,5.0
1016,4,train_0457,12590.960996400749,10316.651074853678,81.66510748536786,0.0,12672.626103886116,16.16,0.84,0.0,0.0,5.0
1017,4,train_0291,12850.392728551542,10298.79795181303,79.87979518130305,0.0,12930.272523732845,15.08,0.82,0.0,0.0,5.0
1018,4,train_0469,12439.300839561225,11062.848425314634,156.28484253146345,0.0,12595.58568209269,16.84,0.52,0.0,0.0,5.0
1019,4,train_0026,12105.865207949724,10131.406294272681,63.140629427268145,0.0,12169.005837376992,15.64,0.66,0.0,0.0,5.0
1020,4,train_0196,12222.01350335979,10427.089115507464,92.70891155074642,0.0,12314.722414910537,16.2,0.72,0.0,0.0,5.0
1021,4,train_0187,12157.496151337029,10353.722494382926,85.37224943829261,0.0,12242.868400775322,15.38,0.66,0.0,0.0,5.0
1022,4,train_0044,12548.049554724555,10769.117289440017,126.91172894400171,0.0,12674.961283668557,16.72,0.6,0.0,0.0,5.0
1023,4,train_0576,12183.395609021656,10345.258716225713,84.52587162257133,0.0,12267.921480644227,13.96,0.76,0.0,0.0,5.0
1024,5,train_0106,12484.026835324818,10830.81349042942,133.08134904294204,0.0,12617.10818436776,15.94,0.72,0.0,0.0,5.0
1025,5,train_0535,12192.820354101725,10298.452843040006,79.8452843040006,0.0,12272.665638405726,15.64,0.66,0.0,0.0,5.0
1026,5,train_0272,12254.375725987307,10474.501395801071,97.45013958010713,0.0,12351.825865567414,15.1,0.72,0.0,0.0,5.0
1027,5,train_0177,12448.77569960579,10418.034651053891,91.80346510538912,0.0,12540.57916471118,15.06,0.82,0.0,0.0,5.0
1028,5,train_0249,12724.09959332372,10718.109585253746,121.81095852537456,0.0,12845.910551849094,16.7,0.7,0.0,0.0,5.0
1029,5,train_0184,12291.971429547315,10675.185858152716,117.51858581527159,0.0,12409.490015362586,16.5,0.68,0.0,0.0,5.0
1030,5,train_0131,12868.202788185565,10787.760374805981,128.7760374805981,0.0,12996.978825666163,15.8,0.66,0.0,0.0,5.0
1031,5,train_0528,12566.080505477134,10468.868169777363,96.88681697773627,0.0,12662.96732245487,12.98,0.72,0.0,0.0,5.0
1032,5,train_0240,12977.281271965465,10658.684911994042,115.86849119940416,0.0,13093.149763164869,15.52,0.7,0.0,0.0,5.0
1033,5,train_0267,12322.085256820712,10350.714861297769,85.0714861297769,0.0,12407.156742950488,15.78,0.72,0.0,0.0,5.0
1034,5,train_0053,12416.1437122597,10522.106465333472,102.21064653334724,0.0,12518.354358793047,15.08,0.8,0.0,0.0,5.0
1035,5,train_0522,12775.336258294388,10571.591310003207,107.15913100032067,0.0,12882.495389294709,17.5,0.74,0.0,0.0,5.0
1036,5,train_0071,12707.272559388832,10759.489514728364,125.94895147283643,0.0,12833.221510861667,14.1,0.78,0.0,0.0,5.0
1037,5,train_0186,12268.490706153325,10551.465265127126,105.14652651271263,0.0,12373.637232666038,14.76,0.72,0.0,0.0,5.0
1038,5,train_0253,12046.313236146496,10135.900578285857,63.59005782858567,0.0,12109.903293975081,17.26,0.58,0.0,0.0,5.0
1039,5,train_0125,12200.266964127699,10216.954763258993,71.69547632589929,0.0,12271.962440453599,16.4,0.64,0.0,0.0,5.0
1040,5,train_0598,12370.269926135086,10196.67360521034,69.66736052103407,0.0,12439.93728665612,13.32,0.68,0.0,0.0,5.0
1041,5,train_0119,12337.727208439108,10422.249959702716,92.22499597027164,0.0,12429.95220440938,17.08,0.62,0.0,0.0,5.0
1042,5,train_0431,12258.52382598036,10445.917857498174,94.59178574981743,0.0,12353.115611730176,18.06,0.68,0.0,0.0,5.0
1043,5,train_0176,12612.957529338397,10707.168046869385,120.71680468693849,0.0,12733.674334025336,15.2,0.74,0.0,0.0,5.0
1044,5,train_0366,12344.000272957435,10362.97573836356,86.29757383635607,0.0,12430.297846793792,16.86,0.76,0.0,0.0,5.0
1045,5,train_0290,12478.021259105397,10513.490668106748,101.34906681067478,0.0,12579.370325916072,17.32,0.72,0.0,0.0,5.0
1046,5,train_0246,12330.955396138663,10509.784733462091,100.97847334620911,0.0,12431.933869484872,15.9,0.62,0.0,0.0,5.0
1047,5,train_0367,12316.925515468203,10324.22013542163,82.42201354216304,0.0,12399.347529010367,15.04,0.56,0.0,0.0,5.0
1048,5,train_0333,12714.76334761341,10891.011115425383,139.1011115425383,0.0,12853.86445915595,16.16,0.66,0.0,0.0,5.0
1049,5,train_0150,12155.654751443715,10381.85924983714,88.185924983714,0.0,12243.84067642743,16.76,0.66,0.0,0.0,5.0
1050,5,train_0040,12496.390939914945,10761.777507521152,126.17775075211522,0.0,12622.56869066706,18.82,0.66,0.0,0.0,5.0
1051,5,train_0130,12067.41858720214,10611.251696650119,111.1251696650119,0.0,12178.543756867153,15.9,0.66,0.0,0.0,5.0
1052,5,train_0468,12187.931759719977,10145.181028414197,64.51810284141975,0.0,12252.449862561396,16.02,0.64,0.0,0.0,5.0
1053,5,train_0298,11671.658517719365,10286.35550798503,78.63555079850303,0.0,11750.294068517867,15.92,0.62,0.0,0.0,5.0
1054,5,train_0201,11890.457240752461,10852.242183055634,135.22421830556343,0.0,12025.681459058025,17.0,0.68,0.0,0.0,5.0
1055,5,train_0311,12463.922095242999,10443.240670772,94.32406707720003,0.0,12558.246162320198,16.44,0.76,0.0,0.0,5.0
1056,5,train_0308,12161.924820003966,10332.986790575433,83.29867905754327,0.0,12245.223499061509,17.04,0.64,0.0,0.0,5.0
1057,5,train_0329,12518.58503590033,10483.974828647391,98.39748286473915,0.0,12616.98251876507,18.66,0.74,0.0,0.0,5.0
1058,5,train_0067,12074.452621755689,10100.757906170733,60.075790617073295,0.0,12134.528412372762,18.1,0.64,0.0,0.0,5.0
1059,5,train_0278,12354.918562738063,10351.418141798486,85.14181417984855,0.0,12440.06037691791,16.56,0.66,0.0,0.0,5.0
1060,5,train_0091,12505.56177971309,10437.23285417336,93.72328541733606,0.0,12599.285065130427,16.06,0.64,0.0,0.0,5.0
1061,5,train_0087,12646.668360188993,10181.206512308338,68.12065123083376,0.0,12714.789011419827,14.22,0.74,0.0,0.0,5.0
1062,5,train_0407,12342.574383688418,10556.9382892916,105.69382892916002,0.0,12448.268212617577,16.0,0.74,0.0,0.0,5.0
1063,5,train_0567,13318.663398069893,11194.971183247813,169.49711832478135,0.0,13488.160516394675,15.76,0.76,0.0,0.0,5.0
1064,5,train_0261,12542.887063999508,10434.126030452704,93.41260304527042,0.0,12636.299667044777,17.54,0.72,0.0,0.0,5.0
1065,5,train_0252,12197.123189135076,10058.738751980492,55.87387519804925,0.0,12252.997064333125,16.34,0.74,0.0,0.0,5.0
1066,5,train_0075,12332.643107068729,10526.255107187379,102.62551071873787,0.0,12435.268617787466,15.54,0.74,0.0,0.0,5.0
1067,5,train_0204,12555.804642903906,10735.557832353838,123.55578323538376,0.0,12679.36042613929,17.24,0.74,0.0,0.0,5.0
1068,5,train_0069,12120.644709394279,10670.037319980183,117.00373199801834,0.0,12237.648441392297,18.18,0.8,0.0,0.0,5.0
1069,5,train_0008,12410.035246621155,10351.096490381693,85.10964903816931,0.0,12495.144895659325,13.58,0.62,0.0,0.0,5.0
1070,5,train_0229,12774.140479559088,10806.183995221687,130.6183995221687,0.0,12904.758879081257,15.76,0.6,0.0,0.0,5.0
1071,5,train_0141,12964.06026428596,10543.653684818079,104.36536848180786,0.0,13068.425632767767,14.02,0.76,0.0,0.0,5.0
1072,5,train_0054,12034.730407599962,10539.339135922652,103.93391359226517,0.0,12138.664321192227,15.78,0.78,0.0,0.0,5.0
1073,5,train_0065,12628.395784674956,10507.244038172917,100.72440381729176,0.0,12729.120188492248,15.06,0.64,0.0,0.0,5.0
1074,5,train_0379,13213.614907808456,10825.252187299739,132.52521872997386,0.0,13346.14012653843,14.4,0.68,0.0,0.0,5.0
1075,5,train_0335,12464.909294989067,10795.49109419295,129.54910941929504,0.0,12594.458404408362,17.5,0.58,0.0,0.0,5.0
1076,5,train_0491,12611.100228842397,10468.803959140041,96.88039591400411,0.0,12707.980624756401,16.66,0.74,0.0,0.0,5.0
1077,5,train_0500,12095.432389222846,10446.167756471465,94.61677564714647,0.0,12190.049164869992,15.58,0.72,0.0,0.0,5.0
1078,5,train_0082,12575.711183099325,10612.284301044067,111.22843010440666,0.0,12686.939613203733,16.56,0.68,0.0,0.0,5.0
1079,5,train_0539,12422.512596500539,10192.42147800338,69.24214780033799,0.0,12491.754744300877,14.92,0.8,0.0,0.0,5.0
1080,5,train_0270,12295.198127741322,10257.290972447592,75.72909724475922,0.0,12370.92722498608,16.22,0.72,0.0,0.0,5.0
1081,5,train_0504,12212.866807080492,10445.520952358102,94.55209523581016,0.0,12307.418902316302,15.14,0.66,0.0,0.0,5.0
1082,5,train_0492,12052.466653088883,10576.828856266164,107.68288562661638,0.0,12160.1495387155,15.94,0.68,0.0,0.0,5.0
1083,5,train_0340,12298.369794738195,10801.799579986739,130.17995799867387,0.0,12428.54975273687,15.78,0.78,0.0,0.0,5.0
1084,5,train_0527,12283.974836664767,10631.654869835495,113.16548698354946,0.0,12397.140323648317,15.22,0.72,0.0,0.0,5.0
1085,5,train_0383,12315.550963570025,10393.214208693971,89.32142086939712,0.0,12404.872384439423,15.56,0.66,0.0,0.0,5.0
1086,5,train_0188,12600.516718776838,10370.077968996866,87.00779689968658,0.0,12687.524515676525,14.9,0.68,0.0,0.0,5.0
1087,5,train_0218,12696.742477610336,10646.936625172213,114.69366251722131,0.0,12811.436140127558,15.08,0.6,0.0,0.0,5.0
1088,5,train_0027,12577.215734024741,10502.876826069703,100.28768260697035,0.0,12677.503416631711,15.4,0.7,0.0,0.0,5.0
1089,5,train_0561,12562.191121005413,10629.753682508126,112.97536825081261,0.0,12675.166489256226,16.52,0.48,0.0,0.0,5.0
1090,5,train_0013,12376.942516062752,10140.44629730349,64.04462973034897,0.0,12440.987145793102,15.56,0.66,0.0,0.0,5.0
1091,5,train_0032,12870.154917091106,9923.781824459162,42.378182445916174,0.0,12912.533099537022,15.88,0.66,0.0,0.0,5.0
1092,5,train_0398,11864.095660541718,10238.032193994643,73.80321939946425,0.0,11937.898879941182,15.22,0.68,0.0,0.0,5.0
1093,5,train_0289,12689.918919519321,10425.557379889775,92.5557379889775,0.0,12782.474657508299,16.52,0.68,0.0,0.0,5.0
1094,5,train_0370,12702.851008807611,10395.63447713981,89.56344771398108,0.0,12792.414456521592,13.62,0.68,0.0,0.0,5.0
1095,5,train_0336,12156.840771399198,10398.46254879301,89.84625487930099,0.0,12246.6870262785,15.22,0.68,0.0,0.0,5.0
1096,5,train_0292,12649.574383422543,10432.707905357856,93.27079053578564,0.0,12742.845173958329,16.7,0.64,0.0,0.0,5.0
1097,5,train_0295,12373.70543356278,10345.710558146651,84.57105581466513,0.0,12458.276489377446,16.72,0.84,0.0,0.0,5.0
1098,5,train_0280,12392.7209663073,10762.27265878554,126.22726587855396,0.0,12518.948232185854,15.38,0.66,0.0,0.0,5.0
1099,5,train_0389,12248.205427477242,10416.978159068618,91.6978159068618,0.0,12339.903243384104,15.02,0.72,0.0,0.0,5.0
1100,5,train_0057,12297.748264223574,9964.202307771713,46.42023077717131,0.0,12344.168495000746,14.84,0.62,0.0,0.0,5.0
1101,5,train_0128,12245.461852246708,10208.55057162539,70.85505716253901,0.0,12316.316909409246,14.82,0.66,0.0,0.0,5.0
1102,5,train_0077,12079.72563655255,10273.096577269946,77.30965772699456,0.0,12157.035294279545,14.72,0.74,0.0,0.0,5.0
1103,5,train_0314,12272.105518888764,10242.024950853795,74.20249508537945,0.0,12346.308013974143,16.34,0.8,0.0,0.0,5.0
1104,5,train_0180,12561.02762786551,10466.973207558081,96.69732075580815,0.0,12657.724948621317,17.0,0.64,0.0,0.0,5.0
1105,5,train_0184,12340.744282117947,10686.214130710661,118.62141307106613,0.0,12459.365695189013,17.6,0.7,0.0,0.0,5.0
1106,5,train_0103,11883.449619384544,10392.108928230302,89.21089282303019,0.0,11972.660512207574,16.2,0.78,0.0,0.0,5.0
1107,5,train_0573,12077.610419584747,10237.038914474082,73.70389144740821,0.0,12151.314311032156,14.62,0.7,0.0,0.0,5.0
1108,5,train_0523,12142.996098020489,10388.0117563881,88.80117563880995,0.0,12231.797273659298,16.34,0.62,0.0,0.0,5.0
1109,5,train_0042,12349.277708973523,10604.70476145511,110.47047614551103,0.0,12459.748185119033,15.9,0.74,0.0,0.0,5.0
1110,5,train_0500,11799.787888307863,10633.92424721054,113.39242472105398,0.0,11913.180313028917,16.48,0.68,0.0,0.0,5.0
1111,5,train_0140,12219.701959297185,10665.431361304642,116.54313613046416,0.0,12336.245095427648,14.84,0.68,0.0,0.0,5.0
1112,5,train_0459,12314.93633936363,10295.486180753112,79.54861807531125,0.0,12394.484957438941,16.12,0.64,0.0,0.0,5.0
1113,5,train_0104,12513.428884102777,10602.895394809602,110.28953948096023,0.0,12623.718423583738,17.82,0.76,0.0,0.0,5.0
1114,5,train_0593,12469.90920330949,10607.384694432765,110.73846944327653,0.0,12580.647672752766,13.62,0.52,0.0,0.0,5.0
1115,5,train_0409,13068.532378687105,10509.404238185165,100.9404238185165,0.0,13169.472802505621,19.48,0.72,0.0,0.0,5.0
1116,5,train_0453,12607.014626414162,10410.709671127694,91.07096711276937,0.0,12698.085593526932,17.68,0.78,0.0,0.0,5.0
1117,5,train_0220,12578.95241567781,10305.319361941636,80.53193619416362,0.0,12659.484351871974,14.98,0.74,0.0,0.0,5.0
1118,5,train_0441,12450.262657027408,10382.22592400233,88.22259240023305,0.0,12538.48524942764,16.7,0.7,0.0,0.0,5.0
1119,5,train_0216,12121.815495345323,10330.677306105938,83.06773061059376,0.0,12204.883225955917,16.9,0.58,0.0,0.0,5.0
1120,5,train_0256,12599.192905828604,10202.013796788004,70.20137967880036,0.0,12669.394285507404,18.0,0.74,0.0,0.0,5.0
1121,5,train_0350,11910.649807836427,10508.411783133428,100.8411783133428,0.0,12011.49098614977,15.96,0.72,0.0,0.0,5.0
1122,5,train_0530,12650.84695622902,10789.665829672318,128.9665829672318,0.0,12779.813539196251,15.44,0.58,0.0,0.0,5.0
1123,5,train_0107,12587.295039950615,10525.003318819723,102.50033188197231,0.0,12689.795371832588,16.68,0.68,0.0,0.0,5.0
1124,5,train_0454,12668.092508212678,10705.940510154904,120.59405101549038,0.0,12788.686559228168,16.74,0.62,0.0,0.0,5.0
1125,5,train_0530,12716.910455264813,10683.007909423653,118.30079094236535,0.0,12835.211246207178,16.14,0.8,0.0,0.0,5.0
1126,5,train_0241,12236.95438035711,10268.133017541832,76.81330175418316,0.0,12313.767682111295,15.52,0.68,0.0,0.0,5.0
1127,5,train_0251,12531.212952507518,10377.122745012599,87.7122745012599,0.0,12618.925227008778,15.8,0.68,0.0,0.0,5.0
1128,5,train_0586,12236.226267850156,10380.129563564222,88.0129563564222,0.0,12324.239224206578,16.08,0.7,0.0,0.0,5.0
1129,5,train_0523,11903.171375140479,10512.690685796073,101.2690685796073,0.0,12004.440443720086,15.7,0.64,0.0,0.0,5.0
1130,5,train_0150,12227.392464538989,10332.172376137807,83.21723761378071,0.0,12310.60970215277,17.44,0.7,0.0,0.0,5.0
1131,5,train_0583,12336.560512484775,10480.525342957382,98.05253429573823,0.0,12434.613046780514,15.74,0.76,0.0,0.0,5.0
1132,5,train_0143,12542.53084020716,10786.686811626927,128.6686811626927,0.0,12671.199521369854,15.04,0.76,0.0,0.0,5.0
1133,5,train_0216,12203.328945403779,10172.940449147136,67.2940449147136,0.0,12270.622990318492,18.24,0.78,0.0,0.0,5.0
1134,5,train_0304,12812.863888629248,10733.29344931221,123.32934493122103,0.0,12936.193233560469,16.26,0.7,0.0,0.0,5.0
1135,5,train_0559,12436.764317574158,10656.154483538838,115.61544835388378,0.0,12552.37976592804,18.02,0.74,0.0,0.0,5.0
1136,5,train_0145,12453.405525377284,10608.365066862125,110.83650668621249,0.0,12564.242032063496,15.0,0.66,0.0,0.0,5.0
1137,5,train_0385,12810.25772196551,10547.095648127179,104.70956481271787,0.0,12914.967286778228,16.5,0.58,0.0,0.0,5.0
1138,5,train_0099,12039.23242841203,10130.20222844146,63.02022284414598,0.0,12102.252651256176,16.08,0.7,0.0,0.0,5.0
1139,5,train_0171,12908.86507258129,10746.35188645871,124.63518864587095,0.0,13033.50026122716,17.66,0.82,0.0,0.0,5.0
1140,5,train_0183,12469.472553630432,10575.318963064648,107.53189630646484,0.0,12577.004449936898,15.78,0.7,0.0,0.0,5.0
1141,5,train_0314,12034.909227856484,10513.753742576942,101.37537425769425,0.0,12136.284602114178,16.44,0.74,0.0,0.0,5.0
1142,5,train_0265,12533.533396954226,10402.666794250255,90.26667942502554,0.0,12623.800076379252,15.52,0.72,0.0,0.0,5.0
1143,5,train_0296,12435.352343316972,10495.798168008525,99.5798168008525,0.0,12534.932160117825,14.78,0.72,0.0,0.0,5.0
1144,5,train_0176,12617.177062832227,10791.350617803024,129.13506178030238,0.0,12746.312124612528,16.12,0.74,0.0,0.0,5.0
1145,5,train_0427,12153.348575329343,10667.497496231445,116.74974962314445,0.0,12270.098324952487,15.64,0.66,0.0,0.0,5.0
1146,5,train_0465,12484.245589995468,10757.097029998127,125.70970299981273,0.0,12609.95529299528,16.6,0.7,0.0,0.0,5.0
1147,5,train_0177,12679.963187177193,10475.018799665453,97.50187996654532,0.0,12777.465067143738,14.44,0.68,0.0,0.0,5.0
1148,5,train_0188,12491.497511564878,10441.814024155008,94.18140241550083,0.0,12585.678913980379,13.7,0.76,0.0,0.0,5.0
1149,5,train_0118,12214.894525796646,10478.616362617002,97.8616362617002,0.0,12312.756162058346,14.6,0.7,0.0,0.0,5.0
1150,5,train_0047,12199.610353372329,10243.612151663174,74.36121516631738,0.0,12273.971568538647,14.76,0.76,0.0,0.0,5.0
1151,5,train_0132,12237.321579965646,10618.47506219977,111.847506219977,0.0,12349.169086185624,18.16,0.66,0.0,0.0,5.0
1152,5,train_0184,12276.46181546573,10589.04406916933,108.90440691693294,0.0,12385.366222382661,17.58,0.58,0.0,0.0,5.0
1153,5,train_0505,12450.02074693831,10399.499274563805,89.94992745638046,0.0,12539.97067439469,17.3,0.64,0.0,0.0,5.0
1154,5,train_0570,12341.728364330906,10111.906835051963,61.19068350519629,0.0,12402.919047836102,13.82,0.72,0.0,0.0,5.0
1155,5,train_0110,12548.825334965726,10428.41007915094,92.8410079150941,0.0,12641.66634288082,16.22,0.7,0.0,0.0,5.0
1156,5,train_0338,12710.781477447017,9968.338132839795,46.833813283979545,0.0,12757.615290730997,13.96,0.7,0.0,0.0,5.0
1157,5,train_0355,12649.677964182154,10431.951096151246,93.19510961512461,0.0,12742.873073797278,16.4,0.58,0.0,0.0,5.0
1158,5,train_0375,12271.453077081027,10600.87934566374,110.08793456637396,0.0,12381.541011647401,14.78,0.66,0.0,0.0,5.0
1159,5,train_0542,12200.780037957225,10409.110212819902,90.91102128199019,0.0,12291.691059239216,14.32,0.76,0.0,0.0,5.0
1160,5,train_0195,12642.270253788523,10891.55101577915,139.15510157791505,0.0,12781.425355366438,17.8,0.72,0.0,0.0,5.0
1161,5,train_0012,12877.028325272058,10870.222543576961,137.02225435769614,0.0,13014.050579629755,16.12,0.68,0.0,0.0,5.0
1162,5,train_0575,12706.806307354287,10757.529765437117,125.75297654371171,0.0,12832.559283898,16.12,0.64,0.0,0.0,5.0
1163,5,train_0210,12272.549120301788,10190.744164635113,69.07441646351127,0.0,12341.623536765299,15.16,0.72,0.0,0.0,5.0
1164,5,train_0536,12283.128069599517,10572.72322343108,107.27232234310796,0.0,12390.400391942625,16.68,0.66,0.0,0.0,5.0
1165,5,train_0043,12319.996950939376,10596.85742771535,109.68574277153493,0.0,12429.68269371091,16.86,0.8,0.0,0.0,5.0
1166,5,train_0375,12464.414147891855,10850.465924115131,135.04659241151313,0.0,12599.460740303368,15.96,0.72,0.0,0.0,5.0
1167,5,train_0270,12542.981038165148,10180.639298235721,68.06392982357211,0.0,12611.04496798872,15.94,0.76,0.0,0.0,5.0
1168,5,train_0093,12087.936418205454,10216.473280295142,71.64732802951421,0.0,12159.583746234968,17.3,0.56,0.0,0.0,5.0
1169,5,train_0224,12650.853532051347,10366.554420870847,86.65544208708471,0.0,12737.508974138433,14.3,0.72,0.0,0.0,5.0
1170,5,train_0107,12380.943533132508,10881.672187004788,138.16721870047877,0.0,12519.110751832986,14.94,0.64,0.0,0.0,5.0
1171,5,train_0324,12267.414923811586,10436.296205238112,93.62962052381118,0.0,12361.044544335396,14.12,0.64,0.0,0.0,5.0
1172,5,train_0077,11967.025569187328,10365.186676520858,86.5186676520858,0.0,12053.544236839414,15.7,0.7,0.0,0.0,5.0
1173,5,train_0590,12273.844172827428,10366.514334242158,86.6514334242158,0.0,12360.495606251645,18.96,0.78,0.0,0.0,5.0
1174,5,train_0105,12578.971614249454,10442.945487825054,94.29454878250544,0.0,12673.26616303196,15.28,0.64,0.0,0.0,5.0
1175,5,train_0377,12176.689262303931,10441.317625180101,94.13176251801015,0.0,12270.821024821942,18.16,0.64,0.0,0.0,5.0
1176,5,train_0466,12414.28043610524,10766.077363850163,126.60773638501632,0.0,12540.888172490257,15.38,0.62,0.0,0.0,5.0
1177,5,train_0511,12409.754423031543,10367.230108695318,86.72301086953176,0.0,12496.477433901075,16.5,0.72,0.0,0.0,5.0
1178,5,train_0059,12331.463927971217,10671.085237133888,117.10852371338879,0.0,12448.572451684606,15.52,0.7,0.0,0.0,5.0
1179,5,train_0566,12097.769638127938,10196.55998452508,69.655998452508,0.0,12167.425636580447,14.26,0.78,0.0,0.0,5.0
1180,5,train_0089,12625.400491419332,10573.086194428623,107.30861944286227,0.0,12732.709110862193,17.1,0.68,0.0,0.0,5.0
1181,5,train_0499,11861.488682593032,10479.358128983717,97.93581289837167,0.0,11959.424495491403,18.06,0.76,0.0,0.0,5.0
1182,5,train_0094,11776.387600752489,10163.751908489954,66.37519084899542,0.0,11842.762791601484,17.3,0.78,0.0,0.0,5.0
1183,5,train_0412,12093.43159103543,10401.975096282553,90.19750962825529,0.0,12183.629100663686,15.12,0.56,0.0,0.0,5.0
1184,5,train_0312,12225.068817955953,10433.807890696336,93.38078906963365,0.0,12318.449607025586,15.92,0.62,0.0,0.0,5.0
1185,5,train_0292,12171.660745778381,10686.890232067202,118.68902320672024,0.0,12290.349768985101,18.56,0.7,0.0,0.0,5.0
1186,5,train_0205,12356.43628061103,10721.703195559596,122.17031955595958,0.0,12478.60660016699,16.46,0.8,0.0,0.0,5.0
1187,5,train_0025,12652.603674725702,10572.308189934676,107.23081899346762,0.0,12759.83449371917,16.06,0.74,0.0,0.0,5.0
1188,5,train_0413,13017.106973342456,10550.507261484036,105.05072614840356,0.0,13122.15769949086,16.24,0.74,0.0,0.0,5.0
1189,5,train_0355,12115.376986483952,10681.280844334316,118.12808443343165,0.0,12233.505070917385,16.86,0.74,0.0,0.0,5.0
1190,5,train_0486,12684.520931295916,10418.266152986736,91.82661529867364,0.0,12776.34754659459,15.12,0.76,0.0,0.0,5.0
1191,5,train_0386,12603.253369782944,10308.534208956404,80.85342089564038,0.0,12684.106790678585,15.04,0.7,0.0,0.0,5.0
1192,5,train_0376,11985.383148785739,10668.00073479447,116.80007347944702,0.0,12102.183222265186,16.82,0.92,0.0,0.0,5.0
1193,5,train_0311,12320.686606040646,10393.175117255785,89.31751172557853,0.0,12410.004117766224,16.7,0.66,0.0,0.0,5.0
1194,5,train_0221,12063.771001759882,10679.371340062793,117.93713400627931,0.0,12181.708135766161,17.02,0.76,0.0,0.0,5.0
1195,5,train_0399,12210.149378181646,10595.401906037412,109.54019060374122,0.0,12319.689568785387,15.64,0.74,0.0,0.0,5.0
1196,5,train_0150,12410.469522799656,10248.751957294699,74.87519572946985,0.0,12485.344718529126,16.34,0.6,0.0,0.0,5.0
1197,5,train_0118,12367.02722607886,10396.441984030447,89.64419840304473,0.0,12456.671424481905,14.86,0.6,0.0,0.0,5.0
1198,5,train_0309,12389.360918661314,10760.705186628868,126.07051866288676,0.0,12515.431437324201,14.96,0.5,0.0,0.0,5.0
1199,5,train_0398,11998.02206041918,10469.620938239372,96.96209382393718,0.0,12094.984154243117,14.3,0.86,0.0,0.0,5.0
1200,5,train_0576,12135.764234345235,10333.407452665004,83.34074526650039,0.0,12219.104979611735,14.24,0.62,0.0,0.0,5.0
1201,5,train_0560,12346.681425844274,10517.441652627045,101.74416526270453,0.0,12448.425591106978,18.58,0.72,0.0,0.0,5.0
1202,5,train_0592,12188.757738978027,10628.29391993036,112.82939199303601,0.0,12301.587130971064,14.76,0.64,0.0,0.0,5.0
1203,5,train_0078,12109.51636777905,10551.798262203989,105.17982622039891,0.0,12214.696193999449,15.5,0.8,0.0,0.0,5.0
1204,5,train_0121,12228.642935789296,10291.312103195462,79.13121031954616,0.0,12307.774146108843,15.8,0.64,0.0,0.0,5.0
1205,5,train_0112,12701.637652984795,10198.700761612163,69.87007616121628,0.0,12771.507729146011,17.56,0.72,0.0,0.0,5.0
1206,5,train_0405,12845.491413018712,10300.416336441558,80.04163364415581,0.0,12925.533046662867,16.8,0.74,0.0,0.0,5.0
1207,5,train_0519,12795.288880747465,10568.523374824927,106.85233748249266,0.0,12902.141218229957,15.52,0.78,0.0,0.0,5.0
1208,5,train_0536,12495.981489623287,10451.930364799215,95.19303647992147,0.0,12591.174526103208,14.96,0.6,0.0,0.0,5.0
1209,5,train_0140,12279.26937462674,10292.266349531394,79.22663495313937,0.0,12358.49600957988,15.74,0.74,0.0,0.0,5.0
1210,5,train_0387,12302.406735548015,9945.18641935485,44.51864193548499,0.0,12346.9253774835,14.72,0.68,0.0,0.0,5.0
1211,5,train_0226,12050.570662376427,10241.194894151038,74.11948941510381,0.0,12124.69015179153,13.4,0.42,0.0,0.0,5.0
1212,5,train_0160,12540.839294187555,10330.998695494824,83.09986954948236,0.0,12623.939163737037,18.14,0.68,0.0,0.0,5.0
1213,5,train_0272,12701.008655978727,10383.714345399008,88.37143453990085,0.0,12789.380090518627,14.86,0.62,0.0,0.0,5.0
1214,5,train_0482,12072.155028864232,9999.95403471934,49.99540347193397,0.0,12122.150432336166,14.94,0.7,0.0,0.0,5.0
1215,5,train_0253,12125.460201755352,10004.649931732874,50.46499317328744,0.0,12175.925194928639,16.76,0.72,0.0,0.0,5.0
1216,6,train_0246,12218.658440988213,10381.463289613112,88.14632896131116,0.0,12306.804769949524,16.64,0.62,0.0,0.0,5.0
1217,6,train_0028,12669.578050016833,10312.193856691149,81.21938566911486,0.0,12750.797435685949,17.52,0.72,0.0,0.0,5.0
1218,6,train_0379,12913.845260040629,10734.886673000932,123.48866730009323,0.0,13037.333927340722,15.56,0.64,0.0,0.0,5.0
1219,6,train_0046,12167.579802110678,10451.21118126801,95.12111812680105,0.0,12262.70092023748,17.08,0.78,0.0,0.0,5.0
1220,6,train_0311,12421.547805894763,10516.97834969743,101.69783496974306,0.0,12523.245640864507,15.72,0.68,0.0,0.0,5.0
1221,6,train_0096,12357.798051957921,10585.363855181944,108.53638551819441,0.0,12466.334437476116,16.62,0.62,0.0,0.0,5.0
1222,6,train_0292,12298.892459619317,10634.025517513797,113.40255175137973,0.0,12412.295011370697,17.42,0.66,0.0,0.0,5.0
1223,6,train_0545,12227.264036314587,10333.425282109147,83.34252821091468,0.0,12310.606564525502,17.76,0.64,0.0,0.0,5.0
1224,6,train_0156,12177.214768377384,10477.092284727296,97.70922847272959,0.0,12274.923996850113,16.36,0.64,0.0,0.0,5.0
1225,6,train_0508,12670.091718953558,10411.142858888315,91.11428588883155,0.0,12761.206004842388,14.96,0.72,0.0,0.0,5.0
1226,6,train_0220,12422.796138582009,10243.204118256901,74.3204118256901,0.0,12497.1165504077,17.0,0.9,0.0,0.0,5.0
1227,6,train_0358,12569.376397185119,10596.150540240147,109.61505402401473,0.0,12678.991451209133,16.94,0.78,0.0,0.0,5.0
1228,6,train_0578,12622.886384145648,9955.558703001174,45.55587030011739,0.0,12668.442254445765,18.32,0.6,0.0,0.0,5.0
1229,6,train_0358,12533.907098515007,10489.707856244957,98.9707856244957,0.0,12632.877884139501,14.8,0.7,0.0,0.0,5.0
1230,6,train_0151,12357.429729624244,10726.657168195117,122.66571681951173,0.0,12480.095446443756,16.04,0.78,0.0,0.0,5.0
1231,6,train_0365,12637.253595958025,10786.339276854927,128.63392768549275,0.0,12765.887523643518,14.86,0.56,0.0,0.0,5.0
1232,6,train_0274,12219.103958246165,10959.873246566403,145.98732465664034,0.0,12365.091282902806,15.86,0.72,0.0,0.0,5.0
1233,6,train_0154,12520.777067030998,10795.571409854254,129.5571409854254,0.0,12650.334208016424,16.3,0.78,0.0,0.0,5.0
1234,6,train_0352,11997.32159124326,10134.492732013716,63.44927320137158,0.0,12060.770864444632,16.72,0.66,0.0,0.0,5.0
1235,6,train_0416,12112.447807941517,10498.770908802486,99.87709088024859,0.0,12212.324898821766,16.52,0.62,0.0,0.0,5.0
1236,6,train_0260,12060.374370973233,10253.833510210543,75.3833510210543,0.0,12135.757721994287,17.48,0.7,0.0,0.0,5.0
1237,6,train_0595,12019.905663190197,10132.600886060625,63.26008860606253,0.0,12083.16575179626,16.98,0.82,0.0,0.0,5.0
1238,6,train_0261,12257.087990446727,10617.608477446036,111.76084774460361,0.0,12368.84883819133,16.52,0.72,0.0,0.0,5.0
1239,6,train_0033,12773.05466989824,10791.573836006923,129.15738360069227,0.0,12902.212053498932,16.12,0.72,0.0,0.0,5.0
1240,6,train_0164,12291.157760408256,10409.569083659611,90.95690836596114,0.0,12382.114668774217,13.78,0.66,0.0,0.0,5.0
1241,6,train_0396,12165.18408634628,10457.736101084638,95.7736101084638,0.0,12260.957696454745,13.86,0.68,0.0,0.0,5.0
1242,6,train_0395,11980.921173735338,10496.46663845068,99.646663845068,0.0,12080.567837580405,15.82,0.76,0.0,0.0,5.0
1243,6,train_0175,12083.749000047952,10421.74675117234,92.17467511723407,0.0,12175.923675165186,17.62,0.6,0.0,0.0,5.0
1244,6,train_0270,12138.466416416033,10842.138510067649,134.21385100676488,0.0,12272.680267422798,15.26,0.66,0.0,0.0,5.0
1245,6,train_0010,12683.11480771015,10507.12148476086,100.71214847608609,0.0,12783.826956186236,17.18,0.72,0.0,0.0,5.0
1246,6,train_0172,12179.009073050274,10590.547988497075,109.05479884970755,0.0,12288.063871899982,16.56,0.62,0.0,0.0,5.0
1247,6,train_0375,12779.487972935922,10615.710087432966,111.57100874329663,0.0,12891.058981679218,14.86,0.66,0.0,0.0,5.0
1248,6,train_0404,12904.611008989366,11029.735462602035,152.9735462602035,0.0,13057.58455524957,17.54,0.74,0.0,0.0,5.0
1249,6,train_0242,12458.840225413598,10558.766195843318,105.87661958433182,0.0,12564.716844997929,16.06,0.62,0.0,0.0,5.0
1250,6,train_0562,12506.962311907879,10095.06642945262,59.50664294526196,0.0,12566.46895485314,14.92,0.7,0.0,0.0,5.0
1251,6,train_0176,12804.087924494985,10756.56004048004,125.65600404800408,0.0,12929.743928542988,15.14,0.78,0.0,0.0,5.0
1252,6,train_0023,11814.623853044031,10343.933230901413,84.39332309014135,0.0,11899.017176134173,14.04,0.6,0.0,0.0,5.0
1253,6,train_0157,12289.626450194382,10394.849638861027,89.48496388610275,0.0,12379.111414080486,16.06,0.68,0.0,0.0,5.0
1254,6,train_0436,12529.24116177085,10321.65598030524,82.16559803052405,0.0,12611.406759801373,16.98,0.7,0.0,0.0,5.0
1255,6,train_0217,12530.098521550428,10641.803511861432,114.18035118614317,0.0,12644.278872736571,17.2,0.8,0.0,0.0,5.0
1256,6,train_0343,12858.040421340951,10880.633736649059,138.0633736649059,0.0,12996.103795005856,15.94,0.58,0.0,0.0,5.0
1257,6,train_0436,12583.696325366818,10562.266600859039,106.22666008590386,0.0,12689.922985452722,17.5,0.72,0.0,0.0,5.0
1258,6,train_0571,12116.0124320735,10693.904148630656,119.3904148630656,0.0,12235.402846936566,16.58,0.72,0.0,0.0,5.0
1259,6,train_0224,12344.32886064703,10521.897889002692,102.1897889002692,0.0,12446.518649547299,14.12,0.76,0.0,0.0,5.0
1260,6,train_0081,12313.493377268864,10498.913414140334,99.89134141403338,0.0,12413.384718682897,15.8,0.66,0.0,0.0,5.0
1261,6,train_0205,12363.480687856849,10793.636472684724,129.36364726847242,0.0,12492.84433512532,15.8,0.7,0.0,0.0,5.0
1262,6,train_0227,12512.572247156342,10854.951113894105,135.49511138941054,0.0,12648.067358545753,16.56,0.72,0.0,0.0,5.0
1263,6,train_0547,12689.42709037158,10685.133793285419,118.51337932854186,0.0,12807.940469700123,15.9,0.78,0.0,0.0,5.0
1264,6,train_0442,12576.985857806267,10436.190581477778,93.61905814777784,0.0,12670.604915954045,14.52,0.86,0.0,0.0,5.0
1265,6,train_0351,12585.803714288308,10698.874205531174,119.88742055311741,0.0,12705.691134841425,17.52,0.7,0.0,0.0,5.0
1266,6,train_0375,12471.887334846295,10482.569483461733,98.25694834617335,0.0,12570.144283192469,15.8,0.78,0.0,0.0,5.0
1267,6,train_0461,12269.127623880737,10705.321716244438,120.5321716244438,0.0,12389.65979550518,13.56,0.66,0.0,0.0,5.0
1268,6,train_0391,12296.446749578696,10456.591561756868,95.6591561756868,0.0,12392.105905754383,14.76,0.6,0.0,0.0,5.0
1269,6,train_0580,12665.352311455857,10676.943131550232,117.69431315502317,0.0,12783.04662461088,16.46,0.52,0.0,0.0,5.0
1270,6,train_0530,12906.543492756224,10725.610802909727,122.56108029097268,0.0,13029.104573047196,16.08,0.68,0.0,0.0,5.0
1271,6,train_0490,12277.760587004088,10333.361925296158,83.3361925296158,0.0,12361.096779533704,15.3,0.66,0.0,0.0,5.0
1272,6,train_0436,12814.465689254353,10586.933312410742,108.69333124107416,0.0,12923.159020495428,16.32,0.74,0.0,0.0,5.0
1273,6,train_0330,11959.595988927407,10153.88035275369,65.38803527536894,0.0,12024.984024202777,14.4,0.68,0.0,0.0,5.0
1274,6,train_0044,12784.271278185137,10667.9766278006,116.7976627800601,0.0,12901.068940965197,17.5,0.8,0.0,0.0,5.0
1275,6,train_0446,12247.525357156675,10493.329537281226,99.33295372812263,0.0,12346.858310884798,16.4,0.68,0.0,0.0,5.0
1276,6,train_0365,12790.171009001991,10625.82485761178,112.58248576117803,0.0,12902.75349476317,14.9,0.8,0.0,0.0,5.0
1277,6,train_0543,12510.505212792099,10618.44669464198,111.84466946419798,0.0,12622.349882256298,14.44,0.66,0.0,0.0,5.0
1278,6,train_0324,12545.20000053996,10597.15486940516,109.71548694051599,0.0,12654.915487480477,14.94,0.76,0.0,0.0,5.0
1279,6,train_0398,12075.456251728596,10090.102858167284,59.010285816728356,0.0,12134.466537545324,14.68,0.72,0.0,0.0,5.0
1280,6,train_0145,12226.314845384948,10537.47446879969,103.747446879969,0.0,12330.062292264916,15.22,0.8,0.0,0.0,5.0
1281,6,train_0488,12453.820041718805,10272.42544625815,77.24254462581503,0.0,12531.06258634462,13.96,0.76,0.0,0.0,5.0
1282,6,train_0274,12858.80558726222,10290.671224891223,79.06712248912227,0.0,12937.872709751344,16.74,0.7,0.0,0.0,5.0
1283,6,train_0319,12307.088048484271,10652.875726323295,115.28757263232947,0.0,12422.3756211166,15.34,0.66,0.0,0.0,5.0
1284,6,train_0475,12132.266930613603,10174.47697116084,67.44769711608406,0.0,12199.714627729687,16.5,0.68,0.0,0.0,5.0
1285,6,train_0436,12745.581513511132,10679.14347680912,117.91434768091204,0.0,12863.495861192043,14.04,0.54,0.0,0.0,5.0
1286,6,train_0203,12413.041261833288,10558.781428822276,105.87814288222762,0.0,12518.919404715516,12.76,0.78,0.0,0.0,5.0
1287,6,train_0140,12138.309221624788,10490.177324157972,99.01773241579723,0.0,12237.326954040585,15.42,0.58,0.0,0.0,5.0
1288,6,train_0408,11899.334990143403,10344.28008002793,84.42800800279292,0.0,11983.762998146196,14.22,0.74,0.0,0.0,5.0
1289,6,train_0591,12401.77388411569,10794.7302210491,129.47302210490997,0.0,12531.2469062206,18.44,0.72,0.0,0.0,5.0
1290,6,train_0305,12212.64816665939,10549.747962250776,104.97479622507763,0.0,12317.622962884467,16.8,0.66,0.0,0.0,5.0
1291,6,train_0263,11781.128801528748,10247.365241499905,74.73652414999052,0.0,11855.865325678738,15.72,0.7,0.0,0.0,5.0
1292,6,train_0541,12739.360461550032,10341.8101869106,84.18101869105995,0.0,12823.541480241092,18.16,0.72,0.0,0.0,5.0
1293,6,train_0247,12598.545279922935,10552.125596437749,105.21255964377488,0.0,12703.75783956671,16.86,0.74,0.0,0.0,5.0
1294,6,train_0505,12716.965207168376,10554.568470180666,105.45684701806658,0.0,12822.422054186442,17.62,0.76,0.0,0.0,5.0
1295,6,train_0180,12550.507083300923,10632.451822100924,113.2451822100924,0.0,12663.752265511015,16.88,0.8,0.0,0.0,5.0
1296,6,train_0521,12257.6273985514,10705.340908078368,120.53409080783678,0.0,12378.161489359236,16.26,0.76,0.0,0.0,5.0
1297,6,train_0228,12274.889858689476,10391.41798758394,89.141798758394,0.0,12364.03165744787,13.44,0.78,0.0,0.0,5.0
1298,6,train_0136,12408.044566600085,10391.101473350325,89.11014733503254,0.0,12497.154713935117,18.16,0.66,0.0,0.0,5.0
1299,6,train_0437,11344.69822543197,9823.68440212959,32.36844021295892,0.0,11377.066665644928,16.64,0.62,0.0,0.0,5.0
1300,6,train_0474,12580.269931645847,10445.191098702942,94.51910987029424,0.0,12674.789041516142,15.8,0.82,0.0,0.0,5.0
1301,6,train_0554,12153.549985840014,10711.21816648028,121.12181664802793,0.0,12274.671802488043,13.74,0.78,0.0,0.0,5.0
1302,6,train_0510,12756.701589609896,10691.74663045728,119.1746630457281,0.0,12875.876252655624,15.4,0.66,0.0,0.0,5.0
1303,6,train_0552,12172.855605476178,10446.138917363121,94.61389173631215,0.0,12267.469497212489,15.0,0.7,0.0,0.0,5.0
1304,6,train_0191,12543.702632533485,10547.573456402959,104.75734564029591,0.0,12648.45997817378,16.64,0.64,0.0,0.0,5.0
1305,6,train_0238,12346.8567252744,10391.522089052814,89.15220890528144,0.0,12436.008934179681,15.18,0.68,0.0,0.0,5.0
1306,6,train_0325,12557.606358240566,10273.894757957081,77.38947579570814,0.0,12634.995834036274,14.5,0.8,0.0,0.0,5.0
1307,6,train_0147,12629.614219874915,10653.43422357412,115.34342235741207,0.0,12744.957642232326,16.38,0.64,0.0,0.0,5.0
1308,6,train_0453,12349.523365824576,10404.45180828049,90.44518082804899,0.0,12439.968546652624,17.72,0.62,0.0,0.0,5.0
1309,6,train_0455,12581.194471042401,10749.182589457694,124.91825894576942,0.0,12706.11272998817,16.98,0.7,0.0,0.0,5.0
1310,6,train_0330,11876.427774757356,10215.028572479798,71.50285724797978,0.0,11947.930632005337,15.7,0.7,0.0,0.0,5.0
1311,6,train_0573,12064.915110379708,9956.783474541515,45.678347454151485,0.0,12110.59345783386,15.76,0.72,0.0,0.0,5.0
1312,6,train_0102,12206.660844446767,10578.821405358321,107.88214053583215,0.0,12314.5429849826,13.78,0.74,0.0,0.0,5.0
1313,6,train_0522,12626.787294731796,10650.819052604318,115.08190526043182,0.0,12741.869199992227,17.1,0.7,0.0,0.0,5.0
1314,6,train_0062,12112.065133654145,10219.039804555381,71.90398045553812,0.0,12183.969114109683,15.66,0.76,0.0,0.0,5.0
1315,6,train_0439,12188.585076667347,10642.349109176572,114.23491091765719,0.0,12302.819987585004,13.44,0.78,0.0,0.0,5.0
1316,6,train_0158,12148.584284842724,10930.562374731639,143.05623747316386,0.0,12291.640522315887,17.18,0.62,0.0,0.0,5.0
1317,6,train_0034,12085.798324958685,10627.880210296637,112.78802102966365,0.0,12198.58634598835,14.02,0.78,0.0,0.0,5.0
1318,6,train_0280,12290.740824568948,10845.150996450786,134.5150996450786,0.0,12425.255924214027,15.5,0.62,0.0,0.0,5.0
1319,6,train_0291,12861.522242713694,10360.774207010574,86.07742070105742,0.0,12947.599663414752,16.4,0.64,0.0,0.0,5.0
1320,6,train_0178,12024.881915018856,10660.45513444183,116.04551344418306,0.0,12140.92742846304,14.7,0.68,0.0,0.0,5.0
1321,6,train_0495,12394.078829645203,10492.68697762799,99.26869776279892,0.0,12493.347527408001,16.98,0.74,0.0,0.0,5.0
1322,6,train_0308,12146.24410653253,10390.630972553543,89.06309725535431,0.0,12235.307203787883,16.14,0.62,0.0,0.0,5.0
1323,6,train_0132,12412.538359078124,10397.910854463813,89.7910854463813,0.0,12502.329444524505,17.02,0.74,0.0,0.0,5.0
1324,6,train_0598,12370.224420074574,10178.459789227558,67.84597892275579,0.0,12438.07039899733,15.58,0.62,0.0,0.0,5.0
1325,6,train_0218,12599.250764412805,10470.317444767345,97.03174447673446,0.0,12696.28250888954,16.22,0.74,0.0,0.0,5.0
1326,6,train_0522,12630.587522297936,10567.177857938892,106.7177857938892,0.0,12737.305308091825,17.76,0.74,0.0,0.0,5.0
1327,6,train_0072,12756.114423075309,10380.811150454578,88.08111504545778,0.0,12844.195538120766,15.84,0.64,0.0,0.0,5.0
1328,6,train_0255,12227.009899788529,10202.916167319745,70.2916167319745,0.0,12297.301516520503,15.7,0.66,0.0,0.0,5.0
1329,6,train_0447,12421.744841196503,10542.303908253867,104.23039082538672,0.0,12525.97523202189,16.52,0.7,0.0,0.0,5.0
1330,6,train_0583,12284.35092954924,10502.754035484386,100.27540354843859,0.0,12384.62633309768,15.8,0.66,0.0,0.0,5.0
1331,6,train_0157,12127.648902848248,10650.600320624164,115.0600320624164,0.0,12242.708934910665,16.0,0.7,0.0,0.0,5.0
1332,6,train_0085,12371.107034408102,10421.34144855243,92.134144855243,0.0,12463.241179263345,14.62,0.72,0.0,0.0,5.0
1333,6,train_0101,12612.184785621692,10206.515315783377,70.65153157833775,0.0,12682.83631720003,17.94,0.72,0.0,0.0,5.0
1334,6,train_0333,12422.022633669492,10920.802743588458,142.0802743588458,0.0,12564.102908028339,14.74,0.68,0.0,0.0,5.0
1335,6,train_0473,12431.945733869305,10249.986298006474,74.99862980064736,0.0,12506.944363669953,17.22,0.74,0.0,0.0,5.0
1336,6,train_0023,12207.455628312091,10087.49227892896,58.749227892895945,0.0,12266.204856204988,15.32,0.74,0.0,0.0,5.0
1337,6,train_0070,11785.563872392042,10054.011080654138,55.401108065413794,0.0,11840.964980457456,15.8,0.92,0.0,0.0,5.0
1338,6,train_0521,12333.89919317254,10611.189469262494,111.11894692624938,0.0,12445.01814009879,18.08,0.7,0.0,0.0,5.0
1339,6,train_0110,12613.915588258387,10422.314735130773,92.23147351307726,0.0,12706.147061771464,16.9,0.7,0.0,0.0,5.0
1340,6,train_0489,12166.895735455284,10137.18711295852,63.718711295851975,0.0,12230.614446751137,17.54,0.76,0.0,0.0,5.0
1341,6,train_0089,12473.792183193154,10988.802725542653,148.88027255426533,0.0,12622.672455747419,16.16,0.66,0.0,0.0,5.0
1342,6,train_0193,12507.776847422927,10641.850171349775,114.18501713497754,0.0,12621.961864557905,13.84,0.8,0.0,0.0,5.0
1343,6,train_0040,12593.403926159059,10740.381378698632,124.0381378698632,0.0,12717.442064028923,17.44,0.86,0.0,0.0,5.0
1344,6,train_0481,12122.016948952496,10312.029492062666,81.20294920626657,0.0,12203.219898158763,16.36,0.56,0.0,0.0,5.0
1345,6,train_0575,12896.697723691243,10516.300214865067,101.63002148650668,0.0,12998.327745177749,17.3,0.7,0.0,0.0,5.0
1346,6,train_0050,12268.02495199046,10441.843545086085,94.18435450860852,0.0,12362.209306499068,15.88,0.76,0.0,0.0,5.0
1347,6,train_0221,12302.2275104523,10542.397963514024,104.2397963514024,0.0,12406.467306803703,16.14,0.56,0.0,0.0,5.0
1348,6,train_0472,12582.172660496206,10735.81562458775,123.58156245877508,0.0,12705.754222954982,16.74,0.62,0.0,0.0,5.0
1349,6,train_0137,12041.075797471107,10513.74075115626,101.37407511562597,0.0,12142.449872586732,17.64,0.66,0.0,0.0,5.0
1350,6,train_0572,12524.17968652957,10325.195436068547,82.51954360685468,0.0,12606.699230136424,14.1,0.68,0.0,0.0,5.0
1351,6,train_0562,12246.896816919032,10791.578683295786,129.15786832957858,0.0,12376.054685248611,15.22,0.7,0.0,0.0,5.0
1352,6,train_0050,12252.454707854424,10420.535765982586,92.05357659825859,0.0,12344.508284452682,15.2,0.64,0.0,0.0,5.0
1353,6,train_0123,12270.265567244254,10690.622920562602,119.06229205626023,0.0,12389.327859300514,14.82,0.62,0.0,0.0,5.0
1354,6,train_0269,11721.074633744152,9973.65595025414,47.365595025414045,0.0,11768.440228769567,15.32,0.72,0.0,0.0,5.0
1355,6,train_0247,12539.276184121245,10702.928280854303,120.2928280854303,0.0,12659.569012206675,16.0,0.66,0.0,0.0,5.0
1356,6,train_0474,12629.87793754198,10400.8830046522,90.08830046521999,0.0,12719.9662380072,15.88,0.7,0.0,0.0,5.0
1357,6,train_0044,12540.319782171511,10857.21925470938,135.721925470938,0.0,12676.04170764245,17.56,0.62,0.0,0.0,5.0
1358,6,train_0526,12230.005732910002,10681.736021808054,118.1736021808054,0.0,12348.179335090806,16.52,0.6,0.0,0.0,5.0
1359,6,train_0408,12132.253553768365,10470.790188428478,97.07901884284784,0.0,12229.332572611213,14.46,0.74,0.0,0.0,5.0
1360,6,train_0451,12670.639886433317,10602.342638389939,110.23426383899387,0.0,12780.874150272311,15.84,0.72,0.0,0.0,5.0
1361,6,train_0160,12311.423312780316,10441.96210367366,94.19621036736608,0.0,12405.619523147683,17.58,0.8,0.0,0.0,5.0
1362,6,train_0262,12682.848234937146,10389.432200475501,88.94322004755014,0.0,12771.791454984696,15.78,0.58,0.0,0.0,5.0
1363,6,train_0236,12456.337032031239,10066.03473768727,56.603473768727056,0.0,12512.940505799967,18.74,0.6,0.0,0.0,5.0
1364,6,train_0422,12288.420489377866,10648.420745572872,114.8420745572872,0.0,12403.262563935154,15.84,0.68,0.0,0.0,5.0
1365,6,train_0560,12535.597083989574,10392.499104435852,89.24991044358522,0.0,12624.84699443316,17.2,0.64,0.0,0.0,5.0
1366,6,train_0108,12552.261054588158,10335.301768811987,83.53017688119871,0.0,12635.791231469357,17.7,0.68,0.0,0.0,5.0
1367,6,train_0447,12133.94921364652,10700.26203906472,120.02620390647208,0.0,12253.975417552992,15.96,0.7,0.0,0.0,5.0
1368,6,train_0582,12692.185051830857,10533.966426982579,103.39664269825789,0.0,12795.581694529115,15.72,0.7,0.0,0.0,5.0
1369,6,train_0523,12265.495443805125,10153.382599852845,65.33825998528447,0.0,12330.83370379041,15.44,0.84,0.0,0.0,5.0
1370,6,train_0229,12863.400876577993,10616.912232971988,111.69122329719886,0.0,12975.092099875192,14.84,0.7,0.0,0.0,5.0
1371,6,train_0069,12278.444894923596,10540.218951689938,104.02189516899381,0.0,12382.466790092589,16.96,0.66,0.0,0.0,5.0
1372,6,train_0225,12304.299502609407,10464.619320317252,96.46193203172515,0.0,12400.761434641132,17.24,0.68,0.0,0.0,5.0
1373,6,train_0073,11903.157169229624,10545.32686135545,104.53268613554502,0.0,12007.689855365168,14.96,0.66,0.0,0.0,5.0
1374,6,train_0567,13205.436109428962,11068.527978495398,156.85279784953983,0.0,13362.288907278502,16.38,0.62,0.0,0.0,5.0
1375,6,train_0003,11985.256263535164,10345.969338475785,84.59693384757848,0.0,12069.853197382743,16.54,0.56,0.0,0.0,5.0
1376,6,train_0275,12640.079183475918,10122.903924019207,62.29039240192069,0.0,12702.36957587784,15.34,0.78,0.0,0.0,5.0
1377,6,train_0548,12622.307775757114,10632.226893822573,113.22268938225734,0.0,12735.53046513937,16.4,0.6,0.0,0.0,5.0
1378,6,train_0540,12474.785097458549,11035.555136190356,153.55551361903562,0.0,12628.340611077585,16.94,0.74,0.0,0.0,5.0
1379,6,train_0332,12153.09055156084,10318.063783712638,81.80637837126379,0.0,12234.896929932103,17.1,0.66,0.0,0.0,5.0
1380,6,train_0223,11967.208755580297,10407.54965530378,90.75496553037793,0.0,12057.963721110675,14.22,0.82,0.0,0.0,5.0
1381,6,train_0071,12557.682036829825,10453.197235571328,95.31972355713279,0.0,12653.001760386958,14.44,0.64,0.0,0.0,5.0
1382,6,train_0084,12253.122081127061,10408.666844245598,90.86668442455976,0.0,12343.988765551621,18.22,0.66,0.0,0.0,5.0
1383,6,train_0516,12583.600487645419,10537.581650920605,103.75816509206052,0.0,12687.35865273748,14.36,0.74,0.0,0.0,5.0
1384,6,train_0191,12225.601117578157,10900.690724208687,140.06907242086874,0.0,12365.670189999026,16.96,0.8,0.0,0.0,5.0
1385,6,train_0567,12859.24596187129,11259.457550378505,175.94575503785055,0.0,13035.19171690914,16.26,0.62,0.0,0.0,5.0
1386,6,train_0338,12259.275717887303,10650.4257803927,115.04257803926994,0.0,12374.318295926574,15.3,0.82,0.0,0.0,5.0
1387,6,train_0235,12112.105696931001,10713.271148615087,121.32711486150875,0.0,12233.43281179251,16.84,0.68,0.0,0.0,5.0
1388,6,train_0435,12083.645964341566,10235.748118321182,73.57481183211821,0.0,12157.220776173684,15.48,0.6,0.0,0.0,5.0
1389,6,train_0388,12145.01889187333,10764.961828745716,126.49618287457162,0.0,12271.5150747479,14.12,0.64,0.0,0.0,5.0
1390,6,train_0309,12442.04370213755,10590.161186261841,109.01611862618411,0.0,12551.059820763734,14.64,0.86,0.0,0.0,5.0
1391,6,train_0099,12096.29774465206,10163.872320847444,66.3872320847444,0.0,12162.684976736804,17.46,0.7,0.0,0.0,5.0
1392,6,train_0054,12431.262420326217,10275.06944266061,77.50694426606097,0.0,12508.769364592277,16.5,0.7,0.0,0.0,5.0
1393,6,train_0202,12210.128378740701,10809.15324558983,130.91532455898306,0.0,12341.043703299683,16.46,0.7,0.0,0.0,5.0
1394,6,train_0274,12646.072311291528,10462.173286523028,96.2173286523028,0.0,12742.28963994383,16.5,0.64,0.0,0.0,5.0
1395,6,train_0311,12616.641787775592,10435.906386829654,93.59063868296545,0.0,12710.232426458557,15.12,0.52,0.0,0.0,5.0
1396,6,train_0245,12163.239920601942,10075.871733331234,57.58717333312343,0.0,12220.827093935066,15.26,0.76,0.0,0.0,5.0
1397,6,train_0319,12505.285605064553,10515.101737277717,101.5101737277717,0.0,12606.795778792324,16.54,0.58,0.0,0.0,5.0
1398,6,train_0248,12518.730758494046,10416.517774119347,91.65177741193475,0.0,12610.382535905981,15.72,0.68,0.0,0.0,5.0
1399,6,train_0169,11904.739588427148,10014.726661077535,51.472666107753504,0.0,11956.212254534901,16.06,0.72,0.0,0.0,5.0
1400,6,train_0172,12089.175127452509,10532.121291985804,103.21212919858044,0.0,12192.387256651089,17.66,0.68,0.0,0.0,5.0
1401,6,train_0479,12735.632383258275,10633.448095268324,113.34480952683244,0.0,12848.977192785107,16.5,0.68,0.0,0.0,5.0
1402,6,train_0124,12533.095817349527,11072.379597394465,157.23795973944652,0.0,12690.333777088974,15.5,0.74,0.0,0.0,5.0
1403,6,train_0144,12576.484447925603,11089.738305682604,158.97383056826038,0.0,12735.458278493863,14.64,0.62,0.0,0.0,5.0
1404,6,train_0188,12271.607664840743,10558.008872135408,105.80088721354078,0.0,12377.408552054285,15.32,0.7,0.0,0.0,5.0
1405,6,train_0222,12453.402655576907,10426.502646614652,92.6502646614652,0.0,12546.052920238371,18.24,0.7,0.0,0.0,5.0
1406,6,train_0224,12581.571913061165,10142.892936944478,64.28929369444778,0.0,12645.861206755613,13.82,0.74,0.0,0.0,5.0
1407,6,train_0062,12019.581798456471,10215.8987218677,71.58987218676994,0.0,12091.171670643242,15.52,0.74,0.0,0.0,5.0
1408,6,train_0163,12598.754953805052,10541.747266611037,104.1747266611037,0.0,12702.929680466155,15.4,0.66,0.0,0.0,5.0
1409,6,train_0522,12714.603314242822,10526.624599280076,102.66245992800759,0.0,12817.26577417083,16.34,0.7,0.0,0.0,5.0
1410,6,train_0484,12290.899332208799,10614.49222011138,111.44922201113805,0.0,12402.348554219938,13.82,0.66,0.0,0.0,5.0
1411,6,train_0529,12494.712607465937,10455.244493697115,95.52444936971152,0.0,12590.23705683565,17.02,0.7,0.0,0.0,5.0
1412,6,train_0409,12969.344648493392,10542.192746145529,104.21927461455289,0.0,13073.563923107944,16.88,0.76,0.0,0.0,5.0
1413,6,train_0301,12520.099667880255,10702.939775154617,120.29397751546168,0.0,12640.393645395716,15.64,0.62,0.0,0.0,5.0
1414,6,train_0495,12443.150662378905,10283.687823668428,78.3687823668428,0.0,12521.519444745747,16.78,0.66,0.0,0.0,5.0
1415,6,train_0465,12420.679275304828,10939.894240335896,143.98942403358961,0.0,12564.668699338417,16.86,0.86,0.0,0.0,5.0
1416,6,train_0489,12041.826953949057,10102.169276277706,60.216927627770566,0.0,12102.043881576828,16.98,0.74,0.0,0.0,5.0
1417,6,train_0397,12332.746704575115,10257.194557010005,75.71945570100051,0.0,12408.466160276115,15.36,0.74,0.0,0.0,5.0
1418,6,train_0571,12217.6386278405,10557.331647841162,105.73316478411617,0.0,12323.371792624617,15.9,0.68,0.0,0.0,5.0
1419,6,train_0097,12284.693704773337,10258.968893588275,75.89688935882751,0.0,12360.590594132165,17.74,0.56,0.0,0.0,5.0
1420,6,train_0585,12481.443032687466,10319.409567626753,81.94095676267534,0.0,12563.383989450142,14.04,0.72,0.0,0.0,5.0
1421,6,train_0042,12350.975799059619,10329.468667887762,82.94686678877625,0.0,12433.922665848395,15.52,0.66,0.0,0.0,5.0
1422,6,train_0166,12529.70840076284,9724.145658502031,22.414565850203147,0.0,12552.122966613044,15.18,0.66,0.0,0.0,5.0
1423,6,train_0579,12292.922574648857,10576.759979271188,107.67599792711881,0.0,12400.598572575977,16.26,0.74,0.0,0.0,5.0
1424,7,train_0596,12263.637742622215,10360.685380287745,86.0685380287745,0.0,12349.70628065099,16.32,0.66,0.0,0.0,5.0
1425,7,train_0544,12694.603514011287,10849.401853703239,134.9401853703239,0.0,12829.543699381611,16.14,0.68,0.0,0.0,5.0
1426,7,train_0127,12270.634811571403,10765.111464020123,126.51114640201232,0.0,12397.145957973415,14.12,0.78,0.0,0.0,5.0
1427,7,train_0510,12583.840692450258,10843.074800931083,134.3074800931083,0.0,12718.148172543366,14.8,0.74,0.0,0.0,5.0
1428,7,train_0171,12734.315447485053,10854.80695762613,135.48069576261295,0.0,12869.796143247666,17.08,0.68,0.0,0.0,5.0
1429,7,train_0227,12729.309904216561,10674.18106376374,117.4181063763741,0.0,12846.728010592935,16.18,0.64,0.0,0.0,5.0
1430,7,train_0594,12084.269258553355,10149.05421052923,64.90542105292297,0.0,12149.174679606278,17.38,0.8,0.0,0.0,5.0
1431,7,train_0327,12624.065946892964,10825.947766251917,132.59477662519166,0.0,12756.660723518156,15.98,0.6,0.0,0.0,5.0
1432,7,train_0034,12095.267215587366,10417.495465723538,91.74954657235376,0.0,12187.01676215972,15.38,0.8,0.0,0.0,5.0
1433,7,train_0306,12410.45376250572,10679.476055150493,117.94760551504933,0.0,12528.40136802077,13.98,0.68,0.0,0.0,5.0
1434,7,train_0189,12192.214211829054,10594.074062718764,109.40740627187643,0.0,12301.62161810093,15.12,0.66,0.0,0.0,5.0
1435,7,train_0004,12447.617405772002,10917.662908981696,141.76629089816961,0.0,12589.383696670171,17.14,0.66,0.0,0.0,5.0
1436,7,train_0031,11903.769060983082,10400.820316802245,90.08203168022447,0.0,11993.851092663306,17.1,0.68,0.0,0.0,5.0
1437,7,train_0094,12140.624164057677,9991.184356578317,49.118435657831654,0.0,12189.74259971551,16.64,0.68,0.0,0.0,5.0
1438,7,train_0170,12258.199008921285,9981.32770520742,48.13277052074209,0.0,12306.331779442027,18.44,0.78,0.0,0.0,5.0
1439,7,train_0542,12267.998348547902,10331.785910009703,83.1785910009703,0.0,12351.176939548874,14.58,0.74,0.0,0.0,5.0
1440,7,train_0199,12852.594898971896,10288.690316522,78.86903165219992,0.0,12931.463930624097,15.04,0.74,0.0,0.0,5.0
1441,7,train_0536,12243.367044561353,10599.128657301142,109.91286573011422,0.0,12353.279910291467,15.1,0.7,0.0,0.0,5.0
1442,7,train_0301,12854.401655744434,10849.459573818516,134.94595738185163,0.0,12989.347613126285,15.04,0.6,0.0,0.0,5.0
1443,7,train_0464,12491.365814612931,10167.120234289356,66.71202342893558,0.0,12558.077838041867,15.62,0.74,0.0,0.0,5.0
1444,7,train_0179,12172.539713181286,10216.252404561888,71.62524045618885,0.0,12244.164953637475,14.44,0.74,0.0,0.0,5.0
1445,7,train_0116,12324.053050109036,10171.034329092949,67.10343290929487,0.0,12391.15648301833,16.84,0.68,0.0,0.0,5.0
1446,7,train_0555,12087.816961446291,10432.019600929056,93.20196009290558,0.0,12181.018921539197,17.06,0.72,0.0,0.0,5.0
1447,7,train_0292,12323.920630025115,10679.625213717205,117.96252137172051,0.0,12441.883151396836,17.6,0.72,0.0,0.0,5.0
1448,7,train_0060,12409.779563645772,10794.722839044185,129.4722839044185,0.0,12539.251847550191,16.54,0.58,0.0,0.0,5.0
1449,7,train_0327,12346.77679533988,10663.951285038249,116.39512850382489,0.0,12463.171923843705,17.42,0.84,0.0,0.0,5.0
1450,7,train_0257,12265.66990383999,11045.540959342823,154.55409593428232,0.0,12420.22399977427,15.72,0.6,0.0,0.0,5.0
1451,7,train_0525,11808.895633348384,10461.915551365219,96.19155513652186,0.0,11905.087188484906,17.04,0.68,0.0,0.0,5.0
1452,7,train_0123,12326.732424619331,10534.532146645088,103.45321466450878,0.0,12430.18563928384,15.46,0.72,0.0,0.0,5.0
1453,7,train_0518,12644.66213257675,10367.31553846052,86.73155384605198,0.0,12731.393686422802,16.44,0.72,0.0,0.0,5.0
1454,7,train_0444,12353.590631226558,10987.089140547443,148.70891405474433,0.0,12502.299545281303,15.28,0.76,0.0,0.0,5.0
1455,7,train_0363,12622.586402497005,10436.931026985789,93.69310269857888,0.0,12716.279505195584,15.54,0.7,0.0,0.0,5.0
1456,7,train_0480,12186.599385394973,11018.721111129002,151.87211111290017,0.0,12338.471496507873,15.9,0.74,0.0,0.0,5.0
1457,7,train_0502,12684.987684341802,10516.400562494258,101.64005624942584,0.0,12786.627740591228,14.5,0.7,0.0,0.0,5.0
1458,7,train_0390,12514.001913642267,10442.028080137345,94.20280801373447,0.0,12608.204721656002,17.22,0.6,0.0,0.0,5.0
1459,7,train_0327,12276.898352994536,10820.122781184284,132.01227811842838,0.0,12408.910631112965,15.22,0.6,0.0,0.0,5.0
1460,7,train_0127,12445.712360111846,10670.73487375724,117.07348737572393,0.0,12562.78584748757,13.66,0.68,0.0,0.0,5.0
1461,7,train_0310,11990.429958076702,10054.709355943469,55.470935594346884,0.0,12045.900893671049,14.76,0.56,0.0,0.0,5.0
1462,7,train_0017,12327.891025137855,10471.109729013397,97.11097290133966,0.0,12425.001998039195,15.6,0.66,0.0,0.0,5.0
1463,7,train_0179,11970.017645021266,10417.284487313267,91.72844873132672,0.0,12061.746093752592,15.96,0.74,0.0,0.0,5.0
1464,7,train_0343,12831.599280655533,11127.025769976059,162.7025769976059,0.0,12994.30185765314,17.02,0.74,0.0,0.0,5.0
1465,7,train_0456,12258.555488634072,10319.95799940047,81.99579994004708,0.0,12340.55128857412,15.34,0.6,0.0,0.0,5.0
1466,7,train_0258,12646.782695901644,10653.305340282217,115.3305340282217,0.0,12762.113229929866,14.38,0.82,0.0,0.0,5.0
1467,7,train_0359,12422.462762597632,10419.344260664066,91.93442606640656,0.0,12514.39718866404,16.0,0.66,0.0,0.0,5.0
1468,7,train_0193,12581.257096344727,10343.132175395704,84.31321753957036,0.0,12665.570313884298,14.18,0.74,0.0,0.0,5.0
1469,7,train_0153,12131.618235458594,10702.690196704581,120.26901967045815,0.0,12251.887255129053,18.34,0.62,0.0,0.0,5.0
1470,7,train_0004,12353.169079950714,10793.459982083623,129.3459982083623,0.0,12482.515078159076,18.62,0.74,0.0,0.0,5.0
1471,7,train_0170,12181.253976371634,10238.457546906713,73.84575469067131,0.0,12255.099731062306,18.5,0.84,0.0,0.0,5.0
1472,7,train_0011,12188.377823477014,10058.856752013031,55.885675201303094,0.0,12244.263498678318,16.38,0.74,0.0,0.0,5.0
1473,7,train_0362,11885.259100195337,10442.790126848562,94.27901268485621,0.0,11979.538112880193,15.14,0.7,0.0,0.0,5.0
1474,7,train_0154,12622.255305440669,10679.40373335039,117.94037333503894,0.0,12740.195678775708,18.72,0.8,0.0,0.0,5.0
1475,7,train_0100,11938.015350856276,9847.342496159865,34.734249615986485,0.0,11972.749600472263,15.66,0.68,0.0,0.0,5.0
1476,7,train_0049,12636.689522792303,10348.29345179633,84.82934517963295,0.0,12721.518867971936,14.4,0.7,0.0,0.0,5.0
1477,7,train_0123,12396.04338026431,10203.15289749107,70.31528974910707,0.0,12466.358670013416,15.1,0.86,0.0,0.0,5.0
1478,7,train_0225,12478.921799237873,10628.444296066134,112.84442960661346,0.0,12591.766228844486,16.54,0.64,0.0,0.0,5.0
1479,7,train_0452,12195.093430051673,10395.146654845943,89.5146654845943,0.0,12284.608095536267,14.9,0.62,0.0,0.0,5.0
1480,7,train_0375,12495.277671791795,10343.331473770806,84.3331473770806,0.0,12579.610819168876,16.32,0.62,0.0,0.0,5.0
1481,7,train_0312,12105.562358631003,10367.77865684271,86.77786568427092,0.0,12192.340224315274,15.84,0.84,0.0,0.0,5.0
1482,7,train_0032,12653.862482201184,10596.139775387794,109.61397753877937,0.0,12763.476459739964,17.9,0.66,0.0,0.0,5.0
1483,7,train_0315,12774.114289532403,10730.088700043889,123.00887000438888,0.0,12897.123159536792,16.58,0.72,0.0,0.0,5.0
1484,7,train_0352,12005.216897932023,10198.28382010389,69.82838201038903,0.0,12075.045279942413,14.96,0.72,0.0,0.0,5.0
1485,7,train_0578,12387.098521680902,10301.910359136113,80.19103591361127,0.0,12467.289557594513,18.98,0.74,0.0,0.0,5.0
1486,7,train_0494,12152.26983055579,10366.717686232549,86.67176862325488,0.0,12238.941599179045,17.22,0.72,0.0,0.0,5.0
1487,7,train_0207,12054.9460031878,10148.919399215321,64.89193992153214,0.0,12119.837943109333,14.08,0.78,0.0,0.0,5.0
1488,7,train_0056,11921.567753501096,10054.256839062553,55.425683906255294,0.0,11976.993437407351,17.64,0.72,0.0,0.0,5.0
1489,7,train_0012,12538.348408079213,10800.349340693247,130.03493406932466,0.0,12668.383342148538,16.12,0.68,0.0,0.0,5.0
1490,7,train_0087,12316.467869253338,10694.230926333767,119.42309263337665,0.0,12435.890961886715,15.78,0.76,0.0,0.0,5.0
1491,7,train_0133,12487.983846116147,10518.902616047964,101.89026160479644,0.0,12589.874107720943,16.26,0.6,0.0,0.0,5.0
1492,7,train_0031,12179.045651281325,10384.442284704975,88.44422847049755,0.0,12267.489879751824,17.56,0.64,0.0,0.0,5.0
1493,7,train_0196,12454.108934959193,10265.491912006659,76.54919120066589,0.0,12530.658126159859,14.28,0.66,0.0,0.0,5.0
1494,7,train_0315,13018.801669531005,10692.275196533355,119.22751965333555,0.0,13138.02918918434,15.92,0.62,0.0,0.0,5.0
1495,7,train_0094,12249.942123172317,9782.339753584065,28.233975358406497,0.0,12278.176098530723,16.44,0.6,0.0,0.0,5.0
1496,7,train_0091,12455.048078119307,10624.343241840706,112.43432418407065,0.0,12567.482402303378,16.82,0.68,0.0,0.0,5.0
1497,7,train_0508,12687.80417589836,10482.47683907306,98.24768390730605,0.0,12786.051859805666,15.24,0.78,0.0,0.0,5.0
1498,7,train_0584,11978.942961314184,10340.025382863307,84.00253828633068,0.0,12062.945499600515,16.04,0.8,0.0,0.0,5.0
1499,7,train_0451,12994.116064823977,10494.6290494219,99.46290494218994,0.0,13093.578969766166,17.32,0.76,0.0,0.0,5.0
1500,7,train_0047,12007.168408609858,10553.123289659921,105.31232896599214,0.0,12112.48073757585,14.94,0.68,0.0,0.0,5.0
1501,7,train_0226,11914.54026047187,10202.097600129257,70.20976001292566,0.0,11984.750020484795,15.68,0.58,0.0,0.0,5.0
1502,7,train_0102,12197.586810456221,10408.496431452986,90.84964314529861,0.0,12288.43645360152,14.78,0.7,0.0,0.0,5.0
1503,7,train_0324,12390.991508929887,10543.377594998665,104.33775949986648,0.0,12495.329268429752,14.78,0.7,0.0,0.0,5.0
1504,7,train_0099,12112.24832709421,10027.479172723193,52.74791727231932,0.0,12164.99624436653,17.0,0.8,0.0,0.0,5.0
1505,7,train_0477,12113.057195356378,10362.573215657632,86.25732156576323,0.0,12199.31451692214,14.18,0.74,0.0,0.0,5.0
1506,7,train_0233,12987.211324934948,10889.907636999174,138.99076369991744,0.0,13126.202088634866,16.62,0.8,0.0,0.0,5.0
1507,7,train_0503,12509.087965614634,11025.460399087144,152.5460399087144,0.0,12661.634005523349,14.98,0.72,0.0,0.0,5.0
1508,7,train_0408,11779.837613163898,10541.586313970613,104.15863139706126,0.0,11883.99624456096,15.18,0.8,0.0,0.0,5.0
1509,7,train_0518,12698.134111383544,10280.469985818905,78.04699858189052,0.0,12776.181109965435,14.88,0.74,0.0,0.0,5.0
1510,7,train_0235,12401.973864480493,10550.180331365213,105.01803313652127,0.0,12506.991897617014,15.02,0.76,0.0,0.0,5.0
1511,7,train_0280,12446.762232255533,10588.135837444388,108.8135837444388,0.0,12555.575815999971,17.1,0.78,0.0,0.0,5.0
1512,7,train_0189,12438.160889431943,10159.630240836823,65.96302408368228,0.0,12504.123913515625,15.6,0.66,0.0,0.0,5.0
1513,7,train_0522,12620.476394489748,10720.970268418767,122.0970268418767,0.0,12742.573421331625,17.36,0.72,0.0,0.0,5.0
1514,7,train_0143,12446.808729989934,10824.539907556933,132.4539907556933,0.0,12579.262720745628,15.82,0.82,0.0,0.0,5.0
1515,7,train_0203,12714.432000957559,10801.776152053873,130.17761520538735,0.0,12844.609616162947,13.52,0.66,0.0,0.0,5.0
1516,7,train_0447,12570.274945143694,10243.322514820195,74.33225148201946,0.0,12644.607196625713,16.88,0.72,0.0,0.0,5.0
1517,7,train_0287,12134.7113266704,10533.095617588748,103.30956175887478,0.0,12238.020888429275,16.5,0.72,0.0,0.0,5.0
1518,7,train_0146,12394.750409248256,10332.594956452998,83.25949564529984,0.0,12478.009904893555,16.92,0.82,0.0,0.0,5.0
1519,7,train_0008,12504.640036832836,10657.547524754766,115.75475247547656,0.0,12620.394789308313,14.9,0.7,0.0,0.0,5.0
1520,7,train_0127,12632.644724351265,10462.625919635206,96.26259196352058,0.0,12728.907316314786,13.24,0.76,0.0,0.0,5.0
1521,7,train_0461,12271.149075704847,10247.960246924307,74.79602469243073,0.0,12345.945100397277,14.6,0.68,0.0,0.0,5.0
1522,7,train_0151,12634.990300239897,10552.336880110917,105.23368801109173,0.0,12740.22398825099,16.64,0.72,0.0,0.0,5.0
1523,7,train_0550,12133.298929183558,10621.237287283366,112.12372872833657,0.0,12245.422657911895,16.64,0.7,0.0,0.0,5.0
1524,7,train_0515,12325.915954877455,10586.239736932392,108.62397369323918,0.0,12434.539928570694,17.82,0.74,0.0,0.0,5.0
1525,7,train_0488,12360.11994382664,10412.729085439052,91.27290854390522,0.0,12451.392852370545,15.54,0.74,0.0,0.0,5.0
1526,7,train_0437,11318.96662823253,9801.95670392537,30.195670392537068,0.0,11349.162298625068,15.32,0.72,0.0,0.0,5.0
1527,7,train_0012,13099.816047964256,10534.692236318948,103.46922363189479,0.0,13203.28527159615,15.82,0.84,0.0,0.0,5.0
1528,7,train_0176,12540.742019427897,10787.177954769712,128.71779547697116,0.0,12669.459814904867,15.3,0.74,0.0,0.0,5.0
1529,7,train_0340,12181.317438708942,10494.471567969373,99.44715679693728,0.0,12280.76459550588,17.12,0.68,0.0,0.0,5.0
1530,7,train_0293,12273.16329733207,10278.118329920148,77.81183299201476,0.0,12350.975130324085,15.14,0.7,0.0,0.0,5.0
1531,7,train_0445,12980.052955325697,10960.412782866777,146.0412782866777,0.0,13126.094233612374,17.88,0.7,0.0,0.0,5.0
1532,7,train_0330,11751.399709354173,10187.505616950877,68.75056169508771,0.0,11820.15027104926,15.18,0.76,0.0,0.0,5.0
1533,7,train_0145,12201.793323945592,10598.13794384375,109.81379438437507,0.0,12311.607118329968,15.12,0.62,0.0,0.0,5.0
1534,7,train_0288,11850.389920190022,10136.153586283452,63.61535862834517,0.0,11914.005278818368,16.4,0.72,0.0,0.0,5.0
1535,7,train_0051,12780.855123192916,10348.617047782898,84.86170477828983,0.0,12865.716827971206,16.22,0.68,0.0,0.0,5.0
1536,7,train_0588,12341.868488044514,10175.440849012386,67.5440849012386,0.0,12409.412572945754,18.46,0.68,0.0,0.0,5.0
1537,7,train_0179,12065.384024946658,10361.673175615326,86.16731756153258,0.0,12151.55134250819,13.96,0.7,0.0,0.0,5.0
1538,7,train_0306,12426.217530554632,10413.338607281237,91.33386072812374,0.0,12517.551391282756,15.72,0.76,0.0,0.0,5.0
1539,7,train_0059,12740.529426710194,10063.613610235854,56.36136102358542,0.0,12796.89078773378,15.28,0.64,0.0,0.0,5.0
1540,7,train_0523,12204.221074471969,10300.045542916094,80.0045542916094,0.0,12284.225628763577,16.34,0.78,0.0,0.0,5.0
1541,7,train_0032,12605.13843467411,10722.717608711651,122.27176087116514,0.0,12727.410195545275,17.4,0.78,0.0,0.0,5.0
1542,7,train_0277,12452.165847260898,10499.81046715219,99.98104671521907,0.0,12552.146893976116,16.48,0.82,0.0,0.0,5.0
1543,7,train_0520,12052.099090457486,9934.022566254287,43.40225662542871,0.0,12095.501347082914,16.06,0.78,0.0,0.0,5.0
1544,7,train_0464,12294.86502358222,10391.918176786585,89.19181767865848,0.0,12384.056841260879,16.58,0.72,0.0,0.0,5.0
1545,7,train_0385,12834.701970976344,10559.849251175758,105.98492511757577,0.0,12940.686896093921,17.54,0.8,0.0,0.0,5.0
1546,7,train_0316,12615.357909443492,10253.851007950878,75.38510079508778,0.0,12690.743010238579,16.0,0.84,0.0,0.0,5.0
1547,7,train_0591,12391.50046030772,10537.15892998268,103.71589299826792,0.0,12495.216353305987,18.08,0.76,0.0,0.0,5.0
1548,7,train_0199,12563.660226416447,10740.338770793587,124.03387707935872,0.0,12687.694103495805,15.92,0.76,0.0,0.0,5.0
1549,7,train_0310,12096.861848070075,10382.813187830125,88.28131878301247,0.0,12185.143166853088,14.48,0.68,0.0,0.0,5.0
1550,7,train_0373,12832.526052459696,10389.411173353914,88.9411173353914,0.0,12921.467169795087,16.06,0.76,0.0,0.0,5.0
1551,7,train_0219,12459.709874441862,10441.198037419152,94.11980374191518,0.0,12553.829678183776,16.18,0.78,0.0,0.0,5.0
1552,7,train_0494,12240.504669827606,10330.906726938805,83.09067269388052,0.0,12323.595342521487,16.92,0.64,0.0,0.0,5.0
1553,7,train_0497,12467.313627574691,10310.716956925098,81.07169569250982,0.0,12548.3853232672,15.68,0.72,0.0,0.0,5.0
1554,7,train_0467,12633.087821592539,11004.823566711704,150.48235667117044,0.0,12783.57017826371,16.1,0.78,0.0,0.0,5.0
1555,7,train_0506,12005.355925352444,10299.803595749963,79.98035957499633,0.0,12085.33628492744,15.8,0.74,0.0,0.0,5.0
1556,7,train_0219,12413.17804559821,10477.894771830886,97.78947718308865,0.0,12510.967522781299,14.02,0.74,0.0,0.0,5.0
1557,7,train_0573,12181.063856941622,10058.192353481167,55.81923534811668,0.0,12236.88309228974,16.8,0.62,0.0,0.0,5.0
1558,7,train_0291,12587.959420812193,10674.631493512337,117.46314935123374,0.0,12705.422570163426,15.28,0.68,0.0,0.0,5.0
1559,7,train_0058,11993.441870517974,10287.370883790853,78.73708837908526,0.0,12072.178958897059,15.14,0.62,0.0,0.0,5.0
1560,7,train_0425,12929.089381993936,10520.520315329597,102.0520315329597,0.0,13031.141413526895,15.34,0.68,0.0,0.0,5.0
1561,7,train_0489,12144.466640606715,10140.983235133655,64.09832351336554,0.0,12208.564964120082,16.14,0.74,0.0,0.0,5.0
1562,7,train_0179,12022.068886381272,10318.824387988676,81.8824387988676,0.0,12103.95132518014,13.82,0.66,0.0,0.0,5.0
1563,7,train_0182,12565.853744499123,10850.43699526294,135.04369952629403,0.0,12700.897444025417,15.96,0.66,0.0,0.0,5.0
1564,7,train_0103,12073.255866732803,10267.008835732844,76.70088357328441,0.0,12149.956750306088,15.56,0.66,0.0,0.0,5.0
1565,7,train_0553,11857.328216729058,9990.41879706707,49.04187970670701,0.0,11906.370096435765,16.64,0.74,0.0,0.0,5.0
1566,7,train_0319,12448.91503318739,10707.273613731562,120.72736137315624,0.0,12569.642394560546,14.94,0.74,0.0,0.0,5.0
1567,7,train_0373,12545.505645193258,10459.905930261571,95.99059302615716,0.0,12641.496238219415,16.26,0.8,0.0,0.0,5.0
1568,7,train_0513,12103.898363651519,10497.39454493838,99.73945449383791,0.0,12203.637818145357,15.4,0.56,0.0,0.0,5.0
1569,7,train_0024,11824.081231002234,10524.924428908862,102.4924428908862,0.0,11926.57367389312,14.9,0.7,0.0,0.0,5.0
1570,7,train_0584,12137.025299988953,9986.460695804897,48.646069580489716,0.0,12185.671369569442,15.08,0.66,0.0,0.0,5.0
1571,7,train_0090,12409.089545056398,10223.286800228401,72.32868002284013,0.0,12481.418225079238,14.12,0.68,0.0,0.0,5.0
1572,7,train_0575,12831.355371691985,10435.846722608698,93.58467226086978,0.0,12924.940043952854,15.44,0.7,0.0,0.0,5.0
1573,7,train_0243,12460.482998595295,10660.385909825804,116.03859098258036,0.0,12576.521589577875,18.66,0.8,0.0,0.0,5.0
1574,7,train_0114,11864.688189417438,10527.032904865438,102.70329048654385,0.0,11967.391479903983,15.84,0.68,0.0,0.0,5.0
1575,7,train_0454,12819.712743537579,10914.736026989049,141.47360269890487,0.0,12961.186346236484,16.3,0.76,0.0,0.0,5.0
1576,7,train_0553,11646.128452790328,10211.701426335552,71.17014263355523,0.0,11717.298595423883,17.6,0.76,0.0,0.0,5.0
1577,7,train_0122,12486.637634844195,10122.606958522523,62.260695852252326,0.0,12548.898330696447,16.36,0.76,0.0,0.0,5.0
1578,7,train_0386,12302.58444174232,10572.235726111152,107.2235726111152,0.0,12409.808014353435,15.78,0.7,0.0,0.0,5.0
1579,7,train_0502,12285.721310341665,10532.729375689067,103.27293756890668,0.0,12388.994247910572,15.22,0.74,0.0,0.0,5.0
1580,7,train_0154,12647.364419424623,10730.852132503098,123.08521325030979,0.0,12770.449632674932,18.26,0.76,0.0,0.0,5.0
1581,7,train_0469,12812.784592581836,11062.34888943285,156.23488894328494,0.0,12969.019481525122,15.62,0.74,0.0,0.0,5.0
1582,7,train_0134,12702.789690599526,10815.097819325496,131.5097819325496,0.0,12834.299472532075,13.92,0.78,0.0,0.0,5.0
1583,7,train_0131,13053.926545793296,10884.48624006174,138.44862400617404,0.0,13192.37516979947,16.62,0.7,0.0,0.0,5.0
1584,7,train_0561,12148.988297092086,10937.179356646597,143.71793566465968,0.0,12292.706232756746,18.56,0.62,0.0,0.0,5.0
1585,7,train_0243,12385.035040827295,10620.440269150777,112.04402691507767,0.0,12497.079067742372,17.94,0.7,0.0,0.0,5.0
1586,7,train_0545,11985.017845694569,10285.140103410995,78.51401034109949,0.0,12063.531856035668,16.22,0.68,0.0,0.0,5.0
1587,7,train_0530,12762.751342073338,10917.996964538077,141.7996964538077,0.0,12904.551038527145,15.92,0.62,0.0,0.0,5.0
1588,7,train_0228,11975.944432886785,10741.316540902564,124.13165409025642,0.0,12100.076086977042,15.38,0.74,0.0,0.0,5.0
1589,7,train_0040,12604.94455032868,10400.911577240331,90.09115772403311,0.0,12695.035708052714,18.5,0.7,0.0,0.0,5.0
1590,7,train_0529,12363.78815069962,10627.51914706203,112.75191470620302,0.0,12476.540065405823,16.72,0.7,0.0,0.0,5.0
1591,7,train_0430,12137.993932908992,10382.698527932667,88.26985279326674,0.0,12226.263785702258,15.6,0.64,0.0,0.0,5.0
1592,7,train_0272,12444.559356690563,10378.80258975024,87.88025897502393,0.0,12532.439615665586,14.38,0.74,0.0,0.0,5.0
1593,7,train_0340,12121.333479457484,10667.956083151184,116.79560831511844,0.0,12238.129087772602,16.48,0.72,0.0,0.0,5.0
1594,7,train_0567,12976.871514547063,10949.394967981429,144.93949679814287,0.0,13121.811011345206,15.9,0.62,0.0,0.0,5.0
1595,7,train_0179,12021.484949737114,10500.402032610245,100.04020326102454,0.0,12121.52515299814,13.5,0.72,0.0,0.0,5.0
1596,7,train_0058,12064.117722727133,9920.977171635313,42.09771716353134,0.0,12106.215439890664,16.04,0.72,0.0,0.0,5.0
1597,7,train_0247,12339.299916803448,10872.810854927284,137.28108549272838,0.0,12476.581002296176,16.7,0.68,0.0,0.0,5.0
1598,7,train_0100,11854.506943259288,10238.695504541582,73.86955045415816,0.0,11928.376493713446,14.82,0.62,0.0,0.0,5.0
1599,7,train_0328,12343.74247914981,10461.89923967742,96.18992396774193,0.0,12439.932403117553,15.28,0.74,0.0,0.0,5.0
1600,7,train_0315,12595.359390210988,10876.860936607023,137.6860936607023,0.0,12733.04548387169,15.66,0.64,0.0,0.0,5.0
1601,7,train_0430,12203.684705335327,10326.9802346338,82.69802346338003,0.0,12286.382728798706,15.8,0.78,0.0,0.0,5.0
1602,7,train_0088,12466.529664571985,10514.889652357484,101.48896523574841,0.0,12568.018629807733,17.16,0.68,0.0,0.0,5.0
1603,7,train_0114,12148.402567270776,10424.586423754368,92.45864237543684,0.0,12240.861209646213,16.44,0.72,0.0,0.0,5.0
1604,7,train_0435,11906.9653407073,10303.402936955034,80.34029369550336,0.0,11987.305634402803,15.54,0.8,0.0,0.0,5.0
1605,7,train_0167,11878.588451303287,10583.95503315389,108.39550331538904,0.0,11986.983954618676,16.04,0.7,0.0,0.0,5.0
1606,7,train_0180,12519.484784342989,10719.756561192176,121.97565611921765,0.0,12641.460440462206,17.04,0.7,0.0,0.0,5.0
1607,7,train_0440,12747.621037368011,10884.600053757531,138.4600053757531,0.0,12886.081042743765,15.88,0.7,0.0,0.0,5.0
1608,7,train_0456,12208.95012805959,10371.116884463445,87.11168844634449,0.0,12296.061816505935,15.8,0.66,0.0,0.0,5.0
1609,7,train_0330,11807.335510251838,10116.970636046164,61.69706360461642,0.0,11869.032573856455,16.38,0.64,0.0,0.0,5.0
1610,7,train_0236,12181.028729235937,10567.687868523557,106.7687868523557,0.0,12287.797516088292,18.92,0.74,0.0,0.0,5.0
1611,7,train_0298,11782.15730604521,10221.461507731483,72.14615077314829,0.0,11854.303456818358,15.7,0.68,0.0,0.0,5.0
1612,7,train_0412,12008.484640765193,10420.665978226461,92.06659782264614,0.0,12100.55123858784,15.88,0.7,0.0,0.0,5.0
1613,7,train_0213,12309.441427841513,10364.079018978256,86.40790189782565,0.0,12395.84932973934,16.22,0.8,0.0,0.0,5.0
1614,7,train_0559,12572.550321660068,10606.63379782339,110.66337978233896,0.0,12683.213701442408,16.88,0.76,0.0,0.0,5.0
1615,7,train_0110,12495.888870293664,10516.556588698331,101.65565886983313,0.0,12597.544529163497,17.44,0.6,0.0,0.0,5.0
1616,7,train_0260,12084.442752032583,10235.889998246696,73.58899982466956,0.0,12158.031751857252,18.48,0.7,0.0,0.0,5.0
1617,7,train_0177,12418.770088525533,10300.298746542083,80.0298746542083,0.0,12498.799963179741,14.24,0.62,0.0,0.0,5.0
1618,7,train_0326,12306.337681049583,10027.117712150899,52.711771215089904,0.0,12359.049452264673,14.98,0.74,0.0,0.0,5.0
1619,7,train_0312,12119.323651754952,10310.367623029673,81.03676230296733,0.0,12200.36041405792,16.02,0.78,0.0,0.0,5.0
1620,7,train_0332,11816.508040387918,10365.645715797606,86.56457157976057,0.0,11903.072611967678,16.6,0.66,0.0,0.0,5.0
1621,7,train_0105,12360.306555756377,10631.78180880806,113.17818088080604,0.0,12473.484736637183,17.0,0.78,0.0,0.0,5.0
1622,7,train_0591,12389.733360074273,10765.96294917677,126.59629491767701,0.0,12516.32965499195,17.18,0.74,0.0,0.0,5.0
1623,7,train_0593,11959.195220712601,10429.131345481639,92.91313454816391,0.0,12052.108355260765,14.46,0.62,0.0,0.0,5.0
1624,7,train_0378,12482.730662204543,10747.306902369242,124.73069023692425,0.0,12607.461352441467,17.36,0.88,0.0,0.0,5.0
1625,7,train_0565,12396.280256852464,11080.262217804613,158.02622178046133,0.0,12554.306478632925,15.86,0.76,0.0,0.0,5.0
1626,7,train_0572,12277.507698705203,10672.691563326567,117.26915633265672,0.0,12394.77685503786,13.02,0.68,0.0,0.0,5.0
1627,7,train_0273,12591.756404902933,10803.359777671469,130.3359777671469,0.0,12722.09238267008,17.58,0.74,0.0,0.0,5.0
1628,7,train_0067,11878.841209485643,10286.66238791309,78.66623879130894,0.0,11957.507448276952,16.62,0.72,0.0,0.0,5.0
1629,7,train_0534,12267.481137805837,10494.23196641057,99.42319664105707,0.0,12366.904334446894,15.52,0.62,0.0,0.0,5.0
1630,7,train_0213,12156.36543019868,10300.110698856184,80.01106988561843,0.0,12236.3765000843,15.96,0.6,0.0,0.0,5.0
1631,7,train_0107,12331.8910769229,10865.70148022413,136.570148022413,0.0,12468.461224945313,16.0,0.8,0.0,0.0,5.0
1632,8,train_0113,12221.684962261756,10284.368137184607,78.4368137184607,0.0,12300.121775980217,16.2,0.6,0.0,0.0,5.0
1633,8,train_0277,12439.272252050361,10390.054651082206,89.0054651082206,0.0,12528.277717158582,15.94,0.84,0.0,0.0,5.0
1634,8,train_0260,12437.65557009331,10333.011176174217,83.30111761742174,0.0,12520.956687710732,17.02,0.58,0.0,0.0,5.0
1635,8,train_0513,12429.132304209514,10096.927147363285,59.692714736328526,0.0,12488.825018945841,17.12,0.74,0.0,0.0,5.0
1636,8,train_0197,12760.440342925287,10609.095639224139,110.90956392241388,0.0,12871.349906847701,15.58,0.72,0.0,0.0,5.0
1637,8,train_0570,11958.389457311721,10488.84172644182,98.88417264418204,0.0,12057.273629955904,16.4,0.6,0.0,0.0,5.0
1638,8,train_0538,12524.637928467893,10949.258237621001,144.92582376210012,0.0,12669.563752229993,14.0,0.76,0.0,0.0,5.0
1639,8,train_0051,12687.974195921503,10232.461598640746,73.24615986407461,0.0,12761.220355785577,16.5,0.82,0.0,0.0,5.0
1640,8,train_0289,12773.823387221568,10463.819302875185,96.38193028751849,0.0,12870.205317509086,17.18,0.8,0.0,0.0,5.0
1641,8,train_0589,11844.998042398976,10547.765750517254,104.77657505172539,0.0,11949.774617450701,15.32,0.66,0.0,0.0,5.0
1642,8,train_0254,12654.254889211756,10226.363067019207,72.6363067019207,0.0,12726.891195913677,17.12,0.74,0.0,0.0,5.0
1643,8,train_0184,12360.624319809176,10812.227742939107,131.2227742939107,0.0,12491.847094103086,15.96,0.72,0.0,0.0,5.0
1644,8,train_0264,12190.205659448555,10168.378946421853,66.83789464218535,0.0,12257.04355409074,15.92,0.74,0.0,0.0,5.0
1645,8,train_0033,12447.103719864263,10771.601364189346,127.1601364189346,0.0,12574.263856283196,16.38,0.8,0.0,0.0,5.0
1646,8,train_0108,12413.144067368472,10565.085258883995,106.50852588839953,0.0,12519.652593256871,19.54,0.68,0.0,0.0,5.0
1647,8,train_0058,11863.974489198368,10110.03811593361,61.00381159336103,0.0,11924.978300791729,15.7,0.64,0.0,0.0,5.0
1648,8,train_0436,12796.646311518276,10595.884884573425,109.58848845734246,0.0,12906.234799975618,15.46,0.68,0.0,0.0,5.0
1649,8,train_0226,12017.364209786298,10172.693808053771,67.26938080537711,0.0,12084.633590591675,14.62,0.62,0.0,0.0,5.0
1650,8,train_0509,12074.521625108999,10396.697147787614,89.66971477876142,0.0,12164.19133988776,13.04,0.7,0.0,0.0,5.0
1651,8,train_0250,12190.833162698027,10408.865742347389,90.88657423473887,0.0,12281.719736932766,16.34,0.7,0.0,0.0,5.0
1652,8,train_0196,12138.3799028348,10469.330720272916,96.93307202729157,0.0,12235.312974862092,15.36,0.76,0.0,0.0,5.0
1653,8,train_0363,12472.307450714721,10561.634656350523,106.16346563505232,0.0,12578.470916349774,16.08,0.7,0.0,0.0,5.0
1654,8,train_0551,12218.206816787226,10305.06221230451,80.50622123045105,0.0,12298.713038017677,16.02,0.66,0.0,0.0,5.0
1655,8,train_0161,12675.932285486644,10238.252083045498,73.82520830454978,0.0,12749.757493791194,15.88,0.7,0.0,0.0,5.0
1656,8,train_0537,12161.85492183842,10363.169386856332,86.31693868563326,0.0,12248.171860524053,16.5,0.66,0.0,0.0,5.0
1657,8,train_0103,12083.511405969983,10112.02967390242,61.20296739024198,0.0,12144.714373360224,17.34,0.58,0.0,0.0,5.0
1658,8,train_0114,12220.83798636225,10324.031749486927,82.4031749486927,0.0,12303.241161310943,15.84,0.62,0.0,0.0,5.0
1659,8,train_0519,13027.020244696403,10448.458759276806,94.84587592768058,0.0,13121.866120624083,17.36,0.72,0.0,0.0,5.0
1660,8,train_0183,12477.841600328466,10744.321460375148,124.43214603751477,0.0,12602.27374636598,13.9,0.68,0.0,0.0,5.0
1661,8,train_0260,12055.561997920482,10343.926724396319,84.39267243963187,0.0,12139.954670360114,17.68,0.8,0.0,0.0,5.0
1662,8,train_0151,12582.731804156996,10550.90726484529,105.09072648452894,0.0,12687.822530641524,14.58,0.74,0.0,0.0,5.0
1663,8,train_0105,12614.735754183126,10522.29558665152,102.22955866515204,0.0,12716.965312848279,14.32,0.72,0.0,0.0,5.0
1664,8,train_0305,12392.042690849155,10482.828687006753,98.28286870067532,0.0,12490.32555954983,15.62,0.76,0.0,0.0,5.0
1665,8,train_0488,12385.029779490034,10257.781536185626,75.77815361856265,0.0,12460.807933108597,13.94,0.78,0.0,0.0,5.0
1666,8,train_0491,12527.50251023293,10143.093948326235,64.30939483262355,0.0,12591.811905065553,16.0,0.66,0.0,0.0,5.0
1667,8,train_0258,12862.982658740188,10411.814531500917,91.1814531500917,0.0,12954.164111890279,16.1,0.76,0.0,0.0,5.0
1668,8,train_0125,12272.008567757694,9969.870209954,46.98702099540006,0.0,12318.995588753094,16.76,0.76,0.0,0.0,5.0
1669,8,train_0168,12619.823027120096,10701.909804069026,120.19098040690261,0.0,12740.014007526997,17.38,0.62,0.0,0.0,5.0
1670,8,train_0079,12475.895899530811,10594.293750939336,109.4293750939336,0.0,12585.325274624745,16.26,0.6,0.0,0.0,5.0
1671,8,train_0298,11726.721132096729,9951.728211072663,45.17282110726629,0.0,11771.893953203995,16.34,0.64,0.0,0.0,5.0
1672,8,train_0187,12266.981278077435,10150.966731926994,65.09667319269938,0.0,12332.077951270136,15.44,0.78,0.0,0.0,5.0
1673,8,train_0490,11995.936970966397,10360.372789938381,86.03727899383813,0.0,12081.974249960234,15.14,0.64,0.0,0.0,5.0
1674,8,train_0519,12599.567548436813,11077.075808343918,157.7075808343918,0.0,12757.275129271206,16.2,0.74,0.0,0.0,5.0
1675,8,train_0267,12259.113626104576,10063.187865167323,56.31878651673233,0.0,12315.432412621309,16.38,0.92,0.0,0.0,5.0
1676,8,train_0091,12478.177608701051,10325.544444897732,82.55444448977323,0.0,12560.732053190824,16.36,0.76,0.0,0.0,5.0
1677,8,train_0321,12375.779497039994,10562.29174487271,106.22917448727094,0.0,12482.008671527265,17.94,0.76,0.0,0.0,5.0
1678,8,train_0340,12242.05056089652,10299.057027946481,79.9057027946481,0.0,12321.956263691167,16.34,0.74,0.0,0.0,5.0
1679,8,train_0482,11951.959848683524,10151.542878544406,65.15428785444055,0.0,12017.114136537964,14.52,0.7,0.0,0.0,5.0
1680,8,train_0357,12241.244653249432,10326.571485618922,82.65714856189226,0.0,12323.901801811324,15.52,0.7,0.0,0.0,5.0
1681,8,train_0577,12866.738104099757,11022.565289435102,152.25652894351023,0.0,13018.994633043267,14.92,0.78,0.0,0.0,5.0
1682,8,train_0093,12194.664950445811,10136.971364968438,63.69713649684382,0.0,12258.362086942654,17.7,0.66,0.0,0.0,5.0
1683,8,train_0373,12170.885272422296,10857.51111797007,135.75111179700707,0.0,12306.636384219302,17.3,0.7,0.0,0.0,5.0
1684,8,train_0428,12207.971096500223,10866.532885567865,136.65328855678655,0.0,12344.62438505701,16.44,0.72,0.0,0.0,5.0
1685,8,train_0280,12705.329471608537,10318.985700315785,81.8985700315785,0.0,12787.228041640115,17.0,0.64,0.0,0.0,5.0
1686,8,train_0435,12359.672704940433,10164.598112017902,66.45981120179022,0.0,12426.132516142223,16.78,0.68,0.0,0.0,5.0
1687,8,train_0512,12270.233809326419,10347.854189575504,84.78541895755043,0.0,12355.019228283969,15.24,0.78,0.0,0.0,5.0
1688,8,train_0317,12369.605206205055,10751.46505796567,125.146505796567,0.0,12494.751712001622,16.88,0.74,0.0,0.0,5.0
1689,8,train_0525,12229.196038480211,10279.79913289529,77.97991328952904,0.0,12307.175951769741,16.84,0.7,0.0,0.0,5.0
1690,8,train_0119,12253.082986710751,10739.706093137884,123.97060931378837,0.0,12377.05359602454,14.56,0.68,0.0,0.0,5.0
1691,8,train_0469,12876.8740968071,10912.022430242287,141.20224302422866,0.0,13018.076339831328,16.82,0.68,0.0,0.0,5.0
1692,8,train_0488,12419.023703159566,10408.704877222899,90.87048772228991,0.0,12509.894190881856,15.36,0.74,0.0,0.0,5.0
1693,8,train_0554,12121.33602071719,10258.991828217413,75.8991828217413,0.0,12197.23520353893,13.72,0.7,0.0,0.0,5.0
1694,8,train_0352,11920.84543365581,10209.160464499182,70.91604644991821,0.0,11991.761480105728,15.28,0.68,0.0,0.0,5.0
1695,8,train_0547,12960.345143866514,10769.849266161367,126.98492661613673,0.0,13087.33007048265,17.4,0.62,0.0,0.0,5.0
1696,8,train_0219,12517.758565253269,10461.237728540036,96.12377285400362,0.0,12613.882338107273,16.28,0.72,0.0,0.0,5.0
1697,8,train_0358,12519.373251615405,10496.254043578394,99.6254043578394,0.0,12618.998655973244,16.26,0.7,0.0,0.0,5.0
1698,8,train_0346,12842.501507094992,10707.534601415377,120.75346014153766,0.0,12963.25496723653,17.0,0.76,0.0,0.0,5.0
1699,8,train_0569,12469.081123222324,10215.321061375533,71.53210613755327,0.0,12540.613229359877,15.5,0.72,0.0,0.0,5.0
1700,8,train_0400,12892.46881076756,11123.14662350257,162.31466235025692,0.0,13054.783473117815,15.7,0.74,0.0,0.0,5.0
1701,8,train_0420,12042.157153200082,10855.475154077842,135.54751540778418,0.0,12177.704668607867,15.4,0.68,0.0,0.0,5.0
1702,8,train_0260,11833.52147640235,10433.70777573276,93.37077757327607,0.0,11926.892253975626,17.06,0.74,0.0,0.0,5.0
1703,8,train_0032,12603.090839800941,10777.622947124311,127.76229471243114,0.0,12730.853134513372,17.62,0.86,0.0,0.0,5.0
1704,8,train_0555,12338.698040496052,10109.988342641958,60.998834264195835,0.0,12399.696874760248,17.7,0.72,0.0,0.0,5.0
1705,8,train_0084,12116.883204680642,10311.385457564775,81.13854575647747,0.0,12198.02175043712,17.24,0.78,0.0,0.0,5.0
1706,8,train_0077,12157.449325960304,9986.931030986834,48.69310309868342,0.0,12206.142429058988,15.04,0.7,0.0,0.0,5.0
1707,8,train_0320,12540.538106548567,10453.548980069463,95.35489800694631,0.0,12635.893004555513,15.18,0.64,0.0,0.0,5.0
1708,8,train_0515,12476.091416964993,10499.788893031662,99.97888930316623,0.0,12576.070306268159,16.28,0.74,0.0,0.0,5.0
1709,8,train_0554,12252.271248006948,10404.753984241792,90.47539842417919,0.0,12342.746646431127,13.88,0.76,0.0,0.0,5.0
1710,8,train_0212,12377.15107722966,10178.98294802261,67.89829480226108,0.0,12445.049372031921,15.06,0.62,0.0,0.0,5.0
1711,8,train_0097,12316.77964067108,10550.87098962782,105.08709896278197,0.0,12421.866739633862,16.2,0.74,0.0,0.0,5.0
1712,8,train_0225,12533.847259699254,10554.427705993327,105.44277059933266,0.0,12639.290030298587,16.52,0.74,0.0,0.0,5.0
1713,8,train_0243,12407.291123804755,10598.745154320757,109.87451543207573,0.0,12517.16563923683,17.88,0.78,0.0,0.0,5.0
1714,8,train_0385,12745.08624369188,10924.53931696931,142.45393169693108,0.0,12887.54017538881,16.5,0.74,0.0,0.0,5.0
1715,8,train_0586,12438.439083898858,10304.47344573088,80.44734457308806,0.0,12518.886428471946,15.86,0.72,0.0,0.0,5.0
1716,8,train_0544,12789.684143291208,10783.280204195056,128.32802041950563,0.0,12918.012163710713,15.82,0.68,0.0,0.0,5.0
1717,8,train_0110,12580.799588997816,10405.253204773662,90.52532047736622,0.0,12671.32490947518,18.14,0.68,0.0,0.0,5.0
1718,8,train_0145,12317.224419684399,10304.529180003163,80.45291800031629,0.0,12397.677337684714,14.22,0.72,0.0,0.0,5.0
1719,8,train_0493,12140.554293816753,10107.696044081624,60.76960440816238,0.0,12201.323898224915,14.92,0.64,0.0,0.0,5.0
1720,8,train_0531,12560.609398932644,10569.746668407275,106.97466684072752,0.0,12667.584065773372,18.28,0.64,0.0,0.0,5.0
1721,8,train_0160,12523.230790567803,10372.405729478567,87.24057294785672,0.0,12610.471363515659,17.04,0.8,0.0,0.0,5.0
1722,8,train_0158,12450.469568814759,10836.63567763267,133.66356776326703,0.0,12584.133136578026,17.92,0.82,0.0,0.0,5.0
1723,8,train_0005,12095.711396724066,10365.287870342916,86.52878703429161,0.0,12182.240183758357,17.8,0.6,0.0,0.0,5.0
1724,8,train_0258,12352.821972008298,10817.339316572605,131.73393165726048,0.0,12484.555903665558,15.36,0.72,0.0,0.0,5.0
1725,8,train_0535,12104.020618104469,10513.178162558723,101.31781625587229,0.0,12205.338434360341,14.96,0.62,0.0,0.0,5.0
1726,8,train_0468,12147.267370403577,10215.871299651519,71.58712996515187,0.0,12218.854500368729,15.14,0.7,0.0,0.0,5.0
1727,8,train_0250,12218.404505407454,10393.085248536132,89.3085248536132,0.0,12307.713030261068,16.02,0.82,0.0,0.0,5.0
1728,8,train_0263,11877.087467907508,10269.92463659295,76.99246365929503,0.0,11954.079931566803,15.7,0.7,0.0,0.0,5.0
1729,8,train_0564,12660.692251779641,10328.299785010684,82.82997850106841,0.0,12743.522230280709,17.18,0.64,0.0,0.0,5.0
1730,8,train_0111,12429.344069138337,10047.52478038343,54.752478038343,0.0,12484.09654717668,15.64,0.76,0.0,0.0,5.0
1731,8,train_0159,11963.291937217215,10099.298889497277,59.92988894972768,0.0,12023.221826166942,16.44,0.54,0.0,0.0,5.0
1732,8,train_0118,12435.00703299004,10551.221939658617,105.1221939658617,0.0,12540.129226955902,13.76,0.66,0.0,0.0,5.0
1733,8,train_0493,11950.742868540343,10510.62751641208,101.06275164120798,0.0,12051.80562018155,16.42,0.72,0.0,0.0,5.0
1734,8,train_0514,12134.402573482115,10403.515693180972,90.35156931809725,0.0,12224.754142800213,14.92,0.7,0.0,0.0,5.0
1735,8,train_0371,12101.486989742334,10436.868435032913,93.68684350329131,0.0,12195.173833245626,14.84,0.72,0.0,0.0,5.0
1736,8,train_0569,12111.184521482313,10278.98433207997,77.89843320799702,0.0,12189.08295469031,16.0,0.74,0.0,0.0,5.0
1737,8,train_0403,12550.082972160104,10824.191131586764,132.41911315867637,0.0,12682.50208531878,13.98,0.76,0.0,0.0,5.0
1738,8,train_0128,12099.542572970477,10301.200353964576,80.12003539645758,0.0,12179.662608366934,16.08,0.68,0.0,0.0,5.0
1739,8,train_0544,12840.325635675621,10704.131397964295,120.41313979642946,0.0,12960.738775472051,15.44,0.8,0.0,0.0,5.0
1740,8,train_0290,12143.487122275024,10564.158829423879,106.41588294238791,0.0,12249.903005217413,15.78,0.78,0.0,0.0,5.0
1741,8,train_0405,12710.135421547237,10689.773724309158,118.97737243091579,0.0,12829.112793978153,16.26,0.74,0.0,0.0,5.0
1742,8,train_0154,12765.390853138953,10702.762205929923,120.27622059299229,0.0,12885.667073731945,18.26,0.68,0.0,0.0,5.0
1743,8,train_0086,11962.50489294859,9912.876919027623,41.28769190276235,0.0,12003.792584851351,17.84,0.68,0.0,0.0,5.0
1744,8,train_0526,12364.320517309507,10527.971733544753,102.79717335447532,0.0,12467.117690663981,15.9,0.68,0.0,0.0,5.0
1745,8,train_0174,12462.742778616739,10444.478648830558,94.44786488305581,0.0,12557.190643499795,15.1,0.78,0.0,0.0,5.0
1746,8,train_0439,12089.019906068439,10629.670556648116,112.9670556648116,0.0,12201.986961733252,14.22,0.68,0.0,0.0,5.0
1747,8,train_0222,12428.954751642217,10446.512265238494,94.65122652384945,0.0,12523.605978166066,16.62,0.68,0.0,0.0,5.0
1748,8,train_0058,11777.597020181589,10069.421106575672,56.94211065756718,0.0,11834.539130839155,15.4,0.72,0.0,0.0,5.0
1749,8,train_0523,12142.47783724016,10212.869575234869,71.28695752348686,0.0,12213.764794763647,16.02,0.7,0.0,0.0,5.0
1750,8,train_0251,12047.544091871318,10596.25760723924,109.62576072392403,0.0,12157.169852595242,14.62,0.62,0.0,0.0,5.0
1751,8,train_0447,12440.271804690781,10611.115357705476,111.11153577054756,0.0,12551.383340461329,15.48,0.62,0.0,0.0,5.0
1752,8,train_0257,12386.247442299777,10371.914084261942,87.19140842619419,0.0,12473.43885072597,14.3,0.8,0.0,0.0,5.0
1753,8,train_0052,12742.530742545543,10554.830936974933,105.48309369749332,0.0,12848.013836243037,14.8,0.68,0.0,0.0,5.0
1754,8,train_0227,12664.645617728373,10589.482695658691,108.94826956586913,0.0,12773.593887294242,16.1,0.68,0.0,0.0,5.0
1755,8,train_0145,12150.89527261625,10512.929244903065,101.29292449030655,0.0,12252.188197106556,14.8,0.7,0.0,0.0,5.0
1756,8,train_0391,12343.553154306297,10532.29751185737,103.22975118573704,0.0,12446.782905492035,14.22,0.66,0.0,0.0,5.0
1757,8,train_0185,12313.731673562825,10540.274306105537,104.02743061055372,0.0,12417.759104173378,16.7,0.7,0.0,0.0,5.0
1758,8,train_0155,12536.3398290232,10449.84129071303,94.98412907130296,0.0,12631.323958094503,16.22,0.7,0.0,0.0,5.0
1759,8,train_0434,12550.59980748038,10522.63609384618,102.26360938461804,0.0,12652.863416864997,14.3,0.76,0.0,0.0,5.0
1760,8,train_0053,12096.135510321852,10934.37874682327,143.43787468232696,0.0,12239.57338500418,16.48,0.66,0.0,0.0,5.0
1761,8,train_0000,12106.108754395449,10479.054761981472,97.90547619814716,0.0,12204.014230593597,15.12,0.9,0.0,0.0,5.0
1762,8,train_0209,12117.582741492142,10592.475252125678,109.24752521256778,0.0,12226.83026670471,16.2,0.72,0.0,0.0,5.0
1763,8,train_0424,12793.015988029852,10697.111337504131,119.71113375041314,0.0,12912.727121780266,18.9,0.76,0.0,0.0,5.0
1764,8,train_0404,13113.1590409524,11136.254962356237,163.62549623562373,0.0,13276.784537188023,16.92,0.66,0.0,0.0,5.0
1765,8,train_0534,12470.120281652918,10786.838728014496,128.6838728014496,0.0,12598.804154454368,15.4,0.76,0.0,0.0,5.0
1766,8,train_0276,12184.449734325488,10533.630547498622,103.36305474986221,0.0,12287.81278907535,15.76,0.66,0.0,0.0,5.0
1767,8,train_0336,12345.340775393572,10209.506358163106,70.95063581631057,0.0,12416.291411209882,14.42,0.58,0.0,0.0,5.0
1768,8,train_0532,12329.970373238119,10525.581954626425,102.55819546264247,0.0,12432.528568700762,14.68,0.7,0.0,0.0,5.0
1769,8,train_0255,12204.410332733372,10166.79966657267,66.67996665726696,0.0,12271.090299390638,16.92,0.68,0.0,0.0,5.0
1770,8,train_0201,12373.716531962713,10370.26056690657,87.02605669065707,0.0,12460.74258865337,16.6,0.66,0.0,0.0,5.0
1771,8,train_0463,12250.621989730233,10163.442292476848,66.34422924768478,0.0,12316.966218977917,16.98,0.76,0.0,0.0,5.0
1772,8,train_0451,12488.890238931599,10695.801517545136,119.58015175451365,0.0,12608.470390686112,16.22,0.68,0.0,0.0,5.0
1773,8,train_0297,12207.370198898607,10371.062870079697,87.1062870079697,0.0,12294.476485906576,14.3,0.68,0.0,0.0,5.0
1774,8,train_0511,11944.001694995444,10570.388889100434,107.03888891004335,0.0,12051.040583905487,17.08,0.8,0.0,0.0,5.0
1775,8,train_0013,12097.36004950086,10453.786252764003,95.37862527640027,0.0,12192.73867477726,15.46,0.78,0.0,0.0,5.0
1776,8,train_0117,12115.262163604366,10154.192905463377,65.41929054633765,0.0,12180.681454150703,17.76,0.68,0.0,0.0,5.0
1777,8,train_0178,11981.659333539654,10302.57622866514,80.25762286651407,0.0,12061.916956406169,15.14,0.72,0.0,0.0,5.0
1778,8,train_0138,12268.12546855849,10377.787012469315,87.77870124693146,0.0,12355.90416980542,17.44,0.78,0.0,0.0,5.0
1779,8,train_0360,12229.178631839844,10082.68351953083,58.26835195308304,0.0,12287.446983792928,16.82,0.66,0.0,0.0,5.0
1780,8,train_0275,12228.844979540714,10570.904105982345,107.09041059823448,0.0,12335.935390138948,15.46,0.62,0.0,0.0,5.0
1781,8,train_0543,12898.960614309526,10159.553778890127,65.95537788901275,0.0,12964.91599219854,15.98,0.68,0.0,0.0,5.0
1782,8,train_0065,12420.200602734947,10580.448573030822,108.04485730308225,0.0,12528.24546003803,13.76,0.7,0.0,0.0,5.0
1783,8,train_0554,12171.843873500002,10178.569943774542,67.85699437745426,0.0,12239.700867877456,12.5,0.64,0.0,0.0,5.0
1784,8,train_0217,12238.74471111487,10724.72187189309,122.47218718930908,0.0,12361.21689830418,16.86,0.64,0.0,0.0,5.0
1785,8,train_0483,12678.38664968489,10779.489089942512,127.94890899425118,0.0,12806.33555867914,15.54,0.76,0.0,0.0,5.0
1786,8,train_0476,12321.27483117023,10651.449529687252,115.14495296872519,0.0,12436.419784138956,18.78,0.6,0.0,0.0,5.0
1787,8,train_0452,12186.50243845472,10314.428509334324,81.44285093343242,0.0,12267.945289388152,15.04,0.7,0.0,0.0,5.0
1788,8,train_0218,12733.922976044598,10438.64912480902,93.86491248090206,0.0,12827.7878885255,17.3,0.7,0.0,0.0,5.0
1789,8,train_0372,12641.561116964898,10607.522748118163,110.75227481181628,0.0,12752.313391776715,16.72,0.66,0.0,0.0,5.0
1790,8,train_0166,11943.306116610962,10557.278212554482,105.72782125544819,0.0,12049.03393786641,14.54,0.76,0.0,0.0,5.0
1791,8,train_0329,12635.018125882632,10242.368415275352,74.23684152753522,0.0,12709.254967410168,17.2,0.84,0.0,0.0,5.0
1792,8,train_0161,12514.311648197428,10228.682410711506,72.86824107115062,0.0,12587.179889268578,15.76,0.7,0.0,0.0,5.0
1793,8,train_0371,12221.260376839426,10590.526491142165,109.05264911421655,0.0,12330.313025953643,15.46,0.74,0.0,0.0,5.0
1794,8,train_0206,12647.665677045577,10903.888241635344,140.38882416353445,0.0,12788.054501209112,14.72,0.74,0.0,0.0,5.0
1795,8,train_0356,12476.88743448423,10574.171150400398,107.41711504003979,0.0,12584.30454952427,15.48,0.68,0.0,0.0,5.0
1796,8,train_0462,12329.105849604286,10651.2043669092,115.12043669092,0.0,12444.226286295207,17.96,0.64,0.0,0.0,5.0
1797,8,train_0236,12467.766016284191,10399.198336299067,89.91983362990669,0.0,12557.685849914098,18.7,0.76,0.0,0.0,5.0
1798,8,train_0581,12301.086657306096,10359.830052893347,85.9830052893347,0.0,12387.06966259543,16.36,0.64,0.0,0.0,5.0
1799,8,train_0134,12558.556753906676,10853.70609191613,135.37060919161306,0.0,12693.92736309829,12.98,0.58,0.0,0.0,5.0
1800,8,train_0182,12930.652457073524,10469.982394859511,96.99823948595113,0.0,13027.650696559474,13.52,0.62,0.0,0.0,5.0
1801,8,train_0367,12138.299203211745,10566.535229721569,106.65352297215686,0.0,12244.952726183903,15.08,0.8,0.0,0.0,5.0
1802,8,train_0034,12415.968413453014,10438.981538933253,93.89815389332526,0.0,12509.86656734634,16.56,0.74,0.0,0.0,5.0
1803,8,train_0306,12581.341614446439,10424.042589511173,92.4042589511173,0.0,12673.745873397556,14.12,0.68,0.0,0.0,5.0
1804,8,train_0015,12250.190663476535,10599.947670490455,109.99476704904555,0.0,12360.18543052558,15.42,0.58,0.0,0.0,5.0
1805,8,train_0574,12224.255041949682,10674.400020020816,117.44000200208157,0.0,12341.695043951764,13.42,0.74,0.0,0.0,5.0
1806,8,train_0189,12162.84537497441,10480.585834794609,98.05858347946088,0.0,12260.90395845387,15.56,0.72,0.0,0.0,5.0
1807,8,train_0261,12690.036481329935,10645.034720657191,114.50347206571915,0.0,12804.539953395653,16.6,0.62,0.0,0.0,5.0
1808,8,train_0154,12811.765727442888,10635.803380895331,113.58033808953314,0.0,12925.34606553242,18.88,0.76,0.0,0.0,5.0
1809,8,train_0296,12569.40459601903,10393.581885370011,89.35818853700113,0.0,12658.762784556031,14.6,0.72,0.0,0.0,5.0
1810,8,train_0262,12593.178472155483,10654.675570452782,115.46755704527823,0.0,12708.646029200761,15.74,0.82,0.0,0.0,5.0
1811,8,train_0554,12308.378099063675,10260.16179166431,76.016179166431,0.0,12384.394278230106,13.5,0.66,0.0,0.0,5.0
1812,8,train_0495,12375.457217379324,10523.292413940588,102.32924139405878,0.0,12477.786458773382,16.52,0.74,0.0,0.0,5.0
1813,8,train_0282,11738.20643762943,10466.53099817963,96.6530998179631,0.0,11834.859537447392,16.42,0.76,0.0,0.0,5.0
1814,8,train_0121,12057.929905476649,10441.590051036805,94.15900510368047,0.0,12152.088910580329,16.42,0.6,0.0,0.0,5.0
1815,8,train_0398,11973.709889654501,10174.61929239074,67.46192923907402,0.0,12041.171818893576,14.04,0.7,0.0,0.0,5.0
1816,8,train_0148,12563.738648139464,10791.515044554317,129.15150445543168,0.0,12692.890152594897,18.2,0.74,0.0,0.0,5.0
1817,8,train_0343,12966.516147071296,10681.388859475608,118.13888594756082,0.0,13084.655033018857,17.06,0.74,0.0,0.0,5.0
1818,8,train_0012,12789.905039485206,10708.289339258135,120.82893392581354,0.0,12910.73397341102,15.78,0.76,0.0,0.0,5.0
1819,8,train_0535,12109.173722825373,10300.047093950645,80.0047093950645,0.0,12189.178432220438,14.94,0.68,0.0,0.0,5.0
1820,8,train_0347,11950.268605527259,10818.78219362166,131.87821936216605,0.0,12082.146824889425,16.82,0.66,0.0,0.0,5.0
1821,8,train_0214,12026.00043878482,10086.558515168053,58.65585151680534,0.0,12084.656290301626,14.58,0.7,0.0,0.0,5.0
1822,8,train_0590,12536.04556087967,10233.627551302037,73.36275513020374,0.0,12609.408316009873,17.02,0.72,0.0,0.0,5.0
1823,8,train_0570,12562.99902905017,10016.020800161079,51.602080016107905,0.0,12614.601109066278,14.3,0.8,0.0,0.0,5.0
1824,8,train_0313,12355.801922354814,10670.462555472432,117.04625554724316,0.0,12472.848177902059,16.66,0.68,0.0,0.0,5.0
1825,8,train_0110,12426.201301818608,10449.198438523006,94.91984385230063,0.0,12521.121145670908,17.62,0.76,0.0,0.0,5.0
1826,8,train_0568,12596.592585298109,10760.436087873179,126.04360878731786,0.0,12722.636194085428,15.96,0.72,0.0,0.0,5.0
1827,8,train_0009,12321.305382822542,10494.02546958136,99.40254695813601,0.0,12420.707929780678,15.48,0.74,0.0,0.0,5.0
1828,8,train_0032,12523.560590874888,10983.531453939844,148.35314539398442,0.0,12671.913736268873,15.62,0.66,0.0,0.0,5.0
1829,8,train_0380,11813.172060776968,10410.420318802722,91.04203188027223,0.0,11904.21409265724,17.06,0.72,0.0,0.0,5.0
1830,8,train_0494,12182.176445959583,10316.064239605532,81.60642396055319,0.0,12263.782869920136,15.68,0.52,0.0,0.0,5.0
1831,8,train_0523,11936.609665222106,10385.520059104721,88.55200591047215,0.0,12025.161671132579,15.92,0.6,0.0,0.0,5.0
1832,8,train_0319,12591.583860226016,10366.71250935314,86.67125093531395,0.0,12678.25511116133,16.62,0.72,0.0,0.0,5.0
1833,8,train_0414,12197.546873441117,10203.080838523565,70.3080838523565,0.0,12267.854957293473,15.84,0.68,0.0,0.0,5.0
1834,8,train_0127,12610.797925338342,10042.535287807146,54.253528780714625,0.0,12665.051454119057,14.94,0.7,0.0,0.0,5.0
1835,8,train_0592,12433.928491504454,10536.858453854305,103.68584538543055,0.0,12537.614336889885,16.4,0.72,0.0,0.0,5.0
1836,8,train_0148,12415.597569341553,10804.626469920177,130.46264699201765,0.0,12546.060216333572,17.76,0.8,0.0,0.0,5.0
1837,8,train_0560,12486.184000476827,10444.36448114063,94.43644811406303,0.0,12580.620448590891,17.6,0.78,0.0,0.0,5.0
1838,8,train_0082,12519.313350288117,10544.018015332313,104.40180153323126,0.0,12623.715151821349,16.92,0.68,0.0,0.0,5.0
1839,8,train_0402,12352.59088684117,10728.022220055638,122.80222200556382,0.0,12475.393108846734,17.64,0.78,0.0,0.0,5.0
1840,9,train_0235,12574.072666623666,10492.060784392037,99.20607843920371,0.0,12673.27874506287,16.0,0.74,0.0,0.0,5.0
1841,9,train_0225,12530.262970292817,10315.954329824828,81.59543298248282,0.0,12611.8584032753,16.54,0.56,0.0,0.0,5.0
1842,9,train_0253,12026.771866258143,10197.02709420674,69.702709420674,0.0,12096.474575678816,16.78,0.6,0.0,0.0,5.0
1843,9,train_0438,12239.930379009267,10531.392400516983,103.1392400516983,0.0,12343.069619060965,16.4,0.58,0.0,0.0,5.0
1844,9,train_0163,12921.3475018015,10354.02112447744,85.402112447744,0.0,13006.749614249244,15.14,0.84,0.0,0.0,5.0
1845,9,train_0385,12817.82774860025,10972.469524320024,147.24695243200242,0.0,12965.074701032252,16.3,0.68,0.0,0.0,5.0
1846,9,train_0586,12206.278279936456,10535.46300332983,103.5463003329831,0.0,12309.824580269438,14.88,0.68,0.0,0.0,5.0
1847,9,train_0330,11950.360585121563,10159.587830164008,65.95878301640077,0.0,12016.319368137963,15.94,0.62,0.0,0.0,5.0
1848,9,train_0400,12787.692041226663,10773.452393400663,127.3452393400663,0.0,12915.037280566728,15.76,0.7,0.0,0.0,5.0
1849,9,train_0142,12550.640593647006,10874.020150992947,137.40201509929466,0.0,12688.0426087463,15.08,0.66,0.0,0.0,5.0
1850,9,train_0218,12794.769639201015,10378.711198229385,87.87111982293845,0.0,12882.640759023954,16.62,0.7,0.0,0.0,5.0
1851,9,train_0083,12210.325209539766,10182.890106553634,68.28901065536338,0.0,12278.61422019513,14.72,0.72,0.0,0.0,5.0
1852,9,train_0083,11939.902252198237,10309.468805376593,80.94688053765931,0.0,12020.849132735897,13.9,0.76,0.0,0.0,5.0
1853,9,train_0035,12602.145349061484,11308.816147648293,180.8816147648293,0.0,12783.026963826313,16.18,0.72,0.0,0.0,5.0
1854,9,train_0006,12346.23496766963,10303.798500825542,80.37985008255419,0.0,12426.614817752185,15.94,0.68,0.0,0.0,5.0
1855,9,train_0081,12260.726605548572,10362.632416610304,86.2632416610304,0.0,12346.989847209603,17.44,0.76,0.0,0.0,5.0
1856,9,train_0554,12412.782947068328,10210.505073705444,71.05050737054444,0.0,12483.833454438873,14.06,0.74,0.0,0.0,5.0
1857,9,train_0599,12032.026304547422,10430.562376693384,93.05623766933842,0.0,12125.08254221676,15.92,0.62,0.0,0.0,5.0
1858,9,train_0179,12178.72066403185,10519.945848587882,101.99458485878823,0.0,12280.71524889064,14.68,0.6,0.0,0.0,5.0
1859,9,train_0270,12213.707830329433,10699.3503815779,119.93503815779005,0.0,12333.642868487223,15.54,0.74,0.0,0.0,5.0
1860,9,train_0121,12122.363843676694,10501.600710350323,100.16007103503235,0.0,12222.523914711726,14.24,0.68,0.0,0.0,5.0
1861,9,train_0539,12374.302670673878,10303.14907133051,80.31490713305102,0.0,12454.61757780693,15.02,0.7,0.0,0.0,5.0
1862,9,train_0154,12827.163413077607,10741.639969231437,124.16399692314371,0.0,12951.327410000751,17.72,0.72,0.0,0.0,5.0
1863,9,train_0437,11428.83925506041,9797.994007053698,29.799400705369774,0.0,11458.638655765779,15.88,0.66,0.0,0.0,5.0
1864,9,train_0075,12329.273037248016,10619.325287519063,111.93252875190629,0.0,12441.205565999922,17.54,0.74,0.0,0.0,5.0
1865,9,train_0070,11863.70667431442,10018.719175770788,51.87191757707879,0.0,11915.578591891499,16.22,0.64,0.0,0.0,5.0
1866,9,train_0501,12478.11451889887,10622.128223421583,112.21282234215833,0.0,12590.327341241029,18.14,0.66,0.0,0.0,5.0
1867,9,train_0239,12372.709844498748,10525.842791307008,102.58427913070082,0.0,12475.294123629448,14.88,0.6,0.0,0.0,5.0
1868,9,train_0473,12132.030582645984,10570.94600625665,107.09460062566505,0.0,12239.12518327165,17.38,0.7,0.0,0.0,5.0
1869,9,train_0141,12706.748600212024,10418.422451460545,91.8422451460545,0.0,12798.590845358078,13.44,0.76,0.0,0.0,5.0
1870,9,train_0270,12244.79365391409,10500.110723327023,100.01107233270233,0.0,12344.804726246792,16.1,0.68,0.0,0.0,5.0
1871,9,train_0327,12432.948720712575,10655.253381891212,115.52533818912126,0.0,12548.474058901696,17.64,0.7,0.0,0.0,5.0
1872,9,train_0535,12046.682515819404,10453.838221085403,95.38382210854034,0.0,12142.066337927945,14.76,0.6,0.0,0.0,5.0
1873,9,train_0047,12078.129768988181,10353.011978679437,85.30119786794367,0.0,12163.430966856125,15.2,0.78,0.0,0.0,5.0
1874,9,train_0299,12319.585221076755,10566.620859016262,106.66208590162624,0.0,12426.247306978381,15.42,0.78,0.0,0.0,5.0
1875,9,train_0266,12206.874180648947,10709.426471442628,120.94264714426282,0.0,12327.816827793209,15.34,0.72,0.0,0.0,5.0
1876,9,train_0276,12132.216662894025,10362.615093510636,86.26150935106362,0.0,12218.478172245088,14.22,0.76,0.0,0.0,5.0
1877,9,train_0129,12976.924227466814,10752.327143209055,125.23271432090552,0.0,13102.15694178772,14.98,0.72,0.0,0.0,5.0
1878,9,train_0050,12165.329612543504,10540.486477910319,104.04864779103191,0.0,12269.378260334537,16.14,0.66,0.0,0.0,5.0
1879,9,train_0175,12030.478639514162,10395.066783096263,89.5066783096263,0.0,12119.985317823788,17.0,0.72,0.0,0.0,5.0
1880,9,train_0086,11850.129789644836,9919.538790046541,41.95387900465412,0.0,11892.08366864949,16.18,0.76,0.0,0.0,5.0
1881,9,train_0371,11970.6281491605,10462.106812432481,96.21068124324812,0.0,12066.838830403749,16.32,0.62,0.0,0.0,5.0
1882,9,train_0081,12144.563287716286,10491.119531233899,99.11195312338987,0.0,12243.675240839675,17.84,0.76,0.0,0.0,5.0
1883,9,train_0127,12295.82115016179,10792.533098499303,129.25330984993033,0.0,12425.07446001172,15.9,0.82,0.0,0.0,5.0
1884,9,train_0155,12307.069922406743,10696.205331176838,119.62053311768378,0.0,12426.690455524427,16.18,0.68,0.0,0.0,5.0
1885,9,train_0017,12369.82109675226,10479.593765381389,97.9593765381389,0.0,12467.780473290399,14.64,0.56,0.0,0.0,5.0
1886,9,train_0373,12504.288286869772,10724.996128493438,122.4996128493438,0.0,12626.787899719116,14.48,0.72,0.0,0.0,5.0
1887,9,train_0422,12517.913164009502,10304.22503281691,80.42250328169104,0.0,12598.335667291192,15.32,0.66,0.0,0.0,5.0
1888,9,train_0428,12192.837369311514,10827.873933940169,132.7873933940169,0.0,12325.62476270553,16.7,0.74,0.0,0.0,5.0
1889,9,train_0278,12353.94254168324,10385.678302335193,88.56783023351927,0.0,12442.51037191676,15.86,0.72,0.0,0.0,5.0
1890,9,train_0082,12689.290654844408,10482.884751491281,98.28847514912815,0.0,12787.579129993535,15.36,0.64,0.0,0.0,5.0
1891,9,train_0466,12310.906812494773,10775.600358226084,127.56003582260837,0.0,12438.466848317381,17.26,0.72,0.0,0.0,5.0
1892,9,train_0585,12265.74821146192,10772.680611620119,127.26806116201188,0.0,12393.016272623932,14.28,0.68,0.0,0.0,5.0
1893,9,train_0334,12116.476438445567,10462.48499888159,96.24849988815896,0.0,12212.724938333726,18.0,0.7,0.0,0.0,5.0
1894,9,train_0034,12456.426859224086,10142.438570625343,64.24385706253433,0.0,12520.67071628662,15.58,0.7,0.0,0.0,5.0
1895,9,train_0286,12505.885522672477,10633.950679904976,113.3950679904976,0.0,12619.280590662975,15.82,0.82,0.0,0.0,5.0
1896,9,train_0445,12881.420619762246,11135.53082639285,163.55308263928492,0.0,13044.97370240153,17.72,0.76,0.0,0.0,5.0
1897,9,train_0012,12633.627405018626,10797.830543954553,129.7830543954553,0.0,12763.41045941408,16.1,0.8,0.0,0.0,5.0
1898,9,train_0544,12663.21615972789,11158.284487345549,165.82844873455488,0.0,12829.044608462445,15.24,0.7,0.0,0.0,5.0
1899,9,train_0355,12505.111954501832,10230.170937982068,73.01709379820677,0.0,12578.12904830004,15.94,0.64,0.0,0.0,5.0
1900,9,train_0408,12141.202649742147,10323.8055076417,82.38055076417004,0.0,12223.583200506317,15.64,0.62,0.0,0.0,5.0
1901,9,train_0491,12321.5743551887,10552.30296506241,105.23029650624103,0.0,12426.804651694942,14.88,0.6,0.0,0.0,5.0
1902,9,train_0558,12993.629792407735,10491.213798045486,99.12137980454864,0.0,13092.751172212284,16.28,0.68,0.0,0.0,5.0
1903,9,train_0367,12184.160894879089,10410.468174366233,91.04681743662331,0.0,12275.207712315712,15.14,0.8,0.0,0.0,5.0
1904,9,train_0160,12432.551174141016,10203.215128304586,70.3215128304586,0.0,12502.872686971474,16.16,0.64,0.0,0.0,5.0
1905,9,train_0207,12050.686244055607,10054.924627032442,55.4924627032442,0.0,12106.178706758852,16.34,0.76,0.0,0.0,5.0
1906,9,train_0105,12449.796929013115,10192.33088179752,69.23308817975195,0.0,12519.030017192867,15.58,0.6,0.0,0.0,5.0
1907,9,train_0160,12527.753722266261,10489.662997523857,98.96629975238575,0.0,12626.720022018648,16.74,0.5,0.0,0.0,5.0
1908,9,train_0294,11981.032551351649,10361.651419430144,86.16514194301436,0.0,12067.197693294664,17.38,0.74,0.0,0.0,5.0
1909,9,train_0455,12627.171312256318,11387.756701653292,188.77567016532922,0.0,12815.946982421647,17.88,0.76,0.0,0.0,5.0
1910,9,train_0486,12398.797044027686,10914.4937552632,141.44937552632,0.0,12540.246419554005,15.12,0.7,0.0,0.0,5.0
1911,9,train_0272,12356.212674101283,10456.106004807938,95.6106004807938,0.0,12451.823274582077,15.04,0.66,0.0,0.0,5.0
1912,9,train_0210,12203.5305155884,10349.99793098678,84.99979309867796,0.0,12288.530308687077,13.96,0.6,0.0,0.0,5.0
1913,9,train_0067,11864.935418610243,10240.845548188441,74.08455481884413,0.0,11939.019973429087,17.04,0.62,0.0,0.0,5.0
1914,9,train_0166,11801.624431674521,10314.473933847989,81.44739338479886,0.0,11883.07182505932,15.2,0.7,0.0,0.0,5.0
1915,9,train_0448,12112.78723820325,10450.729346919172,95.07293469191718,0.0,12207.860172895167,15.32,0.78,0.0,0.0,5.0
1916,9,train_0529,12666.129469078904,10243.606090671612,74.3606090671612,0.0,12740.490078146066,17.06,0.78,0.0,0.0,5.0
1917,9,train_0190,12829.047470876481,10728.669714088821,122.8669714088821,0.0,12951.914442285364,17.04,0.72,0.0,0.0,5.0
1918,9,train_0243,12133.938814995165,11098.82769531687,159.882769531687,0.0,12293.821584526851,18.28,0.74,0.0,0.0,5.0
1919,9,train_0340,12225.429612239619,10708.448250286707,120.84482502867068,0.0,12346.27443726829,15.72,0.72,0.0,0.0,5.0
1920,9,train_0497,12563.78129714756,10247.759264697688,74.77592646976882,0.0,12638.557223617328,16.28,0.68,0.0,0.0,5.0
1921,9,train_0413,12742.028542423997,10770.202173689197,127.02021736891966,0.0,12869.048759792917,16.28,0.72,0.0,0.0,5.0
1922,9,train_0561,12792.831968750732,10579.730213709823,107.97302137098232,0.0,12900.804990121715,18.26,0.78,0.0,0.0,5.0
1923,9,train_0565,12564.416410558737,10927.792054771846,142.7792054771846,0.0,12707.195616035922,16.3,0.76,0.0,0.0,5.0
1924,9,train_0321,12421.302874587553,10293.573113666365,79.35731136663654,0.0,12500.66018595419,16.56,0.72,0.0,0.0,5.0
1925,9,train_0195,12704.0748544,10500.972306279642,100.09723062796421,0.0,12804.172085027963,17.74,0.72,0.0,0.0,5.0
1926,9,train_0273,12562.466422291316,10774.307040717435,127.43070407174346,0.0,12689.89712636306,17.2,0.78,0.0,0.0,5.0
1927,9,train_0231,12348.785669230077,10550.967479261453,105.09674792614533,0.0,12453.882417156223,14.78,0.74,0.0,0.0,5.0
1928,9,train_0110,12436.839484914859,10593.927596246658,109.39275962466581,0.0,12546.232244539526,17.12,0.64,0.0,0.0,5.0
1929,9,train_0029,12223.519995273273,10554.179069267046,105.41790692670457,0.0,12328.937902199978,17.06,0.78,0.0,0.0,5.0
1930,9,train_0472,12515.623773055315,10437.951777180384,93.7951777180384,0.0,12609.418950773354,17.1,0.72,0.0,0.0,5.0
1931,9,train_0007,13135.849530147045,11043.138510945384,154.31385109453842,0.0,13290.163381241584,15.2,0.64,0.0,0.0,5.0
1932,9,train_0009,12261.104304069131,10531.396532876039,103.13965328760388,0.0,12364.243957356735,16.7,0.64,0.0,0.0,5.0
1933,9,train_0050,12158.673053170369,10793.069469745475,129.30694697454746,0.0,12287.980000144917,14.94,0.8,0.0,0.0,5.0
1934,9,train_0583,12402.684637710012,10443.04717336205,94.30471733620507,0.0,12496.989355046217,15.32,0.88,0.0,0.0,5.0
1935,9,train_0476,12149.778477959466,10414.163359569331,91.41633595693311,0.0,12241.1948139164,19.8,0.58,0.0,0.0,5.0
1936,9,train_0502,12809.198849816239,10226.967528667461,72.69675286674611,0.0,12881.895602682986,16.4,0.74,0.0,0.0,5.0
1937,9,train_0025,12330.501420258053,10618.50357597354,111.85035759735402,0.0,12442.351777855407,15.62,0.7,0.0,0.0,5.0
1938,9,train_0598,12325.394585143677,10284.270578765529,78.42705787655287,0.0,12403.82164302023,14.06,0.72,0.0,0.0,5.0
1939,9,train_0106,12887.21429334069,10685.518103185485,118.55181031854846,0.0,13005.766103659238,17.48,0.7,0.0,0.0,5.0
1940,9,train_0157,12025.935165051387,10717.618563815131,121.7618563815131,0.0,12147.697021432901,15.88,0.82,0.0,0.0,5.0
1941,9,train_0554,12420.611927594033,10292.974833306474,79.29748333064745,0.0,12499.90941092468,13.28,0.74,0.0,0.0,5.0
1942,9,train_0487,12347.726974807354,10752.822038377333,125.28220383773333,0.0,12473.009178645087,14.6,0.82,0.0,0.0,5.0
1943,9,train_0159,11927.375242730399,10018.830992746662,51.883099274666165,0.0,11979.258342005065,17.68,0.64,0.0,0.0,5.0
1944,9,train_0228,12167.020164729445,10531.480191639705,103.14801916397046,0.0,12270.168183893416,15.66,0.76,0.0,0.0,5.0
1945,9,train_0283,12364.319141230939,10779.315622911454,127.93156229114538,0.0,12492.250703522084,16.32,0.72,0.0,0.0,5.0
1946,9,train_0064,12492.980570355812,10951.159529932174,145.11595299321743,0.0,12638.09652334903,17.46,0.76,0.0,0.0,5.0
1947,9,train_0471,12618.89585794957,10497.413593582502,99.74135935825016,0.0,12718.63721730782,14.88,0.68,0.0,0.0,5.0
1948,9,train_0542,12220.589836360774,10185.894998537464,68.58949985374639,0.0,12289.17933621452,15.84,0.62,0.0,0.0,5.0
1949,9,train_0010,12512.475666725815,10439.707557345397,93.97075573453968,0.0,12606.446422460354,16.56,0.72,0.0,0.0,5.0
1950,9,train_0496,12520.67913137791,10198.639346635979,69.86393466359787,0.0,12590.543066041508,17.88,0.68,0.0,0.0,5.0
1951,9,train_0486,12601.621525313756,10762.354794582523,126.23547945825231,0.0,12727.857004772008,16.42,0.78,0.0,0.0,5.0
1952,9,train_0419,12451.421998136886,10377.109611512253,87.71096115122528,0.0,12539.132959288112,16.04,0.68,0.0,0.0,5.0
1953,9,train_0268,12270.106836807132,10485.487289941797,98.5487289941797,0.0,12368.655565801311,15.38,0.72,0.0,0.0,5.0
1954,9,train_0132,12483.860606359936,10447.798781436544,94.77987814365443,0.0,12578.64048450359,17.64,0.78,0.0,0.0,5.0
1955,9,train_0387,12004.509225507132,10333.31922453138,83.33192245313803,0.0,12087.841147960271,15.34,0.76,0.0,0.0,5.0
1956,9,train_0166,12160.769782324121,10103.796937233277,60.37969372332773,0.0,12221.149476047449,14.8,0.72,0.0,0.0,5.0
1957,9,train_0147,12335.163079925262,11000.489102839161,150.04891028391611,0.0,12485.211990209178,16.8,0.7,0.0,0.0,5.0
1958,9,train_0256,12391.061942299657,10479.597258853642,97.95972588536425,0.0,12489.021668185022,16.76,0.68,0.0,0.0,5.0
1959,9,train_0114,12060.59589020002,10548.406814326569,104.84068143265687,0.0,12165.436571632677,16.1,0.62,0.0,0.0,5.0
1960,9,train_0397,12466.90389985789,10232.186691923751,73.21866919237509,0.0,12540.122569050265,17.04,0.92,0.0,0.0,5.0
1961,9,train_0187,12136.218702542586,10329.471628005678,82.94716280056782,0.0,12219.165865343155,15.26,0.8,0.0,0.0,5.0
1962,9,train_0454,12800.34010512081,10661.140730403626,116.11407304036257,0.0,12916.454178161172,17.0,0.76,0.0,0.0,5.0
1963,9,train_0308,12097.340531009655,10276.625890172856,77.66258901728561,0.0,12175.00312002694,17.66,0.76,0.0,0.0,5.0
1964,9,train_0162,11679.705298150246,10253.03171427895,75.303171427895,0.0,11755.00846957814,16.16,0.7,0.0,0.0,5.0
1965,9,train_0073,11946.665920843949,10442.400974868295,94.24009748682948,0.0,12040.906018330777,14.08,0.6,0.0,0.0,5.0
1966,9,train_0440,12459.122873452328,10894.96649643056,139.49664964305595,0.0,12598.619523095384,14.08,0.68,0.0,0.0,5.0
1967,9,train_0192,12664.170712475334,10517.232772637317,101.72327726373169,0.0,12765.893989739066,17.38,0.8,0.0,0.0,5.0
1968,9,train_0055,12442.30595781462,10561.423479493431,106.1423479493431,0.0,12548.448305763963,13.88,0.7,0.0,0.0,5.0
1969,9,train_0078,12285.452615223861,10526.872535808347,102.68725358083466,0.0,12388.139868804696,14.28,0.66,0.0,0.0,5.0
1970,9,train_0225,12250.500881235068,10594.066538878207,109.40665388782072,0.0,12359.90753512289,17.02,0.48,0.0,0.0,5.0
1971,9,train_0364,12099.614404771584,10714.90769422998,121.49076942299799,0.0,12221.105174194583,16.22,0.7,0.0,0.0,5.0
1972,9,train_0298,12012.435629198826,9802.425810118575,30.24258101185751,0.0,12042.678210210684,14.58,0.74,0.0,0.0,5.0
1973,9,train_0370,12542.084355333307,10486.054323828315,98.60543238283154,0.0,12640.68978771614,14.0,0.62,0.0,0.0,5.0
1974,9,train_0152,12485.867395757052,10276.241605120007,77.62416051200071,0.0,12563.491556269053,17.0,0.74,0.0,0.0,5.0
1975,9,train_0024,12171.882157019672,9865.367385967442,36.53673859674418,0.0,12208.418895616416,15.22,0.58,0.0,0.0,5.0
1976,9,train_0443,12700.295230476364,10788.710610212782,128.8710610212782,0.0,12829.166291497642,17.2,0.82,0.0,0.0,5.0
1977,9,train_0174,12311.09212254112,10448.097770622593,94.80977706225931,0.0,12405.90189960338,15.9,0.68,0.0,0.0,5.0
1978,9,train_0109,12513.427347546032,10688.736670128717,118.87366701287175,0.0,12632.301014558903,16.6,0.68,0.0,0.0,5.0
1979,9,train_0460,12325.159045280645,10447.211811780177,94.72118117801766,0.0,12419.880226458663,13.94,0.72,0.0,0.0,5.0
1980,9,train_0298,11818.707063089041,10039.722432718965,53.97224327189652,0.0,11872.679306360938,14.64,0.72,0.0,0.0,5.0
1981,9,train_0148,12547.277430464324,10570.27511236446,107.02751123644595,0.0,12654.30494170077,16.32,0.68,0.0,0.0,5.0
1982,9,train_0502,12455.412836686075,10546.662386079423,104.66623860794226,0.0,12560.079075294017,14.86,0.72,0.0,0.0,5.0
1983,9,train_0044,12769.046012965875,10856.11999090193,135.61199909019305,0.0,12904.658012056068,16.8,0.66,0.0,0.0,5.0
1984,9,train_0506,11929.269047811162,10395.194271296077,89.51942712960772,0.0,12018.78847494077,15.62,0.8,0.0,0.0,5.0
1985,9,train_0135,12697.295881243086,10353.040879188422,85.3040879188422,0.0,12782.599969161929,17.38,0.84,0.0,0.0,5.0
1986,9,train_0457,12363.599768660737,10609.412358674463,110.94123586744627,0.0,12474.541004528182,15.76,0.68,0.0,0.0,5.0
1987,9,train_0452,12282.011417634145,10169.529457450746,66.95294574507462,0.0,12348.96436337922,15.16,0.74,0.0,0.0,5.0
1988,9,train_0266,12580.446646240636,10378.563521236247,87.85635212362467,0.0,12668.302998364261,15.38,0.78,0.0,0.0,5.0
1989,9,train_0376,12093.343059389368,10430.818084305905,93.08180843059054,0.0,12186.424867819958,15.1,0.82,0.0,0.0,5.0
1990,9,train_0238,12313.456515364021,10311.855708106428,81.18557081064283,0.0,12394.642086174665,16.26,0.72,0.0,0.0,5.0
1991,9,train_0264,11986.654813863668,10163.746072146621,66.37460721466213,0.0,12053.02942107833,15.4,0.76,0.0,0.0,5.0
1992,9,train_0295,12372.790538531575,10189.394945381944,68.93949453819441,0.0,12441.730033069769,16.78,0.66,0.0,0.0,5.0
1993,9,train_0422,12212.326185546131,10755.994124838653,125.59941248386531,0.0,12337.925598029997,14.6,0.5,0.0,0.0,5.0
1994,9,train_0517,12420.966058238126,10711.854602887404,121.18546028874044,0.0,12542.151518526865,16.74,0.8,0.0,0.0,5.0
1995,9,train_0309,12523.036521645972,10590.981211652432,109.09812116524319,0.0,12632.134642811216,14.0,0.64,0.0,0.0,5.0
1996,9,train_0203,12569.076959733075,10634.221899821576,113.42218998215759,0.0,12682.499149715231,12.94,0.78,0.0,0.0,5.0
1997,9,train_0061,12268.243390863408,10255.897909793348,75.5897909793348,0.0,12343.833181842743,14.58,0.76,0.0,0.0,5.0
1998,9,train_0276,12163.716658440493,10145.233080656402,64.52330806564024,0.0,12228.239966506133,13.92,0.72,0.0,0.0,5.0
1999,9,train_0033,12583.990135764578,10866.393783721414,136.63937837214144,0.0,12720.629514136719,15.5,0.72,0.0,0.0,5.0
2000,9,train_0246,12122.325650659113,10405.778320233469,90.57783202334686,0.0,12212.90348268246,16.82,0.7,0.0,0.0,5.0
2001,9,train_0353,12283.701297922813,10223.181515479235,72.31815154792348,0.0,12356.019449470736,18.22,0.74,0.0,0.0,5.0
2002,9,train_0113,12314.214666971828,10017.346971631048,51.73469716310483,0.0,12365.949364134933,17.98,0.76,0.0,0.0,5.0
2003,9,train_0480,12494.666035390372,10410.2496983824,91.02496983824004,0.0,12585.691005228611,14.6,0.6,0.0,0.0,5.0
2004,9,train_0335,12506.888268220438,11038.965783623702,153.8965783623702,0.0,12660.784846582808,17.8,0.66,0.0,0.0,5.0
2005,9,train_0508,12651.02946638241,11019.528583506548,151.9528583506548,0.0,12802.982324733064,14.42,0.8,0.0,0.0,5.0
2006,9,train_0167,12248.139801257068,10293.270828143644,79.32708281436445,0.0,12327.466884071433,14.32,0.64,0.0,0.0,5.0
2007,9,train_0518,12494.261715249175,10593.187173494665,109.31871734946654,0.0,12603.580432598641,16.28,0.7,0.0,0.0,5.0
2008,9,train_0501,12127.948158287682,10817.785394269818,131.77853942698184,0.0,12259.726697714663,18.14,0.66,0.0,0.0,5.0
2009,9,train_0465,12570.284257021547,10733.97396400253,123.39739640025292,0.0,12693.6816534218,16.3,0.64,0.0,0.0,5.0
2010,9,train_0098,12224.243810599768,10210.602127703394,71.06021277033942,0.0,12295.304023370107,14.38,0.84,0.0,0.0,5.0
2011,9,train_0523,12091.224272449159,10240.169874465602,74.01698744656024,0.0,12165.24125989572,15.62,0.68,0.0,0.0,5.0
2012,9,train_0076,12455.640444293143,10534.816259808671,103.48162598086711,0.0,12559.12207027401,14.92,0.7,0.0,0.0,5.0
2013,9,train_0204,12279.611749819427,10993.893208612382,149.38932086123825,0.0,12429.001070680666,16.96,0.66,0.0,0.0,5.0
2014,9,train_0072,12623.592158258203,10621.988361126372,112.19883611263722,0.0,12735.79099437084,15.88,0.72,0.0,0.0,5.0
2015,9,train_0279,12459.968534859494,10273.69486469496,77.36948646949605,0.0,12537.33802132899,16.84,0.68,0.0,0.0,5.0
2016,9,train_0293,11956.462698248179,10361.655132363678,86.16551323636777,0.0,12042.628211484547,15.62,0.64,0.0,0.0,5.0
2017,9,train_0333,12636.141218918312,10717.959403627654,121.7959403627654,0.0,12757.937159281077,16.02,0.74,0.0,0.0,5.0
2018,9,train_0221,12351.218421393582,10604.71346629148,110.47134662914796,0.0,12461.68976802273,16.66,0.62,0.0,0.0,5.0
2019,9,train_0098,12155.161976185114,10469.63201539303,96.96320153930301,0.0,12252.125177724418,14.84,0.62,0.0,0.0,5.0
2020,9,train_0156,12307.577904127236,10073.690250170595,57.36902501705954,0.0,12364.946929144297,16.48,0.76,0.0,0.0,5.0
2021,9,train_0527,12527.487691484934,10303.311270064547,80.33112700645471,0.0,12607.818818491389,16.12,0.72,0.0,0.0,5.0
2022,9,train_0297,12277.16875874719,10182.807663055213,68.28076630552133,0.0,12345.44952505271,13.58,0.6,0.0,0.0,5.0
2023,9,train_0419,12306.042897829744,10419.519471289197,91.95194712891971,0.0,12397.994844958665,15.58,0.82,0.0,0.0,5.0
2024,9,train_0035,13048.774525503879,10782.13066355807,128.21306635580694,0.0,13176.987591859686,17.7,0.64,0.0,0.0,5.0
2025,9,train_0329,12113.55228905816,10645.966987160196,114.59669871601965,0.0,12228.148987774179,18.78,0.74,0.0,0.0,5.0
2026,9,train_0044,12674.15934622419,11087.169564848435,158.71695648484348,0.0,12832.876302709034,17.42,0.68,0.0,0.0,5.0
2027,9,train_0042,12406.986601361614,10281.09435145409,78.10943514540905,0.0,12485.096036507022,16.08,0.72,0.0,0.0,5.0
2028,9,train_0075,12292.846595277031,10627.05278831319,112.70527883131909,0.0,12405.55187410835,18.14,0.82,0.0,0.0,5.0
2029,9,train_0252,11910.524378673734,10237.584291889954,73.75842918899544,0.0,11984.28280786273,15.72,0.74,0.0,0.0,5.0
2030,9,train_0102,12202.122504002074,10501.694833443467,100.16948334434674,0.0,12302.291987346422,14.32,0.72,0.0,0.0,5.0
2031,9,train_0403,12637.62346909357,10762.025135649925,126.20251356499249,0.0,12763.825982658564,14.72,0.7,0.0,0.0,5.0
2032,9,train_0450,11980.058570448573,10439.325026220205,93.93250262202055,0.0,12073.991073070594,14.86,0.7,0.0,0.0,5.0
2033,9,train_0142,12601.142017547087,10926.238010345613,142.62380103456127,0.0,12743.765818581647,15.46,0.74,0.0,0.0,5.0
2034,9,train_0079,12335.261984059747,10680.368080995755,118.03680809957551,0.0,12453.298792159323,16.72,0.62,0.0,0.0,5.0
2035,9,train_0219,12555.124164986793,10544.93822315831,104.49382231583095,0.0,12659.617987302625,16.0,0.7,0.0,0.0,5.0
2036,9,train_0052,12672.940315576332,10430.287122782214,93.02871227822143,0.0,12765.969027854553,15.6,0.76,0.0,0.0,5.0
2037,9,train_0368,12331.55391160597,10626.743488430746,112.6743488430746,0.0,12444.228260449045,15.72,0.72,0.0,0.0,5.0
2038,9,train_0089,12561.165846766122,10835.384506170776,133.53845061707761,0.0,12694.7042973832,16.52,0.72,0.0,0.0,5.0
2039,9,train_0581,12253.388112706047,10136.020433251317,63.602043325131675,0.0,12316.99015603118,17.54,0.82,0.0,0.0,5.0
2040,9,train_0425,12603.791994256724,10743.519961325183,124.35199613251825,0.0,12728.143990389242,14.1,0.56,0.0,0.0,5.0
2041,9,train_0109,12619.116676985119,10652.611124175695,115.26111241756954,0.0,12734.377789402688,16.76,0.76,0.0,0.0,5.0
2042,9,train_0194,12273.457567081086,10673.928012034397,117.39280120343975,0.0,12390.850368284526,15.06,0.62,0.0,0.0,5.0
2043,9,train_0249,12681.164364628701,10417.009705419801,91.70097054198014,0.0,12772.865335170682,15.7,0.7,0.0,0.0,5.0
2044,9,train_0371,11999.745733222848,10585.19821712894,108.51982171289401,0.0,12108.265554935742,16.14,0.64,0.0,0.0,5.0
2045,9,train_0000,12268.40742940818,10169.097369849873,66.90973698498729,0.0,12335.317166393168,16.16,0.76,0.0,0.0,5.0
2046,9,train_0385,12771.541550762036,10566.218472029212,106.62184720292117,0.0,12878.163397964958,17.12,0.72,0.0,0.0,5.0
2047,9,train_0252,11972.969451669444,10062.058133122991,56.20581331229914,0.0,12029.175264981743,16.96,0.66,0.0,0.0,5.0
2048,10,train_0495,12188.741342416895,10834.56936523947,133.45693652394695,0.0,12322.198278940843,16.66,0.74,0.0,0.0,5.0
2049,10,train_0101,12186.980226152184,10545.268903692704,104.5268903692704,0.0,12291.507116521454,18.02,0.8,0.0,0.0,5.0
2050,10,train_0052,12506.5082609788,10733.522293028174,123.35222930281743,0.0,12629.860490281619,16.7,0.7,0.0,0.0,5.0
2051,10,train_0427,12128.371791311009,10588.25497095993,108.82549709599299,0.0,12237.197288407002,14.64,0.66,0.0,0.0,5.0
2052,10,train_0129,12857.971103912358,10764.540797571997,126.45407975719974,0.0,12984.425183669557,15.26,0.76,0.0,0.0,5.0
2053,10,train_0375,12291.487970128634,10761.737023875205,126.17370238752046,0.0,12417.661672516155,13.98,0.78,0.0,0.0,5.0
2054,10,train_0327,12562.413696710653,10717.727520489278,121.77275204892777,0.0,12684.186448759581,16.82,0.66,0.0,0.0,5.0
2055,10,train_0024,12161.506023139487,10126.190424754968,62.619042475496826,0.0,12224.125065614984,15.52,0.7,0.0,0.0,5.0
2056,10,train_0289,12810.684964866456,11036.6512931053,153.66512931053003,0.0,12964.350094176985,16.3,0.66,0.0,0.0,5.0
2057,10,train_0503,12835.67865029357,10403.54929465717,90.35492946571703,0.0,12926.033579759287,14.64,0.68,0.0,0.0,5.0
2058,10,train_0295,12291.619714779255,10178.704289209665,67.87042892096652,0.0,12359.490143700223,16.6,0.62,0.0,0.0,5.0
2059,10,train_0082,12408.086889777944,10429.954834523585,92.99548345235854,0.0,12501.082373230302,16.18,0.62,0.0,0.0,5.0
2060,10,train_0276,11841.418261483372,10701.473522539301,120.14735225393015,0.0,11961.565613737303,12.92,0.8,0.0,0.0,5.0
2061,10,train_0585,12281.404189224631,10890.085324987138,139.0085324987138,0.0,12420.412721723345,12.28,0.76,0.0,0.0,5.0
2062,10,train_0045,12212.0905429447,10476.172963619194,97.6172963619194,0.0,12309.707839306619,14.36,0.72,0.0,0.0,5.0
2063,10,train_0411,13248.251986324947,11062.447251842405,156.24472518424045,0.0,13404.496711509188,15.44,0.74,0.0,0.0,5.0
2064,10,train_0366,12251.793512856391,10408.669801860884,90.86698018608841,0.0,12342.66049304248,15.1,0.64,0.0,0.0,5.0
2065,10,train_0400,12904.022993313232,11273.570281074248,177.35702810742478,0.0,13081.380021420657,14.16,0.72,0.0,0.0,5.0
2066,10,train_0169,11836.342888448135,10211.906649107557,71.19066491075573,0.0,11907.53355335889,15.76,0.78,0.0,0.0,5.0
2067,10,train_0365,12406.614482187993,10869.420905797895,136.94209057978952,0.0,12543.556572767782,17.4,0.6,0.0,0.0,5.0
2068,10,train_0292,12636.96214033206,10267.368544848034,76.73685448480337,0.0,12713.698994816863,17.9,0.74,0.0,0.0,5.0
2069,10,train_0146,12419.322237174036,10368.521638686805,86.85216386868052,0.0,12506.174401042716,15.84,0.7,0.0,0.0,5.0
2070,10,train_0237,12020.267043731863,10404.842737185107,90.48427371851068,0.0,12110.751317450373,16.7,0.66,0.0,0.0,5.0
2071,10,train_0165,12239.556939783259,10138.820838190562,63.88208381905625,0.0,12303.439023602316,16.4,0.78,0.0,0.0,5.0
2072,10,train_0338,12280.965355001263,10691.160745727946,119.11607457279462,0.0,12400.081429574057,16.04,0.8,0.0,0.0,5.0
2073,10,train_0473,12470.226101844073,10253.76138630394,75.37613863039405,0.0,12545.602240474467,18.24,0.7,0.0,0.0,5.0
2074,10,train_0171,12533.249474538618,10976.353556331327,147.63535563313272,0.0,12680.88483017175,15.38,0.78,0.0,0.0,5.0
2075,10,train_0406,12426.103143243572,10410.95023005253,91.09502300525293,0.0,12517.198166248825,17.16,0.66,0.0,0.0,5.0
2076,10,train_0335,12434.671904228844,10796.501093244007,129.65010932440074,0.0,12564.322013553245,17.96,0.62,0.0,0.0,5.0
2077,10,train_0289,12818.2870803857,10292.404234407612,79.24042344076116,0.0,12897.52750382646,16.86,0.66,0.0,0.0,5.0
2078,10,train_0273,12456.170157029963,10639.85179712941,113.98517971294096,0.0,12570.155336742904,16.58,0.72,0.0,0.0,5.0
2079,10,train_0507,12647.284704215344,10291.02167559952,79.10216755995208,0.0,12726.386871775296,15.86,0.74,0.0,0.0,5.0
2080,10,train_0334,12229.700482905464,10477.026523558652,97.70265235586521,0.0,12327.40313526133,15.7,0.74,0.0,0.0,5.0
2081,10,train_0275,12376.928406403504,10523.52199673151,102.35219967315098,0.0,12479.280606076654,15.96,0.66,0.0,0.0,5.0
2082,10,train_0504,12198.703472686977,10652.060309386554,115.20603093865539,0.0,12313.909503625633,14.7,0.76,0.0,0.0,5.0
2083,10,train_0550,12119.6266425826,10779.019745352784,127.90197453527836,0.0,12247.528617117878,16.24,0.62,0.0,0.0,5.0
2084,10,train_0173,12707.331269956045,10681.504125439547,118.15041254395474,0.0,12825.4816825,17.48,0.72,0.0,0.0,5.0
2085,10,train_0342,12372.658399225838,10269.541815141041,76.95418151410414,0.0,12449.612580739942,18.24,0.82,0.0,0.0,5.0
2086,10,train_0146,12118.616774042232,10521.997225935494,102.19972259354945,0.0,12220.816496635782,14.4,0.74,0.0,0.0,5.0
2087,10,train_0401,11819.509795195816,10321.906721423311,82.1906721423311,0.0,11901.700467338147,17.7,0.8,0.0,0.0,5.0
2088,10,train_0449,12608.287013968333,10465.626503265854,96.5626503265854,0.0,12704.849664294918,16.98,0.68,0.0,0.0,5.0
2089,10,train_0053,12152.966151500903,10810.481953697737,131.04819536977377,0.0,12284.014346870677,16.82,0.66,0.0,0.0,5.0
2090,10,train_0429,12701.836983818062,10491.990943548815,99.19909435488154,0.0,12801.036078172943,14.64,0.68,0.0,0.0,5.0
2091,10,train_0447,12273.050428521383,10601.768739568739,110.1768739568739,0.0,12383.227302478257,17.14,0.66,0.0,0.0,5.0
2092,10,train_0097,12361.267605588142,10074.284989517853,57.428498951785336,0.0,12418.696104539928,16.74,0.8,0.0,0.0,5.0
2093,10,train_0111,12060.86516747175,10452.972829944116,95.29728299441159,0.0,12156.162450466161,15.74,0.64,0.0,0.0,5.0
2094,10,train_0051,12289.927753177937,10669.030764462012,116.90307644620117,0.0,12406.830829624138,16.92,0.64,0.0,0.0,5.0
2095,10,train_0343,12898.721891407531,10821.15622963025,132.1156229630251,0.0,13030.837514370556,16.76,0.68,0.0,0.0,5.0
2096,10,train_0275,12409.39112595204,10287.542213047687,78.75422130476873,0.0,12488.145347256808,14.64,0.64,0.0,0.0,5.0
2097,10,train_0568,12347.13069120698,11132.531258445571,163.25312584455716,0.0,12510.383817051537,17.36,0.8,0.0,0.0,5.0
2098,10,train_0332,12012.531397415489,10278.3147882187,77.83147882187005,0.0,12090.36287623736,17.14,0.62,0.0,0.0,5.0
2099,10,train_0050,12312.052212093995,10475.836718775256,97.58367187752556,0.0,12409.635883971521,15.84,0.58,0.0,0.0,5.0
2100,10,train_0153,12322.806771813783,10542.0021652816,104.20021652815996,0.0,12427.006988341942,15.1,0.6,0.0,0.0,5.0
2101,10,train_0126,12233.8209438681,10484.95359912081,98.49535991208104,0.0,12332.316303780182,15.78,0.74,0.0,0.0,5.0
2102,10,train_0451,12625.60563827759,10911.6790721874,141.16790721874005,0.0,12766.77354549633,15.0,0.62,0.0,0.0,5.0
2103,10,train_0559,12590.541114748294,10370.45696431003,87.04569643100295,0.0,12677.586811179297,19.14,0.64,0.0,0.0,5.0
2104,10,train_0203,12645.356715089927,10802.323507068108,130.23235070681076,0.0,12775.589065796737,12.66,0.62,0.0,0.0,5.0
2105,10,train_0195,12665.210244849122,11081.541911237136,158.15419112371364,0.0,12823.364435972835,18.02,0.8,0.0,0.0,5.0
2106,10,train_0317,12292.973827668739,10453.709865426392,95.37098654263919,0.0,12388.344814211378,16.42,0.7,0.0,0.0,5.0
2107,10,train_0314,12182.34275879317,10334.53683569449,83.45368356944891,0.0,12265.796442362618,15.14,0.72,0.0,0.0,5.0
2108,10,train_0377,12098.025907888834,10694.952823347488,119.49528233474885,0.0,12217.521190223582,16.12,0.84,0.0,0.0,5.0
2109,10,train_0542,12174.832857212816,10034.047215409806,53.40472154098061,0.0,12228.237578753797,15.8,0.72,0.0,0.0,5.0
2110,10,train_0536,12466.013799931445,10407.845633701463,90.78456337014632,0.0,12556.79836330159,14.9,0.76,0.0,0.0,5.0
2111,10,train_0561,12187.713677411492,10716.708616993703,121.67086169937029,0.0,12309.384539110863,17.22,0.64,0.0,0.0,5.0
2112,10,train_0474,12420.41809250015,10656.677136503022,115.66771365030218,0.0,12536.085806150451,15.34,0.74,0.0,0.0,5.0
2113,10,train_0439,12346.980635583448,10515.193340326894,101.51933403268941,0.0,12448.499969616138,14.28,0.8,0.0,0.0,5.0
2114,10,train_0018,12406.054069069243,10513.086998146868,101.30869981468678,0.0,12507.36276888393,15.8,0.6,0.0,0.0,5.0
2115,10,train_0276,12235.223370258627,10298.983340797575,79.89833407975749,0.0,12315.121704338384,16.06,0.8,0.0,0.0,5.0
2116,10,train_0330,12180.826584143602,10167.947549680986,66.79475496809864,0.0,12247.621339111702,14.44,0.66,0.0,0.0,5.0
2117,10,train_0359,12107.503477677656,10836.28895349264,133.62889534926398,0.0,12241.13237302692,14.86,0.74,0.0,0.0,5.0
2118,10,train_0485,12109.176389580323,10498.278525864527,99.82785258645272,0.0,12209.004242166777,16.78,0.62,0.0,0.0,5.0
2119,10,train_0138,12389.608863452942,10404.69426325265,90.46942632526498,0.0,12480.078289778208,17.3,0.74,0.0,0.0,5.0
2120,10,train_0475,12205.276968900796,10191.620924232775,69.1620924232775,0.0,12274.439061324074,16.38,0.78,0.0,0.0,5.0
2121,10,train_0382,12698.740428063884,10376.598445157555,87.65984451575551,0.0,12786.40027257964,16.44,0.68,0.0,0.0,5.0
2122,10,train_0087,12786.295355270708,10450.426052170878,95.04260521708784,0.0,12881.337960487795,16.06,0.72,0.0,0.0,5.0
2123,10,train_0014,12421.551984063564,10745.345543868032,124.53455438680322,0.0,12546.086538450367,16.1,0.72,0.0,0.0,5.0
2124,10,train_0205,12382.363062378441,10494.692746678476,99.46927466784764,0.0,12481.83233704629,15.72,0.72,0.0,0.0,5.0
2125,10,train_0523,12166.729488754456,10199.958932339303,69.99589323393029,0.0,12236.725381988386,15.46,0.76,0.0,0.0,5.0
2126,10,train_0026,11909.759957204087,10133.756864923027,63.375686492302705,0.0,11973.13564369639,16.62,0.68,0.0,0.0,5.0
2127,10,train_0308,12372.059955853585,10369.77412398647,86.977412398647,0.0,12459.037368252231,15.52,0.66,0.0,0.0,5.0
2128,10,train_0551,12144.267779650678,10466.158921025302,96.61589210253024,0.0,12240.883671753209,16.04,0.76,0.0,0.0,5.0
2129,10,train_0452,12182.201559906009,10353.71217137645,85.371217137645,0.0,12267.572777043653,15.52,0.66,0.0,0.0,5.0
2130,10,train_0057,12029.33375240134,10414.748677523765,91.4748677523765,0.0,12120.808620153717,13.88,0.72,0.0,0.0,5.0
2131,10,train_0171,12831.271635103503,10719.890823189395,121.98908231893948,0.0,12953.260717422443,17.86,0.64,0.0,0.0,5.0
2132,10,train_0240,12931.527099318613,10903.337314979799,140.3337314979799,0.0,13071.860830816593,15.62,0.6,0.0,0.0,5.0
2133,10,train_0296,12459.521599628592,10606.57251582896,110.65725158289607,0.0,12570.178851211487,16.0,0.66,0.0,0.0,5.0
2134,10,train_0386,12376.861059920153,10567.60943783982,106.76094378398193,0.0,12483.622003704135,14.12,0.52,0.0,0.0,5.0
2135,10,train_0379,12995.137769356998,11033.534253578086,153.35342535780856,0.0,13148.491194714807,15.32,0.72,0.0,0.0,5.0
2136,10,train_0407,12592.86810208558,10446.73347365293,94.67334736529301,0.0,12687.541449450873,15.5,0.66,0.0,0.0,5.0
2137,10,train_0255,12119.25273163533,10094.618681935783,59.46186819357827,0.0,12178.714599828909,17.14,0.72,0.0,0.0,5.0
2138,10,train_0447,12291.56518555525,10691.370368348338,119.13703683483382,0.0,12410.702222390084,16.28,0.66,0.0,0.0,5.0
2139,10,train_0478,12286.263475653714,10470.970491893204,97.09704918932039,0.0,12383.360524843034,16.88,0.76,0.0,0.0,5.0
2140,10,train_0067,11861.415129341782,10177.618316593569,67.7618316593569,0.0,11929.176961001138,18.2,0.66,0.0,0.0,5.0
2141,10,train_0424,12625.125169550003,10653.790821537845,115.37908215378448,0.0,12740.504251703787,19.46,0.56,0.0,0.0,5.0
2142,10,train_0467,12382.818040323804,11077.086075271396,157.70860752713963,0.0,12540.526647850944,16.7,0.68,0.0,0.0,5.0
2143,10,train_0596,12527.08192607476,10245.017232179256,74.50172321792562,0.0,12601.583649292685,17.06,0.64,0.0,0.0,5.0
2144,10,train_0377,12278.93038203399,10190.393977376902,69.03939773769017,0.0,12347.96977977168,18.52,0.66,0.0,0.0,5.0
2145,10,train_0377,11998.447470300316,10628.117799930322,112.81177999303219,0.0,12111.259250293348,17.24,0.72,0.0,0.0,5.0
2146,10,train_0597,12137.068428321643,10493.132709267818,99.31327092678185,0.0,12236.381699248424,17.08,0.74,0.0,0.0,5.0
2147,10,train_0375,12456.290382134153,11034.518766585345,153.45187665853447,0.0,12609.742258792689,16.32,0.66,0.0,0.0,5.0
2148,10,train_0256,12430.44781496362,10472.727915695581,97.27279156955811,0.0,12527.720606533177,16.2,0.72,0.0,0.0,5.0
2149,10,train_0390,12397.30188090858,10680.599606034746,118.05996060347462,0.0,12515.361841512055,17.08,0.62,0.0,0.0,5.0
2150,10,train_0146,12299.606613071941,10433.703402981118,93.37034029811184,0.0,12392.976953370053,15.22,0.74,0.0,0.0,5.0
2151,10,train_0072,12501.188105607995,10673.74928470845,117.37492847084505,0.0,12618.56303407884,16.14,0.78,0.0,0.0,5.0
2152,10,train_0071,12405.545189472654,10171.71844003546,67.171844003546,0.0,12472.7170334762,13.96,0.68,0.0,0.0,5.0
2153,10,train_0176,12462.691276249854,10810.037343983066,131.00373439830656,0.0,12593.69501064816,15.06,0.72,0.0,0.0,5.0
2154,10,train_0556,12537.113501760794,10708.16048080505,120.81604808050507,0.0,12657.9295498413,13.8,0.74,0.0,0.0,5.0
2155,10,train_0262,12387.092107887767,10655.853398574522,115.58533985745217,0.0,12502.67744774522,15.92,0.8,0.0,0.0,5.0
2156,10,train_0053,12195.195662391288,10749.933436312647,124.99334363126474,0.0,12320.189006022552,16.56,0.66,0.0,0.0,5.0
2157,10,train_0490,12222.011072008976,10484.077196477243,98.4077196477243,0.0,12320.4187916567,15.44,0.72,0.0,0.0,5.0
2158,10,train_0058,11815.002066687528,10220.702470655346,72.07024706553457,0.0,11887.072313753062,14.64,0.68,0.0,0.0,5.0
2159,10,train_0052,12625.212684496355,10644.138331187869,114.4138331187869,0.0,12739.626517615143,17.32,0.84,0.0,0.0,5.0
2160,10,train_0186,12241.73681687814,10563.571354493804,106.35713544938045,0.0,12348.09395232752,15.14,0.74,0.0,0.0,5.0
2161,10,train_0538,12537.186115947043,10712.396587135598,121.23965871355978,0.0,12658.425774660602,16.38,0.68,0.0,0.0,5.0
2162,10,train_0202,12611.408794015511,10530.467524137295,103.04675241372952,0.0,12714.45554642924,16.1,0.64,0.0,0.0,5.0
2163,10,train_0110,12295.590554603217,10368.405521656441,86.84055216564411,0.0,12382.431106768861,17.62,0.62,0.0,0.0,5.0
2164,10,train_0325,12479.84267453656,10295.236627821905,79.52366278219051,0.0,12559.36633731875,13.0,0.78,0.0,0.0,5.0
2165,10,train_0242,12609.36998487193,10594.089911217203,109.40899112172029,0.0,12718.77897599365,14.5,0.74,0.0,0.0,5.0
2166,10,train_0041,12098.093017672756,10537.943232655789,103.7943232655789,0.0,12201.887340938334,14.2,0.68,0.0,0.0,5.0
2167,10,train_0423,12026.927064066032,10428.719146796306,92.87191467963058,0.0,12119.798978745663,17.64,0.72,0.0,0.0,5.0
2168,10,train_0367,12440.21048196105,10140.754213205333,64.07542132053332,0.0,12504.285903281583,15.46,0.68,0.0,0.0,5.0
2169,10,train_0530,12404.72404352407,11015.752903091477,151.57529030914776,0.0,12556.299333833216,16.58,0.58,0.0,0.0,5.0
2170,10,train_0163,12358.469448191234,10715.278307136523,121.52783071365229,0.0,12479.997278904886,14.34,0.76,0.0,0.0,5.0
2171,10,train_0310,11865.994108115527,10265.846247055579,76.58462470555787,0.0,11942.578732821084,14.92,0.7,0.0,0.0,5.0
2172,10,train_0225,12369.93424117636,10480.091272935253,98.00912729352531,0.0,12467.943368469885,18.1,0.78,0.0,0.0,5.0
2173,10,train_0249,12230.731186977355,10650.985530860133,115.09855308601328,0.0,12345.829740063367,16.0,0.72,0.0,0.0,5.0
2174,10,train_0369,12241.195832063062,10398.44922410879,89.84492241087901,0.0,12331.040754473941,15.28,0.74,0.0,0.0,5.0
2175,10,train_0255,12181.174599488457,10177.83057345997,67.78305734599708,0.0,12248.957656834455,16.08,0.62,0.0,0.0,5.0
2176,10,train_0426,12370.747652099271,10402.541003348326,90.25410033483259,0.0,12461.001752434104,17.12,0.64,0.0,0.0,5.0
2177,10,train_0324,12170.488131478196,10868.789245976035,136.87892459760351,0.0,12307.3670560758,13.52,0.74,0.0,0.0,5.0
2178,10,train_0313,12646.932688937728,10506.99592396659,100.69959239665896,0.0,12747.632281334387,15.78,0.78,0.0,0.0,5.0
2179,10,train_0149,12610.993917410447,10581.163325196558,108.11633251965577,0.0,12719.110249930103,15.96,0.72,0.0,0.0,5.0
2180,10,train_0584,12070.758161730864,9909.697399661229,40.96973996612287,0.0,12111.727901696988,16.0,0.68,0.0,0.0,5.0
2181,10,train_0391,12310.542912450957,10538.917962780626,103.89179627806261,0.0,12414.43470872902,14.48,0.7,0.0,0.0,5.0
2182,10,train_0467,12780.070858580186,11232.73633039177,173.273633039177,0.0,12953.344491619362,15.06,0.74,0.0,0.0,5.0
2183,10,train_0538,12466.148663803178,10711.46675808261,121.146675808261,0.0,12587.295339611439,16.34,0.86,0.0,0.0,5.0
2184,10,train_0595,12030.25504152475,10173.618051499328,67.36180514993285,0.0,12097.616846674682,16.98,0.78,0.0,0.0,5.0
2185,10,train_0062,12152.513352611204,10192.130874092989,69.2130874092989,0.0,12221.726440020502,15.4,0.84,0.0,0.0,5.0
2186,10,train_0507,12266.15626253024,10492.142725419897,99.21427254198971,0.0,12365.370535072228,17.76,0.78,0.0,0.0,5.0
2187,10,train_0131,12588.043249939952,11100.730293448843,160.07302934488436,0.0,12748.116279284837,16.56,0.68,0.0,0.0,5.0
2188,10,train_0251,12284.929704515347,10377.258987477311,87.72589874773112,0.0,12372.655603263078,14.36,0.78,0.0,0.0,5.0
2189,10,train_0232,12404.090234007268,10615.29200895836,111.52920089583604,0.0,12515.619434903105,15.68,0.72,0.0,0.0,5.0
2190,10,train_0473,12096.358639864673,10336.913848402839,83.6913848402839,0.0,12180.050024704957,17.92,0.78,0.0,0.0,5.0
2191,10,train_0412,12051.091327633023,10296.961785413783,79.69617854137833,0.0,12130.787506174402,15.2,0.72,0.0,0.0,5.0
2192,10,train_0105,12456.83229103799,10582.057987496828,108.2057987496828,0.0,12565.038089787673,14.22,0.66,0.0,0.0,5.0
2193,10,train_0489,12036.20543639486,10127.917642149496,62.79176421494958,0.0,12098.997200609809,15.78,0.64,0.0,0.0,5.0
2194,10,train_0554,12400.10734227056,10410.334811195811,91.03348111958113,0.0,12491.14082339014,13.6,0.74,0.0,0.0,5.0
2195,10,train_0259,12258.7877683595,10755.368514750528,125.53685147505276,0.0,12384.324619834553,15.4,0.78,0.0,0.0,5.0
2196,10,train_0075,12367.832840515546,11053.356293410965,155.3356293410965,0.0,12523.168469856642,16.86,0.76,0.0,0.0,5.0
2197,10,train_0342,12330.537468202725,10492.366930962362,99.2366930962362,0.0,12429.774161298961,19.66,0.82,0.0,0.0,5.0
2198,10,train_0098,11839.168100813044,10521.284933127488,102.12849331274884,0.0,11941.296594125792,14.06,0.72,0.0,0.0,5.0
2199,10,train_0151,12623.734998074506,10569.94337383381,106.99433738338104,0.0,12730.729335457887,15.82,0.74,0.0,0.0,5.0
2200,10,train_0365,12673.576229261002,10763.05636549067,126.30563654906692,0.0,12799.881865810068,15.0,0.7,0.0,0.0,5.0
2201,10,train_0272,12356.042739953782,10412.532207713943,91.25322077139427,0.0,12447.295960725176,14.6,0.78,0.0,0.0,5.0
2202,10,train_0228,12275.14189971799,10514.494333800465,101.44943338004651,0.0,12376.591333098037,15.72,0.7,0.0,0.0,5.0
2203,10,train_0327,12330.382680707451,10826.796868805257,132.6796868805257,0.0,12463.062367587976,17.52,0.76,0.0,0.0,5.0
2204,10,train_0182,12513.731254934864,10848.888056636566,134.8888056636566,0.0,12648.620060598521,15.94,0.8,0.0,0.0,5.0
2205,10,train_0555,12115.567971324283,10149.916722075004,64.99167220750041,0.0,12180.559643531782,18.02,0.78,0.0,0.0,5.0
2206,10,train_0520,11936.46080292575,10150.807108305988,65.08071083059876,0.0,12001.541513756349,17.06,0.68,0.0,0.0,5.0
2207,10,train_0518,12438.451054919387,10672.206495668155,117.22064956681552,0.0,12555.671704486203,14.88,0.8,0.0,0.0,5.0
2208,10,train_0124,12485.424129628012,10989.097354701056,148.90973547010563,0.0,12634.333865098119,18.18,0.74,0.0,0.0,5.0
2209,10,train_0344,12280.916968639609,10360.652459449026,86.06524594490257,0.0,12366.982214584512,16.08,0.74,0.0,0.0,5.0
2210,10,train_0596,12012.08811976661,10481.971123568033,98.19711235680334,0.0,12110.285232123413,15.78,0.66,0.0,0.0,5.0
2211,10,train_0169,12109.725746653647,10019.177261042387,51.91772610423868,0.0,12161.643472757885,16.02,0.64,0.0,0.0,5.0
2212,10,train_0397,12198.643552987347,10254.905719950446,75.49057199504459,0.0,12274.13412498239,16.02,0.62,0.0,0.0,5.0
2213,10,train_0350,12060.821399244222,10349.956645982242,84.99566459822418,0.0,12145.817063842445,18.1,0.78,0.0,0.0,5.0
2214,10,train_0130,12067.324882318117,10484.459754050868,98.44597540508676,0.0,12165.770857723204,16.22,0.8,0.0,0.0,5.0
2215,10,train_0066,12374.87409347044,10513.714168170987,101.37141681709873,0.0,12476.24551028754,16.46,0.66,0.0,0.0,5.0
2216,10,train_0558,12460.414416565782,11080.855784101532,158.08557841015318,0.0,12618.499994975935,15.16,0.7,0.0,0.0,5.0
2217,10,train_0549,12388.479015816683,10798.4786612462,129.84786612461994,0.0,12518.326881941302,16.84,0.68,0.0,0.0,5.0
2218,10,train_0253,11985.108605982758,10118.861747073195,61.88617470731952,0.0,12046.994780690076,18.28,0.66,0.0,0.0,5.0
2219,10,train_0038,12468.45383177274,10561.68942965339,106.16894296533901,0.0,12574.62277473808,17.54,0.66,0.0,0.0,5.0
2220,10,train_0479,12917.095147538268,10684.602187459936,118.46021874599356,0.0,13035.555366284261,16.68,0.62,0.0,0.0,5.0
2221,10,train_0382,12668.581374759386,10708.91977273121,120.89197727312094,0.0,12789.473352032506,15.94,0.6,0.0,0.0,5.0
2222,10,train_0236,12598.021079814824,10297.51769507298,79.75176950729802,0.0,12677.772849322122,17.02,0.7,0.0,0.0,5.0
2223,10,train_0553,11648.733526488617,9824.999577476618,32.49995774766176,0.0,11681.233484236278,16.64,0.82,0.0,0.0,5.0
2224,10,train_0054,12242.94053992834,10599.136415473458,109.91364154734583,0.0,12352.854181475686,15.48,0.74,0.0,0.0,5.0
2225,10,train_0401,12118.239773776913,10073.489908045232,57.34899080452324,0.0,12175.588764581436,17.4,0.58,0.0,0.0,5.0
2226,10,train_0312,12105.873022991962,10482.222973971555,98.2222973971555,0.0,12204.095320389117,15.62,0.78,0.0,0.0,5.0
2227,10,train_0465,12598.14926869122,11009.29749432287,150.9297494322869,0.0,12749.079018123508,16.82,0.76,0.0,0.0,5.0
2228,10,train_0023,12178.153849138987,10147.152021556647,64.7152021556647,0.0,12242.869051294652,15.5,0.66,0.0,0.0,5.0
2229,10,train_0475,12396.554740182728,9936.26753444122,43.62675344412201,0.0,12440.18149362685,16.08,0.74,0.0,0.0,5.0
2230,10,train_0337,12085.224498711263,10086.58340517952,58.65834051795191,0.0,12143.882839229214,16.0,0.76,0.0,0.0,5.0
2231,10,train_0205,12633.187225123362,10505.973037024665,100.59730370246653,0.0,12733.784528825829,15.64,0.74,0.0,0.0,5.0
2232,10,train_0442,12571.988472632074,10770.479822550913,127.04798225509131,0.0,12699.036454887166,14.32,0.72,0.0,0.0,5.0
2233,10,train_0147,12716.589403447277,10552.347953802982,105.23479538029824,0.0,12821.824198827575,17.42,0.78,0.0,0.0,5.0
2234,10,train_0312,12012.737835828375,10458.784103730177,95.87841037301769,0.0,12108.616246201393,16.04,0.76,0.0,0.0,5.0
2235,10,train_0329,12317.932356218182,10376.989279960384,87.6989279960384,0.0,12405.63128421422,17.62,0.76,0.0,0.0,5.0
2236,10,train_0296,12552.79818577268,10493.753077177425,99.37530771774254,0.0,12652.173493490423,15.56,0.64,0.0,0.0,5.0
2237,10,train_0247,12326.177579331794,10878.243811462326,137.82438114623255,0.0,12464.001960478026,17.28,0.62,0.0,0.0,5.0
2238,10,train_0311,12194.698478946113,10555.27272083193,105.52727208319303,0.0,12300.225751029306,14.78,0.72,0.0,0.0,5.0
2239,10,train_0337,12201.918864392836,9974.37090183956,47.43709018395603,0.0,12249.355954576791,17.72,0.7,0.0,0.0,5.0
2240,11,train_0019,12718.442899641614,10383.249043725904,88.3249043725904,0.0,12806.767804014204,15.7,0.84,0.0,0.0,5.0
2241,11,train_0191,12211.34016472527,10830.870567298487,133.0870567298487,0.0,12344.427221455118,16.58,0.8,0.0,0.0,5.0
2242,11,train_0494,12178.412674239598,10482.021990245841,98.20219902458412,0.0,12276.614873264183,16.24,0.76,0.0,0.0,5.0
2243,11,train_0522,12599.769841235686,10516.523113886582,101.6523113886582,0.0,12701.422152624344,16.44,0.74,0.0,0.0,5.0
2244,11,train_0213,12465.943617954574,10390.966905600964,89.09669056009643,0.0,12555.04030851467,16.16,0.72,0.0,0.0,5.0
2245,11,train_0348,12486.001155665817,10563.608367840165,106.36083678401647,0.0,12592.361992449834,17.18,0.82,0.0,0.0,5.0
2246,11,train_0411,12796.832753898567,11113.415511828656,161.34155118286563,0.0,12958.174305081433,16.56,0.74,0.0,0.0,5.0
2247,11,train_0121,12200.958650272702,10577.35564384325,107.73556438432497,0.0,12308.694214657027,15.18,0.7,0.0,0.0,5.0
2248,11,train_0451,12966.47939842827,10336.449912037322,83.64499120373222,0.0,13050.124389632001,15.94,0.74,0.0,0.0,5.0
2249,11,train_0151,12482.86442733109,10627.223982735539,112.72239827355389,0.0,12595.586825604643,15.1,0.66,0.0,0.0,5.0
2250,11,train_0392,12585.869616534386,10559.470466078528,105.94704660785283,0.0,12691.81666314224,15.4,0.64,0.0,0.0,5.0
2251,11,train_0362,12053.326438195123,10456.060167347927,95.60601673479269,0.0,12148.932454929916,15.66,0.52,0.0,0.0,5.0
2252,11,train_0026,11842.888983933672,10557.31567514249,105.73156751424904,0.0,11948.62055144792,15.86,0.68,0.0,0.0,5.0
2253,11,train_0526,12268.414389694555,10420.91373625369,92.09137362536894,0.0,12360.505763319925,17.54,0.68,0.0,0.0,5.0
2254,11,train_0304,12889.97697274878,10839.29190377576,133.92919037757602,0.0,13023.906163126356,17.12,0.72,0.0,0.0,5.0
2255,11,train_0171,12799.817638214894,10930.938327831436,143.09383278314363,0.0,12942.911470998039,17.4,0.74,0.0,0.0,5.0
2256,11,train_0580,12301.157606217208,10958.820899718157,145.88208997181573,0.0,12447.039696189024,16.08,0.66,0.0,0.0,5.0
2257,11,train_0570,12020.62862762866,10193.342494368,69.33424943680002,0.0,12089.96287706546,14.92,0.62,0.0,0.0,5.0
2258,11,train_0381,12106.570312427913,10349.186771145305,84.91867711453051,0.0,12191.488989542444,14.94,0.66,0.0,0.0,5.0
2259,11,train_0036,12354.114451138192,10501.700305138735,100.17003051387347,0.0,12454.284481652065,16.82,0.64,0.0,0.0,5.0
2260,11,train_0466,12181.896003143811,10835.508137749192,133.55081377491916,0.0,12315.44681691873,17.5,0.8,0.0,0.0,5.0
2261,11,train_0460,12402.388231250854,10532.517381490012,103.25173814900118,0.0,12505.639969399856,13.52,0.82,0.0,0.0,5.0
2262,11,train_0024,12264.2757893329,9833.920476483983,33.39204764839833,0.0,12297.667836981298,17.12,0.82,0.0,0.0,5.0
2263,11,train_0541,12357.725982282776,10722.359717360861,122.23597173608614,0.0,12479.961954018863,17.82,0.74,0.0,0.0,5.0
2264,11,train_0006,11894.418532753785,10649.148309118573,114.91483091185728,0.0,12009.333363665643,14.74,0.68,0.0,0.0,5.0
2265,11,train_0211,12017.556796002436,10609.688689308354,110.96886893083538,0.0,12128.525664933271,16.56,0.72,0.0,0.0,5.0
2266,11,train_0302,12667.351772964688,10401.13779721567,90.11377972156697,0.0,12757.465552686255,15.64,0.74,0.0,0.0,5.0
2267,11,train_0246,12170.69624568388,10347.074253769915,84.70742537699152,0.0,12255.40367106087,16.18,0.72,0.0,0.0,5.0
2268,11,train_0017,12428.517072354309,10545.389384721717,104.5389384721717,0.0,12533.05601082648,15.94,0.8,0.0,0.0,5.0
2269,11,train_0141,12830.065988436472,10328.104353293416,82.81043532934164,0.0,12912.876423765814,13.6,0.64,0.0,0.0,5.0
2270,11,train_0186,12230.231412165907,10634.410280429849,113.44102804298491,0.0,12343.672440208893,14.66,0.7,0.0,0.0,5.0
2271,11,train_0197,12302.12750244472,10663.724290411898,116.37242904118976,0.0,12418.49993148591,15.86,0.78,0.0,0.0,5.0
2272,11,train_0330,11782.751105867328,10269.669043186246,76.96690431862463,0.0,11859.718010185952,15.3,0.7,0.0,0.0,5.0
2273,11,train_0530,12619.153961113163,11088.20843412087,158.82084341208702,0.0,12777.974804525249,15.06,0.72,0.0,0.0,5.0
2274,11,train_0463,12092.50698984512,10321.42345808915,82.14234580891498,0.0,12174.649335654036,16.46,0.64,0.0,0.0,5.0
2275,11,train_0210,12147.27173616389,10407.3250855726,90.73250855726002,0.0,12238.004244721149,14.48,0.76,0.0,0.0,5.0
2276,11,train_0505,12399.36187959007,10532.8225110691,103.28225110691001,0.0,12502.64413069698,17.32,0.72,0.0,0.0,5.0
2277,11,train_0048,12200.41163374074,10627.6176548527,112.76176548527002,0.0,12313.173399226009,15.48,0.66,0.0,0.0,5.0
2278,11,train_0341,12474.126636051436,11020.711665441115,152.0711665441115,0.0,12626.197802595549,15.6,0.7,0.0,0.0,5.0
2279,11,train_0321,12536.472685079574,10350.035548085223,85.00355480852232,0.0,12621.476239888096,18.32,0.72,0.0,0.0,5.0
2280,11,train_0449,12708.66392672398,10558.519485876077,105.8519485876077,0.0,12814.515875311588,16.96,0.78,0.0,0.0,5.0
2281,11,train_0432,11992.100837827882,10606.51172349661,110.65117234966092,0.0,12102.752010177543,14.92,0.68,0.0,0.0,5.0
2282,11,train_0048,12203.368145680513,10470.957750061196,97.0957750061196,0.0,12300.463920686632,15.6,0.7,0.0,0.0,5.0
2283,11,train_0177,12286.346662997783,10501.845141191061,100.1845141191061,0.0,12386.531177116889,14.16,0.72,0.0,0.0,5.0
2284,11,train_0432,12381.275566600309,10526.019672498245,102.60196724982453,0.0,12483.877533850133,14.58,0.64,0.0,0.0,5.0
2285,11,train_0340,12221.81216251801,10666.449360020648,116.6449360020648,0.0,12338.457098520075,16.96,0.74,0.0,0.0,5.0
2286,11,train_0453,12169.303543967293,10428.903915829682,92.89039158296819,0.0,12262.193935550262,16.1,0.78,0.0,0.0,5.0
2287,11,train_0492,12015.280743907471,10379.034744084041,87.90347440840415,0.0,12103.184218315875,16.08,0.7,0.0,0.0,5.0
2288,11,train_0599,12321.753129908913,10169.14646048042,66.91464604804206,0.0,12388.667775956956,17.24,0.66,0.0,0.0,5.0
2289,11,train_0306,12283.154867045343,10606.485484402037,110.64854844020374,0.0,12393.803415485547,14.34,0.72,0.0,0.0,5.0
2290,11,train_0500,12264.5922683554,10271.46399534306,77.14639953430597,0.0,12341.738667889706,15.04,0.66,0.0,0.0,5.0
2291,11,train_0392,12203.508777221607,10807.993364765458,130.7993364765458,0.0,12334.308113698153,16.2,0.76,0.0,0.0,5.0
2292,11,train_0288,12104.348009679396,10346.980189873168,84.69801898731676,0.0,12189.046028666713,16.54,0.78,0.0,0.0,5.0
2293,11,train_0449,12502.4932414582,10823.54540647143,132.35454064714304,0.0,12634.847782105342,16.7,0.68,0.0,0.0,5.0
2294,11,train_0343,12847.907973553341,11017.793715312884,151.77937153128843,0.0,12999.68734508463,17.48,0.72,0.0,0.0,5.0
2295,11,train_0386,12294.409623324736,10545.67220036824,104.56722003682408,0.0,12398.97684336156,15.6,0.7,0.0,0.0,5.0
2296,11,train_0163,12367.678519571016,10844.196541811709,134.4196541811709,0.0,12502.098173752187,14.64,0.68,0.0,0.0,5.0
2297,11,train_0584,11877.268131541747,10229.541200049915,72.95412000499145,0.0,11950.222251546738,15.04,0.76,0.0,0.0,5.0
2298,11,train_0319,12472.247690927834,10653.06747617149,115.30674761714909,0.0,12587.554438544983,15.38,0.8,0.0,0.0,5.0
2299,11,train_0599,12039.700855949748,10441.876098743347,94.18760987433471,0.0,12133.888465824082,15.66,0.7,0.0,0.0,5.0
2300,11,train_0037,12675.967381787934,11055.64235196645,155.56423519664497,0.0,12831.53161698458,17.92,0.82,0.0,0.0,5.0
2301,11,train_0547,12559.665021928995,10891.431725923816,139.1431725923816,0.0,12698.808194521376,17.04,0.68,0.0,0.0,5.0
2302,11,train_0550,12201.327326480485,10475.266370005773,97.5266370005773,0.0,12298.853963481062,17.02,0.76,0.0,0.0,5.0
2303,11,train_0497,12462.18018552773,10684.925928446732,118.49259284467317,0.0,12580.672778372404,15.54,0.76,0.0,0.0,5.0
2304,11,train_0347,11966.852100787211,10710.789905698079,121.07899056980787,0.0,12087.931091357019,17.06,0.84,0.0,0.0,5.0
2305,11,train_0347,12082.934506074424,10640.30668070572,114.03066807057203,0.0,12196.965174144996,15.98,0.8,0.0,0.0,5.0
2306,11,train_0490,11969.80556064121,10334.779806565763,83.47798065657626,0.0,12053.283541297787,15.08,0.72,0.0,0.0,5.0
2307,11,train_0089,12683.228498462788,10593.483920007167,109.34839200071674,0.0,12792.576890463504,16.36,0.78,0.0,0.0,5.0
2308,11,train_0240,12710.7778501846,11036.989294707568,153.69892947075678,0.0,12864.476779655357,16.22,0.64,0.0,0.0,5.0
2309,11,train_0485,11785.633452242068,10568.971392188272,106.89713921882722,0.0,11892.530591460894,17.7,0.66,0.0,0.0,5.0
2310,11,train_0109,12434.616917685325,10768.50972538353,126.85097253835302,0.0,12561.46789022368,15.94,0.68,0.0,0.0,5.0
2311,11,train_0521,12477.072354378079,10520.290560977024,102.02905609770242,0.0,12579.101410475781,16.76,0.7,0.0,0.0,5.0
2312,11,train_0298,11872.01368160465,9943.947376267693,44.39473762676935,0.0,11916.40841923142,16.38,0.7,0.0,0.0,5.0
2313,11,train_0314,12176.991165188609,10289.430737182083,78.94307371820832,0.0,12255.934238906817,17.22,0.68,0.0,0.0,5.0
2314,11,train_0274,12284.358893246437,10599.270968754265,109.92709687542647,0.0,12394.285990121864,16.2,0.74,0.0,0.0,5.0
2315,11,train_0371,12335.762561031828,10584.129575045838,108.41295750458376,0.0,12444.175518536413,15.18,0.68,0.0,0.0,5.0
2316,11,train_0512,12417.96011222819,10209.711327967929,70.97113279679289,0.0,12488.931245024982,15.04,0.76,0.0,0.0,5.0
2317,11,train_0314,12031.95054202223,10499.35239663743,99.93523966374306,0.0,12131.885781685973,16.04,0.7,0.0,0.0,5.0
2318,11,train_0433,11967.23412981886,10551.287401030184,105.1287401030184,0.0,12072.362869921879,16.06,0.72,0.0,0.0,5.0
2319,11,train_0554,12195.11709601566,10769.05787032246,126.90578703224601,0.0,12322.022883047906,13.6,0.68,0.0,0.0,5.0
2320,11,train_0486,12289.009945319727,10905.432871696312,140.54328716963118,0.0,12429.553232489357,14.38,0.76,0.0,0.0,5.0
2321,11,train_0188,12257.014621320663,10556.227826592625,105.62278265926253,0.0,12362.637403979925,14.28,0.74,0.0,0.0,5.0
2322,11,train_0370,12482.103996440801,10625.68584070349,112.56858407034906,0.0,12594.67258051115,16.24,0.7,0.0,0.0,5.0
2323,11,train_0491,12455.867768016913,10360.342764174235,86.03427641742347,0.0,12541.902044434337,15.58,0.66,0.0,0.0,5.0
2324,11,train_0095,11957.56800817695,10630.722458689124,113.07224586891243,0.0,12070.640254045862,16.76,0.7,0.0,0.0,5.0
2325,11,train_0265,12185.403215592793,10564.08691744398,106.40869174439796,0.0,12291.81190733719,14.68,0.72,0.0,0.0,5.0
2326,11,train_0229,12764.631461736566,10805.282127563074,130.5282127563074,0.0,12895.159674492874,16.88,0.68,0.0,0.0,5.0
2327,11,train_0538,12775.499878960738,10595.254390518312,109.5254390518312,0.0,12885.02531801257,16.52,0.66,0.0,0.0,5.0
2328,11,train_0357,11745.382281595646,10654.343339285317,115.43433392853167,0.0,11860.816615524178,16.02,0.72,0.0,0.0,5.0
2329,11,train_0278,12258.553017270873,10518.686132717377,101.86861327173774,0.0,12360.42163054261,16.56,0.78,0.0,0.0,5.0
2330,11,train_0042,12246.373051913994,10757.14206819866,125.71420681986602,0.0,12372.08725873386,17.58,0.72,0.0,0.0,5.0
2331,11,train_0488,12444.864821812796,10345.83542345373,84.58354234537292,0.0,12529.44836415817,15.14,0.64,0.0,0.0,5.0
2332,11,train_0522,12575.825655678875,10532.878533195068,103.28785331950677,0.0,12679.113508998382,18.22,0.76,0.0,0.0,5.0
2333,11,train_0071,12262.129492549953,11126.937865965156,162.69378659651557,0.0,12424.823279146469,14.76,0.76,0.0,0.0,5.0
2334,11,train_0154,12663.35916071323,10579.533849029694,107.95338490296945,0.0,12771.312545616198,18.84,0.7,0.0,0.0,5.0
2335,11,train_0151,12566.808023394631,10579.00832954624,107.90083295462392,0.0,12674.708856349254,15.62,0.74,0.0,0.0,5.0
2336,11,train_0247,12532.344939627095,10472.441396032462,97.2441396032462,0.0,12629.589079230342,16.34,0.6,0.0,0.0,5.0
2337,11,train_0450,11971.117878983116,10658.705899188273,115.87058991882732,0.0,12086.988468901944,15.4,0.72,0.0,0.0,5.0
2338,11,train_0547,12515.252898847413,10798.566313173276,129.85663131732764,0.0,12645.10953016474,16.4,0.78,0.0,0.0,5.0
2339,11,train_0277,12205.786440397846,10715.067541233493,121.50675412334931,0.0,12327.293194521195,14.74,0.68,0.0,0.0,5.0
2340,11,train_0130,12151.387503952945,10417.79963230686,91.77996323068601,0.0,12243.16746718363,14.88,0.62,0.0,0.0,5.0
2341,11,train_0338,12262.122751819481,10475.620915837764,97.56209158377642,0.0,12359.684843403258,14.9,0.72,0.0,0.0,5.0
2342,11,train_0143,12685.387835340402,10536.386325962003,103.6386325962003,0.0,12789.026467936601,14.84,0.64,0.0,0.0,5.0
2343,11,train_0472,12432.072979993101,10840.429887061371,134.04298870613712,0.0,12566.115968699238,16.06,0.6,0.0,0.0,5.0
2344,11,train_0512,12577.87644234869,10315.353705997597,81.5353705997597,0.0,12659.41181294845,15.2,0.72,0.0,0.0,5.0
2345,11,train_0326,12000.46889535992,10293.793708001182,79.37937080011817,0.0,12079.848266160037,15.88,0.72,0.0,0.0,5.0
2346,11,train_0198,11502.394100921105,10182.92978300171,68.29297830017094,0.0,11570.687079221276,17.04,0.62,0.0,0.0,5.0
2347,11,train_0456,12292.097652152426,10437.885343716991,93.7885343716991,0.0,12385.886186524125,15.8,0.52,0.0,0.0,5.0
2348,11,train_0114,12046.108602937493,10435.669923862417,93.5669923862417,0.0,12139.675595323735,15.4,0.7,0.0,0.0,5.0
2349,11,train_0130,12211.39956375661,10267.618721817904,76.7618721817904,0.0,12288.1614359384,16.38,0.66,0.0,0.0,5.0
2350,11,train_0293,11988.917934545349,10112.57443141436,61.25744314143594,0.0,12050.175377686784,14.66,0.54,0.0,0.0,5.0
2351,11,train_0209,12236.04877036405,10632.082901181657,113.20829011816568,0.0,12349.257060482216,15.4,0.64,0.0,0.0,5.0
2352,11,train_0465,12888.851468900124,10487.529538496852,98.75295384968523,0.0,12987.60442274981,14.84,0.72,0.0,0.0,5.0
2353,11,train_0597,12190.198406486386,10397.311406340941,89.73114063409412,0.0,12279.92954712048,15.52,0.78,0.0,0.0,5.0
2354,11,train_0210,12156.194981925826,10219.743794092057,71.97437940920572,0.0,12228.169361335033,14.9,0.54,0.0,0.0,5.0
2355,11,train_0540,12778.577264310927,10673.396571636142,117.33965716361418,0.0,12895.916921474542,15.06,0.7,0.0,0.0,5.0
2356,11,train_0217,12531.985822465393,10548.467773590557,104.84677735905571,0.0,12636.832599824449,16.84,0.84,0.0,0.0,5.0
2357,11,train_0440,12787.590168926108,10326.585601414381,82.6585601414381,0.0,12870.248729067545,15.62,0.68,0.0,0.0,5.0
2358,11,train_0232,12201.614434183975,10855.586654898998,135.5586654898998,0.0,12337.173099673875,16.52,0.68,0.0,0.0,5.0
2359,11,train_0454,12592.7553376644,11003.513070365334,150.3513070365334,0.0,12743.106644700933,16.1,0.62,0.0,0.0,5.0
2360,11,train_0194,12698.066361028348,10297.129699496958,79.7129699496958,0.0,12777.779330978045,15.3,0.72,0.0,0.0,5.0
2361,11,train_0460,12194.198781249848,10450.082865169654,95.00828651696538,0.0,12289.207067766814,14.5,0.64,0.0,0.0,5.0
2362,11,train_0322,12158.549101083896,10401.53118470174,90.15311847017402,0.0,12248.70221955407,15.82,0.8,0.0,0.0,5.0
2363,11,train_0342,12389.558587679558,10339.159794306317,83.91597943063171,0.0,12473.47456711019,17.98,0.78,0.0,0.0,5.0
2364,11,train_0565,12533.657029684495,10908.053590715464,140.80535907154646,0.0,12674.462388756041,16.02,0.66,0.0,0.0,5.0
2365,11,train_0134,12738.581600005546,10603.62322130335,110.36232213033509,0.0,12848.94392213588,13.9,0.8,0.0,0.0,5.0
2366,11,train_0412,12069.05481403224,10390.18100185234,89.01810018523393,0.0,12158.072914217475,15.1,0.7,0.0,0.0,5.0
2367,11,train_0273,12638.43529307199,10753.039979754487,125.3039979754487,0.0,12763.73929104744,16.64,0.8,0.0,0.0,5.0
2368,11,train_0491,12303.23729445328,10878.177887915448,137.8177887915448,0.0,12441.055083244824,15.18,0.72,0.0,0.0,5.0
2369,11,train_0206,12434.108495009163,10632.668054952206,113.26680549522062,0.0,12547.375300504384,15.14,0.72,0.0,0.0,5.0
2370,11,train_0359,12323.142195074699,10609.578502212717,110.95785022127166,0.0,12434.10004529597,16.4,0.76,0.0,0.0,5.0
2371,11,train_0285,12143.719953607317,10482.586846677688,98.25868466776883,0.0,12241.978638275086,15.32,0.76,0.0,0.0,5.0
2372,11,train_0325,12348.308235139015,10368.361434428507,86.8361434428507,0.0,12435.144378581866,15.74,0.6,0.0,0.0,5.0
2373,11,train_0492,12044.338654840521,10263.924063050546,76.39240630505465,0.0,12120.731061145576,15.88,0.76,0.0,0.0,5.0
2374,11,train_0488,12373.274394492439,10624.740332688802,112.47403326888016,0.0,12485.748427761318,14.4,0.68,0.0,0.0,5.0
2375,11,train_0473,12084.196576510247,10343.822657314533,84.3822657314533,0.0,12168.5788422417,17.78,0.66,0.0,0.0,5.0
2376,11,train_0014,12405.514141855905,10710.858983499826,121.08589834998257,0.0,12526.600040205887,18.5,0.78,0.0,0.0,5.0
2377,11,train_0411,13027.714861744282,10781.987666235658,128.19876662356583,0.0,13155.913628367847,16.18,0.74,0.0,0.0,5.0
2378,11,train_0081,12352.307633017494,10451.675452711235,95.16754527112353,0.0,12447.475178288618,16.72,0.64,0.0,0.0,5.0
2379,11,train_0352,11802.541075959876,10374.897222042186,87.48972220421857,0.0,11890.030798164094,16.62,0.68,0.0,0.0,5.0
2380,11,train_0230,12673.407502113569,10508.638228087766,100.8638228087766,0.0,12774.271324922345,17.1,0.72,0.0,0.0,5.0
2381,11,train_0285,12203.623338227106,10740.970337236999,124.09703372369987,0.0,12327.720371950805,15.3,0.68,0.0,0.0,5.0
2382,11,train_0473,12177.408325014538,10359.654830891013,85.96548308910133,0.0,12263.373808103639,17.9,0.74,0.0,0.0,5.0
2383,11,train_0372,12315.985001723795,11047.350563789007,154.73505637890068,0.0,12470.720058102695,17.06,0.7,0.0,0.0,5.0
2384,11,train_0313,12215.12878786996,10844.87423099609,134.4874230996091,0.0,12349.616210969569,15.88,0.72,0.0,0.0,5.0
2385,11,train_0002,11963.232365514514,10676.638338320794,117.6638338320794,0.0,12080.896199346593,13.94,0.8,0.0,0.0,5.0
2386,11,train_0455,12847.483211693941,10763.878409778199,126.3878409778199,0.0,12973.871052671762,17.84,0.72,0.0,0.0,5.0
2387,11,train_0117,11989.145807852376,10125.705392262935,62.57053922629348,0.0,12051.716347078669,15.92,0.62,0.0,0.0,5.0
2388,11,train_0033,12287.138138129354,11126.969939047685,162.69699390476853,0.0,12449.835132034123,15.5,0.78,0.0,0.0,5.0
2389,11,train_0578,12093.01715613726,10469.461015441691,96.94610154416915,0.0,12189.96325768143,19.08,0.74,0.0,0.0,5.0
2390,11,train_0009,12241.35363426916,10575.915758714873,107.5915758714873,0.0,12348.945210140648,16.4,0.68,0.0,0.0,5.0
2391,11,train_0508,12511.705649454498,10736.893218329104,123.68932183291037,0.0,12635.394971287407,15.64,0.56,0.0,0.0,5.0
2392,11,train_0560,12458.139161926329,10293.053244281655,79.30532442816548,0.0,12537.444486354494,16.52,0.92,0.0,0.0,5.0
2393,11,train_0188,12308.754728532323,10475.979765643066,97.59797656430656,0.0,12406.35270509663,14.82,0.8,0.0,0.0,5.0
2394,11,train_0592,12509.239121579629,10493.366948634452,99.33669486344516,0.0,12608.575816443074,15.6,0.64,0.0,0.0,5.0
2395,11,train_0472,12811.006405669254,10844.19296947799,134.419296947799,0.0,12945.425702617053,14.98,0.6,0.0,0.0,5.0
2396,11,train_0484,12148.111749335436,10646.688782013276,114.66887820132762,0.0,12262.780627536764,12.08,0.82,0.0,0.0,5.0
2397,11,train_0105,12326.876434319118,10414.281407577624,91.42814075776242,0.0,12418.30457507688,15.74,0.62,0.0,0.0,5.0
2398,11,train_0056,11574.695035315586,10138.817308002166,63.881730800216616,0.0,11638.576766115802,15.84,0.66,0.0,0.0,5.0
2399,11,train_0278,12176.653379994794,10448.718599958,94.87185999579998,0.0,12271.525239990593,16.82,0.84,0.0,0.0,5.0
2400,11,train_0344,12145.81142491898,10811.719730477114,131.17197304771145,0.0,12276.983397966691,14.96,0.46,0.0,0.0,5.0
2401,11,train_0364,12073.87022794365,10972.859326632457,147.2859326632457,0.0,12221.156160606895,19.28,0.72,0.0,0.0,5.0
2402,11,train_0275,12235.030969406926,10404.17267405748,90.41726740574796,0.0,12325.448236812674,13.9,0.68,0.0,0.0,5.0
2403,11,train_0356,12286.02793897759,10918.515122320368,141.85151223203684,0.0,12427.879451209626,15.6,0.72,0.0,0.0,5.0
2404,11,train_0223,12047.726128738457,10385.428145715647,88.54281457156468,0.0,12136.268943310022,14.32,0.72,0.0,0.0,5.0
2405,11,train_0580,12840.222483890155,10723.726755795007,122.37267557950072,0.0,12962.595159469656,15.28,0.72,0.0,0.0,5.0
2406,11,train_0510,12511.376814542058,10646.657104213064,114.66571042130636,0.0,12626.042524963364,15.66,0.72,0.0,0.0,5.0
2407,11,train_0294,12005.802514031147,10445.24808930183,94.52480893018293,0.0,12100.32732296133,16.62,0.7,0.0,0.0,5.0
2408,11,train_0241,12062.013582219464,10247.699500897,74.76995008970007,0.0,12136.783532309164,14.82,0.66,0.0,0.0,5.0
2409,11,train_0365,12690.23993542096,10873.618523798894,137.3618523798894,0.0,12827.601787800848,16.36,0.72,0.0,0.0,5.0
2410,11,train_0131,12748.718699820598,10885.725261945707,138.57252619457068,0.0,12887.291226015168,16.18,0.58,0.0,0.0,5.0
2411,11,train_0069,12239.29522925103,10451.806628695196,95.18066286951962,0.0,12334.47589212055,16.6,0.7,0.0,0.0,5.0
2412,11,train_0034,12211.094314910159,10395.372098981206,89.53720989812064,0.0,12300.63152480828,16.08,0.8,0.0,0.0,5.0
2413,11,train_0218,12845.596164131888,10312.67252216978,81.26725221697798,0.0,12926.863416348866,16.14,0.82,0.0,0.0,5.0
2414,11,train_0021,12513.574865511866,10712.647178949284,121.26471789492844,0.0,12634.839583406794,17.2,0.82,0.0,0.0,5.0
2415,11,train_0460,12373.918596462408,10385.609679935505,88.56096799355055,0.0,12462.47956445596,15.24,0.64,0.0,0.0,5.0
2416,11,train_0274,12389.741624557346,10616.214445024281,111.62144450242813,0.0,12501.363069059775,15.7,0.74,0.0,0.0,5.0
2417,11,train_0548,12286.542902019424,10492.848212669196,99.28482126691961,0.0,12385.827723286344,14.88,0.76,0.0,0.0,5.0
2418,11,train_0267,12020.132842791201,10439.631085553836,93.9631085553836,0.0,12114.095951346584,17.34,0.62,0.0,0.0,5.0
2419,11,train_0114,12160.993783621594,10602.680824045003,110.26808240450028,0.0,12271.261866026094,16.18,0.66,0.0,0.0,5.0
2420,11,train_0453,12135.881072803284,10649.984425437775,114.9984425437775,0.0,12250.879515347062,17.78,0.66,0.0,0.0,5.0
2421,11,train_0311,12133.533445554904,10604.656223592612,110.46562235926122,0.0,12243.999067914165,15.52,0.68,0.0,0.0,5.0
2422,11,train_0322,12230.251625812227,10504.830895149513,100.48308951495129,0.0,12330.734715327178,16.22,0.74,0.0,0.0,5.0
2423,11,train_0456,12083.534175375215,10718.691085733932,121.86910857339318,0.0,12205.403283948608,16.04,0.72,0.0,0.0,5.0
2424,11,train_0060,12450.78855218173,10606.541096569701,110.6541096569701,0.0,12561.4426618387,17.48,0.58,0.0,0.0,5.0
2425,11,train_0197,12459.263210769266,10933.623615745608,143.3623615745608,0.0,12602.625572343826,14.3,0.78,0.0,0.0,5.0
2426,11,train_0397,12118.993689037445,10374.76014547582,87.47601454758205,0.0,12206.469703585026,15.16,0.7,0.0,0.0,5.0
2427,11,train_0287,12221.079800357124,10670.617107135933,117.06171071359331,0.0,12338.141511070717,16.56,0.7,0.0,0.0,5.0
2428,11,train_0535,12282.107445341393,10286.295699692275,78.62956996922749,0.0,12360.73701531062,14.56,0.7,0.0,0.0,5.0
2429,11,train_0497,12344.845057478065,10791.089774949263,129.10897749492634,0.0,12473.954034972992,16.18,0.8,0.0,0.0,5.0
2430,11,train_0425,12428.241507130173,10937.059770533728,143.70597705337278,0.0,12571.947484183545,14.72,0.7,0.0,0.0,5.0
2431,11,train_0254,12217.969757720064,10631.330623321846,113.13306233218464,0.0,12331.102820052249,16.94,0.66,0.0,0.0,5.0
2432,11,train_0118,11892.416692582912,10524.045114309225,102.40451143092251,0.0,11994.821204013835,14.38,0.68,0.0,0.0,5.0
2433,11,train_0266,12358.897094282169,10761.862170744456,126.18621707444564,0.0,12485.083311356615,15.7,0.6,0.0,0.0,5.0
2434,11,train_0512,12630.477239604552,10248.50554777442,74.85055477744208,0.0,12705.327794381994,14.02,0.68,0.0,0.0,5.0
2435,11,train_0065,12341.748836810011,10866.462283183977,136.6462283183977,0.0,12478.395065128409,15.5,0.78,0.0,0.0,5.0
2436,11,train_0367,11963.104398724854,10418.018534904179,91.80185349041786,0.0,12054.906252215273,14.38,0.68,0.0,0.0,5.0
2437,11,train_0079,12418.110968589706,10519.586188756864,101.95861887568645,0.0,12520.069587465392,16.16,0.74,0.0,0.0,5.0
2438,11,train_0081,12446.086671728846,10373.982103212244,87.39821032122437,0.0,12533.48488205007,16.82,0.78,0.0,0.0,5.0
2439,11,train_0459,12646.744928587272,10377.406482107333,87.74064821073335,0.0,12734.485576798004,16.56,0.68,0.0,0.0,5.0
2440,11,train_0018,12373.79034826336,10658.729349526566,115.87293495265658,0.0,12489.663283216016,15.6,0.64,0.0,0.0,5.0
2441,11,train_0210,12145.06016040474,10357.188464473478,85.71884644734783,0.0,12230.779006852088,14.6,0.68,0.0,0.0,5.0
2442,11,train_0476,12103.602650623903,10650.220416489032,115.02204164890318,0.0,12218.624692272806,20.06,0.62,0.0,0.0,5.0
2443,11,train_0506,11885.348784375645,10669.220529407323,116.92205294073229,0.0,12002.270837316377,14.76,0.82,0.0,0.0,5.0
2444,11,train_0262,12463.488834794864,10439.57695045041,93.95769504504096,0.0,12557.446529839905,15.1,0.68,0.0,0.0,5.0
2445,11,train_0063,12237.309469376545,10556.078040330518,105.6078040330518,0.0,12342.917273409597,16.16,0.74,0.0,0.0,5.0
2446,11,train_0493,12092.449170348233,10358.194738944549,85.81947389445486,0.0,12178.268644242688,15.92,0.8,0.0,0.0,5.0
2447,11,train_0408,12085.823629787972,10372.404552041615,87.24045520416149,0.0,12173.064084992133,14.28,0.76,0.0,0.0,5.0
2448,12,train_0214,12005.821445234049,10227.300844221585,72.73008442215851,0.0,12078.551529656208,16.0,0.64,0.0,0.0,5.0
2449,12,train_0027,12708.44824162704,10611.50620549382,111.15062054938208,0.0,12819.598862176423,15.4,0.72,0.0,0.0,5.0
2450,12,train_0140,12243.288496800404,10681.764193508792,118.17641935087923,0.0,12361.464916151283,15.4,0.68,0.0,0.0,5.0
2451,12,train_0056,11642.391847817138,9875.834366494359,37.58343664943586,0.0,11679.975284466575,16.06,0.72,0.0,0.0,5.0
2452,12,train_0500,12348.909618212474,10320.867105459785,82.08671054597853,0.0,12430.996328758452,14.78,0.58,0.0,0.0,5.0
2453,12,train_0071,12320.488139645811,10725.51410239257,122.551410239257,0.0,12443.039549885068,14.4,0.78,0.0,0.0,5.0
2454,12,train_0438,11967.427244762777,10580.325919119405,108.03259191194047,0.0,12075.459836674718,16.62,0.76,0.0,0.0,5.0
2455,12,train_0223,12324.298573789212,10218.4090149359,71.84090149359,0.0,12396.139475282802,14.82,0.64,0.0,0.0,5.0
2456,12,train_0326,11808.952546155957,10293.629596944638,79.36295969446383,0.0,11888.31550585042,15.86,0.78,0.0,0.0,5.0
2457,12,train_0463,11944.284077790531,10457.609605014428,95.7609605014428,0.0,12040.045038291973,14.94,0.62,0.0,0.0,5.0
2458,12,train_0542,12073.641119594506,10198.95640487297,69.89564048729699,0.0,12143.536760081803,15.6,0.72,0.0,0.0,5.0
2459,12,train_0070,11973.642381262682,9940.77371263986,44.077371263986066,0.0,12017.719752526667,15.42,0.76,0.0,0.0,5.0
2460,12,train_0556,12401.104913288233,10705.397517140096,120.53975171400963,0.0,12521.644665002243,14.4,0.76,0.0,0.0,5.0
2461,12,train_0392,12230.922040524085,10777.48094349416,127.748094349416,0.0,12358.6701348735,15.42,0.7,0.0,0.0,5.0
2462,12,train_0311,12281.968829409529,10454.438545318731,95.44385453187316,0.0,12377.412683941402,15.64,0.74,0.0,0.0,5.0
2463,12,train_0107,12751.275655011079,10297.066217115655,79.70662171156546,0.0,12830.982276722645,16.66,0.6,0.0,0.0,5.0
2464,12,train_0549,12628.733421352716,10628.876410170262,112.88764101702618,0.0,12741.621062369743,16.66,0.62,0.0,0.0,5.0
2465,12,train_0341,12499.987646345147,11042.38928125235,154.23892812523502,0.0,12654.226574470382,17.84,0.78,0.0,0.0,5.0
2466,12,train_0472,12516.88373434394,10559.099589970541,105.90995899705413,0.0,12622.793693340995,17.44,0.7,0.0,0.0,5.0
2467,12,train_0127,12187.890426093778,10718.351427782287,121.8351427782287,0.0,12309.725568872007,14.94,0.66,0.0,0.0,5.0
2468,12,train_0479,12542.149622014736,11116.68888355215,161.66888835521496,0.0,12703.81851036995,15.84,0.62,0.0,0.0,5.0
2469,12,train_0303,12028.500163255789,10293.127575609105,79.31275756091054,0.0,12107.8129208167,15.7,0.66,0.0,0.0,5.0
2470,12,train_0341,12302.055872939636,11122.888253074221,162.28882530742214,0.0,12464.344698247058,16.66,0.74,0.0,0.0,5.0
2471,12,train_0331,12356.15222222379,10480.44863298032,98.04486329803204,0.0,12454.197085521822,17.62,0.8,0.0,0.0,5.0
2472,12,train_0337,12136.083789818415,10239.21952793087,73.92195279308707,0.0,12210.005742611502,17.66,0.74,0.0,0.0,5.0
2473,12,train_0571,12166.805710940102,10531.716750542124,103.1716750542124,0.0,12269.977385994314,15.8,0.68,0.0,0.0,5.0
2474,12,train_0364,12573.632871806381,10609.051608326787,110.90516083267867,0.0,12684.53803263906,20.06,0.66,0.0,0.0,5.0
2475,12,train_0418,12373.734755996977,10747.91151468554,124.79115146855402,0.0,12498.525907465531,15.54,0.6,0.0,0.0,5.0
2476,12,train_0464,12106.330789043328,10680.317372594822,118.03173725948218,0.0,12224.36252630281,15.56,0.68,0.0,0.0,5.0
2477,12,train_0104,12170.84290226658,10507.053837661242,100.70538376612421,0.0,12271.548286032705,16.36,0.66,0.0,0.0,5.0
2478,12,train_0386,12404.20774371563,10495.985917531101,99.59859175311013,0.0,12503.80633546874,15.38,0.7,0.0,0.0,5.0
2479,12,train_0471,12420.038514320771,10811.01452303963,131.10145230396301,0.0,12551.139966624734,15.06,0.68,0.0,0.0,5.0
2480,12,train_0575,12394.757377735068,10924.06566114116,142.40656611411598,0.0,12537.163943849184,16.86,0.68,0.0,0.0,5.0
2481,12,train_0056,12076.422819945197,9936.001197105172,43.60011971051718,0.0,12120.022939655715,17.18,0.78,0.0,0.0,5.0
2482,12,train_0352,11754.636961455926,10221.254591385114,72.12545913851136,0.0,11826.762420594438,16.38,0.88,0.0,0.0,5.0
2483,12,train_0148,12715.667183774265,10642.27724214298,114.22772421429801,0.0,12829.894907988562,17.34,0.78,0.0,0.0,5.0
2484,12,train_0536,12324.7440267551,10388.399956070332,88.83999560703325,0.0,12413.584022362133,15.94,0.74,0.0,0.0,5.0
2485,12,train_0013,12125.64499255339,10524.679719621712,102.46797196217122,0.0,12228.112964515562,16.38,0.7,0.0,0.0,5.0
2486,12,train_0341,12599.69028286987,10732.78642919203,123.27864291920305,0.0,12722.968925789073,15.66,0.76,0.0,0.0,5.0
2487,12,train_0044,12801.844667825471,10537.970396144494,103.79703961444939,0.0,12905.641707439921,15.32,0.8,0.0,0.0,5.0
2488,12,train_0596,12203.645128159147,10486.708895408065,98.67088954080646,0.0,12302.316017699954,15.94,0.8,0.0,0.0,5.0
2489,12,train_0558,12617.48144928133,10726.18437009975,122.61843700997507,0.0,12740.099886291304,15.54,0.76,0.0,0.0,5.0
2490,12,train_0171,12971.228856068123,10752.613502293552,125.26135022935523,0.0,13096.490206297478,17.58,0.64,0.0,0.0,5.0
2491,12,train_0534,12229.731718614017,10589.020380251339,108.90203802513389,0.0,12338.63375663915,16.76,0.78,0.0,0.0,5.0
2492,12,train_0418,12423.35470787436,10594.092481318565,109.40924813185649,0.0,12532.763956006216,16.62,0.74,0.0,0.0,5.0
2493,12,train_0562,12230.832198985283,10395.404227028204,89.54042270282044,0.0,12320.372621688104,17.42,0.76,0.0,0.0,5.0
2494,12,train_0049,12377.035262465157,10698.00363139771,119.80036313977108,0.0,12496.835625604928,15.26,0.7,0.0,0.0,5.0
2495,12,train_0202,12276.07338218256,10811.821412720536,131.18214127205357,0.0,12407.255523454613,15.56,0.68,0.0,0.0,5.0
2496,12,train_0264,11976.32682725471,10294.193309101509,79.4193309101509,0.0,12055.74615816486,16.0,0.76,0.0,0.0,5.0
2497,12,train_0205,12499.253813693138,10625.321267492276,112.53212674922761,0.0,12611.785940442365,15.7,0.62,0.0,0.0,5.0
2498,12,train_0348,12290.661308795348,10577.500247527518,107.75002475275178,0.0,12398.4113335481,16.36,0.74,0.0,0.0,5.0
2499,12,train_0355,12341.297555813984,10899.86041440511,139.98604144051097,0.0,12481.283597254494,16.06,0.68,0.0,0.0,5.0
2500,12,train_0405,12479.00326502816,10645.325648081307,114.5325648081307,0.0,12593.53582983629,16.48,0.76,0.0,0.0,5.0
2501,12,train_0002,12314.433296389036,10316.022560404916,81.60225604049157,0.0,12396.035552429526,14.5,0.7,0.0,0.0,5.0
2502,12,train_0410,12078.020666948516,10973.161109348719,147.31611093487192,0.0,12225.336777883387,17.48,0.76,0.0,0.0,5.0
2503,12,train_0433,12093.952859852849,10421.310398877535,92.13103988775347,0.0,12186.083899740603,13.52,0.8,0.0,0.0,5.0
2504,12,train_0236,12161.22820812717,10374.694105920667,87.46941059206675,0.0,12248.697618719236,19.26,0.84,0.0,0.0,5.0
2505,12,train_0276,12161.339362397986,10691.663214205386,119.1663214205386,0.0,12280.505683818525,15.96,0.74,0.0,0.0,5.0
2506,12,train_0416,12100.184878205866,10680.455360774951,118.04553607749513,0.0,12218.230414283362,16.78,0.66,0.0,0.0,5.0
2507,12,train_0043,11924.860193449851,10428.190400287363,92.81904002873635,0.0,12017.679233478588,17.84,0.66,0.0,0.0,5.0
2508,12,train_0168,12582.104592028265,10760.22171574062,126.02217157406194,0.0,12708.126763602328,15.74,0.72,0.0,0.0,5.0
2509,12,train_0088,12520.0455507447,10503.429485593031,100.34294855930312,0.0,12620.388499304003,17.22,0.72,0.0,0.0,5.0
2510,12,train_0299,12344.170085753307,10495.418314409544,99.54183144095441,0.0,12443.711917194261,14.16,0.82,0.0,0.0,5.0
2511,12,train_0294,12064.931700657053,10241.313549501763,74.13135495017632,0.0,12139.063055607228,15.82,0.68,0.0,0.0,5.0
2512,12,train_0266,12439.426950380295,10553.770738814448,105.37707388144482,0.0,12544.80402426174,16.16,0.76,0.0,0.0,5.0
2513,12,train_0366,12059.690247168526,10779.034532832145,127.90345328321456,0.0,12187.59370045174,15.54,0.74,0.0,0.0,5.0
2514,12,train_0067,11709.385217556965,10553.665025838189,105.36650258381889,0.0,11814.751720140783,17.1,0.6,0.0,0.0,5.0
2515,12,train_0024,12050.663995257011,9896.809769509044,39.68097695090437,0.0,12090.344972207915,15.56,0.68,0.0,0.0,5.0
2516,12,train_0592,12158.305934623932,10719.494163219879,121.94941632198788,0.0,12280.25535094592,14.74,0.6,0.0,0.0,5.0
2517,12,train_0101,12372.029768581295,10476.96021908114,97.69602190811402,0.0,12469.725790489409,15.04,0.68,0.0,0.0,5.0
2518,12,train_0079,12272.795001254664,10760.201648881164,126.02016488811643,0.0,12398.81516614278,16.02,0.6,0.0,0.0,5.0
2519,12,train_0139,12151.762176619775,10260.647085700242,76.06470857002424,0.0,12227.8268851898,13.3,0.72,0.0,0.0,5.0
2520,12,train_0599,11942.567494758838,10575.961477408164,107.59614774081638,0.0,12050.163642499654,16.36,0.7,0.0,0.0,5.0
2521,12,train_0522,12692.025253902253,10573.572196819574,107.3572196819574,0.0,12799.38247358421,17.66,0.68,0.0,0.0,5.0
2522,12,train_0396,12096.838355418418,10703.527977923302,120.35279779233025,0.0,12217.191153210748,13.76,0.66,0.0,0.0,5.0
2523,12,train_0001,12057.796669876498,10215.587507428416,71.55875074284158,0.0,12129.355420619338,12.22,0.7,0.0,0.0,5.0
2524,12,train_0533,12064.433766365306,10124.113195906455,62.41131959064551,0.0,12126.84508595595,16.6,0.78,0.0,0.0,5.0
2525,12,train_0036,12415.471295726953,10557.1693862014,105.71693862014,0.0,12521.188234347093,15.32,0.68,0.0,0.0,5.0
2526,12,train_0290,12359.87462788001,10476.50494984177,97.65049498417703,0.0,12457.525122864186,16.34,0.82,0.0,0.0,5.0
2527,12,train_0214,12099.93597787539,9988.19087829554,48.81908782955398,0.0,12148.755065704943,13.82,0.66,0.0,0.0,5.0
2528,12,train_0501,12354.497469656362,10794.597245658642,129.45972456586424,0.0,12483.957194222226,19.9,0.74,0.0,0.0,5.0
2529,12,train_0325,11969.255774387831,10791.529491281333,129.15294912813334,0.0,12098.408723515964,13.04,0.68,0.0,0.0,5.0
2530,12,train_0502,12477.307582685356,10693.538759643041,119.35387596430411,0.0,12596.66145864966,14.16,0.7,0.0,0.0,5.0
2531,12,train_0491,12221.787867616078,10602.00786826573,110.20078682657295,0.0,12331.988654442652,15.14,0.58,0.0,0.0,5.0
2532,12,train_0178,11964.812780452045,10468.326444389,96.83264443890003,0.0,12061.645424890945,15.3,0.76,0.0,0.0,5.0
2533,12,train_0527,12329.951986760796,10813.77150280189,131.37715028018903,0.0,12461.329137040984,15.92,0.74,0.0,0.0,5.0
2534,12,train_0238,12406.228300229599,10255.923774051817,75.59237740518165,0.0,12481.82067763478,15.74,0.82,0.0,0.0,5.0
2535,12,train_0393,12307.365243250819,10645.714016756527,114.57140167565268,0.0,12421.93664492647,13.4,0.7,0.0,0.0,5.0
2536,12,train_0392,12526.685881903462,10460.968741600773,96.09687416007728,0.0,12622.78275606354,16.18,0.64,0.0,0.0,5.0
2537,12,train_0118,12576.925079102577,10454.135157614357,95.4135157614357,0.0,12672.338594864013,14.96,0.72,0.0,0.0,5.0
2538,12,train_0317,12043.359201453452,10382.63008380714,88.26300838071403,0.0,12131.622209834166,15.74,0.7,0.0,0.0,5.0
2539,12,train_0317,12212.030457874342,10365.038074638373,86.50380746383726,0.0,12298.53426533818,16.7,0.68,0.0,0.0,5.0
2540,12,train_0058,11803.782918419678,10003.033709062127,50.3033709062127,0.0,11854.08628932589,15.16,0.64,0.0,0.0,5.0
2541,12,train_0537,11968.114214083873,10530.769290936834,103.07692909368343,0.0,12071.191143177557,15.9,0.72,0.0,0.0,5.0
2542,12,train_0129,12557.018056201401,10950.805207057736,145.0805207057736,0.0,12702.098576907174,15.36,0.8,0.0,0.0,5.0
2543,12,train_0128,12099.457048470189,10398.737982922437,89.87379829224375,0.0,12189.330846762432,14.06,0.86,0.0,0.0,5.0
2544,12,train_0349,12047.186685301425,10275.790487156077,77.57904871560768,0.0,12124.765734017034,16.96,0.74,0.0,0.0,5.0
2545,12,train_0575,12812.286587149105,10625.810281550188,112.5810281550188,0.0,12924.867615304123,17.0,0.7,0.0,0.0,5.0
2546,12,train_0006,12140.164201649794,10516.992471600346,101.69924716003462,0.0,12241.863448809829,17.26,0.74,0.0,0.0,5.0
2547,12,train_0131,12483.574575636107,11132.298452610994,163.2298452610994,0.0,12646.804420897206,16.3,0.7,0.0,0.0,5.0
2548,12,train_0108,12539.369964143734,10290.26942746585,79.02694274658498,0.0,12618.396906890319,18.9,0.62,0.0,0.0,5.0
2549,12,train_0394,12374.424011695188,10396.010095521564,89.6010095521564,0.0,12464.025021247344,15.7,0.76,0.0,0.0,5.0
2550,12,train_0144,12855.160169664687,11290.929847739448,179.09298477394478,0.0,13034.253154438631,15.52,0.76,0.0,0.0,5.0
2551,12,train_0464,12064.369097668761,10486.912811307717,98.69128113077169,0.0,12163.060378799533,16.64,0.72,0.0,0.0,5.0
2552,12,train_0092,12742.812763095342,10654.566619585159,115.45666195851591,0.0,12858.269425053859,16.5,0.64,0.0,0.0,5.0
2553,12,train_0366,12021.595980385833,10517.539210555511,101.75392105555112,0.0,12123.349901441385,16.4,0.74,0.0,0.0,5.0
2554,12,train_0441,12538.314362661638,10589.79411927244,108.97941192724393,0.0,12647.293774588883,16.04,0.6,0.0,0.0,5.0
2555,12,train_0135,12373.776339606015,10619.627520194032,111.96275201940317,0.0,12485.739091625417,17.3,0.76,0.0,0.0,5.0
2556,12,train_0036,12361.993716982699,10346.645138136199,84.66451381361986,0.0,12446.658230796318,16.12,0.78,0.0,0.0,5.0
2557,12,train_0416,12081.062263156302,10452.65728739667,95.26572873966707,0.0,12176.327991895969,16.72,0.64,0.0,0.0,5.0
2558,12,train_0196,12141.82355828074,10824.1500302282,132.41500302282003,0.0,12274.238561303559,15.78,0.62,0.0,0.0,5.0
2559,12,train_0059,12620.21828926772,10427.674127713697,92.76741277136972,0.0,12712.985702039088,15.22,0.8,0.0,0.0,5.0
2560,12,train_0061,12052.910398470529,10580.23457127429,108.023457127429,0.0,12160.933855597958,15.04,0.76,0.0,0.0,5.0
2561,12,train_0161,11998.44665256589,10829.827506636822,132.98275066368225,0.0,12131.429403229573,15.88,0.82,0.0,0.0,5.0
2562,12,train_0462,12060.909623471169,10835.605795378671,133.56057953786714,0.0,12194.470203009036,17.06,0.76,0.0,0.0,5.0
2563,12,train_0482,12080.415764465746,9950.275564404543,45.02755644045428,0.0,12125.4433209062,14.64,0.68,0.0,0.0,5.0
2564,12,train_0387,12049.87730109613,10374.43685783476,87.44368578347604,0.0,12137.320986879606,15.06,0.78,0.0,0.0,5.0
2565,12,train_0444,12420.316646256993,10318.942689051171,81.89426890511714,0.0,12502.21091516211,16.38,0.72,0.0,0.0,5.0
2566,12,train_0022,12524.815375011218,10438.661680971441,93.86616809714415,0.0,12618.681543108361,17.06,0.78,0.0,0.0,5.0
2567,12,train_0132,11929.489087708494,10360.58645086388,86.05864508638807,0.0,12015.547732794883,15.64,0.72,0.0,0.0,5.0
2568,12,train_0309,12392.25053614741,10664.205956685773,116.42059566857733,0.0,12508.671131815987,14.62,0.68,0.0,0.0,5.0
2569,12,train_0215,12428.736257699049,10941.616543497748,144.16165434977484,0.0,12572.897912048824,16.06,0.72,0.0,0.0,5.0
2570,12,train_0465,12774.830455349114,10861.424136766505,136.14241367665053,0.0,12910.972869025765,16.38,0.64,0.0,0.0,5.0
2571,12,train_0012,12549.359421606612,10793.982471316785,129.39824713167854,0.0,12678.75766873829,15.4,0.72,0.0,0.0,5.0
2572,12,train_0080,12400.130775678352,10793.333057571052,129.33330575710517,0.0,12529.464081435457,13.78,0.7,0.0,0.0,5.0
2573,12,train_0072,12518.446999190452,10545.525101087844,104.55251010878438,0.0,12622.999509299236,16.9,0.7,0.0,0.0,5.0
2574,12,train_0519,12691.980622329902,10754.734576618419,125.4734576618419,0.0,12817.454079991743,17.36,0.78,0.0,0.0,5.0
2575,12,train_0277,12481.97099694101,10315.86503885889,81.58650388588904,0.0,12563.557500826899,14.82,0.7,0.0,0.0,5.0
2576,12,train_0179,11937.77278611757,10668.419905200008,116.84199052000076,0.0,12054.61477663757,14.18,0.64,0.0,0.0,5.0
2577,12,train_0590,12468.012286407586,10285.679475463443,78.5679475463443,0.0,12546.58023395393,17.72,0.66,0.0,0.0,5.0
2578,12,train_0023,11823.805390209502,10509.537769686065,100.95377696860652,0.0,11924.759167178108,15.4,0.72,0.0,0.0,5.0
2579,12,train_0231,12689.040776341848,10570.932308418172,107.09323084181725,0.0,12796.134007183666,15.22,0.72,0.0,0.0,5.0
2580,12,train_0412,12123.014934029894,10107.307478538321,60.73074785383215,0.0,12183.745681883725,15.5,0.7,0.0,0.0,5.0
2581,12,train_0519,12503.820894167678,10947.872942294827,144.78729422948274,0.0,12648.608188397162,16.64,0.66,0.0,0.0,5.0
2582,12,train_0197,12564.086678432612,10753.165290638706,125.31652906387063,0.0,12689.403207496482,16.54,0.62,0.0,0.0,5.0
2583,12,train_0174,12315.32931461321,10567.364640181255,106.73646401812549,0.0,12422.065778631335,17.62,0.64,0.0,0.0,5.0
2584,12,train_0517,12401.322461615231,10710.61937730902,121.061937730902,0.0,12522.384399346132,16.22,0.76,0.0,0.0,5.0
2585,12,train_0403,12504.58884619967,10764.94895573103,126.494895573103,0.0,12631.083741772773,13.42,0.68,0.0,0.0,5.0
2586,12,train_0194,12363.121866757061,10866.385049538301,136.63850495383014,0.0,12499.76037171089,15.4,0.64,0.0,0.0,5.0
2587,12,train_0097,12200.023212754944,10198.078289776386,69.80782897763856,0.0,12269.831041732583,16.2,0.76,0.0,0.0,5.0
2588,12,train_0392,12527.549425727782,10229.712494695994,72.97124946959939,0.0,12600.520675197382,17.4,0.66,0.0,0.0,5.0
2589,12,train_0468,12142.271441560515,10107.207859929766,60.720785992976566,0.0,12202.992227553492,14.94,0.68,0.0,0.0,5.0
2590,12,train_0448,12230.14908491958,10633.054735159563,113.30547351595634,0.0,12343.454558435536,14.52,0.68,0.0,0.0,5.0
2591,12,train_0104,12254.829477794101,10744.110597219747,124.41105972197475,0.0,12379.240537516076,18.16,0.74,0.0,0.0,5.0
2592,12,train_0569,12168.385426326082,10373.7942665261,87.37942665261,0.0,12255.764852978691,15.44,0.66,0.0,0.0,5.0
2593,12,train_0356,12438.888354103472,10612.308207610593,111.2308207610593,0.0,12550.11917486453,15.14,0.72,0.0,0.0,5.0
2594,12,train_0011,11749.912760755356,10627.393138574706,112.73931385747056,0.0,11862.652074612826,15.08,0.6,0.0,0.0,5.0
2595,12,train_0005,11903.45344783566,10312.954128961468,81.29541289614681,0.0,11984.748860731806,16.26,0.66,0.0,0.0,5.0
2596,12,train_0549,12244.99559441057,10726.304570401677,122.63045704016768,0.0,12367.626051450738,17.0,0.6,0.0,0.0,5.0
2597,12,train_0362,12058.217959193204,10407.887597630934,90.78875976309337,0.0,12149.006718956298,14.54,0.62,0.0,0.0,5.0
2598,12,train_0052,12380.328634986528,10973.158717677705,147.3158717677705,0.0,12527.644506754299,14.98,0.84,0.0,0.0,5.0
2599,12,train_0326,12134.807804037002,10069.863376908601,56.9863376908601,0.0,12191.794141727862,15.48,0.68,0.0,0.0,5.0
2600,12,train_0380,12114.061018126311,10560.649944507046,106.06499445070459,0.0,12220.126012577015,17.26,0.76,0.0,0.0,5.0
2601,12,train_0432,12124.431958013276,10308.437637155374,80.84376371553736,0.0,12205.275721728813,15.0,0.68,0.0,0.0,5.0
2602,12,train_0098,11948.932812660049,10449.593602345903,94.95936023459035,0.0,12043.892172894639,13.88,0.62,0.0,0.0,5.0
2603,12,train_0196,12377.49941931201,10499.274229842702,99.92742298427021,0.0,12477.42684229628,15.28,0.66,0.0,0.0,5.0
2604,12,train_0339,12789.232919820624,10601.232902460786,110.12329024607862,0.0,12899.356210066702,16.26,0.84,0.0,0.0,5.0
2605,12,train_0396,12111.570589427405,10690.097586509284,119.00975865092842,0.0,12230.580348078334,13.36,0.74,0.0,0.0,5.0
2606,12,train_0464,12472.390159490833,10237.474202737307,73.74742027373068,0.0,12546.137579764563,17.34,0.76,0.0,0.0,5.0
2607,12,train_0250,12283.918882866317,10475.986715529325,97.5986715529325,0.0,12381.51755441925,15.74,0.72,0.0,0.0,5.0
2608,12,train_0411,12746.866831363404,10904.359944384956,140.4359944384956,0.0,12887.3028258019,15.86,0.74,0.0,0.0,5.0
2609,12,train_0200,12019.880468565942,10806.997484752432,130.69974847524318,0.0,12150.580217041184,16.42,0.66,0.0,0.0,5.0
2610,12,train_0380,11986.57317092068,10659.60757200085,115.96075720008503,0.0,12102.533928120763,16.84,0.68,0.0,0.0,5.0
2611,12,train_0401,11765.286915472676,10456.223725054326,95.62237250543258,0.0,11860.90928797811,18.46,0.74,0.0,0.0,5.0
2612,12,train_0260,11708.23344692716,10306.249754329576,80.62497543295758,0.0,11788.858422360117,16.54,0.72,0.0,0.0,5.0
2613,12,train_0250,12297.281993684603,10381.962981832157,88.19629818321573,0.0,12385.478291867817,16.6,0.6,0.0,0.0,5.0
2614,12,train_0032,12692.119741296156,10842.616794960142,134.26167949601424,0.0,12826.38142079217,18.12,0.66,0.0,0.0,5.0
2615,12,train_0541,12449.521978402212,10655.146768336712,115.51467683367119,0.0,12565.036655235883,16.66,0.68,0.0,0.0,5.0
2616,12,train_0546,12002.921363747266,10695.786615920237,119.57866159202368,0.0,12122.50002533929,18.7,0.8,0.0,0.0,5.0
2617,12,train_0065,12375.07807002518,10662.40950020522,116.240950020522,0.0,12491.319020045701,14.9,0.64,0.0,0.0,5.0
2618,12,train_0023,11798.088567054994,10265.271026041019,76.52710260410186,0.0,11874.615669659095,15.32,0.62,0.0,0.0,5.0
2619,12,train_0236,12099.778438853566,10655.272996193322,115.5272996193322,0.0,12215.305738472898,19.68,0.7,0.0,0.0,5.0
2620,12,train_0152,12160.47023455241,10538.425805191653,103.84258051916532,0.0,12264.312815071575,16.04,0.66,0.0,0.0,5.0
2621,12,train_0479,12470.669142520088,11248.234030590349,174.82340305903492,0.0,12645.492545579124,15.06,0.74,0.0,0.0,5.0
2622,12,train_0177,12623.514671798284,10313.456345264338,81.3456345264338,0.0,12704.860306324717,14.18,0.74,0.0,0.0,5.0
2623,12,train_0218,12427.950315690632,10708.682148045846,120.86821480458457,0.0,12548.818530495217,16.42,0.62,0.0,0.0,5.0
2624,12,train_0364,12576.160374098956,10409.253965423977,90.92539654239772,0.0,12667.085770641354,17.76,0.7,0.0,0.0,5.0
2625,12,train_0230,12030.441409398532,10590.733211502127,109.07332115021273,0.0,12139.514730548744,17.0,0.74,0.0,0.0,5.0
2626,12,train_0146,12395.806017407296,10988.119210412238,148.81192104122383,0.0,12544.61793844852,15.8,0.76,0.0,0.0,5.0
2627,12,train_0222,12349.249237567268,10462.027683618213,96.2027683618213,0.0,12445.45200592909,17.32,0.6,0.0,0.0,5.0
2628,12,train_0126,12462.563718462621,10368.029202436159,86.80292024361589,0.0,12549.366638706237,16.36,0.74,0.0,0.0,5.0
2629,12,train_0355,12066.10236277238,10734.202636081522,123.42026360815217,0.0,12189.522626380533,16.18,0.76,0.0,0.0,5.0
2630,12,train_0571,12314.321319531155,10569.228260118989,106.9228260118989,0.0,12421.244145543053,15.86,0.72,0.0,0.0,5.0
2631,12,train_0034,12036.395368569007,10732.294473253378,123.22944732533779,0.0,12159.624815894345,14.88,0.68,0.0,0.0,5.0
2632,12,train_0534,12053.672365449429,10244.135484794917,74.4135484794917,0.0,12128.08591392892,15.58,0.72,0.0,0.0,5.0
2633,12,train_0186,12071.24019198821,10625.239475107028,112.52394751070278,0.0,12183.764139498913,15.22,0.7,0.0,0.0,5.0
2634,12,train_0273,12530.491977546573,10765.193415693488,126.51934156934877,0.0,12657.011319115922,16.92,0.78,0.0,0.0,5.0
2635,12,train_0159,11953.192101744502,10037.68028444405,53.76802844440499,0.0,12006.960130188907,16.44,0.58,0.0,0.0,5.0
2636,12,train_0250,11958.306549411653,10525.212430607062,102.52124306070618,0.0,12060.827792472359,16.0,0.74,0.0,0.0,5.0
2637,12,train_0127,12307.668780364524,10796.371693604466,129.63716936044656,0.0,12437.30594972497,15.92,0.8,0.0,0.0,5.0
2638,12,train_0431,12156.723181393825,10242.760981915004,74.2760981915004,0.0,12230.999279585325,16.48,0.64,0.0,0.0,5.0
2639,12,train_0476,12215.759880966683,10335.224533812572,83.52245338125722,0.0,12299.282334347941,18.32,0.74,0.0,0.0,5.0
2640,12,train_0475,12427.166142547847,9882.450620899652,38.24506208996518,0.0,12465.411204637812,14.84,0.78,0.0,0.0,5.0
2641,12,train_0082,12304.815329590536,10592.672209108267,109.26722091082667,0.0,12414.082550501362,15.5,0.68,0.0,0.0,5.0
2642,12,train_0444,12309.91291946888,10426.63769654027,92.66376965402706,0.0,12402.576689122907,17.12,0.66,0.0,0.0,5.0
2643,12,train_0011,11768.917675825152,10347.102962170768,84.71029621707676,0.0,11853.62797204223,15.5,0.56,0.0,0.0,5.0
2644,12,train_0463,11969.025306932046,10336.85153561509,83.68515356150893,0.0,12052.710460493556,15.28,0.72,0.0,0.0,5.0
2645,12,train_0124,12450.83496215837,10956.05389587528,145.60538958752804,0.0,12596.440351745898,17.84,0.76,0.0,0.0,5.0
2646,12,train_0047,12109.65181856835,10478.209730424704,97.82097304247037,0.0,12207.47279161082,14.5,0.52,0.0,0.0,5.0
2647,12,train_0156,12228.299595205845,10377.111526431272,87.7111526431272,0.0,12316.010747848972,16.38,0.64,0.0,0.0,5.0
2648,12,train_0279,12264.12843705914,10512.811451058362,101.28114510583619,0.0,12365.409582164977,16.56,0.7,0.0,0.0,5.0
2649,12,train_0031,12180.2657043867,10190.89775290063,69.08977529006297,0.0,12249.355479676764,17.82,0.68,0.0,0.0,5.0
2650,12,train_0292,12207.59777856744,10623.48731249604,112.34873124960396,0.0,12319.946509817044,17.74,0.8,0.0,0.0,5.0
2651,12,train_0345,12075.086725852269,10613.253706633934,111.32537066339337,0.0,12186.412096515662,15.4,0.68,0.0,0.0,5.0
2652,12,train_0281,12624.3848549533,10665.541740380062,116.55417403800621,0.0,12740.939028991306,15.86,0.6,0.0,0.0,5.0
2653,12,train_0429,12672.664386321112,10728.859572195888,122.88595721958882,0.0,12795.5503435407,15.22,0.7,0.0,0.0,5.0
2654,12,train_0403,12343.630692263603,10806.2318651992,130.62318651991993,0.0,12474.253878783524,13.2,0.7,0.0,0.0,5.0
2655,12,train_0048,12500.212870107125,10644.754461747947,114.47544617479471,0.0,12614.68831628192,15.66,0.6,0.0,0.0,5.0
2656,13,train_0332,12042.064178997978,10250.253555079542,75.02535550795419,0.0,12117.089534505933,16.16,0.58,0.0,0.0,5.0
2657,13,train_0295,12205.786107941512,10230.23540583934,73.02354058393394,0.0,12278.809648525446,15.9,0.74,0.0,0.0,5.0
2658,13,train_0203,12672.32562077367,10724.57298861058,122.457298861058,0.0,12794.782919634728,13.88,0.64,0.0,0.0,5.0
2659,13,train_0329,12215.490071555516,10378.829938556479,87.88299385564788,0.0,12303.373065411164,16.7,0.62,0.0,0.0,5.0
2660,13,train_0258,12504.864920478056,10913.795770588877,141.37957705888766,0.0,12646.244497536944,14.5,0.66,0.0,0.0,5.0
2661,13,train_0535,11981.081803833875,10602.696388782115,110.26963887821148,0.0,12091.351442712086,14.88,0.74,0.0,0.0,5.0
2662,13,train_0542,12079.54157097165,10455.274984280568,95.52749842805679,0.0,12175.069069399708,15.28,0.68,0.0,0.0,5.0
2663,13,train_0397,12283.100880125814,10464.805447382128,96.48054473821286,0.0,12379.581424864027,15.04,0.8,0.0,0.0,5.0
2664,13,train_0146,12191.521989903998,10494.317348612416,99.43173486124161,0.0,12290.95372476524,15.16,0.68,0.0,0.0,5.0
2665,13,train_0051,12286.665291454363,10836.107486122843,133.61074861228425,0.0,12420.276040066647,18.0,0.7,0.0,0.0,5.0
2666,13,train_0518,12443.946992323934,10343.004518129575,84.30045181295755,0.0,12528.247444136892,14.44,0.72,0.0,0.0,5.0
2667,13,train_0099,11784.82449400772,10234.660210652357,73.4660210652357,0.0,11858.290515072957,17.7,0.76,0.0,0.0,5.0
2668,13,train_0392,12197.400147036942,10569.293649056755,106.92936490567554,0.0,12304.329511942618,15.1,0.76,0.0,0.0,5.0
2669,13,train_0336,11867.234229261214,10715.092751826814,121.50927518268145,0.0,11988.743504443895,15.4,0.68,0.0,0.0,5.0
2670,13,train_0251,12085.337491370137,10770.54518789683,127.05451878968307,0.0,12212.39201015982,14.56,0.62,0.0,0.0,5.0
2671,13,train_0498,12219.568180270599,10979.038798923504,147.90387989235043,0.0,12367.472060162949,15.1,0.78,0.0,0.0,5.0
2672,13,train_0157,12267.551687848863,10520.161621230542,102.01616212305417,0.0,12369.567849971918,14.94,0.68,0.0,0.0,5.0
2673,13,train_0084,12150.879843720806,10117.732474509612,61.77324745096121,0.0,12212.653091171767,16.86,0.66,0.0,0.0,5.0
2674,13,train_0550,12162.667724537718,10388.238616517843,88.82386165178433,0.0,12251.491586189502,17.8,0.76,0.0,0.0,5.0
2675,13,train_0168,12598.834946802173,10514.969798372069,101.4969798372069,0.0,12700.331926639381,16.0,0.58,0.0,0.0,5.0
2676,13,train_0187,11989.875615207136,10382.996615965572,88.29966159655724,0.0,12078.175276803693,15.48,0.62,0.0,0.0,5.0
2677,13,train_0177,12403.667790123121,10404.148466974548,90.41484669745478,0.0,12494.082636820576,14.44,0.82,0.0,0.0,5.0
2678,13,train_0182,12405.22167694668,10927.265398208448,142.72653982084486,0.0,12547.948216767525,15.22,0.74,0.0,0.0,5.0
2679,13,train_0334,12344.25736049498,10786.47968606721,128.64796860672104,0.0,12472.9053291017,15.94,0.76,0.0,0.0,5.0
2680,13,train_0308,12389.147190793708,10258.76608809596,75.87660880959594,0.0,12465.023799603305,17.22,0.66,0.0,0.0,5.0
2681,13,train_0418,12575.906757834753,10968.563323805909,146.8563323805909,0.0,12722.763090215343,18.84,0.7,0.0,0.0,5.0
2682,13,train_0339,12613.358755235,10957.956404862663,145.79564048626636,0.0,12759.154395721267,16.78,0.58,0.0,0.0,5.0
2683,13,train_0036,12266.106809341542,10737.684224352764,123.76842243527645,0.0,12389.875231776818,15.78,0.72,0.0,0.0,5.0
2684,13,train_0138,12072.97114864743,10515.091362186442,101.5091362186442,0.0,12174.480284866075,17.0,0.62,0.0,0.0,5.0
2685,13,train_0454,12721.567596588795,10935.032590537223,143.5032590537223,0.0,12865.070855642518,17.34,0.74,0.0,0.0,5.0
2686,13,train_0468,11906.113874269498,10494.658805489364,99.46588054893637,0.0,12005.579754818435,14.5,0.58,0.0,0.0,5.0
2687,13,train_0440,12435.475441634273,11366.14930340492,186.614930340492,0.0,12622.090371974766,15.54,0.74,0.0,0.0,5.0
2688,13,train_0167,11963.767476520572,10278.860481962001,77.88604819620014,0.0,12041.653524716772,16.0,0.64,0.0,0.0,5.0
2689,13,train_0056,11719.877320321895,10095.114644264497,59.51146442644968,0.0,11779.388784748346,17.84,0.82,0.0,0.0,5.0
2690,13,train_0202,12408.610216904248,10825.57572040581,132.557572040581,0.0,12541.16778894483,15.64,0.6,0.0,0.0,5.0
2691,13,train_0430,12259.220883596048,10327.25125330806,82.72512533080608,0.0,12341.946008926854,15.24,0.7,0.0,0.0,5.0
2692,13,train_0301,12634.656911715088,10900.005957414705,140.00059574147053,0.0,12774.657507456559,16.06,0.76,0.0,0.0,5.0
2693,13,train_0288,11842.248743397924,10200.641184408149,70.06411844081485,0.0,11912.312861838738,16.34,0.8,0.0,0.0,5.0
2694,13,train_0579,12350.773709137942,10518.631346578397,101.8631346578397,0.0,12452.636843795783,16.16,0.7,0.0,0.0,5.0
2695,13,train_0153,12077.162609696965,10498.72158851733,99.872158851733,0.0,12177.034768548698,16.94,0.68,0.0,0.0,5.0
2696,13,train_0002,12360.669905729861,10324.382918698482,82.43829186984823,0.0,12443.10819759971,13.86,0.8,0.0,0.0,5.0
2697,13,train_0219,12384.890703796296,10330.5938609552,83.05938609551995,0.0,12467.950089891816,16.02,0.8,0.0,0.0,5.0
2698,13,train_0237,12208.90875222706,10453.672935574796,95.36729355747957,0.0,12304.27604578454,17.1,0.68,0.0,0.0,5.0
2699,13,train_0064,12598.325256435612,10790.320036649711,129.03200366497114,0.0,12727.357260100584,15.58,0.84,0.0,0.0,5.0
2700,13,train_0346,12638.81747981319,10735.168898749243,123.51688987492435,0.0,12762.334369688113,17.0,0.8,0.0,0.0,5.0
2701,13,train_0009,12155.527814259247,10509.517721755068,100.95177217550682,0.0,12256.479586434754,15.16,0.66,0.0,0.0,5.0
2702,13,train_0304,12561.937530330295,11155.24722555932,165.52472255593204,0.0,12727.462252886227,17.3,0.76,0.0,0.0,5.0
2703,13,train_0513,12149.830136852197,10358.141439993087,85.81414399930873,0.0,12235.644280851506,15.04,0.82,0.0,0.0,5.0
2704,13,train_0222,12213.579860962467,10676.561775338967,117.65617753389671,0.0,12331.236038496363,17.26,0.74,0.0,0.0,5.0
2705,13,train_0481,12080.438092968629,10241.485295002982,74.14852950029818,0.0,12154.586622468927,15.52,0.82,0.0,0.0,5.0
2706,13,train_0013,11952.855798947272,10512.483661371181,101.24836613711814,0.0,12054.10416508439,15.04,0.66,0.0,0.0,5.0
2707,13,train_0086,11935.798435359888,9823.873164067834,32.387316406783434,0.0,11968.18575176667,15.82,0.68,0.0,0.0,5.0
2708,13,train_0376,12143.776108458514,10225.401340272369,72.54013402723686,0.0,12216.316242485751,17.16,0.7,0.0,0.0,5.0
2709,13,train_0090,12296.907748901798,10365.140264436664,86.51402644366645,0.0,12383.421775345465,14.68,0.74,0.0,0.0,5.0
2710,13,train_0091,12654.05222925108,10555.442498669441,105.54424986694413,0.0,12759.596479118023,15.14,0.74,0.0,0.0,5.0
2711,13,train_0184,12122.10278686418,10541.064634412309,104.10646344123089,0.0,12226.20925030541,16.7,0.68,0.0,0.0,5.0
2712,13,train_0128,11739.156208477165,10302.977434016044,80.2977434016044,0.0,11819.45395187877,14.66,0.82,0.0,0.0,5.0
2713,13,train_0594,11937.143984389035,10193.851297420848,69.3851297420848,0.0,12006.529114131119,17.56,0.68,0.0,0.0,5.0
2714,13,train_0104,12157.00346117,10307.220231131614,80.72202311316141,0.0,12237.72548428316,18.46,0.76,0.0,0.0,5.0
2715,13,train_0067,12079.31741263819,10165.290524365442,66.52905243654423,0.0,12145.846465074734,16.74,0.66,0.0,0.0,5.0
2716,13,train_0391,11961.639668914853,10602.279949161137,110.22799491611369,0.0,12071.867663830966,16.4,0.6,0.0,0.0,5.0
2717,13,train_0278,12167.303034100794,10536.877203277785,103.68772032777852,0.0,12270.990754428572,17.52,0.8,0.0,0.0,5.0
2718,13,train_0156,12294.523887383893,10460.369946753248,96.03699467532479,0.0,12390.560882059219,16.82,0.76,0.0,0.0,5.0
2719,13,train_0408,11975.28732619797,10181.348395266195,68.13483952661954,0.0,12043.422165724589,15.02,0.72,0.0,0.0,5.0
2720,13,train_0080,12527.244010841163,10490.06330552228,99.00633055222806,0.0,12626.250341393392,16.8,0.76,0.0,0.0,5.0
2721,13,train_0500,12267.145399141325,10386.388870881357,88.63888708813575,0.0,12355.784286229462,15.0,0.62,0.0,0.0,5.0
2722,13,train_0295,12137.769896334099,10286.957260530968,78.69572605309678,0.0,12216.465622387195,16.06,0.68,0.0,0.0,5.0
2723,13,train_0534,12287.913041045806,10682.539364720964,118.2539364720964,0.0,12406.166977517902,15.38,0.68,0.0,0.0,5.0
2724,13,train_0574,12373.020821011061,10381.931858384478,88.19318583844779,0.0,12461.21400684951,13.34,0.74,0.0,0.0,5.0
2725,13,train_0093,12051.138448422262,10305.582596616357,80.55825966163576,0.0,12131.696708083897,18.9,0.66,0.0,0.0,5.0
2726,13,train_0141,12672.371836974235,10561.59664544768,106.15966454476802,0.0,12778.531501519003,14.08,0.66,0.0,0.0,5.0
2727,13,train_0452,12283.037785709535,10441.153681731645,94.11536817316447,0.0,12377.1531538827,15.0,0.66,0.0,0.0,5.0
2728,13,train_0108,12537.667483726687,10492.818692499193,99.28186924991934,0.0,12636.949352976606,18.7,0.72,0.0,0.0,5.0
2729,13,train_0292,11879.44315237657,10976.892261863559,147.68922618635588,0.0,12027.132378562927,17.82,0.68,0.0,0.0,5.0
2730,13,train_0055,12050.92350185263,10614.071470224002,111.40714702240021,0.0,12162.330648875031,13.14,0.66,0.0,0.0,5.0
2731,13,train_0483,12389.025812522468,11019.43370846031,151.94337084603103,0.0,12540.9691833685,15.5,0.7,0.0,0.0,5.0
2732,13,train_0159,11679.738566905515,10368.98457315704,86.89845731570404,0.0,11766.637024221218,17.64,0.68,0.0,0.0,5.0
2733,13,train_0222,12347.36341082682,10422.720447638145,92.27204476381449,0.0,12439.635455590635,18.6,0.7,0.0,0.0,5.0
2734,13,train_0469,12726.446424778798,10901.299185780408,140.12991857804082,0.0,12866.576343356839,15.24,0.78,0.0,0.0,5.0
2735,13,train_0331,12059.043568028066,10488.151948087721,98.81519480877215,0.0,12157.858762836839,18.78,0.78,0.0,0.0,5.0
2736,13,train_0313,12684.01818812717,10606.871273954019,110.68712739540189,0.0,12794.705315522571,15.86,0.78,0.0,0.0,5.0
2737,13,train_0462,12394.207967002116,10571.025966952713,107.10259669527132,0.0,12501.310563697387,16.3,0.8,0.0,0.0,5.0
2738,13,train_0598,12027.172854354176,10230.97525554321,73.09752555432097,0.0,12100.270379908497,13.64,0.72,0.0,0.0,5.0
2739,13,train_0413,12495.794678032013,10862.710653352282,136.2710653352282,0.0,12632.06574336724,15.8,0.76,0.0,0.0,5.0
2740,13,train_0504,12083.395586643543,10686.10769889569,118.61076988956903,0.0,12202.006356533111,15.52,0.82,0.0,0.0,5.0
2741,13,train_0333,12675.500379385447,10650.896649090682,115.08966490906823,0.0,12790.590044294515,15.98,0.68,0.0,0.0,5.0
2742,13,train_0414,11975.594873632785,10612.472158280267,111.24721582802668,0.0,12086.842089460812,15.62,0.82,0.0,0.0,5.0
2743,13,train_0472,12649.52936925432,10518.817952311336,101.8817952311336,0.0,12751.411164485453,16.44,0.9,0.0,0.0,5.0
2744,13,train_0015,12067.969210917821,10414.416266892631,91.4416266892631,0.0,12159.410837607084,14.84,0.74,0.0,0.0,5.0
2745,13,train_0162,11852.252704909864,9916.91940377215,41.691940377215,0.0,11893.94464528708,14.84,0.76,0.0,0.0,5.0
2746,13,train_0012,12634.12135949023,11230.80001985918,173.080001985918,0.0,12807.201361476147,15.9,0.64,0.0,0.0,5.0
2747,13,train_0444,12472.645799219048,10824.559771679313,132.45597716793128,0.0,12605.101776386979,16.34,0.66,0.0,0.0,5.0
2748,13,train_0228,12148.323418654232,10701.501999608403,120.1501999608403,0.0,12268.473618615073,14.82,0.7,0.0,0.0,5.0
2749,13,train_0393,12515.004436321346,10854.214419379487,135.42144193794866,0.0,12650.425878259295,13.9,0.64,0.0,0.0,5.0
2750,13,train_0388,12618.276602666252,10478.94791666921,97.8947916669211,0.0,12716.171394333172,14.3,0.7,0.0,0.0,5.0
2751,13,train_0023,11879.359525102449,10255.0412674357,75.50412674356994,0.0,11954.863651846019,14.58,0.68,0.0,0.0,5.0
2752,13,train_0116,12381.886331195132,10410.857473488952,91.08574734889517,0.0,12472.972078544028,17.52,0.66,0.0,0.0,5.0
2753,13,train_0386,12406.147776033078,10495.117197415277,99.51171974152767,0.0,12505.659495774606,14.86,0.64,0.0,0.0,5.0
2754,13,train_0280,12440.960817190815,10815.358345730936,131.5358345730936,0.0,12572.496651763908,15.06,0.6,0.0,0.0,5.0
2755,13,train_0158,12343.854725624624,10877.82388372698,137.78238837269802,0.0,12481.637113997322,17.2,0.6,0.0,0.0,5.0
2756,13,train_0493,11883.597559468653,10639.504222785255,113.95042227852555,0.0,11997.547981747179,16.38,0.7,0.0,0.0,5.0
2757,13,train_0007,13247.580424739059,11177.130076600111,167.71300766001116,0.0,13415.29343239907,15.58,0.7,0.0,0.0,5.0
2758,13,train_0009,12471.233009504002,10462.815474706662,96.2815474706662,0.0,12567.514556974667,15.7,0.62,0.0,0.0,5.0
2759,13,train_0025,12455.058976202556,10669.286253074879,116.92862530748789,0.0,12571.987601510044,14.44,0.68,0.0,0.0,5.0
2760,13,train_0377,12242.307527731933,10613.312628359072,111.33126283590718,0.0,12353.63879056784,16.18,0.64,0.0,0.0,5.0
2761,13,train_0497,12266.702126040904,10569.326628849743,106.93266288497435,0.0,12373.634788925878,15.24,0.72,0.0,0.0,5.0
2762,13,train_0124,12189.72270770766,11024.312596421874,152.43125964218743,0.0,12342.153967349848,17.6,0.74,0.0,0.0,5.0
2763,13,train_0495,12375.270561014899,10541.573744584628,104.15737445846281,0.0,12479.42793547336,17.84,0.68,0.0,0.0,5.0
2764,13,train_0171,12513.167748565902,10916.71642667439,141.67164266743893,0.0,12654.839391233341,16.28,0.84,0.0,0.0,5.0
2765,13,train_0158,12595.783471113726,10589.324262981769,108.93242629817688,0.0,12704.715897411903,18.4,0.66,0.0,0.0,5.0
2766,13,train_0245,11928.962888833797,10200.32523698283,70.03252369828297,0.0,11998.99541253208,14.98,0.72,0.0,0.0,5.0
2767,13,train_0570,12158.932923669101,10218.635177196806,71.86351771968057,0.0,12230.796441388782,15.04,0.76,0.0,0.0,5.0
2768,13,train_0335,12437.737406435452,10987.192323655137,148.71923236551376,0.0,12586.456638800966,16.1,0.74,0.0,0.0,5.0
2769,13,train_0104,12252.321392290434,10715.97439832118,121.59743983211793,0.0,12373.918832122552,15.64,0.74,0.0,0.0,5.0
2770,13,train_0386,12232.392938310772,10530.54686601785,103.05468660178504,0.0,12335.447624912556,15.26,0.66,0.0,0.0,5.0
2771,13,train_0057,11837.10745192436,10615.442226491054,111.54422264910536,0.0,11948.651674573464,13.82,0.54,0.0,0.0,5.0
2772,13,train_0013,12125.324181675613,10388.475496092218,88.84754960922183,0.0,12214.171731284834,14.88,0.76,0.0,0.0,5.0
2773,13,train_0074,12238.70496200047,10743.144448023864,124.31444480238643,0.0,12363.019406802856,16.86,0.74,0.0,0.0,5.0
2774,13,train_0485,11866.985380267879,10266.36182780103,76.63618278010308,0.0,11943.621563047982,15.92,0.78,0.0,0.0,5.0
2775,13,train_0491,12172.133066980643,10701.94571634304,120.19457163430398,0.0,12292.327638614946,15.38,0.64,0.0,0.0,5.0
2776,13,train_0138,12165.580738311477,10594.789654535742,109.47896545357418,0.0,12275.059703765051,16.76,0.72,0.0,0.0,5.0
2777,13,train_0145,11935.744876170946,10812.967832603323,131.29678326033226,0.0,12067.041659431277,13.26,0.86,0.0,0.0,5.0
2778,13,train_0039,12647.058915892329,10654.480461067937,115.44804610679367,0.0,12762.506961999123,17.34,0.64,0.0,0.0,5.0
2779,13,train_0400,12526.916120326361,11280.799424874804,178.07994248748037,0.0,12704.996062813841,15.58,0.72,0.0,0.0,5.0
2780,13,train_0180,12465.809771660106,10732.24750469349,123.22475046934906,0.0,12589.034522129456,17.12,0.74,0.0,0.0,5.0
2781,13,train_0177,12422.147988685472,10740.82201028184,124.08220102818396,0.0,12546.230189713657,15.24,0.8,0.0,0.0,5.0
2782,13,train_0525,12025.930784277229,10512.409258222615,101.24092582226149,0.0,12127.17171009949,14.82,0.76,0.0,0.0,5.0
2783,13,train_0391,12308.82072533754,10558.399902216392,105.83999022163917,0.0,12414.66071555918,14.14,0.78,0.0,0.0,5.0
2784,13,train_0437,11431.655334849098,9799.373827951615,29.93738279516147,0.0,11461.59271764426,16.52,0.56,0.0,0.0,5.0
2785,13,train_0594,11976.10283248396,10256.02077735692,75.602077735692,0.0,12051.704910219652,18.22,0.8,0.0,0.0,5.0
2786,13,train_0033,12640.899465820185,10946.86681846251,144.68668184625093,0.0,12785.586147666436,15.88,0.64,0.0,0.0,5.0
2787,13,train_0298,11743.869946117558,10123.650128775404,62.36501287754036,0.0,11806.234958995099,16.3,0.7,0.0,0.0,5.0
2788,13,train_0596,12318.829676755886,10432.365529564955,93.23655295649552,0.0,12412.066229712382,16.8,0.7,0.0,0.0,5.0
2789,13,train_0387,11974.361675085303,10269.191586475852,76.91915864758522,0.0,12051.280833732888,16.88,0.76,0.0,0.0,5.0
2790,13,train_0382,12389.272367760566,11105.806363718177,160.5806363718177,0.0,12549.853004132385,15.54,0.66,0.0,0.0,5.0
2791,13,train_0393,12188.916887895837,10553.551669522836,105.35516695228362,0.0,12294.272054848121,13.98,0.82,0.0,0.0,5.0
2792,13,train_0393,12305.65157359654,10699.739892436222,119.97398924362224,0.0,12425.625562840163,14.56,0.72,0.0,0.0,5.0
2793,13,train_0560,12263.19548758489,10580.446324243561,108.04463242435614,0.0,12371.240120009246,17.28,0.78,0.0,0.0,5.0
2794,13,train_0259,12238.159044721842,10689.996926251513,118.99969262515134,0.0,12357.158737346994,14.12,0.74,0.0,0.0,5.0
2795,13,train_0421,12875.902211474402,10356.904461270396,85.69044612703965,0.0,12961.592657601443,15.8,0.76,0.0,0.0,5.0
2796,13,train_0316,12059.756970186412,10412.77474680432,91.277474680432,0.0,12151.034444866844,17.58,0.72,0.0,0.0,5.0
2797,13,train_0533,12071.783051504817,10342.183182835965,84.21831828359646,0.0,12156.001369788413,16.18,0.64,0.0,0.0,5.0
2798,13,train_0000,11906.385954152203,10445.176792715207,94.51767927152069,0.0,12000.903633423724,15.62,0.72,0.0,0.0,5.0
2799,13,train_0128,12133.717467371196,10272.555485843255,77.25554858432552,0.0,12210.973015955522,14.2,0.78,0.0,0.0,5.0
2800,13,train_0219,12201.811272789557,10766.227900908954,126.62279009089544,0.0,12328.434062880453,15.0,0.74,0.0,0.0,5.0
2801,13,train_0401,11820.501986191399,10240.362708548219,74.03627085482185,0.0,11894.53825704622,17.0,0.62,0.0,0.0,5.0
2802,13,train_0424,12310.096374175344,10884.187363122452,138.41873631224516,0.0,12448.51511048759,16.74,0.54,0.0,0.0,5.0
2803,13,train_0348,12467.18918685819,10315.25127382289,81.52512738228907,0.0,12548.714314240478,16.7,0.66,0.0,0.0,5.0
2804,13,train_0349,11940.561485405176,10542.388416978003,104.23884169780031,0.0,12044.800327102977,16.36,0.78,0.0,0.0,5.0
2805,13,train_0454,12781.282094993021,10971.692957571642,147.16929575716424,0.0,12928.451390750186,16.64,0.64,0.0,0.0,5.0
2806,13,train_0139,12136.791161259633,10472.489340758979,97.24893407589789,0.0,12234.040095335531,14.16,0.78,0.0,0.0,5.0
2807,13,train_0323,12128.550530341674,10908.78274859424,140.87827485942398,0.0,12269.428805201098,15.9,0.74,0.0,0.0,5.0
2808,13,train_0526,12550.748714180896,10284.329195913057,78.43291959130566,0.0,12629.181633772201,16.66,0.62,0.0,0.0,5.0
2809,13,train_0203,12592.690127548036,11046.25790525285,154.62579052528508,0.0,12747.31591807332,14.8,0.8,0.0,0.0,5.0
2810,13,train_0393,12338.237015563578,10654.23968749074,115.42396874907409,0.0,12453.660984312652,14.16,0.68,0.0,0.0,5.0
2811,13,train_0124,12250.519720508713,10774.751199808794,127.4751199808794,0.0,12377.994840489593,17.8,0.68,0.0,0.0,5.0
2812,13,train_0332,12086.107006432367,10447.526365597392,94.75263655973923,0.0,12180.859642992105,16.16,0.7,0.0,0.0,5.0
2813,13,train_0164,12230.592758954655,10152.919237180924,65.2919237180924,0.0,12295.884682672748,14.22,0.58,0.0,0.0,5.0
2814,13,train_0015,12035.546148845831,10694.126584417363,119.41265844173631,0.0,12154.958807287567,16.86,0.7,0.0,0.0,5.0
2815,13,train_0148,12111.770578079631,10959.61488056761,145.96148805676094,0.0,12257.732066136392,16.64,0.66,0.0,0.0,5.0
2816,13,train_0252,12035.431118413466,10301.624543024249,80.16245430242489,0.0,12115.59357271589,15.94,0.76,0.0,0.0,5.0
2817,13,train_0272,12620.82081882441,10399.664794120645,89.96647941206447,0.0,12710.787298236475,14.92,0.72,0.0,0.0,5.0
2818,13,train_0091,12272.180480792867,10212.445685152112,71.24456851521118,0.0,12343.425049308078,16.46,0.7,0.0,0.0,5.0
2819,13,train_0179,12060.32380273629,10289.872142971073,78.98721429710731,0.0,12139.311017033397,14.5,0.7,0.0,0.0,5.0
2820,13,train_0132,12000.917217646336,10593.806044899136,109.38060448991365,0.0,12110.29782213625,16.5,0.64,0.0,0.0,5.0
2821,13,train_0387,12060.770914421491,10405.920974164916,90.59209741649157,0.0,12151.363011837982,14.22,0.66,0.0,0.0,5.0
2822,13,train_0369,12071.030147968926,10636.238843439205,113.62388434392051,0.0,12184.654032312847,14.82,0.58,0.0,0.0,5.0
2823,13,train_0250,12245.688494105472,10408.877524475458,90.8877524475458,0.0,12336.576246553019,16.46,0.74,0.0,0.0,5.0
2824,13,train_0453,12075.850914454946,10607.30214396523,110.73021439652294,0.0,12186.581128851469,18.02,0.68,0.0,0.0,5.0
2825,13,train_0270,12185.317784302682,10809.669733784149,130.96697337841488,0.0,12316.284757681096,15.22,0.72,0.0,0.0,5.0
2826,13,train_0110,12428.987699504652,10444.007029953122,94.40070299531217,0.0,12523.388402499964,17.38,0.76,0.0,0.0,5.0
2827,13,train_0354,11997.188047163503,10072.634415648798,57.26344156487976,0.0,12054.451488728382,13.94,0.68,0.0,0.0,5.0
2828,13,train_0038,12542.488894310283,10395.087969423039,89.50879694230389,0.0,12631.997691252587,19.62,0.7,0.0,0.0,5.0
2829,13,train_0556,12528.786400940066,10694.964826393229,119.49648263932286,0.0,12648.282883579388,13.34,0.8,0.0,0.0,5.0
2830,13,train_0261,12330.407860196516,10655.156039888729,115.51560398887287,0.0,12445.92346418539,16.82,0.74,0.0,0.0,5.0
2831,13,train_0083,11935.083402527285,10461.362380537075,96.13623805370753,0.0,12031.219640580992,14.12,0.72,0.0,0.0,5.0
2832,13,train_0309,12413.0742766342,10744.547858338605,124.45478583386048,0.0,12537.52906246806,13.26,0.76,0.0,0.0,5.0
2833,13,train_0048,12055.190469065661,10791.143992947298,129.11439929472982,0.0,12184.30486836039,16.9,0.68,0.0,0.0,5.0
2834,13,train_0269,11834.251665899881,10027.857561544763,52.78575615447626,0.0,11887.037422054358,13.32,0.76,0.0,0.0,5.0
2835,13,train_0446,12165.084098153793,10285.794989523616,78.57949895236162,0.0,12243.663597106155,16.18,0.72,0.0,0.0,5.0
2836,13,train_0257,12462.70288586732,10639.358964621075,113.9358964621075,0.0,12576.638782329428,15.9,0.66,0.0,0.0,5.0
2837,13,train_0144,12664.875716983452,10971.350367424122,147.1350367424122,0.0,12812.010753725865,15.16,0.76,0.0,0.0,5.0
2838,13,train_0522,12271.586117777264,10944.684138785775,144.46841387857748,0.0,12416.054531655842,16.02,0.68,0.0,0.0,5.0
2839,13,train_0371,11885.164196703827,10483.502271577658,98.35022715776577,0.0,11983.514423861592,15.46,0.6,0.0,0.0,5.0
2840,13,train_0183,12102.781985982781,11107.5604986931,160.75604986930995,0.0,12263.53803585209,15.46,0.7,0.0,0.0,5.0
2841,13,train_0334,12238.134701887737,10361.288603607092,86.12886036070923,0.0,12324.263562248447,16.62,0.66,0.0,0.0,5.0
2842,13,train_0010,12383.847910796609,10474.907076169726,97.49070761697259,0.0,12481.338618413582,15.62,0.66,0.0,0.0,5.0
2843,13,train_0488,12236.604293553723,10336.408205101881,83.64082051018814,0.0,12320.245114063911,14.14,0.82,0.0,0.0,5.0
2844,13,train_0595,11983.662889207963,10072.466251288473,57.24662512884734,0.0,12040.90951433681,17.82,0.74,0.0,0.0,5.0
2845,13,train_0353,11954.580404396393,10499.746742021896,99.97467420218965,0.0,12054.555078598582,15.9,0.66,0.0,0.0,5.0
2846,13,train_0305,12131.276939793981,10741.576874203862,124.15768742038618,0.0,12255.434627214367,16.52,0.76,0.0,0.0,5.0
2847,13,train_0320,12659.73000988771,10620.75042332706,112.07504233270593,0.0,12771.805052220416,15.42,0.66,0.0,0.0,5.0
2848,13,train_0079,12658.937464253624,10464.003473500496,96.40034735004957,0.0,12755.337811603673,16.84,0.78,0.0,0.0,5.0
2849,13,train_0123,12117.378433426504,10878.576131277592,137.8576131277592,0.0,12255.236046554262,15.98,0.62,0.0,0.0,5.0
2850,13,train_0092,12305.565494928163,10630.89989552248,113.08998955224797,0.0,12418.655484480412,15.98,0.7,0.0,0.0,5.0
2851,13,train_0042,12243.848067602845,10426.580070767874,92.65800707678737,0.0,12336.506074679632,17.24,0.62,0.0,0.0,5.0
2852,13,train_0462,12520.960170320854,10386.113474968795,88.61134749687955,0.0,12609.571517817732,16.12,0.62,0.0,0.0,5.0
2853,13,train_0527,12424.468907073322,10402.398615885777,90.2398615885777,0.0,12514.7087686619,15.52,0.72,0.0,0.0,5.0
2854,13,train_0216,12012.330393248192,10493.480602480664,99.3480602480664,0.0,12111.678453496259,18.16,0.72,0.0,0.0,5.0
2855,13,train_0459,12437.191333697605,10506.30796755444,100.63079675544395,0.0,12537.822130453049,16.5,0.64,0.0,0.0,5.0
2856,13,train_0277,12315.447692205278,10444.37736005056,94.43773600505592,0.0,12409.885428210335,15.28,0.62,0.0,0.0,5.0
2857,13,train_0108,12037.889800062934,10668.210861286183,116.8210861286183,0.0,12154.710886191553,19.56,0.82,0.0,0.0,5.0
2858,13,train_0229,12331.8848931715,11370.040547138997,187.00405471389968,0.0,12518.8889478854,15.64,0.84,0.0,0.0,5.0
2859,13,train_0060,12136.484200258514,10507.534055419199,100.7534055419199,0.0,12237.237605800434,17.28,0.74,0.0,0.0,5.0
2860,13,train_0563,12488.379454964794,10585.513123303554,108.55131233035536,0.0,12596.930767295149,15.08,0.7,0.0,0.0,5.0
2861,13,train_0339,12973.086973501362,10471.81740651278,97.18174065127806,0.0,13070.26871415264,16.14,0.78,0.0,0.0,5.0
2862,13,train_0366,12017.654780594044,10657.546148681664,115.7546148681664,0.0,12133.409395462211,15.8,0.84,0.0,0.0,5.0
2863,13,train_0127,12380.09870523088,10520.439096133654,102.0439096133654,0.0,12482.142614844244,15.06,0.62,0.0,0.0,5.0
2864,14,train_0545,12125.062680629351,10525.52943580475,102.55294358047504,0.0,12227.615624209826,18.34,0.74,0.0,0.0,5.0
2865,14,train_0391,12077.787802010123,10539.464227164524,103.94642271645245,0.0,12181.734224726575,15.8,0.68,0.0,0.0,5.0
2866,14,train_0407,12321.806185864769,10718.308616719745,121.83086167197453,0.0,12443.637047536744,15.94,0.64,0.0,0.0,5.0
2867,14,train_0502,12262.916186721177,10650.41397979212,115.04139797921198,0.0,12377.957584700389,15.96,0.72,0.0,0.0,5.0
2868,14,train_0323,12719.928849689179,10660.668896200943,116.0668896200943,0.0,12835.995739309274,17.3,0.72,0.0,0.0,5.0
2869,14,train_0585,12400.136137789556,11019.494381581415,151.9494381581415,0.0,12552.085575947696,12.04,0.84,0.0,0.0,5.0
2870,14,train_0177,12249.219031595348,10447.851201190853,94.78512011908533,0.0,12344.004151714435,15.42,0.68,0.0,0.0,5.0
2871,14,train_0157,12493.725888271321,10174.183778293864,67.41837782938637,0.0,12561.144266100708,15.82,0.62,0.0,0.0,5.0
2872,14,train_0453,12085.780557873997,10476.81959040699,97.68195904069908,0.0,12183.462516914697,16.48,0.74,0.0,0.0,5.0
2873,14,train_0559,12476.385168317487,10622.144520309166,112.21445203091662,0.0,12588.599620348403,17.9,0.72,0.0,0.0,5.0
2874,14,train_0357,12105.218111807375,10465.756000709865,96.57560007098655,0.0,12201.793711878361,15.38,0.68,0.0,0.0,5.0
2875,14,train_0115,12726.581274205793,10903.076081606832,140.30760816068323,0.0,12866.888882366477,17.12,0.66,0.0,0.0,5.0
2876,14,train_0385,12712.276617947045,10800.670675094821,130.06706750948214,0.0,12842.343685456528,16.1,0.68,0.0,0.0,5.0
2877,14,train_0154,12321.575145568957,10699.39978530744,119.93997853074399,0.0,12441.5151240997,17.58,0.66,0.0,0.0,5.0
2878,14,train_0029,12083.987369566079,10438.83302157076,93.88330215707593,0.0,12177.870671723154,16.44,0.76,0.0,0.0,5.0
2879,14,train_0137,12096.210010466755,10612.266370358784,111.22663703587841,0.0,12207.436647502633,18.08,0.62,0.0,0.0,5.0
2880,14,train_0207,11910.185065663145,10194.482644547072,69.44826445470717,0.0,11979.633330117853,14.48,0.66,0.0,0.0,5.0
2881,14,train_0408,11830.176096663286,10424.703021906387,92.47030219063873,0.0,11922.646398853925,14.56,0.66,0.0,0.0,5.0
2882,14,train_0024,11665.24423908202,10402.103029733691,90.21030297336911,0.0,11755.45454205539,16.52,0.64,0.0,0.0,5.0
2883,14,train_0105,12318.600150738563,10884.954058212927,138.49540582129268,0.0,12457.095556559856,15.76,0.7,0.0,0.0,5.0
2884,14,train_0184,12125.776313756805,10760.002578255215,126.00025782552149,0.0,12251.776571582326,16.16,0.68,0.0,0.0,5.0
2885,14,train_0125,12237.933534228496,10103.350510875933,60.33505108759328,0.0,12298.26858531609,16.34,0.64,0.0,0.0,5.0
2886,14,train_0339,12887.05615361862,10498.37441972852,99.83744197285196,0.0,12986.893595591471,17.66,0.74,0.0,0.0,5.0
2887,14,train_0134,12450.04703740976,10910.337851538747,141.03378515387467,0.0,12591.080822563636,14.6,0.64,0.0,0.0,5.0
2888,14,train_0278,12163.727185303347,10547.847252610278,104.78472526102779,0.0,12268.511910564375,16.04,0.78,0.0,0.0,5.0
2889,14,train_0394,12174.499288000425,10542.847058214611,104.2847058214611,0.0,12278.783993821886,15.68,0.68,0.0,0.0,5.0
2890,14,train_0360,11987.727329879202,10497.298377788904,99.7298377788904,0.0,12087.457167658093,16.9,0.74,0.0,0.0,5.0
2891,14,train_0519,12512.585710602012,10784.391631511495,128.43916315114947,0.0,12641.024873753162,17.36,0.7,0.0,0.0,5.0
2892,14,train_0199,12240.241172167636,10997.261863763904,149.72618637639044,0.0,12389.967358544027,15.46,0.7,0.0,0.0,5.0
2893,14,train_0197,12564.576339013132,10565.442766220853,106.54427662208528,0.0,12671.120615635218,16.34,0.74,0.0,0.0,5.0
2894,14,train_0332,12135.20674060634,10352.105150652164,85.21051506521636,0.0,12220.417255671557,16.96,0.8,0.0,0.0,5.0
2895,14,train_0343,12835.809158416248,11046.581677770377,154.65816777703768,0.0,12990.467326193286,16.06,0.78,0.0,0.0,5.0
2896,14,train_0512,12113.066715851466,10381.619866546434,88.16198665464344,0.0,12201.228702506109,15.48,0.66,0.0,0.0,5.0
2897,14,train_0551,12120.458767203514,10243.689884449508,74.36898844495082,0.0,12194.827755648465,15.28,0.72,0.0,0.0,5.0
2898,14,train_0587,12396.82510284169,10120.531770198846,62.05317701988461,0.0,12458.878279861576,17.14,0.64,0.0,0.0,5.0
2899,14,train_0513,12102.848252924916,10678.623674939034,117.86236749390338,0.0,12220.710620418819,15.5,0.64,0.0,0.0,5.0
2900,14,train_0450,12153.830218250183,10358.282539532456,85.82825395324562,0.0,12239.658472203428,14.62,0.76,0.0,0.0,5.0
2901,14,train_0199,12510.574429309043,10679.212910578057,117.92129105780569,0.0,12628.49572036685,16.32,0.68,0.0,0.0,5.0
2902,14,train_0296,12354.455002189085,10500.81224112207,100.08122411220702,0.0,12454.536226301292,14.86,0.64,0.0,0.0,5.0
2903,14,train_0352,11829.963367968363,10259.30603425358,75.93060342535792,0.0,11905.893971393722,15.82,0.78,0.0,0.0,5.0
2904,14,train_0195,12481.190323318082,11007.342110219946,150.73421102199464,0.0,12631.924534340076,17.24,0.78,0.0,0.0,5.0
2905,14,train_0291,12478.837675095909,10607.27263756809,110.72726375680905,0.0,12589.564938852718,15.76,0.7,0.0,0.0,5.0
2906,14,train_0500,12292.044238844763,10020.748595151963,52.074859515196295,0.0,12344.119098359959,16.0,0.6,0.0,0.0,5.0
2907,14,train_0275,12252.28172569217,10630.574469626199,113.0574469626199,0.0,12365.339172654789,14.36,0.76,0.0,0.0,5.0
2908,14,train_0307,12137.340977885953,10516.078757024945,101.6078757024945,0.0,12238.948853588448,17.2,0.6,0.0,0.0,5.0
2909,14,train_0439,12070.404720433819,10614.370639939254,111.4370639939254,0.0,12181.841784427745,14.3,0.6,0.0,0.0,5.0
2910,14,train_0228,12256.746632139715,10411.841185796864,91.18411857968641,0.0,12347.9307507194,14.3,0.72,0.0,0.0,5.0
2911,14,train_0267,12171.807263495939,10211.927723444274,71.19277234442744,0.0,12243.000035840367,17.92,0.76,0.0,0.0,5.0
2912,14,train_0038,12352.530697892653,10729.781294084038,122.97812940840377,0.0,12475.508827301057,16.5,0.54,0.0,0.0,5.0
2913,14,train_0336,11955.627775503694,10617.72549855514,111.77254985551409,0.0,12067.400325359207,15.96,0.66,0.0,0.0,5.0
2914,14,train_0479,12677.207270124141,11047.003883305388,154.70038833053877,0.0,12831.90765845468,18.32,0.72,0.0,0.0,5.0
2915,14,train_0111,11883.27413037781,10673.672043724815,117.36720437248151,0.0,12000.641334750291,15.26,0.6,0.0,0.0,5.0
2916,14,train_0482,11957.842263370323,10392.132931129941,89.21329311299415,0.0,12047.055556483318,14.22,0.76,0.0,0.0,5.0
2917,14,train_0258,13023.053604156536,10570.012800339176,107.00128003391765,0.0,13130.054884190453,15.84,0.72,0.0,0.0,5.0
2918,14,train_0122,12062.739733307424,10565.799373299516,106.57993732995165,0.0,12169.319670637376,15.42,0.68,0.0,0.0,5.0
2919,14,train_0115,12699.6968067369,10360.402925837556,86.04029258375559,0.0,12785.737099320655,14.74,0.78,0.0,0.0,5.0
2920,14,train_0492,12110.267013915856,10508.04534142826,100.80453414282601,0.0,12211.071548058682,16.68,0.76,0.0,0.0,5.0
2921,14,train_0167,11978.995074707433,10250.484075783745,75.04840757837447,0.0,12054.043482285808,15.7,0.76,0.0,0.0,5.0
2922,14,train_0575,12536.287837853179,10961.662268108375,146.16622681083754,0.0,12682.454064664016,16.72,0.72,0.0,0.0,5.0
2923,14,train_0543,12521.586426524238,10684.05766058587,118.40576605858696,0.0,12639.992192582826,15.06,0.8,0.0,0.0,5.0
2924,14,train_0232,12582.899856218279,10441.4593121398,94.14593121397994,0.0,12677.045787432258,16.28,0.74,0.0,0.0,5.0
2925,14,train_0012,13151.049580980914,10479.960073606277,97.99600736062767,0.0,13249.045588341542,17.24,0.64,0.0,0.0,5.0
2926,14,train_0506,12084.779559486178,10201.666129891772,70.16661298917715,0.0,12154.946172475355,13.66,0.66,0.0,0.0,5.0
2927,14,train_0478,12198.10013740635,10522.843208805914,102.28432088059145,0.0,12300.384458286942,14.58,0.64,0.0,0.0,5.0
2928,14,train_0275,12095.78654660063,10526.042530170082,102.60425301700816,0.0,12198.390799617639,15.58,0.58,0.0,0.0,5.0
2929,14,train_0233,12744.493103248209,10842.143558097436,134.21435580974358,0.0,12878.707459057952,15.28,0.66,0.0,0.0,5.0
2930,14,train_0417,12279.461829941516,10314.744191273152,81.4744191273152,0.0,12360.93624906883,14.98,0.64,0.0,0.0,5.0
2931,14,train_0125,12027.988296728987,10248.901509295669,74.89015092956689,0.0,12102.878447658553,16.12,0.74,0.0,0.0,5.0
2932,14,train_0093,11934.043309333096,10371.604209350793,87.16042093507932,0.0,12021.203730268175,17.38,0.68,0.0,0.0,5.0
2933,14,train_0316,12160.724638424508,10331.778971004991,83.17789710049911,0.0,12243.902535525007,15.94,0.8,0.0,0.0,5.0
2934,14,train_0488,12287.144734720705,10402.099496065273,90.20994960652735,0.0,12377.354684327232,14.84,0.7,0.0,0.0,5.0
2935,14,train_0331,12166.169065401256,10625.98079050354,112.59807905035396,0.0,12278.76714445161,16.58,0.84,0.0,0.0,5.0
2936,14,train_0022,12155.908828381678,10778.88285947157,127.88828594715706,0.0,12283.797114328836,15.88,0.64,0.0,0.0,5.0
2937,14,train_0502,12179.96454905953,10944.297267355876,144.42972673558762,0.0,12324.394275795117,15.18,0.76,0.0,0.0,5.0
2938,14,train_0185,12103.645498724349,10679.043837219218,117.90438372192185,0.0,12221.54988244627,15.8,0.72,0.0,0.0,5.0
2939,14,train_0388,12266.499952328315,10561.188869965885,106.11888699658849,0.0,12372.618839324903,15.3,0.72,0.0,0.0,5.0
2940,14,train_0048,12197.82603637886,10727.70819863321,122.77081986332105,0.0,12320.59685624218,15.3,0.62,0.0,0.0,5.0
2941,14,train_0453,12193.26703440177,10505.916320772383,100.59163207723833,0.0,12293.858666479007,17.72,0.78,0.0,0.0,5.0
2942,14,train_0412,11956.500671342945,10550.745870564842,105.07458705648423,0.0,12061.575258399429,15.28,0.56,0.0,0.0,5.0
2943,14,train_0062,11939.73758337765,10509.377332122862,100.93773321228619,0.0,12040.675316589935,15.2,0.62,0.0,0.0,5.0
2944,14,train_0100,11766.992966649335,10217.157667971911,71.71576679719111,0.0,11838.708733446527,15.74,0.8,0.0,0.0,5.0
2945,14,train_0000,12020.837320224711,10319.033959372618,81.90339593726185,0.0,12102.740716161974,15.12,0.72,0.0,0.0,5.0
2946,14,train_0148,12380.35203955206,10819.792301881587,131.97923018815874,0.0,12512.33126974022,18.36,0.66,0.0,0.0,5.0
2947,14,train_0571,12019.444795128788,10698.488708870751,119.84887088707511,0.0,12139.293666015863,15.34,0.64,0.0,0.0,5.0
2948,14,train_0088,12300.033521798154,10593.951211335865,109.39512113358651,0.0,12409.42864293174,17.3,0.6,0.0,0.0,5.0
2949,14,train_0198,11769.585927461616,9978.705293105693,47.87052931056933,0.0,11817.456456772185,16.22,0.72,0.0,0.0,5.0
2950,14,train_0586,12231.47087426663,10523.796372402569,102.37963724025686,0.0,12333.850511506887,15.0,0.7,0.0,0.0,5.0
2951,14,train_0314,12352.438955821459,10524.105972020765,102.4105972020765,0.0,12454.849553023536,16.62,0.7,0.0,0.0,5.0
2952,14,train_0102,12085.141971444578,10908.471295222143,140.84712952221435,0.0,12225.989100966792,13.96,0.74,0.0,0.0,5.0
2953,14,train_0042,12120.469904584537,10561.366915314531,106.13669153145311,0.0,12226.606596115991,16.04,0.6,0.0,0.0,5.0
2954,14,train_0595,11863.238990697915,10357.793362818851,85.77933628188512,0.0,11949.0183269798,17.54,0.78,0.0,0.0,5.0
2955,14,train_0434,12707.405362415962,10703.965667806131,120.39656678061311,0.0,12827.801929196576,15.6,0.6,0.0,0.0,5.0
2956,14,train_0089,12339.543435460508,10480.35708585003,98.03570858500298,0.0,12437.57914404551,15.16,0.7,0.0,0.0,5.0
2957,14,train_0403,12724.476749774305,10562.953390032744,106.29533900327442,0.0,12830.77208877758,12.62,0.68,0.0,0.0,5.0
2958,14,train_0544,12763.768549710161,10886.60058335016,138.66005833501603,0.0,12902.428608045177,14.34,0.72,0.0,0.0,5.0
2959,14,train_0544,12484.613390859382,10767.534457115522,126.7534457115522,0.0,12611.366836570935,15.22,0.66,0.0,0.0,5.0
2960,14,train_0230,12163.521003293095,10488.776814784018,98.8776814784018,0.0,12262.398684771497,15.12,0.68,0.0,0.0,5.0
2961,14,train_0262,12158.852009804434,10973.19754113057,147.31975411305703,0.0,12306.171763917491,14.68,0.86,0.0,0.0,5.0
2962,14,train_0403,12404.249903610995,10998.053639505504,149.80536395055043,0.0,12554.055267561545,14.38,0.8,0.0,0.0,5.0
2963,14,train_0458,12586.270338006816,10718.341993694416,121.83419936944156,0.0,12708.104537376257,15.28,0.78,0.0,0.0,5.0
2964,14,train_0342,12332.859436171348,10506.737655750454,100.67376557504541,0.0,12433.533201746393,17.82,0.64,0.0,0.0,5.0
2965,14,train_0060,12316.709357517891,10560.919209414293,106.09192094142928,0.0,12422.801278459321,18.4,0.66,0.0,0.0,5.0
2966,14,train_0572,12076.026892906251,10703.30536534316,120.33053653431598,0.0,12196.357429440568,14.24,0.7,0.0,0.0,5.0
2967,14,train_0036,12156.727806654957,10223.935945183886,72.39359451838864,0.0,12229.121401173346,15.84,0.62,0.0,0.0,5.0
2968,14,train_0239,12157.317355435891,10582.81674270409,108.28167427040898,0.0,12265.5990297063,13.2,0.58,0.0,0.0,5.0
2969,14,train_0477,12041.628127624605,10261.049277960803,76.1049277960803,0.0,12117.733055420686,14.52,0.68,0.0,0.0,5.0
2970,14,train_0413,12826.340394249131,10668.058437205556,116.80584372055564,0.0,12943.146237969688,15.22,0.74,0.0,0.0,5.0
2971,14,train_0279,12400.807331080214,10663.164161659368,116.3164161659368,0.0,12517.12374724615,16.78,0.74,0.0,0.0,5.0
2972,14,train_0080,12377.190040452559,10693.275087293474,119.3275087293474,0.0,12496.517549181906,15.22,0.74,0.0,0.0,5.0
2973,14,train_0520,11826.661319915336,10261.648631748121,76.16486317481213,0.0,11902.826183090148,15.98,0.68,0.0,0.0,5.0
2974,14,train_0193,12310.767290344182,10572.776550088533,107.27765500885326,0.0,12418.044945353035,13.16,0.68,0.0,0.0,5.0
2975,14,train_0367,12054.767410989418,10619.832638255717,111.98326382557171,0.0,12166.75067481499,14.68,0.76,0.0,0.0,5.0
2976,14,train_0055,12263.708430562063,10610.557655296805,111.05576552968051,0.0,12374.764196091743,14.62,0.66,0.0,0.0,5.0
2977,14,train_0596,12273.294496413551,10119.845320011906,61.984532001190566,0.0,12335.279028414741,16.9,0.62,0.0,0.0,5.0
2978,14,train_0189,12261.972858324141,10507.021416045787,100.70214160457873,0.0,12362.67499992872,15.14,0.76,0.0,0.0,5.0
2979,14,train_0219,12299.292776314544,10535.942230788209,103.59422307882087,0.0,12402.886999393364,14.3,0.62,0.0,0.0,5.0
2980,14,train_0566,12154.53520309772,10214.211186990171,71.4211186990171,0.0,12225.956321796737,13.24,0.72,0.0,0.0,5.0
2981,14,train_0577,12922.135328447914,10955.678409885506,145.5678409885506,0.0,13067.703169436465,16.56,0.64,0.0,0.0,5.0
2982,14,train_0196,12172.351172486622,10413.438981563066,91.34389815630658,0.0,12263.695070642929,15.38,0.68,0.0,0.0,5.0
2983,14,train_0553,11743.207676726444,10090.1882459959,59.018824599589976,0.0,11802.226501326035,15.52,0.68,0.0,0.0,5.0
2984,14,train_0231,12283.54711961637,10848.800571187641,134.88005711876414,0.0,12418.427176735135,16.64,0.7,0.0,0.0,5.0
2985,14,train_0042,11962.75392651952,10659.250186236182,115.92501862361824,0.0,12078.678945143138,16.22,0.8,0.0,0.0,5.0
2986,14,train_0172,12336.143838485541,10342.691191891274,84.26911918912738,0.0,12420.412957674669,14.94,0.68,0.0,0.0,5.0
2987,14,train_0381,11919.916145603822,10320.398626716986,82.03986267169859,0.0,12001.95600827552,15.3,0.68,0.0,0.0,5.0
2988,14,train_0276,12201.77662877952,10212.881972221916,71.2881972221916,0.0,12273.064826001711,13.96,0.74,0.0,0.0,5.0
2989,14,train_0405,12526.252097668887,10690.185746985724,119.01857469857242,0.0,12645.270672367458,17.1,0.72,0.0,0.0,5.0
2990,14,train_0046,11979.216690506906,10424.507540849261,92.45075408492613,0.0,12071.667444591832,16.28,0.7,0.0,0.0,5.0
2991,14,train_0054,12062.509934780552,10464.8591319171,96.48591319170993,0.0,12158.99584797226,16.14,0.72,0.0,0.0,5.0
2992,14,train_0318,12273.845869586676,10456.118696530837,95.61186965308372,0.0,12369.457739239759,16.92,0.62,0.0,0.0,5.0
2993,14,train_0305,12340.339117540949,10799.43750089347,129.94375008934693,0.0,12470.282867630296,15.76,0.76,0.0,0.0,5.0
2994,14,train_0127,12035.046064272565,10714.149633460118,121.4149633460118,0.0,12156.461027618576,15.14,0.74,0.0,0.0,5.0
2995,14,train_0229,12841.712195888074,10712.012102166147,121.20121021661471,0.0,12962.91340610469,15.72,0.76,0.0,0.0,5.0
2996,14,train_0188,12240.80127130661,10760.914772556102,126.09147725561016,0.0,12366.892748562219,13.88,0.62,0.0,0.0,5.0
2997,14,train_0300,11897.153025664991,10467.936415216176,96.79364152161762,0.0,11993.946667186608,13.88,0.54,0.0,0.0,5.0
2998,14,train_0375,12073.695588859839,10738.528218142037,123.85282181420371,0.0,12197.548410674042,15.84,0.8,0.0,0.0,5.0
2999,14,train_0117,11704.274601916359,10432.645186746819,93.26451867468187,0.0,11797.53912059104,15.58,0.76,0.0,0.0,5.0
3000,14,train_0060,12408.699638376867,10514.046037033795,101.40460370337951,0.0,12510.104242080248,16.56,0.66,0.0,0.0,5.0
3001,14,train_0164,12217.570999844618,10172.023432047632,67.20234320476321,0.0,12284.77334304938,13.5,0.68,0.0,0.0,5.0
3002,14,train_0551,12171.202799449957,10338.25423354574,83.82542335457401,0.0,12255.02822280453,16.56,0.76,0.0,0.0,5.0
3003,14,train_0239,12446.55907117675,10547.030543623849,104.70305436238488,0.0,12551.262125539135,15.22,0.76,0.0,0.0,5.0
3004,14,train_0126,12079.176887108923,10657.661259881295,115.76612598812955,0.0,12194.943013097052,16.78,0.6,0.0,0.0,5.0
3005,14,train_0126,12039.90833891114,10721.938567342651,122.19385673426514,0.0,12162.102195645406,15.58,0.66,0.0,0.0,5.0
3006,14,train_0558,12592.96611713789,10603.905313804298,110.39053138042982,0.0,12703.35664851832,15.7,0.6,0.0,0.0,5.0
3007,14,train_0132,12140.834040081363,10480.963568772599,98.09635687725986,0.0,12238.930396958624,18.12,0.68,0.0,0.0,5.0
