episode,update,scenario_id,electricity_cost,carbon_emissions_kg,carbon_trading_cost,carbon_trading_revenue,system_cost,mean_start_delay_slots,remote_subtask_fraction,fallback_actions,capacity_violations,decision_epochs,carbon_lambda
0,0,train_0053,12254.78203431775,10760.085254306166,126.00852543061666,0.0,12380.790559748366,16.08,0.76,0.0,0.0,7.0,1.8522000921162918
1,0,train_0464,12382.361232057963,10423.570071110224,92.35700711102237,0.0,12474.718239168986,15.78,0.62,0.0,0.0,7.0,1.5668737358649278
2,0,train_0392,12556.454911163648,10451.167135325602,95.11671353256025,0.0,12651.571624696207,15.84,0.62,0.0,0.0,7.0,1.7608563889728
3,0,train_0263,11931.666363913151,10200.796839455608,70.07968394556083,0.0,12001.746047858713,15.38,0.66,0.0,0.0,7.0,1.5508389006592749
4,0,train_0259,12969.062840308012,10703.314859267939,120.3314859267939,0.0,13089.394326234806,14.76,0.66,0.0,0.0,7.0,1.8968592631667593
5,0,train_0515,12264.036720384585,10555.877842006865,105.58778420068649,0.0,12369.624504585272,17.04,0.6,0.0,0.0,7.0,1.8968592631667593
6,0,train_0051,12577.169043750866,10097.363940749166,59.736394074916646,0.0,12636.905437825782,16.54,0.68,0.0,0.0,7.0,1.8904978569901638
7,0,train_0418,12370.541385692748,10566.079617685758,106.60796176857585,0.0,12477.149347461323,18.28,0.7,0.0,0.0,7.0,1.8968592631667593
8,0,train_0120,12262.830183061686,10123.890992485372,62.38909924853724,0.0,12325.219282310223,15.66,0.74,0.0,0.0,7.0,1.8968592631667593
9,0,train_0056,12164.335290128893,9577.146874757904,7.714687475790379,0.0,12172.049977604684,16.14,0.72,0.0,0.0,7.0,1.5057882489592158
10,0,train_0315,12808.628472271386,10749.75688660143,124.97568866014299,0.0,12933.604160931529,15.8,0.72,0.0,0.0,7.0,1.8968592631667593
11,0,train_0585,12296.975922469046,10383.758245264487,88.37582452644875,0.0,12385.351746995495,12.08,0.66,0.0,0.0,7.0,1.8968592631667593
12,0,train_0441,12611.214588984774,10079.657546863074,57.96575468630745,0.0,12669.180343671082,17.14,0.74,0.0,0.0,7.0,1.8968592631667593
13,0,train_0456,12247.99269204347,10378.807492574037,87.88074925740366,0.0,12335.873441300873,15.5,0.78,0.0,0.0,7.0,1.8968592631667593
14,0,train_0430,12327.43367353569,10134.228895019707,63.422889501970715,0.0,12390.856563037662,14.78,0.66,0.0,0.0,7.0,1.8968592631667593
15,0,train_0471,12526.329373632005,10455.124270084025,95.51242700840248,0.0,12621.841800640406,14.2,0.68,0.0,0.0,7.0,1.8968592631667593
16,0,train_0307,12649.13277624248,10008.332687174543,50.8332687174543,0.0,12699.966044959936,17.28,0.68,0.0,0.0,7.0,1.8968592631667593
17,0,train_0076,12415.444962319478,10315.392067887553,81.5392067887553,0.0,12496.984169108233,16.3,0.66,0.0,0.0,7.0,1.8968592631667593
18,0,train_0503,12863.383575268055,10634.238304579318,113.42383045793177,0.0,12976.807405725987,15.42,0.78,0.0,0.0,7.0,1.8968592631667593
19,0,train_0270,12421.755001563914,10349.917657611528,84.99176576115279,0.0,12506.746767325067,16.0,0.78,0.0,0.0,7.0,1.8968592631667593
20,0,train_0300,12052.556792111209,10249.328220565476,74.9328220565476,0.0,12127.489614167756,16.48,0.66,0.0,0.0,7.0,1.8968592631667593
21,0,train_0222,12431.394946127726,10330.284553368443,83.02845533684432,0.0,12514.42340146457,17.88,0.76,0.0,0.0,7.0,1.8968592631667593
22,0,train_0109,12515.378084383443,10343.27257370797,84.3272573707971,0.0,12599.70534175424,16.32,0.62,0.0,0.0,7.0,1.8968592631667593
23,0,train_0556,12657.541664125198,10196.240777037481,69.62407770374811,0.0,12727.165741828945,13.36,0.62,0.0,0.0,7.0,1.8968592631667593
24,0,train_0468,12258.546845593959,10216.315807412375,71.63158074123749,0.0,12330.178426335196,15.46,0.54,0.0,0.0,7.0,1.8968592631667593
25,0,train_0386,12514.969640781885,10340.487081568013,84.04870815680134,0.0,12599.018348938685,14.82,0.7,0.0,0.0,7.0,1.8968592631667593
26,0,train_0241,12237.323095917054,10305.610567737825,80.56105677378255,0.0,12317.884152690836,15.26,0.68,0.0,0.0,7.0,1.8968592631667593
27,0,train_0493,12225.154864090244,10132.746326357345,63.274632635734456,0.0,12288.429496725978,16.76,0.72,0.0,0.0,7.0,1.8968592631667593
28,0,train_0327,12585.13673491752,10605.946548024993,110.59465480249929,0.0,12695.731389720018,16.94,0.7,0.0,0.0,7.0,1.8968592631667593
29,0,train_0266,12582.173525459415,10475.426726259719,97.54267262597187,0.0,12679.716198085387,15.9,0.68,0.0,0.0,7.0,1.8968592631667593
30,0,train_0270,12473.339327322079,10282.068565188905,78.20685651889053,0.0,12551.54618384097,14.54,0.72,0.0,0.0,7.0,1.8968592631667593
31,0,train_0136,12165.265315427929,10618.437374983088,111.84373749830884,0.0,12277.109052926238,16.92,0.56,0.0,0.0,7.0,1.8968592631667593
32,0,train_0055,12752.370768892666,10037.326969940124,53.73269699401244,0.0,12806.10346588668,14.66,0.7,0.0,0.0,7.0,1.8968592631667593
33,0,train_0332,12328.683585333194,9797.587282275661,29.7587282275661,0.0,12358.44231356076,14.9,0.66,0.0,0.0,7.0,1.8968592631667593
34,0,train_0532,12517.102579339553,10271.87265644866,77.18726564486606,0.0,12594.28984498442,15.52,0.74,0.0,0.0,7.0,1.8968592631667593
35,0,train_0038,12449.197172043227,10599.84271482112,109.98427148211195,0.0,12559.181443525338,18.04,0.6,0.0,0.0,7.0,1.8968592631667593
36,0,train_0514,12196.937079866377,10478.703221396445,97.87032213964449,0.0,12294.807402006021,16.14,0.58,0.0,0.0,7.0,1.8968592631667593
37,0,train_0496,12283.715334893983,10377.74215797954,87.77421579795391,0.0,12371.489550691937,16.56,0.58,0.0,0.0,7.0,1.8968592631667593
38,0,train_0166,12144.002653531948,10222.733333575421,72.27333335754211,0.0,12216.27598688949,14.48,0.62,0.0,0.0,7.0,1.8968592631667593
39,0,train_0378,12523.170859381504,10533.017034070248,103.3017034070248,0.0,12626.47256278853,15.38,0.78,0.0,0.0,7.0,1.8968592631667593
40,0,train_0099,11918.199960836564,10141.181387613738,64.11813876137386,0.0,11982.318099597938,17.76,0.6,0.0,0.0,7.0,1.8968592631667593
41,0,train_0454,12938.161707754001,10704.293164948243,120.42931649482435,0.0,13058.591024248826,17.4,0.64,0.0,0.0,7.0,1.8968592631667593
42,0,train_0420,12313.472032215166,10060.891567170442,56.089156717044176,0.0,12369.56118893221,14.64,0.6,0.0,0.0,7.0,1.8968592631667593
43,0,train_0212,12256.09574847336,10664.296525514157,116.42965255141571,0.0,12372.525401024777,14.9,0.48,0.0,0.0,7.0,1.8968592631667593
44,0,train_0040,12502.127529707514,10645.440731876051,114.54407318760514,0.0,12616.67160289512,17.82,0.64,0.0,0.0,7.0,1.8968592631667593
45,0,train_0582,12511.866397307378,10552.65403825388,105.26540382538806,0.0,12617.131801132766,16.58,0.68,0.0,0.0,7.0,1.8968592631667593
46,0,train_0267,12304.330449585388,10432.44841243909,93.24484124390892,0.0,12397.575290829296,16.72,0.7,0.0,0.0,7.0,1.8968592631667593
47,0,train_0535,12323.376930399334,10246.973373013261,74.69733730132612,0.0,12398.07426770066,13.18,0.62,0.0,0.0,7.0,1.8968592631667593
48,0,train_0406,12362.53636647887,10477.215831406764,97.72158314067639,0.0,12460.257949619545,17.72,0.66,0.0,0.0,7.0,1.8968592631667593
49,0,train_0467,12783.44003493015,11124.442691502722,162.44426915027216,0.0,12945.884304080422,15.68,0.6,0.0,0.0,7.0,1.8968592631667593
50,0,train_0455,13275.135675979196,10933.31004816632,143.33100481663206,0.0,13418.466680795827,17.82,0.7,0.0,0.0,7.0,1.8968592631667593
51,0,train_0116,12524.378026340059,10205.223729209252,70.52237292092524,0.0,12594.900399260983,16.28,0.62,0.0,0.0,7.0,1.8968592631667593
52,0,train_0218,12835.01642816318,10372.203188718668,87.22031887186677,0.0,12922.236747035047,16.96,0.54,0.0,0.0,7.0,1.8968592631667593
53,0,train_0280,12585.43334498439,10495.332322634798,99.53323226347985,0.0,12684.966577247871,15.68,0.82,0.0,0.0,7.0,1.8968592631667593
54,0,train_0298,11802.712018806475,9955.629937987705,45.56299379877055,0.0,11848.275012605245,14.74,0.66,0.0,0.0,7.0,1.8968592631667593
55,0,train_0026,12158.025964267243,9835.907659403701,33.59076594037015,0.0,12191.616730207614,15.42,0.66,0.0,0.0,7.0,1.8968592631667593
56,0,train_0327,12572.800212589096,10692.880764856513,119.28807648565126,0.0,12692.088289074747,17.06,0.64,0.0,0.0,7.0,1.8968592631667593
57,0,train_0092,12636.777452262013,10399.227011495186,89.92270114951862,0.0,12726.700153411532,15.16,0.66,0.0,0.0,7.0,1.8968592631667593
58,0,train_0446,12060.038099946094,10445.96951996198,94.59695199619802,0.0,12154.635051942292,14.68,0.7,0.0,0.0,7.0,1.8968592631667593
59,0,train_0409,12443.820383795446,11124.978166741956,162.49781667419558,0.0,12606.318200469641,19.12,0.64,0.0,0.0,7.0,1.8968592631667593
60,0,train_0553,11810.911731299348,9934.204280244048,43.42042802440483,0.0,11854.332159323752,15.28,0.6,0.0,0.0,7.0,1.8968592631667593
61,0,train_0446,11992.378758969584,10410.36848788641,91.03684878864097,0.0,12083.415607758225,15.58,0.68,0.0,0.0,7.0,1.8968592631667593
62,0,train_0219,12812.001576087941,10343.969688629873,84.39696886298735,0.0,12896.39854495093,16.64,0.8,0.0,0.0,7.0,1.8968592631667593
63,0,train_0580,12565.368203792263,10881.647379580416,138.1647379580416,0.0,12703.532941750304,16.46,0.6,0.0,0.0,7.0,1.8968592631667593
64,0,train_0246,12149.733873732566,10304.04402663746,80.40440266374608,0.0,12230.138276396312,16.66,0.54,0.0,0.0,7.0,1.8968592631667593
65,0,train_0195,12830.197374409261,10709.107929708753,120.91079297087526,0.0,12951.108167380136,19.52,0.56,0.0,0.0,7.0,1.8968592631667593
66,0,train_0543,12389.492509029213,10529.933222951602,102.99332229516023,0.0,12492.485831324373,15.08,0.68,0.0,0.0,7.0,1.8968592631667593
67,0,train_0222,12483.342644742166,10591.26924613438,109.12692461343795,0.0,12592.469569355604,15.82,0.62,0.0,0.0,7.0,1.8968592631667593
68,0,train_0045,12424.093410179574,10805.497277522529,130.5497277522529,0.0,12554.643137931827,14.52,0.64,0.0,0.0,7.0,1.8968592631667593
69,0,train_0281,12759.956082279017,10445.76780149798,94.57678014979793,0.0,12854.532862428816,15.82,0.62,0.0,0.0,7.0,1.8968592631667593
70,0,train_0477,12045.027309313326,10360.020641043997,86.0020641043997,0.0,12131.029373417725,14.66,0.66,0.0,0.0,7.0,1.8968592631667593
71,0,train_0113,12438.79790016673,10054.456778052216,55.44567780522157,0.0,12494.24357797195,17.42,0.62,0.0,0.0,7.0,1.8968592631667593
72,0,train_0277,12375.03258747403,10425.302661852562,92.5302661852562,0.0,12467.562853659287,15.68,0.68,0.0,0.0,7.0,1.8968592631667593
73,0,train_0077,12233.677276958366,10221.643712802383,72.16437128023827,0.0,12305.841648238604,15.52,0.72,0.0,0.0,7.0,1.8968592631667593
74,0,train_0411,13064.92197812963,10556.926670744262,105.69266707442621,0.0,13170.614645204058,16.04,0.62,0.0,0.0,7.0,1.8968592631667593
75,0,train_0285,12214.927432841092,10430.633704943915,93.06337049439153,0.0,12307.990803335484,15.04,0.52,0.0,0.0,7.0,1.8968592631667593
76,0,train_0198,11721.510992916103,10160.440427305199,66.04404273051988,0.0,11787.555035646623,16.44,0.6,0.0,0.0,7.0,1.8968592631667593
77,0,train_0136,12470.121304865888,10256.862163663678,75.68621636636782,0.0,12545.807521232256,18.14,0.62,0.0,0.0,7.0,1.8968592631667593
78,0,train_0338,12276.546218300977,10465.512767070843,96.55127670708426,0.0,12373.097495008062,15.7,0.56,0.0,0.0,7.0,1.8968592631667593
79,0,train_0401,11990.90112716231,10119.49793338841,61.94979333884094,0.0,12052.85092050115,16.86,0.6,0.0,0.0,7.0,1.8968592631667593
80,0,train_0564,12369.73812013563,10552.82463627896,105.28246362789596,0.0,12475.020583763526,16.0,0.8,0.0,0.0,7.0,1.8968592631667593
81,0,train_0262,12476.235509414262,10389.052662754752,88.90526627547516,0.0,12565.140775689737,15.82,0.68,0.0,0.0,7.0,1.8968592631667593
82,0,train_0096,12460.091863269,10417.184601318395,91.71846013183949,0.0,12551.810323400841,17.64,0.76,0.0,0.0,7.0,1.8968592631667593
83,0,train_0499,12106.386524952559,10448.402780319084,94.84027803190838,0.0,12201.226802984467,17.28,0.64,0.0,0.0,7.0,1.8968592631667593
84,0,train_0377,12220.017748468399,10435.941472540595,93.59414725405951,0.0,12313.611895722459,16.4,0.62,0.0,0.0,7.0,1.8968592631667593
85,0,train_0420,12349.08568781026,10285.771049339242,78.57710493392425,0.0,12427.662792744184,15.3,0.64,0.0,0.0,7.0,1.8968592631667593
86,0,train_0058,12249.931427923311,9793.199568772925,29.319956877292498,0.0,12279.251384800604,14.78,0.5,0.0,0.0,7.0,1.8968592631667593
87,0,train_0187,12214.299996159585,10403.643177599075,90.36431775990751,0.0,12304.664313919493,15.16,0.6,0.0,0.0,7.0,1.8968592631667593
88,0,train_0460,12423.806392182381,10384.252535934891,88.42525359348912,0.0,12512.23164577587,13.78,0.52,0.0,0.0,7.0,1.8968592631667593
89,0,train_0499,12135.809808219743,10362.614298505341,86.26142985053411,0.0,12222.071238070277,17.58,0.72,0.0,0.0,7.0,1.8968592631667593
90,0,train_0261,12566.653664501871,10506.740240910818,100.67402409108182,0.0,12667.327688592954,17.46,0.62,0.0,0.0,7.0,1.8968592631667593
91,0,train_0482,12064.329765553233,10261.343214089116,76.13432140891165,0.0,12140.464086962145,14.5,0.74,0.0,0.0,7.0,1.8968592631667593
92,0,train_0505,12594.525757589781,10444.483092455748,94.44830924557482,0.0,12688.974066835355,17.2,0.62,0.0,0.0,7.0,1.8968592631667593
93,0,train_0232,12852.36249924825,10222.854577049924,72.28545770499241,0.0,12924.647956953242,16.12,0.58,0.0,0.0,7.0,1.8968592631667593
94,0,train_0538,12790.271942994004,10709.385066689136,120.93850666891359,0.0,12911.210449662918,14.76,0.7,0.0,0.0,7.0,1.8968592631667593
95,0,train_0172,12114.731798756751,10641.127858876791,114.1127858876791,0.0,12228.84458464443,16.62,0.52,0.0,0.0,7.0,1.8968592631667593
96,0,train_0143,12873.886769986144,10545.954501700868,104.59545017008678,0.0,12978.482220156231,15.56,0.54,0.0,0.0,7.0,1.8968592631667593
97,0,train_0409,12777.971435532658,10756.974940747214,125.69749407472136,0.0,12903.668929607378,19.62,0.72,0.0,0.0,7.0,1.8968592631667593
98,0,train_0382,12738.675863462364,10858.203604604638,135.82036046046377,0.0,12874.496223922828,15.38,0.56,0.0,0.0,7.0,1.8968592631667593
99,0,train_0083,12244.892230418762,10154.89466407079,65.48946640707909,0.0,12310.381696825842,14.94,0.62,0.0,0.0,7.0,1.8968592631667593
100,0,train_0499,12105.870466959164,10294.1354466713,79.41354466713001,0.0,12185.284011626294,16.46,0.74,0.0,0.0,7.0,1.8968592631667593
101,0,train_0119,12362.29015820409,10324.91051274389,82.49105127438906,0.0,12444.781209478479,16.1,0.68,0.0,0.0,7.0,1.8968592631667593
102,0,train_0482,12213.001945469121,10107.81200837511,60.781200837510916,0.0,12273.783146306632,14.16,0.62,0.0,0.0,7.0,1.8968592631667593
103,0,train_0004,12453.206296404136,10368.024104103932,86.80241041039318,0.0,12540.00870681453,17.42,0.66,0.0,0.0,7.0,1.8968592631667593
104,0,train_0478,12585.478281909247,10359.937122069168,85.99371220691683,0.0,12671.471994116164,15.24,0.56,0.0,0.0,7.0,1.8968592631667593
105,0,train_0472,12645.914398400433,10504.29981930085,100.42998193008498,0.0,12746.344380330518,16.26,0.78,0.0,0.0,7.0,1.8968592631667593
106,0,train_0468,12406.265119853342,9909.273457177991,40.92734571779911,0.0,12447.192465571141,14.76,0.6,0.0,0.0,7.0,1.8968592631667593
107,0,train_0398,12014.06503041503,10495.766717524048,99.57667175240476,0.0,12113.641702167435,14.86,0.7,0.0,0.0,7.0,1.8968592631667593
108,0,train_0282,12298.326470319707,10161.993755056594,66.19937550565938,0.0,12364.525845825367,16.06,0.62,0.0,0.0,7.0,1.8968592631667593
109,0,train_0423,12264.733876326092,10207.098636574145,70.70986365741446,0.0,12335.443739983506,18.78,0.56,0.0,0.0,7.0,1.8968592631667593
110,0,train_0166,12045.27926293136,10097.261039736859,59.726103973685895,0.0,12105.005366905047,14.86,0.64,0.0,0.0,7.0,1.8968592631667593
111,0,train_0468,12472.512394178888,9814.351704686957,31.435170468695652,0.0,12503.947564647584,15.3,0.62,0.0,0.0,7.0,1.8968592631667593
112,0,train_0333,12769.464461137959,10858.74922271853,135.87492227185302,0.0,12905.339383409811,16.2,0.68,0.0,0.0,7.0,1.8968592631667593
113,0,train_0275,12320.70828886483,10314.238141161459,81.42381411614588,0.0,12402.132102980975,13.84,0.58,0.0,0.0,7.0,1.8968592631667593
114,0,train_0303,11794.38814207755,10435.474462152582,93.54744621525825,0.0,11887.935588292808,16.6,0.7,0.0,0.0,7.0,1.8968592631667593
115,0,train_0341,12758.621676238434,10372.300210203204,87.23002102032042,0.0,12845.851697258755,15.2,0.7,0.0,0.0,7.0,1.8968592631667593
116,0,train_0022,12323.318512437436,10519.365956138417,101.93659561384175,0.0,12425.255108051279,17.74,0.62,0.0,0.0,7.0,1.8968592631667593
117,0,train_0083,11980.362235697707,10263.011740565766,76.30117405657657,0.0,12056.663409754283,16.36,0.6,0.0,0.0,7.0,1.8968592631667593
118,0,train_0147,12681.967571097763,10591.66286896276,109.16628689627596,0.0,12791.133857994038,17.56,0.68,0.0,0.0,7.0,1.8968592631667593
119,0,train_0068,12749.643085476939,10500.034724755216,100.00347247552163,0.0,12849.646557952461,15.92,0.76,0.0,0.0,7.0,1.8968592631667593
120,0,train_0263,11936.54601007649,10104.811720234207,60.48117202342073,0.0,11997.027182099911,16.28,0.72,0.0,0.0,7.0,1.8968592631667593
121,0,train_0401,12167.548507382224,9954.67004990147,45.46700499014696,0.0,12213.01551237237,17.62,0.64,0.0,0.0,7.0,1.8968592631667593
122,0,train_0392,12688.504228625417,10694.736989308054,119.47369893080541,0.0,12807.977927556223,16.78,0.66,0.0,0.0,7.0,1.8968592631667593
123,0,train_0282,12010.317332642535,10442.85199836554,94.28519983655406,0.0,12104.60253247909,15.76,0.68,0.0,0.0,7.0,1.8968592631667593
124,0,train_0513,12675.998692837571,10087.429502365827,58.74295023658269,0.0,12734.741643074154,16.26,0.72,0.0,0.0,7.0,1.8968592631667593
125,0,train_0339,12834.684463926606,10674.058895279242,117.40588952792423,0.0,12952.09035345453,17.34,0.74,0.0,0.0,7.0,1.8968592631667593
126,0,train_0047,12141.46591756074,10512.162149033675,101.21621490336747,0.0,12242.682132464106,14.76,0.76,0.0,0.0,7.0,1.8968592631667593
127,0,train_0458,12688.818689580283,10616.498487180217,111.64984871802172,0.0,12800.468538298304,15.18,0.68,0.0,0.0,7.0,1.8968592631667593
128,0,train_0344,12359.352837631399,10314.39720119301,81.43972011930092,0.0,12440.7925577507,15.76,0.68,0.0,0.0,7.0,1.8968592631667593
129,0,train_0380,12352.184446724761,10278.891988982075,77.88919889820755,0.0,12430.073645622968,15.74,0.54,0.0,0.0,7.0,1.8968592631667593
130,0,train_0339,12635.12002811717,10349.208797446272,84.9208797446272,0.0,12720.040907861796,16.64,0.7,0.0,0.0,7.0,1.8968592631667593
131,0,train_0332,12130.433783857068,9803.574128224187,30.357412822418702,0.0,12160.791196679487,15.88,0.56,0.0,0.0,7.0,1.8968592631667593
132,0,train_0054,12657.309548806717,10222.401216187132,72.24012161871325,0.0,12729.549670425431,15.06,0.66,0.0,0.0,7.0,1.8968592631667593
133,0,train_0335,12749.993691049873,10808.42956685331,130.84295668533105,0.0,12880.836647735203,17.42,0.64,0.0,0.0,7.0,1.8968592631667593
134,0,train_0476,12218.671833716007,10069.960286266392,56.99602862663924,0.0,12275.667862342647,18.62,0.7,0.0,0.0,7.0,1.8968592631667593
135,0,train_0182,12421.240095467732,10874.427491183389,137.44274911833892,0.0,12558.682844586072,16.32,0.74,0.0,0.0,7.0,1.8968592631667593
136,0,train_0361,12662.619054471685,10618.577463898548,111.85774638985477,0.0,12774.47680086154,16.6,0.7,0.0,0.0,7.0,1.8968592631667593
137,0,train_0018,12285.017414835489,10600.728125258338,110.0728125258338,0.0,12395.090227361323,15.36,0.64,0.0,0.0,7.0,1.8968592631667593
138,0,train_0208,12552.002219239715,10256.396407259457,75.63964072594572,0.0,12627.64185996566,15.1,0.64,0.0,0.0,7.0,1.8968592631667593
139,0,train_0262,12591.438376548695,10667.904409070226,116.79044090702264,0.0,12708.228817455718,15.62,0.64,0.0,0.0,7.0,1.8968592631667593
140,0,train_0589,12140.0664938849,10436.640577467379,93.66405774673785,0.0,12233.730551631637,15.78,0.66,0.0,0.0,7.0,1.8968592631667593
141,0,train_0128,12112.920008698464,9994.899832690719,49.48998326907186,0.0,12162.409991967535,15.82,0.6,0.0,0.0,7.0,1.8968592631667593
142,0,train_0165,12178.255047188453,10348.009586653665,84.8009586653665,0.0,12263.05600585382,16.14,0.68,0.0,0.0,7.0,1.8968592631667593
143,0,train_0245,12000.371533748417,9968.568719798111,46.85687197981115,0.0,12047.228405728229,15.24,0.7,0.0,0.0,7.0,1.8968592631667593
144,1,train_0595,11975.098075666529,10048.623333274536,54.8623333274536,0.0,12029.960408993982,16.1,0.52,0.0,0.0,7.0,1.8968592631667593
145,1,train_0512,12436.68419867685,10280.410293108183,78.04102931081835,0.0,12514.725227987668,15.76,0.6,0.0,0.0,7.0,1.8968592631667593
146,1,train_0020,13032.834300028595,10584.890116010014,108.48901160100141,0.0,13141.323311629596,14.8,0.7,0.0,0.0,7.0,1.8968592631667593
147,1,train_0140,12097.093262873668,10503.009792481276,100.30097924812763,0.0,12197.394242121796,16.6,0.62,0.0,0.0,7.0,1.8968592631667593
148,1,train_0493,12159.075288280612,10365.02237212193,86.502237212193,0.0,12245.577525492805,16.48,0.76,0.0,0.0,7.0,1.8968592631667593
149,1,train_0034,12282.57284009422,10294.890848994986,79.48908489949864,0.0,12362.061924993719,15.3,0.76,0.0,0.0,7.0,1.8968592631667593
150,1,train_0513,12232.849570634,10436.0502020786,93.60502020786008,0.0,12326.45459084186,15.88,0.6,0.0,0.0,7.0,1.8968592631667593
151,1,train_0168,12785.543541905288,10592.02952583487,109.20295258348706,0.0,12894.746494488776,17.96,0.7,0.0,0.0,7.0,1.8968592631667593
152,1,train_0550,12489.88502334987,10232.073413821861,73.20734138218613,0.0,12563.092364732056,17.24,0.68,0.0,0.0,7.0,1.8968592631667593
153,1,train_0176,12746.491855429438,10720.440771994261,122.04407719942611,0.0,12868.535932628864,15.2,0.68,0.0,0.0,7.0,1.8968592631667593
154,1,train_0260,12173.011207518446,10135.374988845939,63.53749888459388,0.0,12236.54870640304,15.52,0.6,0.0,0.0,7.0,1.8968592631667593
155,1,train_0397,12034.299927544287,10235.530447540183,73.55304475401827,0.0,12107.852972298306,16.2,0.64,0.0,0.0,7.0,1.8968592631667593
156,1,train_0075,12281.329092832919,10560.103859350149,106.0103859350149,0.0,12387.339478767934,17.86,0.66,0.0,0.0,7.0,1.8968592631667593
157,1,train_0334,12542.886752818216,10327.03843511357,82.70384351135709,0.0,12625.590596329574,16.6,0.74,0.0,0.0,7.0,1.8968592631667593
158,1,train_0303,12178.929499218008,10278.913695961828,77.89136959618281,0.0,12256.82086881419,16.8,0.54,0.0,0.0,7.0,1.8968592631667593
159,1,train_0470,12160.917518524657,10129.202626664563,62.92026266645626,0.0,12223.837781191112,15.2,0.64,0.0,0.0,7.0,1.8968592631667593
160,1,train_0597,12482.225284698652,10405.439527681416,90.54395276814158,0.0,12572.769237466793,16.58,0.72,0.0,0.0,7.0,1.8968592631667593
161,1,train_0398,12018.757231776524,10010.277007592491,51.02770075924909,0.0,12069.784932535773,14.42,0.68,0.0,0.0,7.0,1.8968592631667593
162,1,train_0245,11842.877353783093,10266.38850472073,76.63885047207296,0.0,11919.516204255166,15.14,0.68,0.0,0.0,7.0,1.8968592631667593
163,1,train_0243,12779.826558808443,10191.310103439102,69.1310103439102,0.0,12848.957569152353,17.94,0.64,0.0,0.0,7.0,1.8968592631667593
164,1,train_0250,12822.573285982293,10139.935218130595,63.99352181305949,0.0,12886.566807795352,14.62,0.7,0.0,0.0,7.0,1.8968592631667593
165,1,train_0488,12562.413303966658,10173.989913678106,67.3989913678106,0.0,12629.812295334468,14.38,0.66,0.0,0.0,7.0,1.8968592631667593
166,1,train_0192,12571.824909167299,10431.27565946637,93.12756594663698,0.0,12664.952475113936,16.74,0.66,0.0,0.0,7.0,1.8968592631667593
167,1,train_0100,11983.285637823537,9890.179440352575,39.017944035257464,0.0,12022.303581858794,16.04,0.76,0.0,0.0,7.0,1.8968592631667593
168,1,train_0200,12682.638768405332,10169.800246207782,66.98002462077821,0.0,12749.61879302611,16.2,0.64,0.0,0.0,7.0,1.8968592631667593
169,1,train_0013,12439.139140700594,10098.10741496411,59.810741496411,0.0,12498.949882197005,14.86,0.68,0.0,0.0,7.0,1.8968592631667593
170,1,train_0063,12376.937720649297,10475.920254117184,97.59202541171835,0.0,12474.529746061016,14.04,0.8,0.0,0.0,7.0,1.8968592631667593
171,1,train_0054,12396.847730081588,10304.924664052596,80.49246640525962,0.0,12477.340196486848,16.56,0.64,0.0,0.0,7.0,1.8968592631667593
172,1,train_0462,12485.61188261931,10406.278173487937,90.62781734879373,0.0,12576.239699968104,16.16,0.68,0.0,0.0,7.0,1.8968592631667593
173,1,train_0433,12028.697091339742,10375.444227051707,87.54442270517066,0.0,12116.241514044912,14.46,0.68,0.0,0.0,7.0,1.8968592631667593
174,1,train_0418,12826.605168774822,10475.223640754955,97.52236407549555,0.0,12924.127532850318,16.36,0.7,0.0,0.0,7.0,1.8968592631667593
175,1,train_0277,12366.44563392857,10463.21424144894,96.32142414489408,0.0,12462.767058073463,17.1,0.76,0.0,0.0,7.0,1.8968592631667593
176,1,train_0430,12478.536357957895,10032.332925540237,53.233292554023684,0.0,12531.769650511918,14.66,0.64,0.0,0.0,7.0,1.8968592631667593
177,1,train_0096,12390.618309740737,10527.852796492363,102.78527964923633,0.0,12493.403589389975,17.26,0.74,0.0,0.0,7.0,1.8968592631667593
178,1,train_0540,12551.548256121727,10627.173151997564,112.71731519975638,0.0,12664.265571321483,15.98,0.76,0.0,0.0,7.0,1.8968592631667593
179,1,train_0300,12267.316739536733,10300.616303840468,80.06163038404685,0.0,12347.37836992078,14.22,0.76,0.0,0.0,7.0,1.8968592631667593
180,1,train_0562,12542.468036823539,10690.513852827477,119.05138528274766,0.0,12661.519422106287,15.2,0.68,0.0,0.0,7.0,1.8968592631667593
181,1,train_0091,12455.8908286459,10809.283460643175,130.92834606431754,0.0,12586.819174710217,15.54,0.52,0.0,0.0,7.0,1.8968592631667593
182,1,train_0298,11916.398684827587,9902.137731580311,40.21377315803111,0.0,11956.612457985619,15.8,0.68,0.0,0.0,7.0,1.8968592631667593
183,1,train_0417,12400.977543870757,10279.074962302988,77.90749623029879,0.0,12478.885040101055,15.82,0.68,0.0,0.0,7.0,1.8968592631667593
184,1,train_0297,12310.84484891454,10329.2993757844,82.92993757843998,0.0,12393.774786492979,13.96,0.78,0.0,0.0,7.0,1.8968592631667593
185,1,train_0267,12319.246285786492,10247.238528132373,74.72385281323731,0.0,12393.970138599729,13.98,0.7,0.0,0.0,7.0,1.8968592631667593
186,1,train_0099,12149.5851460386,10025.95314886051,52.595314886050986,0.0,12202.180460924652,16.64,0.7,0.0,0.0,7.0,1.8968592631667593
187,1,train_0228,12437.369763235256,10272.705693952728,77.27056939527284,0.0,12514.640332630528,15.14,0.78,0.0,0.0,7.0,1.8968592631667593
188,1,train_0143,12433.050865373261,10892.587137218143,139.25871372181427,0.0,12572.309579095076,14.56,0.68,0.0,0.0,7.0,1.8968592631667593
189,1,train_0180,12427.616188390024,10768.879413877508,126.88794138775084,0.0,12554.504129777775,18.36,0.58,0.0,0.0,7.0,1.8968592631667593
190,1,train_0410,12912.664744320824,10418.893838864155,91.88938388641546,0.0,13004.554128207239,17.18,0.76,0.0,0.0,7.0,1.8968592631667593
191,1,train_0378,12218.343158207399,10577.829583751232,107.78295837512324,0.0,12326.126116582522,17.3,0.78,0.0,0.0,7.0,1.8968592631667593
192,1,train_0364,12578.279629770917,10354.057533715939,85.4057533715939,0.0,12663.68538314251,18.26,0.66,0.0,0.0,7.0,1.8968592631667593
193,1,train_0217,12329.510138658437,10823.30632487221,132.330632487221,0.0,12461.840771145658,18.28,0.72,0.0,0.0,7.0,1.8968592631667593
194,1,train_0575,12959.314773700144,10322.362773683533,82.23627736835334,0.0,13041.551051068496,14.68,0.66,0.0,0.0,7.0,1.8968592631667593
195,1,train_0052,12912.872303851753,10516.756454411985,101.67564544119851,0.0,13014.547949292952,14.52,0.56,0.0,0.0,7.0,1.8968592631667593
196,1,train_0205,12699.715475608682,10388.11053703936,88.81105370393598,0.0,12788.526529312618,16.14,0.72,0.0,0.0,7.0,1.8968592631667593
197,1,train_0070,11916.829575857519,9896.224936944096,39.622493694409606,0.0,11956.452069551928,15.24,0.68,0.0,0.0,7.0,1.8968592631667593
198,1,train_0203,12793.553164125435,10800.570393734237,130.0570393734237,0.0,12923.610203498858,13.12,0.68,0.0,0.0,7.0,1.8968592631667593
199,1,train_0577,13082.673665128124,10745.283815507219,124.52838155072186,0.0,13207.202046678845,15.16,0.72,0.0,0.0,7.0,1.8968592631667593
200,1,train_0219,12333.396357437516,10474.547834439123,97.45478344391232,0.0,12430.851140881428,15.22,0.68,0.0,0.0,7.0,1.8968592631667593
201,1,train_0545,12330.070286778599,10375.824675054522,87.58246750545223,0.0,12417.65275428405,17.64,0.7,0.0,0.0,7.0,1.8968592631667593
202,1,train_0297,12487.198403413846,10269.356575529473,76.9356575529473,0.0,12564.134060966793,13.8,0.62,0.0,0.0,7.0,1.8968592631667593
203,1,train_0419,12341.889642136397,10624.888543858357,112.48885438583567,0.0,12454.378496522233,16.2,0.64,0.0,0.0,7.0,1.8968592631667593
204,1,train_0274,12642.896867803123,10600.466306328424,110.04663063284244,0.0,12752.943498435965,17.18,0.68,0.0,0.0,7.0,1.8968592631667593
205,1,train_0159,12156.948541661286,9799.527080318576,29.952708031857583,0.0,12186.901249693143,16.84,0.62,0.0,0.0,7.0,1.8968592631667593
206,1,train_0458,13058.817375881144,10281.1884905624,78.11884905623992,0.0,13136.936224937384,15.64,0.7,0.0,0.0,7.0,1.8968592631667593
207,1,train_0581,12323.041517617927,10228.612748555148,72.8612748555148,0.0,12395.902792473442,15.5,0.68,0.0,0.0,7.0,1.8968592631667593
208,1,train_0158,12550.198241488355,10332.959386597422,83.2959386597422,0.0,12633.494180148096,17.26,0.8,0.0,0.0,7.0,1.8968592631667593
209,1,train_0467,12878.996749756763,10915.710436107542,141.57104361075417,0.0,13020.567793367518,15.46,0.68,0.0,0.0,7.0,1.8968592631667593
210,1,train_0156,12366.080026560778,10702.402536942784,120.24025369427837,0.0,12486.320280255057,16.2,0.56,0.0,0.0,7.0,1.8968592631667593
211,1,train_0430,12483.868897627466,10217.946233508022,71.79462335080225,0.0,12555.663520978269,15.64,0.72,0.0,0.0,7.0,1.8968592631667593
212,1,train_0473,12067.79629466054,10371.238693884532,87.12386938845322,0.0,12154.920164048994,18.68,0.72,0.0,0.0,7.0,1.8968592631667593
213,1,train_0269,11900.737429910456,9995.737355941847,49.573735594184654,0.0,11950.311165504641,15.52,0.66,0.0,0.0,7.0,1.8968592631667593
214,1,train_0442,12575.713722346323,10879.930605157082,137.9930605157082,0.0,12713.706782862031,15.36,0.58,0.0,0.0,7.0,1.8968592631667593
215,1,train_0163,12969.622047215675,10311.612009578786,81.16120095787865,0.0,13050.783248173553,13.12,0.72,0.0,0.0,7.0,1.8968592631667593
216,1,train_0047,12206.058260685895,10251.551090522371,75.1551090522371,0.0,12281.213369738132,12.6,0.78,0.0,0.0,7.0,1.8968592631667593
217,1,train_0057,12245.051263256566,10242.958500773591,74.29585007735913,0.0,12319.347113333924,14.58,0.6,0.0,0.0,7.0,1.8968592631667593
218,1,train_0268,12390.323270988327,10737.612852625916,123.76128526259163,0.0,12514.084556250918,16.94,0.6,0.0,0.0,7.0,1.8968592631667593
219,1,train_0541,12664.420935607433,10411.151495442044,91.11514954420437,0.0,12755.536085151638,17.4,0.66,0.0,0.0,7.0,1.8968592631667593
220,1,train_0076,12121.241004487854,10485.438443262428,98.54384432624283,0.0,12219.784848814097,17.8,0.68,0.0,0.0,7.0,1.8968592631667593
221,1,train_0273,12407.675614240146,10819.401095635174,131.9401095635174,0.0,12539.615723803663,17.76,0.58,0.0,0.0,7.0,1.8968592631667593
222,1,train_0422,12452.841415504809,10484.495402841272,98.44954028412722,0.0,12551.290955788936,15.6,0.62,0.0,0.0,7.0,1.8968592631667593
223,1,train_0121,12077.621808139804,10581.777787534224,108.17777875342236,0.0,12185.799586893227,14.38,0.7,0.0,0.0,7.0,1.8968592631667593
224,1,train_0432,12212.173317949271,10599.030881017938,109.90308810179377,0.0,12322.076406051065,15.48,0.68,0.0,0.0,7.0,1.8968592631667593
225,1,train_0183,12195.75848906127,11054.322267356125,155.43222673561252,0.0,12351.190715796884,14.86,0.62,0.0,0.0,7.0,1.8968592631667593
226,1,train_0485,12175.091018533582,9939.291074130933,43.929107413093334,0.0,12219.020125946674,16.58,0.7,0.0,0.0,7.0,1.8968592631667593
227,1,train_0347,12137.30226411911,10484.561512897704,98.45615128977043,0.0,12235.75841540888,16.06,0.5,0.0,0.0,7.0,1.8968592631667593
228,1,train_0328,12813.415018456804,9996.427947263306,49.642794726330614,0.0,12863.057813183135,16.3,0.66,0.0,0.0,7.0,1.8968592631667593
229,1,train_0106,12681.720789952731,10632.668268146408,113.26682681464081,0.0,12794.987616767372,17.5,0.66,0.0,0.0,7.0,1.8968592631667593
230,1,train_0277,12448.626030337551,10341.394868019106,84.1394868019106,0.0,12532.765517139462,16.7,0.7,0.0,0.0,7.0,1.8968592631667593
231,1,train_0513,12172.354930858997,10494.562005057302,99.45620050573017,0.0,12271.811131364728,16.82,0.52,0.0,0.0,7.0,1.8968592631667593
232,1,train_0011,11803.452711676891,10298.242754162125,79.82427541621256,0.0,11883.276987093104,14.28,0.58,0.0,0.0,7.0,1.8968592631667593
233,1,train_0455,12921.47510693668,11008.232792911549,150.8232792911549,0.0,13072.298386227834,15.6,0.68,0.0,0.0,7.0,1.8968592631667593
234,1,train_0295,11960.40781816183,10381.42756239924,88.14275623992398,0.0,12048.550574401754,15.44,0.62,0.0,0.0,7.0,1.8968592631667593
235,1,train_0431,12273.276110250083,10496.709539523446,99.67095395234465,0.0,12372.947064202428,15.74,0.64,0.0,0.0,7.0,1.8968592631667593
236,1,train_0397,12194.006675020235,10476.531864085735,97.6531864085735,0.0,12291.659861428809,14.44,0.6,0.0,0.0,7.0,1.8968592631667593
237,1,train_0259,12848.70332959386,10344.626044636094,84.4626044636094,0.0,12933.16593405747,15.26,0.52,0.0,0.0,7.0,1.8968592631667593
238,1,train_0185,12546.019529345027,10282.80230012421,78.2802300124211,0.0,12624.299759357447,15.8,0.7,0.0,0.0,7.0,1.8968592631667593
239,1,train_0376,12353.719597127209,10132.766810459576,63.276681045957595,0.0,12416.996278173167,16.36,0.64,0.0,0.0,7.0,1.8968592631667593
240,1,train_0084,12091.024966925119,9896.972881014812,39.69728810148118,0.0,12130.7222550266,17.36,0.56,0.0,0.0,7.0,1.8968592631667593
241,1,train_0350,12081.410581307671,10287.368719886255,78.73687198862554,0.0,12160.147453296297,16.04,0.56,0.0,0.0,7.0,1.8968592631667593
242,1,train_0056,11905.84802633788,9840.552623705771,34.05526237057711,0.0,11939.903288708458,16.68,0.7,0.0,0.0,7.0,1.8968592631667593
243,1,train_0389,12274.023961757299,10373.166355059995,87.31663550599951,0.0,12361.340597263299,16.94,0.66,0.0,0.0,7.0,1.8968592631667593
244,1,train_0377,12361.40700576663,10437.624637243764,93.76246372437636,0.0,12455.169469491007,17.38,0.68,0.0,0.0,7.0,1.8968592631667593
245,1,train_0050,12390.26522086863,10333.111152015157,83.31111520151572,0.0,12473.576336070146,15.82,0.74,0.0,0.0,7.0,1.8968592631667593
246,1,train_0454,12993.734464071022,10670.73441519581,117.07344151958097,0.0,13110.807905590602,16.08,0.64,0.0,0.0,7.0,1.8968592631667593
247,1,train_0249,12601.597387072496,10340.789660274691,84.07896602746915,0.0,12685.676353099965,15.96,0.66,0.0,0.0,7.0,1.8968592631667593
248,1,train_0472,12531.919271868885,10564.204102089749,106.42041020897487,0.0,12638.33968207786,17.08,0.7,0.0,0.0,7.0,1.8968592631667593
249,1,train_0024,12083.516452805256,9855.11815353712,35.511815353711974,0.0,12119.028268158967,16.84,0.6,0.0,0.0,7.0,1.8968592631667593
250,1,train_0107,12519.341179231466,10403.449590066848,90.3449590066848,0.0,12609.68613823815,16.2,0.74,0.0,0.0,7.0,1.8968592631667593
251,1,train_0296,12782.435510747408,10162.945041492538,66.29450414925377,0.0,12848.73001489666,14.84,0.62,0.0,0.0,7.0,1.8968592631667593
252,1,train_0112,12464.62889055826,10399.377244416215,89.93772444162151,0.0,12554.566614999881,17.78,0.5,0.0,0.0,7.0,1.8968592631667593
253,1,train_0197,12557.862791957574,10810.593306440482,131.05933064404817,0.0,12688.922122601622,15.04,0.6,0.0,0.0,7.0,1.8968592631667593
254,1,train_0396,12788.59654244838,10166.331602153721,66.63316021537211,0.0,12855.229702663752,13.42,0.76,0.0,0.0,7.0,1.8968592631667593
255,1,train_0086,11746.99324159366,10062.470900847788,56.24709008477876,0.0,11803.240331678438,16.44,0.58,0.0,0.0,7.0,1.8968592631667593
256,1,train_0406,12709.492770332477,10027.052652214363,52.70526522143628,0.0,12762.198035553914,17.8,0.68,0.0,0.0,7.0,1.8968592631667593
257,1,train_0062,12405.178779074671,9983.002181410426,48.30021814104257,0.0,12453.478997215714,13.8,0.74,0.0,0.0,7.0,1.8968592631667593
258,1,train_0105,12487.834921139218,10350.979500703805,85.09795007038048,0.0,12572.932871209598,15.02,0.62,0.0,0.0,7.0,1.8968592631667593
259,1,train_0352,12249.871678086736,9916.693806652976,41.66938066529765,0.0,12291.541058752035,16.78,0.62,0.0,0.0,7.0,1.8968592631667593
260,1,train_0476,12727.925137393162,10089.266215234906,58.92662152349058,0.0,12786.851758916653,19.14,0.7,0.0,0.0,7.0,1.8968592631667593
261,1,train_0102,12421.27528317735,10266.933967768315,76.69339677683148,0.0,12497.968679954181,14.9,0.56,0.0,0.0,7.0,1.8968592631667593
262,1,train_0179,12186.119527565163,10537.615567544923,103.76155675449228,0.0,12289.881084319655,14.42,0.7,0.0,0.0,7.0,1.8968592631667593
263,1,train_0555,12161.378090054059,10071.222974155537,57.12229741555366,0.0,12218.500387469612,17.1,0.76,0.0,0.0,7.0,1.8968592631667593
264,1,train_0593,12278.16287536905,10081.452704718558,58.14527047185584,0.0,12336.308145840905,13.86,0.72,0.0,0.0,7.0,1.8968592631667593
265,1,train_0348,12715.840364045082,10216.641229687708,71.6641229687708,0.0,12787.504487013852,16.3,0.74,0.0,0.0,7.0,1.8968592631667593
266,1,train_0268,12577.136451715236,10333.699481456675,83.36994814566752,0.0,12660.506399860904,14.92,0.74,0.0,0.0,7.0,1.8968592631667593
267,1,train_0208,12362.718157931471,10138.359424838462,63.83594248384616,0.0,12426.554100415316,14.24,0.8,0.0,0.0,7.0,1.8968592631667593
268,1,train_0367,12443.220740254303,10249.077290006984,74.90772900069842,0.0,12518.128469255002,15.08,0.76,0.0,0.0,7.0,1.8968592631667593
269,1,train_0354,11919.332918500428,10159.431260401898,65.94312604018978,0.0,11985.276044540617,15.86,0.72,0.0,0.0,7.0,1.8968592631667593
270,1,train_0176,12893.23270177358,10698.19207162449,119.81920716244895,0.0,13013.05190893603,14.86,0.66,0.0,0.0,7.0,1.8968592631667593
271,1,train_0013,12548.249878377344,9989.960257296985,48.99602572969852,0.0,12597.245904107043,14.28,0.58,0.0,0.0,7.0,1.8968592631667593
272,1,train_0090,12503.630102805455,10394.319624594198,89.43196245941982,0.0,12593.062065264874,14.62,0.66,0.0,0.0,7.0,1.8968592631667593
273,1,train_0575,12820.352989677735,10852.631932479242,135.26319324792422,0.0,12955.616182925658,14.68,0.5,0.0,0.0,7.0,1.8968592631667593
274,1,train_0250,12142.268061873445,10488.350091870754,98.83500918707541,0.0,12241.103071060521,16.2,0.66,0.0,0.0,7.0,1.8968592631667593
275,1,train_0289,12466.991621301615,10825.72893916236,132.57289391623598,0.0,12599.564515217851,15.52,0.56,0.0,0.0,7.0,1.8968592631667593
276,1,train_0280,12766.207411741336,10359.394723337611,85.93947233376112,0.0,12852.146884075097,14.5,0.66,0.0,0.0,7.0,1.8968592631667593
277,1,train_0469,12882.744097463903,10785.972600636993,128.59726006369928,0.0,13011.341357527603,14.9,0.74,0.0,0.0,7.0,1.8968592631667593
278,1,train_0038,12703.344063788387,10315.011029489386,81.50110294893858,0.0,12784.845166737325,18.62,0.52,0.0,0.0,7.0,1.8968592631667593
279,1,train_0049,12320.377434334703,10904.634178131942,140.46341781319424,0.0,12460.840852147898,14.86,0.76,0.0,0.0,7.0,1.8968592631667593
280,1,train_0165,12337.062589902649,9898.692013539578,39.86920135395776,0.0,12376.931791256608,15.7,0.68,0.0,0.0,7.0,1.8968592631667593
281,1,train_0291,12673.359447086314,10503.292187673971,100.32921876739711,0.0,12773.688665853711,14.42,0.48,0.0,0.0,7.0,1.8968592631667593
282,1,train_0402,12766.697572964029,10357.367376444998,85.73673764449978,0.0,12852.434310608529,17.52,0.74,0.0,0.0,7.0,1.8968592631667593
283,1,train_0294,12319.960833538833,10145.969356624171,64.59693566241712,0.0,12384.55776920125,15.94,0.54,0.0,0.0,7.0,1.8968592631667593
284,1,train_0264,12001.133667936592,10439.520596693725,93.95205966937247,0.0,12095.085727605965,15.52,0.58,0.0,0.0,7.0,1.8968592631667593
285,1,train_0562,12004.713241351252,10709.356733685985,120.93567336859851,0.0,12125.64891471985,15.84,0.6,0.0,0.0,7.0,1.8968592631667593
286,1,train_0096,12530.834044327665,10402.09054333763,90.20905433376302,0.0,12621.043098661428,16.94,0.58,0.0,0.0,7.0,1.8968592631667593
287,1,train_0343,12814.291218129521,10790.72899846074,129.07289984607397,0.0,12943.364117975596,17.44,0.62,0.0,0.0,7.0,1.8968592631667593
288,2,train_0325,12611.564007648525,10147.523609103811,64.75236091038114,0.0,12676.316368558906,14.0,0.5,0.0,0.0,7.0,1.8968592631667593
289,2,train_0284,12386.074765748494,10341.530050994992,84.15300509949921,0.0,12470.227770847992,16.34,0.68,0.0,0.0,7.0,1.8968592631667593
290,2,train_0484,12163.74122190074,10500.454317291369,100.04543172913691,0.0,12263.786653629877,13.74,0.72,0.0,0.0,7.0,1.8968592631667593
291,2,train_0160,12220.475093695219,10692.452831930234,119.24528319302335,0.0,12339.720376888243,16.68,0.68,0.0,0.0,7.0,1.8968592631667593
292,2,train_0572,12835.198452613982,10125.134203768986,62.51342037689865,0.0,12897.711872990882,13.9,0.7,0.0,0.0,7.0,1.8968592631667593
293,2,train_0198,11853.779575392786,10033.16244086942,53.31624408694206,0.0,11907.095819479728,15.5,0.54,0.0,0.0,7.0,1.8968592631667593
294,2,train_0327,12956.396557929227,10536.052394018676,103.60523940186759,0.0,13060.001797331095,15.06,0.6,0.0,0.0,7.0,1.8968592631667593
295,2,train_0312,12155.245725702864,10324.618820100093,82.46188201000933,0.0,12237.707607712873,16.2,0.72,0.0,0.0,7.0,1.8968592631667593
296,2,train_0509,12209.341602846824,10100.118824062927,60.01188240629272,0.0,12269.353485253116,13.06,0.74,0.0,0.0,7.0,1.8968592631667593
297,2,train_0263,12363.681214170309,9841.064636268951,34.10646362689513,0.0,12397.787677797203,15.54,0.6,0.0,0.0,7.0,1.8968592631667593
298,2,train_0170,12186.612840151438,10105.191864478576,60.51918644785765,0.0,12247.132026599296,18.74,0.72,0.0,0.0,7.0,1.8968592631667593
299,2,train_0012,12615.615378231108,10533.118339296472,103.31183392964722,0.0,12718.927212160756,16.16,0.76,0.0,0.0,7.0,1.8968592631667593
300,2,train_0218,12329.876380984653,10859.644286672472,135.9644286672472,0.0,12465.8408096519,16.44,0.66,0.0,0.0,7.0,1.8968592631667593
301,2,train_0495,12335.862739067841,10779.793596215222,127.97935962152224,0.0,12463.842098689363,16.74,0.58,0.0,0.0,7.0,1.8968592631667593
302,2,train_0005,12080.90429786139,10158.3269651271,65.83269651271003,0.0,12146.736994374101,17.08,0.66,0.0,0.0,7.0,1.8968592631667593
303,2,train_0537,12179.513319843452,10243.491402134325,74.34914021343248,0.0,12253.862460056886,15.68,0.58,0.0,0.0,7.0,1.8968592631667593
304,2,train_0325,12451.83063090537,10335.396540093701,83.53965400937014,0.0,12535.37028491474,13.54,0.5,0.0,0.0,7.0,1.8968592631667593
305,2,train_0084,12197.99556312965,9965.313637832705,46.531363783270535,0.0,12244.52692691292,16.36,0.76,0.0,0.0,7.0,1.8968592631667593
306,2,train_0181,11261.250279327927,9954.234455521546,45.42344555215459,0.0,11306.673724880082,17.44,0.62,0.0,0.0,7.0,1.8968592631667593
307,2,train_0332,12112.126860487828,10331.034387737349,83.1034387737349,0.0,12195.230299261562,17.34,0.66,0.0,0.0,7.0,1.8968592631667593
308,2,train_0189,12481.537083955045,10119.006740820103,61.900674082010305,0.0,12543.437758037055,15.84,0.58,0.0,0.0,7.0,1.8968592631667593
309,2,train_0065,12927.016545014954,10050.750001805522,55.075000180552166,0.0,12982.091545195506,13.34,0.66,0.0,0.0,7.0,1.8968592631667593
310,2,train_0399,12382.956595901203,10339.235873621024,83.92358736210245,0.0,12466.880183263305,15.5,0.7,0.0,0.0,7.0,1.8968592631667593
311,2,train_0403,12621.317568399118,10337.454420162478,83.74544201624776,0.0,12705.063010415366,14.14,0.68,0.0,0.0,7.0,1.8968592631667593
312,2,train_0071,12575.48186116993,10443.206823375745,94.32068233757455,0.0,12669.802543507505,13.48,0.62,0.0,0.0,7.0,1.8968592631667593
313,2,train_0168,12879.34527296136,10497.83772925403,99.783772925403,0.0,12979.129045886762,18.58,0.62,0.0,0.0,7.0,1.8968592631667593
314,2,train_0146,12264.643342430993,10444.395006930874,94.4395006930874,0.0,12359.08284312408,15.18,0.66,0.0,0.0,7.0,1.8968592631667593
315,2,train_0395,11973.690012003646,10171.347080165933,67.13470801659332,0.0,12040.824720020239,16.3,0.72,0.0,0.0,7.0,1.8968592631667593
316,2,train_0438,12344.923083974962,10316.962348485973,81.69623484859731,0.0,12426.61931882356,16.08,0.68,0.0,0.0,7.0,1.8968592631667593
317,2,train_0436,13042.62443877942,10163.288547468972,66.32885474689719,0.0,13108.953293526316,17.94,0.76,0.0,0.0,7.0,1.8968592631667593
318,2,train_0563,12404.346671628664,10666.930649579917,116.69306495799174,0.0,12521.039736586656,15.22,0.72,0.0,0.0,7.0,1.8968592631667593
319,2,train_0461,12465.20530311096,10319.10682326162,81.91068232616199,0.0,12547.115985437124,15.22,0.6,0.0,0.0,7.0,1.8968592631667593
320,2,train_0192,12602.390590292682,10441.820800748685,94.18208007486847,0.0,12696.57267036755,16.28,0.54,0.0,0.0,7.0,1.8968592631667593
321,2,train_0064,12825.605808912387,10666.17096174126,116.61709617412599,0.0,12942.222905086513,15.9,0.68,0.0,0.0,7.0,1.8968592631667593
322,2,train_0368,12922.502342222368,10278.402122218886,77.84021222188858,0.0,13000.342554444256,15.54,0.66,0.0,0.0,7.0,1.8968592631667593
323,2,train_0549,12391.082199488403,10817.142283960911,131.71422839609113,0.0,12522.796427884494,16.12,0.74,0.0,0.0,7.0,1.8968592631667593
324,2,train_0585,12783.595914111456,10208.280507160285,70.82805071602853,0.0,12854.423964827485,13.5,0.62,0.0,0.0,7.0,1.8968592631667593
325,2,train_0138,12317.653125371227,10324.565253579678,82.4565253579678,0.0,12400.109650729195,16.26,0.68,0.0,0.0,7.0,1.8968592631667593
326,2,train_0141,12617.700002322756,10417.722340899832,91.77223408998326,0.0,12709.47223641274,14.76,0.52,0.0,0.0,7.0,1.8968592631667593
327,2,train_0022,12376.228629530577,10619.646121566639,111.96461215666386,0.0,12488.19324168724,17.14,0.52,0.0,0.0,7.0,1.8968592631667593
328,2,train_0084,12095.62975554103,10230.53269685894,73.05326968589398,0.0,12168.683025226923,16.56,0.78,0.0,0.0,7.0,1.8968592631667593
329,2,train_0332,12117.18436596988,10427.719536067576,92.7719536067576,0.0,12209.956319576639,15.86,0.68,0.0,0.0,7.0,1.8968592631667593
330,2,train_0328,12575.981164926176,10272.911156266688,77.29111562666877,0.0,12653.272280552845,16.3,0.78,0.0,0.0,7.0,1.8968592631667593
331,2,train_0222,12586.468324809222,10480.638189021345,98.06381890213453,0.0,12684.532143711356,17.34,0.74,0.0,0.0,7.0,1.8968592631667593
332,2,train_0185,12699.26276361946,10275.97956417806,77.59795641780602,0.0,12776.860720037264,14.6,0.72,0.0,0.0,7.0,1.8968592631667593
333,2,train_0497,12723.961018802316,10447.806122297257,94.78061222972575,0.0,12818.741631032042,14.96,0.7,0.0,0.0,7.0,1.8968592631667593
334,2,train_0276,12656.229990112586,10007.17984557803,50.71798455780299,0.0,12706.94797467039,14.88,0.56,0.0,0.0,7.0,1.8968592631667593
335,2,train_0484,12514.641908889926,10250.82218616181,75.08221861618095,0.0,12589.724127506106,13.06,0.6,0.0,0.0,7.0,1.8968592631667593
336,2,train_0577,12969.37458470208,11066.075901489115,156.60759014891156,0.0,13125.982174850991,16.72,0.58,0.0,0.0,7.0,1.8968592631667593
337,2,train_0190,12815.317071130663,10725.326587775497,122.53265877754967,0.0,12937.849729908212,17.76,0.66,0.0,0.0,7.0,1.8968592631667593
338,2,train_0121,12441.46554884809,10139.050620094135,63.905062009413456,0.0,12505.370610857502,15.02,0.72,0.0,0.0,7.0,1.8968592631667593
339,2,train_0571,12413.098849617774,10248.83688872324,74.88368887232392,0.0,12487.982538490098,15.34,0.54,0.0,0.0,7.0,1.8968592631667593
340,2,train_0380,12392.140007787526,10073.599522508073,57.35995225080733,0.0,12449.499960038333,17.28,0.58,0.0,0.0,7.0,1.8968592631667593
341,2,train_0174,12577.797299306345,10224.398644958363,72.43986449583626,0.0,12650.237163802181,16.2,0.68,0.0,0.0,7.0,1.8968592631667593
342,2,train_0373,12786.882671984626,10397.346718113044,89.73467181130437,0.0,12876.61734379593,16.08,0.62,0.0,0.0,7.0,1.8968592631667593
343,2,train_0309,12468.73176258697,10334.444675259676,83.4444675259676,0.0,12552.176230112937,14.08,0.78,0.0,0.0,7.0,1.8968592631667593
344,2,train_0543,12479.034863536372,10461.5622325675,96.15622325674995,0.0,12575.191086793122,16.06,0.74,0.0,0.0,7.0,1.8968592631667593
345,2,train_0153,12580.001016858609,10671.299518832595,117.1299518832595,0.0,12697.130968741869,16.28,0.6,0.0,0.0,7.0,1.8968592631667593
346,2,train_0594,12179.84034979692,10192.095413082086,69.20954130820864,0.0,12249.049891105127,16.44,0.6,0.0,0.0,7.0,1.8968592631667593
347,2,train_0561,12358.891850474902,10481.419507295905,98.14195072959046,0.0,12457.033801204492,18.8,0.66,0.0,0.0,7.0,1.8968592631667593
348,2,train_0108,12456.377709620601,10433.004128123845,93.30041281238447,0.0,12549.678122432986,18.14,0.56,0.0,0.0,7.0,1.8968592631667593
349,2,train_0098,12471.729799809946,10399.829653212135,89.9829653212135,0.0,12561.712765131158,14.82,0.7,0.0,0.0,7.0,1.8968592631667593
350,2,train_0319,12606.807752926386,10483.803399535851,98.3803399535851,0.0,12705.188092879971,15.94,0.62,0.0,0.0,7.0,1.8968592631667593
351,2,train_0026,12123.496699881667,10075.249326624715,57.52493266247148,0.0,12181.021632544138,17.32,0.68,0.0,0.0,7.0,1.8968592631667593
352,2,train_0179,12093.719107470206,10428.392883414526,92.83928834145263,0.0,12186.558395811659,15.52,0.66,0.0,0.0,7.0,1.8968592631667593
353,2,train_0261,12357.542496844992,10536.62439801707,103.66243980170694,0.0,12461.204936646698,16.98,0.7,0.0,0.0,7.0,1.8968592631667593
354,2,train_0581,12099.813821258027,10549.763019254788,104.97630192547877,0.0,12204.790123183506,16.54,0.64,0.0,0.0,7.0,1.8968592631667593
355,2,train_0595,11939.240499423724,10147.43051686767,64.74305168676692,0.0,12003.98355111049,17.42,0.62,0.0,0.0,7.0,1.8968592631667593
356,2,train_0090,12542.896242793911,10223.436066608636,72.34360666086359,0.0,12615.239849454774,15.26,0.66,0.0,0.0,7.0,1.8968592631667593
357,2,train_0535,12440.197534417108,10111.442942229252,61.14429422292524,0.0,12501.341828640034,15.52,0.68,0.0,0.0,7.0,1.8968592631667593
358,2,train_0054,12435.491918509642,10590.564830490584,109.05648304905844,0.0,12544.5484015587,15.72,0.74,0.0,0.0,7.0,1.8968592631667593
359,2,train_0449,12638.573406597514,10776.69890533408,127.66989053340804,0.0,12766.243297130923,18.04,0.68,0.0,0.0,7.0,1.8968592631667593
360,2,train_0507,12610.929181250787,10336.251749120682,83.62517491206819,0.0,12694.554356162855,14.5,0.62,0.0,0.0,7.0,1.8968592631667593
361,2,train_0534,12353.469353139068,10558.089979646902,105.8089979646902,0.0,12459.278351103758,14.0,0.7,0.0,0.0,7.0,1.8968592631667593
362,2,train_0134,12887.865695637396,10216.059931937576,71.60599319375761,0.0,12959.471688831154,14.34,0.68,0.0,0.0,7.0,1.8968592631667593
363,2,train_0536,12551.997860807202,10137.858951482272,63.78589514822725,0.0,12615.783755955428,16.46,0.72,0.0,0.0,7.0,1.8968592631667593
364,2,train_0069,12193.128552502843,10316.33026098881,81.63302609888106,0.0,12274.761578601725,17.14,0.76,0.0,0.0,7.0,1.8968592631667593
365,2,train_0311,12541.84550639067,10328.995382515084,82.89953825150843,0.0,12624.745044642177,16.88,0.64,0.0,0.0,7.0,1.8968592631667593
366,2,train_0281,12670.789377639887,10492.546615397161,99.25466153971611,0.0,12770.044039179604,16.44,0.6,0.0,0.0,7.0,1.8968592631667593
367,2,train_0189,12291.709434574177,10184.586262434463,68.45862624344628,0.0,12360.168060817623,16.06,0.6,0.0,0.0,7.0,1.8968592631667593
368,2,train_0013,12153.19791976807,10309.253650574297,80.92536505742974,0.0,12234.1232848255,15.02,0.68,0.0,0.0,7.0,1.8968592631667593
369,2,train_0463,12090.835746778204,10260.230850198965,76.02308501989647,0.0,12166.858831798101,17.6,0.68,0.0,0.0,7.0,1.8968592631667593
370,2,train_0201,12515.185366447999,10276.235818847632,77.6235818847632,0.0,12592.808948332762,17.14,0.66,0.0,0.0,7.0,1.8968592631667593
371,2,train_0396,12549.840641824358,10420.564504178004,92.05645041780045,0.0,12641.897092242158,15.04,0.64,0.0,0.0,7.0,1.8968592631667593
372,2,train_0246,12177.69992880448,10391.456758799519,89.1456758799519,0.0,12266.845604684433,16.68,0.62,0.0,0.0,7.0,1.8968592631667593
373,2,train_0224,12582.950797776995,10535.37704636731,103.53770463673101,0.0,12686.488502413726,14.1,0.68,0.0,0.0,7.0,1.8968592631667593
374,2,train_0531,12581.851195432375,10223.244114700397,72.32441147003975,0.0,12654.175606902414,18.12,0.58,0.0,0.0,7.0,1.8968592631667593
375,2,train_0056,11943.56376860341,10188.090184396386,68.80901843963856,0.0,12012.372787043048,17.06,0.62,0.0,0.0,7.0,1.8968592631667593
376,2,train_0441,12938.917099349328,10025.420057433024,52.54200574330244,0.0,12991.45910509263,15.66,0.6,0.0,0.0,7.0,1.8968592631667593
377,2,train_0448,12142.762161921348,10682.647054995985,118.2647054995985,0.0,12261.026867420946,15.42,0.72,0.0,0.0,7.0,1.8968592631667593
378,2,train_0227,12654.27251824212,10447.174211466137,94.71742114661375,0.0,12748.989939388734,16.5,0.6,0.0,0.0,7.0,1.8968592631667593
379,2,train_0157,12355.214464039373,10235.701511167634,73.57015111676337,0.0,12428.784615156135,14.08,0.72,0.0,0.0,7.0,1.8968592631667593
380,2,train_0003,12242.285296505921,10485.78511694455,98.57851169445495,0.0,12340.863808200376,14.54,0.6,0.0,0.0,7.0,1.8968592631667593
381,2,train_0562,12342.087032353658,10918.166730200075,141.81667302000753,0.0,12483.903705373667,15.98,0.62,0.0,0.0,7.0,1.8968592631667593
382,2,train_0568,12787.596595133344,10808.227293792233,130.82272937922335,0.0,12918.419324512568,15.82,0.68,0.0,0.0,7.0,1.8968592631667593
383,2,train_0144,12647.092193822718,10959.852960039872,145.98529600398726,0.0,12793.077489826706,15.26,0.72,0.0,0.0,7.0,1.8968592631667593
384,2,train_0019,12735.221646259386,10285.518576291652,78.55185762916517,0.0,12813.773503888551,14.82,0.52,0.0,0.0,7.0,1.8968592631667593
385,2,train_0073,12523.22451036712,10009.512169130456,50.95121691304558,0.0,12574.175727280164,15.26,0.62,0.0,0.0,7.0,1.8968592631667593
386,2,train_0040,12428.237617129704,10894.199115763222,139.4199115763222,0.0,12567.657528706026,17.7,0.66,0.0,0.0,7.0,1.8968592631667593
387,2,train_0498,12263.635583753028,10529.917787924103,102.99177879241034,0.0,12366.627362545438,15.42,0.66,0.0,0.0,7.0,1.8968592631667593
388,2,train_0535,12578.016835363056,10023.91970585704,52.39197058570408,0.0,12630.40880594876,14.72,0.7,0.0,0.0,7.0,1.8968592631667593
389,2,train_0091,12268.904146259138,10504.816010164064,100.48160101640643,0.0,12369.385747275544,18.16,0.48,0.0,0.0,7.0,1.8968592631667593
390,2,train_0448,12271.827777468345,10797.051301927713,129.70513019277132,0.0,12401.532907661116,15.96,0.68,0.0,0.0,7.0,1.8968592631667593
391,2,train_0107,12440.712362536837,10646.266044420401,114.62660444204012,0.0,12555.338966978878,15.76,0.6,0.0,0.0,7.0,1.8968592631667593
392,2,train_0220,12501.777861153696,10429.438171489466,92.94381714894662,0.0,12594.721678302643,17.42,0.74,0.0,0.0,7.0,1.8968592631667593
393,2,train_0359,12400.66999837613,10648.594173682432,114.85941736824316,0.0,12515.529415744373,17.12,0.66,0.0,0.0,7.0,1.8968592631667593
394,2,train_0431,12322.398236464254,10222.868190743244,72.28681907432438,0.0,12394.685055538579,17.3,0.72,0.0,0.0,7.0,1.8968592631667593
395,2,train_0524,12199.664151508805,10196.92432056837,69.69243205683706,0.0,12269.356583565643,15.9,0.78,0.0,0.0,7.0,1.8968592631667593
396,2,train_0026,11701.31816742258,10435.98419058212,93.59841905821196,0.0,11794.916586480791,16.3,0.6,0.0,0.0,7.0,1.8968592631667593
397,2,train_0117,11997.107902998625,10024.048616204605,52.404861620460544,0.0,12049.512764619085,16.6,0.68,0.0,0.0,7.0,1.8968592631667593
398,2,train_0168,12528.650606136449,10848.017396322375,134.8017396322375,0.0,12663.452345768686,17.22,0.56,0.0,0.0,7.0,1.8968592631667593
399,2,train_0186,12334.738824703381,10512.343295727627,101.23432957276273,0.0,12435.973154276144,14.48,0.56,0.0,0.0,7.0,1.8968592631667593
400,2,train_0598,12089.749021251817,10323.76313181004,82.37631318100394,0.0,12172.125334432822,13.48,0.64,0.0,0.0,7.0,1.8968592631667593
401,2,train_0466,12715.197738620329,10447.172385814936,94.71723858149363,0.0,12809.914977201823,16.92,0.68,0.0,0.0,7.0,1.8968592631667593
402,2,train_0192,12472.702233061322,10623.83835877684,112.38383587768404,0.0,12585.086068939007,17.68,0.74,0.0,0.0,7.0,1.8968592631667593
403,2,train_0583,12360.180746187423,10465.813632418005,96.5813632418005,0.0,12456.762109429224,14.9,0.6,0.0,0.0,7.0,1.8968592631667593
404,2,train_0299,12364.091933863432,10297.979683903455,79.79796839034553,0.0,12443.889902253777,14.32,0.5,0.0,0.0,7.0,1.8968592631667593
405,2,train_0300,12138.171480534264,10518.70840250831,101.87084025083095,0.0,12240.042320785094,15.8,0.74,0.0,0.0,7.0,1.8968592631667593
406,2,train_0260,12406.891565103124,9922.68741664071,42.26874166407106,0.0,12449.160306767195,16.14,0.56,0.0,0.0,7.0,1.8968592631667593
407,2,train_0086,11827.94954005406,10004.262035633625,50.42620356336247,0.0,11878.375743617422,17.62,0.58,0.0,0.0,7.0,1.8968592631667593
408,2,train_0560,12537.68934162392,10556.12305127157,105.61230512715701,0.0,12643.301646751077,17.0,0.7,0.0,0.0,7.0,1.8968592631667593
409,2,train_0008,12253.581380703143,10649.493296068102,114.94932960681018,0.0,12368.530710309953,13.96,0.62,0.0,0.0,7.0,1.8968592631667593
410,2,train_0104,12433.49541326535,10525.817591183244,102.58175911832441,0.0,12536.077172383673,14.74,0.54,0.0,0.0,7.0,1.8968592631667593
411,2,train_0137,12473.376114876,10277.027025798212,77.7027025798212,0.0,12551.078817455822,16.44,0.58,0.0,0.0,7.0,1.8968592631667593
412,2,train_0167,12211.86865578845,10380.809409150632,88.0809409150632,0.0,12299.949596703513,17.6,0.66,0.0,0.0,7.0,1.8968592631667593
413,2,train_0079,12677.772320463859,10388.698299102907,88.86982991029072,0.0,12766.64215037415,14.54,0.74,0.0,0.0,7.0,1.8968592631667593
414,2,train_0010,12440.619628797938,10633.034864476056,113.30348644760562,0.0,12553.923115245543,16.2,0.6,0.0,0.0,7.0,1.8968592631667593
415,2,train_0406,12513.512779354074,10424.280182642447,92.42801826424476,0.0,12605.94079761832,16.86,0.58,0.0,0.0,7.0,1.8968592631667593
416,2,train_0581,12033.44587483162,10307.098112276883,80.70981122768826,0.0,12114.155686059308,17.18,0.76,0.0,0.0,7.0,1.8968592631667593
417,2,train_0073,12050.63006059185,10517.04957153785,101.70495715378493,0.0,12152.335017745634,15.82,0.58,0.0,0.0,7.0,1.8968592631667593
418,2,train_0177,12376.440072083413,10665.910274214672,116.59102742146716,0.0,12493.03109950488,14.44,0.62,0.0,0.0,7.0,1.8968592631667593
419,2,train_0303,12171.351148529053,10372.614607638163,87.26146076381629,0.0,12258.61260929287,14.6,0.6,0.0,0.0,7.0,1.8968592631667593
420,2,train_0556,12518.958400023097,10543.270780656027,104.32707806560266,0.0,12623.2854780887,14.22,0.74,0.0,0.0,7.0,1.8968592631667593
421,2,train_0416,12260.109593062067,10843.283400765078,134.32834007650783,0.0,12394.437933138575,18.24,0.78,0.0,0.0,7.0,1.8968592631667593
422,2,train_0459,12473.003936231364,10731.169660076044,123.11696600760443,0.0,12596.120902238968,17.24,0.7,0.0,0.0,7.0,1.8968592631667593
423,2,train_0348,12467.1995474095,10403.367539743156,90.33675397431563,0.0,12557.536301383816,15.9,0.72,0.0,0.0,7.0,1.8968592631667593
424,2,train_0250,12749.858993858556,10158.299305590413,65.82993055904136,0.0,12815.688924417596,14.16,0.62,0.0,0.0,7.0,1.8968592631667593
425,2,train_0119,12286.945839598262,10334.426358690782,83.44263586907819,0.0,12370.38847546734,16.66,0.48,0.0,0.0,7.0,1.8968592631667593
426,2,train_0518,12415.823036144731,10428.690470690939,92.86904706909391,0.0,12508.692083213826,17.52,0.7,0.0,0.0,7.0,1.8968592631667593
427,2,train_0482,11950.150018053304,10279.39458333802,77.93945833380204,0.0,12028.089476387106,15.74,0.72,0.0,0.0,7.0,1.8968592631667593
428,2,train_0015,12378.145461519533,10172.573572627973,67.25735726279727,0.0,12445.40281878233,15.76,0.58,0.0,0.0,7.0,1.8968592631667593
429,2,train_0429,12880.15234266914,10646.826535460104,114.68265354601044,0.0,12994.834996215151,16.2,0.64,0.0,0.0,7.0,1.8968592631667593
430,2,train_0050,12286.09937831782,10300.465798333149,80.04657983331491,0.0,12366.145958151135,15.1,0.5,0.0,0.0,7.0,1.8968592631667593
431,2,train_0443,13004.696575118996,10697.744694241905,119.77446942419047,0.0,13124.471044543187,17.3,0.76,0.0,0.0,7.0,1.8968592631667593
432,3,train_0495,12744.985215983035,10170.526621772739,67.05266217727386,0.0,12812.037878160309,16.62,0.64,0.0,0.0,7.0,1.8968592631667593
433,3,train_0078,12378.180844803144,10339.357620574798,83.93576205747978,0.0,12462.116606860624,13.64,0.62,0.0,0.0,7.0,1.8968592631667593
434,3,train_0260,12344.604614472137,10290.28156295963,79.02815629596299,0.0,12423.6327707681,17.04,0.56,0.0,0.0,7.0,1.8968592631667593
435,3,train_0074,12548.464108648946,10355.162526635173,85.5162526635173,0.0,12633.980361312464,16.44,0.72,0.0,0.0,7.0,1.8968592631667593
436,3,train_0340,12322.896855451341,10287.866332326652,78.7866332326652,0.0,12401.683488684006,16.8,0.68,0.0,0.0,7.0,1.8968592631667593
437,3,train_0556,12627.170325601484,10330.353349054874,83.03533490548745,0.0,12710.205660506972,13.66,0.66,0.0,0.0,7.0,1.8968592631667593
438,3,train_0048,12340.113224611885,10422.189602346507,92.2189602346507,0.0,12432.332184846535,16.58,0.64,0.0,0.0,7.0,1.8968592631667593
439,3,train_0238,12625.298448658403,10367.377679059391,86.73776790593911,0.0,12712.036216564342,16.86,0.7,0.0,0.0,7.0,1.8968592631667593
440,3,train_0583,12373.333062855381,10751.194250284436,125.11942502844359,0.0,12498.452487883826,14.9,0.64,0.0,0.0,7.0,1.8968592631667593
441,3,train_0180,12768.904569397411,10329.112809935421,82.9112809935421,0.0,12851.815850390953,16.52,0.68,0.0,0.0,7.0,1.8968592631667593
442,3,train_0079,12334.921723341035,10685.615861571785,118.56158615717851,0.0,12453.483309498213,15.36,0.64,0.0,0.0,7.0,1.8968592631667593
443,3,train_0293,12237.789266644359,10234.200423107275,73.42004231072751,0.0,12311.209308955085,14.98,0.58,0.0,0.0,7.0,1.8968592631667593
444,3,train_0305,12587.065792994288,10629.55409667713,112.95540966771296,0.0,12700.021202662001,14.0,0.74,0.0,0.0,7.0,1.8968592631667593
445,3,train_0397,12101.028947678431,10542.656593281377,104.26565932813774,0.0,12205.294607006568,14.72,0.64,0.0,0.0,7.0,1.8968592631667593
446,3,train_0188,12247.868732991372,10544.316473311583,104.43164733115827,0.0,12352.30038032253,14.56,0.58,0.0,0.0,7.0,1.8968592631667593
447,3,train_0573,11903.67195401122,10191.095909286098,69.10959092860976,0.0,11972.781544939831,16.74,0.68,0.0,0.0,7.0,1.8968592631667593
448,3,train_0312,12154.480843657373,10019.833533338291,51.983353333829115,0.0,12206.464196991203,16.56,0.66,0.0,0.0,7.0,1.8968592631667593
449,3,train_0171,12838.689906923337,10634.663211320541,113.46632113205415,0.0,12952.156228055392,17.86,0.62,0.0,0.0,7.0,1.8968592631667593
450,3,train_0576,12142.816376357841,10402.196252298045,90.21962522980448,0.0,12233.036001587647,12.98,0.74,0.0,0.0,7.0,1.8968592631667593
451,3,train_0554,12339.149279186167,10214.43178024973,71.443178024973,0.0,12410.59245721114,14.78,0.62,0.0,0.0,7.0,1.8968592631667593
452,3,train_0299,12727.200285554487,9989.46057633961,48.94605763396103,0.0,12776.146343188448,14.22,0.58,0.0,0.0,7.0,1.8968592631667593
453,3,train_0014,12548.378691802835,10305.40667472201,80.54066747220095,0.0,12628.919359275036,16.64,0.66,0.0,0.0,7.0,1.8968592631667593
454,3,train_0358,12592.53394320487,10152.798149095779,65.27981490957791,0.0,12657.813758114447,16.86,0.66,0.0,0.0,7.0,1.8968592631667593
455,3,train_0333,12467.032231977777,11040.25286378436,154.02528637843608,0.0,12621.057518356212,16.14,0.62,0.0,0.0,7.0,1.8968592631667593
456,3,train_0088,12514.873413759688,10482.874103997568,98.28741039975685,0.0,12613.160824159444,16.94,0.72,0.0,0.0,7.0,1.8968592631667593
457,3,train_0380,12399.333814963858,10180.215699979855,68.02156999798554,0.0,12467.355384961844,17.02,0.72,0.0,0.0,7.0,1.8968592631667593
458,3,train_0504,12558.975880248894,10148.606718722596,64.86067187225963,0.0,12623.836552121154,15.4,0.6,0.0,0.0,7.0,1.8968592631667593
459,3,train_0063,12438.710026598637,10227.393872288432,72.73938722884323,0.0,12511.44941382748,15.48,0.72,0.0,0.0,7.0,1.8968592631667593
460,3,train_0433,12205.34494078884,10176.885074800684,67.68850748006844,0.0,12273.033448268909,15.16,0.7,0.0,0.0,7.0,1.8968592631667593
461,3,train_0084,12193.752139793694,10424.108649515267,92.41086495152668,0.0,12286.163004745222,16.8,0.74,0.0,0.0,7.0,1.8968592631667593
462,3,train_0449,12520.194457934698,10409.315523793419,90.9315523793419,0.0,12611.12601031404,17.86,0.7,0.0,0.0,7.0,1.8968592631667593
463,3,train_0251,12441.165113043277,10323.256971165756,82.32569711657561,0.0,12523.490810159852,13.92,0.74,0.0,0.0,7.0,1.8968592631667593
464,3,train_0003,12338.510377504492,10037.615425743475,53.76154257434755,0.0,12392.27192007884,15.42,0.6,0.0,0.0,7.0,1.8968592631667593
465,3,train_0579,12620.679592376353,10599.540896137789,109.95408961377889,0.0,12730.633681990132,15.96,0.74,0.0,0.0,7.0,1.8968592631667593
466,3,train_0099,12318.262522929203,9844.730158268274,34.4730158268274,0.0,12352.73553875603,17.52,0.58,0.0,0.0,7.0,1.8968592631667593
467,3,train_0357,12430.83465186432,10231.522974851188,73.15229748511884,0.0,12503.986949349439,14.92,0.7,0.0,0.0,7.0,1.8968592631667593
468,3,train_0108,12852.667579638714,10138.551150499072,63.855115049907184,0.0,12916.522694688621,18.08,0.66,0.0,0.0,7.0,1.8968592631667593
469,3,train_0559,12706.180344904646,10212.530321284306,71.25303212843065,0.0,12777.433377033076,17.72,0.66,0.0,0.0,7.0,1.8968592631667593
470,3,train_0442,12386.305744615955,10543.309520377912,104.33095203779122,0.0,12490.636696653746,15.38,0.6,0.0,0.0,7.0,1.8968592631667593
471,3,train_0482,12305.026352061537,10132.61264098389,63.26126409838908,0.0,12368.287616159927,13.92,0.62,0.0,0.0,7.0,1.8968592631667593
472,3,train_0259,12764.119466469921,10292.990680913572,79.29906809135719,0.0,12843.418534561279,14.94,0.64,0.0,0.0,7.0,1.8968592631667593
473,3,train_0280,12574.69257881308,10489.814166029722,98.98141660297225,0.0,12673.673995416051,16.36,0.76,0.0,0.0,7.0,1.8968592631667593
474,3,train_0380,12193.459983106417,10159.405631664864,65.9405631664864,0.0,12259.400546272904,17.38,0.62,0.0,0.0,7.0,1.8968592631667593
475,3,train_0470,12165.936070175125,10141.406309678252,64.1406309678252,0.0,12230.07670114295,16.86,0.68,0.0,0.0,7.0,1.8968592631667593
476,3,train_0508,12467.658697396697,10813.07345829572,131.30734582957194,0.0,12598.966043226268,14.56,0.76,0.0,0.0,7.0,1.8968592631667593
477,3,train_0010,12398.416868614608,10747.368017687368,124.73680176873677,0.0,12523.153670383344,17.44,0.76,0.0,0.0,7.0,1.8968592631667593
478,3,train_0398,11833.26595751459,9908.354927914457,40.83549279144572,0.0,11874.101450306036,12.64,0.64,0.0,0.0,7.0,1.8968592631667593
479,3,train_0065,12652.645080721491,10379.934451017576,87.99344510175762,0.0,12740.63852582325,13.24,0.72,0.0,0.0,7.0,1.8968592631667593
480,3,train_0172,12235.274250724266,10486.652541171896,98.66525411718959,0.0,12333.939504841455,16.32,0.58,0.0,0.0,7.0,1.8968592631667593
481,3,train_0497,12677.189154942484,10234.58361602515,73.45836160251493,0.0,12750.647516545,13.62,0.7,0.0,0.0,7.0,1.8968592631667593
482,3,train_0150,12362.910607043625,10265.477430400839,76.54774304008389,0.0,12439.458350083709,18.36,0.74,0.0,0.0,7.0,1.8968592631667593
483,3,train_0478,12724.859548235872,10302.492322805647,80.24923228056468,0.0,12805.108780516437,14.58,0.64,0.0,0.0,7.0,1.8968592631667593
484,3,train_0277,12406.628351130137,10545.05922864849,104.50592286484898,0.0,12511.134273994987,15.5,0.62,0.0,0.0,7.0,1.8968592631667593
485,3,train_0139,12423.569191482295,10312.708873039843,81.27088730398428,0.0,12504.84007878628,14.28,0.6,0.0,0.0,7.0,1.8968592631667593
486,3,train_0200,12503.538412619824,10200.443240912118,70.04432409121182,0.0,12573.582736711036,15.44,0.7,0.0,0.0,7.0,1.8968592631667593
487,3,train_0318,12603.290294477505,10247.49623628516,74.74962362851602,0.0,12678.03991810602,15.7,0.72,0.0,0.0,7.0,1.8968592631667593
488,3,train_0459,12442.663626297744,10229.973227562974,72.99732275629741,0.0,12515.660949054041,17.52,0.58,0.0,0.0,7.0,1.8968592631667593
489,3,train_0363,12558.899167247288,10455.601247663095,95.5601247663095,0.0,12654.459292013596,16.2,0.7,0.0,0.0,7.0,1.8968592631667593
490,3,train_0559,12781.295720732182,10211.119818862586,71.11198188625859,0.0,12852.40770261844,18.0,0.68,0.0,0.0,7.0,1.8968592631667593
491,3,train_0520,12022.983724978065,10295.918109710958,79.59181097109577,0.0,12102.575535949161,16.88,0.58,0.0,0.0,7.0,1.8968592631667593
492,3,train_0452,12398.212767730067,10228.684503804316,72.86845038043157,0.0,12471.0812181105,14.98,0.68,0.0,0.0,7.0,1.8968592631667593
493,3,train_0361,12754.492195882234,10452.728187481716,95.27281874817163,0.0,12849.765014630406,15.6,0.66,0.0,0.0,7.0,1.8968592631667593
494,3,train_0173,12704.357685547355,10415.019616109406,91.50196161094064,0.0,12795.859647158295,18.26,0.58,0.0,0.0,7.0,1.8968592631667593
495,3,train_0247,12601.940674265123,10546.697351849813,104.66973518498126,0.0,12706.610409450104,14.54,0.54,0.0,0.0,7.0,1.8968592631667593
496,3,train_0071,12650.510378290885,10193.724100483982,69.37241004839817,0.0,12719.882788339282,14.24,0.76,0.0,0.0,7.0,1.8968592631667593
497,3,train_0224,12591.9429637604,10134.130440401514,63.41304404015136,0.0,12655.356007800552,14.8,0.54,0.0,0.0,7.0,1.8968592631667593
498,3,train_0555,11942.99077128023,10322.970015989222,82.29700159892218,0.0,12025.287772879154,17.04,0.7,0.0,0.0,7.0,1.8968592631667593
499,3,train_0255,11977.027380719835,10231.932138064174,73.1932138064174,0.0,12050.220594526252,17.24,0.62,0.0,0.0,7.0,1.8968592631667593
500,3,train_0068,12601.88940874549,10557.143594588133,105.7143594588133,0.0,12707.603768204302,16.06,0.62,0.0,0.0,7.0,1.8968592631667593
501,3,train_0391,12499.26209344779,10167.374355518037,66.73743555180373,0.0,12565.999528999595,14.54,0.52,0.0,0.0,7.0,1.8968592631667593
502,3,train_0577,13137.976322164184,10924.960514002407,142.4960514002407,0.0,13280.472373564426,14.44,0.54,0.0,0.0,7.0,1.8968592631667593
503,3,train_0520,12197.72678514211,10230.053292617175,73.00532926171745,0.0,12270.732114403827,17.4,0.66,0.0,0.0,7.0,1.8968592631667593
504,3,train_0164,12121.370646758076,10225.694401062638,72.56944010626376,0.0,12193.940086864339,14.64,0.72,0.0,0.0,7.0,1.8968592631667593
505,3,train_0272,12537.941009362079,10313.290598001051,81.3290598001051,0.0,12619.270069162185,14.38,0.64,0.0,0.0,7.0,1.8968592631667593
506,3,train_0318,12473.478490758138,10386.355370978914,88.6355370978914,0.0,12562.114027856029,17.9,0.66,0.0,0.0,7.0,1.8968592631667593
507,3,train_0148,12465.48181824676,10524.386218246838,102.43862182468384,0.0,12567.920440071444,16.98,0.7,0.0,0.0,7.0,1.8968592631667593
508,3,train_0161,12552.994147931591,10374.233999291675,87.4233999291675,0.0,12640.41754786076,13.98,0.72,0.0,0.0,7.0,1.8968592631667593
509,3,train_0141,12950.865185757671,10401.115329621072,90.11153296210723,0.0,13040.97671871978,13.7,0.62,0.0,0.0,7.0,1.8968592631667593
510,3,train_0596,12532.378769620154,10235.261600524482,73.52616005244818,0.0,12605.904929672603,16.48,0.68,0.0,0.0,7.0,1.8968592631667593
511,3,train_0447,12516.709857067244,10241.507953559241,74.15079535592413,0.0,12590.860652423169,15.14,0.58,0.0,0.0,7.0,1.8968592631667593
512,3,train_0504,12286.714274119971,10443.101592984625,94.31015929846254,0.0,12381.024433418434,14.32,0.64,0.0,0.0,7.0,1.8968592631667593
513,3,train_0489,12072.677380269208,10215.922904580966,71.59229045809661,0.0,12144.269670727304,17.54,0.68,0.0,0.0,7.0,1.8968592631667593
514,3,train_0575,12660.090401860969,10661.392893442844,116.1392893442844,0.0,12776.229691205253,16.6,0.68,0.0,0.0,7.0,1.8968592631667593
515,3,train_0063,12722.133268363348,10154.344245389993,65.43442453899934,0.0,12787.567692902347,15.04,0.62,0.0,0.0,7.0,1.8968592631667593
516,3,train_0528,12689.982083852512,10189.394384366446,68.93943843664456,0.0,12758.921522289156,15.58,0.6,0.0,0.0,7.0,1.8968592631667593
517,3,train_0039,12739.656147265927,10651.390561714616,115.13905617146156,0.0,12854.795203437388,17.56,0.7,0.0,0.0,7.0,1.8968592631667593
518,3,train_0285,12207.383830642848,10379.773120085494,87.97731200854942,0.0,12295.361142651398,15.54,0.68,0.0,0.0,7.0,1.8968592631667593
519,3,train_0356,12739.512749846825,10733.175899283862,123.31758992838623,0.0,12862.830339775212,15.0,0.5,0.0,0.0,7.0,1.8968592631667593
520,3,train_0214,12208.551817434536,10107.699828651654,60.76998286516537,0.0,12269.321800299702,15.46,0.64,0.0,0.0,7.0,1.8968592631667593
521,3,train_0087,12852.65032461935,10563.394875830843,106.33948758308435,0.0,12958.989812202433,15.46,0.68,0.0,0.0,7.0,1.8968592631667593
522,3,train_0115,12715.19449243708,10416.656190105197,91.66561901051973,0.0,12806.8601114476,16.92,0.66,0.0,0.0,7.0,1.8968592631667593
523,3,train_0494,12252.949177038034,10364.099379622665,86.4099379622665,0.0,12339.3591150003,16.86,0.58,0.0,0.0,7.0,1.8968592631667593
524,3,train_0191,12293.859310849239,10435.64502037226,93.56450203722598,0.0,12387.423812886465,16.84,0.66,0.0,0.0,7.0,1.8968592631667593
525,3,train_0186,12346.208916153024,10430.150076450413,93.01500764504127,0.0,12439.223923798065,14.86,0.64,0.0,0.0,7.0,1.8968592631667593
526,3,train_0554,12050.747717165334,10490.125438931702,99.01254389317019,0.0,12149.760261058504,13.76,0.58,0.0,0.0,7.0,1.8968592631667593
527,3,train_0086,11924.726287778476,9922.318137025319,42.23181370253187,0.0,11966.958101481008,16.6,0.68,0.0,0.0,7.0,1.8968592631667593
528,3,train_0549,12541.209626820086,10571.675166046552,107.16751660465525,0.0,12648.377143424741,16.72,0.58,0.0,0.0,7.0,1.8968592631667593
529,3,train_0552,12588.940606870827,10369.854373874263,86.98543738742629,0.0,12675.926044258253,15.02,0.7,0.0,0.0,7.0,1.8968592631667593
530,3,train_0359,12448.568648898181,10410.894410633708,91.08944106337077,0.0,12539.658089961551,16.02,0.62,0.0,0.0,7.0,1.8968592631667593
531,3,train_0099,12011.697137157851,10077.434619854866,57.74346198548665,0.0,12069.440599143338,17.28,0.54,0.0,0.0,7.0,1.8968592631667593
532,3,train_0093,12002.284978387353,10083.393097237442,58.33930972374419,0.0,12060.624288111097,18.8,0.76,0.0,0.0,7.0,1.8968592631667593
533,3,train_0170,12266.606042963927,10238.653475924195,73.8653475924195,0.0,12340.471390556348,16.66,0.58,0.0,0.0,7.0,1.8968592631667593
534,3,train_0346,12582.916574888484,10746.751291059289,124.67512910592887,0.0,12707.591703994412,17.04,0.64,0.0,0.0,7.0,1.8968592631667593
535,3,train_0092,12382.729339833793,10605.11142107237,110.51114210723699,0.0,12493.24048194103,16.32,0.62,0.0,0.0,7.0,1.8968592631667593
536,3,train_0273,12919.557054136594,10227.590147279714,72.7590147279714,0.0,12992.316068864566,18.1,0.7,0.0,0.0,7.0,1.8968592631667593
537,3,train_0069,12293.472977585003,10603.152345663986,110.31523456639862,0.0,12403.788212151401,17.56,0.62,0.0,0.0,7.0,1.8968592631667593
538,3,train_0324,12444.53437568207,10401.249664519786,90.12496645197862,0.0,12534.659342134048,15.0,0.64,0.0,0.0,7.0,1.8968592631667593
539,3,train_0012,12746.89678389932,10747.840012513647,124.78400125136469,0.0,12871.680785150684,15.72,0.8,0.0,0.0,7.0,1.8968592631667593
540,3,train_0425,13247.629405941787,10458.611440823635,95.86114408236354,0.0,13343.490550024151,14.18,0.7,0.0,0.0,7.0,1.8968592631667593
541,3,train_0033,12954.86339002178,10437.71334051884,93.77133405188397,0.0,13048.634724073663,14.58,0.62,0.0,0.0,7.0,1.8968592631667593
542,3,train_0116,12436.547943619516,10061.813652371835,56.18136523718349,0.0,12492.7293088567,18.16,0.62,0.0,0.0,7.0,1.8968592631667593
543,3,train_0104,12494.50380385712,10326.175626532555,82.61756265325549,0.0,12577.121366510375,17.08,0.72,0.0,0.0,7.0,1.8968592631667593
544,3,train_0498,12557.81894961002,10146.306477047567,64.63064770475667,0.0,12622.449597314777,16.76,0.68,0.0,0.0,7.0,1.8968592631667593
545,3,train_0032,12934.964992079424,10467.716978737744,96.77169787377443,0.0,13031.736689953199,15.2,0.68,0.0,0.0,7.0,1.8968592631667593
546,3,train_0257,12335.136584439286,10379.530695008209,87.95306950082086,0.0,12423.089653940107,15.46,0.78,0.0,0.0,7.0,1.8968592631667593
547,3,train_0354,11970.292023650181,10064.267535721321,56.426753572132114,0.0,12026.718777222313,15.3,0.68,0.0,0.0,7.0,1.8968592631667593
548,3,train_0309,12391.800519858756,10501.498904842105,100.14989048421049,0.0,12491.950410342966,14.16,0.7,0.0,0.0,7.0,1.8968592631667593
549,3,train_0408,11869.61384091124,10256.908850881147,75.69088508811474,0.0,11945.304725999355,15.44,0.8,0.0,0.0,7.0,1.8968592631667593
550,3,train_0481,12354.981252608974,10323.838086479604,82.38380864796036,0.0,12437.365061256934,15.6,0.58,0.0,0.0,7.0,1.8968592631667593
551,3,train_0236,12340.01847595601,10356.409443721048,85.6409443721048,0.0,12425.659420328115,19.2,0.7,0.0,0.0,7.0,1.8968592631667593
552,3,train_0496,12529.227496749729,10022.057333215913,52.20573332159129,0.0,12581.43323007132,16.32,0.46,0.0,0.0,7.0,1.8968592631667593
553,3,train_0190,12864.256971515735,10505.059363703158,100.5059363703158,0.0,12964.762907886052,16.64,0.7,0.0,0.0,7.0,1.8968592631667593
554,3,train_0590,12670.149028673277,10072.252381940605,57.225238194060516,0.0,12727.374266867337,17.22,0.74,0.0,0.0,7.0,1.8968592631667593
555,3,train_0302,12687.136939300894,10364.058513637261,86.40585136372611,0.0,12773.54279066462,14.74,0.72,0.0,0.0,7.0,1.8968592631667593
556,3,train_0441,12599.557197683214,10333.180136408911,83.31801364089115,0.0,12682.875211324106,15.14,0.66,0.0,0.0,7.0,1.8968592631667593
557,3,train_0525,12293.676773994226,10036.855165320028,53.68551653200284,0.0,12347.36229052623,14.92,0.62,0.0,0.0,7.0,1.8968592631667593
558,3,train_0475,12248.345132509767,10308.104600028091,80.81046000280912,0.0,12329.155592512576,16.24,0.64,0.0,0.0,7.0,1.8968592631667593
559,3,train_0510,12618.621818996286,10734.804471109099,123.48044711090989,0.0,12742.102266107195,15.8,0.66,0.0,0.0,7.0,1.8968592631667593
560,3,train_0321,12555.718815110298,10092.750906900643,59.27509069006428,0.0,12614.993905800362,18.04,0.66,0.0,0.0,7.0,1.8968592631667593
561,3,train_0026,12234.921172784994,10077.406389095348,57.74063890953476,0.0,12292.661811694528,15.6,0.76,0.0,0.0,7.0,1.8968592631667593
562,3,train_0295,12152.302867845814,10334.901083489836,83.49010834898364,0.0,12235.792976194798,16.0,0.54,0.0,0.0,7.0,1.8968592631667593
563,3,train_0108,12518.695811961335,10399.665892272431,89.9665892272431,0.0,12608.662401188578,17.62,0.72,0.0,0.0,7.0,1.8968592631667593
564,3,train_0533,12080.351462975665,10317.441191124715,81.74411911247154,0.0,12162.095582088135,17.48,0.56,0.0,0.0,7.0,1.8968592631667593
565,3,train_0142,12799.069762207868,10408.093864129221,90.80938641292215,0.0,12889.87914862079,14.84,0.74,0.0,0.0,7.0,1.8968592631667593
566,3,train_0136,12306.220919209325,10436.096939773506,93.60969397735062,0.0,12399.830613186676,16.98,0.66,0.0,0.0,7.0,1.8968592631667593
567,3,train_0149,12741.904724810127,10331.65680914772,83.16568091477203,0.0,12825.070405724899,17.04,0.7,0.0,0.0,7.0,1.8968592631667593
568,3,train_0385,12640.756315735676,10736.4327404272,123.64327404272008,0.0,12764.399589778397,15.82,0.66,0.0,0.0,7.0,1.8968592631667593
569,3,train_0342,12447.865040620061,10264.3051460641,76.43051460641,0.0,12524.295555226472,18.7,0.78,0.0,0.0,7.0,1.8968592631667593
570,3,train_0569,12406.476925622763,10089.399236609757,58.93992366097573,0.0,12465.416849283738,16.66,0.64,0.0,0.0,7.0,1.8968592631667593
571,3,train_0249,12796.180407512984,10383.285879870418,88.32858798704183,0.0,12884.508995500026,15.72,0.64,0.0,0.0,7.0,1.8968592631667593
572,3,train_0169,12106.511819069698,10050.871025203905,55.087102520390545,0.0,12161.598921590088,16.44,0.7,0.0,0.0,7.0,1.8968592631667593
573,3,train_0029,12185.0609271406,10287.197652492112,78.7197652492112,0.0,12263.78069238981,16.12,0.7,0.0,0.0,7.0,1.8968592631667593
574,3,train_0004,12518.253988923403,10513.564068820022,101.3564068820022,0.0,12619.610395805405,17.6,0.66,0.0,0.0,7.0,1.8968592631667593
575,3,train_0224,12589.104515812302,10286.608160704143,78.66081607041434,0.0,12667.765331882716,14.3,0.72,0.0,0.0,7.0,1.8968592631667593
576,4,train_0555,12333.995576922602,9975.37677444084,47.53767744408397,0.0,12381.533254366686,17.74,0.72,0.0,0.0,7.0,1.8968592631667593
577,4,train_0314,12253.609215336812,10225.857565788057,72.58575657880574,0.0,12326.194971915618,15.94,0.7,0.0,0.0,7.0,1.8968592631667593
578,4,train_0536,12280.739904682972,10248.026536603476,74.80265366034764,0.0,12355.54255834332,16.32,0.58,0.0,0.0,7.0,1.8968592631667593
579,4,train_0061,12561.427284659945,10217.505174468013,71.75051744680131,0.0,12633.177802106746,14.94,0.62,0.0,0.0,7.0,1.8968592631667593
580,4,train_0055,12849.265324154203,10118.560528731254,61.85605287312538,0.0,12911.121377027328,14.82,0.78,0.0,0.0,7.0,1.8968592631667593
581,4,train_0500,12019.193664110437,10405.836594549419,90.58365945494188,0.0,12109.777323565379,17.12,0.66,0.0,0.0,7.0,1.8968592631667593
582,4,train_0064,12745.838005609265,10491.130907820301,99.11309078203013,0.0,12844.951096391294,16.66,0.74,0.0,0.0,7.0,1.8968592631667593
583,4,train_0031,12301.329860238264,10054.004874334765,55.40048743347652,0.0,12356.73034767174,16.34,0.68,0.0,0.0,7.0,1.8968592631667593
584,4,train_0242,12449.77929450468,10811.66535282813,131.16653528281296,0.0,12580.945829787493,14.14,0.62,0.0,0.0,7.0,1.8968592631667593
585,4,train_0554,12450.308279600738,10026.04591713818,52.60459171381808,0.0,12502.912871314556,13.58,0.76,0.0,0.0,7.0,1.8968592631667593
586,4,train_0413,12769.318018581365,10660.192182701358,116.01921827013575,0.0,12885.337236851501,16.2,0.64,0.0,0.0,7.0,1.8968592631667593
587,4,train_0059,12394.040196780115,10662.086147572863,116.20861475728634,0.0,12510.248811537402,15.0,0.64,0.0,0.0,7.0,1.8968592631667593
588,4,train_0502,12316.924770092883,10645.017247247788,114.5017247247788,0.0,12431.42649481766,14.78,0.72,0.0,0.0,7.0,1.8968592631667593
589,4,train_0506,12161.751582592155,10084.38174659742,58.438174659742074,0.0,12220.189757251897,13.92,0.64,0.0,0.0,7.0,1.8968592631667593
590,4,train_0480,12512.854505457473,10559.168128755951,105.91681287559514,0.0,12618.771318333069,15.66,0.58,0.0,0.0,7.0,1.8968592631667593
591,4,train_0541,12469.415598602205,10733.08581768431,123.30858176843104,0.0,12592.724180370637,17.98,0.64,0.0,0.0,7.0,1.8968592631667593
592,4,train_0143,12682.873336166344,10548.317405330245,104.83174053302446,0.0,12787.705076699367,16.22,0.68,0.0,0.0,7.0,1.8968592631667593
593,4,train_0587,12497.077395469203,10019.73100593306,51.97310059330594,0.0,12549.05049606251,17.44,0.74,0.0,0.0,7.0,1.8968592631667593
594,4,train_0192,13013.577627358583,10239.837567659153,73.98375676591532,0.0,13087.5613841245,16.18,0.68,0.0,0.0,7.0,1.8968592631667593
595,4,train_0481,12673.989017850625,9769.701598434116,26.970159843411604,0.0,12700.959177694036,15.92,0.68,0.0,0.0,7.0,1.8968592631667593
596,4,train_0347,12406.012214513907,10815.755021142053,131.5755021142053,0.0,12537.587716628112,14.42,0.7,0.0,0.0,7.0,1.8968592631667593
597,4,train_0467,12705.225205698684,10922.697840306912,142.26978403069117,0.0,12847.494989729375,15.44,0.72,0.0,0.0,7.0,1.8968592631667593
598,4,train_0376,12130.462263576872,10420.53416687222,92.05341668722195,0.0,12222.515680264094,17.16,0.72,0.0,0.0,7.0,1.8968592631667593
599,4,train_0385,12675.15418942795,10635.10054468213,113.51005446821291,0.0,12788.664243896164,16.26,0.64,0.0,0.0,7.0,1.8968592631667593
600,4,train_0369,12329.879765361598,10522.707705759767,102.27077057597671,0.0,12432.150535937575,13.92,0.7,0.0,0.0,7.0,1.8968592631667593
601,4,train_0467,12840.507816542951,10633.717288031883,113.37172880318832,0.0,12953.879545346139,15.9,0.62,0.0,0.0,7.0,1.8968592631667593
602,4,train_0443,12650.655538451552,10521.988587119002,102.19885871190019,0.0,12752.854397163452,17.78,0.52,0.0,0.0,7.0,1.8968592631667593
603,4,train_0080,12488.175928126453,10711.824681941614,121.18246819416146,0.0,12609.358396320615,14.88,0.58,0.0,0.0,7.0,1.8968592631667593
604,4,train_0495,12810.014123582874,10059.486781487334,55.94867814873342,0.0,12865.962801731608,16.6,0.7,0.0,0.0,7.0,1.8968592631667593
605,4,train_0321,12451.977966324399,10331.643750228528,83.16437502285281,0.0,12535.142341347251,18.58,0.7,0.0,0.0,7.0,1.8968592631667593
606,4,train_0193,12682.946860998956,10311.726121760998,81.17261217609976,0.0,12764.119473175057,14.2,0.56,0.0,0.0,7.0,1.8968592631667593
607,4,train_0308,12396.15701951215,10115.204746611591,61.5204746611591,0.0,12457.67749417331,16.6,0.7,0.0,0.0,7.0,1.8968592631667593
608,4,train_0580,12968.281246903814,10426.862554169125,92.68625541691254,0.0,13060.967502320727,17.98,0.58,0.0,0.0,7.0,1.8968592631667593
609,4,train_0514,12269.81991681238,10237.584046153554,73.75840461535536,0.0,12343.578321427734,15.66,0.72,0.0,0.0,7.0,1.8968592631667593
610,4,train_0500,12314.903910707428,10008.733350344695,50.873335034469534,0.0,12365.777245741898,16.08,0.6,0.0,0.0,7.0,1.8968592631667593
611,4,train_0277,12539.491093170112,10171.755519619135,67.17555196191351,0.0,12606.666645132025,16.16,0.7,0.0,0.0,7.0,1.8968592631667593
612,4,train_0470,11798.956791298195,10278.541233340788,77.85412333407876,0.0,11876.810914632273,14.74,0.64,0.0,0.0,7.0,1.8968592631667593
613,4,train_0231,12679.02841345003,10502.679952596376,100.26799525963762,0.0,12779.296408709668,15.18,0.68,0.0,0.0,7.0,1.8968592631667593
614,4,train_0411,13022.787983811882,10727.764513505037,122.7764513505037,0.0,13145.564435162387,17.32,0.72,0.0,0.0,7.0,1.8968592631667593
615,4,train_0383,12470.057928595625,9958.612223847667,45.861222384766734,0.0,12515.919150980391,15.6,0.54,0.0,0.0,7.0,1.8968592631667593
616,4,train_0149,12648.906773615723,10358.247647651184,85.82476476511839,0.0,12734.731538380842,16.16,0.7,0.0,0.0,7.0,1.8968592631667593
617,4,train_0159,12266.744547136088,9883.011758512366,38.30117585123662,0.0,12305.045722987325,16.94,0.68,0.0,0.0,7.0,1.8968592631667593
618,4,train_0036,12524.01201946848,10037.471655035153,53.74716550351532,0.0,12577.759184971996,16.96,0.68,0.0,0.0,7.0,1.8968592631667593
619,4,train_0083,12324.776395468623,10050.997146055894,55.09971460558936,0.0,12379.876110074212,15.4,0.62,0.0,0.0,7.0,1.8968592631667593
620,4,train_0260,12405.598842926312,9802.196956644566,30.219695664456594,0.0,12435.81853859077,17.28,0.66,0.0,0.0,7.0,1.8968592631667593
621,4,train_0286,12953.828910413802,10495.178053602442,99.51780536024417,0.0,13053.346715774047,14.5,0.68,0.0,0.0,7.0,1.8968592631667593
622,4,train_0099,12147.42143304793,10141.913018326695,64.19130183266952,0.0,12211.6127348806,17.16,0.76,0.0,0.0,7.0,1.8968592631667593
623,4,train_0250,12646.419717862886,10143.77049320974,64.37704932097404,0.0,12710.79676718386,16.02,0.7,0.0,0.0,7.0,1.8968592631667593
624,4,train_0362,12271.774302479731,10067.883200162123,56.78832001621231,0.0,12328.562622495943,16.86,0.62,0.0,0.0,7.0,1.8968592631667593
625,4,train_0139,12374.506370378082,10277.43450528042,77.74345052804202,0.0,12452.249820906123,14.7,0.66,0.0,0.0,7.0,1.8968592631667593
626,4,train_0202,12699.612455803996,10653.902233548906,115.39022335489062,0.0,12815.002679158886,16.04,0.76,0.0,0.0,7.0,1.8968592631667593
627,4,train_0220,12900.771315787526,10221.739534596894,72.17395345968944,0.0,12972.945269247215,17.24,0.62,0.0,0.0,7.0,1.8968592631667593
628,4,train_0303,12162.57420492009,10220.810106655299,72.0810106655299,0.0,12234.65521558562,16.16,0.68,0.0,0.0,7.0,1.8968592631667593
629,4,train_0219,12424.730787631941,10482.32106029244,98.23210602924392,0.0,12522.962893661184,15.84,0.64,0.0,0.0,7.0,1.8968592631667593
630,4,train_0442,12860.49138024652,10397.000550811106,89.70005508111063,0.0,12950.19143532763,14.0,0.62,0.0,0.0,7.0,1.8968592631667593
631,4,train_0196,12268.252716468265,10264.368556493278,76.43685564932785,0.0,12344.689572117593,14.62,0.58,0.0,0.0,7.0,1.8968592631667593
632,4,train_0260,12343.452821775667,10142.62132621992,64.262132621992,0.0,12407.71495439766,18.76,0.74,0.0,0.0,7.0,1.8968592631667593
633,4,train_0227,12701.11566693704,10517.490076841008,101.7490076841008,0.0,12802.86467462114,16.36,0.64,0.0,0.0,7.0,1.8968592631667593
634,4,train_0109,12402.107079325,10528.462665685394,102.84626656853943,0.0,12504.95334589354,17.2,0.62,0.0,0.0,7.0,1.8968592631667593
635,4,train_0411,13289.851468636094,10564.885081536679,106.48850815366787,0.0,13396.339976789763,15.38,0.62,0.0,0.0,7.0,1.8968592631667593
636,4,train_0141,12803.927684560273,10369.618391320402,86.96183913204023,0.0,12890.889523692313,13.08,0.62,0.0,0.0,7.0,1.8968592631667593
637,4,train_0178,12075.530209165452,10215.568775923315,71.55687759233152,0.0,12147.087086757783,14.7,0.76,0.0,0.0,7.0,1.8968592631667593
638,4,train_0475,12341.501842050955,10096.424698700976,59.64246987009756,0.0,12401.144311921053,15.46,0.64,0.0,0.0,7.0,1.8968592631667593
639,4,train_0569,12525.288899724199,9893.633786814371,39.3633786814371,0.0,12564.652278405636,15.72,0.68,0.0,0.0,7.0,1.8968592631667593
640,4,train_0402,12592.672108675153,10495.06381967408,99.50638196740802,0.0,12692.178490642562,16.74,0.64,0.0,0.0,7.0,1.8968592631667593
641,4,train_0549,12470.510221173665,10421.829208273592,92.18292082735917,0.0,12562.693142001024,16.98,0.76,0.0,0.0,7.0,1.8968592631667593
642,4,train_0512,12554.722149111107,10372.364708130877,87.23647081308773,0.0,12641.958619924195,15.92,0.7,0.0,0.0,7.0,1.8968592631667593
643,4,train_0288,12134.234000356904,10014.59102824683,51.459102824683036,0.0,12185.693103181588,16.66,0.72,0.0,0.0,7.0,1.8968592631667593
644,4,train_0462,12336.084757567802,10736.474301663722,123.64743016637222,0.0,12459.732187734175,16.48,0.72,0.0,0.0,7.0,1.8968592631667593
645,4,train_0197,12524.3978821764,10508.977563318158,100.8977563318158,0.0,12625.295638508214,15.48,0.58,0.0,0.0,7.0,1.8968592631667593
646,4,train_0276,12437.727758692241,10041.205656959746,54.12056569597462,0.0,12491.848324388215,15.48,0.76,0.0,0.0,7.0,1.8968592631667593
647,4,train_0321,12471.468202840699,10359.18589770574,85.918589770574,0.0,12557.386792611273,18.1,0.62,0.0,0.0,7.0,1.8968592631667593
648,4,train_0576,12089.459333506826,10303.890532112686,80.38905321126859,0.0,12169.848386718095,14.98,0.76,0.0,0.0,7.0,1.8968592631667593
649,4,train_0509,12060.41754362244,10459.695394397897,95.9695394397897,0.0,12156.387083062229,13.76,0.76,0.0,0.0,7.0,1.8968592631667593
650,4,train_0293,12047.074142810068,10159.18984909002,65.91898490900203,0.0,12112.99312771907,14.26,0.8,0.0,0.0,7.0,1.8968592631667593
651,4,train_0391,12383.232967647502,10265.926929435844,76.59269294358437,0.0,12459.825660591086,14.42,0.66,0.0,0.0,7.0,1.8968592631667593
652,4,train_0121,12177.815133689717,10310.51584999409,81.05158499940899,0.0,12258.866718689125,14.82,0.64,0.0,0.0,7.0,1.8968592631667593
653,4,train_0482,12188.741811584856,9876.862028231235,37.686202823123494,0.0,12226.428014407978,14.82,0.62,0.0,0.0,7.0,1.8968592631667593
654,4,train_0331,12597.901263106478,10174.625606310792,67.46256063107921,0.0,12665.363823737556,18.48,0.68,0.0,0.0,7.0,1.8968592631667593
655,4,train_0319,12506.325763660034,10332.076052252396,83.2076052252396,0.0,12589.533368885273,15.94,0.6,0.0,0.0,7.0,1.8968592631667593
656,4,train_0459,12382.441388923675,10201.26986425072,70.12698642507203,0.0,12452.568375348746,16.5,0.7,0.0,0.0,7.0,1.8968592631667593
657,4,train_0379,12731.040491728108,11013.035417345778,151.3035417345778,0.0,12882.344033462687,13.24,0.66,0.0,0.0,7.0,1.8968592631667593
658,4,train_0043,12388.535634083068,10064.932723593241,56.49327235932415,0.0,12445.028906442392,17.84,0.62,0.0,0.0,7.0,1.8968592631667593
659,4,train_0172,12271.552600573006,10344.024056922624,84.40240569226245,0.0,12355.955006265269,16.54,0.76,0.0,0.0,7.0,1.8968592631667593
660,4,train_0106,12925.614096619043,10457.765593280303,95.77655932803027,0.0,13021.390655947074,16.82,0.7,0.0,0.0,7.0,1.8968592631667593
661,4,train_0440,12790.198510409335,10639.627944421147,113.96279444211469,0.0,12904.16130485145,16.18,0.68,0.0,0.0,7.0,1.8968592631667593
662,4,train_0021,12633.292351657943,10642.430845374696,114.24308453746963,0.0,12747.535436195412,16.24,0.68,0.0,0.0,7.0,1.8968592631667593
663,4,train_0121,12318.016121476117,10338.812815376416,83.88128153764156,0.0,12401.89740301376,14.98,0.54,0.0,0.0,7.0,1.8968592631667593
664,4,train_0358,12559.473292815046,10358.789460974978,85.87894609749783,0.0,12645.352238912545,17.2,0.72,0.0,0.0,7.0,1.8968592631667593
665,4,train_0416,12287.831198607208,10441.62396544144,94.16239654414403,0.0,12381.99359515135,16.9,0.62,0.0,0.0,7.0,1.8968592631667593
666,4,train_0301,12693.62813031228,10669.436963162516,116.94369631625159,0.0,12810.571826628531,16.34,0.68,0.0,0.0,7.0,1.8968592631667593
667,4,train_0516,12968.678643916328,10249.225744544601,74.92257445446012,0.0,13043.601218370788,13.9,0.64,0.0,0.0,7.0,1.8968592631667593
668,4,train_0551,12038.32751729789,10244.69216925235,74.46921692523502,0.0,12112.796734223126,14.4,0.64,0.0,0.0,7.0,1.8968592631667593
669,4,train_0079,12455.602053800729,10412.117367582665,91.2117367582665,0.0,12546.813790558996,16.42,0.68,0.0,0.0,7.0,1.8968592631667593
670,4,train_0571,12563.958416894859,9988.02003210161,48.80200321016091,0.0,12612.76042010502,15.36,0.74,0.0,0.0,7.0,1.8968592631667593
671,4,train_0368,12817.778944040776,10284.489559974318,78.44895599743177,0.0,12896.227900038208,16.22,0.82,0.0,0.0,7.0,1.8968592631667593
672,4,train_0381,12207.051981787456,10158.194329779624,65.81943297796242,0.0,12272.871414765417,16.26,0.56,0.0,0.0,7.0,1.8968592631667593
673,4,train_0057,11897.313472092414,10236.297318658893,73.62973186588934,0.0,11970.943203958303,15.46,0.62,0.0,0.0,7.0,1.8968592631667593
674,4,train_0373,12642.145111615455,10423.958238232168,92.39582382321679,0.0,12734.540935438672,16.06,0.62,0.0,0.0,7.0,1.8968592631667593
675,4,train_0435,12238.608046069941,10130.044596173571,63.004459617357135,0.0,12301.612505687299,13.62,0.8,0.0,0.0,7.0,1.8968592631667593
676,4,train_0348,12665.100295778007,10333.988297898044,83.39882978980441,0.0,12748.499125567812,16.6,0.66,0.0,0.0,7.0,1.8968592631667593
677,4,train_0050,12390.707466789256,10205.26196729105,70.52619672910497,0.0,12461.23366351836,14.2,0.7,0.0,0.0,7.0,1.8968592631667593
678,4,train_0313,13126.645647986352,9970.081785174405,47.008178517440506,0.0,13173.653826503793,15.24,0.7,0.0,0.0,7.0,1.8968592631667593
679,4,train_0561,12630.692442937034,10471.797613762905,97.17976137629049,0.0,12727.872204313324,17.86,0.62,0.0,0.0,7.0,1.8968592631667593
680,4,train_0434,12889.410610914427,10399.390393277234,89.93903932772338,0.0,12979.34965024215,15.72,0.8,0.0,0.0,7.0,1.8968592631667593
681,4,train_0082,12536.133694985076,10601.114730482546,110.11147304825464,0.0,12646.24516803333,15.72,0.56,0.0,0.0,7.0,1.8968592631667593
682,4,train_0575,13201.033128213026,10120.883430292128,62.08834302921278,0.0,13263.121471242239,17.24,0.68,0.0,0.0,7.0,1.8968592631667593
683,4,train_0575,12861.555755963196,10670.171900628342,117.0171900628342,0.0,12978.57294602603,17.28,0.66,0.0,0.0,7.0,1.8968592631667593
684,4,train_0101,12698.850087319704,10231.252618569963,73.12526185699626,0.0,12771.9753491767,17.26,0.66,0.0,0.0,7.0,1.8968592631667593
685,4,train_0480,12470.056229097838,10465.72148822854,96.57214882285407,0.0,12566.628377920691,14.64,0.64,0.0,0.0,7.0,1.8968592631667593
686,4,train_0244,12488.936634189497,10160.451449909548,66.04514499095477,0.0,12554.98177918045,15.54,0.68,0.0,0.0,7.0,1.8968592631667593
687,4,train_0356,12679.6056351202,10923.874063954412,142.38740639544122,0.0,12821.993041515641,15.82,0.62,0.0,0.0,7.0,1.8968592631667593
688,4,train_0267,12838.053020459862,9840.342056339527,34.03420563395266,0.0,12872.087226093814,16.14,0.64,0.0,0.0,7.0,1.8968592631667593
689,4,train_0469,12733.927868822968,11048.321084504209,154.83210845042086,0.0,12888.759977273388,15.72,0.74,0.0,0.0,7.0,1.8968592631667593
690,4,train_0597,12193.262093336525,10481.358803602368,98.13588036023685,0.0,12291.397973696761,17.56,0.64,0.0,0.0,7.0,1.8968592631667593
691,4,train_0477,12227.094864984036,10167.524689461281,66.7524689461281,0.0,12293.847333930164,13.6,0.6,0.0,0.0,7.0,1.8968592631667593
692,4,train_0558,12833.469321648434,10420.858836462852,92.08588364628523,0.0,12925.555205294719,16.26,0.68,0.0,0.0,7.0,1.8968592631667593
693,4,train_0567,13386.133580512918,10653.789241891245,115.37892418912452,0.0,13501.512504702043,15.62,0.58,0.0,0.0,7.0,1.8968592631667593
694,4,train_0054,12587.805704831379,9949.047331086022,44.90473310860216,0.0,12632.71043793998,16.24,0.7,0.0,0.0,7.0,1.8968592631667593
695,4,train_0152,12299.545317989823,10523.255079304625,102.32550793046249,0.0,12401.870825920285,16.12,0.68,0.0,0.0,7.0,1.8968592631667593
696,4,train_0433,12055.560562312534,10266.385777966205,76.63857779662048,0.0,12132.199140109155,16.38,0.74,0.0,0.0,7.0,1.8968592631667593
697,4,train_0354,11759.017181333144,10211.086947910637,71.10869479106368,0.0,11830.125876124208,16.64,0.64,0.0,0.0,7.0,1.8968592631667593
698,4,train_0030,12515.798054013881,10277.915894421723,77.79158944217234,0.0,12593.589643456055,17.54,0.8,0.0,0.0,7.0,1.8968592631667593
699,4,train_0057,12099.014155058296,10155.234738090754,65.52347380907541,0.0,12164.53762886737,16.08,0.74,0.0,0.0,7.0,1.8968592631667593
700,4,train_0312,12115.23568890514,10544.32210811305,104.43221081130505,0.0,12219.667899716445,15.1,0.72,0.0,0.0,7.0,1.8968592631667593
701,4,train_0369,12155.161997399478,10162.95249855347,66.295249855347,0.0,12221.457247254826,15.42,0.62,0.0,0.0,7.0,1.8968592631667593
702,4,train_0100,11799.540622640001,10045.634070036596,54.563407003659634,0.0,11854.10402964366,16.08,0.7,0.0,0.0,7.0,1.8968592631667593
703,4,train_0102,12322.697317233262,10410.596686388788,91.0596686388788,0.0,12413.75698587214,14.14,0.76,0.0,0.0,7.0,1.8968592631667593
704,4,train_0077,12538.100192466554,10140.912252416216,64.09122524162159,0.0,12602.191417708176,15.34,0.7,0.0,0.0,7.0,1.8968592631667593
705,4,train_0338,12501.616137693376,10289.307728317885,78.93077283178846,0.0,12580.546910525165,16.7,0.6,0.0,0.0,7.0,1.8968592631667593
706,4,train_0004,12814.234735958787,10128.475627568328,62.84756275683285,0.0,12877.08229871562,17.16,0.66,0.0,0.0,7.0,1.8968592631667593
707,4,train_0343,13059.67004100416,10801.543437083725,130.15434370837247,0.0,13189.824384712532,17.14,0.7,0.0,0.0,7.0,1.8968592631667593
708,4,train_0285,12650.514547636567,10361.02843369991,86.10284336999104,0.0,12736.617391006557,16.38,0.68,0.0,0.0,7.0,1.8968592631667593
709,4,train_0279,12476.032718081497,10295.57685351319,79.55768535131902,0.0,12555.590403432816,18.58,0.64,0.0,0.0,7.0,1.8968592631667593
710,4,train_0407,12502.831243674942,10217.00780698311,71.70078069831106,0.0,12574.532024373253,14.54,0.62,0.0,0.0,7.0,1.8968592631667593
711,4,train_0313,12648.485121160269,10303.629917198665,80.36299171986649,0.0,12728.848112880136,16.48,0.72,0.0,0.0,7.0,1.8968592631667593
712,4,train_0436,13146.219391040835,10278.593727484302,77.85937274843019,0.0,13224.078763789264,17.86,0.7,0.0,0.0,7.0,1.8968592631667593
713,4,train_0458,12849.840314459212,10391.803901972808,89.18039019728076,0.0,12939.020704656494,13.94,0.7,0.0,0.0,7.0,1.8968592631667593
714,4,train_0552,12277.655033392442,10443.644135845636,94.3644135845636,0.0,12372.019446977007,14.4,0.58,0.0,0.0,7.0,1.8968592631667593
715,4,train_0479,12790.079880137087,10628.885441451015,112.88854414510152,0.0,12902.96842428219,17.02,0.7,0.0,0.0,7.0,1.8968592631667593
716,4,train_0310,12093.232796671597,9830.933192730608,33.09331927306084,0.0,12126.326115944657,16.22,0.58,0.0,0.0,7.0,1.8968592631667593
717,4,train_0295,12587.77799130692,9958.325628916047,45.832562891604724,0.0,12633.610554198525,14.98,0.6,0.0,0.0,7.0,1.8968592631667593
718,4,train_0141,12770.62246403038,10414.380814412818,91.4380814412818,0.0,12862.060545471662,13.68,0.74,0.0,0.0,7.0,1.8968592631667593
719,4,train_0359,12613.699665303322,10347.686802237356,84.76868022373566,0.0,12698.468345527057,15.62,0.76,0.0,0.0,7.0,1.8968592631667593
720,5,train_0083,12443.91438369132,10191.78231359477,69.17823135947692,0.0,12513.092615050798,15.2,0.6,0.0,0.0,7.0,1.8968592631667593
721,5,train_0558,12890.541376677289,10436.024205178346,93.60242051783462,0.0,12984.143797195124,15.36,0.56,0.0,0.0,7.0,1.8968592631667593
722,5,train_0507,12379.619137205736,10435.117549263323,93.51175492633229,0.0,12473.130892132069,15.94,0.62,0.0,0.0,7.0,1.8968592631667593
723,5,train_0071,12380.055675873336,10499.478870942345,99.94788709423447,0.0,12480.003562967571,14.92,0.72,0.0,0.0,7.0,1.8968592631667593
724,5,train_0471,12384.479490805676,10264.803619998715,76.48036199987146,0.0,12460.959852805547,15.02,0.62,0.0,0.0,7.0,1.8968592631667593
725,5,train_0070,12000.989698016927,9930.135558120743,43.013555812074266,0.0,12044.003253829002,15.88,0.62,0.0,0.0,7.0,1.8968592631667593
726,5,train_0432,12443.701422917868,10553.863434966453,105.38634349664535,0.0,12549.087766414514,14.48,0.78,0.0,0.0,7.0,1.8968592631667593
727,5,train_0052,12913.697361171558,10089.399103362652,58.93991033626517,0.0,12972.637271507823,15.74,0.54,0.0,0.0,7.0,1.8968592631667593
728,5,train_0292,12642.804752579697,10237.745920193247,73.7745920193247,0.0,12716.579344599022,17.14,0.74,0.0,0.0,7.0,1.8968592631667593
729,5,train_0394,12434.076948424015,10398.514072260998,89.85140722609977,0.0,12523.928355650116,15.58,0.82,0.0,0.0,7.0,1.8968592631667593
730,5,train_0437,11608.728373949725,9584.676412925455,8.467641292545522,0.0,11617.19601524227,15.72,0.64,0.0,0.0,7.0,1.8968592631667593
731,5,train_0251,12539.245107802864,10165.341165697713,66.53411656977133,0.0,12605.779224372636,14.76,0.78,0.0,0.0,7.0,1.8968592631667593
732,5,train_0552,12709.802957036256,10217.216230646516,71.72162306465161,0.0,12781.524580100908,13.38,0.66,0.0,0.0,7.0,1.8968592631667593
733,5,train_0464,12761.093072956828,9960.023451222374,46.00234512223742,0.0,12807.095418079065,15.28,0.68,0.0,0.0,7.0,1.8968592631667593
734,5,train_0124,12422.601129045965,10534.62842347841,103.46284234784108,0.0,12526.063971393805,16.54,0.6,0.0,0.0,7.0,1.8968592631667593
735,5,train_0402,12544.82681492393,10548.607423747912,104.86074237479116,0.0,12649.687557298721,18.02,0.72,0.0,0.0,7.0,1.8968592631667593
736,5,train_0438,12545.638421120799,10178.811433340363,67.88114333403628,0.0,12613.519564454835,15.8,0.68,0.0,0.0,7.0,1.8968592631667593
737,5,train_0200,12301.931121610633,10359.070321814714,85.90703218147138,0.0,12387.838153792103,16.0,0.54,0.0,0.0,7.0,1.8968592631667593
738,5,train_0442,12616.821385070387,10529.56593034021,102.956593034021,0.0,12719.777978104408,13.18,0.68,0.0,0.0,7.0,1.8968592631667593
739,5,train_0539,12446.490433089664,9919.334853690492,41.93348536904924,0.0,12488.423918458713,15.06,0.72,0.0,0.0,7.0,1.8968592631667593
740,5,train_0490,12072.219730499424,10284.815459795698,78.48154597956983,0.0,12150.701276478994,14.8,0.76,0.0,0.0,7.0,1.8968592631667593
741,5,train_0457,12349.031680027369,10380.199500751725,88.01995007517253,0.0,12437.051630102542,16.7,0.78,0.0,0.0,7.0,1.8968592631667593
742,5,train_0380,12437.011748167188,10331.311646427093,83.13116464270934,0.0,12520.142912809897,17.14,0.78,0.0,0.0,7.0,1.8968592631667593
743,5,train_0162,11987.998625782275,9800.946041479427,30.094604147942665,0.0,12018.093229930217,16.66,0.68,0.0,0.0,7.0,1.8968592631667593
744,5,train_0477,12342.572126442024,9933.286752872249,43.32867528722491,0.0,12385.900801729249,15.44,0.64,0.0,0.0,7.0,1.8968592631667593
745,5,train_0218,12808.395904861265,10363.827673248921,86.38276732489213,0.0,12894.778672186158,14.88,0.66,0.0,0.0,7.0,1.8968592631667593
746,5,train_0319,12237.54705814125,10780.017771775441,128.00177717754414,0.0,12365.548835318794,15.04,0.6,0.0,0.0,7.0,1.8968592631667593
747,5,train_0188,12637.213875330242,10222.291273101348,72.22912731013476,0.0,12709.443002640377,13.8,0.6,0.0,0.0,7.0,1.8968592631667593
748,5,train_0187,12122.065926085106,10379.957837845515,87.99578378455153,0.0,12210.061709869658,15.2,0.74,0.0,0.0,7.0,1.8968592631667593
749,5,train_0094,12182.182636760877,9662.453964577591,16.245396457759124,0.0,12198.428033218637,16.08,0.64,0.0,0.0,7.0,1.8968592631667593
750,5,train_0576,12070.6482464371,10508.68253293026,100.86825329302593,0.0,12171.516499730125,15.0,0.6,0.0,0.0,7.0,1.8968592631667593
751,5,train_0088,12775.207607690816,10168.804766493031,66.88047664930309,0.0,12842.08808434012,15.78,0.72,0.0,0.0,7.0,1.8968592631667593
752,5,train_0051,12589.643190951429,10256.304597865917,75.63045978659174,0.0,12665.27365073802,18.62,0.66,0.0,0.0,7.0,1.8968592631667593
753,5,train_0561,12765.238619151374,10165.635561624591,66.56355616245911,0.0,12831.802175313833,17.88,0.82,0.0,0.0,7.0,1.8968592631667593
754,5,train_0333,12789.80737844326,10316.63816563822,81.66381656382201,0.0,12871.471195007081,15.82,0.64,0.0,0.0,7.0,1.8968592631667593
755,5,train_0262,12553.915499239993,10628.090859547126,112.80908595471266,0.0,12666.724585194705,16.0,0.7,0.0,0.0,7.0,1.8968592631667593
756,5,train_0442,12575.070833597983,10645.316209150771,114.53162091507711,0.0,12689.60245451306,14.58,0.72,0.0,0.0,7.0,1.8968592631667593
757,5,train_0229,12601.712454082535,10745.12667497791,124.51266749779097,0.0,12726.225121580326,15.92,0.76,0.0,0.0,7.0,1.8968592631667593
758,5,train_0076,12428.783963606777,10371.476713980739,87.14767139807391,0.0,12515.93163500485,16.2,0.6,0.0,0.0,7.0,1.8968592631667593
759,5,train_0437,11480.337852992518,9735.610108935982,23.56101089359818,0.0,11503.898863886116,16.34,0.48,0.0,0.0,7.0,1.8968592631667593
760,5,train_0105,12864.06846063921,10020.377124609413,52.03771246094129,0.0,12916.10617310015,15.76,0.74,0.0,0.0,7.0,1.8968592631667593
761,5,train_0331,12257.10587724327,10241.300225748399,74.13002257483986,0.0,12331.23589981811,18.16,0.68,0.0,0.0,7.0,1.8968592631667593
762,5,train_0569,12287.777026571584,10247.804016945953,74.78040169459528,0.0,12362.55742826618,14.02,0.76,0.0,0.0,7.0,1.8968592631667593
763,5,train_0561,12623.062824353501,10244.218020606928,74.4218020606928,0.0,12697.484626414194,17.32,0.58,0.0,0.0,7.0,1.8968592631667593
764,5,train_0216,12363.04664393943,9928.506260953696,42.85062609536963,0.0,12405.897270034799,18.92,0.78,0.0,0.0,7.0,1.8968592631667593
765,5,train_0468,11786.822153515703,10423.426412723948,92.34264127239476,0.0,11879.164794788097,15.42,0.7,0.0,0.0,7.0,1.8968592631667593
766,5,train_0367,12535.631087615242,10177.123781574624,67.71237815746245,0.0,12603.343465772705,14.78,0.72,0.0,0.0,7.0,1.8968592631667593
767,5,train_0287,12543.33583621771,9983.73209229214,48.37320922921408,0.0,12591.709045446923,16.62,0.7,0.0,0.0,7.0,1.8968592631667593
768,5,train_0083,12247.15064709012,10127.200614376863,62.72006143768631,0.0,12309.870708527807,15.58,0.64,0.0,0.0,7.0,1.8968592631667593
769,5,train_0225,12545.028358399459,10436.433160214685,93.6433160214685,0.0,12638.671674420928,16.82,0.7,0.0,0.0,7.0,1.8968592631667593
770,5,train_0391,12429.333074724276,10221.796701097559,72.1796701097559,0.0,12501.512744834032,14.76,0.58,0.0,0.0,7.0,1.8968592631667593
771,5,train_0591,12671.517330964634,10616.499423383473,111.64994233834733,0.0,12783.16727330298,18.14,0.64,0.0,0.0,7.0,1.8968592631667593
772,5,train_0002,12408.023034622023,10531.975638365395,103.19756383653949,0.0,12511.220598458563,14.28,0.68,0.0,0.0,7.0,1.8968592631667593
773,5,train_0430,12349.984025442645,10316.112594555765,81.61125945557652,0.0,12431.595284898222,14.1,0.7,0.0,0.0,7.0,1.8968592631667593
774,5,train_0507,12437.53609931959,10504.853135908892,100.4853135908892,0.0,12538.021412910479,15.76,0.5,0.0,0.0,7.0,1.8968592631667593
775,5,train_0570,12054.986090241924,10109.773398997715,60.97733989977151,0.0,12115.963430141695,14.32,0.66,0.0,0.0,7.0,1.8968592631667593
776,5,train_0254,12434.533035216995,10597.53368414279,109.75336841427907,0.0,12544.286403631275,17.12,0.76,0.0,0.0,7.0,1.8968592631667593
777,5,train_0071,12540.595180469136,10352.746945442403,85.27469454424028,0.0,12625.869875013375,14.6,0.72,0.0,0.0,7.0,1.8968592631667593
778,5,train_0162,11763.493934041198,9939.571009410323,43.95710094103234,0.0,11807.45103498223,16.08,0.62,0.0,0.0,7.0,1.8968592631667593
779,5,train_0510,13056.605436698079,10500.824603956455,100.08246039564547,0.0,13156.687897093725,16.48,0.68,0.0,0.0,7.0,1.8968592631667593
780,5,train_0526,12514.341091829665,10385.563066792865,88.55630667928654,0.0,12602.89739850895,17.74,0.68,0.0,0.0,7.0,1.8968592631667593
781,5,train_0382,12623.226773538508,10433.435643984756,93.34356439847562,0.0,12716.570337936984,14.84,0.62,0.0,0.0,7.0,1.8968592631667593
782,5,train_0073,12057.084067887014,10495.691811055287,99.5691811055287,0.0,12156.653248992543,15.88,0.7,0.0,0.0,7.0,1.8968592631667593
783,5,train_0073,12549.504276563186,9870.333112933447,37.033311293344745,0.0,12586.53758785653,16.24,0.66,0.0,0.0,7.0,1.8968592631667593
784,5,train_0286,13339.75388089064,10074.273123079922,57.42731230799218,0.0,13397.181193198632,14.84,0.6,0.0,0.0,7.0,1.8968592631667593
785,5,train_0352,11879.76139710915,10325.70043482364,82.57004348236406,0.0,11962.331440591515,15.36,0.6,0.0,0.0,7.0,1.8968592631667593
786,5,train_0019,12376.946478382964,10673.801002153465,117.38010021534647,0.0,12494.326578598311,15.36,0.62,0.0,0.0,7.0,1.8968592631667593
787,5,train_0411,13083.648205813739,10706.156671963729,120.61566719637285,0.0,13204.263873010112,15.98,0.68,0.0,0.0,7.0,1.8968592631667593
788,5,train_0326,12204.843936666708,10145.631589089555,64.56315890895549,0.0,12269.407095575663,15.92,0.64,0.0,0.0,7.0,1.8968592631667593
789,5,train_0007,13163.451988967434,10819.79223338613,131.97922333861297,0.0,13295.431212306046,15.88,0.64,0.0,0.0,7.0,1.8968592631667593
790,5,train_0057,12269.457315055346,10169.066146617723,66.90661466177225,0.0,12336.363929717118,15.98,0.64,0.0,0.0,7.0,1.8968592631667593
791,5,train_0272,12456.85800772049,10589.952462508885,108.99524625088853,0.0,12565.853253971378,14.2,0.52,0.0,0.0,7.0,1.8968592631667593
792,5,train_0433,11983.241610719419,10292.85131165796,79.28513116579597,0.0,12062.526741885215,14.26,0.62,0.0,0.0,7.0,1.8968592631667593
793,5,train_0495,12727.959872834812,10168.916339322175,66.89163393221752,0.0,12794.851506767029,17.28,0.58,0.0,0.0,7.0,1.8968592631667593
794,5,train_0258,12681.019075751372,10576.679954063864,107.66799540638641,0.0,12788.687071157758,15.2,0.7,0.0,0.0,7.0,1.8968592631667593
795,5,train_0177,12267.953083328179,10526.918954785231,102.69189547852312,0.0,12370.644978806702,13.72,0.54,0.0,0.0,7.0,1.8968592631667593
796,5,train_0580,12869.949635179786,10536.29493634915,103.62949363491498,0.0,12973.579128814701,16.28,0.64,0.0,0.0,7.0,1.8968592631667593
797,5,train_0275,12490.914054694447,10295.56668729058,79.55666872905805,0.0,12570.470723423505,14.22,0.62,0.0,0.0,7.0,1.8968592631667593
798,5,train_0189,12475.45856629114,10363.342213377911,86.33422133779113,0.0,12561.79278762893,14.44,0.64,0.0,0.0,7.0,1.8968592631667593
799,5,train_0265,12349.153912683589,10311.085259976982,81.10852599769824,0.0,12430.262438681288,15.78,0.72,0.0,0.0,7.0,1.8968592631667593
800,5,train_0007,13454.231352078968,10706.552790698728,120.65527906987282,0.0,13574.886631148842,16.4,0.62,0.0,0.0,7.0,1.8968592631667593
801,5,train_0181,11620.244666004653,10015.864886791429,51.586488679142896,0.0,11671.831154683796,16.62,0.74,0.0,0.0,7.0,1.8968592631667593
802,5,train_0309,12658.63369796056,10600.731557515617,110.07315575156173,0.0,12768.706853712121,14.54,0.68,0.0,0.0,7.0,1.8968592631667593
803,5,train_0551,12142.726884043355,10296.0280870256,79.60280870255993,0.0,12222.329692745916,17.42,0.62,0.0,0.0,7.0,1.8968592631667593
804,5,train_0442,12357.755853735489,10530.516238575943,103.05162385759432,0.0,12460.807477593084,14.54,0.62,0.0,0.0,7.0,1.8968592631667593
805,5,train_0468,12252.752234599637,10262.199454416223,76.21994544162226,0.0,12328.972180041259,15.4,0.66,0.0,0.0,7.0,1.8968592631667593
806,5,train_0326,12378.14806421541,9860.714467373737,36.07144673737366,0.0,12414.219510952782,14.16,0.7,0.0,0.0,7.0,1.8968592631667593
807,5,train_0066,12547.69214822358,10450.90115938557,95.09011593855703,0.0,12642.782264162137,17.94,0.6,0.0,0.0,7.0,1.8968592631667593
808,5,train_0234,12265.783408255385,10284.520025184833,78.45200251848328,0.0,12344.235410773868,14.82,0.7,0.0,0.0,7.0,1.8968592631667593
809,5,train_0598,12411.702778178376,10232.068803309405,73.20688033094048,0.0,12484.909658509318,14.48,0.64,0.0,0.0,7.0,1.8968592631667593
810,5,train_0026,12118.410626527828,10201.210135121099,70.12101351210985,0.0,12188.531640039937,15.74,0.74,0.0,0.0,7.0,1.8968592631667593
811,5,train_0527,12444.528273460524,10060.539834449486,56.053983444948614,0.0,12500.582256905473,15.74,0.5,0.0,0.0,7.0,1.8968592631667593
812,5,train_0410,12381.544697735477,10695.080313967323,119.50803139673226,0.0,12501.052729132209,17.26,0.52,0.0,0.0,7.0,1.8968592631667593
813,5,train_0170,12266.496197331115,9943.914218858336,44.39142188583355,0.0,12310.887619216948,17.84,0.62,0.0,0.0,7.0,1.8968592631667593
814,5,train_0466,12830.555550142248,10261.122099561431,76.11220995614313,0.0,12906.667760098391,16.5,0.62,0.0,0.0,7.0,1.8968592631667593
815,5,train_0502,12776.636720690803,10382.632703598834,88.26327035988344,0.0,12864.899991050686,15.26,0.62,0.0,0.0,7.0,1.8968592631667593
816,5,train_0025,12600.82167245161,10480.01136915103,98.00113691510306,0.0,12698.822809366713,14.54,0.68,0.0,0.0,7.0,1.8968592631667593
817,5,train_0063,12672.89441046979,10272.515932918715,77.25159329187154,0.0,12750.146003761662,15.6,0.54,0.0,0.0,7.0,1.8968592631667593
818,5,train_0399,12359.88791082488,10519.24753354703,101.924753354703,0.0,12461.812664179582,15.52,0.58,0.0,0.0,7.0,1.8968592631667593
819,5,train_0599,12044.874606898818,10373.607026529691,87.36070265296912,0.0,12132.235309551788,16.56,0.68,0.0,0.0,7.0,1.8968592631667593
820,5,train_0014,12553.691136226595,10540.923742789511,104.09237427895114,0.0,12657.783510505546,15.44,0.68,0.0,0.0,7.0,1.8968592631667593
821,5,train_0399,12447.703584091378,10102.550556954278,60.25505569542784,0.0,12507.958639786806,14.38,0.68,0.0,0.0,7.0,1.8968592631667593
822,5,train_0081,12244.210550880818,10322.614017353086,82.26140173530858,0.0,12326.471952616126,16.82,0.64,0.0,0.0,7.0,1.8968592631667593
823,5,train_0390,12600.669092695114,10331.901990768823,83.19019907688235,0.0,12683.859291771996,18.08,0.68,0.0,0.0,7.0,1.8968592631667593
824,5,train_0373,12650.013763522289,10482.69558045825,98.26955804582504,0.0,12748.283321568115,16.44,0.68,0.0,0.0,7.0,1.8968592631667593
825,5,train_0054,12546.61565795773,10073.001375645152,57.300137564515175,0.0,12603.915795522244,16.24,0.64,0.0,0.0,7.0,1.8968592631667593
826,5,train_0408,12245.237230283536,9818.854450687955,31.885445068795526,0.0,12277.122675352331,15.44,0.68,0.0,0.0,7.0,1.8968592631667593
827,5,train_0538,12814.131283145514,10429.492182443191,92.94921824431913,0.0,12907.080501389833,16.0,0.6,0.0,0.0,7.0,1.8968592631667593
828,5,train_0518,12666.11376431233,10059.52594817337,55.952594817337015,0.0,12722.066359129667,15.9,0.56,0.0,0.0,7.0,1.8968592631667593
829,5,train_0017,12409.495015576314,10191.501417171996,69.15014171719959,0.0,12478.645157293515,15.7,0.66,0.0,0.0,7.0,1.8968592631667593
830,5,train_0147,12960.341057835962,10409.086086755393,90.9086086755393,0.0,13051.249666511501,17.26,0.74,0.0,0.0,7.0,1.8968592631667593
831,5,train_0144,12742.048393655201,10851.103124438336,135.11031244383358,0.0,12877.158706099035,14.8,0.68,0.0,0.0,7.0,1.8968592631667593
832,5,train_0271,12240.386370335586,9978.83002062144,47.88300206214408,0.0,12288.26937239773,15.62,0.64,0.0,0.0,7.0,1.8968592631667593
833,5,train_0085,12430.339890681837,10390.682114252693,89.06821142526934,0.0,12519.408102107105,14.52,0.66,0.0,0.0,7.0,1.8968592631667593
834,5,train_0512,12495.708506383466,10229.438023196386,72.9438023196386,0.0,12568.652308703104,16.68,0.76,0.0,0.0,7.0,1.8968592631667593
835,5,train_0466,12327.170608522325,10506.664685504194,100.66646855041945,0.0,12427.837077072745,16.18,0.66,0.0,0.0,7.0,1.8968592631667593
836,5,train_0485,12127.536080846021,10297.51216154967,79.75121615496701,0.0,12207.287297000988,17.28,0.62,0.0,0.0,7.0,1.8968592631667593
837,5,train_0118,12457.548466661312,10551.763639461013,105.17636394610128,0.0,12562.724830607413,16.32,0.68,0.0,0.0,7.0,1.8968592631667593
838,5,train_0008,12536.66631575075,10546.465063900856,104.6465063900856,0.0,12641.312822140835,14.76,0.66,0.0,0.0,7.0,1.8968592631667593
839,5,train_0546,12827.171070480417,10022.125959491055,52.21259594910553,0.0,12879.383666429523,21.04,0.6,0.0,0.0,7.0,1.8968592631667593
840,5,train_0173,13099.5696340777,10173.583866191218,67.35838661912184,0.0,13166.928020696821,17.12,0.66,0.0,0.0,7.0,1.8968592631667593
841,5,train_0393,12610.219384851482,10251.66777668878,75.16677766887805,0.0,12685.386162520359,13.86,0.56,0.0,0.0,7.0,1.8968592631667593
842,5,train_0545,12088.548935701278,10275.928665892741,77.59286658927414,0.0,12166.141802290551,17.38,0.54,0.0,0.0,7.0,1.8968592631667593
843,5,train_0021,12453.028192525553,10386.200734207518,88.62007342075177,0.0,12541.648265946305,15.0,0.58,0.0,0.0,7.0,1.8968592631667593
844,5,train_0003,12168.307466975277,10228.152015192923,72.81520151929236,0.0,12241.122668494569,15.72,0.66,0.0,0.0,7.0,1.8968592631667593
845,5,train_0003,12203.418531138414,10186.153669478203,68.61536694782026,0.0,12272.033898086234,15.34,0.66,0.0,0.0,7.0,1.8968592631667593
846,5,train_0093,12032.870903663956,10135.468491868356,63.54684918683561,0.0,12096.417752850792,18.88,0.62,0.0,0.0,7.0,1.8968592631667593
847,5,train_0030,12316.689535106058,10219.267848967256,71.92678489672562,0.0,12388.616320002784,15.22,0.56,0.0,0.0,7.0,1.8968592631667593
848,5,train_0491,12203.439467987675,10496.02364954408,99.60236495440805,0.0,12303.041832942083,15.7,0.66,0.0,0.0,7.0,1.8968592631667593
849,5,train_0363,12785.825147472198,10431.622240071996,93.16222400719963,0.0,12878.987371479398,15.6,0.64,0.0,0.0,7.0,1.8968592631667593
850,5,train_0588,12330.09305223085,10303.041015434665,80.30410154346646,0.0,12410.397153774316,18.02,0.62,0.0,0.0,7.0,1.8968592631667593
851,5,train_0480,12674.549368302258,10475.283983414623,97.52839834146235,0.0,12772.07776664372,15.06,0.58,0.0,0.0,7.0,1.8968592631667593
852,5,train_0577,13227.363530505312,10802.538501294697,130.25385012946973,0.0,13357.617380634782,16.78,0.7,0.0,0.0,7.0,1.8968592631667593
853,5,train_0143,12945.67519602937,10261.395732545472,76.13957325454722,0.0,13021.814769283917,13.58,0.62,0.0,0.0,7.0,1.8968592631667593
854,5,train_0172,12203.135882544706,10473.88036580343,97.38803658034304,0.0,12300.52391912505,16.32,0.72,0.0,0.0,7.0,1.8968592631667593
855,5,train_0509,12261.70097587382,10069.665950548462,56.96659505484622,0.0,12318.667570928666,13.28,0.76,0.0,0.0,7.0,1.8968592631667593
856,5,train_0146,12281.8514627521,10496.866514127836,99.68665141278362,0.0,12381.538114164883,16.3,0.68,0.0,0.0,7.0,1.8968592631667593
857,5,train_0034,12360.233408851724,10381.381172014342,88.13811720143423,0.0,12448.371526053157,15.74,0.66,0.0,0.0,7.0,1.8968592631667593
858,5,train_0401,12074.626007491763,9940.842054324381,44.084205432438104,0.0,12118.710212924201,16.5,0.78,0.0,0.0,7.0,1.8968592631667593
859,5,train_0480,12687.517887135094,10462.14199924987,96.21419992498704,0.0,12783.732087060082,15.66,0.62,0.0,0.0,7.0,1.8968592631667593
860,5,train_0580,12763.744856666644,10523.99638252696,102.39963825269606,0.0,12866.144494919341,15.36,0.7,0.0,0.0,7.0,1.8968592631667593
861,5,train_0556,12458.327953890122,10295.077785894351,79.50777858943512,0.0,12537.835732479558,14.12,0.56,0.0,0.0,7.0,1.8968592631667593
862,5,train_0072,12417.37578641804,10590.06975511503,109.00697551150297,0.0,12526.382761929544,15.62,0.74,0.0,0.0,7.0,1.8968592631667593
863,5,train_0463,12196.63989511747,9823.825954770291,32.3825954770291,0.0,12229.0224905945,16.16,0.68,0.0,0.0,7.0,1.8968592631667593
864,6,train_0507,12160.139730779336,10768.87161386216,126.88716138621604,0.0,12287.026892165552,15.58,0.66,0.0,0.0,7.0,1.8968592631667593
865,6,train_0418,12365.071995064687,10621.696069388552,112.16960693885522,0.0,12477.241602003542,18.58,0.72,0.0,0.0,7.0,1.8968592631667593
866,6,train_0491,12603.24993908656,10346.904995072593,84.6904995072593,0.0,12687.94043859382,15.7,0.72,0.0,0.0,7.0,1.8968592631667593
867,6,train_0502,12699.531314155782,10212.987548248919,71.29875482489187,0.0,12770.830068980673,14.96,0.6,0.0,0.0,7.0,1.8968592631667593
868,6,train_0267,12473.76158562729,9980.703071344615,48.07030713446147,0.0,12521.831892761751,16.52,0.74,0.0,0.0,7.0,1.8968592631667593
869,6,train_0024,12213.03312729972,9799.695869061623,29.969586906162295,0.0,12243.00271420588,17.28,0.62,0.0,0.0,7.0,1.8968592631667593
870,6,train_0273,12702.334115818529,10756.829572790606,125.68295727906062,0.0,12828.01707309759,17.34,0.72,0.0,0.0,7.0,1.8968592631667593
871,6,train_0121,12468.836426125874,10304.655104445344,80.46551044453446,0.0,12549.301936570408,14.02,0.62,0.0,0.0,7.0,1.8968592631667593
872,6,train_0068,12759.97496557044,10218.997270352558,71.89972703525582,0.0,12831.874692605696,15.74,0.58,0.0,0.0,7.0,1.8968592631667593
873,6,train_0074,12914.539655686782,10325.12881974403,82.512881974403,0.0,12997.052537661184,16.64,0.6,0.0,0.0,7.0,1.8968592631667593
874,6,train_0418,12586.520358002776,10476.433811371546,97.64338113715458,0.0,12684.16373913993,17.1,0.66,0.0,0.0,7.0,1.8968592631667593
875,6,train_0302,12613.347825926863,10585.353003756798,108.53530037567981,0.0,12721.883126302542,13.9,0.62,0.0,0.0,7.0,1.8968592631667593
876,6,train_0323,12732.720729242748,10592.338869068986,109.23388690689863,0.0,12841.954616149647,15.44,0.66,0.0,0.0,7.0,1.8968592631667593
877,6,train_0447,12245.707830691845,10477.42233153318,97.74223315331801,0.0,12343.450063845163,15.32,0.62,0.0,0.0,7.0,1.8968592631667593
878,6,train_0328,12624.977583580898,10260.794186486706,76.07941864867063,0.0,12701.057002229569,16.56,0.62,0.0,0.0,7.0,1.8968592631667593
879,6,train_0378,12790.497565853944,10488.266063387307,98.82660633873076,0.0,12889.324172192675,14.58,0.74,0.0,0.0,7.0,1.8968592631667593
880,6,train_0051,12424.752331918058,10597.006764821148,109.7006764821148,0.0,12534.453008400173,17.98,0.54,0.0,0.0,7.0,1.8968592631667593
881,6,train_0510,12758.34604092485,10608.651971944957,110.8651971944957,0.0,12869.211238119346,15.4,0.56,0.0,0.0,7.0,1.8968592631667593
882,6,train_0269,12032.817386327182,9683.694133292724,18.36941332927236,0.0,12051.186799656454,13.9,0.6,0.0,0.0,7.0,1.8968592631667593
883,6,train_0093,12310.304810717738,9915.243630430863,41.52436304308631,0.0,12351.829173760825,16.96,0.68,0.0,0.0,7.0,1.8968592631667593
884,6,train_0487,13009.472227644968,10057.214236216412,55.72142362164123,0.0,13065.193651266609,14.34,0.6,0.0,0.0,7.0,1.8968592631667593
885,6,train_0440,12369.041751319764,10564.005109121568,106.40051091215683,0.0,12475.442262231922,17.18,0.62,0.0,0.0,7.0,1.8968592631667593
886,6,train_0031,12265.29737052348,10328.88199726306,82.88819972630608,0.0,12348.185570249785,18.12,0.62,0.0,0.0,7.0,1.8968592631667593
887,6,train_0115,13088.154217655001,10203.429054290773,70.34290542907729,0.0,13158.497123084078,15.76,0.52,0.0,0.0,7.0,1.8968592631667593
888,6,train_0009,12262.41971537609,10716.412595304188,121.64125953041876,0.0,12384.06097490651,16.72,0.5,0.0,0.0,7.0,1.8968592631667593
889,6,train_0162,11973.798659777345,9913.422896794567,41.34228967945674,0.0,12015.140949456802,17.32,0.84,0.0,0.0,7.0,1.8968592631667593
890,6,train_0059,12775.902081548145,10302.69060042943,80.26906004294307,0.0,12856.171141591089,15.02,0.6,0.0,0.0,7.0,1.8968592631667593
891,6,train_0425,12678.644233903253,10914.863627552888,141.4863627552888,0.0,12820.130596658542,14.46,0.6,0.0,0.0,7.0,1.8968592631667593
892,6,train_0313,12776.047245152244,10309.715932690026,80.97159326900255,0.0,12857.018838421247,16.02,0.62,0.0,0.0,7.0,1.8968592631667593
893,6,train_0588,12194.849313202942,10409.740775247743,90.9740775247743,0.0,12285.823390727715,16.72,0.66,0.0,0.0,7.0,1.8968592631667593
894,6,train_0449,12841.208636235158,10086.147711274803,58.614771127480346,0.0,12899.823407362639,17.2,0.62,0.0,0.0,7.0,1.8968592631667593
895,6,train_0366,12106.509039957831,10539.57440741842,103.95744074184205,0.0,12210.466480699673,14.2,0.64,0.0,0.0,7.0,1.8968592631667593
896,6,train_0305,12121.07397387184,10344.978312847357,84.49783128473574,0.0,12205.571805156576,14.46,0.66,0.0,0.0,7.0,1.8968592631667593
897,6,train_0032,12490.987976911376,10315.305684057024,81.53056840570244,0.0,12572.518545317078,17.9,0.64,0.0,0.0,7.0,1.8968592631667593
898,6,train_0042,12475.555706696403,10245.486603724748,74.54866037247484,0.0,12550.104367068878,15.38,0.64,0.0,0.0,7.0,1.8968592631667593
899,6,train_0369,12238.008165017865,10245.194449105506,74.51944491055056,0.0,12312.527609928416,15.0,0.7,0.0,0.0,7.0,1.8968592631667593
900,6,train_0002,12424.412436471768,10135.366851481296,63.53668514812962,0.0,12487.949121619899,13.12,0.56,0.0,0.0,7.0,1.8968592631667593
901,6,train_0025,12879.763214979703,10426.361768888866,92.63617688888662,0.0,12972.39939186859,15.26,0.64,0.0,0.0,7.0,1.8968592631667593
902,6,train_0131,13351.043146645929,10495.31133744991,99.531133744991,0.0,13450.57428039092,15.22,0.56,0.0,0.0,7.0,1.8968592631667593
903,6,train_0530,13013.5167635657,10348.467694718998,84.84676947189983,0.0,13098.3635330376,16.32,0.62,0.0,0.0,7.0,1.8968592631667593
904,6,train_0275,12527.689191278438,10125.070041622614,62.50700416226137,0.0,12590.1961954407,15.9,0.64,0.0,0.0,7.0,1.8968592631667593
905,6,train_0425,12832.46317530272,10769.153785556198,126.91537855561984,0.0,12959.37855385834,13.68,0.7,0.0,0.0,7.0,1.8968592631667593
906,6,train_0246,12315.770264361301,10031.82787693286,53.18278769328609,0.0,12368.953052054587,15.94,0.52,0.0,0.0,7.0,1.8968592631667593
907,6,train_0103,12198.591131755482,9886.046028018838,38.604602801883814,0.0,12237.195734557366,15.9,0.68,0.0,0.0,7.0,1.8968592631667593
908,6,train_0222,12586.9614078175,10199.471935808115,69.94719358081147,0.0,12656.90860139831,17.7,0.58,0.0,0.0,7.0,1.8968592631667593
909,6,train_0055,12469.141387289295,10296.352758794228,79.6352758794228,0.0,12548.77666316872,14.3,0.68,0.0,0.0,7.0,1.8968592631667593
910,6,train_0462,12554.53672993494,10298.647859654182,79.8647859654182,0.0,12634.401515900357,17.14,0.64,0.0,0.0,7.0,1.8968592631667593
911,6,train_0110,12394.74012051119,10430.752191483396,93.07521914833961,0.0,12487.815339659528,17.82,0.62,0.0,0.0,7.0,1.8968592631667593
912,6,train_0225,12636.67949751289,10293.531807782329,79.35318077823285,0.0,12716.032678291123,16.18,0.64,0.0,0.0,7.0,1.8968592631667593
913,6,train_0588,12340.127112617065,10219.300944503257,71.93009445032567,0.0,12412.057207067392,16.64,0.72,0.0,0.0,7.0,1.8968592631667593
914,6,train_0355,12686.760335335963,10291.37139782609,79.13713978260894,0.0,12765.897475118572,15.9,0.78,0.0,0.0,7.0,1.8968592631667593
915,6,train_0275,12360.18331876861,10362.249354728032,86.2249354728032,0.0,12446.408254241413,15.1,0.72,0.0,0.0,7.0,1.8968592631667593
916,6,train_0325,12124.680126274085,10564.149588335807,106.41495883358076,0.0,12231.095085107665,13.8,0.62,0.0,0.0,7.0,1.8968592631667593
917,6,train_0470,12102.990654824302,10173.2047379706,67.32047379706,0.0,12170.31112862136,17.3,0.64,0.0,0.0,7.0,1.8968592631667593
918,6,train_0152,12348.238594132677,10220.086443201195,72.0086443201195,0.0,12420.247238452797,13.68,0.56,0.0,0.0,7.0,1.8968592631667593
919,6,train_0381,12293.744055560801,10061.023476188904,56.10234761889042,0.0,12349.846403179692,16.16,0.6,0.0,0.0,7.0,1.8968592631667593
920,6,train_0523,12405.299964577087,10034.282263352601,53.42822633526012,0.0,12458.728190912347,15.82,0.64,0.0,0.0,7.0,1.8968592631667593
921,6,train_0343,12891.415441388152,11046.355931525588,154.6355931525588,0.0,13046.051034540711,16.92,0.7,0.0,0.0,7.0,1.8968592631667593
922,6,train_0267,12599.646253116174,10099.722430034522,59.97224300345224,0.0,12659.618496119627,17.26,0.62,0.0,0.0,7.0,1.8968592631667593
923,6,train_0087,12338.568791486043,10747.355756509323,124.73557565093233,0.0,12463.304367136974,16.6,0.62,0.0,0.0,7.0,1.8968592631667593
924,6,train_0148,12352.684219548111,10379.861737952862,87.98617379528623,0.0,12440.670393343398,16.56,0.64,0.0,0.0,7.0,1.8968592631667593
925,6,train_0567,13018.97357877358,11051.90240453663,155.19024045366297,0.0,13174.163819227244,17.36,0.64,0.0,0.0,7.0,1.8968592631667593
926,6,train_0324,12569.589255458151,10205.020537723478,70.5020537723478,0.0,12640.0913092305,14.32,0.72,0.0,0.0,7.0,1.8968592631667593
927,6,train_0180,12519.914861878544,10651.787928531725,115.1787928531725,0.0,12635.093654731716,17.34,0.62,0.0,0.0,7.0,1.8968592631667593
928,6,train_0251,12140.876381908216,10459.049105769005,95.90491057690052,0.0,12236.781292485117,15.06,0.7,0.0,0.0,7.0,1.8968592631667593
929,6,train_0346,12689.972858102949,10516.887417956574,101.68874179565738,0.0,12791.661599898605,16.08,0.66,0.0,0.0,7.0,1.8968592631667593
930,6,train_0322,12327.600674684263,10249.189275214958,74.91892752149579,0.0,12402.519602205759,14.86,0.6,0.0,0.0,7.0,1.8968592631667593
931,6,train_0419,12683.895529203463,10358.49817307357,85.84981730735709,0.0,12769.74534651082,15.84,0.7,0.0,0.0,7.0,1.8968592631667593
932,6,train_0154,12470.7392718657,10513.605423368708,101.36054233687082,0.0,12572.099814202571,17.94,0.68,0.0,0.0,7.0,1.8968592631667593
933,6,train_0389,12306.691566377947,10437.073933414777,93.70739334147765,0.0,12400.398959719425,16.52,0.76,0.0,0.0,7.0,1.8968592631667593
934,6,train_0265,12967.721738631346,9735.751200631377,23.57512006313773,0.0,12991.296858694484,15.38,0.54,0.0,0.0,7.0,1.8968592631667593
935,6,train_0564,12392.975362310643,10450.985999850069,95.09859998500689,0.0,12488.07396229565,16.5,0.56,0.0,0.0,7.0,1.8968592631667593
936,6,train_0094,11965.615284389123,10104.486331244381,60.44863312443813,0.0,12026.063917513562,17.54,0.76,0.0,0.0,7.0,1.8968592631667593
937,6,train_0089,12892.647302052334,10313.596659635594,81.3596659635594,0.0,12974.006968015892,16.26,0.78,0.0,0.0,7.0,1.8968592631667593
938,6,train_0276,12695.981707649753,9877.228424651295,37.722842465129546,0.0,12733.704550114882,15.5,0.64,0.0,0.0,7.0,1.8968592631667593
939,6,train_0305,12518.463645981436,10212.635524550464,71.26355245504638,0.0,12589.727198436482,16.46,0.76,0.0,0.0,7.0,1.8968592631667593
940,6,train_0414,12443.098748968056,10053.25604673783,55.32560467378298,0.0,12498.424353641838,13.54,0.58,0.0,0.0,7.0,1.8968592631667593
941,6,train_0242,12789.025962224241,10251.21754267723,75.121754267723,0.0,12864.147716491963,15.14,0.66,0.0,0.0,7.0,1.8968592631667593
942,6,train_0548,12461.006830089227,10172.312495319531,67.23124953195311,0.0,12528.23807962118,16.42,0.64,0.0,0.0,7.0,1.8968592631667593
943,6,train_0284,12335.285251038618,10495.305744147043,99.53057441470429,0.0,12434.815825453323,16.16,0.72,0.0,0.0,7.0,1.8968592631667593
944,6,train_0077,12217.023025789473,10084.614546289871,58.46145462898713,0.0,12275.48448041846,16.0,0.64,0.0,0.0,7.0,1.8968592631667593
945,6,train_0071,12594.044352891342,10618.53897651958,111.85389765195796,0.0,12705.8982505433,15.02,0.54,0.0,0.0,7.0,1.8968592631667593
946,6,train_0584,12204.216329436997,9928.795587209153,42.87955872091534,0.0,12247.095888157912,16.58,0.6,0.0,0.0,7.0,1.8968592631667593
947,6,train_0080,12851.228845409518,10209.541569769415,70.95415697694152,0.0,12922.183002386459,16.52,0.6,0.0,0.0,7.0,1.8968592631667593
948,6,train_0568,12653.650320225632,10817.87352208536,131.78735220853596,0.0,12785.437672434167,15.6,0.56,0.0,0.0,7.0,1.8968592631667593
949,6,train_0166,11983.638427172551,10422.9646112546,92.29646112545998,0.0,12075.93488829801,15.0,0.78,0.0,0.0,7.0,1.8968592631667593
950,6,train_0056,11747.86520033388,9719.151700457078,21.915170045707782,0.0,11769.780370379587,16.66,0.58,0.0,0.0,7.0,1.8968592631667593
951,6,train_0182,12797.82986710538,10568.252941809136,106.82529418091363,0.0,12904.655161286293,16.0,0.7,0.0,0.0,7.0,1.8968592631667593
952,6,train_0368,12447.754978945857,10488.152966394475,98.81529663944748,0.0,12546.570275585305,15.54,0.62,0.0,0.0,7.0,1.8968592631667593
953,6,train_0256,12739.473721163518,10056.865048845695,55.686504884569516,0.0,12795.160226048089,16.08,0.58,0.0,0.0,7.0,1.8968592631667593
954,6,train_0471,12642.676249181815,10360.056088283744,86.00560882837436,0.0,12728.68185801019,15.52,0.64,0.0,0.0,7.0,1.8968592631667593
955,6,train_0366,12245.048844627392,10219.283145980371,71.9283145980371,0.0,12316.97715922543,16.48,0.6,0.0,0.0,7.0,1.8968592631667593
956,6,train_0240,13198.341532639324,10652.822916004396,115.28229160043958,0.0,13313.623824239763,15.6,0.64,0.0,0.0,7.0,1.8968592631667593
957,6,train_0380,12186.990131692799,10148.199721668861,64.81997216688615,0.0,12251.810103859685,17.08,0.58,0.0,0.0,7.0,1.8968592631667593
958,6,train_0582,12437.2799395099,10651.04573016834,115.10457301683401,0.0,12552.384512526733,15.28,0.72,0.0,0.0,7.0,1.8968592631667593
959,6,train_0247,12686.025435089648,10227.005303269416,72.70053032694159,0.0,12758.72596541659,15.66,0.72,0.0,0.0,7.0,1.8968592631667593
960,6,train_0092,12704.57097964381,10263.038955635293,76.3038955635293,0.0,12780.874875207339,17.62,0.72,0.0,0.0,7.0,1.8968592631667593
961,6,train_0245,12060.399911201155,10010.09323411921,51.009323411920924,0.0,12111.409234613076,15.0,0.62,0.0,0.0,7.0,1.8968592631667593
962,6,train_0504,12522.8330149369,10323.909587538543,82.39095875385429,0.0,12605.223973690754,15.56,0.68,0.0,0.0,7.0,1.8968592631667593
963,6,train_0130,12366.197061225674,10203.87383596935,70.38738359693507,0.0,12436.584444822609,14.84,0.6,0.0,0.0,7.0,1.8968592631667593
964,6,train_0569,12594.897888696025,9774.070294579815,27.40702945798148,0.0,12622.304918154006,15.78,0.6,0.0,0.0,7.0,1.8968592631667593
965,6,train_0352,11943.800217487289,10231.285477758438,73.1285477758438,0.0,12016.928765263132,16.58,0.62,0.0,0.0,7.0,1.8968592631667593
966,6,train_0360,12436.913824827509,10170.502068601738,67.05020686017379,0.0,12503.964031687683,17.14,0.78,0.0,0.0,7.0,1.8968592631667593
967,6,train_0190,12961.280894619262,10626.003121507081,112.60031215070813,0.0,13073.88120676997,16.22,0.66,0.0,0.0,7.0,1.8968592631667593
968,6,train_0552,12731.879149269515,10307.362298460259,80.73622984602589,0.0,12812.615379115541,14.56,0.72,0.0,0.0,7.0,1.8968592631667593
969,6,train_0021,13047.450616885591,10177.804048960901,67.78040489609012,0.0,13115.231021781681,18.34,0.62,0.0,0.0,7.0,1.8968592631667593
970,6,train_0179,12292.019886974662,10261.245741250768,76.12457412507683,0.0,12368.144461099739,14.24,0.7,0.0,0.0,7.0,1.8968592631667593
971,6,train_0251,12246.910773910877,10535.73967323389,103.57396732338894,0.0,12350.484741234266,14.94,0.62,0.0,0.0,7.0,1.8968592631667593
972,6,train_0286,12752.781415194904,10535.305479743858,103.53054797438581,0.0,12856.31196316929,14.56,0.54,0.0,0.0,7.0,1.8968592631667593
973,6,train_0284,12429.292812438394,10259.060284323681,75.90602843236812,0.0,12505.198840870762,16.58,0.66,0.0,0.0,7.0,1.8968592631667593
974,6,train_0088,12494.57071189478,10514.067432066206,101.40674320662056,0.0,12595.9774551014,16.06,0.64,0.0,0.0,7.0,1.8968592631667593
975,6,train_0135,13091.904500407087,9857.030972895618,35.70309728956181,0.0,13127.60759769665,17.86,0.54,0.0,0.0,7.0,1.8968592631667593
976,6,train_0057,12065.011913068389,10394.787954097403,89.47879540974027,0.0,12154.49070847813,13.02,0.66,0.0,0.0,7.0,1.8968592631667593
977,6,train_0343,12898.303477422269,10940.38619688038,144.03861968803795,0.0,13042.342097110306,16.74,0.56,0.0,0.0,7.0,1.8968592631667593
978,6,train_0210,12349.360960520724,10054.416984097585,55.441698409758466,0.0,12404.802658930483,15.16,0.7,0.0,0.0,7.0,1.8968592631667593
979,6,train_0339,12875.818317895433,10262.293062643843,76.22930626438429,0.0,12952.047624159817,17.98,0.76,0.0,0.0,7.0,1.8968592631667593
980,6,train_0353,12342.025385376182,10180.118359998203,68.01183599982032,0.0,12410.037221376002,16.88,0.7,0.0,0.0,7.0,1.8968592631667593
981,6,train_0421,12731.658704948111,10382.187460659292,88.2187460659292,0.0,12819.877451014041,15.18,0.54,0.0,0.0,7.0,1.8968592631667593
982,6,train_0328,12526.021627593269,10516.250689345801,101.62506893458013,0.0,12627.646696527849,16.06,0.64,0.0,0.0,7.0,1.8968592631667593
983,6,train_0388,12509.276190801964,10336.46743784745,83.64674378474501,0.0,12592.92293458671,14.88,0.7,0.0,0.0,7.0,1.8968592631667593
984,6,train_0352,11902.625096371408,10216.989478236414,71.69894782364136,0.0,11974.32404419505,15.98,0.54,0.0,0.0,7.0,1.8968592631667593
985,6,train_0391,12549.06432658856,10286.048324655945,78.60483246559453,0.0,12627.669159054154,15.3,0.6,0.0,0.0,7.0,1.8968592631667593
986,6,train_0369,12226.426976062405,10301.70455448706,80.17045544870598,0.0,12306.59743151111,13.82,0.76,0.0,0.0,7.0,1.8968592631667593
987,6,train_0189,12506.736359900098,10088.677322582473,58.86773225824727,0.0,12565.604092158346,14.78,0.62,0.0,0.0,7.0,1.8968592631667593
988,6,train_0147,12852.564631347024,10274.137454672833,77.4137454672833,0.0,12929.978376814308,16.74,0.72,0.0,0.0,7.0,1.8968592631667593
989,6,train_0472,12472.334921722479,10726.218222081608,122.62182220816085,0.0,12594.95674393064,16.36,0.6,0.0,0.0,7.0,1.8968592631667593
990,6,train_0205,12543.353482323824,10423.839376714212,92.38393767142117,0.0,12635.737419995245,16.02,0.64,0.0,0.0,7.0,1.8968592631667593
991,6,train_0329,12617.742785709694,9847.92734806615,34.792734806615044,0.0,12652.535520516309,17.12,0.62,0.0,0.0,7.0,1.8968592631667593
992,6,train_0118,12522.404761462023,10276.039438560963,77.60394385609635,0.0,12600.00870531812,15.18,0.62,0.0,0.0,7.0,1.8968592631667593
993,6,train_0258,12877.36083148506,10387.149990051385,88.71499900513845,0.0,12966.0758304902,15.5,0.68,0.0,0.0,7.0,1.8968592631667593
994,6,train_0317,12177.31578754475,10312.266625929933,81.2266625929933,0.0,12258.542450137744,14.66,0.64,0.0,0.0,7.0,1.8968592631667593
995,6,train_0375,12657.21455876007,10349.810380431822,84.98103804318217,0.0,12742.195596803253,15.44,0.62,0.0,0.0,7.0,1.8968592631667593
996,6,train_0315,13025.82878058622,10444.910571421122,94.4910571421122,0.0,13120.319837728332,15.88,0.66,0.0,0.0,7.0,1.8968592631667593
997,6,train_0216,12208.16502420018,10310.783055737784,81.07830557377838,0.0,12289.243329773959,18.12,0.58,0.0,0.0,7.0,1.8968592631667593
998,6,train_0577,13190.554348999704,10589.616443070003,108.96164430700028,0.0,13299.515993306704,15.78,0.64,0.0,0.0,7.0,1.8968592631667593
999,6,train_0307,12354.20245161423,10231.055750134505,73.10557501345048,0.0,12427.308026627681,17.38,0.66,0.0,0.0,7.0,1.8968592631667593
1000,6,train_0484,12383.603867759677,10158.829641647962,65.88296416479625,0.0,12449.486831924474,13.8,0.54,0.0,0.0,7.0,1.8968592631667593
1001,6,train_0442,12380.034218055072,10373.747610986637,87.37476109866367,0.0,12467.408979153735,14.02,0.7,0.0,0.0,7.0,1.8968592631667593
1002,6,train_0334,12522.181181803422,9966.28611646379,46.62861164637907,0.0,12568.809793449802,16.94,0.7,0.0,0.0,7.0,1.8968592631667593
1003,6,train_0531,12480.685133509698,10502.80452367328,100.28045236732797,0.0,12580.965585877026,16.48,0.68,0.0,0.0,7.0,1.8968592631667593
1004,6,train_0076,12823.280687410575,9968.42179247084,46.84217924708392,0.0,12870.122866657659,15.46,0.54,0.0,0.0,7.0,1.8968592631667593
1005,6,train_0552,12417.318320555793,10246.289488175398,74.62894881753982,0.0,12491.947269373333,12.88,0.7,0.0,0.0,7.0,1.8968592631667593
1006,6,train_0510,12712.542354018338,10542.505595265997,104.25055952659969,0.0,12816.792913544938,15.66,0.62,0.0,0.0,7.0,1.8968592631667593
1007,6,train_0302,12746.006126642504,10315.349565108894,81.53495651088943,0.0,12827.541083153394,15.48,0.66,0.0,0.0,7.0,1.8968592631667593
1008,6,train_0440,12641.37423141585,10682.155527707126,118.21555277071258,0.0,12759.589784186563,16.2,0.68,0.0,0.0,7.0,1.8968592631667593
1009,6,train_0312,12212.024609304579,9846.864563053294,34.68645630532938,0.0,12246.711065609908,15.54,0.7,0.0,0.0,7.0,1.8968592631667593
1010,6,train_0161,12427.01141559639,10563.29161063311,106.32916106331105,0.0,12533.3405766597,14.72,0.76,0.0,0.0,7.0,1.8968592631667593
1011,6,train_0479,12980.616719023546,10454.118441741548,95.4118441741548,0.0,13076.028563197702,17.06,0.78,0.0,0.0,7.0,1.8968592631667593
1012,6,train_0147,12849.727931462827,10292.71535001373,79.27153500137302,0.0,12928.9994664642,15.34,0.58,0.0,0.0,7.0,1.8968592631667593
1013,6,train_0188,12694.914645294,10214.654288241407,71.46542882414069,0.0,12766.38007411814,14.2,0.7,0.0,0.0,7.0,1.8968592631667593
1014,6,train_0311,12487.627457044142,10396.689903372746,89.6689903372746,0.0,12577.296447381417,15.66,0.62,0.0,0.0,7.0,1.8968592631667593
1015,6,train_0502,12311.310671229869,10660.357647439403,116.03576474394032,0.0,12427.346435973808,14.64,0.64,0.0,0.0,7.0,1.8968592631667593
1016,6,train_0230,12338.695791438531,10434.084740375874,93.40847403758744,0.0,12432.104265476119,16.1,0.76,0.0,0.0,7.0,1.8968592631667593
1017,6,train_0296,12773.648526114574,10208.267160002384,70.82671600023842,0.0,12844.475242114811,15.02,0.66,0.0,0.0,7.0,1.8968592631667593
1018,6,train_0024,12140.963715711097,9997.06777949023,49.70677794902295,0.0,12190.67049366012,16.24,0.56,0.0,0.0,7.0,1.8968592631667593
1019,6,train_0069,12222.143781081752,10490.22989461041,99.02298946104094,0.0,12321.166770542792,18.7,0.68,0.0,0.0,7.0,1.8968592631667593
1020,6,train_0033,13039.248497954992,10480.284701398174,98.02847013981737,0.0,13137.27696809481,15.94,0.54,0.0,0.0,7.0,1.8968592631667593
1021,6,train_0043,12257.96790861523,10304.036438167943,80.40364381679429,0.0,12338.371552432025,17.02,0.64,0.0,0.0,7.0,1.8968592631667593
1022,6,train_0521,12742.783344803842,10160.243539351159,66.02435393511587,0.0,12808.807698738958,18.64,0.72,0.0,0.0,7.0,1.8968592631667593
1023,6,train_0505,12832.261294734719,10358.951762793866,85.89517627938659,0.0,12918.156471014105,15.48,0.66,0.0,0.0,7.0,1.8968592631667593
1024,7,train_0493,12069.32755177849,10323.23941142351,82.32394114235103,0.0,12151.65149292084,16.5,0.68,0.0,0.0,7.0,1.8968592631667593
1025,7,train_0033,12486.5277089814,10581.909048735159,108.19090487351588,0.0,12594.718613854917,16.3,0.74,0.0,0.0,7.0,1.8968592631667593
1026,7,train_0046,12072.304110580884,10197.458537265167,69.74585372651673,0.0,12142.049964307402,18.66,0.74,0.0,0.0,7.0,1.8968592631667593
1027,7,train_0168,12950.263304002425,10304.439924196595,80.44399241965948,0.0,13030.707296422084,17.34,0.7,0.0,0.0,7.0,1.8968592631667593
1028,7,train_0339,12881.772651976109,10193.325433306745,69.33254333067453,0.0,12951.105195306784,15.2,0.6,0.0,0.0,7.0,1.8968592631667593
1029,7,train_0200,12544.894676465425,10198.117097248043,69.81170972480432,0.0,12614.70638619023,16.84,0.7,0.0,0.0,7.0,1.8968592631667593
1030,7,train_0292,12945.521865794184,9933.238603510112,43.32386035101118,0.0,12988.845726145195,17.26,0.66,0.0,0.0,7.0,1.8968592631667593
1031,7,train_0103,12186.530963637406,9959.519027716724,45.951902771672394,0.0,12232.482866409078,17.58,0.7,0.0,0.0,7.0,1.8968592631667593
1032,7,train_0438,12229.537305625501,10238.27026925573,73.82702692557305,0.0,12303.364332551075,16.78,0.6,0.0,0.0,7.0,1.8968592631667593
1033,7,train_0188,12583.450581872024,10485.207093685887,98.52070936858873,0.0,12681.971291240614,12.66,0.66,0.0,0.0,7.0,1.8968592631667593
1034,7,train_0039,12421.37080356665,10700.12430789428,120.01243078942808,0.0,12541.383234356077,17.24,0.6,0.0,0.0,7.0,1.8968592631667593
1035,7,train_0445,12899.537788697831,10518.155659226097,101.81556592260968,0.0,13001.353354620442,18.06,0.68,0.0,0.0,7.0,1.8968592631667593
1036,7,train_0541,12526.280732313755,10355.647426052848,85.56474260528485,0.0,12611.84547491904,16.88,0.68,0.0,0.0,7.0,1.8968592631667593
1037,7,train_0008,12523.870887930425,10139.354542976465,63.935454297646544,0.0,12587.806342228072,14.42,0.72,0.0,0.0,7.0,1.8968592631667593
1038,7,train_0262,12794.937553202375,10376.416926989183,87.64169269891828,0.0,12882.579245901294,16.68,0.64,0.0,0.0,7.0,1.8968592631667593
1039,7,train_0496,12295.744125567573,10242.342967217906,74.23429672179064,0.0,12369.978422289363,17.82,0.64,0.0,0.0,7.0,1.8968592631667593
1040,7,train_0423,12169.109631255931,10195.636087969167,69.56360879691674,0.0,12238.673240052847,17.98,0.7,0.0,0.0,7.0,1.8968592631667593
1041,7,train_0513,12465.233419758997,10245.779216316027,74.57792163160266,0.0,12539.8113413906,15.26,0.58,0.0,0.0,7.0,1.8968592631667593
1042,7,train_0249,12583.059109859805,10204.551433866654,70.45514338666544,0.0,12653.51425324647,15.32,0.64,0.0,0.0,7.0,1.8968592631667593
1043,7,train_0223,12449.922696279107,10108.119577787053,60.811957778705256,0.0,12510.734654057813,14.16,0.62,0.0,0.0,7.0,1.8968592631667593
1044,7,train_0425,13136.49652838957,10398.107568236532,89.81075682365318,0.0,13226.307285213225,15.06,0.6,0.0,0.0,7.0,1.8968592631667593
1045,7,train_0092,12575.79106428348,10699.948865557351,119.99488655573515,0.0,12695.785950839214,15.96,0.62,0.0,0.0,7.0,1.8968592631667593
1046,7,train_0143,12862.328984247295,10330.77098298524,83.07709829852394,0.0,12945.406082545818,15.48,0.74,0.0,0.0,7.0,1.8968592631667593
1047,7,train_0360,12247.541969040652,10275.850871176543,77.58508711765427,0.0,12325.127056158306,17.02,0.7,0.0,0.0,7.0,1.8968592631667593
1048,7,train_0401,12276.637192242757,9844.765538619897,34.47655386198967,0.0,12311.113746104747,16.3,0.7,0.0,0.0,7.0,1.8968592631667593
1049,7,train_0071,12543.246045502488,10422.872671410605,92.28726714106051,0.0,12635.533312643549,14.42,0.62,0.0,0.0,7.0,1.8968592631667593
1050,7,train_0304,12856.633379493347,10656.849034757419,115.68490347574189,0.0,12972.318282969089,17.44,0.54,0.0,0.0,7.0,1.8968592631667593
1051,7,train_0218,12830.722542572668,10294.909741283871,79.49097412838711,0.0,12910.213516701055,15.68,0.72,0.0,0.0,7.0,1.8968592631667593
1052,7,train_0301,12908.26787588155,10648.289922297387,114.82899222973866,0.0,13023.096868111288,15.46,0.62,0.0,0.0,7.0,1.8968592631667593
1053,7,train_0575,12781.233380187565,10899.731515531275,139.97315155312754,0.0,12921.206531740692,16.58,0.74,0.0,0.0,7.0,1.8968592631667593
1054,7,train_0045,12345.50747643092,10394.939912229165,89.49399122291652,0.0,12435.001467653836,15.6,0.68,0.0,0.0,7.0,1.8968592631667593
1055,7,train_0597,12383.688192943671,10221.481405908075,72.14814059080746,0.0,12455.836333534478,16.26,0.62,0.0,0.0,7.0,1.8968592631667593
1056,7,train_0269,12166.689705587813,9811.64593130098,31.164593130098,0.0,12197.85429871791,17.3,0.62,0.0,0.0,7.0,1.8968592631667593
1057,7,train_0463,12440.574247230172,10070.626210342447,57.0626210342447,0.0,12497.636868264417,14.64,0.62,0.0,0.0,7.0,1.8968592631667593
1058,7,train_0254,12592.981414329342,10149.252872349456,64.92528723494561,0.0,12657.906701564289,17.32,0.7,0.0,0.0,7.0,1.8968592631667593
1059,7,train_0186,12495.854830410572,10253.692205752399,75.3692205752399,0.0,12571.224050985811,15.16,0.64,0.0,0.0,7.0,1.8968592631667593
1060,7,train_0462,12527.345874390008,10311.635495986913,81.16354959869132,0.0,12608.5094239887,16.94,0.8,0.0,0.0,7.0,1.8968592631667593
1061,7,train_0412,12457.243152565072,9808.504236393885,30.850423639388467,0.0,12488.093576204461,16.36,0.74,0.0,0.0,7.0,1.8968592631667593
1062,7,train_0086,11976.099402746733,9669.352150058716,16.93521500587158,0.0,11993.034617752604,14.66,0.7,0.0,0.0,7.0,1.8968592631667593
1063,7,train_0423,12114.847686433697,10219.777953802602,71.97779538026025,0.0,12186.825481813958,17.56,0.72,0.0,0.0,7.0,1.8968592631667593
1064,7,train_0451,12763.392269439066,10314.299581009192,81.42995810091925,0.0,12844.822227539986,15.64,0.72,0.0,0.0,7.0,1.8968592631667593
1065,7,train_0232,12559.589366464887,10340.997904893979,84.09979048939786,0.0,12643.689156954284,15.58,0.52,0.0,0.0,7.0,1.8968592631667593
1066,7,train_0555,12186.200061055968,10049.686717652927,54.968671765292676,0.0,12241.168732821261,17.2,0.58,0.0,0.0,7.0,1.8968592631667593
1067,7,train_0384,11995.623439375286,10254.076073589626,75.40760735896257,0.0,12071.031046734248,15.32,0.66,0.0,0.0,7.0,1.8968592631667593
1068,7,train_0200,12205.733527356513,10462.250588411436,96.22505884114362,0.0,12301.958586197657,16.4,0.58,0.0,0.0,7.0,1.8968592631667593
1069,7,train_0006,12300.597987478941,10242.810094418266,74.28100944182661,0.0,12374.878996920768,15.14,0.66,0.0,0.0,7.0,1.8968592631667593
1070,7,train_0404,13256.280266650085,10648.19484799834,114.81948479983403,0.0,13371.09975144992,17.72,0.7,0.0,0.0,7.0,1.8968592631667593
1071,7,train_0125,12302.937201729475,10185.82782007478,68.58278200747809,0.0,12371.519983736953,15.64,0.58,0.0,0.0,7.0,1.8968592631667593
1072,7,train_0453,12372.694209147505,10306.644830454607,80.66448304546066,0.0,12453.358692192965,17.12,0.56,0.0,0.0,7.0,1.8968592631667593
1073,7,train_0315,12480.73154221003,10742.507735734705,124.25077357347055,0.0,12604.9823157835,15.88,0.7,0.0,0.0,7.0,1.8968592631667593
1074,7,train_0280,12549.856306312278,10346.582303966119,84.65823039661191,0.0,12634.51453670889,16.6,0.7,0.0,0.0,7.0,1.8968592631667593
1075,7,train_0098,12205.899247668254,10210.857059520626,71.08570595206257,0.0,12276.984953620316,14.28,0.6,0.0,0.0,7.0,1.8968592631667593
1076,7,train_0426,12385.720668072718,10378.028999376846,87.80289993768457,0.0,12473.523568010402,17.06,0.64,0.0,0.0,7.0,1.8968592631667593
1077,7,train_0099,12013.293467466048,9972.790318311832,47.27903183118324,0.0,12060.572499297232,18.14,0.54,0.0,0.0,7.0,1.8968592631667593
1078,7,train_0250,12566.510696639762,10154.48749889949,65.44874988994907,0.0,12631.95944652971,15.14,0.78,0.0,0.0,7.0,1.8968592631667593
1079,7,train_0501,12823.929775257266,10945.21085197599,144.52108519759895,0.0,12968.450860454865,18.42,0.68,0.0,0.0,7.0,1.8968592631667593
1080,7,train_0552,12157.210034340005,10296.730545185572,79.6730545185572,0.0,12236.883088858562,14.38,0.66,0.0,0.0,7.0,1.8968592631667593
1081,7,train_0593,12617.510621399771,10067.799636896703,56.77996368967033,0.0,12674.290585089442,14.48,0.64,0.0,0.0,7.0,1.8968592631667593
1082,7,train_0574,12536.742559704644,10303.805651689461,80.38056516894613,0.0,12617.12312487359,13.84,0.64,0.0,0.0,7.0,1.8968592631667593
1083,7,train_0333,12674.983951506107,10444.821493696147,94.48214936961467,0.0,12769.466100875721,16.22,0.66,0.0,0.0,7.0,1.8968592631667593
1084,7,train_0120,12162.63778901055,10221.955785332058,72.19557853320585,0.0,12234.833367543757,15.9,0.6,0.0,0.0,7.0,1.8968592631667593
1085,7,train_0503,12715.979979139072,10789.374403104097,128.9374403104097,0.0,12844.917419449483,16.46,0.6,0.0,0.0,7.0,1.8968592631667593
1086,7,train_0480,12949.763089146985,10420.981615699751,92.09816156997513,0.0,13041.86125071696,14.64,0.6,0.0,0.0,7.0,1.8968592631667593
1087,7,train_0594,12015.433361799162,10176.592797046447,67.65927970464473,0.0,12083.092641503807,18.74,0.8,0.0,0.0,7.0,1.8968592631667593
1088,7,train_0390,12557.34272232863,10412.040556449338,91.20405564493376,0.0,12648.546777973565,16.48,0.72,0.0,0.0,7.0,1.8968592631667593
1089,7,train_0084,11913.677211045495,10243.346061241919,74.33460612419185,0.0,11988.011817169687,17.08,0.64,0.0,0.0,7.0,1.8968592631667593
1090,7,train_0301,12641.659864389263,10610.595342914086,111.05953429140864,0.0,12752.719398680672,15.84,0.6,0.0,0.0,7.0,1.8968592631667593
1091,7,train_0268,12571.077744742657,10381.311442531527,88.13114425315271,0.0,12659.20888899581,15.04,0.6,0.0,0.0,7.0,1.8968592631667593
1092,7,train_0505,12414.504674081072,10645.165539892427,114.51655398924268,0.0,12529.021228070314,16.98,0.74,0.0,0.0,7.0,1.8968592631667593
1093,7,train_0235,12509.691884165983,10546.24272291315,104.624272291315,0.0,12614.316156457298,15.3,0.64,0.0,0.0,7.0,1.8968592631667593
1094,7,train_0197,12381.873065076932,10882.57389358159,138.25738935815897,0.0,12520.130454435091,15.9,0.66,0.0,0.0,7.0,1.8968592631667593
1095,7,train_0048,12606.012246916649,10367.367658476574,86.73676584765745,0.0,12692.749012764307,15.68,0.74,0.0,0.0,7.0,1.8968592631667593
1096,7,train_0501,12300.779466034946,10784.364019005021,128.4364019005021,0.0,12429.215867935449,19.82,0.66,0.0,0.0,7.0,1.8968592631667593
1097,7,train_0453,12439.553548543428,10311.290469417334,81.1290469417334,0.0,12520.682595485161,18.18,0.72,0.0,0.0,7.0,1.8968592631667593
1098,7,train_0024,12233.184036752096,9981.5256140093,48.15256140093007,0.0,12281.336598153026,14.5,0.68,0.0,0.0,7.0,1.8968592631667593
1099,7,train_0260,12575.439089352027,9938.808122020571,43.880812202057136,0.0,12619.319901554083,17.58,0.66,0.0,0.0,7.0,1.8968592631667593
1100,7,train_0287,12576.2409254778,10352.711559892994,85.27115598929942,0.0,12661.512081467099,16.34,0.62,0.0,0.0,7.0,1.8968592631667593
1101,7,train_0281,12850.624995618175,10356.462708021001,85.64627080210012,0.0,12936.271266420275,16.28,0.58,0.0,0.0,7.0,1.8968592631667593
1102,7,train_0551,12152.740921467546,10394.446126128936,89.44461261289362,0.0,12242.18553408044,17.4,0.64,0.0,0.0,7.0,1.8968592631667593
1103,7,train_0090,12430.900558738365,10050.420454295236,55.04204542952357,0.0,12485.942604167889,14.26,0.74,0.0,0.0,7.0,1.8968592631667593
1104,7,train_0183,12359.753374077503,10519.198351257637,101.91983512576371,0.0,12461.673209203267,15.34,0.7,0.0,0.0,7.0,1.8968592631667593
1105,7,train_0108,12321.037120888926,10603.653902627062,110.36539026270621,0.0,12431.402511151633,19.64,0.66,0.0,0.0,7.0,1.8968592631667593
1106,7,train_0146,12502.656155428018,10306.567001284222,80.6567001284222,0.0,12583.31285555644,16.22,0.66,0.0,0.0,7.0,1.8968592631667593
1107,7,train_0544,12653.868391047872,10751.92646288302,125.19264628830206,0.0,12779.061037336174,15.14,0.64,0.0,0.0,7.0,1.8968592631667593
1108,7,train_0564,12391.19652251262,10396.575901437212,89.65759014372125,0.0,12480.854112656341,15.4,0.72,0.0,0.0,7.0,1.8968592631667593
1109,7,train_0026,11972.11969067771,10231.748715652779,73.17487156527787,0.0,12045.294562242987,15.44,0.62,0.0,0.0,7.0,1.8968592631667593
1110,7,train_0379,13103.900791932112,10763.76112409812,126.37611240981205,0.0,13230.276904341925,13.68,0.66,0.0,0.0,7.0,1.8968592631667593
1111,7,train_0139,12088.710581901032,10305.251936888333,80.52519368883333,0.0,12169.235775589865,14.66,0.64,0.0,0.0,7.0,1.8968592631667593
1112,7,train_0115,12907.684479337331,10572.636200613948,107.2636200613948,0.0,13014.948099398725,16.5,0.6,0.0,0.0,7.0,1.8968592631667593
1113,7,train_0175,12572.183717022406,9969.74865192077,46.974865192077054,0.0,12619.158582214483,17.36,0.74,0.0,0.0,7.0,1.8968592631667593
1114,7,train_0116,12347.114537355621,10341.257835230232,84.12578352302317,0.0,12431.240320878644,16.16,0.64,0.0,0.0,7.0,1.8968592631667593
1115,7,train_0294,12249.428687736407,10203.51893348835,70.35189334883508,0.0,12319.780581085242,16.34,0.64,0.0,0.0,7.0,1.8968592631667593
1116,7,train_0597,12238.533933053826,10450.806800094031,95.08068000940312,0.0,12333.61461306323,17.86,0.6,0.0,0.0,7.0,1.8968592631667593
1117,7,train_0351,12878.95440603498,10494.055287220777,99.40552872207773,0.0,12978.359934757058,16.64,0.66,0.0,0.0,7.0,1.8968592631667593
1118,7,train_0433,11850.975902079965,10313.35557920911,81.33555792091101,0.0,11932.311460000876,14.64,0.74,0.0,0.0,7.0,1.8968592631667593
1119,7,train_0295,12417.032026230849,9993.410760304216,49.341076030421576,0.0,12466.37310226127,17.02,0.72,0.0,0.0,7.0,1.8968592631667593
1120,7,train_0008,12403.198984149896,10400.861236434499,90.08612364344991,0.0,12493.285107793346,13.46,0.7,0.0,0.0,7.0,1.8968592631667593
1121,7,train_0050,12153.701304799873,10586.249124946215,108.62491249462147,0.0,12262.326217294494,14.1,0.6,0.0,0.0,7.0,1.8968592631667593
1122,7,train_0161,12559.794122818821,10300.664050233001,80.0664050233001,0.0,12639.860527842122,14.98,0.68,0.0,0.0,7.0,1.8968592631667593
1123,7,train_0146,12345.43801051555,10544.380082514184,104.43800825141844,0.0,12449.876018766969,15.12,0.64,0.0,0.0,7.0,1.8968592631667593
1124,7,train_0504,12724.733741640719,10132.913172246399,63.2913172246399,0.0,12788.025058865358,16.02,0.58,0.0,0.0,7.0,1.8968592631667593
1125,7,train_0506,12071.745020422291,10256.29106516844,75.62910651684398,0.0,12147.374126939136,15.44,0.72,0.0,0.0,7.0,1.8968592631667593
1126,7,train_0512,12549.95747579851,10218.47747899442,71.84774789944204,0.0,12621.805223697953,15.14,0.66,0.0,0.0,7.0,1.8968592631667593
1127,7,train_0382,12494.719314465723,10792.64525679524,129.264525679524,0.0,12623.983840145247,15.9,0.74,0.0,0.0,7.0,1.8968592631667593
1128,7,train_0333,12899.536594439456,10975.651231519365,147.5651231519365,0.0,13047.101717591393,15.18,0.7,0.0,0.0,7.0,1.8968592631667593
1129,7,train_0389,12296.037900711703,10268.61761113169,76.8617611131691,0.0,12372.899661824871,15.72,0.66,0.0,0.0,7.0,1.8968592631667593
1130,7,train_0244,12536.771425263581,10184.472195287643,68.44721952876425,0.0,12605.218644792345,16.8,0.66,0.0,0.0,7.0,1.8968592631667593
1131,7,train_0402,12810.89429170156,10308.668309294633,80.86683092946333,0.0,12891.761122631022,16.62,0.66,0.0,0.0,7.0,1.8968592631667593
1132,7,train_0476,12244.16934004238,10274.959786543679,77.4959786543679,0.0,12321.665318696747,17.72,0.68,0.0,0.0,7.0,1.8968592631667593
1133,7,train_0457,12800.350860794664,10209.630878102642,70.96308781026418,0.0,12871.313948604928,15.68,0.64,0.0,0.0,7.0,1.8968592631667593
1134,7,train_0368,12643.837476556084,10436.945954563475,93.69459545634746,0.0,12737.532072012431,15.38,0.76,0.0,0.0,7.0,1.8968592631667593
1135,7,train_0034,12366.085279371462,10553.191901430495,105.3191901430495,0.0,12471.404469514511,14.56,0.68,0.0,0.0,7.0,1.8968592631667593
1136,7,train_0434,12803.216597809856,10566.292336144405,106.62923361444047,0.0,12909.845831424296,15.74,0.66,0.0,0.0,7.0,1.8968592631667593
1137,7,train_0219,12513.43069908375,10401.27790460677,90.12779046067699,0.0,12603.558489544428,17.46,0.8,0.0,0.0,7.0,1.8968592631667593
1138,7,train_0446,12147.166909483007,10293.375671265841,79.33756712658415,0.0,12226.50447660959,15.4,0.68,0.0,0.0,7.0,1.8968592631667593
1139,7,train_0323,12711.627190209987,10606.723365054935,110.67233650549352,0.0,12822.29952671548,16.32,0.72,0.0,0.0,7.0,1.8968592631667593
1140,7,train_0528,12825.448369494163,9903.704552847732,40.3704552847732,0.0,12865.818824778937,14.32,0.5,0.0,0.0,7.0,1.8968592631667593
1141,7,train_0203,12808.391272856392,10698.677468996171,119.86774689961713,0.0,12928.25901975601,12.16,0.5,0.0,0.0,7.0,1.8968592631667593
1142,7,train_0558,12797.119403285205,10750.710738575352,125.07107385753517,0.0,12922.19047714274,15.8,0.74,0.0,0.0,7.0,1.8968592631667593
1143,7,train_0506,12154.429089422882,10021.97999516454,52.197999516454004,0.0,12206.627088939336,16.42,0.66,0.0,0.0,7.0,1.8968592631667593
1144,7,train_0198,12031.560234371449,9767.795025204694,26.779502520469396,0.0,12058.339736891918,15.42,0.68,0.0,0.0,7.0,1.8968592631667593
1145,7,train_0289,12462.979579295195,10715.035801038788,121.50358010387882,0.0,12584.483159399075,18.26,0.74,0.0,0.0,7.0,1.8968592631667593
1146,7,train_0318,12521.822096246104,10286.443277584964,78.64432775849637,0.0,12600.4664240046,17.62,0.74,0.0,0.0,7.0,1.8968592631667593
1147,7,train_0461,12516.299246829103,10262.520971556445,76.25209715564452,0.0,12592.551343984747,14.92,0.6,0.0,0.0,7.0,1.8968592631667593
1148,7,train_0413,12911.523251224091,10570.342696207568,107.03426962075683,0.0,13018.557520844848,15.86,0.74,0.0,0.0,7.0,1.8968592631667593
1149,7,train_0511,12278.386083361771,10115.152757734519,61.51527577345187,0.0,12339.901359135223,17.0,0.62,0.0,0.0,7.0,1.8968592631667593
1150,7,train_0221,12351.73063436296,10419.217587343706,91.92175873437064,0.0,12443.65239309733,15.98,0.64,0.0,0.0,7.0,1.8968592631667593
1151,7,train_0302,12742.031288401831,10320.078523058797,82.00785230587972,0.0,12824.039140707711,15.24,0.64,0.0,0.0,7.0,1.8968592631667593
1152,7,train_0258,13118.754157102601,10444.378729190576,94.43787291905755,0.0,13213.192030021659,15.66,0.7,0.0,0.0,7.0,1.8968592631667593
1153,7,train_0545,12478.181273724384,10073.392285740247,57.33922857402467,0.0,12535.520502298408,18.16,0.76,0.0,0.0,7.0,1.8968592631667593
1154,7,train_0182,13105.793587255088,10349.945596412683,84.99455964126828,0.0,13190.788146896357,16.96,0.52,0.0,0.0,7.0,1.8968592631667593
1155,7,train_0352,12113.607468042463,9928.017833125428,42.80178331254283,0.0,12156.409251355006,16.28,0.62,0.0,0.0,7.0,1.8968592631667593
1156,7,train_0072,12761.527195418237,10307.486294807348,80.74862948073479,0.0,12842.275824898972,15.72,0.68,0.0,0.0,7.0,1.8968592631667593
1157,7,train_0510,12941.3265492624,10519.1145338461,101.91145338460993,0.0,13043.23800264701,14.82,0.68,0.0,0.0,7.0,1.8968592631667593
1158,7,train_0230,12258.169892029733,10805.48765859929,130.54876585992898,0.0,12388.718657889662,15.72,0.54,0.0,0.0,7.0,1.8968592631667593
1159,7,train_0204,12799.592438715867,10671.206679601437,117.12066796014369,0.0,12916.71310667601,16.78,0.66,0.0,0.0,7.0,1.8968592631667593
1160,7,train_0349,12182.267099348515,10025.087342718609,52.50873427186089,0.0,12234.775833620377,15.64,0.62,0.0,0.0,7.0,1.8968592631667593
1161,7,train_0299,12802.534879071249,9899.377968531717,39.937796853171676,0.0,12842.47267592442,14.4,0.6,0.0,0.0,7.0,1.8968592631667593
1162,7,train_0508,12826.928875227139,10471.675622498376,97.16756224983766,0.0,12924.096437476976,15.44,0.72,0.0,0.0,7.0,1.8968592631667593
1163,7,train_0318,12715.367643501988,10045.463850249116,54.546385024911615,0.0,12769.914028526899,18.4,0.56,0.0,0.0,7.0,1.8968592631667593
1164,7,train_0310,12161.96557147941,10006.175067510216,50.61750675102158,0.0,12212.583078230431,14.92,0.72,0.0,0.0,7.0,1.8968592631667593
1165,7,train_0062,12140.04645380679,10231.893183375843,73.18931833758434,0.0,12213.235772144375,15.18,0.72,0.0,0.0,7.0,1.8968592631667593
1166,7,train_0013,12568.339693924163,10027.531984482397,52.753198448239715,0.0,12621.092892372402,15.98,0.42,0.0,0.0,7.0,1.8968592631667593
1167,7,train_0239,12693.230029557391,10163.99344861492,66.39934486149195,0.0,12759.629374418884,13.58,0.74,0.0,0.0,7.0,1.8968592631667593
1168,8,train_0598,12177.064818971696,10364.696435027952,86.46964350279524,0.0,12263.53446247449,15.86,0.72,0.0,0.0,7.0,1.8968592631667593
1169,8,train_0550,12443.08188932071,9923.425747207279,42.34257472072787,0.0,12485.424464041438,16.86,0.6,0.0,0.0,7.0,1.8968592631667593
1170,8,train_0377,12245.382049012234,10263.124954770792,76.31249547707921,0.0,12321.694544489314,16.92,0.76,0.0,0.0,7.0,1.8968592631667593
1171,8,train_0378,12624.46793643904,10587.405513076967,108.74055130769666,0.0,12733.208487746737,16.08,0.76,0.0,0.0,7.0,1.8968592631667593
1172,8,train_0234,12330.463727937316,10594.77370498803,109.47737049880307,0.0,12439.94109843612,14.84,0.62,0.0,0.0,7.0,1.8968592631667593
1173,8,train_0106,13263.028635512017,10091.985944316946,59.19859443169462,0.0,13322.227229943712,17.54,0.54,0.0,0.0,7.0,1.8968592631667593
1174,8,train_0005,12020.390419581323,10048.308044660564,54.830804466056364,0.0,12075.22122404738,17.5,0.72,0.0,0.0,7.0,1.8968592631667593
1175,8,train_0203,12797.335672336649,10304.911420171096,80.49114201710964,0.0,12877.826814353759,12.82,0.64,0.0,0.0,7.0,1.8968592631667593
1176,8,train_0189,12227.173103128313,10697.453345243732,119.74533452437318,0.0,12346.918437652686,16.44,0.72,0.0,0.0,7.0,1.8968592631667593
1177,8,train_0114,12355.439961600485,10291.62240299002,79.16224029900205,0.0,12434.602201899486,15.56,0.56,0.0,0.0,7.0,1.8968592631667593
1178,8,train_0155,12600.293615021132,10562.471449268132,106.24714492681323,0.0,12706.540759947944,16.6,0.64,0.0,0.0,7.0,1.8968592631667593
1179,8,train_0014,12686.79690693591,10511.06602137721,101.10660213772098,0.0,12787.90350907363,18.16,0.68,0.0,0.0,7.0,1.8968592631667593
1180,8,train_0364,12354.961736310299,10576.583541400385,107.65835414003851,0.0,12462.620090450337,18.56,0.6,0.0,0.0,7.0,1.8968592631667593
1181,8,train_0556,12182.809780407715,10697.341630997438,119.73416309974382,0.0,12302.543943507459,13.76,0.68,0.0,0.0,7.0,1.8968592631667593
1182,8,train_0414,12207.85433043665,10151.181856544845,65.11818565448448,0.0,12272.972516091135,16.6,0.6,0.0,0.0,7.0,1.8968592631667593
1183,8,train_0268,12470.301495851523,10428.74858598522,92.87485859852205,0.0,12563.176354450045,15.28,0.56,0.0,0.0,7.0,1.8968592631667593
1184,8,train_0252,12066.615962827269,10199.706653945363,69.97066539453627,0.0,12136.586628221805,16.9,0.72,0.0,0.0,7.0,1.8968592631667593
1185,8,train_0184,12482.32536812531,10474.540479063027,97.45404790630273,0.0,12579.779416031613,16.46,0.6,0.0,0.0,7.0,1.8968592631667593
1186,8,train_0085,12585.482377017846,10299.472663228556,79.94726632285565,0.0,12665.429643340702,14.96,0.6,0.0,0.0,7.0,1.8968592631667593
1187,8,train_0359,12513.499903926117,10557.365811908043,105.73658119080429,0.0,12619.23648511692,14.72,0.7,0.0,0.0,7.0,1.8968592631667593
1188,8,train_0339,12845.573365944754,10504.097030586421,100.40970305864212,0.0,12945.983069003396,17.36,0.58,0.0,0.0,7.0,1.8968592631667593
1189,8,train_0004,12438.511447106563,10849.32087927904,134.93208792790392,0.0,12573.443535034467,18.0,0.68,0.0,0.0,7.0,1.8968592631667593
1190,8,train_0249,12476.61151339893,10335.464863660138,83.54648636601378,0.0,12560.157999764944,16.26,0.68,0.0,0.0,7.0,1.8968592631667593
1191,8,train_0166,12137.329140481512,10204.031548993564,70.40315489935638,0.0,12207.732295380869,14.84,0.6,0.0,0.0,7.0,1.8968592631667593
1192,8,train_0102,12236.880049547382,10606.839019942458,110.68390199424576,0.0,12347.563951541628,14.6,0.62,0.0,0.0,7.0,1.8968592631667593
1193,8,train_0421,12795.054384230843,10694.855352108709,119.48553521087088,0.0,12914.539919441715,16.0,0.62,0.0,0.0,7.0,1.8968592631667593
1194,8,train_0315,12967.498096807567,10685.149739138531,118.51497391385311,0.0,13086.01307072142,15.48,0.62,0.0,0.0,7.0,1.8968592631667593
1195,8,train_0380,12140.470912838016,10288.577661651718,78.85776616517178,0.0,12219.328679003189,17.36,0.64,0.0,0.0,7.0,1.8968592631667593
1196,8,train_0428,12692.71307057225,10510.228226851928,101.02282268519285,0.0,12793.735893257443,17.0,0.6,0.0,0.0,7.0,1.8968592631667593
1197,8,train_0589,12212.95021092548,10303.212506238051,80.3212506238051,0.0,12293.271461549286,17.28,0.6,0.0,0.0,7.0,1.8968592631667593
1198,8,train_0481,12192.94750758039,10054.3812526641,55.438125266409955,0.0,12248.3856328468,16.5,0.74,0.0,0.0,7.0,1.8968592631667593
1199,8,train_0372,12525.46258573525,10487.64123652362,98.76412365236193,0.0,12624.22670938761,17.08,0.68,0.0,0.0,7.0,1.8968592631667593
1200,8,train_0527,12533.780034330102,10231.055018796778,73.10550187967783,0.0,12606.88553620978,15.4,0.72,0.0,0.0,7.0,1.8968592631667593
1201,8,train_0286,12754.830973038954,10502.739590329435,100.27395903294347,0.0,12855.104932071898,15.96,0.76,0.0,0.0,7.0,1.8968592631667593
1202,8,train_0590,12381.228136418526,10035.213868000175,53.52138680001754,0.0,12434.749523218543,18.34,0.7,0.0,0.0,7.0,1.8968592631667593
1203,8,train_0456,12364.243349999348,10272.069703864468,77.20697038644686,0.0,12441.450320385795,16.3,0.7,0.0,0.0,7.0,1.8968592631667593
1204,8,train_0390,12432.299321747301,10544.52427403779,104.45242740377908,0.0,12536.75174915108,17.22,0.66,0.0,0.0,7.0,1.8968592631667593
1205,8,train_0541,12720.560169013348,10522.85600564047,102.28560056404694,0.0,12822.845769577394,18.02,0.54,0.0,0.0,7.0,1.8968592631667593
1206,8,train_0309,12589.310171088922,10498.674593305877,99.86745933058774,0.0,12689.17763041951,14.26,0.56,0.0,0.0,7.0,1.8968592631667593
1207,8,train_0432,12605.773200487547,10194.534725244517,69.45347252445173,0.0,12675.226673011999,15.48,0.84,0.0,0.0,7.0,1.8968592631667593
1208,8,train_0170,11942.811847134806,10151.94213510189,65.194213510189,0.0,12008.006060644995,18.42,0.7,0.0,0.0,7.0,1.8968592631667593
1209,8,train_0577,12909.18500951711,10924.766381134019,142.4766381134019,0.0,13051.661647630512,15.0,0.6,0.0,0.0,7.0,1.8968592631667593
1210,8,train_0374,12574.510585149186,10263.908198070496,76.3908198070496,0.0,12650.901404956236,16.78,0.54,0.0,0.0,7.0,1.8968592631667593
1211,8,train_0469,12465.520263453847,10955.106394428352,145.51063944283524,0.0,12611.030902896682,16.34,0.54,0.0,0.0,7.0,1.8968592631667593
1212,8,train_0276,12401.29755821425,9910.265179368005,41.02651793680052,0.0,12442.32407615105,15.12,0.6,0.0,0.0,7.0,1.8968592631667593
1213,8,train_0520,12038.083055734263,9896.622687684972,39.662268768497235,0.0,12077.745324502761,17.84,0.56,0.0,0.0,7.0,1.8968592631667593
1214,8,train_0044,12641.508588432822,10900.392333055359,140.0392333055359,0.0,12781.547821738357,17.76,0.62,0.0,0.0,7.0,1.8968592631667593
1215,8,train_0068,12566.21049719357,10326.385188953609,82.6385188953609,0.0,12648.84901608893,14.9,0.62,0.0,0.0,7.0,1.8968592631667593
1216,8,train_0304,12561.883774488504,10653.954692877538,115.39546928775381,0.0,12677.279243776258,16.6,0.64,0.0,0.0,7.0,1.8968592631667593
1217,8,train_0439,12420.488985280126,10200.390938004562,70.03909380045626,0.0,12490.528079080583,13.82,0.5,0.0,0.0,7.0,1.8968592631667593
1218,8,train_0485,12134.419251480587,10417.84055573028,91.78405557302796,0.0,12226.203307053614,15.58,0.8,0.0,0.0,7.0,1.8968592631667593
1219,8,train_0264,12146.403969828862,10397.31799818782,89.73179981878202,0.0,12236.135769647644,15.7,0.64,0.0,0.0,7.0,1.8968592631667593
1220,8,train_0389,12441.456270700199,10361.779883768722,86.17798837687224,0.0,12527.634259077071,16.48,0.66,0.0,0.0,7.0,1.8968592631667593
1221,8,train_0331,12443.621733223095,10470.572502115983,97.05725021159833,0.0,12540.678983434693,17.38,0.7,0.0,0.0,7.0,1.8968592631667593
1222,8,train_0576,12078.819036354254,10332.185215118508,83.21852151185085,0.0,12162.037557866106,15.22,0.54,0.0,0.0,7.0,1.8968592631667593
1223,8,train_0392,12654.385956177723,10332.638353422986,83.26383534229863,0.0,12737.649791520022,14.68,0.6,0.0,0.0,7.0,1.8968592631667593
1224,8,train_0250,12822.766507066774,10264.562581397739,76.45625813977385,0.0,12899.222765206547,15.0,0.64,0.0,0.0,7.0,1.8968592631667593
1225,8,train_0581,12163.293948070417,10390.693893521486,89.06938935214858,0.0,12252.363337422566,16.84,0.62,0.0,0.0,7.0,1.8968592631667593
1226,8,train_0064,12679.137756032853,10677.396035752387,117.73960357523866,0.0,12796.877359608092,16.56,0.66,0.0,0.0,7.0,1.8968592631667593
1227,8,train_0590,12602.222126360692,10069.566342278413,56.95663422784128,0.0,12659.178760588533,17.4,0.68,0.0,0.0,7.0,1.8968592631667593
1228,8,train_0092,12733.84212475377,10427.047355466046,92.70473554660458,0.0,12826.546860300374,16.26,0.6,0.0,0.0,7.0,1.8968592631667593
1229,8,train_0172,12315.584003907086,10082.121465948941,58.21214659489415,0.0,12373.796150501981,15.46,0.66,0.0,0.0,7.0,1.8968592631667593
1230,8,train_0492,12385.192906194694,10107.235149809301,60.723514980930126,0.0,12445.916421175623,16.28,0.64,0.0,0.0,7.0,1.8968592631667593
1231,8,train_0440,12944.840948431261,10400.661815761045,90.06618157610447,0.0,13034.907130007367,15.48,0.68,0.0,0.0,7.0,1.8968592631667593
1232,8,train_0582,13251.00860631398,10019.123837532947,51.91238375329468,0.0,13302.920990067276,16.52,0.62,0.0,0.0,7.0,1.8968592631667593
1233,8,train_0449,12424.620252652918,10558.314827123222,105.83148271232221,0.0,12530.45173536524,16.94,0.74,0.0,0.0,7.0,1.8968592631667593
1234,8,train_0382,12545.113337651224,10821.603250187572,132.16032501875725,0.0,12677.27366266998,15.0,0.62,0.0,0.0,7.0,1.8968592631667593
1235,8,train_0207,12232.08206102107,9977.047446951907,47.704744695190676,0.0,12279.786805716261,15.46,0.74,0.0,0.0,7.0,1.8968592631667593
1236,8,train_0002,12514.582461394082,10304.128157371584,80.41281573715843,0.0,12594.99527713124,14.98,0.68,0.0,0.0,7.0,1.8968592631667593
1237,8,train_0074,12600.006170209543,10477.04937746069,97.70493774606894,0.0,12697.711107955613,16.4,0.68,0.0,0.0,7.0,1.8968592631667593
1238,8,train_0178,12266.820263466903,10048.343860997593,54.834386099759286,0.0,12321.654649566663,15.64,0.62,0.0,0.0,7.0,1.8968592631667593
1239,8,train_0024,11927.407163858152,10107.556838300112,60.755683830011186,0.0,11988.162847688163,16.14,0.76,0.0,0.0,7.0,1.8968592631667593
1240,8,train_0304,12930.431005785638,10430.938873259167,93.0938873259167,0.0,13023.524893111555,16.44,0.66,0.0,0.0,7.0,1.8968592631667593
1241,8,train_0466,12236.763026528639,10681.713091134727,118.17130911347267,0.0,12354.934335642112,17.36,0.64,0.0,0.0,7.0,1.8968592631667593
1242,8,train_0577,13145.333846922675,10889.251338364225,138.92513383642253,0.0,13284.258980759098,15.68,0.7,0.0,0.0,7.0,1.8968592631667593
1243,8,train_0293,12180.00563835361,9937.483505608245,43.74835056082448,0.0,12223.753988914435,14.42,0.7,0.0,0.0,7.0,1.8968592631667593
1244,8,train_0525,12219.551558462375,10189.121182296072,68.91211822960723,0.0,12288.463676691983,15.68,0.66,0.0,0.0,7.0,1.8968592631667593
1245,8,train_0591,12485.338784036212,10524.89753991938,102.48975399193806,0.0,12587.82853802815,16.6,0.74,0.0,0.0,7.0,1.8968592631667593
1246,8,train_0515,12588.544587694672,10371.956914647542,87.19569146475425,0.0,12675.740279159427,17.76,0.62,0.0,0.0,7.0,1.8968592631667593
1247,8,train_0278,12470.416779276002,10414.558646690497,91.4558646690497,0.0,12561.872643945051,15.7,0.7,0.0,0.0,7.0,1.8968592631667593
1248,8,train_0195,12378.76736820319,10814.011381236978,131.40113812369782,0.0,12510.168506326887,18.48,0.66,0.0,0.0,7.0,1.8968592631667593
1249,8,train_0586,12468.957730258924,10162.443232322626,66.24432323226266,0.0,12535.202053491186,15.98,0.7,0.0,0.0,7.0,1.8968592631667593
1250,8,train_0145,12470.449140980294,10238.18078152022,73.81807815202193,0.0,12544.267219132316,14.86,0.58,0.0,0.0,7.0,1.8968592631667593
1251,8,train_0246,12189.459006607738,10323.738690802926,82.37386908029258,0.0,12271.832875688031,15.22,0.66,0.0,0.0,7.0,1.8968592631667593
1252,8,train_0044,12641.63038074238,10557.461298997598,105.74612989975977,0.0,12747.37651064214,16.18,0.6,0.0,0.0,7.0,1.8968592631667593
1253,8,train_0476,12372.47209142239,10232.052141436932,73.20521414369323,0.0,12445.677305566083,17.8,0.56,0.0,0.0,7.0,1.8968592631667593
1254,8,train_0389,12293.419501812034,10261.289842169212,76.12898421692117,0.0,12369.548486028954,15.34,0.72,0.0,0.0,7.0,1.8968592631667593
1255,8,train_0050,12432.94619625426,10343.926551584449,84.39265515844491,0.0,12517.338851412704,15.64,0.7,0.0,0.0,7.0,1.8968592631667593
1256,8,train_0133,12740.67542541184,10428.717398194241,92.87173981942415,0.0,12833.547165231264,16.22,0.52,0.0,0.0,7.0,1.8968592631667593
1257,8,train_0333,12810.371326956254,10689.005926470409,118.90059264704087,0.0,12929.271919603296,15.38,0.68,0.0,0.0,7.0,1.8968592631667593
1258,8,train_0324,12456.580705793182,10400.627189830222,90.06271898302221,0.0,12546.643424776204,14.92,0.66,0.0,0.0,7.0,1.8968592631667593
1259,8,train_0481,12164.092167348426,10207.071881767466,70.70718817674661,0.0,12234.799355525172,16.02,0.7,0.0,0.0,7.0,1.8968592631667593
1260,8,train_0159,12237.574108800924,9858.668673480297,35.8668673480297,0.0,12273.440976148953,16.76,0.56,0.0,0.0,7.0,1.8968592631667593
1261,8,train_0554,12303.551376062507,10166.74253267852,66.67425326785197,0.0,12370.22562933036,13.04,0.56,0.0,0.0,7.0,1.8968592631667593
1262,8,train_0266,12583.20456210528,10644.227445617895,114.42274456178949,0.0,12697.62730666707,14.72,0.66,0.0,0.0,7.0,1.8968592631667593
1263,8,train_0493,12123.115486831364,10026.901893133028,52.69018931330284,0.0,12175.805676144668,15.58,0.78,0.0,0.0,7.0,1.8968592631667593
1264,8,train_0143,12687.7375319428,10542.690089156209,104.26900891562092,0.0,12792.00654085842,14.28,0.76,0.0,0.0,7.0,1.8968592631667593
1265,8,train_0022,12683.057047440416,10491.420830523224,99.14208305232242,0.0,12782.199130492738,16.18,0.64,0.0,0.0,7.0,1.8968592631667593
1266,8,train_0033,12537.926896871737,10586.721133013212,108.67211330132123,0.0,12646.599010173059,15.54,0.58,0.0,0.0,7.0,1.8968592631667593
1267,8,train_0223,12357.148684956568,10418.339930060514,91.83399300605143,0.0,12448.98267796262,14.7,0.62,0.0,0.0,7.0,1.8968592631667593
1268,8,train_0571,12695.529003272608,10087.718755384165,58.7718755384165,0.0,12754.300878811024,15.28,0.7,0.0,0.0,7.0,1.8968592631667593
1269,8,train_0029,12287.845563754952,10262.674005448549,76.26740054485491,0.0,12364.112964299808,16.76,0.6,0.0,0.0,7.0,1.8968592631667593
1270,8,train_0221,12443.79097172335,10326.930515344946,82.6930515344946,0.0,12526.484023257844,16.34,0.68,0.0,0.0,7.0,1.8968592631667593
1271,8,train_0065,12407.573823349303,10509.9797878762,100.99797878762001,0.0,12508.571802136923,12.86,0.7,0.0,0.0,7.0,1.8968592631667593
1272,8,train_0558,12727.848521899834,10920.440405462115,142.04404054621156,0.0,12869.892562446046,15.72,0.68,0.0,0.0,7.0,1.8968592631667593
1273,8,train_0405,12597.798389998243,10648.354865218043,114.83548652180434,0.0,12712.633876520047,15.44,0.68,0.0,0.0,7.0,1.8968592631667593
1274,8,train_0457,12430.310224920311,10539.728939764846,103.97289397648456,0.0,12534.283118896796,14.52,0.54,0.0,0.0,7.0,1.8968592631667593
1275,8,train_0427,12535.870121114116,10197.375974690154,69.73759746901543,0.0,12605.607718583131,16.1,0.56,0.0,0.0,7.0,1.8968592631667593
1276,8,train_0394,12621.357355153272,10463.888153264594,96.38881532645938,0.0,12717.746170479732,16.8,0.6,0.0,0.0,7.0,1.8968592631667593
1277,8,train_0464,12534.197941012148,10129.629947720994,62.962994772099414,0.0,12597.160935784246,16.94,0.66,0.0,0.0,7.0,1.8968592631667593
1278,8,train_0004,12659.268894400333,10634.803977257725,113.48039772577249,0.0,12772.749292126106,17.22,0.58,0.0,0.0,7.0,1.8968592631667593
1279,8,train_0519,12917.46282185171,10481.924750122282,98.19247501222817,0.0,13015.655296863939,16.94,0.62,0.0,0.0,7.0,1.8968592631667593
1280,8,train_0443,13186.534461341078,10372.971166754762,87.29711667547618,0.0,13273.831578016554,17.46,0.66,0.0,0.0,7.0,1.8968592631667593
1281,8,train_0443,12920.499042090158,10733.403406439593,123.34034064395928,0.0,13043.839382734117,15.72,0.68,0.0,0.0,7.0,1.8968592631667593
1282,8,train_0236,12368.87322659601,10276.831184333923,77.68311843339234,0.0,12446.556345029403,17.16,0.8,0.0,0.0,7.0,1.8968592631667593
1283,8,train_0480,12693.195869126834,10491.083794108643,99.1083794108643,0.0,12792.304248537697,15.18,0.68,0.0,0.0,7.0,1.8968592631667593
1284,8,train_0229,12988.192733764101,10397.558431555459,89.75584315554589,0.0,13077.948576919647,14.74,0.66,0.0,0.0,7.0,1.8968592631667593
1285,8,train_0029,12102.64296448755,10583.671062309462,108.36710623094623,0.0,12211.010070718496,15.86,0.62,0.0,0.0,7.0,1.8968592631667593
1286,8,train_0544,12984.639790845988,10461.086456867113,96.10864568671133,0.0,13080.748436532698,15.84,0.74,0.0,0.0,7.0,1.8968592631667593
1287,8,train_0140,12216.1598468648,10215.561543327807,71.55615433278072,0.0,12287.716001197581,15.62,0.56,0.0,0.0,7.0,1.8968592631667593
1288,8,train_0061,12145.53914326812,10464.91521079012,96.4915210790121,0.0,12242.030664347132,14.48,0.74,0.0,0.0,7.0,1.8968592631667593
1289,8,train_0373,12643.017766634472,10366.105406521336,86.61054065213358,0.0,12729.628307286604,17.02,0.54,0.0,0.0,7.0,1.8968592631667593
1290,8,train_0140,12121.396555270625,10877.390805544046,137.7390805544046,0.0,12259.13563582503,15.88,0.68,0.0,0.0,7.0,1.8968592631667593
1291,8,train_0514,12273.560458514854,10358.402730087499,85.84027300874988,0.0,12359.400731523603,14.46,0.58,0.0,0.0,7.0,1.8968592631667593
1292,8,train_0266,12395.327497097958,10594.112019669705,109.41120196697048,0.0,12504.738699064928,14.98,0.6,0.0,0.0,7.0,1.8968592631667593
1293,8,train_0002,12352.998897401465,10256.02519931988,75.602519931988,0.0,12428.601417333453,14.16,0.7,0.0,0.0,7.0,1.8968592631667593
1294,8,train_0571,12161.315889479096,10292.075653219803,79.2075653219803,0.0,12240.523454801076,15.08,0.72,0.0,0.0,7.0,1.8968592631667593
1295,8,train_0308,12131.431537792776,10211.080933919511,71.10809339195112,0.0,12202.539631184727,17.62,0.64,0.0,0.0,7.0,1.8968592631667593
1296,8,train_0157,12449.930637751313,10246.198574523478,74.61985745234779,0.0,12524.55049520366,15.48,0.64,0.0,0.0,7.0,1.8968592631667593
1297,8,train_0406,12598.96297705567,10110.246806367257,61.024680636725684,0.0,12659.987657692394,17.0,0.58,0.0,0.0,7.0,1.8968592631667593
1298,8,train_0318,12606.347611711393,10022.728642427865,52.272864242786454,0.0,12658.62047595418,18.6,0.68,0.0,0.0,7.0,1.8968592631667593
1299,8,train_0017,12416.256845575172,10322.7203753604,82.27203753604009,0.0,12498.528883111212,16.1,0.72,0.0,0.0,7.0,1.8968592631667593
1300,8,train_0455,12537.658159240274,10806.192684398196,130.61926843981965,0.0,12668.277427680094,17.68,0.54,0.0,0.0,7.0,1.8968592631667593
1301,8,train_0240,12759.246123678062,10630.866562144696,113.08665621446963,0.0,12872.332779892531,15.48,0.58,0.0,0.0,7.0,1.8968592631667593
1302,8,train_0419,12274.876320612386,10518.913889963413,101.89138899634128,0.0,12376.767709608726,15.7,0.62,0.0,0.0,7.0,1.8968592631667593
1303,8,train_0537,12077.79934599911,10407.94169394443,90.79416939444309,0.0,12168.593515393553,16.52,0.66,0.0,0.0,7.0,1.8968592631667593
1304,8,train_0366,12381.015155141318,10210.0863040861,71.00863040861005,0.0,12452.023785549929,15.38,0.74,0.0,0.0,7.0,1.8968592631667593
1305,8,train_0402,12566.033372134083,10494.502254970756,99.45022549707556,0.0,12665.483597631159,18.58,0.72,0.0,0.0,7.0,1.8968592631667593
1306,8,train_0152,12315.919799583655,10786.322538018087,128.63225380180867,0.0,12444.552053385463,15.66,0.54,0.0,0.0,7.0,1.8968592631667593
1307,8,train_0142,12827.745422518603,10754.34771439118,125.43477143911805,0.0,12953.180193957722,15.1,0.72,0.0,0.0,7.0,1.8968592631667593
1308,8,train_0249,12723.402661629978,10744.572488711863,124.45724887118632,0.0,12847.859910501164,17.0,0.7,0.0,0.0,7.0,1.8968592631667593
1309,8,train_0511,12227.94144975684,10161.552690884546,66.15526908845459,0.0,12294.096718845294,17.5,0.68,0.0,0.0,7.0,1.8968592631667593
1310,8,train_0314,12449.213236491,10020.409204576184,52.040920457618455,0.0,12501.254156948618,15.68,0.72,0.0,0.0,7.0,1.8968592631667593
1311,8,train_0208,12259.333596581262,10513.440822519027,101.34408225190273,0.0,12360.677678833164,14.36,0.66,0.0,0.0,7.0,1.8968592631667593
1312,9,train_0467,12913.129967375233,10737.818204647074,123.78182046470738,0.0,13036.911787839941,15.7,0.7,0.0,0.0,7.0,1.8968592631667593
1313,9,train_0512,12299.171731679497,10137.20580081395,63.72058008139502,0.0,12362.892311760892,15.3,0.7,0.0,0.0,7.0,1.8968592631667593
1314,9,train_0541,12673.31668311339,10263.831252422642,76.38312524226421,0.0,12749.699808355654,16.9,0.56,0.0,0.0,7.0,1.8968592631667593
1315,9,train_0179,12155.235920777077,10021.396966498058,52.13969664980578,0.0,12207.375617426882,14.76,0.7,0.0,0.0,7.0,1.8968592631667593
1316,9,train_0425,12831.784668001177,10616.878801000857,111.68788010008575,0.0,12943.472548101263,14.68,0.6,0.0,0.0,7.0,1.8968592631667593
1317,9,train_0354,11689.820646739112,10357.047232484641,85.70472324846415,0.0,11775.525369987576,15.34,0.68,0.0,0.0,7.0,1.8968592631667593
1318,9,train_0269,11913.584226531602,9981.951381640154,48.19513816401541,0.0,11961.779364695618,15.24,0.6,0.0,0.0,7.0,1.8968592631667593
1319,9,train_0238,12458.237665280505,10402.028743335317,90.2028743335317,0.0,12548.440539614037,15.62,0.54,0.0,0.0,7.0,1.8968592631667593
1320,9,train_0068,12644.084262996803,10321.984859905931,82.19848599059316,0.0,12726.282748987396,15.36,0.68,0.0,0.0,7.0,1.8968592631667593
1321,9,train_0164,12167.786130168552,10034.16817660578,53.41681766057809,0.0,12221.20294782913,14.5,0.58,0.0,0.0,7.0,1.8968592631667593
1322,9,train_0329,12216.469821726441,10526.813149824444,102.68131498244439,0.0,12319.151136708886,18.02,0.64,0.0,0.0,7.0,1.8968592631667593
1323,9,train_0531,12266.396894676167,10244.36243797556,74.43624379755602,0.0,12340.833138473723,18.4,0.54,0.0,0.0,7.0,1.8968592631667593
1324,9,train_0519,12632.44054862299,10629.401921574063,112.94019215740627,0.0,12745.380740780396,17.06,0.58,0.0,0.0,7.0,1.8968592631667593
1325,9,train_0112,12291.364601591707,10641.771485922602,114.17714859226017,0.0,12405.541750183967,18.2,0.6,0.0,0.0,7.0,1.8968592631667593
1326,9,train_0407,12696.007159415256,10255.328498145409,75.5328498145409,0.0,12771.540009229797,18.04,0.7,0.0,0.0,7.0,1.8968592631667593
1327,9,train_0050,12363.01692158933,10404.798256521175,90.47982565211751,0.0,12453.496747241446,15.92,0.8,0.0,0.0,7.0,1.8968592631667593
1328,9,train_0405,12711.384735796844,10820.089892359321,132.00898923593215,0.0,12843.393725032776,15.2,0.6,0.0,0.0,7.0,1.8968592631667593
1329,9,train_0205,12687.759784427311,10480.597182736228,98.05971827362282,0.0,12785.819502700935,16.58,0.76,0.0,0.0,7.0,1.8968592631667593
1330,9,train_0269,11887.220839091533,9969.90619770912,46.990619770912055,0.0,11934.211458862444,14.7,0.74,0.0,0.0,7.0,1.8968592631667593
1331,9,train_0430,11971.310069447067,10730.281240018301,123.02812400183012,0.0,12094.338193448897,14.76,0.52,0.0,0.0,7.0,1.8968592631667593
1332,9,train_0254,12378.762554359573,10710.074895150497,121.00748951504976,0.0,12499.770043874623,16.78,0.68,0.0,0.0,7.0,1.8968592631667593
1333,9,train_0484,12633.597376485286,10263.644152427589,76.36441524275888,0.0,12709.961791728045,13.48,0.72,0.0,0.0,7.0,1.8968592631667593
1334,9,train_0320,12467.433821290342,10631.40219636351,113.14021963635096,0.0,12580.574040926693,14.64,0.54,0.0,0.0,7.0,1.8968592631667593
1335,9,train_0599,12209.87821523786,10326.684846244523,82.66848462445233,0.0,12292.546699862312,16.34,0.66,0.0,0.0,7.0,1.8968592631667593
1336,9,train_0382,12592.012025544293,10595.904445285061,109.59044452850613,0.0,12701.6024700728,14.64,0.58,0.0,0.0,7.0,1.8968592631667593
1337,9,train_0177,12588.502406792832,10365.34629643977,86.53462964397696,0.0,12675.037036436808,13.56,0.62,0.0,0.0,7.0,1.8968592631667593
1338,9,train_0465,12827.789319951717,10680.507736368505,118.05077363685051,0.0,12945.840093588567,17.06,0.6,0.0,0.0,7.0,1.8968592631667593
1339,9,train_0244,12488.851239864476,10397.573876745671,89.75738767456716,0.0,12578.608627539043,16.96,0.66,0.0,0.0,7.0,1.8968592631667593
1340,9,train_0320,12635.567078277716,10406.517166837413,90.65171668374133,0.0,12726.218794961458,15.22,0.64,0.0,0.0,7.0,1.8968592631667593
1341,9,train_0082,12375.459990391191,10601.187784125912,110.11877841259121,0.0,12485.578768803782,14.94,0.62,0.0,0.0,7.0,1.8968592631667593
1342,9,train_0071,12384.634767672327,10574.984261578245,107.49842615782455,0.0,12492.133193830152,13.52,0.68,0.0,0.0,7.0,1.8968592631667593
1343,9,train_0344,12244.244675332076,10320.95774745011,82.09577474501094,0.0,12326.340450077087,15.54,0.7,0.0,0.0,7.0,1.8968592631667593
1344,9,train_0112,12163.660721691052,10614.473692311734,111.44736923117344,0.0,12275.108090922226,17.3,0.66,0.0,0.0,7.0,1.8968592631667593
1345,9,train_0598,12467.296000474082,9869.79312611407,36.97931261140693,0.0,12504.275313085489,15.08,0.64,0.0,0.0,7.0,1.8968592631667593
1346,9,train_0513,12327.1040298615,10121.076046159786,62.107604615978566,0.0,12389.211634477479,17.08,0.62,0.0,0.0,7.0,1.8968592631667593
1347,9,train_0420,12480.95360144602,10333.539064477822,83.35390644778218,0.0,12564.307507893802,15.32,0.6,0.0,0.0,7.0,1.8968592631667593
1348,9,train_0440,13023.467978826015,10372.089974845429,87.20899748454286,0.0,13110.676976310557,15.84,0.66,0.0,0.0,7.0,1.8968592631667593
1349,9,train_0357,12424.929159919513,10180.057041514832,68.00570415148323,0.0,12492.934864070996,14.86,0.62,0.0,0.0,7.0,1.8968592631667593
1350,9,train_0036,12228.734810710685,10243.535959401332,74.35359594013316,0.0,12303.088406650817,16.18,0.74,0.0,0.0,7.0,1.8968592631667593
1351,9,train_0235,12756.408766943037,10336.802915316071,83.68029153160715,0.0,12840.089058474645,15.4,0.72,0.0,0.0,7.0,1.8968592631667593
1352,9,train_0297,12309.631998953028,10227.84371667603,72.78437166760305,0.0,12382.416370620631,12.94,0.52,0.0,0.0,7.0,1.8968592631667593
1353,9,train_0549,12320.056910639536,10541.272351410613,104.12723514106129,0.0,12424.184145780597,15.52,0.72,0.0,0.0,7.0,1.8968592631667593
1354,9,train_0131,12912.164105140595,10648.472554511322,114.84725545113216,0.0,13027.011360591727,15.96,0.56,0.0,0.0,7.0,1.8968592631667593
1355,9,train_0298,11801.755267112278,10088.480669832406,58.84806698324064,0.0,11860.603334095518,15.16,0.6,0.0,0.0,7.0,1.8968592631667593
1356,9,train_0206,12777.87613667159,10850.011583058827,135.00115830588274,0.0,12912.877294977472,15.16,0.68,0.0,0.0,7.0,1.8968592631667593
1357,9,train_0080,12773.018134152207,10376.178741891863,87.6178741891863,0.0,12860.636008341393,15.44,0.54,0.0,0.0,7.0,1.8968592631667593
1358,9,train_0061,12611.239781731312,10021.389807152114,52.13898071521144,0.0,12663.378762446524,14.72,0.62,0.0,0.0,7.0,1.8968592631667593
1359,9,train_0219,12333.838225099142,10492.28545819124,99.22854581912398,0.0,12433.066770918265,16.14,0.6,0.0,0.0,7.0,1.8968592631667593
1360,9,train_0049,13026.479530814082,9986.755129761015,48.67551297610153,0.0,13075.155043790184,15.44,0.62,0.0,0.0,7.0,1.8968592631667593
1361,9,train_0040,12591.08411399759,10432.015664228526,93.20156642285257,0.0,12684.285680420442,17.78,0.6,0.0,0.0,7.0,1.8968592631667593
1362,9,train_0210,12319.912601308479,10024.473233333938,52.4473233333938,0.0,12372.359924641873,13.42,0.58,0.0,0.0,7.0,1.8968592631667593
1363,9,train_0121,12040.880975198475,10346.162830511781,84.61628305117812,0.0,12125.497258249654,13.96,0.5,0.0,0.0,7.0,1.8968592631667593
1364,9,train_0332,12049.781637787519,9933.949004963346,43.3949004963346,0.0,12093.176538283853,15.46,0.52,0.0,0.0,7.0,1.8968592631667593
1365,9,train_0010,12666.158288912862,10213.31059561525,71.33105956152504,0.0,12737.489348474388,16.58,0.6,0.0,0.0,7.0,1.8968592631667593
1366,9,train_0181,11495.726308257264,9734.080270152945,23.408027015294465,0.0,11519.13433527256,16.04,0.54,0.0,0.0,7.0,1.8968592631667593
1367,9,train_0271,12578.358449645933,9979.77543481328,47.977543481328034,0.0,12626.33599312726,14.52,0.56,0.0,0.0,7.0,1.8968592631667593
1368,9,train_0577,13132.70470400132,10748.339543788403,124.83395437884029,0.0,13257.538658380161,17.5,0.66,0.0,0.0,7.0,1.8968592631667593
1369,9,train_0380,12507.844602897298,10118.589348622461,61.85893486224614,0.0,12569.703537759544,17.16,0.74,0.0,0.0,7.0,1.8968592631667593
1370,9,train_0528,12711.901301331156,10211.655951367888,71.16559513678877,0.0,12783.066896467944,14.86,0.62,0.0,0.0,7.0,1.8968592631667593
1371,9,train_0205,12484.099241994336,10677.843079161168,117.78430791611682,0.0,12601.883549910453,16.24,0.66,0.0,0.0,7.0,1.8968592631667593
1372,9,train_0269,11970.614836279437,9997.54705198646,49.75470519864594,0.0,12020.369541478083,15.66,0.68,0.0,0.0,7.0,1.8968592631667593
1373,9,train_0252,12188.270816098455,10062.546075717799,56.25460757177989,0.0,12244.525423670235,15.36,0.7,0.0,0.0,7.0,1.8968592631667593
1374,9,train_0532,12370.772438925283,10029.802258353815,52.9802258353815,0.0,12423.752664760665,16.08,0.64,0.0,0.0,7.0,1.8968592631667593
1375,9,train_0575,12898.93488787785,10681.26372375784,118.12637237578402,0.0,13017.061260253633,16.0,0.66,0.0,0.0,7.0,1.8968592631667593
1376,9,train_0577,13095.704514002307,10932.54191695778,143.254191695778,0.0,13238.958705698085,15.28,0.54,0.0,0.0,7.0,1.8968592631667593
1377,9,train_0451,13023.856682562828,10164.767246257084,66.47672462570846,0.0,13090.333407188537,16.28,0.66,0.0,0.0,7.0,1.8968592631667593
1378,9,train_0301,13011.1504278412,10571.152906754389,107.11529067543889,0.0,13118.265718516639,15.72,0.58,0.0,0.0,7.0,1.8968592631667593
1379,9,train_0324,12283.94978459037,10482.189649985743,98.21896499857431,0.0,12382.168749588944,15.22,0.58,0.0,0.0,7.0,1.8968592631667593
1380,9,train_0588,12401.976983398625,10243.974333569577,74.39743335695766,0.0,12476.374416755581,16.6,0.64,0.0,0.0,7.0,1.8968592631667593
1381,9,train_0170,12088.031764078572,10135.893908874827,63.589390887482665,0.0,12151.621154966055,17.84,0.62,0.0,0.0,7.0,1.8968592631667593
1382,9,train_0208,12605.459777695854,10023.251804178182,52.32518041781823,0.0,12657.784958113672,13.66,0.7,0.0,0.0,7.0,1.8968592631667593
1383,9,train_0538,12456.838824633182,10606.532650080157,110.65326500801567,0.0,12567.492089641197,15.5,0.62,0.0,0.0,7.0,1.8968592631667593
1384,9,train_0231,12518.19576813664,9967.473636991652,46.747363699165184,0.0,12564.943131835806,15.6,0.56,0.0,0.0,7.0,1.8968592631667593
1385,9,train_0141,12838.16000485863,10300.855351768147,80.08553517681467,0.0,12918.245540035445,13.62,0.64,0.0,0.0,7.0,1.8968592631667593
1386,9,train_0336,12692.456812583918,9870.93159762516,37.09315976251601,0.0,12729.549972346435,16.18,0.64,0.0,0.0,7.0,1.8968592631667593
1387,9,train_0195,12779.020776250542,10567.575748978701,106.75757489787011,0.0,12885.778351148412,17.92,0.6,0.0,0.0,7.0,1.8968592631667593
1388,9,train_0534,12452.094581872583,10308.02165148612,80.80216514861205,0.0,12532.896747021196,16.68,0.6,0.0,0.0,7.0,1.8968592631667593
1389,9,train_0545,12207.752858022579,10520.342257151417,102.03422571514166,0.0,12309.787083737721,16.64,0.74,0.0,0.0,7.0,1.8968592631667593
1390,9,train_0183,12939.798113622506,10394.98614442589,89.49861444258896,0.0,13029.296728065096,14.96,0.66,0.0,0.0,7.0,1.8968592631667593
1391,9,train_0317,12764.353985405374,10263.952568596394,76.39525685963945,0.0,12840.749242265014,17.16,0.7,0.0,0.0,7.0,1.8968592631667593
1392,9,train_0590,12105.537524352381,10614.2083602436,111.42083602435997,0.0,12216.95836037674,17.06,0.64,0.0,0.0,7.0,1.8968592631667593
1393,9,train_0445,13022.880348088998,10946.434916236705,144.64349162367054,0.0,13167.523839712669,18.4,0.6,0.0,0.0,7.0,1.8968592631667593
1394,9,train_0129,12934.338231713904,10495.603119786874,99.56031197868742,0.0,13033.89854369259,13.86,0.48,0.0,0.0,7.0,1.8968592631667593
1395,9,train_0354,12001.521428205779,10083.035200110897,58.30352001108968,0.0,12059.824948216869,16.2,0.56,0.0,0.0,7.0,1.8968592631667593
1396,9,train_0371,12213.347239855073,10217.181702197071,71.7181702197071,0.0,12285.06541007478,15.52,0.82,0.0,0.0,7.0,1.8968592631667593
1397,9,train_0392,12592.205895743093,10279.939249629155,77.99392496291549,0.0,12670.199820706008,17.02,0.54,0.0,0.0,7.0,1.8968592631667593
1398,9,train_0015,12557.773543261465,10191.629922847635,69.16299228476346,0.0,12626.936535546229,15.36,0.62,0.0,0.0,7.0,1.8968592631667593
1399,9,train_0179,12178.723728392848,10088.269416792382,58.82694167923819,0.0,12237.550670072087,14.82,0.62,0.0,0.0,7.0,1.8968592631667593
1400,9,train_0512,12353.201759281837,10315.988402593406,81.59884025934062,0.0,12434.800599541179,15.02,0.6,0.0,0.0,7.0,1.8968592631667593
1401,9,train_0144,12763.10222143371,10742.52891745658,124.25289174565806,0.0,12887.355113179368,14.14,0.72,0.0,0.0,7.0,1.8968592631667593
1402,9,train_0179,12359.144249254907,10079.43697340251,57.94369734025095,0.0,12417.087946595158,14.14,0.68,0.0,0.0,7.0,1.8968592631667593
1403,9,train_0193,12555.054714315767,10771.275175985069,127.1275175985069,0.0,12682.182231914274,14.84,0.68,0.0,0.0,7.0,1.8968592631667593
1404,9,train_0106,12910.491086058937,10326.859272200261,82.68592722002614,0.0,12993.177013278962,17.12,0.64,0.0,0.0,7.0,1.8968592631667593
1405,9,train_0093,12284.791819618738,9809.004881298306,30.900488129830592,0.0,12315.69230774857,15.88,0.54,0.0,0.0,7.0,1.8968592631667593
1406,9,train_0208,12209.287544926563,10549.446905100349,104.94469051003489,0.0,12314.232235436597,14.88,0.68,0.0,0.0,7.0,1.8968592631667593
1407,9,train_0524,11988.890594029268,9851.553694117643,35.15536941176433,0.0,12024.045963441033,15.72,0.52,0.0,0.0,7.0,1.8968592631667593
1408,9,train_0000,12400.446075840315,10099.543591235186,59.95435912351859,0.0,12460.400434963833,15.44,0.58,0.0,0.0,7.0,1.8968592631667593
1409,9,train_0169,12197.023482377364,10144.219616522494,64.42196165224941,0.0,12261.445444029614,15.16,0.66,0.0,0.0,7.0,1.8968592631667593
1410,9,train_0036,12263.730348120349,10567.121533875565,106.71215338755647,0.0,12370.442501507905,16.64,0.62,0.0,0.0,7.0,1.8968592631667593
1411,9,train_0336,12593.293250832812,9950.917954906658,45.09179549066576,0.0,12638.385046323478,16.2,0.5,0.0,0.0,7.0,1.8968592631667593
1412,9,train_0150,12416.686650199392,10298.716315080068,79.8716315080068,0.0,12496.5582817074,16.58,0.74,0.0,0.0,7.0,1.8968592631667593
1413,9,train_0475,12132.148077026857,10062.04966575675,56.204966575674916,0.0,12188.353043602532,16.2,0.7,0.0,0.0,7.0,1.8968592631667593
1414,9,train_0351,12812.14425107648,10271.418652452589,77.14186524525886,0.0,12889.286116321739,16.5,0.64,0.0,0.0,7.0,1.8968592631667593
1415,9,train_0470,12216.910468278998,10178.873681197223,67.88736811972231,0.0,12284.79783639872,16.04,0.58,0.0,0.0,7.0,1.8968592631667593
1416,9,train_0380,11838.057902844193,10273.316882981613,77.33168829816132,0.0,11915.389591142355,15.86,0.8,0.0,0.0,7.0,1.8968592631667593
1417,9,train_0263,12340.178291159693,9716.779160787977,21.67791607879772,0.0,12361.85620723849,15.66,0.54,0.0,0.0,7.0,1.8968592631667593
1418,9,train_0516,12611.351519645228,10468.282726243646,96.82827262436459,0.0,12708.179792269593,14.26,0.66,0.0,0.0,7.0,1.8968592631667593
1419,9,train_0285,12070.326257686898,10261.34729538068,76.13472953806796,0.0,12146.460987224966,13.54,0.6,0.0,0.0,7.0,1.8968592631667593
1420,9,train_0569,12282.471996417054,10174.604786837896,67.46047868378956,0.0,12349.932475100844,16.22,0.56,0.0,0.0,7.0,1.8968592631667593
1421,9,train_0596,12437.636221475746,10124.307622123946,62.430762212394626,0.0,12500.06698368814,15.56,0.6,0.0,0.0,7.0,1.8968592631667593
1422,9,train_0353,12117.436885960418,10137.64840843753,63.76484084375298,0.0,12181.20172680417,16.06,0.64,0.0,0.0,7.0,1.8968592631667593
1423,9,train_0404,13244.055689549641,10629.663956345734,112.96639563457339,0.0,13357.022085184215,16.9,0.68,0.0,0.0,7.0,1.8968592631667593
1424,9,train_0153,12437.155655576416,10029.474075100166,52.94740751001664,0.0,12490.103063086433,14.92,0.58,0.0,0.0,7.0,1.8968592631667593
1425,9,train_0488,12322.889863981047,10523.60900801089,102.36090080108897,0.0,12425.250764782137,14.42,0.62,0.0,0.0,7.0,1.8968592631667593
1426,9,train_0402,12503.331747583932,10850.385818432256,135.03858184322561,0.0,12638.370329427158,18.18,0.64,0.0,0.0,7.0,1.8968592631667593
1427,9,train_0541,12413.759189028975,10659.777419407943,115.9777419407943,0.0,12529.73693096977,17.92,0.72,0.0,0.0,7.0,1.8968592631667593
1428,9,train_0160,12497.740341292581,10366.683719540997,86.66837195409971,0.0,12584.408713246681,16.62,0.62,0.0,0.0,7.0,1.8968592631667593
1429,9,train_0472,12605.862065983925,10729.266404137892,122.92664041378922,0.0,12728.788706397714,17.16,0.68,0.0,0.0,7.0,1.8968592631667593
1430,9,train_0282,12202.297393353387,10184.741590921036,68.47415909210359,0.0,12270.77155244549,16.34,0.68,0.0,0.0,7.0,1.8968592631667593
1431,9,train_0111,12236.426152364893,10272.639543582678,77.26395435826781,0.0,12313.690106723161,15.08,0.64,0.0,0.0,7.0,1.8968592631667593
1432,9,train_0102,12269.661367874094,10545.958123886729,104.59581238867287,0.0,12374.257180262766,13.58,0.66,0.0,0.0,7.0,1.8968592631667593
1433,9,train_0337,12326.253297725383,9904.163007882105,40.41630078821054,0.0,12366.669598513594,17.5,0.64,0.0,0.0,7.0,1.8968592631667593
1434,9,train_0191,12764.110177006776,10406.283829695596,90.62838296955961,0.0,12854.738559976337,16.42,0.62,0.0,0.0,7.0,1.8968592631667593
1435,9,train_0061,12132.502599235559,10251.996226570853,75.19962265708527,0.0,12207.702221892643,14.18,0.66,0.0,0.0,7.0,1.8968592631667593
1436,9,train_0256,12309.53984903717,10534.568025162716,103.45680251627164,0.0,12412.996651553442,16.28,0.5,0.0,0.0,7.0,1.8968592631667593
1437,9,train_0391,12281.246773099254,10317.690667303134,81.76906673031336,0.0,12363.015839829568,12.54,0.68,0.0,0.0,7.0,1.8968592631667593
1438,9,train_0191,12591.735746845734,10746.952619645665,124.69526196456646,0.0,12716.431008810301,17.28,0.56,0.0,0.0,7.0,1.8968592631667593
1439,9,train_0573,12243.430583297471,10305.94292548202,80.59429254820208,0.0,12324.024875845673,15.4,0.58,0.0,0.0,7.0,1.8968592631667593
1440,9,train_0467,13210.894627442693,10466.100463855542,96.61004638555424,0.0,13307.504673828247,15.04,0.6,0.0,0.0,7.0,1.8968592631667593
1441,9,train_0307,12532.624247395888,10374.892921004517,87.48929210045172,0.0,12620.11353949634,17.04,0.68,0.0,0.0,7.0,1.8968592631667593
1442,9,train_0560,12405.643190449957,10315.682287712178,81.56822877121778,0.0,12487.211419221174,18.5,0.5,0.0,0.0,7.0,1.8968592631667593
1443,9,train_0259,12306.216284440314,10598.970381622006,109.89703816220063,0.0,12416.113322602514,14.3,0.68,0.0,0.0,7.0,1.8968592631667593
1444,9,train_0083,12134.642254349892,10326.199196719313,82.61991967193136,0.0,12217.262174021824,15.96,0.7,0.0,0.0,7.0,1.8968592631667593
1445,9,train_0021,12757.759661336928,10371.203676990359,87.1203676990359,0.0,12844.880029035963,15.46,0.62,0.0,0.0,7.0,1.8968592631667593
1446,9,train_0562,12648.784334781943,10318.912100666108,81.89121006661081,0.0,12730.675544848555,16.04,0.74,0.0,0.0,7.0,1.8968592631667593
1447,9,train_0575,12797.459737129411,10382.00205765577,88.2002057655771,0.0,12885.659942894988,16.54,0.66,0.0,0.0,7.0,1.8968592631667593
1448,9,train_0443,12683.397679320282,10904.226249133582,140.42262491335825,0.0,12823.82030423364,16.6,0.54,0.0,0.0,7.0,1.8968592631667593
1449,9,train_0061,12145.537689607152,10235.309130632002,73.5309130632002,0.0,12219.068602670352,14.42,0.64,0.0,0.0,7.0,1.8968592631667593
1450,9,train_0176,12675.542552254945,10593.251639086197,109.32516390861966,0.0,12784.867716163564,14.76,0.58,0.0,0.0,7.0,1.8968592631667593
1451,9,train_0024,12225.392320501116,9780.81701683157,28.081701683157007,0.0,12253.474022184273,16.42,0.62,0.0,0.0,7.0,1.8968592631667593
1452,9,train_0030,12331.787657973033,10325.798554122188,82.57985541221879,0.0,12414.367513385252,16.26,0.62,0.0,0.0,7.0,1.8968592631667593
1453,9,train_0147,12693.791835815933,10683.085555665963,118.30855556659627,0.0,12812.10039138253,16.42,0.52,0.0,0.0,7.0,1.8968592631667593
1454,9,train_0343,12794.07520555909,11047.899448152633,154.78994481526334,0.0,12948.865150374353,16.46,0.72,0.0,0.0,7.0,1.8968592631667593
1455,9,train_0039,12789.6496269038,10353.87301542427,85.38730154242694,0.0,12875.036928446227,16.4,0.74,0.0,0.0,7.0,1.8968592631667593
1456,10,train_0590,12459.600464190957,10235.266666848704,73.52666668487036,0.0,12533.127130875828,17.98,0.56,0.0,0.0,7.0,1.8968592631667593
1457,10,train_0273,12374.342819118887,10513.875490908247,101.38754909082473,0.0,12475.730368209712,18.12,0.6,0.0,0.0,7.0,1.8968592631667593
1458,10,train_0158,12622.394299046438,10385.812381863947,88.5812381863947,0.0,12710.975537232833,16.9,0.76,0.0,0.0,7.0,1.8968592631667593
1459,10,train_0309,12769.895077715291,10318.284860464923,81.82848604649226,0.0,12851.723563761783,14.2,0.64,0.0,0.0,7.0,1.8968592631667593
1460,10,train_0474,12592.531228360522,10524.048529252894,102.40485292528939,0.0,12694.93608128581,13.58,0.56,0.0,0.0,7.0,1.8968592631667593
1461,10,train_0187,12280.711112487155,10479.680152409028,97.96801524090279,0.0,12378.679127728057,15.62,0.62,0.0,0.0,7.0,1.8968592631667593
1462,10,train_0028,12715.176363806891,10278.556167196173,77.85561671961733,0.0,12793.031980526508,17.66,0.64,0.0,0.0,7.0,1.8968592631667593
1463,10,train_0030,12254.2160801729,10190.638858407623,69.06388584076231,0.0,12323.279966013662,17.56,0.72,0.0,0.0,7.0,1.8968592631667593
1464,10,train_0511,12048.54541584312,10371.033833270116,87.10338332701158,0.0,12135.648799170132,16.64,0.64,0.0,0.0,7.0,1.8968592631667593
1465,10,train_0066,12441.263629486159,10584.008109705086,108.40081097050862,0.0,12549.664440456667,16.82,0.58,0.0,0.0,7.0,1.8968592631667593
1466,10,train_0381,12090.453072960212,10133.548432499592,63.35484324995923,0.0,12153.807916210171,14.32,0.7,0.0,0.0,7.0,1.8968592631667593
1467,10,train_0230,12101.678665608804,10489.005262355164,98.90052623551638,0.0,12200.579191844321,15.5,0.66,0.0,0.0,7.0,1.8968592631667593
1468,10,train_0466,12534.329330092922,10548.069371695296,104.80693716952956,0.0,12639.136267262451,16.3,0.6,0.0,0.0,7.0,1.8968592631667593
1469,10,train_0036,12232.159034776629,10549.070279101205,104.90702791012046,0.0,12337.066062686748,17.2,0.56,0.0,0.0,7.0,1.8968592631667593
1470,10,train_0538,13301.362781204087,10309.857936357026,80.98579363570262,0.0,13382.348574839789,14.72,0.68,0.0,0.0,7.0,1.8968592631667593
1471,10,train_0418,12359.275891560637,10630.414027150611,113.04140271506112,0.0,12472.3172942757,17.56,0.68,0.0,0.0,7.0,1.8968592631667593
1472,10,train_0269,12098.029813819921,9702.981328655333,20.298132865533262,0.0,12118.327946685455,14.82,0.62,0.0,0.0,7.0,1.8968592631667593
1473,10,train_0124,12693.523108424386,10227.274224642619,72.72742246426188,0.0,12766.250530888648,16.42,0.6,0.0,0.0,7.0,1.8968592631667593
1474,10,train_0586,12481.648682195153,10087.265664695657,58.72656646956566,0.0,12540.375248664719,16.78,0.7,0.0,0.0,7.0,1.8968592631667593
1475,10,train_0181,11915.207127158717,9438.520326088872,-6.147967391112798,6.147967391112798,11909.059159767605,16.46,0.56,0.0,0.0,7.0,1.8968592631667593
1476,10,train_0294,12382.98353534007,10038.253869818338,53.8253869818338,0.0,12436.808922321905,15.64,0.68,0.0,0.0,7.0,1.8968592631667593
1477,10,train_0236,12384.475237160768,10344.818135576694,84.48181355766938,0.0,12468.957050718438,18.58,0.5,0.0,0.0,7.0,1.8968592631667593
1478,10,train_0138,12482.578806122077,10320.161198390115,82.01611983901148,0.0,12564.59492596109,17.7,0.72,0.0,0.0,7.0,1.8968592631667593
1479,10,train_0249,12332.308979934412,10752.50516705065,125.25051670506491,0.0,12457.559496639478,15.0,0.58,0.0,0.0,7.0,1.8968592631667593
1480,10,train_0090,12395.407101018796,10259.769986664229,75.97699866642289,0.0,12471.38409968522,13.74,0.66,0.0,0.0,7.0,1.8968592631667593
1481,10,train_0000,12263.150374250094,10143.373555896393,64.33735558963927,0.0,12327.487729839733,14.6,0.66,0.0,0.0,7.0,1.8968592631667593
1482,10,train_0173,12858.791395315777,10302.258847310273,80.22588473102734,0.0,12939.017280046804,17.7,0.54,0.0,0.0,7.0,1.8968592631667593
1483,10,train_0067,12179.880076482128,10060.250865699023,56.02508656990231,0.0,12235.90516305203,18.88,0.72,0.0,0.0,7.0,1.8968592631667593
1484,10,train_0248,12851.662939626574,10043.493818796118,54.3493818796118,0.0,12906.012321506187,15.94,0.68,0.0,0.0,7.0,1.8968592631667593
1485,10,train_0517,12832.260219030106,10236.278176397489,73.6278176397489,0.0,12905.888036669854,15.38,0.64,0.0,0.0,7.0,1.8968592631667593
1486,10,train_0097,12392.884919218066,10180.260422412066,68.0260422412066,0.0,12460.910961459273,16.98,0.7,0.0,0.0,7.0,1.8968592631667593
1487,10,train_0000,12562.897781637497,9810.951572713386,31.09515727133858,0.0,12593.992938908836,16.28,0.7,0.0,0.0,7.0,1.8968592631667593
1488,10,train_0066,12508.52570088787,10480.341336070753,98.03413360707528,0.0,12606.559834494947,18.38,0.76,0.0,0.0,7.0,1.8968592631667593
1489,10,train_0304,12858.6159332072,10535.58126084409,103.55812608440903,0.0,12962.174059291609,18.14,0.72,0.0,0.0,7.0,1.8968592631667593
1490,10,train_0164,12252.814137361805,10145.854280518288,64.58542805182879,0.0,12317.399565413634,15.22,0.68,0.0,0.0,7.0,1.8968592631667593
1491,10,train_0293,12350.018048553151,9773.99082381135,27.399082381134942,0.0,12377.417130934286,16.86,0.52,0.0,0.0,7.0,1.8968592631667593
1492,10,train_0017,12295.394129810344,10456.876379028123,95.68763790281228,0.0,12391.081767713156,14.7,0.58,0.0,0.0,7.0,1.8968592631667593
1493,10,train_0199,12803.66852169876,10326.77762719975,82.67776271997501,0.0,12886.346284418736,16.2,0.72,0.0,0.0,7.0,1.8968592631667593
1494,10,train_0246,12221.576231143536,10269.921830729592,76.99218307295924,0.0,12298.568414216496,16.1,0.6,0.0,0.0,7.0,1.8968592631667593
1495,10,train_0258,12731.884329445222,10482.925902473822,98.29259024738222,0.0,12830.176919692603,15.76,0.64,0.0,0.0,7.0,1.8968592631667593
1496,10,train_0330,11968.694400383894,10018.046433225896,51.80464332258962,0.0,12020.499043706484,16.02,0.6,0.0,0.0,7.0,1.8968592631667593
1497,10,train_0468,11829.593901081684,10369.252583760957,86.92525837609574,0.0,11916.51915945778,15.28,0.64,0.0,0.0,7.0,1.8968592631667593
1498,10,train_0280,12400.211928548048,10588.187215018781,108.8187215018781,0.0,12509.030650049926,16.16,0.52,0.0,0.0,7.0,1.8968592631667593
1499,10,train_0504,12628.708192844992,10179.25587450679,67.92558745067909,0.0,12696.633780295671,16.1,0.62,0.0,0.0,7.0,1.8968592631667593
1500,10,train_0317,12405.445849578773,10125.111424041203,62.51114240412026,0.0,12467.956991982894,15.52,0.6,0.0,0.0,7.0,1.8968592631667593
1501,10,train_0156,12266.599246278629,10246.517903822525,74.65179038225251,0.0,12341.251036660882,15.58,0.72,0.0,0.0,7.0,1.8968592631667593
1502,10,train_0137,12301.544647402843,10087.390361268717,58.739036126871724,0.0,12360.283683529715,15.38,0.58,0.0,0.0,7.0,1.8968592631667593
1503,10,train_0193,12608.586536308274,10327.935601784695,82.79356017846949,0.0,12691.380096486744,14.28,0.66,0.0,0.0,7.0,1.8968592631667593
1504,10,train_0358,12311.046191811944,10537.57863553178,103.75786355317797,0.0,12414.80405536512,15.58,0.62,0.0,0.0,7.0,1.8968592631667593
1505,10,train_0145,12438.793539261627,10328.006244228556,82.80062442285562,0.0,12521.594163684484,15.56,0.62,0.0,0.0,7.0,1.8968592631667593
1506,10,train_0548,12548.377227804385,10228.560311872401,72.85603118724012,0.0,12621.233258991626,17.94,0.72,0.0,0.0,7.0,1.8968592631667593
1507,10,train_0287,12535.128678823457,10469.373932687362,96.9373932687362,0.0,12632.066072092193,16.86,0.62,0.0,0.0,7.0,1.8968592631667593
1508,10,train_0517,12533.535690756053,10537.850403512486,103.78504035124861,0.0,12637.320731107302,15.7,0.78,0.0,0.0,7.0,1.8968592631667593
1509,10,train_0409,13020.05952032809,10321.602413032506,82.16024130325059,0.0,13102.21976163134,17.58,0.76,0.0,0.0,7.0,1.8968592631667593
1510,10,train_0200,12542.15577132142,10165.017453486396,66.50174534863963,0.0,12608.65751667006,16.66,0.74,0.0,0.0,7.0,1.8968592631667593
1511,10,train_0136,12404.202796760655,10143.774849438132,64.37748494381322,0.0,12468.580281704468,17.16,0.66,0.0,0.0,7.0,1.8968592631667593
1512,10,train_0446,12152.459216843146,10270.63646267089,77.06364626708893,0.0,12229.522863110235,14.98,0.64,0.0,0.0,7.0,1.8968592631667593
1513,10,train_0198,11594.545190755922,9992.807095229673,49.2807095229673,0.0,11643.82590027889,16.6,0.56,0.0,0.0,7.0,1.8968592631667593
1514,10,train_0148,12725.025836161643,10185.517246103542,68.55172461035419,0.0,12793.577560771997,19.26,0.7,0.0,0.0,7.0,1.8968592631667593
1515,10,train_0558,12912.94182539156,10448.475902769973,94.8475902769973,0.0,13007.789415668556,16.14,0.7,0.0,0.0,7.0,1.8968592631667593
1516,10,train_0289,12882.290061749965,10444.583332056125,94.45833320561252,0.0,12976.748394955577,16.52,0.76,0.0,0.0,7.0,1.8968592631667593
1517,10,train_0029,12159.025047606254,10366.317288173323,86.63172881733226,0.0,12245.656776423586,16.7,0.64,0.0,0.0,7.0,1.8968592631667593
1518,10,train_0296,12698.291084882061,10312.352536415088,81.23525364150883,0.0,12779.52633852357,16.0,0.68,0.0,0.0,7.0,1.8968592631667593
1519,10,train_0276,12622.908134987969,9952.59444242074,45.25944424207392,0.0,12668.167579230043,12.84,0.68,0.0,0.0,7.0,1.8968592631667593
1520,10,train_0518,12543.35338248759,10552.985223443507,105.29852234435076,0.0,12648.65190483194,15.54,0.7,0.0,0.0,7.0,1.8968592631667593
1521,10,train_0426,12007.082566767887,10175.983019797644,67.59830197976444,0.0,12074.680868747651,18.1,0.7,0.0,0.0,7.0,1.8968592631667593
1522,10,train_0114,12121.824953650392,10321.398087444824,82.13980874448244,0.0,12203.964762394875,14.94,0.78,0.0,0.0,7.0,1.8968592631667593
1523,10,train_0090,12413.253810998649,10068.106158496725,56.81061584967247,0.0,12470.064426848321,14.9,0.68,0.0,0.0,7.0,1.8968592631667593
1524,10,train_0362,12050.471568424186,10001.053243183782,50.105324318378194,0.0,12100.576892742563,15.86,0.6,0.0,0.0,7.0,1.8968592631667593
1525,10,train_0028,12859.478946400803,10286.723651556693,78.6723651556693,0.0,12938.151311556472,17.38,0.58,0.0,0.0,7.0,1.8968592631667593
1526,10,train_0191,12589.568386933684,10340.345422498693,84.03454224986928,0.0,12673.602929183553,16.08,0.6,0.0,0.0,7.0,1.8968592631667593
1527,10,train_0082,12630.399788101855,10714.462146033282,121.4462146033282,0.0,12751.846002705182,15.7,0.66,0.0,0.0,7.0,1.8968592631667593
1528,10,train_0012,12832.363795316833,10457.132768730487,95.71327687304876,0.0,12928.07707218988,15.62,0.7,0.0,0.0,7.0,1.8968592631667593
1529,10,train_0551,11930.298978726096,10363.882590968853,86.3882590968853,0.0,12016.687237822982,14.08,0.58,0.0,0.0,7.0,1.8968592631667593
1530,10,train_0053,12321.85178132121,10434.31981011433,93.43198101143298,0.0,12415.283762332641,15.64,0.64,0.0,0.0,7.0,1.8968592631667593
1531,10,train_0005,12406.455886927495,9920.445190413293,42.044519041329295,0.0,12448.500405968825,17.7,0.66,0.0,0.0,7.0,1.8968592631667593
1532,10,train_0559,12520.077984238256,10180.873359986173,68.08733599861735,0.0,12588.165320236874,17.2,0.6,0.0,0.0,7.0,1.8968592631667593
1533,10,train_0112,12372.009556231673,10410.717386748842,91.07173867488419,0.0,12463.081294906557,16.62,0.72,0.0,0.0,7.0,1.8968592631667593
1534,10,train_0489,12255.197770762328,9873.103193448767,37.31031934487674,0.0,12292.508090107205,16.38,0.66,0.0,0.0,7.0,1.8968592631667593
1535,10,train_0018,12429.844702765815,10175.650428785266,67.56504287852658,0.0,12497.409745644341,16.46,0.72,0.0,0.0,7.0,1.8968592631667593
1536,10,train_0092,12647.63321599712,10232.402994579918,73.24029945799175,0.0,12720.873515455112,16.96,0.7,0.0,0.0,7.0,1.8968592631667593
1537,10,train_0066,12538.489803742475,10460.420364554006,96.04203645540056,0.0,12634.531840197877,18.24,0.76,0.0,0.0,7.0,1.8968592631667593
1538,10,train_0423,12251.011895169271,10174.04041243004,67.40404124300403,0.0,12318.415936412275,17.56,0.68,0.0,0.0,7.0,1.8968592631667593
1539,10,train_0372,12858.691331692335,10370.654332914117,87.0654332914117,0.0,12945.756764983746,16.56,0.6,0.0,0.0,7.0,1.8968592631667593
1540,10,train_0285,12207.78902902791,10575.974943547324,107.59749435473242,0.0,12315.386523382642,15.28,0.62,0.0,0.0,7.0,1.8968592631667593
1541,10,train_0144,13263.428833226726,10375.57543456259,87.55754345625901,0.0,13350.986376682986,14.3,0.64,0.0,0.0,7.0,1.8968592631667593
1542,10,train_0053,12267.28569653186,10265.624517791231,76.56245177912315,0.0,12343.848148310984,15.32,0.62,0.0,0.0,7.0,1.8968592631667593
1543,10,train_0341,12534.367465188077,10893.367240383042,139.33672403830425,0.0,12673.704189226382,16.46,0.58,0.0,0.0,7.0,1.8968592631667593
1544,10,train_0138,12396.600584217977,10235.697936792683,73.56979367926833,0.0,12470.170377897244,17.06,0.62,0.0,0.0,7.0,1.8968592631667593
1545,10,train_0354,11866.144251863727,10345.92333744952,84.59233374495199,0.0,11950.736585608678,15.48,0.62,0.0,0.0,7.0,1.8968592631667593
1546,10,train_0412,12119.845920624344,10026.367848928743,52.63678489287432,0.0,12172.482705517219,14.82,0.76,0.0,0.0,7.0,1.8968592631667593
1547,10,train_0509,11953.060486751117,10277.352307817855,77.7352307817855,0.0,12030.795717532903,13.78,0.66,0.0,0.0,7.0,1.8968592631667593
1548,10,train_0296,12721.750574799315,10382.831787251547,88.28317872515473,0.0,12810.033753524469,14.78,0.52,0.0,0.0,7.0,1.8968592631667593
1549,10,train_0002,12390.890083235905,10231.240821474737,73.12408214747374,0.0,12464.014165383378,14.08,0.6,0.0,0.0,7.0,1.8968592631667593
1550,10,train_0168,12772.007067750446,10453.123715931932,95.31237159319318,0.0,12867.319439343639,17.72,0.6,0.0,0.0,7.0,1.8968592631667593
1551,10,train_0512,12375.301901688008,10263.013247758085,76.30132477580847,0.0,12451.603226463816,15.32,0.66,0.0,0.0,7.0,1.8968592631667593
1552,10,train_0319,12451.707061347817,10670.941971875394,117.09419718753944,0.0,12568.801258535357,15.72,0.62,0.0,0.0,7.0,1.8968592631667593
1553,10,train_0371,12292.722727539047,10113.46855843456,61.34685584345607,0.0,12354.069583382503,15.66,0.76,0.0,0.0,7.0,1.8968592631667593
1554,10,train_0274,12825.62707043039,10120.01846744257,62.001846744257094,0.0,12887.628917174647,15.96,0.74,0.0,0.0,7.0,1.8968592631667593
1555,10,train_0097,12342.391278903922,10212.797225794386,71.27972257943857,0.0,12413.67100148336,17.06,0.62,0.0,0.0,7.0,1.8968592631667593
1556,10,train_0538,12872.335629267733,10472.650961466428,97.26509614664283,0.0,12969.600725414375,15.54,0.62,0.0,0.0,7.0,1.8968592631667593
1557,10,train_0463,12293.762380916458,10038.586923426978,53.858692342697765,0.0,12347.621073259155,15.18,0.56,0.0,0.0,7.0,1.8968592631667593
1558,10,train_0597,12482.57319479959,10042.472900586654,54.247290058665385,0.0,12536.820484858255,15.5,0.68,0.0,0.0,7.0,1.8968592631667593
1559,10,train_0513,12210.595532816069,10124.773919298641,62.4773919298641,0.0,12273.072924745933,14.5,0.64,0.0,0.0,7.0,1.8968592631667593
1560,10,train_0174,12461.790128300734,10334.000467411475,83.40004674114753,0.0,12545.190175041882,15.32,0.52,0.0,0.0,7.0,1.8968592631667593
1561,10,train_0152,12216.286818678487,10539.831641699764,103.98316416997642,0.0,12320.269982848464,15.32,0.74,0.0,0.0,7.0,1.8968592631667593
1562,10,train_0149,12659.605927918627,10466.31081679105,96.63108167910505,0.0,12756.237009597731,17.96,0.74,0.0,0.0,7.0,1.8968592631667593
1563,10,train_0551,12237.822156164375,10302.303951618582,80.23039516185818,0.0,12318.052551326233,16.38,0.56,0.0,0.0,7.0,1.8968592631667593
1564,10,train_0334,12561.790036751907,10176.896079540467,67.68960795404674,0.0,12629.479644705954,16.14,0.64,0.0,0.0,7.0,1.8968592631667593
1565,10,train_0272,12517.644730348617,10364.253063407032,86.42530634070317,0.0,12604.07003668932,14.58,0.7,0.0,0.0,7.0,1.8968592631667593
1566,10,train_0580,12772.506436142801,10356.245671248103,85.62456712481035,0.0,12858.131003267612,14.36,0.58,0.0,0.0,7.0,1.8968592631667593
1567,10,train_0362,12339.968140210894,10354.671587772285,85.46715877722855,0.0,12425.435298988123,15.2,0.7,0.0,0.0,7.0,1.8968592631667593
1568,10,train_0545,12413.654803612566,9853.133750657027,35.313375065702715,0.0,12448.96817867827,18.34,0.68,0.0,0.0,7.0,1.8968592631667593
1569,10,train_0590,12604.147664383505,9991.118191791284,49.11181917912836,0.0,12653.259483562633,16.18,0.68,0.0,0.0,7.0,1.8968592631667593
1570,10,train_0047,12150.094185542157,10205.506387476613,70.5506387476613,0.0,12220.644824289819,16.3,0.74,0.0,0.0,7.0,1.8968592631667593
1571,10,train_0216,12129.34496154197,10235.622783215833,73.56227832158329,0.0,12202.907239863554,16.46,0.64,0.0,0.0,7.0,1.8968592631667593
1572,10,train_0440,12698.412326993941,10474.048112468714,97.4048112468714,0.0,12795.817138240813,16.08,0.7,0.0,0.0,7.0,1.8968592631667593
1573,10,train_0487,12576.427213938414,10297.13404660959,79.71340466095899,0.0,12656.140618599373,14.68,0.6,0.0,0.0,7.0,1.8968592631667593
1574,10,train_0089,12476.138338790706,10375.205788572717,87.52057885727173,0.0,12563.658917647977,16.68,0.72,0.0,0.0,7.0,1.8968592631667593
1575,10,train_0191,12329.686838057025,10477.849748831395,97.78497488313951,0.0,12427.471812940164,16.1,0.78,0.0,0.0,7.0,1.8968592631667593
1576,10,train_0328,12598.927329015069,10128.768907942023,62.87689079420234,0.0,12661.804219809272,14.82,0.66,0.0,0.0,7.0,1.8968592631667593
1577,10,train_0479,13020.947561745419,10208.051581509993,70.80515815099935,0.0,13091.752719896418,16.8,0.68,0.0,0.0,7.0,1.8968592631667593
1578,10,train_0067,12315.892279946356,10069.523530567321,56.952353056732136,0.0,12372.84463300309,17.46,0.64,0.0,0.0,7.0,1.8968592631667593
1579,10,train_0360,12248.499755382392,10146.134769809152,64.61347698091522,0.0,12313.113232363308,16.78,0.68,0.0,0.0,7.0,1.8968592631667593
1580,10,train_0177,12450.866894540897,10359.766361632155,85.97663616321552,0.0,12536.843530704113,14.06,0.62,0.0,0.0,7.0,1.8968592631667593
1581,10,train_0129,12872.966754583813,10552.052834746148,105.20528347461477,0.0,12978.172038058428,14.38,0.66,0.0,0.0,7.0,1.8968592631667593
1582,10,train_0309,12521.051061394282,10334.872134112917,83.48721341129168,0.0,12604.538274805574,14.32,0.6,0.0,0.0,7.0,1.8968592631667593
1583,10,train_0248,12857.074436442215,10086.268971068595,58.626897106859545,0.0,12915.701333549076,16.92,0.6,0.0,0.0,7.0,1.8968592631667593
1584,10,train_0381,11962.672336492029,10246.52038002543,74.65203800254294,0.0,12037.324374494572,15.54,0.64,0.0,0.0,7.0,1.8968592631667593
1585,10,train_0190,12591.02446039185,11085.3903411436,158.53903411436005,0.0,12749.56349450621,17.04,0.62,0.0,0.0,7.0,1.8968592631667593
1586,10,train_0493,12154.49172620694,10249.494999804652,74.94949998046523,0.0,12229.441226187404,16.7,0.78,0.0,0.0,7.0,1.8968592631667593
1587,10,train_0046,12000.487361086987,10139.260284439262,63.92602844392623,0.0,12064.413389530913,18.38,0.7,0.0,0.0,7.0,1.8968592631667593
1588,10,train_0517,12753.759897566295,10307.79009033248,80.77900903324809,0.0,12834.538906599542,17.04,0.74,0.0,0.0,7.0,1.8968592631667593
1589,10,train_0017,12292.074651778365,10303.901892143862,80.3901892143862,0.0,12372.46484099275,14.98,0.64,0.0,0.0,7.0,1.8968592631667593
1590,10,train_0441,12659.18985361992,10428.230765166678,92.8230765166678,0.0,12752.012930136589,16.74,0.64,0.0,0.0,7.0,1.8968592631667593
1591,10,train_0207,12279.834646481177,9842.151923241407,34.215192324140666,0.0,12314.049838805317,15.04,0.56,0.0,0.0,7.0,1.8968592631667593
1592,10,train_0230,12463.067028971884,10419.81255919229,91.98125591922908,0.0,12555.048284891112,17.02,0.74,0.0,0.0,7.0,1.8968592631667593
1593,10,train_0011,11838.206882363804,10226.423182130566,72.64231821305657,0.0,11910.84920057686,15.3,0.66,0.0,0.0,7.0,1.8968592631667593
1594,10,train_0421,12997.195132305429,10628.829514133591,112.88295141335912,0.0,13110.078083718789,16.28,0.76,0.0,0.0,7.0,1.8968592631667593
1595,10,train_0099,12052.443201120477,10232.721874440653,73.27218744406528,0.0,12125.715388564542,15.78,0.54,0.0,0.0,7.0,1.8968592631667593
1596,10,train_0395,12450.561110177612,10010.348608407396,51.03486084073957,0.0,12501.595971018352,15.62,0.62,0.0,0.0,7.0,1.8968592631667593
1597,10,train_0435,12005.31532409133,10469.538994401271,96.95389944012715,0.0,12102.269223531457,14.46,0.62,0.0,0.0,7.0,1.8968592631667593
1598,10,train_0507,12746.058538269288,10184.989211418177,68.49892114181766,0.0,12814.557459411106,16.78,0.6,0.0,0.0,7.0,1.8968592631667593
1599,10,train_0424,12851.625753821734,10313.79831196416,81.37983119641595,0.0,12933.00558501815,18.76,0.66,0.0,0.0,7.0,1.8968592631667593
1600,11,train_0180,12790.002856761988,10587.415032472902,108.74150324729017,0.0,12898.74436000928,15.86,0.74,0.0,0.0,7.0,1.8968592631667593
1601,11,train_0443,12841.69272177836,10538.59771518472,103.85977151847202,0.0,12945.552493296831,17.32,0.74,0.0,0.0,7.0,1.8968592631667593
1602,11,train_0495,12330.490285365355,10564.478710776159,106.44787107761586,0.0,12436.938156442971,15.68,0.66,0.0,0.0,7.0,1.8968592631667593
1603,11,train_0190,12989.279007780922,10573.748080604986,107.37480806049862,0.0,13096.65381584142,16.22,0.64,0.0,0.0,7.0,1.8968592631667593
1604,11,train_0074,12648.153821302678,10444.778862275534,94.47788622755343,0.0,12742.631707530232,14.86,0.58,0.0,0.0,7.0,1.8968592631667593
1605,11,train_0534,12326.339186645882,10236.710330136284,73.6710330136284,0.0,12400.01021965951,15.8,0.56,0.0,0.0,7.0,1.8968592631667593
1606,11,train_0088,12382.63835175702,10618.805572622023,111.88055726220227,0.0,12494.518909019222,17.64,0.76,0.0,0.0,7.0,1.8968592631667593
1607,11,train_0356,13087.738665039516,10054.572455494854,55.45724554948538,0.0,13143.195910589002,15.84,0.66,0.0,0.0,7.0,1.8968592631667593
1608,11,train_0141,12777.297271251899,10536.394324535657,103.63943245356569,0.0,12880.936703705464,14.62,0.66,0.0,0.0,7.0,1.8968592631667593
1609,11,train_0075,12694.342843822704,10423.341621996762,92.33416219967621,0.0,12786.67700602238,16.7,0.64,0.0,0.0,7.0,1.8968592631667593
1610,11,train_0465,12960.888795837971,10502.934842602072,100.29348426020715,0.0,13061.182280098179,17.12,0.64,0.0,0.0,7.0,1.8968592631667593
1611,11,train_0086,11985.411009465854,9641.441509600565,14.144150960056505,0.0,11999.55516042591,16.48,0.62,0.0,0.0,7.0,1.8968592631667593
1612,11,train_0402,12597.104113839267,10643.573474969047,114.35734749690474,0.0,12711.461461336172,17.72,0.56,0.0,0.0,7.0,1.8968592631667593
1613,11,train_0415,12850.678346873923,10776.507745188956,127.65077451889556,0.0,12978.329121392819,13.44,0.74,0.0,0.0,7.0,1.8968592631667593
1614,11,train_0036,12512.165407329016,10388.467461602948,88.8467461602948,0.0,12601.01215348931,15.06,0.62,0.0,0.0,7.0,1.8968592631667593
1615,11,train_0103,12208.678406359732,9952.394921665496,45.239492166549645,0.0,12253.91789852628,15.2,0.72,0.0,0.0,7.0,1.8968592631667593
1616,11,train_0476,12398.900055031845,10134.54058710083,63.454058710082975,0.0,12462.354113741929,19.44,0.76,0.0,0.0,7.0,1.8968592631667593
1617,11,train_0304,12853.375636218123,10587.500659362955,108.75006593629551,0.0,12962.125702154419,16.92,0.64,0.0,0.0,7.0,1.8968592631667593
1618,11,train_0072,12428.408976445287,10536.095160758388,103.60951607583884,0.0,12532.018492521127,14.44,0.64,0.0,0.0,7.0,1.8968592631667593
1619,11,train_0595,12158.972307861473,10127.366691770576,62.73666917705759,0.0,12221.708977038532,17.08,0.66,0.0,0.0,7.0,1.8968592631667593
1620,11,train_0158,12542.093936200328,10229.921508570287,72.99215085702872,0.0,12615.086087057356,17.46,0.62,0.0,0.0,7.0,1.8968592631667593
1621,11,train_0002,12444.520097787792,10160.191008278009,66.01910082780087,0.0,12510.539198615594,14.02,0.72,0.0,0.0,7.0,1.8968592631667593
1622,11,train_0554,12339.82894616903,10310.789360277655,81.0789360277655,0.0,12420.907882196794,13.86,0.68,0.0,0.0,7.0,1.8968592631667593
1623,11,train_0009,12167.263533309726,10256.295689876844,75.62956898768444,0.0,12242.89310229741,16.24,0.7,0.0,0.0,7.0,1.8968592631667593
1624,11,train_0332,12079.498925650176,10187.391449557985,68.73914495579848,0.0,12148.238070605974,16.24,0.56,0.0,0.0,7.0,1.8968592631667593
1625,11,train_0595,12282.623846708784,9995.350687826716,49.53506878267163,0.0,12332.158915491456,16.14,0.58,0.0,0.0,7.0,1.8968592631667593
1626,11,train_0346,12984.928907114121,10572.225618788121,107.22256187881213,0.0,13092.151468992934,16.52,0.66,0.0,0.0,7.0,1.8968592631667593
1627,11,train_0350,12149.791774170135,10283.396620639074,78.33966206390743,0.0,12228.131436234042,16.9,0.72,0.0,0.0,7.0,1.8968592631667593
1628,11,train_0232,12668.657122555538,10372.890632772687,87.28906327726872,0.0,12755.946185832807,16.22,0.56,0.0,0.0,7.0,1.8968592631667593
1629,11,train_0076,12308.457048015815,10375.517266207782,87.55172662077821,0.0,12396.008774636593,15.16,0.64,0.0,0.0,7.0,1.8968592631667593
1630,11,train_0343,13171.364405869574,10537.170444595846,103.71704445958459,0.0,13275.081450329159,15.96,0.64,0.0,0.0,7.0,1.8968592631667593
1631,11,train_0538,12700.474645521377,10485.863051455723,98.58630514557227,0.0,12799.06095066695,15.44,0.6,0.0,0.0,7.0,1.8968592631667593
1632,11,train_0054,12558.90429349595,10000.088270459444,50.00882704594442,0.0,12608.913120541894,16.72,0.86,0.0,0.0,7.0,1.8968592631667593
1633,11,train_0528,12710.102159888247,10195.059695826978,69.5059695826978,0.0,12779.608129470946,15.9,0.68,0.0,0.0,7.0,1.8968592631667593
1634,11,train_0249,12631.637618014614,10343.05400465843,84.30540046584302,0.0,12715.943018480457,17.0,0.62,0.0,0.0,7.0,1.8968592631667593
1635,11,train_0321,12570.127532256378,10210.252248055342,71.02522480553417,0.0,12641.152757061913,16.86,0.66,0.0,0.0,7.0,1.8968592631667593
1636,11,train_0099,12254.133494602478,9822.844706686828,32.28447066868284,0.0,12286.417965271161,15.98,0.68,0.0,0.0,7.0,1.8968592631667593
1637,11,train_0373,12866.48722977009,10394.602832836867,89.46028328368666,0.0,12955.947513053776,15.78,0.68,0.0,0.0,7.0,1.8968592631667593
1638,11,train_0109,12437.38197230632,10806.820832312107,130.68208323121073,0.0,12568.064055537532,17.0,0.66,0.0,0.0,7.0,1.8968592631667593
1639,11,train_0163,12665.509001201566,10454.812037296531,95.48120372965315,0.0,12760.990204931219,15.58,0.68,0.0,0.0,7.0,1.8968592631667593
1640,11,train_0432,12659.42168151576,10289.949205327572,78.99492053275718,0.0,12738.416602048517,14.98,0.78,0.0,0.0,7.0,1.8968592631667593
1641,11,train_0030,12219.115650801505,10169.545011047943,66.95450110479433,0.0,12286.070151906299,16.5,0.6,0.0,0.0,7.0,1.8968592631667593
1642,11,train_0268,12266.942949792543,10537.249126488157,103.72491264881575,0.0,12370.667862441358,15.48,0.7,0.0,0.0,7.0,1.8968592631667593
1643,11,train_0356,12945.474545879502,10527.19610533863,102.71961053386295,0.0,13048.194156413365,16.34,0.7,0.0,0.0,7.0,1.8968592631667593
1644,11,train_0079,12370.044242329333,10505.21839179996,100.52183917999592,0.0,12470.566081509329,15.96,0.6,0.0,0.0,7.0,1.8968592631667593
1645,11,train_0176,12539.429602357857,10690.924887712294,119.09248877122937,0.0,12658.522091129087,14.66,0.64,0.0,0.0,7.0,1.8968592631667593
1646,11,train_0206,12886.778688058177,10859.832572383199,135.98325723831985,0.0,13022.761945296497,14.16,0.54,0.0,0.0,7.0,1.8968592631667593
1647,11,train_0398,11948.703768227635,9911.734913238293,41.17349132382933,0.0,11989.877259551464,13.0,0.58,0.0,0.0,7.0,1.8968592631667593
1648,11,train_0586,12396.707741081493,10458.360288215772,95.8360288215772,0.0,12492.54376990307,15.1,0.7,0.0,0.0,7.0,1.8968592631667593
1649,11,train_0501,12604.025328467775,10704.320228046683,120.4320228046683,0.0,12724.457351272444,17.86,0.6,0.0,0.0,7.0,1.8968592631667593
1650,11,train_0113,11839.238259448335,10223.92000657916,72.39200065791593,0.0,11911.63026010625,15.8,0.72,0.0,0.0,7.0,1.8968592631667593
1651,11,train_0010,12688.490879958641,10644.623978419822,114.46239784198224,0.0,12802.953277800623,16.92,0.62,0.0,0.0,7.0,1.8968592631667593
1652,11,train_0031,12196.513579177885,10179.168802214765,67.91688022147646,0.0,12264.430459399362,17.66,0.6,0.0,0.0,7.0,1.8968592631667593
1653,11,train_0357,12460.43084666205,9734.997598062353,23.499759806235307,0.0,12483.930606468284,15.3,0.56,0.0,0.0,7.0,1.8968592631667593
1654,11,train_0093,12149.897769231342,10000.080785265853,50.00807852658527,0.0,12199.905847757927,16.98,0.7,0.0,0.0,7.0,1.8968592631667593
1655,11,train_0138,12575.062834169014,10221.05531302634,72.10553130263398,0.0,12647.168365471647,16.74,0.62,0.0,0.0,7.0,1.8968592631667593
1656,11,train_0508,12792.349216802177,10301.341572240843,80.13415722408428,0.0,12872.48337402626,14.58,0.62,0.0,0.0,7.0,1.8968592631667593
1657,11,train_0524,11986.863693218453,10041.976422550244,54.197642255024405,0.0,12041.061335473478,16.02,0.62,0.0,0.0,7.0,1.8968592631667593
1658,11,train_0503,12541.212004319583,10639.851960441712,113.98519604417125,0.0,12655.197200363755,15.58,0.6,0.0,0.0,7.0,1.8968592631667593
1659,11,train_0152,12322.810581378591,10253.895500545,75.38955005450008,0.0,12398.200131433092,15.7,0.68,0.0,0.0,7.0,1.8968592631667593
1660,11,train_0371,12335.566213422266,10036.18237436021,53.61823743602108,0.0,12389.184450858287,15.12,0.68,0.0,0.0,7.0,1.8968592631667593
1661,11,train_0366,12606.545113014623,10095.7180271846,59.571802718459914,0.0,12666.116915733082,16.84,0.66,0.0,0.0,7.0,1.8968592631667593
1662,11,train_0111,12438.424015833734,10200.918595201041,70.09185952010412,0.0,12508.515875353838,14.7,0.7,0.0,0.0,7.0,1.8968592631667593
1663,11,train_0332,12178.056917464659,10085.899260360224,58.589926036022376,0.0,12236.646843500681,15.96,0.62,0.0,0.0,7.0,1.8968592631667593
1664,11,train_0315,12887.383302002489,10697.737587910487,119.77375879104875,0.0,13007.157060793537,16.44,0.64,0.0,0.0,7.0,1.8968592631667593
1665,11,train_0237,12126.616415749013,10416.805614446166,91.68056144461661,0.0,12218.29697719363,13.7,0.64,0.0,0.0,7.0,1.8968592631667593
1666,11,train_0450,12377.707476544718,9936.442271692227,43.644227169222724,0.0,12421.35170371394,14.04,0.66,0.0,0.0,7.0,1.8968592631667593
1667,11,train_0406,12341.214925437009,10367.416116825567,86.7416116825567,0.0,12427.956537119566,17.44,0.58,0.0,0.0,7.0,1.8968592631667593
1668,11,train_0319,12557.971748648835,10334.599925187911,83.45999251879113,0.0,12641.431741167626,16.48,0.62,0.0,0.0,7.0,1.8968592631667593
1669,11,train_0435,12142.688261406935,10277.009163167171,77.70091631671713,0.0,12220.389177723651,14.76,0.6,0.0,0.0,7.0,1.8968592631667593
1670,11,train_0457,12490.252676911428,10353.7964673227,85.37964673226998,0.0,12575.632323643698,15.74,0.72,0.0,0.0,7.0,1.8968592631667593
1671,11,train_0340,12307.082899545985,10291.782359930148,79.17823599301482,0.0,12386.261135539,16.88,0.8,0.0,0.0,7.0,1.8968592631667593
1672,11,train_0160,12480.554024191388,10319.886096543789,81.98860965437889,0.0,12562.542633845767,17.32,0.68,0.0,0.0,7.0,1.8968592631667593
1673,11,train_0455,13099.7549294357,10498.375575813563,99.83755758135631,0.0,13199.592487017057,17.8,0.58,0.0,0.0,7.0,1.8968592631667593
1674,11,train_0430,12409.773539506976,10073.546089981126,57.3546089981126,0.0,12467.128148505088,13.2,0.68,0.0,0.0,7.0,1.8968592631667593
1675,11,train_0590,12518.812416731129,10203.83604190398,70.383604190398,0.0,12589.196020921527,17.5,0.62,0.0,0.0,7.0,1.8968592631667593
1676,11,train_0089,12388.45634724934,10693.90810950526,119.39081095052607,0.0,12507.847158199866,16.72,0.7,0.0,0.0,7.0,1.8968592631667593
1677,11,train_0251,12473.779240055093,10266.638470515769,76.6638470515769,0.0,12550.44308710667,15.48,0.54,0.0,0.0,7.0,1.8968592631667593
1678,11,train_0554,12514.1583780892,10268.496663482516,76.8496663482516,0.0,12591.00804443745,13.34,0.66,0.0,0.0,7.0,1.8968592631667593
1679,11,train_0308,12546.07063396664,9925.32962945582,42.53296294558204,0.0,12588.603596912222,16.92,0.72,0.0,0.0,7.0,1.8968592631667593
1680,11,train_0565,12701.549900056,10570.260397092401,107.02603970924011,0.0,12808.57593976524,14.76,0.72,0.0,0.0,7.0,1.8968592631667593
1681,11,train_0007,13262.754800871295,10607.325789534014,110.7325789534014,0.0,13373.487379824695,16.38,0.7,0.0,0.0,7.0,1.8968592631667593
1682,11,train_0021,12669.556380723687,10381.056919640667,88.1056919640667,0.0,12757.662072687754,17.22,0.68,0.0,0.0,7.0,1.8968592631667593
1683,11,train_0477,12316.467423479447,9865.43137337433,36.54313733743293,0.0,12353.01056081688,13.96,0.78,0.0,0.0,7.0,1.8968592631667593
1684,11,train_0215,12502.401157923427,10772.905803715097,127.29058037150972,0.0,12629.691738294936,16.12,0.66,0.0,0.0,7.0,1.8968592631667593
1685,11,train_0312,12055.036491111281,10159.291104847838,65.92911048478382,0.0,12120.965601596065,15.62,0.66,0.0,0.0,7.0,1.8968592631667593
1686,11,train_0256,12784.393586114693,10116.666029623164,61.6666029623164,0.0,12846.060189077009,16.62,0.62,0.0,0.0,7.0,1.8968592631667593
1687,11,train_0244,12382.808189436731,10126.587950184614,62.65879501846139,0.0,12445.466984455194,16.2,0.68,0.0,0.0,7.0,1.8968592631667593
1688,11,train_0563,12428.93761304202,10333.932738126747,83.39327381267468,0.0,12512.330886854696,15.28,0.6,0.0,0.0,7.0,1.8968592631667593
1689,11,train_0056,11879.419506885895,10088.797926901476,58.87979269014759,0.0,11938.299299576043,16.94,0.7,0.0,0.0,7.0,1.8968592631667593
1690,11,train_0463,12146.02880728456,9929.346026956402,42.93460269564021,0.0,12188.9634099802,16.52,0.66,0.0,0.0,7.0,1.8968592631667593
1691,11,train_0533,12268.541047561055,10124.404244896534,62.44042448965338,0.0,12330.98147205071,16.44,0.6,0.0,0.0,7.0,1.8968592631667593
1692,11,train_0394,12442.59012301136,10273.557068538092,77.35570685380918,0.0,12519.945829865168,15.3,0.66,0.0,0.0,7.0,1.8968592631667593
1693,11,train_0237,12206.955143083562,10146.230478583664,64.6230478583664,0.0,12271.578190941927,15.98,0.68,0.0,0.0,7.0,1.8968592631667593
1694,11,train_0096,12589.88435517694,10471.54545519092,97.15454551909207,0.0,12687.038900696032,16.48,0.74,0.0,0.0,7.0,1.8968592631667593
1695,11,train_0409,12755.779105538575,10452.140784072719,95.21407840727188,0.0,12850.993183945848,18.0,0.58,0.0,0.0,7.0,1.8968592631667593
1696,11,train_0281,12398.16700229431,10814.773613200714,131.4773613200714,0.0,12529.644363614381,17.1,0.76,0.0,0.0,7.0,1.8968592631667593
1697,11,train_0089,12501.6745453146,10407.39188222566,90.73918822256601,0.0,12592.413733537165,16.24,0.7,0.0,0.0,7.0,1.8968592631667593
1698,11,train_0215,12575.17217885919,10396.176561401648,89.61765614016477,0.0,12664.789834999354,15.12,0.56,0.0,0.0,7.0,1.8968592631667593
1699,11,train_0576,12343.849032756501,10198.935902628973,69.8935902628973,0.0,12413.7426230194,15.06,0.66,0.0,0.0,7.0,1.8968592631667593
1700,11,train_0159,12130.844189273814,9988.08585159599,48.80858515959899,0.0,12179.652774433413,17.54,0.56,0.0,0.0,7.0,1.8968592631667593
1701,11,train_0107,12745.529532259621,10302.481578908013,80.24815789080131,0.0,12825.777690150422,16.66,0.58,0.0,0.0,7.0,1.8968592631667593
1702,11,train_0409,12920.726151717525,10455.901858447221,95.59018584472216,0.0,13016.316337562246,17.58,0.6,0.0,0.0,7.0,1.8968592631667593
1703,11,train_0119,12384.350657435478,10104.676775577293,60.46767755772926,0.0,12444.818334993208,16.22,0.66,0.0,0.0,7.0,1.8968592631667593
1704,11,train_0551,12131.633390018458,10116.278433048084,61.62784330480845,0.0,12193.261233323266,16.46,0.5,0.0,0.0,7.0,1.8968592631667593
1705,11,train_0515,12557.191428189242,10344.426048933812,84.44260489338122,0.0,12641.634033082624,17.06,0.7,0.0,0.0,7.0,1.8968592631667593
1706,11,train_0590,12931.958072282963,9794.33816881377,29.433816881377062,0.0,12961.39188916434,16.3,0.66,0.0,0.0,7.0,1.8968592631667593
1707,11,train_0547,12643.126457285936,10662.682104224421,116.26821042244211,0.0,12759.394667708379,15.86,0.64,0.0,0.0,7.0,1.8968592631667593
1708,11,train_0146,12341.063151337352,10522.816811625551,102.28168116255512,0.0,12443.344832499906,16.08,0.62,0.0,0.0,7.0,1.8968592631667593
1709,11,train_0127,12551.351520820717,10415.434184623125,91.54341846231256,0.0,12642.894939283029,14.48,0.5,0.0,0.0,7.0,1.8968592631667593
1710,11,train_0205,12671.070930955808,10059.73940658936,55.973940658936044,0.0,12727.044871614744,16.0,0.7,0.0,0.0,7.0,1.8968592631667593
1711,11,train_0281,12649.637285585359,10536.088660980071,103.6088660980071,0.0,12753.246151683366,17.1,0.62,0.0,0.0,7.0,1.8968592631667593
1712,11,train_0527,12415.021345639612,10561.16428360255,106.11642836025494,0.0,12521.137773999868,15.66,0.6,0.0,0.0,7.0,1.8968592631667593
1713,11,train_0440,12592.01615096562,10693.947327484086,119.39473274840857,0.0,12711.41088371403,15.88,0.76,0.0,0.0,7.0,1.8968592631667593
1714,11,train_0386,12399.102063200415,10501.448066632676,100.14480666326763,0.0,12499.246869863682,15.02,0.64,0.0,0.0,7.0,1.8968592631667593
1715,11,train_0527,12220.863208640621,10223.394037511696,72.33940375116963,0.0,12293.202612391791,15.34,0.5,0.0,0.0,7.0,1.8968592631667593
1716,11,train_0387,11999.432754831305,10230.80967387534,73.08096738753393,0.0,12072.513722218839,16.8,0.6,0.0,0.0,7.0,1.8968592631667593
1717,11,train_0227,12562.153053156546,10606.610324862131,110.66103248621312,0.0,12672.81408564276,16.2,0.84,0.0,0.0,7.0,1.8968592631667593
1718,11,train_0247,12659.454460880634,10352.056273514905,85.20562735149052,0.0,12744.660088232124,16.14,0.7,0.0,0.0,7.0,1.8968592631667593
1719,11,train_0310,12189.083480289308,10160.560304867442,66.0560304867442,0.0,12255.139510776053,15.26,0.7,0.0,0.0,7.0,1.8968592631667593
1720,11,train_0053,12444.395536747204,10505.32753354615,100.53275335461495,0.0,12544.92829010182,17.0,0.72,0.0,0.0,7.0,1.8968592631667593
1721,11,train_0445,12727.043038494437,10617.838386359774,111.78383863597738,0.0,12838.826877130416,18.28,0.7,0.0,0.0,7.0,1.8968592631667593
1722,11,train_0391,12270.16040755204,10432.24038609733,93.224038609733,0.0,12363.384446161774,16.04,0.62,0.0,0.0,7.0,1.8968592631667593
1723,11,train_0438,12255.313619899636,10209.972138598456,70.99721385984559,0.0,12326.310833759482,15.38,0.64,0.0,0.0,7.0,1.8968592631667593
1724,11,train_0320,12438.12352343981,10322.75084285892,82.27508428589209,0.0,12520.398607725701,15.16,0.66,0.0,0.0,7.0,1.8968592631667593
1725,11,train_0469,12490.588084616087,10579.457707983573,107.94577079835727,0.0,12598.533855414444,16.16,0.68,0.0,0.0,7.0,1.8968592631667593
1726,11,train_0569,12332.108249222645,10036.550862986625,53.65508629866254,0.0,12385.763335521307,15.5,0.7,0.0,0.0,7.0,1.8968592631667593
1727,11,train_0341,12689.644076892791,10666.55115986233,116.65511598623307,0.0,12806.299192879025,15.86,0.68,0.0,0.0,7.0,1.8968592631667593
1728,11,train_0266,12680.942057806467,10187.910117721056,68.79101177210559,0.0,12749.733069578573,15.76,0.6,0.0,0.0,7.0,1.8968592631667593
1729,11,train_0062,12264.46785741617,10124.04558189168,62.404558189167986,0.0,12326.872415605338,15.0,0.64,0.0,0.0,7.0,1.8968592631667593
1730,11,train_0467,12780.612433124934,10613.30917530442,111.33091753044192,0.0,12891.943350655376,14.94,0.58,0.0,0.0,7.0,1.8968592631667593
1731,11,train_0542,12088.430940901522,10203.504633592738,70.35046335927382,0.0,12158.781404260797,16.1,0.72,0.0,0.0,7.0,1.8968592631667593
1732,11,train_0419,12647.586912593059,10001.336580292562,50.13365802925619,0.0,12697.720570622314,16.24,0.58,0.0,0.0,7.0,1.8968592631667593
1733,11,train_0519,12770.410164723211,10236.125194934086,73.61251949340858,0.0,12844.02268421662,17.78,0.56,0.0,0.0,7.0,1.8968592631667593
1734,11,train_0516,12543.537696285879,10582.04073758817,108.20407375881696,0.0,12651.741770044697,13.42,0.66,0.0,0.0,7.0,1.8968592631667593
1735,11,train_0478,12512.405536407916,10070.608814828964,57.06088148289637,0.0,12569.466417890811,15.6,0.66,0.0,0.0,7.0,1.8968592631667593
1736,11,train_0301,12850.097733480865,10307.288078994505,80.72880789945049,0.0,12930.826541380315,15.9,0.54,0.0,0.0,7.0,1.8968592631667593
1737,11,train_0059,12711.71673486078,10272.062360234302,77.20623602343022,0.0,12788.92297088421,15.86,0.68,0.0,0.0,7.0,1.8968592631667593
1738,11,train_0001,12183.783989418022,9988.227758967616,48.8227758967616,0.0,12232.606765314784,13.72,0.6,0.0,0.0,7.0,1.8968592631667593
1739,11,train_0122,12254.95392150771,10065.456590555463,56.54565905554628,0.0,12311.499580563255,16.7,0.62,0.0,0.0,7.0,1.8968592631667593
1740,11,train_0258,12678.423083611702,10490.59323481763,99.05932348176303,0.0,12777.482407093465,16.8,0.66,0.0,0.0,7.0,1.8968592631667593
1741,11,train_0446,12287.794244213399,10092.906248477175,59.29062484771748,0.0,12347.084869061116,15.2,0.72,0.0,0.0,7.0,1.8968592631667593
1742,11,train_0273,12629.944350311413,10199.519827851014,69.95198278510144,0.0,12699.896333096514,16.6,0.6,0.0,0.0,7.0,1.8968592631667593
1743,11,train_0013,12585.42843668304,9844.648903615338,34.4648903615338,0.0,12619.893327044574,15.22,0.5,0.0,0.0,7.0,1.8968592631667593
1744,12,train_0126,12281.56342074455,10307.025642544188,80.70256425441876,0.0,12362.265984998969,16.32,0.64,0.0,0.0,7.0,1.8968592631667593
1745,12,train_0587,12396.937576771672,10180.772374412514,68.07723744125143,0.0,12465.014814212924,17.06,0.74,0.0,0.0,7.0,1.8968592631667593
1746,12,train_0592,12417.430145158207,10347.303773642067,84.73037736420666,0.0,12502.160522522414,13.82,0.6,0.0,0.0,7.0,1.8968592631667593
1747,12,train_0226,11727.10543331846,10011.260712016629,51.12607120166285,0.0,11778.231504520123,14.94,0.58,0.0,0.0,7.0,1.8968592631667593
1748,12,train_0482,11920.176255364147,10074.72845097506,57.472845097506074,0.0,11977.649100461653,14.84,0.62,0.0,0.0,7.0,1.8968592631667593
1749,12,train_0431,12701.191454675845,9960.453187053454,46.04531870534538,0.0,12747.236773381192,15.9,0.64,0.0,0.0,7.0,1.8968592631667593
1750,12,train_0558,13282.83745217399,10231.7428571735,73.17428571735,0.0,13356.01173789134,15.62,0.68,0.0,0.0,7.0,1.8968592631667593
1751,12,train_0532,12759.397992195105,10020.075330340906,52.00753303409056,0.0,12811.405525229195,15.32,0.66,0.0,0.0,7.0,1.8968592631667593
1752,12,train_0377,12128.326467983567,10355.954748929187,85.59547489291873,0.0,12213.921942876485,18.72,0.68,0.0,0.0,7.0,1.8968592631667593
1753,12,train_0236,12520.2940744726,10208.18393508853,70.81839350885294,0.0,12591.112467981453,19.28,0.64,0.0,0.0,7.0,1.8968592631667593
1754,12,train_0375,12570.207574748289,10250.776763432808,75.07767634328084,0.0,12645.285251091569,15.64,0.56,0.0,0.0,7.0,1.8968592631667593
1755,12,train_0191,12652.99656227972,10594.28452507333,109.42845250733299,0.0,12762.425014787053,16.5,0.68,0.0,0.0,7.0,1.8968592631667593
1756,12,train_0208,12547.050292003518,10253.08043956243,75.30804395624291,0.0,12622.358335959761,14.54,0.68,0.0,0.0,7.0,1.8968592631667593
1757,12,train_0365,12705.38423016341,10389.35947106874,88.93594710687394,0.0,12794.320177270285,15.46,0.7,0.0,0.0,7.0,1.8968592631667593
1758,12,train_0342,12474.309778149436,10115.407668759646,61.54076687596462,0.0,12535.850545025402,18.94,0.7,0.0,0.0,7.0,1.8968592631667593
1759,12,train_0348,12205.746007132442,10623.200533704268,112.32005337042683,0.0,12318.06606050287,16.42,0.66,0.0,0.0,7.0,1.8968592631667593
1760,12,train_0230,12898.939763904164,9835.323744429217,33.53237444292172,0.0,12932.472138347086,16.94,0.68,0.0,0.0,7.0,1.8968592631667593
1761,12,train_0245,12186.969040382213,10001.604077979999,50.16040779799987,0.0,12237.129448180212,15.56,0.58,0.0,0.0,7.0,1.8968592631667593
1762,12,train_0006,12308.786099991476,10256.070137270566,75.60701372705662,0.0,12384.393113718532,14.38,0.78,0.0,0.0,7.0,1.8968592631667593
1763,12,train_0361,12549.885439726626,10567.63747563893,106.76374756389305,0.0,12656.649187290519,16.18,0.64,0.0,0.0,7.0,1.8968592631667593
1764,12,train_0345,12525.551395996907,10268.183380263325,76.81833802633247,0.0,12602.36973402324,16.34,0.64,0.0,0.0,7.0,1.8968592631667593
1765,12,train_0561,12750.641156515569,10518.137301196512,101.81373011965115,0.0,12852.45488663522,17.16,0.68,0.0,0.0,7.0,1.8968592631667593
1766,12,train_0302,12857.044892623413,10253.737212239346,75.37372122393462,0.0,12932.418613847347,15.08,0.66,0.0,0.0,7.0,1.8968592631667593
1767,12,train_0280,12625.638378546242,10394.449374647418,89.44493746474183,0.0,12715.083316010983,16.5,0.68,0.0,0.0,7.0,1.8968592631667593
1768,12,train_0040,12803.62582873198,10440.727805382143,94.07278053821429,0.0,12897.698609270194,16.22,0.64,0.0,0.0,7.0,1.8968592631667593
1769,12,train_0118,12173.824575549514,10602.58332504861,110.25833250486103,0.0,12284.082908054375,15.1,0.56,0.0,0.0,7.0,1.8968592631667593
1770,12,train_0202,12638.306136836778,10336.34859395922,83.63485939592192,0.0,12721.9409962327,14.62,0.72,0.0,0.0,7.0,1.8968592631667593
1771,12,train_0226,11850.53804280694,9984.821274733173,48.48212747331727,0.0,11899.020170280257,14.72,0.66,0.0,0.0,7.0,1.8968592631667593
1772,12,train_0217,12229.722942646375,10667.880997222179,116.7880997222179,0.0,12346.511042368593,16.72,0.6,0.0,0.0,7.0,1.8968592631667593
1773,12,train_0236,12879.724296244594,9799.788934788683,29.978893478868304,0.0,12909.703189723463,18.74,0.68,0.0,0.0,7.0,1.8968592631667593
1774,12,train_0461,12300.798848339435,10648.544487898416,114.85444878984163,0.0,12415.653297129276,14.84,0.68,0.0,0.0,7.0,1.8968592631667593
1775,12,train_0078,12397.91679990561,10318.535271526489,81.8535271526489,0.0,12479.770327058259,14.3,0.68,0.0,0.0,7.0,1.8968592631667593
1776,12,train_0199,12809.572201155335,10131.730029836572,63.17300298365717,0.0,12872.745204138992,15.4,0.74,0.0,0.0,7.0,1.8968592631667593
1777,12,train_0097,12235.358222512497,10330.500418203039,83.05004182030389,0.0,12318.408264332802,17.3,0.64,0.0,0.0,7.0,1.8968592631667593
1778,12,train_0184,12341.833227623209,10519.704977467514,101.97049774675143,0.0,12443.80372536996,15.68,0.72,0.0,0.0,7.0,1.8968592631667593
1779,12,train_0410,12673.076881867788,10589.3382852076,108.93382852075993,0.0,12782.010710388548,17.54,0.74,0.0,0.0,7.0,1.8968592631667593
1780,12,train_0028,12651.50595579038,10250.599586785982,75.05995867859819,0.0,12726.565914468978,17.32,0.62,0.0,0.0,7.0,1.8968592631667593
1781,12,train_0203,12668.063660247697,10593.544587881188,109.35445878811879,0.0,12777.418119035816,12.76,0.7,0.0,0.0,7.0,1.8968592631667593
1782,12,train_0014,12475.314546260212,10612.848482682517,111.28484826825171,0.0,12586.599394528463,16.26,0.8,0.0,0.0,7.0,1.8968592631667593
1783,12,train_0572,12639.974873580924,10366.792757220592,86.67927572205917,0.0,12726.654149302984,14.74,0.66,0.0,0.0,7.0,1.8968592631667593
1784,12,train_0436,12749.43119429507,10358.081727495839,85.8081727495839,0.0,12835.239367044655,17.16,0.62,0.0,0.0,7.0,1.8968592631667593
1785,12,train_0146,12327.050993461351,10604.685376811221,110.46853768112214,0.0,12437.519531142472,15.86,0.72,0.0,0.0,7.0,1.8968592631667593
1786,12,train_0118,12501.337510326424,10253.363836970428,75.33638369704276,0.0,12576.673894023466,13.7,0.66,0.0,0.0,7.0,1.8968592631667593
1787,12,train_0059,12647.830821741944,10251.092900297568,75.10929002975682,0.0,12722.9401117717,14.5,0.54,0.0,0.0,7.0,1.8968592631667593
1788,12,train_0283,12728.303783418625,10368.826962673085,86.88269626730853,0.0,12815.186479685934,16.12,0.6,0.0,0.0,7.0,1.8968592631667593
1789,12,train_0452,12432.551493109577,10122.005387534304,62.20053875343038,0.0,12494.752031863007,15.56,0.72,0.0,0.0,7.0,1.8968592631667593
1790,12,train_0350,12309.283583947185,10003.22964165777,50.322964165777016,0.0,12359.60654811296,16.06,0.62,0.0,0.0,7.0,1.8968592631667593
1791,12,train_0528,12687.755137608856,10250.308036305592,75.03080363055925,0.0,12762.785941239415,14.96,0.6,0.0,0.0,7.0,1.8968592631667593
1792,12,train_0206,12764.044237672086,10254.841957883713,75.4841957883713,0.0,12839.528433460457,13.54,0.7,0.0,0.0,7.0,1.8968592631667593
1793,12,train_0166,12287.729643953511,10097.878874904922,59.78788749049218,0.0,12347.517531444004,14.04,0.66,0.0,0.0,7.0,1.8968592631667593
1794,12,train_0286,12792.004692274622,10410.662449722924,91.06624497229241,0.0,12883.070937246915,14.42,0.68,0.0,0.0,7.0,1.8968592631667593
1795,12,train_0121,12527.962749873823,9748.173917643819,24.817391764381867,0.0,12552.780141638204,14.74,0.58,0.0,0.0,7.0,1.8968592631667593
1796,12,train_0585,12712.384578616331,10256.232821274209,75.62328212742086,0.0,12788.007860743752,13.6,0.66,0.0,0.0,7.0,1.8968592631667593
1797,12,train_0111,12521.185097054138,10099.667603430378,59.966760343037826,0.0,12581.151857397175,16.0,0.62,0.0,0.0,7.0,1.8968592631667593
1798,12,train_0287,12679.073768105729,10090.983809046927,59.09838090469275,0.0,12738.172149010421,15.44,0.72,0.0,0.0,7.0,1.8968592631667593
1799,12,train_0313,12538.549460770373,10470.985000271974,97.09850002719742,0.0,12635.64796079757,16.2,0.68,0.0,0.0,7.0,1.8968592631667593
1800,12,train_0034,12602.264255256898,10226.595069695213,72.65950696952132,0.0,12674.923762226419,16.04,0.6,0.0,0.0,7.0,1.8968592631667593
1801,12,train_0281,12644.328867762875,10459.944721427099,95.99447214270987,0.0,12740.323339905584,15.38,0.66,0.0,0.0,7.0,1.8968592631667593
1802,12,train_0272,12353.480560365006,10408.381285659978,90.8381285659978,0.0,12444.318688931004,14.82,0.74,0.0,0.0,7.0,1.8968592631667593
1803,12,train_0155,12604.626033901477,10450.739119808046,95.0739119808046,0.0,12699.699945882281,16.0,0.68,0.0,0.0,7.0,1.8968592631667593
1804,12,train_0076,12749.620919944002,10033.950719520166,53.39507195201659,0.0,12803.015991896018,15.98,0.64,0.0,0.0,7.0,1.8968592631667593
1805,12,train_0027,12326.840655278898,10432.95380749788,93.29538074978791,0.0,12420.136036028685,14.38,0.68,0.0,0.0,7.0,1.8968592631667593
1806,12,train_0005,12496.16527343517,9882.354810369536,38.23548103695357,0.0,12534.400754472124,17.04,0.68,0.0,0.0,7.0,1.8968592631667593
1807,12,train_0288,12093.305379439147,9888.68682721549,38.86868272154898,0.0,12132.174062160697,16.56,0.6,0.0,0.0,7.0,1.8968592631667593
1808,12,train_0053,12373.856150436297,10434.268756314745,93.42687563147447,0.0,12467.283026067771,15.92,0.66,0.0,0.0,7.0,1.8968592631667593
1809,12,train_0575,12952.067359741583,10503.040826590715,100.30408265907154,0.0,13052.371442400654,15.66,0.64,0.0,0.0,7.0,1.8968592631667593
1810,12,train_0146,12346.023411212776,10698.947751326725,119.89477513267248,0.0,12465.918186345449,15.54,0.6,0.0,0.0,7.0,1.8968592631667593
1811,12,train_0391,12555.918851094542,10129.457496436946,62.94574964369458,0.0,12618.864600738238,15.42,0.76,0.0,0.0,7.0,1.8968592631667593
1812,12,train_0404,13150.634363318082,10466.441704716763,96.64417047167626,0.0,13247.278533789759,18.12,0.78,0.0,0.0,7.0,1.8968592631667593
1813,12,train_0297,12248.8508899357,10110.339667202697,61.033966720269746,0.0,12309.88485665597,14.16,0.66,0.0,0.0,7.0,1.8968592631667593
1814,12,train_0530,12520.22996045872,10739.949918437964,123.99499184379638,0.0,12644.224952302517,15.9,0.62,0.0,0.0,7.0,1.8968592631667593
1815,12,train_0066,12406.673393502151,10226.347291250651,72.63472912506514,0.0,12479.308122627217,19.42,0.64,0.0,0.0,7.0,1.8968592631667593
1816,12,train_0140,12162.596691235154,9999.964966357722,49.9964966357722,0.0,12212.593187870927,15.5,0.7,0.0,0.0,7.0,1.8968592631667593
1817,12,train_0151,12533.478597550462,10567.74313314641,106.77431331464105,0.0,12640.252910865103,15.02,0.66,0.0,0.0,7.0,1.8968592631667593
1818,12,train_0081,12501.657688514184,10037.925455797307,53.79254557973073,0.0,12555.450234093914,16.9,0.52,0.0,0.0,7.0,1.8968592631667593
1819,12,train_0176,12692.957654392487,10896.411704373268,139.64117043732676,0.0,12832.598824829813,14.4,0.64,0.0,0.0,7.0,1.8968592631667593
1820,12,train_0187,12460.508648002173,10037.167557036206,53.716755703620585,0.0,12514.225403705794,15.7,0.6,0.0,0.0,7.0,1.8968592631667593
1821,12,train_0458,12725.097874084986,10498.725559660994,99.8725559660994,0.0,12824.970430051086,14.92,0.76,0.0,0.0,7.0,1.8968592631667593
1822,12,train_0180,12609.209066364372,10593.252390723139,109.32523907231389,0.0,12718.534305436686,16.8,0.56,0.0,0.0,7.0,1.8968592631667593
1823,12,train_0526,12620.353662663609,10134.410906191768,63.4410906191768,0.0,12683.794753282786,17.0,0.7,0.0,0.0,7.0,1.8968592631667593
1824,12,train_0463,12045.63764175073,10032.255525753646,53.2255525753646,0.0,12098.863194326095,17.06,0.74,0.0,0.0,7.0,1.8968592631667593
1825,12,train_0540,12745.395874484653,10503.294671240932,100.32946712409321,0.0,12845.725341608746,16.92,0.82,0.0,0.0,7.0,1.8968592631667593
1826,12,train_0063,12404.7259878084,10384.797842823296,88.47978428232965,0.0,12493.20577209073,15.54,0.62,0.0,0.0,7.0,1.8968592631667593
1827,12,train_0590,12365.983259740407,10420.455769088509,92.04557690885086,0.0,12458.028836649259,15.7,0.62,0.0,0.0,7.0,1.8968592631667593
1828,12,train_0368,12639.911604228284,10392.96813991821,89.29681399182101,0.0,12729.208418220105,15.42,0.7,0.0,0.0,7.0,1.8968592631667593
1829,12,train_0589,12234.411375044256,10096.371181909242,59.637118190924234,0.0,12294.04849323518,16.36,0.72,0.0,0.0,7.0,1.8968592631667593
1830,12,train_0212,12397.089252202368,10135.429086055108,63.542908605510824,0.0,12460.632160807878,14.78,0.68,0.0,0.0,7.0,1.8968592631667593
1831,12,train_0571,12798.451683559317,9987.154888745004,48.715488874500444,0.0,12847.167172433818,15.86,0.64,0.0,0.0,7.0,1.8968592631667593
1832,12,train_0353,12378.691272937009,10000.67782507658,50.067782507658016,0.0,12428.759055444667,17.5,0.66,0.0,0.0,7.0,1.8968592631667593
1833,12,train_0043,12138.294653093646,10179.043094206738,67.90430942067378,0.0,12206.19896251432,18.6,0.74,0.0,0.0,7.0,1.8968592631667593
1834,12,train_0246,12422.349006365013,10044.063495477569,54.406349547756875,0.0,12476.75535591277,14.92,0.76,0.0,0.0,7.0,1.8968592631667593
1835,12,train_0082,12754.649332875644,10402.789193800898,90.2789193800898,0.0,12844.928252255733,15.38,0.76,0.0,0.0,7.0,1.8968592631667593
1836,12,train_0564,12632.822986769277,10239.871483883435,73.98714838834348,0.0,12706.81013515762,16.48,0.66,0.0,0.0,7.0,1.8968592631667593
1837,12,train_0182,12896.750311524247,10719.000016327731,121.9000016327731,0.0,13018.65031315702,16.14,0.7,0.0,0.0,7.0,1.8968592631667593
1838,12,train_0133,12292.515826465482,10563.674365345418,106.36743653454178,0.0,12398.883263000023,17.78,0.7,0.0,0.0,7.0,1.8968592631667593
1839,12,train_0331,12616.470245938212,10186.701330191923,68.67013301919233,0.0,12685.140378957403,16.08,0.64,0.0,0.0,7.0,1.8968592631667593
1840,12,train_0255,12503.904204593813,9853.075645000652,35.307564500065205,0.0,12539.211769093878,17.14,0.68,0.0,0.0,7.0,1.8968592631667593
1841,12,train_0058,11959.485654894244,9877.115737426615,37.71157374266149,0.0,11997.197228636905,14.18,0.64,0.0,0.0,7.0,1.8968592631667593
1842,12,train_0489,12327.868798938298,9946.206404597706,44.620640459770584,0.0,12372.489439398068,17.22,0.68,0.0,0.0,7.0,1.8968592631667593
1843,12,train_0507,12675.860624771587,10218.060782899185,71.80607828991852,0.0,12747.666703061506,15.44,0.78,0.0,0.0,7.0,1.8968592631667593
1844,12,train_0445,12976.040241580471,10709.373059950041,120.93730599500414,0.0,13096.977547575476,19.76,0.66,0.0,0.0,7.0,1.8968592631667593
1845,12,train_0370,12738.733566201085,10171.054452463328,67.10544524633279,0.0,12805.839011447417,15.68,0.7,0.0,0.0,7.0,1.8968592631667593
1846,12,train_0241,12050.594975763808,10311.281816322708,81.12818163227075,0.0,12131.723157396078,14.92,0.54,0.0,0.0,7.0,1.8968592631667593
1847,12,train_0325,12778.801577757602,9869.326265723099,36.93262657230989,0.0,12815.734204329912,13.36,0.74,0.0,0.0,7.0,1.8968592631667593
1848,12,train_0312,12198.302742565116,10214.531156661924,71.45311566619239,0.0,12269.755858231309,15.78,0.68,0.0,0.0,7.0,1.8968592631667593
1849,12,train_0099,12227.134907856886,9829.481831419207,32.94818314192071,0.0,12260.083090998807,17.14,0.68,0.0,0.0,7.0,1.8968592631667593
1850,12,train_0049,12660.338416104885,10533.065181844562,103.30651818445622,0.0,12763.644934289341,14.82,0.72,0.0,0.0,7.0,1.8968592631667593
1851,12,train_0151,12702.678535776296,10338.146558920133,83.81465589201326,0.0,12786.493191668309,15.44,0.76,0.0,0.0,7.0,1.8968592631667593
1852,12,train_0272,12265.803262168729,10409.914797275933,90.99147972759329,0.0,12356.794741896323,15.44,0.64,0.0,0.0,7.0,1.8968592631667593
1853,12,train_0096,12702.85531096422,10201.085277906648,70.10852779066481,0.0,12772.963838754884,16.64,0.8,0.0,0.0,7.0,1.8968592631667593
1854,12,train_0064,12872.320158939478,10580.601022078967,108.06010220789668,0.0,12980.380261147375,15.78,0.52,0.0,0.0,7.0,1.8968592631667593
1855,12,train_0511,12476.41383906245,9781.894930602888,28.189493060288807,0.0,12504.603332122739,16.52,0.74,0.0,0.0,7.0,1.8968592631667593
1856,12,train_0224,12594.046974513221,10197.225806478575,69.72258064785747,0.0,12663.76955516108,14.04,0.62,0.0,0.0,7.0,1.8968592631667593
1857,12,train_0350,12279.382542363901,9868.348010741825,36.83480107418254,0.0,12316.217343438084,17.06,0.58,0.0,0.0,7.0,1.8968592631667593
1858,12,train_0314,12446.638279692606,9999.43347565455,49.94334756545504,0.0,12496.581627258061,16.88,0.64,0.0,0.0,7.0,1.8968592631667593
1859,12,train_0441,12650.630492946588,10332.77052063328,83.27705206332794,0.0,12733.907545009915,15.6,0.72,0.0,0.0,7.0,1.8968592631667593
1860,12,train_0443,13010.413359160195,10685.278046466807,118.52780464668068,0.0,13128.941163806876,17.5,0.62,0.0,0.0,7.0,1.8968592631667593
1861,12,train_0177,12676.255734414242,10154.685519598353,65.46855195983535,0.0,12741.724286374078,14.28,0.7,0.0,0.0,7.0,1.8968592631667593
1862,12,train_0508,12674.217653775337,10287.170872722789,78.71708727227889,0.0,12752.934741047615,15.34,0.64,0.0,0.0,7.0,1.8968592631667593
1863,12,train_0222,12571.044038569145,10590.848786261298,109.08487862612984,0.0,12680.128917195276,18.02,0.72,0.0,0.0,7.0,1.8968592631667593
1864,12,train_0501,12546.2106722959,10639.1346853271,113.91346853271007,0.0,12660.12414082861,18.82,0.76,0.0,0.0,7.0,1.8968592631667593
1865,12,train_0242,12968.05045964312,10169.163644359145,66.91636443591452,0.0,13034.966824079034,15.46,0.6,0.0,0.0,7.0,1.8968592631667593
1866,12,train_0066,12338.69022134791,10219.429694598326,71.94296945983261,0.0,12410.633190807743,16.62,0.76,0.0,0.0,7.0,1.8968592631667593
1867,12,train_0456,12388.085213384695,10500.773596857776,100.07735968577764,0.0,12488.162573070473,15.58,0.78,0.0,0.0,7.0,1.8968592631667593
1868,12,train_0018,12309.801422629469,10426.46394979971,92.64639497997105,0.0,12402.44781760944,14.28,0.66,0.0,0.0,7.0,1.8968592631667593
1869,12,train_0463,12176.251463768294,10186.969817081534,68.69698170815336,0.0,12244.948445476448,16.48,0.66,0.0,0.0,7.0,1.8968592631667593
1870,12,train_0025,12723.142581394164,10573.158225142884,107.31582251428846,0.0,12830.458403908453,15.3,0.76,0.0,0.0,7.0,1.8968592631667593
1871,12,train_0124,12475.39096444707,10253.786295159498,75.3786295159498,0.0,12550.76959396302,18.28,0.66,0.0,0.0,7.0,1.8968592631667593
1872,12,train_0362,12072.799127004953,10008.913851748217,50.8913851748217,0.0,12123.690512179775,15.26,0.62,0.0,0.0,7.0,1.8968592631667593
1873,12,train_0564,12490.38112041782,10388.373901111958,88.83739011119579,0.0,12579.218510529015,17.0,0.64,0.0,0.0,7.0,1.8968592631667593
1874,12,train_0245,12334.452587753245,9780.18151904255,28.018151904254957,0.0,12362.4707396575,14.66,0.66,0.0,0.0,7.0,1.8968592631667593
1875,12,train_0072,12726.423007003626,10371.827222917305,87.18272229173054,0.0,12813.605729295357,17.14,0.64,0.0,0.0,7.0,1.8968592631667593
1876,12,train_0139,12230.878982156366,9992.077010788147,49.20770107881472,0.0,12280.08668323518,14.68,0.7,0.0,0.0,7.0,1.8968592631667593
1877,12,train_0537,12213.184966740573,10013.959599504271,51.3959599504271,0.0,12264.580926691,15.96,0.66,0.0,0.0,7.0,1.8968592631667593
1878,12,train_0436,12629.867750115805,10506.861437530519,100.68614375305188,0.0,12730.553893868857,16.62,0.66,0.0,0.0,7.0,1.8968592631667593
1879,12,train_0060,12951.719099725728,10074.843548135912,57.4843548135912,0.0,13009.203454539318,16.52,0.64,0.0,0.0,7.0,1.8968592631667593
1880,12,train_0230,12299.146990199883,10374.305933783446,87.43059337834457,0.0,12386.577583578228,15.78,0.7,0.0,0.0,7.0,1.8968592631667593
1881,12,train_0158,12783.948843275915,10097.15456607078,59.71545660707798,0.0,12843.664299882994,16.72,0.78,0.0,0.0,7.0,1.8968592631667593
1882,12,train_0106,13006.943105489898,10331.670389209183,83.16703892091829,0.0,13090.110144410815,16.72,0.64,0.0,0.0,7.0,1.8968592631667593
1883,12,train_0507,12792.431656499793,10083.153953958634,58.31539539586338,0.0,12850.747051895656,17.18,0.82,0.0,0.0,7.0,1.8968592631667593
1884,12,train_0370,12555.803562639994,10505.767722116349,100.57677221163486,0.0,12656.380334851629,16.24,0.72,0.0,0.0,7.0,1.8968592631667593
1885,12,train_0107,12909.996247944458,10176.068846711143,67.60688467111432,0.0,12977.603132615573,17.24,0.6,0.0,0.0,7.0,1.8968592631667593
1886,12,train_0390,12780.245372010042,10281.623919440895,78.16239194408955,0.0,12858.407763954132,16.7,0.66,0.0,0.0,7.0,1.8968592631667593
1887,12,train_0248,12444.041539833077,10374.591427494648,87.45914274946482,0.0,12531.500682582542,17.7,0.62,0.0,0.0,7.0,1.8968592631667593
1888,13,train_0036,12428.508578597415,10255.568259512913,75.55682595129129,0.0,12504.065404548706,17.18,0.58,0.0,0.0,7.0,1.8968592631667593
1889,13,train_0269,12189.337565250888,9615.018034218592,11.501803421859222,0.0,12200.839368672747,15.78,0.6,0.0,0.0,7.0,1.8968592631667593
1890,13,train_0111,12210.421937806066,10137.658975213424,63.76589752134242,0.0,12274.187835327408,15.5,0.68,0.0,0.0,7.0,1.8968592631667593
1891,13,train_0147,12433.842476199297,10615.176298520615,111.51762985206152,0.0,12545.36010605136,17.44,0.52,0.0,0.0,7.0,1.8968592631667593
1892,13,train_0527,12440.268087712659,10145.961405190897,64.59614051908976,0.0,12504.864228231749,15.22,0.58,0.0,0.0,7.0,1.8968592631667593
1893,13,train_0426,12338.233250188894,10015.57307978904,51.55730797890392,0.0,12389.790558167799,17.1,0.68,0.0,0.0,7.0,1.8968592631667593
1894,13,train_0080,12648.510895233618,10214.55503112659,71.45550311265906,0.0,12719.966398346276,15.94,0.66,0.0,0.0,7.0,1.8968592631667593
1895,13,train_0510,12830.773101507279,10496.427396089292,99.64273960892916,0.0,12930.415841116208,15.32,0.7,0.0,0.0,7.0,1.8968592631667593
1896,13,train_0344,12343.411435447628,10358.12201169847,85.81220116984696,0.0,12429.223636617475,13.52,0.66,0.0,0.0,7.0,1.8968592631667593
1897,13,train_0524,11878.701754616632,9906.63227639045,40.663227639045004,0.0,11919.364982255676,17.54,0.74,0.0,0.0,7.0,1.8968592631667593
1898,13,train_0448,12523.426964598806,10061.01790055176,56.101790055176025,0.0,12579.528754653982,16.08,0.6,0.0,0.0,7.0,1.8968592631667593
1899,13,train_0203,12516.781472486122,10656.69476304478,115.66947630447794,0.0,12632.4509487906,13.64,0.66,0.0,0.0,7.0,1.8968592631667593
1900,13,train_0320,12918.76989501775,10153.715720371303,65.37157203713032,0.0,12984.14146705488,15.26,0.86,0.0,0.0,7.0,1.8968592631667593
1901,13,train_0318,12526.737387213429,10245.2109738076,74.52109738075997,0.0,12601.25848459419,18.0,0.7,0.0,0.0,7.0,1.8968592631667593
1902,13,train_0431,12220.896231060102,10370.229044255224,87.0229044255224,0.0,12307.919135485625,15.72,0.54,0.0,0.0,7.0,1.8968592631667593
1903,13,train_0149,12701.158924893447,10414.796476582824,91.47964765828237,0.0,12792.638572551728,16.32,0.56,0.0,0.0,7.0,1.8968592631667593
1904,13,train_0199,12735.507475680353,10434.40375274295,93.44037527429501,0.0,12828.947850954648,16.92,0.8,0.0,0.0,7.0,1.8968592631667593
1905,13,train_0146,12560.336551483684,10177.168019421772,67.71680194217716,0.0,12628.053353425861,15.52,0.66,0.0,0.0,7.0,1.8968592631667593
1906,13,train_0177,12395.767650465728,10210.296031576652,71.02960315766522,0.0,12466.797253623394,13.54,0.62,0.0,0.0,7.0,1.8968592631667593
1907,13,train_0096,12579.29958810654,10479.671263381131,97.96712633811313,0.0,12677.266714444653,17.7,0.76,0.0,0.0,7.0,1.8968592631667593
1908,13,train_0021,12938.368892096081,10124.8339510185,62.483395101849965,0.0,13000.852287197931,17.3,0.68,0.0,0.0,7.0,1.8968592631667593
1909,13,train_0564,12617.681972709266,10092.767407176467,59.27674071764668,0.0,12676.958713426913,15.8,0.66,0.0,0.0,7.0,1.8968592631667593
1910,13,train_0044,12512.40129955862,10503.323382779363,100.33233827793629,0.0,12612.733637836556,15.86,0.62,0.0,0.0,7.0,1.8968592631667593
1911,13,train_0532,12478.389252762543,10386.654621418285,88.66546214182854,0.0,12567.054714904372,15.36,0.7,0.0,0.0,7.0,1.8968592631667593
1912,13,train_0001,12083.823177119126,10461.709174479074,96.17091744790741,0.0,12179.994094567033,13.9,0.74,0.0,0.0,7.0,1.8968592631667593
1913,13,train_0466,12296.953507042774,10757.07206051278,125.70720605127809,0.0,12422.660713094052,16.22,0.72,0.0,0.0,7.0,1.8968592631667593
1914,13,train_0197,12835.802479724667,10059.483304737794,55.94833047377943,0.0,12891.750810198446,15.28,0.64,0.0,0.0,7.0,1.8968592631667593
1915,13,train_0310,12468.609975084884,10108.877276333904,60.88772763339039,0.0,12529.497702718274,15.56,0.72,0.0,0.0,7.0,1.8968592631667593
1916,13,train_0169,11944.573735994443,9967.893154506583,46.78931545065825,0.0,11991.363051445102,16.38,0.62,0.0,0.0,7.0,1.8968592631667593
1917,13,train_0294,12389.07876517333,10014.090545501167,51.40905455011671,0.0,12440.487819723447,16.06,0.42,0.0,0.0,7.0,1.8968592631667593
1918,13,train_0270,12302.938458659359,10310.139523291029,81.0139523291029,0.0,12383.952410988462,16.86,0.56,0.0,0.0,7.0,1.8968592631667593
1919,13,train_0317,12473.007565253552,10143.927739339204,64.3927739339204,0.0,12537.400339187472,15.52,0.62,0.0,0.0,7.0,1.8968592631667593
1920,13,train_0235,12353.213399749398,10522.735837247674,102.27358372476738,0.0,12455.486983474166,15.44,0.56,0.0,0.0,7.0,1.8968592631667593
1921,13,train_0321,12512.658333995185,10313.242174336548,81.32421743365485,0.0,12593.98255142884,15.34,0.76,0.0,0.0,7.0,1.8968592631667593
1922,13,train_0495,12504.510763193983,10283.945519169285,78.3945519169285,0.0,12582.905315110911,17.66,0.72,0.0,0.0,7.0,1.8968592631667593
1923,13,train_0260,12231.660810013313,10037.759798543491,53.77597985434914,0.0,12285.436789867661,17.88,0.68,0.0,0.0,7.0,1.8968592631667593
1924,13,train_0216,12336.145983258415,10062.41718974349,56.24171897434899,0.0,12392.387702232763,18.96,0.68,0.0,0.0,7.0,1.8968592631667593
1925,13,train_0079,12701.409867097023,10034.606189421454,53.46061894214545,0.0,12754.870486039168,16.6,0.66,0.0,0.0,7.0,1.8968592631667593
1926,13,train_0215,12442.601585435747,10403.575594098402,90.35755940984018,0.0,12532.959144845587,16.76,0.54,0.0,0.0,7.0,1.8968592631667593
1927,13,train_0075,12588.49868205065,10273.772782727468,77.37727827274685,0.0,12665.875960323396,17.32,0.64,0.0,0.0,7.0,1.8968592631667593
1928,13,train_0109,12919.711090993247,10150.424742979485,65.0424742979485,0.0,12984.753565291196,15.94,0.64,0.0,0.0,7.0,1.8968592631667593
1929,13,train_0571,12427.275548856729,10147.74965669141,64.77496566914105,0.0,12492.05051452587,15.62,0.64,0.0,0.0,7.0,1.8968592631667593
1930,13,train_0053,12378.044633421963,10328.431562708482,82.84315627084817,0.0,12460.887789692812,16.2,0.56,0.0,0.0,7.0,1.8968592631667593
1931,13,train_0289,13030.337285719273,10505.565577161049,100.55655771610492,0.0,13130.893843435379,16.36,0.66,0.0,0.0,7.0,1.8968592631667593
1932,13,train_0500,12223.08602398983,10132.46739553275,63.24673955327508,0.0,12286.332763543105,15.36,0.56,0.0,0.0,7.0,1.8968592631667593
1933,13,train_0571,12338.276999542366,10240.550997791888,74.05509977918882,0.0,12412.332099321555,14.94,0.54,0.0,0.0,7.0,1.8968592631667593
1934,13,train_0088,12408.85589921914,10406.95525650099,90.69552565009909,0.0,12499.551424869238,16.82,0.68,0.0,0.0,7.0,1.8968592631667593
1935,13,train_0098,12521.362032063062,9862.428777621755,36.242877762175524,0.0,12557.604909825237,14.46,0.64,0.0,0.0,7.0,1.8968592631667593
1936,13,train_0223,11926.680358722826,10199.344489985047,69.93444899850475,0.0,11996.614807721331,14.92,0.76,0.0,0.0,7.0,1.8968592631667593
1937,13,train_0332,12173.247081367976,10279.705378405073,77.97053784050732,0.0,12251.217619208483,15.88,0.76,0.0,0.0,7.0,1.8968592631667593
1938,13,train_0575,12936.461061287797,10675.51001275167,117.55100127516708,0.0,13054.012062562964,17.82,0.7,0.0,0.0,7.0,1.8968592631667593
1939,13,train_0124,12534.767040734441,10552.168418600759,105.21684186007587,0.0,12639.983882594517,16.8,0.7,0.0,0.0,7.0,1.8968592631667593
1940,13,train_0098,12191.306341983025,10146.260002367106,64.62600023671057,0.0,12255.932342219736,14.08,0.66,0.0,0.0,7.0,1.8968592631667593
1941,13,train_0151,12822.439581055372,10080.805388943605,58.08053889436051,0.0,12880.520119949733,16.14,0.68,0.0,0.0,7.0,1.8968592631667593
1942,13,train_0524,11785.748004768535,10068.83424411834,56.88342441183395,0.0,11842.631429180368,15.84,0.74,0.0,0.0,7.0,1.8968592631667593
1943,13,train_0018,12422.959748679707,10471.08213320496,97.108213320496,0.0,12520.067962000203,16.68,0.72,0.0,0.0,7.0,1.8968592631667593
1944,13,train_0228,12847.274838688438,9832.430356031437,33.24303560314365,0.0,12880.517874291581,15.02,0.7,0.0,0.0,7.0,1.8968592631667593
1945,13,train_0071,12553.503611187765,10504.747246640629,100.47472466406289,0.0,12653.978335851829,14.4,0.74,0.0,0.0,7.0,1.8968592631667593
1946,13,train_0094,12118.961368110155,10055.135910985904,55.51359109859041,0.0,12174.474959208745,15.9,0.6,0.0,0.0,7.0,1.8968592631667593
1947,13,train_0550,12544.235085835564,9971.518599033057,47.15185990330574,0.0,12591.38694573887,17.14,0.58,0.0,0.0,7.0,1.8968592631667593
1948,13,train_0000,12371.029903729046,10009.553549640288,50.955354964028814,0.0,12421.985258693076,14.92,0.52,0.0,0.0,7.0,1.8968592631667593
1949,13,train_0192,12756.577247383633,10294.659393736863,79.46593937368635,0.0,12836.043186757319,17.1,0.72,0.0,0.0,7.0,1.8968592631667593
1950,13,train_0549,12712.65934041093,10292.356659682355,79.23566596823548,0.0,12791.895006379165,18.04,0.58,0.0,0.0,7.0,1.8968592631667593
1951,13,train_0364,12201.3496667759,10563.253980803049,106.32539808030488,0.0,12307.675064856205,19.06,0.56,0.0,0.0,7.0,1.8968592631667593
1952,13,train_0043,12109.787407666543,10291.946349084885,79.19463490848848,0.0,12188.982042575031,18.56,0.58,0.0,0.0,7.0,1.8968592631667593
1953,13,train_0279,12554.662319420177,10300.156629770216,80.01566297702158,0.0,12634.677982397197,17.34,0.66,0.0,0.0,7.0,1.8968592631667593
1954,13,train_0582,12697.253405490756,10448.58515671728,94.85851567172796,0.0,12792.111921162483,16.08,0.62,0.0,0.0,7.0,1.8968592631667593
1955,13,train_0240,13028.11497781634,10370.819500118994,87.08195001189944,0.0,13115.19692782824,16.46,0.62,0.0,0.0,7.0,1.8968592631667593
1956,13,train_0317,12755.177173426802,9756.028181228672,25.602818122867212,0.0,12780.779991549669,14.54,0.46,0.0,0.0,7.0,1.8968592631667593
1957,13,train_0319,12863.683110110433,10307.324858091564,80.73248580915643,0.0,12944.415595919589,15.92,0.68,0.0,0.0,7.0,1.8968592631667593
1958,13,train_0396,12598.898707055507,10062.00912809542,56.200912809542025,0.0,12655.099619865048,12.8,0.72,0.0,0.0,7.0,1.8968592631667593
1959,13,train_0112,12785.990998794343,9962.226201263808,46.222620126380754,0.0,12832.213618920723,18.4,0.62,0.0,0.0,7.0,1.8968592631667593
1960,13,train_0503,12946.62776435012,10351.121179598078,85.1121179598078,0.0,13031.739882309928,17.28,0.7,0.0,0.0,7.0,1.8968592631667593
1961,13,train_0593,12321.889983870631,10149.87240163617,64.98724016361703,0.0,12386.877224034248,13.94,0.66,0.0,0.0,7.0,1.8968592631667593
1962,13,train_0085,12402.021046033982,10456.0688710427,95.60688710427003,0.0,12497.627933138252,14.58,0.64,0.0,0.0,7.0,1.8968592631667593
1963,13,train_0490,12520.576676467692,9975.924885798555,47.59248857985549,0.0,12568.169165047548,15.92,0.66,0.0,0.0,7.0,1.8968592631667593
1964,13,train_0490,11995.086332596333,10467.901908925145,96.79019089251452,0.0,12091.876523488847,16.02,0.66,0.0,0.0,7.0,1.8968592631667593
1965,13,train_0444,12337.775367083015,10523.101961387161,102.31019613871614,0.0,12440.085563221732,17.4,0.68,0.0,0.0,7.0,1.8968592631667593
1966,13,train_0222,12449.740572209314,10374.630487709363,87.46304877093627,0.0,12537.20362098025,17.0,0.72,0.0,0.0,7.0,1.8968592631667593
1967,13,train_0281,12670.464565773524,10458.297530662203,95.82975306622029,0.0,12766.294318839744,15.64,0.56,0.0,0.0,7.0,1.8968592631667593
1968,13,train_0503,13165.937701259068,10211.383263042706,71.13832630427059,0.0,13237.076027563338,16.6,0.68,0.0,0.0,7.0,1.8968592631667593
1969,13,train_0091,12443.697323749511,10097.092017458606,59.70920174586063,0.0,12503.406525495371,16.96,0.58,0.0,0.0,7.0,1.8968592631667593
1970,13,train_0497,12611.142562783612,10231.175871766038,73.11758717660378,0.0,12684.260149960217,16.62,0.7,0.0,0.0,7.0,1.8968592631667593
1971,13,train_0552,12875.698942528596,9844.356434608484,34.435643460848404,0.0,12910.134585989445,14.68,0.78,0.0,0.0,7.0,1.8968592631667593
1972,13,train_0409,13024.272825539048,10290.820079418125,79.08200794181249,0.0,13103.35483348086,16.44,0.68,0.0,0.0,7.0,1.8968592631667593
1973,13,train_0204,12892.38071231311,10091.25244604572,59.125244604572075,0.0,12951.505956917683,15.8,0.58,0.0,0.0,7.0,1.8968592631667593
1974,13,train_0335,12748.078458080166,10481.312052998426,98.13120529984263,0.0,12846.209663380008,18.96,0.7,0.0,0.0,7.0,1.8968592631667593
1975,13,train_0030,12408.810268263569,10019.218372753772,51.92183727537722,0.0,12460.732105538946,17.08,0.64,0.0,0.0,7.0,1.8968592631667593
1976,13,train_0559,12685.209061155758,10240.368510769304,74.03685107693036,0.0,12759.245912232687,16.56,0.58,0.0,0.0,7.0,1.8968592631667593
1977,13,train_0205,12394.702681968169,10451.267867251849,95.12678672518487,0.0,12489.829468693353,17.04,0.66,0.0,0.0,7.0,1.8968592631667593
1978,13,train_0034,12399.973917836669,10319.315102315793,81.93151023157935,0.0,12481.905428068249,15.06,0.7,0.0,0.0,7.0,1.8968592631667593
1979,13,train_0476,12658.664695849018,10068.218433080692,56.82184330806922,0.0,12715.486539157087,17.86,0.76,0.0,0.0,7.0,1.8968592631667593
1980,13,train_0394,12531.534484996133,10230.114809783787,73.01148097837869,0.0,12604.545965974512,15.38,0.76,0.0,0.0,7.0,1.8968592631667593
1981,13,train_0373,12871.937983074467,10326.582642665253,82.6582642665253,0.0,12954.596247340993,16.36,0.58,0.0,0.0,7.0,1.8968592631667593
1982,13,train_0032,12443.596752744948,10530.084477652166,103.00844776521663,0.0,12546.605200510165,17.24,0.6,0.0,0.0,7.0,1.8968592631667593
1983,13,train_0450,12269.102862139232,9915.51044057522,41.55104405752209,0.0,12310.653906196754,13.68,0.62,0.0,0.0,7.0,1.8968592631667593
1984,13,train_0382,12641.661701408546,10777.16414116096,127.71641411609599,0.0,12769.378115524642,15.78,0.66,0.0,0.0,7.0,1.8968592631667593
1985,13,train_0476,12633.134570580922,10138.164442441663,63.81644424416627,0.0,12696.951014825088,18.12,0.7,0.0,0.0,7.0,1.8968592631667593
1986,13,train_0496,12584.5364900678,10135.568791400154,63.556879140015376,0.0,12648.093369207814,17.5,0.66,0.0,0.0,7.0,1.8968592631667593
1987,13,train_0127,12621.227075845145,10206.119793716298,70.61197937162979,0.0,12691.839055216775,14.12,0.7,0.0,0.0,7.0,1.8968592631667593
1988,13,train_0126,12639.304533776229,10075.499319567798,57.5499319567798,0.0,12696.85446573301,15.96,0.64,0.0,0.0,7.0,1.8968592631667593
1989,13,train_0554,12524.740318137005,9891.267947756862,39.12679477568618,0.0,12563.86711291269,13.74,0.56,0.0,0.0,7.0,1.8968592631667593
1990,13,train_0318,12657.713608656695,10126.518732927147,62.65187329271467,0.0,12720.36548194941,17.54,0.74,0.0,0.0,7.0,1.8968592631667593
1991,13,train_0262,12787.304757572565,10196.260446144597,69.62604461445972,0.0,12856.930802187024,16.28,0.6,0.0,0.0,7.0,1.8968592631667593
1992,13,train_0172,12437.369799528748,10369.398809535993,86.93988095359929,0.0,12524.309680482347,17.14,0.62,0.0,0.0,7.0,1.8968592631667593
1993,13,train_0383,12496.488673458603,9825.165773990848,32.51657739908478,0.0,12529.005250857688,15.68,0.7,0.0,0.0,7.0,1.8968592631667593
1994,13,train_0452,12449.777334363604,10264.423527793768,76.44235277937678,0.0,12526.21968714298,14.14,0.74,0.0,0.0,7.0,1.8968592631667593
1995,13,train_0001,12294.821863890767,9964.352801738823,46.43528017388235,0.0,12341.25714406465,12.94,0.68,0.0,0.0,7.0,1.8968592631667593
1996,13,train_0331,12689.733472756508,10025.690577116797,52.569057711679676,0.0,12742.302530468189,17.08,0.62,0.0,0.0,7.0,1.8968592631667593
1997,13,train_0596,12260.140117983196,10183.440586063312,68.34405860633125,0.0,12328.484176589527,16.58,0.62,0.0,0.0,7.0,1.8968592631667593
1998,13,train_0168,13026.483759912788,10205.913436384952,70.59134363849516,0.0,13097.075103551282,17.5,0.66,0.0,0.0,7.0,1.8968592631667593
1999,13,train_0168,12875.021540795722,10290.747425176796,79.07474251767962,0.0,12954.096283313402,16.24,0.54,0.0,0.0,7.0,1.8968592631667593
2000,13,train_0526,12650.220173572972,10338.10542133139,83.81054213313892,0.0,12734.03071570611,16.72,0.6,0.0,0.0,7.0,1.8968592631667593
2001,13,train_0037,12875.347854341642,10712.76826085386,121.27682608538599,0.0,12996.624680427029,17.8,0.74,0.0,0.0,7.0,1.8968592631667593
2002,13,train_0238,12577.426149651066,9966.745278305456,46.6745278305456,0.0,12624.100677481612,16.98,0.72,0.0,0.0,7.0,1.8968592631667593
2003,13,train_0274,12675.977322050296,10511.953351964847,101.19533519648468,0.0,12777.17265724678,17.36,0.62,0.0,0.0,7.0,1.8968592631667593
2004,13,train_0478,12628.256818835926,10215.527796568032,71.55277965680325,0.0,12699.80959849273,16.32,0.62,0.0,0.0,7.0,1.8968592631667593
2005,13,train_0077,12229.481103423004,10140.771954399017,64.0771954399017,0.0,12293.558298862907,14.84,0.72,0.0,0.0,7.0,1.8968592631667593
2006,13,train_0260,12153.318221961063,10121.933169497974,62.19331694979738,0.0,12215.51153891086,16.7,0.7,0.0,0.0,7.0,1.8968592631667593
2007,13,train_0091,12486.96108044264,10424.031729255734,92.40317292557339,0.0,12579.364253368212,15.9,0.74,0.0,0.0,7.0,1.8968592631667593
2008,13,train_0472,12607.749578891915,10543.800171776826,104.38001717768257,0.0,12712.129596069597,16.38,0.7,0.0,0.0,7.0,1.8968592631667593
2009,13,train_0379,13374.480203383355,10614.239220438809,111.42392204388089,0.0,13485.904125427236,15.66,0.5,0.0,0.0,7.0,1.8968592631667593
2010,13,train_0298,12145.822526983411,9702.963018966018,20.296301896601836,0.0,12166.118828880013,16.64,0.68,0.0,0.0,7.0,1.8968592631667593
2011,13,train_0235,12825.30305902825,10269.98956339355,76.99895633935503,0.0,12902.302015367606,15.18,0.78,0.0,0.0,7.0,1.8968592631667593
2012,13,train_0091,12648.448353881568,9842.464361537983,34.24643615379828,0.0,12682.694790035366,15.4,0.66,0.0,0.0,7.0,1.8968592631667593
2013,13,train_0553,12042.495516930874,9916.718686917064,41.67186869170637,0.0,12084.16738562258,16.62,0.7,0.0,0.0,7.0,1.8968592631667593
2014,13,train_0388,12462.065789505205,10410.9841886641,91.09841886641007,0.0,12553.164208371614,14.0,0.6,0.0,0.0,7.0,1.8968592631667593
2015,13,train_0191,12967.36109558577,10080.69677388123,58.06967738812291,0.0,13025.430772973892,18.54,0.58,0.0,0.0,7.0,1.8968592631667593
2016,13,train_0248,12730.624314021396,10135.015384258302,63.501538425830226,0.0,12794.125852447225,16.26,0.68,0.0,0.0,7.0,1.8968592631667593
2017,13,train_0435,12113.97559952358,10142.195660438847,64.2195660438847,0.0,12178.195165567464,14.18,0.66,0.0,0.0,7.0,1.8968592631667593
2018,13,train_0431,12537.445656984499,10263.342493259326,76.33424932593262,0.0,12613.779906310432,16.98,0.7,0.0,0.0,7.0,1.8968592631667593
2019,13,train_0276,12568.43065247468,10073.436534827546,57.343653482754604,0.0,12625.774305957435,14.02,0.5,0.0,0.0,7.0,1.8968592631667593
2020,13,train_0181,11553.292672853808,9689.284732621312,18.92847326213123,0.0,11572.221146115939,15.64,0.6,0.0,0.0,7.0,1.8968592631667593
2021,13,train_0395,12327.83235287602,9995.61121866684,49.561121866683976,0.0,12377.393474742703,15.76,0.68,0.0,0.0,7.0,1.8968592631667593
2022,13,train_0394,12455.838540447367,10321.737636386466,82.1737636386466,0.0,12538.012304086013,14.26,0.7,0.0,0.0,7.0,1.8968592631667593
2023,13,train_0359,12706.343981386613,10056.33987407566,55.633987407566025,0.0,12761.97796879418,15.02,0.52,0.0,0.0,7.0,1.8968592631667593
2024,13,train_0043,12017.151905461153,10389.295351414996,88.92953514149958,0.0,12106.081440602653,17.94,0.62,0.0,0.0,7.0,1.8968592631667593
2025,13,train_0283,12500.190673571666,10393.038937823982,89.30389378239816,0.0,12589.494567354064,15.4,0.6,0.0,0.0,7.0,1.8968592631667593
2026,13,train_0368,12464.976835756039,10647.410713245074,114.74107132450736,0.0,12579.717907080547,15.38,0.62,0.0,0.0,7.0,1.8968592631667593
2027,13,train_0570,12458.360447656258,10142.427502913615,64.24275029136152,0.0,12522.60319794762,14.56,0.66,0.0,0.0,7.0,1.8968592631667593
2028,13,train_0315,13451.21925540437,10357.706136181798,85.77061361817978,0.0,13536.989869022551,16.52,0.7,0.0,0.0,7.0,1.8968592631667593
2029,13,train_0205,12487.456237633822,10575.285274493039,107.52852744930388,0.0,12594.984765083125,17.36,0.6,0.0,0.0,7.0,1.8968592631667593
2030,13,train_0333,12689.701589150307,10313.81459447842,81.38145944784192,0.0,12771.08304859815,16.18,0.7,0.0,0.0,7.0,1.8968592631667593
2031,13,train_0106,12906.0542137536,10560.97558226385,106.09755822638509,0.0,13012.151771979985,17.32,0.68,0.0,0.0,7.0,1.8968592631667593
2032,13,train_0054,12349.9861431745,10225.143473284952,72.5143473284952,0.0,12422.500490502995,17.3,0.8,0.0,0.0,7.0,1.8968592631667593
2033,13,train_0406,12545.03495714011,10147.277401543506,64.72774015435061,0.0,12609.76269729446,16.28,0.56,0.0,0.0,7.0,1.8968592631667593
2034,13,train_0591,12574.849301811173,10563.496578923914,106.3496578923914,0.0,12681.198959703564,16.8,0.7,0.0,0.0,7.0,1.8968592631667593
2035,13,train_0507,12583.1337803944,10284.48093120883,78.44809312088292,0.0,12661.581873515284,15.28,0.7,0.0,0.0,7.0,1.8968592631667593
2036,13,train_0350,12134.731727099268,9953.851263600205,45.385126360020514,0.0,12180.116853459289,17.14,0.56,0.0,0.0,7.0,1.8968592631667593
2037,13,train_0024,12488.016706452518,9674.060369787321,17.406036978732118,0.0,12505.422743431249,16.62,0.7,0.0,0.0,7.0,1.8968592631667593
2038,13,train_0592,12846.179830167657,10134.663305282234,63.466330528223445,0.0,12909.64616069588,14.9,0.7,0.0,0.0,7.0,1.8968592631667593
2039,13,train_0269,11824.290400181137,10014.261307481456,51.426130748145624,0.0,11875.716530929283,15.56,0.72,0.0,0.0,7.0,1.8968592631667593
2040,13,train_0173,12891.261971355449,10376.039911609907,87.6039911609907,0.0,12978.86596251644,17.72,0.62,0.0,0.0,7.0,1.8968592631667593
2041,13,train_0535,12124.568161594132,10305.344065761044,80.53440657610446,0.0,12205.102568170236,14.94,0.6,0.0,0.0,7.0,1.8968592631667593
2042,13,train_0447,12766.69444593897,9768.289829707937,26.82898297079373,0.0,12793.523428909764,16.54,0.58,0.0,0.0,7.0,1.8968592631667593
2043,13,train_0449,12295.532711639611,10594.732486501647,109.47324865016472,0.0,12405.005960289776,17.02,0.54,0.0,0.0,7.0,1.8968592631667593
2044,13,train_0166,11999.613643456316,10191.956621783622,69.19566217836218,0.0,12068.809305634679,14.08,0.72,0.0,0.0,7.0,1.8968592631667593
2045,13,train_0595,12306.016001275526,9903.591025733425,40.35910257334254,0.0,12346.375103848868,16.26,0.46,0.0,0.0,7.0,1.8968592631667593
2046,13,train_0271,12322.622006709566,9770.05648525193,27.00564852519292,0.0,12349.627655234759,15.56,0.5,0.0,0.0,7.0,1.8968592631667593
2047,13,train_0318,12428.147927164624,10214.961797657747,71.49617976577466,0.0,12499.644106930398,17.98,0.62,0.0,0.0,7.0,1.8968592631667593
2048,14,train_0450,12584.251372635845,9674.116805373349,17.411680537334906,0.0,12601.663053173179,15.02,0.58,0.0,0.0,7.0,1.8968592631667593
2049,14,train_0395,12285.064293275756,10031.64071839151,53.16407183915108,0.0,12338.228365114908,15.84,0.62,0.0,0.0,7.0,1.8968592631667593
2050,14,train_0103,12287.044786561215,9833.978083365515,33.3978083365515,0.0,12320.442594897766,15.1,0.66,0.0,0.0,7.0,1.8968592631667593
2051,14,train_0181,11642.759225771579,9419.080394903667,-8.091960509633282,8.091960509633282,11634.667265261945,15.68,0.74,0.0,0.0,7.0,1.8968592631667593
2052,14,train_0216,12452.513918618224,9853.95452374727,35.39545237472703,0.0,12487.909370992951,16.54,0.76,0.0,0.0,7.0,1.8968592631667593
2053,14,train_0568,13223.066027296345,10276.487041604283,77.64870416042832,0.0,13300.714731456774,16.42,0.7,0.0,0.0,7.0,1.8968592631667593
2054,14,train_0428,12966.912097539524,10335.333581303914,83.53335813039139,0.0,13050.445455669915,16.32,0.54,0.0,0.0,7.0,1.8968592631667593
2055,14,train_0219,12399.539240169928,10474.949505315159,97.49495053151587,0.0,12497.034190701444,16.84,0.68,0.0,0.0,7.0,1.8968592631667593
2056,14,train_0440,12609.391858841207,10606.492163228435,110.6492163228435,0.0,12720.04107516405,16.54,0.68,0.0,0.0,7.0,1.8968592631667593
2057,14,train_0443,13288.93735630042,10319.209789573844,81.92097895738443,0.0,13370.858335257804,16.76,0.68,0.0,0.0,7.0,1.8968592631667593
2058,14,train_0236,12504.614670164721,10005.959554561949,50.595955456194865,0.0,12555.210625620915,16.92,0.64,0.0,0.0,7.0,1.8968592631667593
2059,14,train_0241,12445.356905447832,9969.431901071288,46.9431901071288,0.0,12492.300095554961,15.82,0.48,0.0,0.0,7.0,1.8968592631667593
2060,14,train_0536,12342.448573380421,10367.265798230044,86.72657982300444,0.0,12429.175153203425,15.14,0.6,0.0,0.0,7.0,1.8968592631667593
2061,14,train_0337,12212.97516046518,9897.740764397287,39.774076439728745,0.0,12252.749236904909,16.86,0.64,0.0,0.0,7.0,1.8968592631667593
2062,14,train_0089,12693.456564605183,10604.01123700754,110.40112370075404,0.0,12803.857688305938,15.82,0.68,0.0,0.0,7.0,1.8968592631667593
2063,14,train_0431,12388.546044828903,10224.220121140042,72.42201211400425,0.0,12460.968056942907,18.04,0.78,0.0,0.0,7.0,1.8968592631667593
2064,14,train_0353,11997.367651279488,10312.709259652274,81.27092596522743,0.0,12078.638577244716,15.72,0.74,0.0,0.0,7.0,1.8968592631667593
2065,14,train_0305,12440.16497499359,10288.886233901761,78.88862339017615,0.0,12519.053598383765,15.78,0.72,0.0,0.0,7.0,1.8968592631667593
2066,14,train_0435,12364.291914005384,9998.63857171516,49.86385717151607,0.0,12414.1557711769,15.34,0.56,0.0,0.0,7.0,1.8968592631667593
2067,14,train_0544,12809.130939932737,10595.283869008881,109.52838690088811,0.0,12918.659326833626,16.08,0.6,0.0,0.0,7.0,1.8968592631667593
2068,14,train_0198,12056.388193886385,9774.088285163412,27.408828516341238,0.0,12083.797022402727,15.12,0.7,0.0,0.0,7.0,1.8968592631667593
2069,14,train_0251,12400.076839298017,10335.787014275513,83.57870142755128,0.0,12483.65554072557,14.78,0.74,0.0,0.0,7.0,1.8968592631667593
2070,14,train_0113,12269.461845884536,10110.83707175215,61.083707175215025,0.0,12330.545553059752,16.98,0.66,0.0,0.0,7.0,1.8968592631667593
2071,14,train_0388,12460.927442659458,10384.22036678702,88.422036678702,0.0,12549.34947933816,14.32,0.74,0.0,0.0,7.0,1.8968592631667593
2072,14,train_0241,12424.797192353075,9861.10388865306,36.11038886530605,0.0,12460.90758121838,14.54,0.68,0.0,0.0,7.0,1.8968592631667593
2073,14,train_0205,12701.494700799562,10437.361350951036,93.7361350951036,0.0,12795.230835894665,16.46,0.72,0.0,0.0,7.0,1.8968592631667593
2074,14,train_0417,12274.905800343133,10248.92803785816,74.89280378581607,0.0,12349.79860412895,14.42,0.7,0.0,0.0,7.0,1.8968592631667593
2075,14,train_0244,12560.793316623793,10140.766621737803,64.07666217378028,0.0,12624.869978797573,16.98,0.7,0.0,0.0,7.0,1.8968592631667593
2076,14,train_0278,12548.767912642823,10123.78453212996,62.37845321299592,0.0,12611.146365855819,16.76,0.64,0.0,0.0,7.0,1.8968592631667593
2077,14,train_0264,12302.11354083316,10088.402097124595,58.84020971245955,0.0,12360.95375054562,14.74,0.74,0.0,0.0,7.0,1.8968592631667593
2078,14,train_0155,12718.673759952218,10237.289776042158,73.72897760421584,0.0,12792.402737556435,15.72,0.6,0.0,0.0,7.0,1.8968592631667593
2079,14,train_0075,12499.438967082966,10297.036357880834,79.70363578808337,0.0,12579.142602871048,17.72,0.62,0.0,0.0,7.0,1.8968592631667593
2080,14,train_0496,12656.46957246007,9947.1955144087,44.719551440870056,0.0,12701.18912390094,17.56,0.6,0.0,0.0,7.0,1.8968592631667593
2081,14,train_0055,12871.477446288809,10007.578608841883,50.75786088418827,0.0,12922.235307172998,15.22,0.7,0.0,0.0,7.0,1.8968592631667593
2082,14,train_0194,12884.876310770112,10098.6145226191,59.86145226191002,0.0,12944.737763032022,15.94,0.76,0.0,0.0,7.0,1.8968592631667593
2083,14,train_0400,12605.502260546316,10472.738654787274,97.27386547872739,0.0,12702.776126025045,15.64,0.62,0.0,0.0,7.0,1.8968592631667593
2084,14,train_0078,12423.253075678496,10209.685083093154,70.96850830931544,0.0,12494.221583987812,15.0,0.7,0.0,0.0,7.0,1.8968592631667593
2085,14,train_0393,12799.88815461826,10388.350232779709,88.83502327797088,0.0,12888.72317789623,13.08,0.72,0.0,0.0,7.0,1.8968592631667593
2086,14,train_0439,12617.010213618592,10044.557486994017,54.45574869940174,0.0,12671.465962317994,13.84,0.6,0.0,0.0,7.0,1.8968592631667593
2087,14,train_0397,12454.281024271288,10042.776604392584,54.2776604392584,0.0,12508.558684710546,16.2,0.66,0.0,0.0,7.0,1.8968592631667593
2088,14,train_0183,12591.929130330234,10384.418101072457,88.4418101072457,0.0,12680.37094043748,15.78,0.68,0.0,0.0,7.0,1.8968592631667593
2089,14,train_0011,12005.075398269408,10103.980910264607,60.39809102646068,0.0,12065.473489295868,16.58,0.7,0.0,0.0,7.0,1.8968592631667593
2090,14,train_0532,12576.535594594392,10356.348720198232,85.63487201982316,0.0,12662.170466614216,15.16,0.64,0.0,0.0,7.0,1.8968592631667593
2091,14,train_0195,12571.043868268844,10427.200657724903,92.72006577249032,0.0,12663.763934041333,17.0,0.7,0.0,0.0,7.0,1.8968592631667593
2092,14,train_0483,13195.361001662906,10551.531125860702,105.15311258607016,0.0,13300.514114248977,15.22,0.64,0.0,0.0,7.0,1.8968592631667593
2093,14,train_0118,12410.383286964134,10151.595321209305,65.15953212093045,0.0,12475.542819085063,14.96,0.78,0.0,0.0,7.0,1.8968592631667593
2094,14,train_0097,12423.17715279726,9945.840403984683,44.58404039846828,0.0,12467.761193195727,17.46,0.66,0.0,0.0,7.0,1.8968592631667593
2095,14,train_0466,12627.549488313354,10187.033081043683,68.70330810436826,0.0,12696.252796417722,16.76,0.66,0.0,0.0,7.0,1.8968592631667593
2096,14,train_0563,12356.812938890187,10474.740801220289,97.47408012202887,0.0,12454.287019012216,15.9,0.52,0.0,0.0,7.0,1.8968592631667593
2097,14,train_0516,12755.511487163356,10423.366301997015,92.33663019970155,0.0,12847.848117363057,15.4,0.72,0.0,0.0,7.0,1.8968592631667593
2098,14,train_0450,12267.560737484346,10248.818070861917,74.88180708619166,0.0,12342.442544570538,15.16,0.68,0.0,0.0,7.0,1.8968592631667593
2099,14,train_0148,12508.308351390551,10281.938659094674,78.19386590946743,0.0,12586.502217300018,17.66,0.66,0.0,0.0,7.0,1.8968592631667593
2100,14,train_0547,13197.05903976844,10103.059503275865,60.30595032758647,0.0,13257.364990096026,17.74,0.68,0.0,0.0,7.0,1.8968592631667593
2101,14,train_0400,12743.567317107525,10660.467392304567,116.04673923045667,0.0,12859.614056337981,15.34,0.68,0.0,0.0,7.0,1.8968592631667593
2102,14,train_0103,12294.353241500332,10037.564056154653,53.75640561546534,0.0,12348.109647115798,16.14,0.72,0.0,0.0,7.0,1.8968592631667593
2103,14,train_0077,12308.507290646878,10204.231562720299,70.42315627202989,0.0,12378.930446918908,17.22,0.64,0.0,0.0,7.0,1.8968592631667593
2104,14,train_0522,12851.00389541367,10242.0975474355,74.20975474355001,0.0,12925.21365015722,17.82,0.62,0.0,0.0,7.0,1.8968592631667593
2105,14,train_0165,12214.58214755657,10249.443653927543,74.9443653927543,0.0,12289.526512949324,15.94,0.66,0.0,0.0,7.0,1.8968592631667593
2106,14,train_0459,12668.002308915717,10136.541453293321,63.654145329332096,0.0,12731.656454245049,18.18,0.74,0.0,0.0,7.0,1.8968592631667593
2107,14,train_0083,11955.893709340833,10156.35281769301,65.63528176930105,0.0,12021.528991110134,16.12,0.64,0.0,0.0,7.0,1.8968592631667593
2108,14,train_0168,12656.903119285147,10634.01767178192,113.40176717819196,0.0,12770.304886463338,17.38,0.66,0.0,0.0,7.0,1.8968592631667593
2109,14,train_0170,12289.92524414961,9843.788479817182,34.378847981718174,0.0,12324.304092131328,15.82,0.56,0.0,0.0,7.0,1.8968592631667593
2110,14,train_0168,13178.897693448174,9843.670869953374,34.36708699533738,0.0,13213.264780443511,16.54,0.7,0.0,0.0,7.0,1.8968592631667593
2111,14,train_0404,13241.760481864247,10612.755539550391,111.27555395503914,0.0,13353.036035819287,15.86,0.7,0.0,0.0,7.0,1.8968592631667593
2112,14,train_0548,12519.665807019453,10081.854872333603,58.185487233360256,0.0,12577.851294252814,16.38,0.62,0.0,0.0,7.0,1.8968592631667593
2113,14,train_0546,12633.96799330125,10110.383874660545,61.03838746605452,0.0,12695.006380767305,16.64,0.54,0.0,0.0,7.0,1.8968592631667593
2114,14,train_0444,12490.365892292313,10201.31163017283,70.13116301728296,0.0,12560.497055309595,15.34,0.46,0.0,0.0,7.0,1.8968592631667593
2115,14,train_0121,12215.918064896974,10166.897354567547,66.68973545675472,0.0,12282.60780035373,15.16,0.7,0.0,0.0,7.0,1.8968592631667593
2116,14,train_0576,12405.894302051645,10023.321904804947,52.33219048049469,0.0,12458.22649253214,15.5,0.68,0.0,0.0,7.0,1.8968592631667593
2117,14,train_0325,12701.157643951852,10015.663100214453,51.56631002144532,0.0,12752.723953973298,14.04,0.7,0.0,0.0,7.0,1.8968592631667593
2118,14,train_0327,12959.202763934158,10088.045961360749,58.804596136074906,0.0,13018.007360070233,16.7,0.62,0.0,0.0,7.0,1.8968592631667593
2119,14,train_0420,12644.247042942447,9916.903658400759,41.690365840075906,0.0,12685.937408782522,16.0,0.6,0.0,0.0,7.0,1.8968592631667593
2120,14,train_0461,12328.346690726858,10314.13216485369,81.41321648536905,0.0,12409.759907212227,13.5,0.68,0.0,0.0,7.0,1.8968592631667593
2121,14,train_0571,12260.725898775254,10321.681894831017,82.16818948310174,0.0,12342.894088258356,16.3,0.62,0.0,0.0,7.0,1.8968592631667593
2122,14,train_0349,12149.458900029585,10117.44075521254,61.74407552125395,0.0,12211.20297555084,14.92,0.66,0.0,0.0,7.0,1.8968592631667593
2123,14,train_0366,12946.730452208189,9804.179073134137,30.417907313413707,0.0,12977.148359521601,16.0,0.7,0.0,0.0,7.0,1.8968592631667593
2124,14,train_0447,12415.200062721902,10101.68203330395,60.168203330395045,0.0,12475.368266052297,16.0,0.72,0.0,0.0,7.0,1.8968592631667593
2125,14,train_0153,12457.009289699072,10142.271083793084,64.22710837930845,0.0,12521.236398078381,16.86,0.62,0.0,0.0,7.0,1.8968592631667593
2126,14,train_0184,12571.2293975453,10290.835922628183,79.08359226281829,0.0,12650.312989808117,16.28,0.74,0.0,0.0,7.0,1.8968592631667593
2127,14,train_0375,12639.570942159167,10133.54028428836,63.35402842883596,0.0,12702.924970588003,14.96,0.74,0.0,0.0,7.0,1.8968592631667593
2128,14,train_0038,12377.073322153303,10503.353566826692,100.33535668266923,0.0,12477.408678835973,16.98,0.58,0.0,0.0,7.0,1.8968592631667593
2129,14,train_0192,12626.412464265144,10265.775514869312,76.57755148693123,0.0,12702.990015752075,17.54,0.6,0.0,0.0,7.0,1.8968592631667593
2130,14,train_0430,12572.45364137031,9877.10905034044,37.71090503404394,0.0,12610.164546404354,14.66,0.66,0.0,0.0,7.0,1.8968592631667593
2131,14,train_0585,12830.460159290964,10202.564605914846,70.25646059148458,0.0,12900.716619882449,14.08,0.56,0.0,0.0,7.0,1.8968592631667593
2132,14,train_0311,12573.896988857514,9991.991564725136,49.19915647251364,0.0,12623.096145330028,16.4,0.58,0.0,0.0,7.0,1.8968592631667593
2133,14,train_0239,12606.22486072091,10253.448939297954,75.3448939297954,0.0,12681.569754650705,13.64,0.64,0.0,0.0,7.0,1.8968592631667593
2134,14,train_0264,12251.14498406947,9996.955751849608,49.69557518496077,0.0,12300.84055925443,15.3,0.76,0.0,0.0,7.0,1.8968592631667593
2135,14,train_0411,12951.07837210942,10317.759619264898,81.7759619264898,0.0,13032.85433403591,16.24,0.56,0.0,0.0,7.0,1.8968592631667593
2136,14,train_0326,12463.456714986183,9624.148066287868,12.414806628786756,0.0,12475.87152161497,15.2,0.6,0.0,0.0,7.0,1.8968592631667593
2137,14,train_0013,12332.047468890025,10353.325620961255,85.33256209612556,0.0,12417.38003098615,14.6,0.74,0.0,0.0,7.0,1.8968592631667593
2138,14,train_0323,12748.763207142698,10225.105707884912,72.51057078849117,0.0,12821.273777931188,16.6,0.64,0.0,0.0,7.0,1.8968592631667593
2139,14,train_0240,12957.272159505399,10487.186397467103,98.71863974671032,0.0,13055.99079925211,16.18,0.62,0.0,0.0,7.0,1.8968592631667593
2140,14,train_0420,12486.738203420695,10053.305948221527,55.330594822152676,0.0,12542.068798242848,14.94,0.38,0.0,0.0,7.0,1.8968592631667593
2141,14,train_0525,12168.493390319261,10115.013294554505,61.501329455450474,0.0,12229.994719774711,15.34,0.56,0.0,0.0,7.0,1.8968592631667593
2142,14,train_0577,13214.62166901935,10780.803993206217,128.08039932062167,0.0,13342.702068339971,15.18,0.72,0.0,0.0,7.0,1.8968592631667593
2143,14,train_0366,12460.550735883706,10179.112184145839,67.9112184145839,0.0,12528.46195429829,15.54,0.64,0.0,0.0,7.0,1.8968592631667593
2144,14,train_0217,12427.107808751949,10553.877047262027,105.38770472620273,0.0,12532.495513478152,16.62,0.62,0.0,0.0,7.0,1.8968592631667593
2145,14,train_0266,12498.586567917002,10383.744474778003,88.37444747780029,0.0,12586.961015394802,14.78,0.48,0.0,0.0,7.0,1.8968592631667593
2146,14,train_0105,12650.067904654989,10389.015335207041,88.9015335207041,0.0,12738.969438175693,15.72,0.6,0.0,0.0,7.0,1.8968592631667593
2147,14,train_0561,12970.161919792052,10062.112311956507,56.211231195650726,0.0,13026.373150987703,18.66,0.68,0.0,0.0,7.0,1.8968592631667593
2148,14,train_0508,13243.168232920478,9899.590562185895,39.95905621858947,0.0,13283.127289139067,13.9,0.58,0.0,0.0,7.0,1.8968592631667593
2149,14,train_0512,12523.660858247138,10092.920895114234,59.29208951142337,0.0,12582.952947758562,15.12,0.68,0.0,0.0,7.0,1.8968592631667593
2150,14,train_0196,12204.137842225557,10245.822060364633,74.58220603646332,0.0,12278.72004826202,16.32,0.68,0.0,0.0,7.0,1.8968592631667593
2151,14,train_0193,12775.943734799257,10235.314019236701,73.53140192367009,0.0,12849.475136722927,14.04,0.78,0.0,0.0,7.0,1.8968592631667593
2152,14,train_0513,12534.530648643253,9869.97593879598,36.99759387959803,0.0,12571.52824252285,15.98,0.76,0.0,0.0,7.0,1.8968592631667593
2153,14,train_0326,12392.407077915668,9987.088979857048,48.708897985704795,0.0,12441.115975901374,14.36,0.6,0.0,0.0,7.0,1.8968592631667593
2154,14,train_0422,12455.025666029662,10425.592347160058,92.55923471600582,0.0,12547.584900745667,15.4,0.66,0.0,0.0,7.0,1.8968592631667593
2155,14,train_0293,12240.864732318194,9833.214932879766,33.321493287976594,0.0,12274.18622560617,15.92,0.52,0.0,0.0,7.0,1.8968592631667593
2156,14,train_0265,12742.97008524423,9850.647932407424,35.06479324074244,0.0,12778.034878484972,15.22,0.6,0.0,0.0,7.0,1.8968592631667593
2157,14,train_0379,12836.179249027977,10844.759383455495,134.47593834554957,0.0,12970.655187373526,14.82,0.56,0.0,0.0,7.0,1.8968592631667593
2158,14,train_0487,13000.853372097787,10099.41743019633,59.94174301963304,0.0,13060.79511511742,14.14,0.56,0.0,0.0,7.0,1.8968592631667593
2159,14,train_0200,12452.601828634875,10147.662344725995,64.76623447259954,0.0,12517.368063107475,14.82,0.52,0.0,0.0,7.0,1.8968592631667593
2160,14,train_0485,12022.431364531669,10177.663980604491,67.76639806044913,0.0,12090.197762592117,15.12,0.76,0.0,0.0,7.0,1.8968592631667593
2161,14,train_0146,12505.223352848072,10290.17683316649,79.01768331664898,0.0,12584.241036164722,15.14,0.84,0.0,0.0,7.0,1.8968592631667593
2162,14,train_0241,12334.758022867452,9867.511854274406,36.75118542744058,0.0,12371.509208294892,14.28,0.64,0.0,0.0,7.0,1.8968592631667593
2163,14,train_0547,12784.540686512444,10462.809272882569,96.28092728825686,0.0,12880.821613800701,17.42,0.78,0.0,0.0,7.0,1.8968592631667593
2164,14,train_0572,12733.541415250917,10196.652334336974,69.66523343369737,0.0,12803.206648684614,14.94,0.62,0.0,0.0,7.0,1.8968592631667593
2165,14,train_0554,12194.762289675444,10373.47594037254,87.34759403725403,0.0,12282.109883712697,14.02,0.68,0.0,0.0,7.0,1.8968592631667593
2166,14,train_0189,12545.772067253849,10003.131399915055,50.31313999150552,0.0,12596.085207245354,15.66,0.66,0.0,0.0,7.0,1.8968592631667593
2167,14,train_0505,12781.728336610428,10214.905844843921,71.4905844843921,0.0,12853.21892109482,16.56,0.64,0.0,0.0,7.0,1.8968592631667593
2168,14,train_0561,12881.374391223464,10090.244592610776,59.024459261077574,0.0,12940.398850484542,17.2,0.64,0.0,0.0,7.0,1.8968592631667593
2169,14,train_0586,12490.832437208886,10086.756794729466,58.675679472946655,0.0,12549.508116681833,15.3,0.68,0.0,0.0,7.0,1.8968592631667593
2170,14,train_0012,12855.64224194012,10381.050882820753,88.10508828207531,0.0,12943.747330222195,16.56,0.78,0.0,0.0,7.0,1.8968592631667593
2171,14,train_0446,12305.151918499916,10220.416958317495,72.04169583174954,0.0,12377.193614331665,15.78,0.66,0.0,0.0,7.0,1.8968592631667593
2172,14,train_0598,12527.372161583335,9992.773170440229,49.27731704402286,0.0,12576.649478627358,15.22,0.6,0.0,0.0,7.0,1.8968592631667593
2173,14,train_0458,12976.334226157109,10388.371316267694,88.8371316267694,0.0,13065.171357783878,15.22,0.58,0.0,0.0,7.0,1.8968592631667593
2174,14,train_0139,12327.970825244993,10181.626804000673,68.16268040006726,0.0,12396.13350564506,14.92,0.62,0.0,0.0,7.0,1.8968592631667593
2175,14,train_0457,12640.708343261831,10374.92365448362,87.49236544836204,0.0,12728.200708710194,14.56,0.76,0.0,0.0,7.0,1.8968592631667593
2176,14,train_0063,12886.572749370393,9996.892493196368,49.68924931963684,0.0,12936.26199869003,16.5,0.52,0.0,0.0,7.0,1.8968592631667593
2177,14,train_0288,12163.707206512534,9901.419158884772,40.141915888477165,0.0,12203.84912240101,17.86,0.6,0.0,0.0,7.0,1.8968592631667593
2178,14,train_0375,12437.325534211817,10223.089360139262,72.30893601392619,0.0,12509.634470225743,15.4,0.64,0.0,0.0,7.0,1.8968592631667593
2179,14,train_0273,12480.171600489844,10600.41215753668,110.04121575366808,0.0,12590.212816243513,15.76,0.66,0.0,0.0,7.0,1.8968592631667593
2180,14,train_0419,12582.242755400439,10155.90418312158,65.59041831215801,0.0,12647.833173712597,16.24,0.62,0.0,0.0,7.0,1.8968592631667593
2181,14,train_0144,13060.562640971333,10507.614760311288,100.76147603112878,0.0,13161.324117002461,15.88,0.66,0.0,0.0,7.0,1.8968592631667593
2182,14,train_0363,12651.964550534263,10234.446108600781,73.44461086007814,0.0,12725.409161394342,17.5,0.7,0.0,0.0,7.0,1.8968592631667593
2183,14,train_0386,12973.085345697578,10074.639547783294,57.463954778329395,0.0,13030.549300475908,13.72,0.78,0.0,0.0,7.0,1.8968592631667593
2184,14,train_0380,12627.665040294381,10084.494672664818,58.449467266481776,0.0,12686.114507560864,14.76,0.58,0.0,0.0,7.0,1.8968592631667593
2185,14,train_0173,12580.151713899615,10849.52793292528,134.95279329252807,0.0,12715.104507192144,17.56,0.7,0.0,0.0,7.0,1.8968592631667593
2186,14,train_0183,12697.057273480903,10385.014795560743,88.50147955607427,0.0,12785.558753036978,15.3,0.62,0.0,0.0,7.0,1.8968592631667593
2187,14,train_0154,12722.456835824025,10525.978221208503,102.5978221208503,0.0,12825.054657944875,18.38,0.66,0.0,0.0,7.0,1.8968592631667593
2188,14,train_0277,12527.286062109608,10210.604020376994,71.06040203769935,0.0,12598.346464147307,15.5,0.54,0.0,0.0,7.0,1.8968592631667593
2189,14,train_0351,13104.61987856893,10321.667986885383,82.16679868853826,0.0,13186.786677257469,16.3,0.64,0.0,0.0,7.0,1.8968592631667593
2190,14,train_0217,12466.614500513915,10445.570499582522,94.55704995825218,0.0,12561.171550472167,17.18,0.68,0.0,0.0,7.0,1.8968592631667593
2191,14,train_0245,12308.14893853487,9632.584897584438,13.25848975844383,0.0,12321.407428293314,15.1,0.58,0.0,0.0,7.0,1.8968592631667593
2192,15,train_0171,13239.953461319292,10404.218313273619,90.42183132736191,0.0,13330.375292646653,17.18,0.8,0.0,0.0,7.0,1.8968592631667593
2193,15,train_0131,12597.84921858286,11092.616328232107,159.26163282321068,0.0,12757.11085140607,15.74,0.76,0.0,0.0,7.0,1.8968592631667593
2194,15,train_0394,12685.333314785776,10183.972276393491,68.39722763934915,0.0,12753.730542425124,15.28,0.7,0.0,0.0,7.0,1.8968592631667593
2195,15,train_0489,12093.119681806915,10012.532231574285,51.253223157428515,0.0,12144.372904964343,16.8,0.7,0.0,0.0,7.0,1.8968592631667593
2196,15,train_0174,12816.70593808615,10009.43320836675,50.94332083667505,0.0,12867.649258922826,16.86,0.66,0.0,0.0,7.0,1.8968592631667593
2197,15,train_0516,12663.117961211276,10401.575872093952,90.15758720939522,0.0,12753.27554842067,13.68,0.58,0.0,0.0,7.0,1.8968592631667593
2198,15,train_0342,12419.87367401426,10184.99834555697,68.49983455569709,0.0,12488.373508569957,18.34,0.8,0.0,0.0,7.0,1.8968592631667593
2199,15,train_0100,12250.729485635555,9782.655783156488,28.26557831564878,0.0,12278.995063951203,15.08,0.74,0.0,0.0,7.0,1.8968592631667593
2200,15,train_0219,12885.555656692188,9945.0105344681,44.50105344680997,0.0,12930.056710138997,15.9,0.58,0.0,0.0,7.0,1.8968592631667593
2201,15,train_0004,12737.146658000394,10540.993680951278,104.09936809512783,0.0,12841.246026095523,18.06,0.72,0.0,0.0,7.0,1.8968592631667593
2202,15,train_0023,12147.355705420217,10059.171099309773,55.91710993097732,0.0,12203.272815351194,14.88,0.76,0.0,0.0,7.0,1.8968592631667593
2203,15,train_0201,12576.11044336325,10112.414185537647,61.241418553764746,0.0,12637.351861917015,17.2,0.68,0.0,0.0,7.0,1.8968592631667593
2204,15,train_0272,12406.39260056175,10296.248003582263,79.62480035822628,0.0,12486.017400919976,14.04,0.66,0.0,0.0,7.0,1.8968592631667593
2205,15,train_0478,12642.310685984681,10085.501690143796,58.55016901437958,0.0,12700.86085499906,15.42,0.58,0.0,0.0,7.0,1.8968592631667593
2206,15,train_0080,12856.262150301116,10465.683134408051,96.56831344080511,0.0,12952.83046374192,14.04,0.7,0.0,0.0,7.0,1.8968592631667593
2207,15,train_0503,13171.456273401385,10360.830919674103,86.0830919674103,0.0,13257.539365368795,15.5,0.72,0.0,0.0,7.0,1.8968592631667593
2208,15,train_0140,12076.970337680517,10278.491279404312,77.84912794043122,0.0,12154.819465620949,14.7,0.58,0.0,0.0,7.0,1.8968592631667593
2209,15,train_0082,12865.266753769958,10261.766602901509,76.1766602901509,0.0,12941.44341406011,16.2,0.66,0.0,0.0,7.0,1.8968592631667593
2210,15,train_0419,12487.984703707165,10051.646216488301,55.16462164883015,0.0,12543.149325355995,16.82,0.7,0.0,0.0,7.0,1.8968592631667593
2211,15,train_0464,12533.97265252706,10314.850991469688,81.48509914696879,0.0,12615.457751674028,16.7,0.7,0.0,0.0,7.0,1.8968592631667593
2212,15,train_0362,12275.206188566255,10095.665580002387,59.56655800023873,0.0,12334.772746566494,15.46,0.56,0.0,0.0,7.0,1.8968592631667593
2213,15,train_0069,12462.979788520883,10145.524885888513,64.55248858885135,0.0,12527.532277109734,18.06,0.52,0.0,0.0,7.0,1.8968592631667593
2214,15,train_0069,12404.177450658346,10243.912297903053,74.39122979030526,0.0,12478.56868044865,18.34,0.7,0.0,0.0,7.0,1.8968592631667593
2215,15,train_0234,12176.630852729391,10489.322646652521,98.93226466525212,0.0,12275.563117394644,16.34,0.64,0.0,0.0,7.0,1.8968592631667593
2216,15,train_0270,12563.02315463173,9941.884487602925,44.18844876029252,0.0,12607.211603392023,17.34,0.76,0.0,0.0,7.0,1.8968592631667593
2217,15,train_0599,12277.239846774912,10095.441669336364,59.544166933636376,0.0,12336.784013708548,18.0,0.66,0.0,0.0,7.0,1.8968592631667593
2218,15,train_0171,13112.845682961835,10494.684452555506,99.46844525555062,0.0,13212.314128217386,16.7,0.62,0.0,0.0,7.0,1.8968592631667593
2219,15,train_0115,13027.54559480278,10331.074284454991,83.10742844549914,0.0,13110.653023248278,16.26,0.72,0.0,0.0,7.0,1.8968592631667593
2220,15,train_0567,13386.867463422448,10949.289731388386,144.9289731388386,0.0,13531.796436561286,16.86,0.7,0.0,0.0,7.0,1.8968592631667593
2221,15,train_0092,12692.723730432257,10477.526809402028,97.75268094020285,0.0,12790.47641137246,16.54,0.8,0.0,0.0,7.0,1.8968592631667593
2222,15,train_0015,12088.347426164506,10612.787932488809,111.2787932488809,0.0,12199.626219413387,14.36,0.64,0.0,0.0,7.0,1.8968592631667593
2223,15,train_0253,12432.183564489525,9758.13228927973,25.81322892797307,0.0,12457.996793417498,16.84,0.58,0.0,0.0,7.0,1.8968592631667593
2224,15,train_0240,13316.004153489674,10505.016839615324,100.50168396153241,0.0,13416.505837451206,16.24,0.58,0.0,0.0,7.0,1.8968592631667593
2225,15,train_0371,12217.751829237954,10228.626901672884,72.86269016728839,0.0,12290.614519405242,15.58,0.66,0.0,0.0,7.0,1.8968592631667593
2226,15,train_0526,12521.238213594763,10096.139075201983,59.61390752019834,0.0,12580.852121114962,15.5,0.62,0.0,0.0,7.0,1.8968592631667593
2227,15,train_0559,12769.296048258579,10101.760923867725,60.17609238677251,0.0,12829.472140645352,17.56,0.74,0.0,0.0,7.0,1.8968592631667593
2228,15,train_0173,12851.675304582506,10247.525504416804,74.75255044168044,0.0,12926.427855024187,17.58,0.68,0.0,0.0,7.0,1.8968592631667593
2229,15,train_0588,12578.68539338898,10175.808666513934,67.58086665139345,0.0,12646.266260040373,17.64,0.6,0.0,0.0,7.0,1.8968592631667593
2230,15,train_0379,13470.564155076248,10297.655267492217,79.76552674922169,0.0,13550.32968182547,15.16,0.66,0.0,0.0,7.0,1.8968592631667593
2231,15,train_0041,12508.26308634155,10102.86749964446,60.28674996444607,0.0,12568.549836305996,15.66,0.66,0.0,0.0,7.0,1.8968592631667593
2232,15,train_0563,12473.364470493103,10178.65139843579,67.86513984357899,0.0,12541.229610336683,14.72,0.68,0.0,0.0,7.0,1.8968592631667593
2233,15,train_0082,12331.55429087053,10848.674731273579,134.8674731273579,0.0,12466.421763997889,16.88,0.72,0.0,0.0,7.0,1.8968592631667593
2234,15,train_0353,12322.672816311768,10219.412493496178,71.94124934961783,0.0,12394.614065661386,16.5,0.7,0.0,0.0,7.0,1.8968592631667593
2235,15,train_0474,12667.564927399582,10437.657561904844,93.76575619048435,0.0,12761.330683590066,14.34,0.62,0.0,0.0,7.0,1.8968592631667593
2236,15,train_0149,12585.922088641812,10336.750076076438,83.67500760764379,0.0,12669.597096249456,16.26,0.74,0.0,0.0,7.0,1.8968592631667593
2237,15,train_0162,11835.468606701912,9708.449157018733,20.84491570187329,0.0,11856.313522403785,16.86,0.74,0.0,0.0,7.0,1.8968592631667593
2238,15,train_0285,12455.156992553344,10208.194879915616,70.81948799156162,0.0,12525.976480544905,14.4,0.78,0.0,0.0,7.0,1.8968592631667593
2239,15,train_0530,12906.846117537378,10407.51482167714,90.75148216771396,0.0,12997.597599705092,16.22,0.76,0.0,0.0,7.0,1.8968592631667593
2240,15,train_0134,12832.591450610518,10660.17649538922,116.01764953892199,0.0,12948.60910014944,15.04,0.74,0.0,0.0,7.0,1.8968592631667593
2241,15,train_0398,11952.12954774994,10015.666415658434,51.56664156584338,0.0,12003.696189315784,13.46,0.7,0.0,0.0,7.0,1.8968592631667593
2242,15,train_0271,12164.681456095768,10239.196470108396,73.91964701083963,0.0,12238.601103106608,15.84,0.72,0.0,0.0,7.0,1.8968592631667593
2243,15,train_0067,12047.493850628529,10090.64329370143,59.064329370143064,0.0,12106.558179998672,17.94,0.58,0.0,0.0,7.0,1.8968592631667593
2244,15,train_0426,12355.219003826605,10163.884058872503,66.38840588725034,0.0,12421.607409713855,17.8,0.64,0.0,0.0,7.0,1.8968592631667593
2245,15,train_0499,12167.435906677823,10090.508164982795,59.05081649827953,0.0,12226.486723176104,16.86,0.56,0.0,0.0,7.0,1.8968592631667593
2246,15,train_0345,12314.684009254797,10334.830222401399,83.48302224013987,0.0,12398.167031494937,15.64,0.7,0.0,0.0,7.0,1.8968592631667593
2247,15,train_0105,12920.81549110919,10012.48419744577,51.24841974457704,0.0,12972.063910853767,14.52,0.7,0.0,0.0,7.0,1.8968592631667593
2248,15,train_0093,12253.710047039365,10011.484616162634,51.148461616263376,0.0,12304.858508655629,19.28,0.76,0.0,0.0,7.0,1.8968592631667593
2249,15,train_0254,12717.911070670689,10278.694609359496,77.86946093594962,0.0,12795.780531606639,15.22,0.64,0.0,0.0,7.0,1.8968592631667593
2250,15,train_0303,12161.995743854859,10110.983026106118,61.098302610611796,0.0,12223.09404646547,15.44,0.58,0.0,0.0,7.0,1.8968592631667593
2251,15,train_0331,12429.493143801588,10399.376897374597,89.93768973745973,0.0,12519.430833539049,17.58,0.58,0.0,0.0,7.0,1.8968592631667593
2252,15,train_0146,12579.524701496814,9914.57420062278,41.457420062277926,0.0,12620.982121559091,17.0,0.78,0.0,0.0,7.0,1.8968592631667593
2253,15,train_0300,12335.140417882869,9837.810999038466,33.78109990384655,0.0,12368.921517786715,15.0,0.78,0.0,0.0,7.0,1.8968592631667593
2254,15,train_0177,12489.57081831284,10374.929825765692,87.4929825765692,0.0,12577.06380088941,14.22,0.68,0.0,0.0,7.0,1.8968592631667593
2255,15,train_0411,12991.672676279308,10435.627851437846,93.56278514378465,0.0,13085.235461423092,16.6,0.76,0.0,0.0,7.0,1.8968592631667593
2256,15,train_0477,12200.127382293154,10078.619670104028,57.86196701040281,0.0,12257.989349303558,14.12,0.48,0.0,0.0,7.0,1.8968592631667593
2257,15,train_0391,12517.10751077321,10213.095035661026,71.30950356610265,0.0,12588.417014339313,15.24,0.7,0.0,0.0,7.0,1.8968592631667593
2258,15,train_0000,12496.278652380955,9743.579622992567,24.357962299256727,0.0,12520.636614680212,16.92,0.52,0.0,0.0,7.0,1.8968592631667593
2259,15,train_0595,12209.276405537807,10005.428473919737,50.54284739197374,0.0,12259.819252929781,14.58,0.7,0.0,0.0,7.0,1.8968592631667593
2260,15,train_0014,12678.541795958387,10390.09643207018,89.00964320701806,0.0,12767.551439165405,17.14,0.74,0.0,0.0,7.0,1.8968592631667593
2261,15,train_0599,12429.713750406383,9991.687419088288,49.16874190882882,0.0,12478.882492315211,17.18,0.76,0.0,0.0,7.0,1.8968592631667593
2262,15,train_0019,12984.719047757895,10294.368947790648,79.43689477906483,0.0,13064.15594253696,15.64,0.6,0.0,0.0,7.0,1.8968592631667593
2263,15,train_0309,12480.52188228797,10196.879268225537,69.6879268225537,0.0,12550.209809110524,14.16,0.64,0.0,0.0,7.0,1.8968592631667593
2264,15,train_0063,12567.938362377601,10331.898792764758,83.18987927647578,0.0,12651.128241654076,15.12,0.66,0.0,0.0,7.0,1.8968592631667593
2265,15,train_0057,12324.485193525987,10235.835245674925,73.58352456749253,0.0,12398.06871809348,14.24,0.7,0.0,0.0,7.0,1.8968592631667593
2266,15,train_0410,12662.550913654213,10575.709832642235,107.57098326422347,0.0,12770.121896918437,16.82,0.62,0.0,0.0,7.0,1.8968592631667593
2267,15,train_0436,12867.754589582051,10378.675449216385,87.86754492163855,0.0,12955.62213450369,15.48,0.76,0.0,0.0,7.0,1.8968592631667593
2268,15,train_0070,11857.174690987547,9948.135574786937,44.81355747869366,0.0,11901.988248466241,15.54,0.64,0.0,0.0,7.0,1.8968592631667593
2269,15,train_0585,12693.099267893333,10115.030624672589,61.503062467258864,0.0,12754.60233036059,14.14,0.64,0.0,0.0,7.0,1.8968592631667593
2270,15,train_0192,12672.905358614353,10359.79787653506,85.979787653506,0.0,12758.88514626786,16.92,0.7,0.0,0.0,7.0,1.8968592631667593
2271,15,train_0190,12920.328715719766,10542.102822657234,104.21028226572344,0.0,13024.53899798549,17.06,0.68,0.0,0.0,7.0,1.8968592631667593
2272,15,train_0178,12246.12522546756,10061.552418790427,56.15524187904266,0.0,12302.280467346603,14.28,0.72,0.0,0.0,7.0,1.8968592631667593
2273,15,train_0276,12335.49057318741,10232.972141453256,73.2972141453256,0.0,12408.787787332734,16.52,0.68,0.0,0.0,7.0,1.8968592631667593
2274,15,train_0106,13082.195074913041,10354.717063055636,85.47170630556357,0.0,13167.666781218604,15.8,0.8,0.0,0.0,7.0,1.8968592631667593
2275,15,train_0254,12642.087674735885,10292.667938000362,79.26679380003625,0.0,12721.354468535921,17.2,0.74,0.0,0.0,7.0,1.8968592631667593
2276,15,train_0125,12458.445078629255,9871.026664502348,37.10266645023476,0.0,12495.54774507949,16.58,0.64,0.0,0.0,7.0,1.8968592631667593
2277,15,train_0030,12219.61540928228,10457.090258850163,95.70902588501632,0.0,12315.324435167297,16.44,0.56,0.0,0.0,7.0,1.8968592631667593
2278,15,train_0221,12530.734859343278,10213.36410979964,71.33641097996406,0.0,12602.071270323242,16.34,0.64,0.0,0.0,7.0,1.8968592631667593
2279,15,train_0403,12892.081403838794,10389.4546278444,88.94546278443995,0.0,12981.026866623235,13.32,0.62,0.0,0.0,7.0,1.8968592631667593
2280,15,train_0457,12464.082685974436,10512.003031774582,101.20030317745824,0.0,12565.282989151894,16.28,0.62,0.0,0.0,7.0,1.8968592631667593
2281,15,train_0212,12328.563463514014,10140.752928907637,64.07529289076375,0.0,12392.638756404778,15.3,0.6,0.0,0.0,7.0,1.8968592631667593
2282,15,train_0194,12619.15403497021,10400.865774700294,90.08657747002945,0.0,12709.240612440239,16.42,0.7,0.0,0.0,7.0,1.8968592631667593
2283,15,train_0472,12700.25351905272,10447.888651781614,94.78886517816136,0.0,12795.042384230881,15.92,0.62,0.0,0.0,7.0,1.8968592631667593
2284,15,train_0408,12071.26934705934,9975.573907090013,47.55739070900127,0.0,12118.826737768342,14.48,0.66,0.0,0.0,7.0,1.8968592631667593
2285,15,train_0499,12322.13579103236,9865.35048564342,36.53504856434193,0.0,12358.670839596702,16.94,0.66,0.0,0.0,7.0,1.8968592631667593
2286,15,train_0543,12639.301088480783,10539.77915025845,103.97791502584496,0.0,12743.279003506628,16.64,0.54,0.0,0.0,7.0,1.8968592631667593
2287,15,train_0492,12308.23018756319,10182.99135592603,68.29913559260295,0.0,12376.529323155792,15.32,0.62,0.0,0.0,7.0,1.8968592631667593
2288,15,train_0561,12838.900893051112,10323.713994315847,82.37139943158473,0.0,12921.272292482696,17.68,0.74,0.0,0.0,7.0,1.8968592631667593
2289,15,train_0249,12274.792113959742,10526.833577798778,102.68335777987778,0.0,12377.475471739619,15.48,0.64,0.0,0.0,7.0,1.8968592631667593
2290,15,train_0236,12232.441496848529,10346.178102956337,84.61781029563372,0.0,12317.059307144162,17.84,0.66,0.0,0.0,7.0,1.8968592631667593
2291,15,train_0192,12652.662448524561,10387.016995451304,88.7016995451304,0.0,12741.364148069692,17.8,0.76,0.0,0.0,7.0,1.8968592631667593
2292,15,train_0141,12655.980167466172,10431.140577247359,93.11405772473591,0.0,12749.094225190907,13.86,0.64,0.0,0.0,7.0,1.8968592631667593
2293,15,train_0449,12551.564379315867,10379.048228304378,87.90482283043785,0.0,12639.469202146305,17.66,0.7,0.0,0.0,7.0,1.8968592631667593
2294,15,train_0428,12667.344622695813,10280.678953415552,78.06789534155524,0.0,12745.412518037368,16.1,0.62,0.0,0.0,7.0,1.8968592631667593
2295,15,train_0480,12956.589227220542,10143.867711006655,64.38677110066547,0.0,13020.975998321208,15.9,0.54,0.0,0.0,7.0,1.8968592631667593
2296,15,train_0100,11919.293011725355,9750.247624278458,25.024762427845783,0.0,11944.3177741532,15.36,0.72,0.0,0.0,7.0,1.8968592631667593
2297,15,train_0294,12319.094981121092,9976.745944282022,47.674594428202184,0.0,12366.769575549295,16.04,0.64,0.0,0.0,7.0,1.8968592631667593
2298,15,train_0133,12542.589774362852,10199.411271740948,69.9411271740948,0.0,12612.530901536948,17.36,0.66,0.0,0.0,7.0,1.8968592631667593
2299,15,train_0535,12499.408398027073,10014.28402172003,51.42840217200301,0.0,12550.836800199077,14.54,0.62,0.0,0.0,7.0,1.8968592631667593
2300,15,train_0160,12811.040037080766,9928.295950341571,42.82959503415714,0.0,12853.869632114922,16.3,0.68,0.0,0.0,7.0,1.8968592631667593
2301,15,train_0086,11963.66989493003,9742.065380888933,24.206538088893286,0.0,11987.876433018922,15.8,0.56,0.0,0.0,7.0,1.8968592631667593
2302,15,train_0341,12883.289448229576,10801.105864500285,130.1105864500285,0.0,13013.400034679604,16.54,0.68,0.0,0.0,7.0,1.8968592631667593
2303,15,train_0527,12429.607367429247,10434.219365855482,93.42193658554825,0.0,12523.029304014795,16.24,0.72,0.0,0.0,7.0,1.8968592631667593
2304,15,train_0549,12549.194091894284,10298.354212600212,79.83542126002122,0.0,12629.029513154304,17.14,0.64,0.0,0.0,7.0,1.8968592631667593
2305,15,train_0057,12076.836957655272,10078.925262679873,57.89252626798734,0.0,12134.72948392326,15.86,0.6,0.0,0.0,7.0,1.8968592631667593
2306,15,train_0195,12655.885312080221,10483.542644894158,98.35426448941581,0.0,12754.239576569636,17.66,0.66,0.0,0.0,7.0,1.8968592631667593
2307,15,train_0092,12722.667874469771,10339.602580925399,83.96025809253989,0.0,12806.628132562311,16.58,0.6,0.0,0.0,7.0,1.8968592631667593
2308,15,train_0184,12279.171850732271,10614.619195704821,111.46191957048214,0.0,12390.633770302753,17.62,0.68,0.0,0.0,7.0,1.8968592631667593
2309,15,train_0320,12760.614003307031,10011.81758712449,51.18175871244894,0.0,12811.795762019481,15.68,0.74,0.0,0.0,7.0,1.8968592631667593
2310,15,train_0168,12681.816246530161,10565.148609416045,106.51486094160447,0.0,12788.331107471766,17.72,0.66,0.0,0.0,7.0,1.8968592631667593
2311,15,train_0040,12863.186292360635,9989.975208487362,48.99752084873617,0.0,12912.18381320937,17.08,0.54,0.0,0.0,7.0,1.8968592631667593
2312,15,train_0306,12471.885616326952,10510.152705558132,101.01527055581319,0.0,12572.900886882766,14.04,0.76,0.0,0.0,7.0,1.8968592631667593
2313,15,train_0031,12260.77408218481,10145.778989190112,64.5778989190112,0.0,12325.35198110382,17.48,0.74,0.0,0.0,7.0,1.8968592631667593
2314,15,train_0136,12148.562478698375,10348.476705715098,84.84767057150985,0.0,12233.410149269885,18.06,0.6,0.0,0.0,7.0,1.8968592631667593
2315,15,train_0000,12221.932348728275,10091.15214007138,59.115214007137915,0.0,12281.047562735412,15.72,0.74,0.0,0.0,7.0,1.8968592631667593
2316,15,train_0052,12825.83633497678,10395.180895945683,89.51808959456831,0.0,12915.35442457135,15.46,0.6,0.0,0.0,7.0,1.8968592631667593
2317,15,train_0261,12197.127380230566,10627.843330757529,112.78433307575288,0.0,12309.91171330632,16.98,0.64,0.0,0.0,7.0,1.8968592631667593
2318,15,train_0510,12961.376424196787,10310.079622330579,81.00796223305788,0.0,13042.384386429845,16.08,0.76,0.0,0.0,7.0,1.8968592631667593
2319,15,train_0464,12480.629893794034,9950.72118903024,45.07211890302406,0.0,12525.702012697058,15.48,0.7,0.0,0.0,7.0,1.8968592631667593
2320,15,train_0059,12508.545201116316,10573.140299585633,107.31402995856334,0.0,12615.859231074879,15.44,0.66,0.0,0.0,7.0,1.8968592631667593
2321,15,train_0020,12503.307337708913,10793.97207613906,129.397207613906,0.0,12632.704545322818,14.2,0.68,0.0,0.0,7.0,1.8968592631667593
2322,15,train_0202,12634.150164489638,10248.092264385205,74.80922643852045,0.0,12708.959390928158,15.84,0.66,0.0,0.0,7.0,1.8968592631667593
2323,15,train_0391,12416.560731380421,10380.972819884866,88.09728198848661,0.0,12504.658013368908,14.82,0.6,0.0,0.0,7.0,1.8968592631667593
2324,15,train_0448,12505.209213681808,9952.78547406291,45.278547406291004,0.0,12550.4877610881,15.8,0.64,0.0,0.0,7.0,1.8968592631667593
2325,15,train_0493,12260.553199578,9896.98876230101,39.69887623010109,0.0,12300.252075808101,17.96,0.78,0.0,0.0,7.0,1.8968592631667593
2326,15,train_0205,12741.407927848626,10365.448943864849,86.54489438648488,0.0,12827.952822235111,15.18,0.56,0.0,0.0,7.0,1.8968592631667593
2327,15,train_0100,11937.336953292519,9894.69954141527,39.46995414152698,0.0,11976.806907434046,16.14,0.74,0.0,0.0,7.0,1.8968592631667593
2328,15,train_0015,12471.323235219272,9945.528294605261,44.55282946052612,0.0,12515.876064679798,15.54,0.78,0.0,0.0,7.0,1.8968592631667593
2329,15,train_0088,12721.129449455786,10029.08759416385,52.90875941638497,0.0,12774.03820887217,15.24,0.66,0.0,0.0,7.0,1.8968592631667593
2330,15,train_0039,12493.56168799334,10705.832271440908,120.58322714409078,0.0,12614.14491513743,17.1,0.76,0.0,0.0,7.0,1.8968592631667593
2331,15,train_0516,12630.860769914256,10442.744339017147,94.27443390171466,0.0,12725.135203815971,13.96,0.7,0.0,0.0,7.0,1.8968592631667593
2332,15,train_0161,12497.33595202926,10399.696875225498,89.9696875225498,0.0,12587.305639551809,14.86,0.58,0.0,0.0,7.0,1.8968592631667593
2333,15,train_0493,12406.064003437701,9881.266451258758,38.126645125875804,0.0,12444.190648563577,17.68,0.72,0.0,0.0,7.0,1.8968592631667593
2334,15,train_0331,12213.050643087452,10493.785832201625,99.37858322016255,0.0,12312.429226307615,15.58,0.62,0.0,0.0,7.0,1.8968592631667593
2335,15,train_0323,12641.26803058091,10441.251901428854,94.12519014288537,0.0,12735.393220723796,15.1,0.58,0.0,0.0,7.0,1.8968592631667593
2336,16,train_0272,12800.066241461831,9949.496949089958,44.949694908995845,0.0,12845.015936370826,15.44,0.58,0.0,0.0,7.0,1.8968592631667593
2337,16,train_0491,12456.212464122014,10270.918636895443,77.09186368954434,0.0,12533.304327811558,15.22,0.78,0.0,0.0,7.0,1.8968592631667593
2338,16,train_0026,12099.623818508015,9879.167958410108,37.91679584101075,0.0,12137.540614349025,15.46,0.78,0.0,0.0,7.0,1.8968592631667593
2339,16,train_0055,12528.12707685666,10465.323630646903,96.53236306469026,0.0,12624.65943992135,14.3,0.7,0.0,0.0,7.0,1.8968592631667593
2340,16,train_0254,12844.186827057689,10100.190227645491,60.01902276454912,0.0,12904.205849822238,16.34,0.68,0.0,0.0,7.0,1.8968592631667593
2341,16,train_0236,12605.93846894955,10335.672492304457,83.56724923044567,0.0,12689.505718179995,18.06,0.68,0.0,0.0,7.0,1.8968592631667593
2342,16,train_0327,13014.568842932076,9954.292302426022,45.42923024260217,0.0,13059.998073174678,17.34,0.6,0.0,0.0,7.0,1.8968592631667593
2343,16,train_0442,12689.34446418324,10048.823198683305,54.882319868330526,0.0,12744.22678405157,15.36,0.86,0.0,0.0,7.0,1.8968592631667593
2344,16,train_0352,11949.110880550752,9935.345198331226,43.534519833122616,0.0,11992.645400383875,16.24,0.62,0.0,0.0,7.0,1.8968592631667593
2345,16,train_0154,12807.356713087445,10398.55008434223,89.85500843422307,0.0,12897.211721521668,19.74,0.78,0.0,0.0,7.0,1.8968592631667593
2346,16,train_0196,12420.934197941202,10085.721019197026,58.57210191970262,0.0,12479.506299860905,14.68,0.76,0.0,0.0,7.0,1.8968592631667593
2347,16,train_0451,12687.062194267994,10227.043854584077,72.70438545840771,0.0,12759.766579726402,16.34,0.68,0.0,0.0,7.0,1.8968592631667593
2348,16,train_0120,12336.951145088835,9986.195064471083,48.61950644710833,0.0,12385.570651535943,17.1,0.56,0.0,0.0,7.0,1.8968592631667593
2349,16,train_0302,12786.138060056854,10170.695225915264,67.06952259152641,0.0,12853.20758264838,15.28,0.64,0.0,0.0,7.0,1.8968592631667593
2350,16,train_0323,12953.82980459139,10352.224197072639,85.22241970726391,0.0,13039.052224298655,17.18,0.74,0.0,0.0,7.0,1.8968592631667593
2351,16,train_0450,12168.173224770146,10218.938171164204,71.89381711642037,0.0,12240.067041886567,13.88,0.58,0.0,0.0,7.0,1.8968592631667593
2352,16,train_0428,12505.706281594108,10552.362019460836,105.23620194608357,0.0,12610.942483540191,16.24,0.76,0.0,0.0,7.0,1.8968592631667593
2353,16,train_0278,12641.35666464641,10090.604027829777,59.06040278297769,0.0,12700.417067429387,15.54,0.68,0.0,0.0,7.0,1.8968592631667593
2354,16,train_0185,12881.017985590643,10204.190911762078,70.4190911762078,0.0,12951.43707676685,14.92,0.66,0.0,0.0,7.0,1.8968592631667593
2355,16,train_0220,12363.764521820623,10255.097652862627,75.5097652862627,0.0,12439.274287106886,16.4,0.74,0.0,0.0,7.0,1.8968592631667593
2356,16,train_0246,12525.554421599789,9890.492464954974,39.04924649549739,0.0,12564.603668095286,16.36,0.64,0.0,0.0,7.0,1.8968592631667593
2357,16,train_0131,13604.985229637387,9956.843840604475,45.68438406044752,0.0,13650.669613697833,16.12,0.64,0.0,0.0,7.0,1.8968592631667593
2358,16,train_0375,12463.30485548025,10147.876072453673,64.78760724536733,0.0,12528.092462725617,14.8,0.72,0.0,0.0,7.0,1.8968592631667593
2359,16,train_0125,12373.425125206746,9864.09594111748,36.409594111748085,0.0,12409.834719318495,17.5,0.62,0.0,0.0,7.0,1.8968592631667593
2360,16,train_0389,12570.469342377586,9992.317828962154,49.23178289621538,0.0,12619.701125273801,16.08,0.54,0.0,0.0,7.0,1.8968592631667593
2361,16,train_0450,12429.180898652172,9906.68343319558,40.66834331955798,0.0,12469.84924197173,15.26,0.68,0.0,0.0,7.0,1.8968592631667593
2362,16,train_0577,13306.081807770239,10575.83544687039,107.58354468703892,0.0,13413.665352457278,16.5,0.64,0.0,0.0,7.0,1.8968592631667593
2363,16,train_0071,12725.275440151654,10312.72237594633,81.27223759463305,0.0,12806.547677746286,15.86,0.58,0.0,0.0,7.0,1.8968592631667593
2364,16,train_0455,13271.286470913936,10141.363874685037,64.13638746850374,0.0,13335.422858382439,16.46,0.72,0.0,0.0,7.0,1.8968592631667593
2365,16,train_0051,12594.19158447453,9992.848617120257,49.28486171202567,0.0,12643.476446186556,17.76,0.64,0.0,0.0,7.0,1.8968592631667593
2366,16,train_0202,12914.394462886352,10389.266436212372,88.92664362123725,0.0,13003.321106507588,16.78,0.72,0.0,0.0,7.0,1.8968592631667593
2367,16,train_0105,12912.045075453547,10157.586440690375,65.75864406903747,0.0,12977.803719522584,14.74,0.78,0.0,0.0,7.0,1.8968592631667593
2368,16,train_0097,12588.301644016965,9929.442750432152,42.94427504321521,0.0,12631.24591906018,16.76,0.7,0.0,0.0,7.0,1.8968592631667593
2369,16,train_0105,12552.887530202068,10411.288169359523,91.12881693595227,0.0,12644.01634713802,16.56,0.66,0.0,0.0,7.0,1.8968592631667593
2370,16,train_0026,12407.334772627417,9936.108226298262,43.61082262982618,0.0,12450.945595257243,15.9,0.78,0.0,0.0,7.0,1.8968592631667593
2371,16,train_0493,12389.20807052831,10028.022600496224,52.80226004962242,0.0,12442.010330577932,15.64,0.72,0.0,0.0,7.0,1.8968592631667593
2372,16,train_0036,12454.504129855868,10159.736802247542,65.9736802247542,0.0,12520.477810080622,16.86,0.64,0.0,0.0,7.0,1.8968592631667593
2373,16,train_0239,12723.987272802824,10127.00685449347,62.700685449346935,0.0,12786.68795825217,14.74,0.58,0.0,0.0,7.0,1.8968592631667593
2374,16,train_0419,12596.758354276077,10036.867757875478,53.68677578754778,0.0,12650.445130063625,15.4,0.66,0.0,0.0,7.0,1.8968592631667593
2375,16,train_0594,12237.224475535331,9805.314773979557,30.53147739795568,0.0,12267.755952933287,18.3,0.72,0.0,0.0,7.0,1.8968592631667593
2376,16,train_0512,12505.722918600066,10433.003470188052,93.30034701880523,0.0,12599.023265618871,13.2,0.68,0.0,0.0,7.0,1.8968592631667593
2377,16,train_0082,13041.918066827573,10123.20518441225,62.32051844122507,0.0,13104.238585268798,16.18,0.74,0.0,0.0,7.0,1.8968592631667593
2378,16,train_0592,12636.914828076611,10082.17517620399,58.217517620398944,0.0,12695.13234569701,14.16,0.66,0.0,0.0,7.0,1.8968592631667593
2379,16,train_0392,12787.61514778823,10095.544786323688,59.55447863236878,0.0,12847.169626420598,15.62,0.68,0.0,0.0,7.0,1.8968592631667593
2380,16,train_0107,12867.618124367573,10266.965044088181,76.69650440881814,0.0,12944.31462877639,15.86,0.62,0.0,0.0,7.0,1.8968592631667593
2381,16,train_0269,11922.497270722117,9797.812346610968,29.781234661096825,0.0,11952.278505383214,15.14,0.64,0.0,0.0,7.0,1.8968592631667593
2382,16,train_0550,12493.310056455466,10043.586416468519,54.35864164685191,0.0,12547.668698102318,16.88,0.74,0.0,0.0,7.0,1.8968592631667593
2383,16,train_0235,12913.504963020421,10050.023963708856,55.00239637088562,0.0,12968.507359391308,16.04,0.68,0.0,0.0,7.0,1.8968592631667593
2384,16,train_0110,12401.856965771269,10195.739199585649,69.57391995856487,0.0,12471.430885729833,16.0,0.72,0.0,0.0,7.0,1.8968592631667593
2385,16,train_0525,12352.674565103693,10016.551409835041,51.65514098350414,0.0,12404.329706087197,15.16,0.72,0.0,0.0,7.0,1.8968592631667593
2386,16,train_0571,12246.749467788508,10272.484276900896,77.24842769008956,0.0,12323.997895478598,15.52,0.66,0.0,0.0,7.0,1.8968592631667593
2387,16,train_0585,12707.111460489346,10269.267633411404,76.9267633411404,0.0,12784.038223830486,13.36,0.62,0.0,0.0,7.0,1.8968592631667593
2388,16,train_0573,12083.462733278142,10025.929507053099,52.59295070530989,0.0,12136.055683983452,14.48,0.66,0.0,0.0,7.0,1.8968592631667593
2389,16,train_0523,12380.143474389508,9857.146857706186,35.7146857706186,0.0,12415.858160160127,15.26,0.58,0.0,0.0,7.0,1.8968592631667593
2390,16,train_0272,12488.87922544435,10318.533897134013,81.85338971340134,0.0,12570.732615157753,13.84,0.78,0.0,0.0,7.0,1.8968592631667593
2391,16,train_0115,12895.603704711422,10323.024995257827,82.30249952578271,0.0,12977.906204237204,15.68,0.62,0.0,0.0,7.0,1.8968592631667593
2392,16,train_0370,12486.63138595086,10671.314798786085,117.13147987860849,0.0,12603.762865829467,15.66,0.66,0.0,0.0,7.0,1.8968592631667593
2393,16,train_0132,12225.766006210964,10135.32743322343,63.53274332234305,0.0,12289.298749533307,17.08,0.64,0.0,0.0,7.0,1.8968592631667593
2394,16,train_0283,12517.82596589536,10361.839963494629,86.18399634946292,0.0,12604.009962244822,15.5,0.74,0.0,0.0,7.0,1.8968592631667593
2395,16,train_0393,12535.473303957606,10136.341439582451,63.63414395824512,0.0,12599.10744791585,14.04,0.62,0.0,0.0,7.0,1.8968592631667593
2396,16,train_0567,13124.177468695616,10759.991343521197,125.99913435211965,0.0,13250.176603047736,16.04,0.62,0.0,0.0,7.0,1.8968592631667593
2397,16,train_0173,12976.679642016998,10295.974622102318,79.5974622102318,0.0,13056.277104227229,17.44,0.62,0.0,0.0,7.0,1.8968592631667593
2398,16,train_0151,12560.65763145365,10477.74817486367,97.77481748636693,0.0,12658.432448940017,15.54,0.74,0.0,0.0,7.0,1.8968592631667593
2399,16,train_0440,12953.104248356623,10150.334166459452,65.03341664594518,0.0,13018.137665002569,14.98,0.7,0.0,0.0,7.0,1.8968592631667593
2400,16,train_0003,12462.005524222322,9849.09257906511,34.90925790651109,0.0,12496.914782128833,17.92,0.7,0.0,0.0,7.0,1.8968592631667593
2401,16,train_0339,12817.981751655356,10446.812913100446,94.68129131004463,0.0,12912.6630429654,17.08,0.76,0.0,0.0,7.0,1.8968592631667593
2402,16,train_0447,12169.759795050366,10381.29437654008,88.12943765400797,0.0,12257.889232704374,17.42,0.62,0.0,0.0,7.0,1.8968592631667593
2403,16,train_0330,12053.989873673188,10037.455682153219,53.745568215321875,0.0,12107.73544188851,15.22,0.7,0.0,0.0,7.0,1.8968592631667593
2404,16,train_0230,12471.233796704722,10419.275161691006,91.92751616910064,0.0,12563.161312873823,16.24,0.58,0.0,0.0,7.0,1.8968592631667593
2405,16,train_0497,12442.621092131985,10255.031384425525,75.50313844255253,0.0,12518.124230574538,14.98,0.62,0.0,0.0,7.0,1.8968592631667593
2406,16,train_0222,12257.377183803217,10434.881830349957,93.48818303499576,0.0,12350.865366838212,17.56,0.68,0.0,0.0,7.0,1.8968592631667593
2407,16,train_0426,12391.09234722149,9992.15103099231,49.21510309923106,0.0,12440.307450320723,18.06,0.74,0.0,0.0,7.0,1.8968592631667593
2408,16,train_0278,12344.779931697001,10277.64941697555,77.76494169755497,0.0,12422.544873394556,16.58,0.66,0.0,0.0,7.0,1.8968592631667593
2409,16,train_0015,12468.496878048265,9968.261074017282,46.82610740172822,0.0,12515.322985449993,16.06,0.76,0.0,0.0,7.0,1.8968592631667593
2410,16,train_0318,12740.170466269567,10040.051467511057,54.00514675110571,0.0,12794.175613020672,16.44,0.7,0.0,0.0,7.0,1.8968592631667593
2411,16,train_0029,12320.537293007374,10136.432449470141,63.64324494701414,0.0,12384.180537954388,16.52,0.66,0.0,0.0,7.0,1.8968592631667593
2412,16,train_0558,12778.91472850001,10499.062294389463,99.90622943894633,0.0,12878.820957938957,14.08,0.76,0.0,0.0,7.0,1.8968592631667593
2413,16,train_0360,12233.766770157483,9953.482791755298,45.348279175529754,0.0,12279.115049333013,16.44,0.6,0.0,0.0,7.0,1.8968592631667593
2414,16,train_0223,12287.369524908527,10129.727453952033,62.97274539520331,0.0,12350.34227030373,14.08,0.68,0.0,0.0,7.0,1.8968592631667593
2415,16,train_0291,13007.481162306765,10249.389040021957,74.93890400219571,0.0,13082.420066308961,15.52,0.62,0.0,0.0,7.0,1.8968592631667593
2416,16,train_0371,12620.54874082687,9998.803196089033,49.88031960890331,0.0,12670.429060435772,15.96,0.66,0.0,0.0,7.0,1.8968592631667593
2417,16,train_0156,12341.362260659553,10155.716962449489,65.57169624494891,0.0,12406.933956904502,16.32,0.66,0.0,0.0,7.0,1.8968592631667593
2418,16,train_0173,13230.133525341505,10018.051307937314,51.80513079373141,0.0,13281.938656135237,18.1,0.6,0.0,0.0,7.0,1.8968592631667593
2419,16,train_0251,12382.127827821736,10421.576481902419,92.1576481902419,0.0,12474.285476011977,14.66,0.6,0.0,0.0,7.0,1.8968592631667593
2420,16,train_0155,12672.484081003982,10196.19069691279,69.61906969127904,0.0,12742.10315069526,15.62,0.68,0.0,0.0,7.0,1.8968592631667593
2421,16,train_0454,12914.989399676939,10458.056497241563,95.80564972415632,0.0,13010.795049401095,16.72,0.58,0.0,0.0,7.0,1.8968592631667593
2422,16,train_0062,12470.884722636642,9828.013983658671,32.801398365867136,0.0,12503.686121002509,13.84,0.74,0.0,0.0,7.0,1.8968592631667593
2423,16,train_0495,12939.197356729508,9968.174924908835,46.817492490883524,0.0,12986.014849220392,16.16,0.74,0.0,0.0,7.0,1.8968592631667593
2424,16,train_0209,12358.78049200174,9849.091481446962,34.909148144696154,0.0,12393.689640146436,16.5,0.86,0.0,0.0,7.0,1.8968592631667593
2425,16,train_0336,12632.508807566972,9947.401741836147,44.74017418361473,0.0,12677.248981750587,15.18,0.66,0.0,0.0,7.0,1.8968592631667593
2426,16,train_0094,12194.97354704601,9779.236256110926,27.923625611092575,0.0,12222.897172657102,16.86,0.58,0.0,0.0,7.0,1.8968592631667593
2427,16,train_0231,12289.104221364862,10347.570131118213,84.7570131118213,0.0,12373.861234476683,15.12,0.48,0.0,0.0,7.0,1.8968592631667593
2428,16,train_0452,12528.968190980271,10159.331454127368,65.93314541273685,0.0,12594.901336393008,15.3,0.74,0.0,0.0,7.0,1.8968592631667593
2429,16,train_0162,11907.195340760534,9813.498431648488,31.349843164848792,0.0,11938.545183925384,16.62,0.6,0.0,0.0,7.0,1.8968592631667593
2430,16,train_0079,12644.356704522748,10241.164061569343,74.11640615693432,0.0,12718.473110679683,16.56,0.64,0.0,0.0,7.0,1.8968592631667593
2431,16,train_0313,12584.76790220996,10352.990892966674,85.29908929666745,0.0,12670.066991506628,16.94,0.72,0.0,0.0,7.0,1.8968592631667593
2432,16,train_0097,12282.981553921703,10115.470430691757,61.54704306917574,0.0,12344.52859699088,16.24,0.64,0.0,0.0,7.0,1.8968592631667593
2433,16,train_0188,12616.131317296811,10208.278579762758,70.82785797627585,0.0,12686.959175273087,15.62,0.6,0.0,0.0,7.0,1.8968592631667593
2434,16,train_0270,12527.812836042745,10053.221851115399,55.32218511153988,0.0,12583.135021154285,15.32,0.6,0.0,0.0,7.0,1.8968592631667593
2435,16,train_0338,12722.359472914308,10130.147122143888,63.01471221438879,0.0,12785.374185128696,16.42,0.68,0.0,0.0,7.0,1.8968592631667593
2436,16,train_0383,12542.36560399278,9925.437133174391,42.54371331743914,0.0,12584.90931731022,14.38,0.62,0.0,0.0,7.0,1.8968592631667593
2437,16,train_0405,12485.318018635146,10315.450197597887,81.54501975978874,0.0,12566.863038394935,16.26,0.7,0.0,0.0,7.0,1.8968592631667593
2438,16,train_0506,12338.419961922194,10070.207972877019,57.02079728770187,0.0,12395.440759209896,15.1,0.7,0.0,0.0,7.0,1.8968592631667593
2439,16,train_0039,12959.283922672594,10503.24937403242,100.32493740324207,0.0,13059.608860075836,15.46,0.74,0.0,0.0,7.0,1.8968592631667593
2440,16,train_0217,12580.388840419386,10482.87180866706,98.28718086670597,0.0,12678.676021286092,17.62,0.8,0.0,0.0,7.0,1.8968592631667593
2441,16,train_0000,12422.92467202042,9947.248646404412,44.72486464044123,0.0,12467.64953666086,15.24,0.72,0.0,0.0,7.0,1.8968592631667593
2442,16,train_0005,12091.718788722595,10238.951296957664,73.89512969576644,0.0,12165.613918418361,17.1,0.68,0.0,0.0,7.0,1.8968592631667593
2443,16,train_0127,12526.625644546766,10352.349794700152,85.23497947001525,0.0,12611.860624016781,16.16,0.68,0.0,0.0,7.0,1.8968592631667593
2444,16,train_0358,12631.662756886168,9988.791588318338,48.87915883183378,0.0,12680.541915718002,15.94,0.72,0.0,0.0,7.0,1.8968592631667593
2445,16,train_0536,12433.391607304591,10356.768715005697,85.67687150056973,0.0,12519.06847880516,15.34,0.62,0.0,0.0,7.0,1.8968592631667593
2446,16,train_0464,12904.475680172407,9557.231998174244,5.723199817424393,0.0,12910.198879989832,15.68,0.7,0.0,0.0,7.0,1.8968592631667593
2447,16,train_0387,12293.632079374453,9956.871118659301,45.68711186593009,0.0,12339.319191240382,15.82,0.66,0.0,0.0,7.0,1.8968592631667593
2448,16,train_0466,12719.86463633717,10413.20213431145,91.32021343114502,0.0,12811.184849768315,15.72,0.68,0.0,0.0,7.0,1.8968592631667593
2449,16,train_0103,12425.407387997597,9845.446914602358,34.544691460235846,0.0,12459.952079457833,16.22,0.68,0.0,0.0,7.0,1.8968592631667593
2450,16,train_0503,13257.003933112957,10364.568395064101,86.45683950641015,0.0,13343.460772619368,15.82,0.7,0.0,0.0,7.0,1.8968592631667593
2451,16,train_0534,12316.707468206294,10191.634957310434,69.16349573104344,0.0,12385.870963937337,15.32,0.58,0.0,0.0,7.0,1.8968592631667593
2452,16,train_0057,12321.121835910693,10023.423712239766,52.34237122397663,0.0,12373.46420713467,15.18,0.54,0.0,0.0,7.0,1.8968592631667593
2453,16,train_0281,12722.4857787564,10424.273817465648,92.42738174656479,0.0,12814.913160502965,16.14,0.62,0.0,0.0,7.0,1.8968592631667593
2454,16,train_0498,12578.5312228947,10245.397773116449,74.53977731164487,0.0,12653.071000206346,15.94,0.72,0.0,0.0,7.0,1.8968592631667593
2455,16,train_0285,12288.923627670596,10205.787330837094,70.57873308370945,0.0,12359.502360754306,14.14,0.7,0.0,0.0,7.0,1.8968592631667593
2456,16,train_0504,12618.04343195233,10095.064801346078,59.50648013460778,0.0,12677.549912086937,14.72,0.54,0.0,0.0,7.0,1.8968592631667593
2457,16,train_0561,12736.879785679594,10300.25290318529,80.02529031852902,0.0,12816.905075998122,19.04,0.72,0.0,0.0,7.0,1.8968592631667593
2458,16,train_0284,12452.862164423565,10098.368200554865,59.836820055486534,0.0,12512.698984479051,14.38,0.84,0.0,0.0,7.0,1.8968592631667593
2459,16,train_0035,12922.029217058749,10848.82510779038,134.88251077903806,0.0,13056.911727837787,15.92,0.74,0.0,0.0,7.0,1.8968592631667593
2460,16,train_0204,12755.319378098491,10316.077875647807,81.60778756478066,0.0,12836.927165663272,16.42,0.68,0.0,0.0,7.0,1.8968592631667593
2461,16,train_0129,13044.01993597442,10332.990309956522,83.29903099565217,0.0,13127.318966970073,14.74,0.74,0.0,0.0,7.0,1.8968592631667593
2462,16,train_0284,12616.634752434904,10072.407208351411,57.24072083514111,0.0,12673.875473270045,15.82,0.64,0.0,0.0,7.0,1.8968592631667593
2463,16,train_0351,12913.319087183309,10425.930388714527,92.5930388714527,0.0,13005.912126054762,16.56,0.74,0.0,0.0,7.0,1.8968592631667593
2464,16,train_0278,12714.19962437117,10182.189179956426,68.21891799564256,0.0,12782.418542366811,15.26,0.58,0.0,0.0,7.0,1.8968592631667593
2465,16,train_0117,12420.965167805716,9843.060387420723,34.30603874207227,0.0,12455.271206547788,16.28,0.7,0.0,0.0,7.0,1.8968592631667593
2466,16,train_0180,12739.700162734476,10561.303578336649,106.13035783366486,0.0,12845.83052056814,16.78,0.66,0.0,0.0,7.0,1.8968592631667593
2467,16,train_0407,12709.247403504449,10048.513327473407,54.85133274734071,0.0,12764.09873625179,15.94,0.8,0.0,0.0,7.0,1.8968592631667593
2468,16,train_0016,12668.045102338736,9925.498838255804,42.5498838255804,0.0,12710.594986164317,15.7,0.68,0.0,0.0,7.0,1.8968592631667593
2469,16,train_0128,12277.908896870556,10219.999015298406,71.99990152984064,0.0,12349.908798400396,14.66,0.66,0.0,0.0,7.0,1.8968592631667593
2470,16,train_0535,12542.231879342477,9933.831007582807,43.383100758280676,0.0,12585.614980100758,14.16,0.58,0.0,0.0,7.0,1.8968592631667593
2471,16,train_0059,12729.56888735039,10335.051470786002,83.5051470786002,0.0,12813.07403442899,16.28,0.66,0.0,0.0,7.0,1.8968592631667593
2472,16,train_0248,12633.268135850218,10371.299614909847,87.12996149098473,0.0,12720.398097341202,16.14,0.76,0.0,0.0,7.0,1.8968592631667593
2473,16,train_0124,12633.804463904286,10379.634762082536,87.96347620825364,0.0,12721.767940112539,17.34,0.78,0.0,0.0,7.0,1.8968592631667593
2474,16,train_0062,12229.061569807578,10238.52617908554,73.85261790855402,0.0,12302.914187716133,15.04,0.64,0.0,0.0,7.0,1.8968592631667593
2475,16,train_0253,12208.198395288378,9959.090029597282,45.90900295972824,0.0,12254.107398248107,16.72,0.72,0.0,0.0,7.0,1.8968592631667593
2476,16,train_0312,12289.010391707085,10155.266292740058,65.5266292740058,0.0,12354.53702098109,16.18,0.56,0.0,0.0,7.0,1.8968592631667593
2477,16,train_0105,12517.802700041757,10305.787130942921,80.57871309429211,0.0,12598.381413136049,14.46,0.7,0.0,0.0,7.0,1.8968592631667593
2478,16,train_0046,12245.05671344346,10015.77922447908,51.57792244790799,0.0,12296.634635891369,17.28,0.74,0.0,0.0,7.0,1.8968592631667593
2479,16,train_0080,12978.385283965741,10147.280931874886,64.7280931874886,0.0,13043.11337715323,15.78,0.64,0.0,0.0,7.0,1.8968592631667593
2480,17,train_0390,12588.333134104418,10606.42215738757,110.64221573875693,0.0,12698.975349843175,15.68,0.78,0.0,0.0,7.0,1.8968592631667593
2481,17,train_0516,12908.971350874432,10200.980322274414,70.09803222744141,0.0,12979.069383101873,12.82,0.68,0.0,0.0,7.0,1.8968592631667593
2482,17,train_0108,12782.436280149206,9868.481893860759,36.848189386075866,0.0,12819.284469535281,18.08,0.6,0.0,0.0,7.0,1.8968592631667593
2483,17,train_0192,13028.58804461329,10094.5127984839,59.45127984839001,0.0,13088.03932446168,17.22,0.56,0.0,0.0,7.0,1.8968592631667593
2484,17,train_0206,12936.376022826906,10326.20960481132,82.62096048113199,0.0,13018.996983308038,13.12,0.66,0.0,0.0,7.0,1.8968592631667593
2485,17,train_0216,12296.811232471451,10085.815958807765,58.58159588077652,0.0,12355.392828352227,17.64,0.66,0.0,0.0,7.0,1.8968592631667593
2486,17,train_0146,12573.538680378115,9988.891697451001,48.88916974510012,0.0,12622.427850123215,15.66,0.76,0.0,0.0,7.0,1.8968592631667593
2487,17,train_0033,12798.230017967664,10475.185914323449,97.51859143234488,0.0,12895.748609400009,14.78,0.64,0.0,0.0,7.0,1.8968592631667593
2488,17,train_0315,12825.691713993006,10664.518637326828,116.4518637326828,0.0,12942.143577725688,17.98,0.66,0.0,0.0,7.0,1.8968592631667593
2489,17,train_0214,12376.350532423836,9835.752101317083,33.57521013170827,0.0,12409.925742555544,15.58,0.56,0.0,0.0,7.0,1.8968592631667593
2490,17,train_0205,12665.57302649102,10289.314759949186,78.93147599491859,0.0,12744.50450248594,16.2,0.68,0.0,0.0,7.0,1.8968592631667593
2491,17,train_0158,12794.756582670594,10170.882603467035,67.08826034670346,0.0,12861.844843017298,16.88,0.64,0.0,0.0,7.0,1.8968592631667593
2492,17,train_0557,12241.847357885988,9949.230681213601,44.923068121360124,0.0,12286.770426007348,16.26,0.6,0.0,0.0,7.0,1.8968592631667593
2493,17,train_0366,12432.67614194515,10187.621058194874,68.76210581948745,0.0,12501.438247764638,16.84,0.76,0.0,0.0,7.0,1.8968592631667593
2494,17,train_0251,12722.000323030647,10015.455477282496,51.54554772824959,0.0,12773.545870758897,15.04,0.84,0.0,0.0,7.0,1.8968592631667593
2495,17,train_0123,12654.763094219998,9853.132626345134,35.31326263451338,0.0,12690.076356854512,13.94,0.82,0.0,0.0,7.0,1.8968592631667593
2496,17,train_0480,12635.293721178206,10377.054516742795,87.70545167427954,0.0,12722.999172852486,14.92,0.68,0.0,0.0,7.0,1.8968592631667593
2497,17,train_0533,12025.039247824514,9923.708223614802,42.37082236148017,0.0,12067.410070185993,16.04,0.64,0.0,0.0,7.0,1.8968592631667593
2498,17,train_0019,12686.953999807969,10287.00054387427,78.70005438742702,0.0,12765.654054195396,16.36,0.6,0.0,0.0,7.0,1.8968592631667593
2499,17,train_0557,12356.762004720595,9902.957121477195,40.2957121477195,0.0,12397.057716868314,14.54,0.64,0.0,0.0,7.0,1.8968592631667593
2500,17,train_0419,12931.02790301984,9804.014934136208,30.401493413620848,0.0,12961.429396433461,15.82,0.62,0.0,0.0,7.0,1.8968592631667593
2501,17,train_0059,12511.150942352428,10278.77386208855,77.87738620885503,0.0,12589.028328561282,14.58,0.66,0.0,0.0,7.0,1.8968592631667593
2502,17,train_0451,12771.675418622628,10246.172134190463,74.61721341904631,0.0,12846.292632041674,16.94,0.72,0.0,0.0,7.0,1.8968592631667593
2503,17,train_0064,12621.925510173736,10243.587965857787,74.35879658577869,0.0,12696.284306759515,16.48,0.72,0.0,0.0,7.0,1.8968592631667593
2504,17,train_0030,12889.861716669504,9784.90185686519,28.490185686519,0.0,12918.351902356022,15.82,0.76,0.0,0.0,7.0,1.8968592631667593
2505,17,train_0069,12511.160522052207,10178.062984166525,67.8062984166525,0.0,12578.966820468859,18.1,0.66,0.0,0.0,7.0,1.8968592631667593
2506,17,train_0275,12498.946788301584,10080.661999447537,58.066199944753684,0.0,12557.012988246337,14.4,0.7,0.0,0.0,7.0,1.8968592631667593
2507,17,train_0371,12344.284415913306,10063.638393939538,56.363839393953825,0.0,12400.64825530726,15.02,0.82,0.0,0.0,7.0,1.8968592631667593
2508,17,train_0244,12491.376699841232,10037.410367474486,53.74103674744856,0.0,12545.11773658868,17.16,0.84,0.0,0.0,7.0,1.8968592631667593
2509,17,train_0073,12321.748052605195,10202.057633621644,70.20576336216436,0.0,12391.95381596736,15.84,0.66,0.0,0.0,7.0,1.8968592631667593
2510,17,train_0119,12238.59113341746,10285.940229553715,78.59402295537149,0.0,12317.18515637283,16.14,0.7,0.0,0.0,7.0,1.8968592631667593
2511,17,train_0511,12254.889340746879,9997.4141007232,49.74141007231992,0.0,12304.630750819199,17.22,0.72,0.0,0.0,7.0,1.8968592631667593
2512,17,train_0577,13175.876860325638,10742.494321119751,124.24943211197515,0.0,13300.126292437613,15.98,0.78,0.0,0.0,7.0,1.8968592631667593
2513,17,train_0452,12273.088351673865,10105.452932263091,60.545293226309155,0.0,12333.633644900174,14.08,0.64,0.0,0.0,7.0,1.8968592631667593
2514,17,train_0062,12074.07986372672,10500.432374098447,100.04323740984474,0.0,12174.123101136565,14.16,0.6,0.0,0.0,7.0,1.8968592631667593
2515,17,train_0491,12930.72430514827,9977.305613192664,47.73056131926642,0.0,12978.454866467535,14.66,0.72,0.0,0.0,7.0,1.8968592631667593
2516,17,train_0415,12808.574433141574,10635.81522270219,113.58152227021893,0.0,12922.155955411792,14.42,0.68,0.0,0.0,7.0,1.8968592631667593
2517,17,train_0315,13191.943492504144,10147.342820317199,64.73428203171989,0.0,13256.677774535863,15.92,0.74,0.0,0.0,7.0,1.8968592631667593
2518,17,train_0085,13034.409467415982,9843.82877087941,34.382877087941054,0.0,13068.792344503923,14.74,0.62,0.0,0.0,7.0,1.8968592631667593
2519,17,train_0598,12510.021997782174,9893.020836726251,39.30208367262512,0.0,12549.324081454799,14.28,0.68,0.0,0.0,7.0,1.8968592631667593
2520,17,train_0265,12639.519141406789,10054.569486737062,55.456948673706215,0.0,12694.976090080494,13.92,0.6,0.0,0.0,7.0,1.8968592631667593
2521,17,train_0026,12011.415892328085,9980.587370246969,48.058737024696896,0.0,12059.474629352782,16.18,0.8,0.0,0.0,7.0,1.8968592631667593
2522,17,train_0125,12206.745038489527,10133.993684561348,63.39936845613484,0.0,12270.144406945663,16.88,0.68,0.0,0.0,7.0,1.8968592631667593
2523,17,train_0240,13090.24874651081,10569.193174191165,106.9193174191165,0.0,13197.168063929927,16.18,0.6,0.0,0.0,7.0,1.8968592631667593
2524,17,train_0037,13311.322040649124,10527.645027435832,102.76450274358322,0.0,13414.086543392707,16.88,0.62,0.0,0.0,7.0,1.8968592631667593
2525,17,train_0194,12817.6618596283,10091.325891495253,59.1325891495253,0.0,12876.794448777826,16.18,0.72,0.0,0.0,7.0,1.8968592631667593
2526,17,train_0281,12838.233456684724,10294.42317380797,79.44231738079708,0.0,12917.675774065521,16.6,0.52,0.0,0.0,7.0,1.8968592631667593
2527,17,train_0569,12246.464266136778,10035.399775622665,53.53997756226654,0.0,12300.004243699044,14.94,0.62,0.0,0.0,7.0,1.8968592631667593
2528,17,train_0051,12876.817461079585,9706.242415901328,20.624241590132808,0.0,12897.441702669717,16.68,0.64,0.0,0.0,7.0,1.8968592631667593
2529,17,train_0346,12855.960671592311,10474.626195509145,97.4626195509145,0.0,12953.423291143226,15.96,0.62,0.0,0.0,7.0,1.8968592631667593
2530,17,train_0549,12874.519875993428,10032.470588770095,53.24705887700948,0.0,12927.766934870438,17.48,0.68,0.0,0.0,7.0,1.8968592631667593
2531,17,train_0483,13439.89673295234,10048.432614071327,54.843261407132744,0.0,13494.739994359474,16.34,0.64,0.0,0.0,7.0,1.8968592631667593
2532,17,train_0554,12617.083097143006,9830.930637943733,33.0930637943733,0.0,12650.176160937379,14.2,0.56,0.0,0.0,7.0,1.8968592631667593
2533,17,train_0102,12577.566890754462,9947.823692489354,44.78236924893536,0.0,12622.349260003397,13.66,0.68,0.0,0.0,7.0,1.8968592631667593
2534,17,train_0480,12296.826956189932,10547.112005071365,104.71120050713654,0.0,12401.538156697068,15.24,0.72,0.0,0.0,7.0,1.8968592631667593
2535,17,train_0587,12440.106487052606,10055.743528871153,55.57435288711531,0.0,12495.680839939721,17.8,0.58,0.0,0.0,7.0,1.8968592631667593
2536,17,train_0195,12901.312935610049,10786.062887801421,128.60628878014214,0.0,13029.91922439019,17.7,0.68,0.0,0.0,7.0,1.8968592631667593
2537,17,train_0299,12756.928575445538,10101.680600486552,60.16806004865521,0.0,12817.096635494192,14.22,0.58,0.0,0.0,7.0,1.8968592631667593
2538,17,train_0318,12511.067495670617,9963.154549318457,46.31545493184567,0.0,12557.382950602463,17.36,0.72,0.0,0.0,7.0,1.8968592631667593
2539,17,train_0296,12864.20337027777,10245.798689832001,74.57986898320014,0.0,12938.78323926097,15.5,0.66,0.0,0.0,7.0,1.8968592631667593
2540,17,train_0173,12980.607898228316,10137.302535418086,63.730253541808636,0.0,13044.338151770125,18.32,0.7,0.0,0.0,7.0,1.8968592631667593
2541,17,train_0582,13051.993782067011,10090.295990895691,59.029599089569096,0.0,13111.02338115658,14.78,0.58,0.0,0.0,7.0,1.8968592631667593
2542,17,train_0573,12147.710305383309,9907.466333942213,40.74663339422132,0.0,12188.45693877753,15.5,0.62,0.0,0.0,7.0,1.8968592631667593
2543,17,train_0228,12366.856493980751,10132.79794539012,63.27979453901207,0.0,12430.136288519763,15.12,0.72,0.0,0.0,7.0,1.8968592631667593
2544,17,train_0483,12987.379560617053,10424.473289111364,92.44732891113637,0.0,13079.826889528189,14.44,0.52,0.0,0.0,7.0,1.8968592631667593
2545,17,train_0238,12666.652493649524,10202.665947145415,70.2665947145415,0.0,12736.919088364066,17.18,0.74,0.0,0.0,7.0,1.8968592631667593
2546,17,train_0476,12246.05883363837,10441.836048361129,94.18360483611286,0.0,12340.242438474483,18.56,0.64,0.0,0.0,7.0,1.8968592631667593
2547,17,train_0350,12209.18766801658,10346.943348624694,84.69433486246945,0.0,12293.88200287905,16.0,0.62,0.0,0.0,7.0,1.8968592631667593
2548,17,train_0282,12424.736448679349,9840.945576674761,34.094557667476145,0.0,12458.831006346825,15.94,0.58,0.0,0.0,7.0,1.8968592631667593
2549,17,train_0076,12740.293591945718,10012.700260087295,51.270026008729474,0.0,12791.563617954447,15.74,0.6,0.0,0.0,7.0,1.8968592631667593
2550,17,train_0392,12630.995620963677,10395.752434151476,89.57524341514764,0.0,12720.570864378824,16.54,0.58,0.0,0.0,7.0,1.8968592631667593
2551,17,train_0192,13002.131824195178,10093.713561698962,59.371356169896174,0.0,13061.503180365075,18.06,0.68,0.0,0.0,7.0,1.8968592631667593
2552,17,train_0130,12491.477084799568,9995.380653662509,49.53806536625089,0.0,12541.015150165818,15.56,0.7,0.0,0.0,7.0,1.8968592631667593
2553,17,train_0115,12748.443262642084,10444.43923440324,94.44392344032404,0.0,12842.887186082407,14.92,0.58,0.0,0.0,7.0,1.8968592631667593
2554,17,train_0589,12468.570314550474,9860.012632866406,36.00126328664064,0.0,12504.571577837114,16.6,0.68,0.0,0.0,7.0,1.8968592631667593
2555,17,train_0061,12398.356275774124,10145.088251513684,64.50882515136837,0.0,12462.865100925492,15.48,0.72,0.0,0.0,7.0,1.8968592631667593
2556,17,train_0479,13000.067342441567,10370.635041617421,87.0635041617421,0.0,13087.13084660331,17.44,0.78,0.0,0.0,7.0,1.8968592631667593
2557,17,train_0519,12635.07427811583,10855.538857703363,135.55388577033628,0.0,12770.628163886166,17.8,0.6,0.0,0.0,7.0,1.8968592631667593
2558,17,train_0018,12580.269021696438,10258.947243091283,75.89472430912829,0.0,12656.163746005566,15.68,0.7,0.0,0.0,7.0,1.8968592631667593
2559,17,train_0353,11960.079289987223,10216.46844887953,71.64684488795301,0.0,12031.726134875176,16.4,0.6,0.0,0.0,7.0,1.8968592631667593
2560,17,train_0346,12999.940039097653,10221.841445085736,72.18414450857362,0.0,13072.124183606227,15.5,0.56,0.0,0.0,7.0,1.8968592631667593
2561,17,train_0215,12794.607030410856,10354.705855728374,85.47058557283745,0.0,12880.077615983693,17.76,0.7,0.0,0.0,7.0,1.8968592631667593
2562,17,train_0400,12718.455709125046,10586.183885073242,108.6183885073242,0.0,12827.07409763237,16.0,0.52,0.0,0.0,7.0,1.8968592631667593
2563,17,train_0245,12248.775308502918,9965.811020395875,46.5811020395875,0.0,12295.356410542505,15.14,0.58,0.0,0.0,7.0,1.8968592631667593
2564,17,train_0263,12448.189371771965,9631.679216053573,13.167921605357334,0.0,12461.357293377323,16.08,0.44,0.0,0.0,7.0,1.8968592631667593
2565,17,train_0258,13142.822559029217,10033.106217344108,53.31062173441078,0.0,13196.133180763627,15.26,0.82,0.0,0.0,7.0,1.8968592631667593
2566,17,train_0480,12788.759701213212,10281.042927989338,78.10429279893378,0.0,12866.863994012147,15.14,0.6,0.0,0.0,7.0,1.8968592631667593
2567,17,train_0379,13073.579003130644,10678.99709227867,117.89970922786706,0.0,13191.478712358512,15.78,0.72,0.0,0.0,7.0,1.8968592631667593
2568,17,train_0227,12939.110486715217,10222.439978659804,72.24399786598042,0.0,13011.354484581198,16.46,0.56,0.0,0.0,7.0,1.8968592631667593
2569,17,train_0556,13259.143578756519,9909.625019492307,40.962501949230685,0.0,13300.10608070575,13.4,0.68,0.0,0.0,7.0,1.8968592631667593
2570,17,train_0481,12293.97358430628,10089.104114280413,58.910411428041336,0.0,12352.883995734323,15.44,0.56,0.0,0.0,7.0,1.8968592631667593
2571,17,train_0559,12717.437027864238,9926.484630270705,42.64846302707047,0.0,12760.085490891308,16.16,0.5,0.0,0.0,7.0,1.8968592631667593
2572,17,train_0438,12350.843169848074,9978.80529116113,47.88052911611303,0.0,12398.723698964188,16.7,0.8,0.0,0.0,7.0,1.8968592631667593
2573,17,train_0234,12539.38157183428,10130.876178184031,63.087617818403125,0.0,12602.469189652682,15.7,0.58,0.0,0.0,7.0,1.8968592631667593
2574,17,train_0463,12260.626078846903,9883.705943073932,38.37059430739318,0.0,12298.996673154295,16.8,0.62,0.0,0.0,7.0,1.8968592631667593
2575,17,train_0197,12515.537860352917,10251.115115777553,75.11151157775531,0.0,12590.649371930673,15.8,0.76,0.0,0.0,7.0,1.8968592631667593
2576,17,train_0162,11590.490405466004,10059.33857602346,55.93385760234597,0.0,11646.42426306835,16.48,0.76,0.0,0.0,7.0,1.8968592631667593
2577,17,train_0270,12387.944289717216,10342.839451478465,84.28394514784651,0.0,12472.228234865062,15.32,0.7,0.0,0.0,7.0,1.8968592631667593
2578,17,train_0581,12032.969788331196,10173.211891959505,67.32118919595051,0.0,12100.290977527147,15.98,0.72,0.0,0.0,7.0,1.8968592631667593
2579,17,train_0340,12117.484088443427,10484.255060002768,98.42550600027681,0.0,12215.909594443703,15.62,0.72,0.0,0.0,7.0,1.8968592631667593
2580,17,train_0230,12557.173609775582,10330.105485556582,83.01054855565818,0.0,12640.18415833124,15.26,0.78,0.0,0.0,7.0,1.8968592631667593
2581,17,train_0277,12462.086050044825,10193.235986127067,69.3235986127067,0.0,12531.409648657533,16.9,0.68,0.0,0.0,7.0,1.8968592631667593
2582,17,train_0174,12973.357477540681,10024.100262200569,52.4100262200569,0.0,13025.767503760739,15.76,0.74,0.0,0.0,7.0,1.8968592631667593
2583,17,train_0395,12206.498194207996,10376.659833841863,87.66598338418626,0.0,12294.164177592182,16.0,0.78,0.0,0.0,7.0,1.8968592631667593
2584,17,train_0210,12392.535842169476,9957.65067489845,45.76506748984502,0.0,12438.300909659321,14.34,0.52,0.0,0.0,7.0,1.8968592631667593
2585,17,train_0332,12138.926154745059,10001.961005554465,50.19610055544654,0.0,12189.122255300505,16.32,0.66,0.0,0.0,7.0,1.8968592631667593
2586,17,train_0221,12500.637158082363,10391.9348903517,89.19348903517003,0.0,12589.830647117533,16.3,0.6,0.0,0.0,7.0,1.8968592631667593
2587,17,train_0192,12573.239511153151,10392.40856146902,89.24085614690193,0.0,12662.480367300053,15.18,0.68,0.0,0.0,7.0,1.8968592631667593
2588,17,train_0582,12909.617809240426,10453.050608292036,95.30506082920365,0.0,13004.92287006963,15.38,0.62,0.0,0.0,7.0,1.8968592631667593
2589,17,train_0207,12269.677951722442,9716.003343765933,21.60033437659331,0.0,12291.278286099036,15.88,0.6,0.0,0.0,7.0,1.8968592631667593
2590,17,train_0042,12257.965961547912,10551.6318370406,105.16318370406007,0.0,12363.129145251973,15.82,0.68,0.0,0.0,7.0,1.8968592631667593
2591,17,train_0227,12738.095946609033,10709.711861358119,120.97118613581188,0.0,12859.067132744845,17.78,0.66,0.0,0.0,7.0,1.8968592631667593
2592,17,train_0319,12508.748512203096,10275.33160399645,77.53316039964503,0.0,12586.281672602741,17.2,0.6,0.0,0.0,7.0,1.8968592631667593
2593,17,train_0056,12244.349961501088,9822.120199893285,32.212019989328475,0.0,12276.561981490417,17.96,0.7,0.0,0.0,7.0,1.8968592631667593
2594,17,train_0183,12787.765193298193,10175.254164382884,67.52541643828845,0.0,12855.290609736481,14.34,0.66,0.0,0.0,7.0,1.8968592631667593
2595,17,train_0099,12191.748196221053,9852.619482967613,35.26194829676133,0.0,12227.010144517815,16.34,0.7,0.0,0.0,7.0,1.8968592631667593
2596,17,train_0300,12157.846549718377,10215.413042637665,71.5413042637665,0.0,12229.387853982143,15.7,0.64,0.0,0.0,7.0,1.8968592631667593
2597,17,train_0433,12282.292512808777,10040.236407484612,54.02364074846119,0.0,12336.316153557238,17.28,0.78,0.0,0.0,7.0,1.8968592631667593
2598,17,train_0581,12446.401761494515,10380.753764969271,88.07537649692713,0.0,12534.477137991442,15.48,0.52,0.0,0.0,7.0,1.8968592631667593
2599,17,train_0233,13191.398351591397,10518.764443901222,101.8764443901222,0.0,13293.274795981519,17.48,0.62,0.0,0.0,7.0,1.8968592631667593
2600,17,train_0517,12715.140792690101,10338.537293249978,83.85372932499777,0.0,12798.994522015098,16.1,0.74,0.0,0.0,7.0,1.8968592631667593
2601,17,train_0128,12215.606642347728,10321.162267284788,82.11622672847881,0.0,12297.722869076206,14.74,0.62,0.0,0.0,7.0,1.8968592631667593
2602,17,train_0468,12119.891235717507,10091.239855374335,59.12398553743351,0.0,12179.01522125494,15.88,0.56,0.0,0.0,7.0,1.8968592631667593
2603,17,train_0337,12326.713480706505,9844.235141728406,34.423514172840626,0.0,12361.136994879345,16.46,0.78,0.0,0.0,7.0,1.8968592631667593
2604,17,train_0454,12939.178597580629,10427.120306147928,92.71203061479282,0.0,13031.890628195422,15.66,0.56,0.0,0.0,7.0,1.8968592631667593
2605,17,train_0453,12477.46157538608,10129.01529560767,62.90152956076709,0.0,12540.363104946848,15.64,0.58,0.0,0.0,7.0,1.8968592631667593
2606,17,train_0319,12459.838462587828,10131.01155253024,63.10115525302408,0.0,12522.939617840851,15.16,0.74,0.0,0.0,7.0,1.8968592631667593
2607,17,train_0154,12704.548719515064,10372.983014846035,87.29830148460351,0.0,12791.847020999667,18.16,0.66,0.0,0.0,7.0,1.8968592631667593
2608,17,train_0315,12791.83485763481,10622.62914891889,112.26291489188898,0.0,12904.0977725267,16.04,0.7,0.0,0.0,7.0,1.8968592631667593
2609,17,train_0496,12569.726435044166,10049.13409746976,54.91340974697596,0.0,12624.639844791142,17.06,0.68,0.0,0.0,7.0,1.8968592631667593
2610,17,train_0582,12906.922182046028,10311.49492579743,81.14949257974295,0.0,12988.071674625771,16.22,0.58,0.0,0.0,7.0,1.8968592631667593
2611,17,train_0556,12562.065500770535,10342.15005914117,84.21500591411696,0.0,12646.280506684652,13.74,0.64,0.0,0.0,7.0,1.8968592631667593
2612,17,train_0108,12633.987190053442,10364.273686709945,86.42736867099448,0.0,12720.414558724437,18.04,0.66,0.0,0.0,7.0,1.8968592631667593
2613,17,train_0358,12512.94431386605,10508.515535639996,100.85155356399956,0.0,12613.79586743005,14.68,0.72,0.0,0.0,7.0,1.8968592631667593
2614,17,train_0062,12323.400160610874,9851.201787212543,35.12017872125434,0.0,12358.520339332128,15.8,0.7,0.0,0.0,7.0,1.8968592631667593
2615,17,train_0401,12015.849482333979,10145.075765118556,64.50757651185559,0.0,12080.357058845835,16.54,0.76,0.0,0.0,7.0,1.8968592631667593
2616,17,train_0595,12381.28147263168,9821.018140438282,32.1018140438282,0.0,12413.383286675507,16.66,0.58,0.0,0.0,7.0,1.8968592631667593
2617,17,train_0031,12449.753730423032,9958.294292326951,45.82942923269511,0.0,12495.583159655727,16.38,0.58,0.0,0.0,7.0,1.8968592631667593
2618,17,train_0393,12384.282832652676,10343.776947212693,84.3776947212693,0.0,12468.660527373946,13.28,0.68,0.0,0.0,7.0,1.8968592631667593
2619,17,train_0567,13364.918563325133,10737.254700353431,123.72547003534311,0.0,13488.644033360475,15.98,0.66,0.0,0.0,7.0,1.8968592631667593
2620,17,train_0508,12784.404445882836,10365.983375250962,86.59833752509621,0.0,12871.002783407932,13.9,0.58,0.0,0.0,7.0,1.8968592631667593
2621,17,train_0235,12646.260799621588,10308.049419155643,80.80494191556427,0.0,12727.065741537153,14.82,0.68,0.0,0.0,7.0,1.8968592631667593
2622,17,train_0062,12362.003930454039,10009.575811833814,50.95758118338145,0.0,12412.96151163742,14.44,0.72,0.0,0.0,7.0,1.8968592631667593
2623,17,train_0554,12512.89923941988,10262.173223889291,76.2173223889291,0.0,12589.116561808809,14.34,0.7,0.0,0.0,7.0,1.8968592631667593
2624,18,train_0552,12447.638199577763,10121.029697152935,62.10296971529351,0.0,12509.741169293056,15.3,0.72,0.0,0.0,7.0,1.8968592631667593
2625,18,train_0347,12681.96948516828,10128.492278749682,62.849227874968165,0.0,12744.818713043249,18.0,0.6,0.0,0.0,7.0,1.8968592631667593
2626,18,train_0587,12414.327803764121,10120.319485670749,62.03194856707487,0.0,12476.359752331196,16.88,0.6,0.0,0.0,7.0,1.8968592631667593
2627,18,train_0002,12489.063275514578,10134.27316251121,63.42731625112101,0.0,12552.4905917657,13.8,0.7,0.0,0.0,7.0,1.8968592631667593
2628,18,train_0369,12350.093525062539,10272.810637207871,77.2810637207871,0.0,12427.374588783327,14.56,0.76,0.0,0.0,7.0,1.8968592631667593
2629,18,train_0023,12271.101170246277,9735.643635896846,23.564363589684582,0.0,12294.665533835961,14.56,0.76,0.0,0.0,7.0,1.8968592631667593
2630,18,train_0561,12965.70396916403,9976.618448237688,47.661844823768845,0.0,13013.365813987799,16.9,0.68,0.0,0.0,7.0,1.8968592631667593
2631,18,train_0408,12060.386813022633,10217.730727601807,71.77307276018074,0.0,12132.159885782814,14.92,0.76,0.0,0.0,7.0,1.8968592631667593
2632,18,train_0548,12616.171909934874,10079.747682607507,57.97476826075072,0.0,12674.146678195624,17.3,0.6,0.0,0.0,7.0,1.8968592631667593
2633,18,train_0337,12319.953705612961,9618.316150846247,11.831615084624719,0.0,12331.785320697585,16.42,0.64,0.0,0.0,7.0,1.8968592631667593
2634,18,train_0049,12504.582933991325,10388.293052151761,88.8293052151761,0.0,12593.412239206502,14.36,0.62,0.0,0.0,7.0,1.8968592631667593
2635,18,train_0015,12533.461804033603,10150.24117052634,65.02411705263403,0.0,12598.485921086236,16.24,0.74,0.0,0.0,7.0,1.8968592631667593
2636,18,train_0201,12768.987879641776,10071.879780159641,57.18797801596411,0.0,12826.17585765774,14.96,0.68,0.0,0.0,7.0,1.8968592631667593
2637,18,train_0446,12185.50484404531,10090.647153855032,59.06471538550323,0.0,12244.569559430813,15.46,0.76,0.0,0.0,7.0,1.8968592631667593
2638,18,train_0090,12276.501048267382,10095.511194937963,59.55111949379625,0.0,12336.05216776118,14.16,0.74,0.0,0.0,7.0,1.8968592631667593
2639,18,train_0511,12104.900856263415,10425.036300417436,92.5036300417436,0.0,12197.404486305159,16.02,0.6,0.0,0.0,7.0,1.8968592631667593
2640,18,train_0143,12736.027889096034,10315.998946854743,81.59989468547428,0.0,12817.627783781509,15.04,0.56,0.0,0.0,7.0,1.8968592631667593
2641,18,train_0297,12288.581348124564,10147.481890760917,64.74818907609169,0.0,12353.329537200656,14.26,0.76,0.0,0.0,7.0,1.8968592631667593
2642,18,train_0121,12385.862797479484,10159.34345902888,65.93434590288798,0.0,12451.797143382371,15.32,0.66,0.0,0.0,7.0,1.8968592631667593
2643,18,train_0279,12549.413552182054,10083.23859571592,58.32385957159204,0.0,12607.737411753646,16.64,0.78,0.0,0.0,7.0,1.8968592631667593
2644,18,train_0271,12352.5837013772,9684.494820304604,18.449482030460423,0.0,12371.03318340766,14.5,0.64,0.0,0.0,7.0,1.8968592631667593
2645,18,train_0003,12169.03203761322,10278.227435755021,77.82274357550214,0.0,12246.854781188722,14.64,0.62,0.0,0.0,7.0,1.8968592631667593
2646,18,train_0340,12436.211102899571,10094.019133753987,59.40191337539873,0.0,12495.61301627497,17.78,0.66,0.0,0.0,7.0,1.8968592631667593
2647,18,train_0471,12449.159064514419,10284.614387413769,78.46143874137688,0.0,12527.620503255795,15.46,0.54,0.0,0.0,7.0,1.8968592631667593
2648,18,train_0561,12696.375277799234,10275.012669474283,77.5012669474283,0.0,12773.876544746663,18.06,0.68,0.0,0.0,7.0,1.8968592631667593
2649,18,train_0198,12287.717687246623,9588.01906754414,8.801906754414086,0.0,12296.519594001036,16.08,0.8,0.0,0.0,7.0,1.8968592631667593
2650,18,train_0528,12654.480483434985,10155.84073905602,65.58407390560205,0.0,12720.064557340587,15.08,0.66,0.0,0.0,7.0,1.8968592631667593
2651,18,train_0527,12402.946249858174,10080.275073071207,58.027507307120686,0.0,12460.973757165295,14.56,0.58,0.0,0.0,7.0,1.8968592631667593
2652,18,train_0593,12621.72304776881,10252.108111778853,75.21081117788526,0.0,12696.933858946695,14.12,0.72,0.0,0.0,7.0,1.8968592631667593
2653,18,train_0223,12302.286778925956,10210.508640727126,71.05086407271266,0.0,12373.33764299867,14.68,0.62,0.0,0.0,7.0,1.8968592631667593
2654,18,train_0510,12713.789141041529,10463.98703548668,96.39870354866798,0.0,12810.187844590197,16.26,0.76,0.0,0.0,7.0,1.8968592631667593
2655,18,train_0339,12893.550633720846,10332.2222109643,83.22222109643008,0.0,12976.772854817276,17.94,0.66,0.0,0.0,7.0,1.8968592631667593
2656,18,train_0034,12448.262292509517,10070.236906585393,57.02369065853927,0.0,12505.285983168056,16.42,0.62,0.0,0.0,7.0,1.8968592631667593
2657,18,train_0162,11918.116031845206,9940.17000808903,44.017000808902964,0.0,11962.133032654108,16.14,0.58,0.0,0.0,7.0,1.8968592631667593
2658,18,train_0403,12731.600005027678,10444.839762267482,94.48397622674821,0.0,12826.083981254425,13.48,0.64,0.0,0.0,7.0,1.8968592631667593
2659,18,train_0096,12861.118254197409,10087.000953747929,58.70009537479291,0.0,12919.8183495722,17.3,0.72,0.0,0.0,7.0,1.8968592631667593
2660,18,train_0260,12521.465790202063,9915.044310553681,41.50443105536815,0.0,12562.97022125743,18.16,0.64,0.0,0.0,7.0,1.8968592631667593
2661,18,train_0464,12496.998834139711,10182.9647076137,68.29647076137007,0.0,12565.295304901081,14.34,0.7,0.0,0.0,7.0,1.8968592631667593
2662,18,train_0089,12613.429643580133,10364.744031015529,86.4744031015529,0.0,12699.904046681686,15.08,0.84,0.0,0.0,7.0,1.8968592631667593
2663,18,train_0297,12502.88963678614,9941.02758726448,44.10275872644797,0.0,12546.992395512589,14.04,0.62,0.0,0.0,7.0,1.8968592631667593
2664,18,train_0128,12223.415037548093,9898.755728629392,39.87557286293923,0.0,12263.290610411032,15.62,0.72,0.0,0.0,7.0,1.8968592631667593
2665,18,train_0321,12809.783267493633,9969.54137122077,46.954137122077015,0.0,12856.73740461571,18.56,0.72,0.0,0.0,7.0,1.8968592631667593
2666,18,train_0144,13062.374365623913,10479.325263122064,97.93252631220639,0.0,13160.30689193612,14.72,0.78,0.0,0.0,7.0,1.8968592631667593
2667,18,train_0579,12341.024637457685,10519.607518564051,101.96075185640512,0.0,12442.98538931409,14.94,0.76,0.0,0.0,7.0,1.8968592631667593
2668,18,train_0046,12519.266862453405,9705.747971167719,20.57479711677188,0.0,12539.841659570176,18.3,0.8,0.0,0.0,7.0,1.8968592631667593
2669,18,train_0578,12385.679800513259,10201.30201484273,70.13020148427294,0.0,12455.810001997532,18.3,0.76,0.0,0.0,7.0,1.8968592631667593
2670,18,train_0475,12201.901861067003,9994.543230084819,49.45432300848188,0.0,12251.356184075485,16.4,0.62,0.0,0.0,7.0,1.8968592631667593
2671,18,train_0513,12499.947970517325,10081.40438530962,58.140438530961916,0.0,12558.088409048287,15.82,0.74,0.0,0.0,7.0,1.8968592631667593
2672,18,train_0510,12821.218298530424,10525.64013245267,102.56401324526706,0.0,12923.78231177569,14.82,0.64,0.0,0.0,7.0,1.8968592631667593
2673,18,train_0112,12505.841615452766,10128.863858053837,62.886385805383725,0.0,12568.72800125815,16.94,0.72,0.0,0.0,7.0,1.8968592631667593
2674,18,train_0558,13498.364610055465,9922.857503083622,42.28575030836219,0.0,13540.650360363827,15.24,0.7,0.0,0.0,7.0,1.8968592631667593
2675,18,train_0356,12684.757136834665,10497.425292631506,99.74252926315057,0.0,12784.499666097816,15.38,0.7,0.0,0.0,7.0,1.8968592631667593
2676,18,train_0577,13529.038965287073,10298.901344749793,79.89013447497928,0.0,13608.929099762052,16.0,0.68,0.0,0.0,7.0,1.8968592631667593
2677,18,train_0526,12812.905132417434,10032.786424131176,53.27864241311764,0.0,12866.183774830552,18.84,0.68,0.0,0.0,7.0,1.8968592631667593
2678,18,train_0347,12575.477090693388,10042.369561311138,54.23695613111377,0.0,12629.714046824502,16.68,0.64,0.0,0.0,7.0,1.8968592631667593
2679,18,train_0224,12686.805467074204,9952.152603376471,45.21526033764712,0.0,12732.020727411851,13.22,0.62,0.0,0.0,7.0,1.8968592631667593
2680,18,train_0070,11884.410254038583,9909.737152148906,40.97371521489058,0.0,11925.383969253473,13.96,0.66,0.0,0.0,7.0,1.8968592631667593
2681,18,train_0060,12893.734547272135,9928.821920671873,42.88219206718732,0.0,12936.616739339323,15.9,0.76,0.0,0.0,7.0,1.8968592631667593
2682,18,train_0233,13309.312886131036,10688.194063961277,118.81940639612768,0.0,13428.132292527163,16.16,0.82,0.0,0.0,7.0,1.8968592631667593
2683,18,train_0486,12844.603534080405,10185.88243805967,68.58824380596707,0.0,12913.191777886372,15.5,0.74,0.0,0.0,7.0,1.8968592631667593
2684,18,train_0303,12394.235188937335,9770.807155233251,27.080715523325125,0.0,12421.31590446066,15.14,0.7,0.0,0.0,7.0,1.8968592631667593
2685,18,train_0289,12870.169524648882,10349.917119381742,84.9917119381742,0.0,12955.161236587055,16.08,0.68,0.0,0.0,7.0,1.8968592631667593
2686,18,train_0146,12384.66830087403,10322.738114288095,82.2738114288095,0.0,12466.942112302839,15.6,0.78,0.0,0.0,7.0,1.8968592631667593
2687,18,train_0338,12480.726763356637,10160.180870105021,66.01808701050213,0.0,12546.744850367138,15.54,0.76,0.0,0.0,7.0,1.8968592631667593
2688,18,train_0382,12620.431387232054,10594.835648114149,109.48356481141491,0.0,12729.91495204347,16.02,0.8,0.0,0.0,7.0,1.8968592631667593
2689,18,train_0589,12353.932620706175,10076.970445976167,57.697044597616696,0.0,12411.629665303792,15.84,0.72,0.0,0.0,7.0,1.8968592631667593
2690,18,train_0437,11589.434952329044,9562.120252257871,6.212025225787148,0.0,11595.64697755483,15.22,0.68,0.0,0.0,7.0,1.8968592631667593
2691,18,train_0364,12371.040343860015,10550.396630975847,105.03966309758471,0.0,12476.0800069576,18.02,0.62,0.0,0.0,7.0,1.8968592631667593
2692,18,train_0546,12680.064292889285,10295.342760099353,79.53427600993528,0.0,12759.59856889922,18.16,0.66,0.0,0.0,7.0,1.8968592631667593
2693,18,train_0254,12722.690712247531,10155.868286811043,65.58682868110428,0.0,12788.277540928635,15.68,0.7,0.0,0.0,7.0,1.8968592631667593
2694,18,train_0560,12575.605217605094,10235.231595002335,73.52315950023349,0.0,12649.128377105328,18.26,0.62,0.0,0.0,7.0,1.8968592631667593
2695,18,train_0221,12384.015638399593,10300.118060938325,80.01180609383246,0.0,12464.027444493426,16.78,0.8,0.0,0.0,7.0,1.8968592631667593
2696,18,train_0076,12790.703279264013,9859.592108517447,35.959210851744686,0.0,12826.662490115757,14.0,0.68,0.0,0.0,7.0,1.8968592631667593
2697,18,train_0250,12602.958928992846,10048.211487688603,54.82114876886026,0.0,12657.780077761707,16.14,0.7,0.0,0.0,7.0,1.8968592631667593
2698,18,train_0077,12274.236152522572,10063.630157316144,56.36301573161436,0.0,12330.599168254186,15.88,0.74,0.0,0.0,7.0,1.8968592631667593
2699,18,train_0071,12779.207828526905,10084.987511617475,58.498751161747535,0.0,12837.706579688653,15.1,0.68,0.0,0.0,7.0,1.8968592631667593
2700,18,train_0528,12679.986604561214,10250.19634047117,75.01963404711697,0.0,12755.006238608332,15.4,0.66,0.0,0.0,7.0,1.8968592631667593
2701,18,train_0476,12658.787771790183,9867.17791999027,36.717791999027035,0.0,12695.50556378921,18.84,0.74,0.0,0.0,7.0,1.8968592631667593
2702,18,train_0132,12343.689359118647,10042.663518713394,54.26635187133943,0.0,12397.955710989987,17.48,0.74,0.0,0.0,7.0,1.8968592631667593
2703,18,train_0502,12875.472474034279,10067.521289659942,56.75212896599424,0.0,12932.224603000273,16.18,0.54,0.0,0.0,7.0,1.8968592631667593
2704,18,train_0041,12600.31598095881,10256.376862669014,75.63768626690144,0.0,12675.953667225713,15.64,0.7,0.0,0.0,7.0,1.8968592631667593
2705,18,train_0170,12331.945276733579,9767.640292074368,26.764029207436764,0.0,12358.709305941016,17.84,0.58,0.0,0.0,7.0,1.8968592631667593
2706,18,train_0423,12856.594157539595,9588.139482486637,8.813948248663655,0.0,12865.40810578826,18.14,0.7,0.0,0.0,7.0,1.8968592631667593
2707,18,train_0182,12943.925186140394,10522.950667439905,102.29506674399055,0.0,13046.220252884385,15.82,0.7,0.0,0.0,7.0,1.8968592631667593
2708,18,train_0438,12464.934816751203,10073.560746727184,57.35607467271839,0.0,12522.290891423921,18.04,0.68,0.0,0.0,7.0,1.8968592631667593
2709,18,train_0524,11926.158441537322,9871.816022211884,37.181602221188406,0.0,11963.34004375851,15.68,0.68,0.0,0.0,7.0,1.8968592631667593
2710,18,train_0039,13034.289220283647,10093.485677139346,59.348567713934614,0.0,13093.63778799758,17.08,0.72,0.0,0.0,7.0,1.8968592631667593
2711,18,train_0014,12680.64499088814,10514.426992393004,101.44269923930042,0.0,12782.08769012744,17.36,0.54,0.0,0.0,7.0,1.8968592631667593
2712,18,train_0564,12639.87158375459,10394.468638460128,89.44686384601283,0.0,12729.318447600603,16.02,0.62,0.0,0.0,7.0,1.8968592631667593
2713,18,train_0312,12068.91746033604,10404.82608851551,90.48260885155105,0.0,12159.400069187592,15.72,0.64,0.0,0.0,7.0,1.8968592631667593
2714,18,train_0303,12177.525311181866,10300.937317623268,80.09373176232675,0.0,12257.619042944192,14.76,0.76,0.0,0.0,7.0,1.8968592631667593
2715,18,train_0278,12435.042960285784,10068.18987953932,56.81898795393209,0.0,12491.861948239715,16.76,0.62,0.0,0.0,7.0,1.8968592631667593
2716,18,train_0260,12257.728601231407,10140.440067604995,64.04400676049954,0.0,12321.772607991907,17.08,0.76,0.0,0.0,7.0,1.8968592631667593
2717,18,train_0414,12294.636584306456,10133.895331161979,63.389533116197896,0.0,12358.026117422654,14.98,0.64,0.0,0.0,7.0,1.8968592631667593
2718,18,train_0347,12528.705459572098,10132.83241565471,63.283241565470966,0.0,12591.988701137569,18.42,0.58,0.0,0.0,7.0,1.8968592631667593
2719,18,train_0098,12431.928777764613,10147.657473878171,64.7657473878171,0.0,12496.69452515243,14.08,0.6,0.0,0.0,7.0,1.8968592631667593
2720,18,train_0375,12569.445906926916,10391.460183318824,89.14601833188244,0.0,12658.5919252588,14.6,0.72,0.0,0.0,7.0,1.8968592631667593
2721,18,train_0400,12921.861520944,10582.450380985367,108.24503809853668,0.0,13030.106559042537,14.6,0.66,0.0,0.0,7.0,1.8968592631667593
2722,18,train_0068,12412.997647238903,10636.91447051059,113.69144705105901,0.0,12526.68909428996,16.1,0.58,0.0,0.0,7.0,1.8968592631667593
2723,18,train_0226,12073.990843551574,9992.578977440284,49.257897744028384,0.0,12123.248741295602,14.54,0.62,0.0,0.0,7.0,1.8968592631667593
2724,18,train_0474,12753.965491036477,10442.118701673066,94.21187016730656,0.0,12848.177361203783,16.46,0.52,0.0,0.0,7.0,1.8968592631667593
2725,18,train_0371,12566.598111052972,10105.628046277472,60.56280462774721,0.0,12627.160915680719,15.52,0.6,0.0,0.0,7.0,1.8968592631667593
2726,18,train_0081,12383.191570752198,10253.093738105821,75.30937381058212,0.0,12458.50094456278,17.06,0.6,0.0,0.0,7.0,1.8968592631667593
2727,18,train_0024,12084.350222802334,9932.756697947472,43.27566979474723,0.0,12127.625892597081,15.76,0.7,0.0,0.0,7.0,1.8968592631667593
2728,18,train_0348,12359.58344519196,10417.748270489803,91.7748270489803,0.0,12451.358272240941,16.54,0.68,0.0,0.0,7.0,1.8968592631667593
2729,18,train_0277,12658.345766221035,10024.89507980891,52.489507980891,0.0,12710.835274201925,15.32,0.6,0.0,0.0,7.0,1.8968592631667593
2730,18,train_0576,12484.40279454867,10082.600190901923,58.26001909019233,0.0,12542.662813638863,14.66,0.56,0.0,0.0,7.0,1.8968592631667593
2731,18,train_0313,12738.554618115752,10027.042413899897,52.7042413899897,0.0,12791.25885950574,16.74,0.82,0.0,0.0,7.0,1.8968592631667593
2732,18,train_0558,13085.197189821309,10190.00640317918,69.00064031791808,0.0,13154.197830139226,15.16,0.72,0.0,0.0,7.0,1.8968592631667593
2733,18,train_0128,12351.014352355094,9841.26713088463,34.12671308846293,0.0,12385.141065443557,15.16,0.74,0.0,0.0,7.0,1.8968592631667593
2734,18,train_0268,12806.057786985686,10060.220701472783,56.022070147278285,0.0,12862.079857132965,17.32,0.78,0.0,0.0,7.0,1.8968592631667593
2735,18,train_0083,12443.935819445742,10014.233948428711,51.42339484287113,0.0,12495.359214288614,14.68,0.6,0.0,0.0,7.0,1.8968592631667593
2736,18,train_0344,12272.943645060277,10267.606983634767,76.76069836347669,0.0,12349.704343423753,15.26,0.68,0.0,0.0,7.0,1.8968592631667593
2737,18,train_0113,12207.977733037696,10209.266447324278,70.92664473242785,0.0,12278.904377770124,18.06,0.64,0.0,0.0,7.0,1.8968592631667593
2738,18,train_0295,12597.737735246446,9962.930030083815,46.2930030083815,0.0,12644.030738254827,15.96,0.7,0.0,0.0,7.0,1.8968592631667593
2739,18,train_0206,12825.494589564598,10203.293693921694,70.32936939216943,0.0,12895.823958956767,14.48,0.58,0.0,0.0,7.0,1.8968592631667593
2740,18,train_0111,12484.614203315141,9892.101305333388,39.21013053333882,0.0,12523.824333848479,15.82,0.72,0.0,0.0,7.0,1.8968592631667593
2741,18,train_0058,11928.583381188973,9858.352834800015,35.83528348000146,0.0,11964.418664668974,14.12,0.7,0.0,0.0,7.0,1.8968592631667593
2742,18,train_0307,12607.07954144304,9918.50842806818,41.85084280681804,0.0,12648.930384249858,17.5,0.86,0.0,0.0,7.0,1.8968592631667593
2743,18,train_0568,13184.067632879356,10222.572100374482,72.2572100374482,0.0,13256.324842916805,16.12,0.66,0.0,0.0,7.0,1.8968592631667593
2744,18,train_0119,12271.996927153068,10286.031840741096,78.6031840741096,0.0,12350.600111227177,16.8,0.6,0.0,0.0,7.0,1.8968592631667593
2745,18,train_0242,12765.360350783018,10480.094625619531,98.00946256195311,0.0,12863.36981334497,15.68,0.76,0.0,0.0,7.0,1.8968592631667593
2746,18,train_0134,12771.592010500714,10440.262758280838,94.02627582808383,0.0,12865.618286328798,13.54,0.7,0.0,0.0,7.0,1.8968592631667593
2747,18,train_0485,12136.469957404188,10097.210598210511,59.721059821051135,0.0,12196.19101722524,16.64,0.74,0.0,0.0,7.0,1.8968592631667593
2748,18,train_0248,12554.740010551175,10229.927632624913,72.99276326249128,0.0,12627.732773813666,15.76,0.62,0.0,0.0,7.0,1.8968592631667593
2749,18,train_0584,12355.206598312063,9728.822196995916,22.882219699591587,0.0,12378.088818011654,15.78,0.66,0.0,0.0,7.0,1.8968592631667593
2750,18,train_0147,12718.878352917414,10638.226382705801,113.82263827058014,0.0,12832.700991187994,16.08,0.68,0.0,0.0,7.0,1.8968592631667593
2751,18,train_0048,12745.138757777433,9922.142074333437,42.21420743334366,0.0,12787.352965210777,16.28,0.72,0.0,0.0,7.0,1.8968592631667593
2752,18,train_0349,12460.907539163545,10026.638275288125,52.66382752881255,0.0,12513.571366692358,15.82,0.7,0.0,0.0,7.0,1.8968592631667593
2753,18,train_0391,12570.589697493884,10047.00037788508,54.700037788508055,0.0,12625.289735282393,14.96,0.82,0.0,0.0,7.0,1.8968592631667593
2754,18,train_0594,12314.050919006295,9920.71438839941,42.07143883994104,0.0,12356.122357846236,17.1,0.78,0.0,0.0,7.0,1.8968592631667593
2755,18,train_0522,13179.156564080196,10007.800883147916,50.78008831479165,0.0,13229.936652394988,16.96,0.58,0.0,0.0,7.0,1.8968592631667593
2756,18,train_0530,12914.240074568326,10713.734426558769,121.3734426558769,0.0,13035.613517224203,15.66,0.66,0.0,0.0,7.0,1.8968592631667593
2757,18,train_0380,12478.587915658169,9813.754162099805,31.375416209980543,0.0,12509.96333186815,15.38,0.64,0.0,0.0,7.0,1.8968592631667593
2758,18,train_0215,12638.070134994377,10310.792055246595,81.07920552465949,0.0,12719.149340519038,16.98,0.66,0.0,0.0,7.0,1.8968592631667593
2759,18,train_0257,12669.79693269361,10128.043582040578,62.80435820405783,0.0,12732.601290897668,15.04,0.8,0.0,0.0,7.0,1.8968592631667593
2760,18,train_0080,12657.892872127011,10429.088321920644,92.90883219206444,0.0,12750.801704319076,14.38,0.68,0.0,0.0,7.0,1.8968592631667593
2761,18,train_0258,12755.973053847873,10728.102274807967,122.81022748079668,0.0,12878.78328132867,15.86,0.64,0.0,0.0,7.0,1.8968592631667593
2762,18,train_0218,12884.473059292153,10261.928460101242,76.19284601012423,0.0,12960.665905302278,15.22,0.66,0.0,0.0,7.0,1.8968592631667593
2763,18,train_0021,12426.147206379066,10859.037920844039,135.9037920844039,0.0,12562.05099846347,17.8,0.7,0.0,0.0,7.0,1.8968592631667593
2764,18,train_0122,12512.31364189797,9987.42994131174,48.74299413117406,0.0,12561.056636029145,14.82,0.76,0.0,0.0,7.0,1.8968592631667593
2765,18,train_0320,12499.683673851032,10470.416114411051,97.04161144110513,0.0,12596.725285292137,15.06,0.68,0.0,0.0,7.0,1.8968592631667593
2766,18,train_0221,12524.00151541315,10200.324364135,70.03243641350001,0.0,12594.03395182665,15.5,0.72,0.0,0.0,7.0,1.8968592631667593
2767,18,train_0596,12373.252460230786,10434.33549441601,93.43354944160092,0.0,12466.686009672387,16.04,0.66,0.0,0.0,7.0,1.8968592631667593
2768,19,train_0287,12457.005407815164,10132.37137775685,63.23713777568501,0.0,12520.242545590849,16.36,0.74,0.0,0.0,7.0,1.8968592631667593
2769,19,train_0575,12922.144693905637,10484.309146325331,98.43091463253313,0.0,13020.575608538169,15.84,0.7,0.0,0.0,7.0,1.8968592631667593
2770,19,train_0396,12449.402744542755,10630.182569416553,113.01825694165528,0.0,12562.42100148441,13.38,0.66,0.0,0.0,7.0,1.8968592631667593
2771,19,train_0024,12184.794046433948,9917.814348069738,41.78143480697381,0.0,12226.575481240921,15.1,0.6,0.0,0.0,7.0,1.8968592631667593
2772,19,train_0122,12390.883607973976,9925.249532992795,42.52495329927952,0.0,12433.408561273256,14.68,0.66,0.0,0.0,7.0,1.8968592631667593
2773,19,train_0423,12495.44680367815,9970.472821488285,47.04728214882853,0.0,12542.49408582698,17.94,0.62,0.0,0.0,7.0,1.8968592631667593
2774,19,train_0327,12974.91042231446,10187.19912024273,68.71991202427307,0.0,13043.630334338734,18.54,0.62,0.0,0.0,7.0,1.8968592631667593
2775,19,train_0181,11790.652435691052,9509.477326706989,0.9477326706988607,0.0,11791.60016836175,17.56,0.76,0.0,0.0,7.0,1.8968592631667593
2776,19,train_0313,12611.359763840279,10169.175051147053,66.91750511470528,0.0,12678.277268954984,15.76,0.7,0.0,0.0,7.0,1.8968592631667593
2777,19,train_0541,12668.514319545806,10516.98685362074,101.69868536207396,0.0,12770.21300490788,18.14,0.7,0.0,0.0,7.0,1.8968592631667593
2778,19,train_0233,13375.489176826053,10517.24302382357,101.72430238235702,0.0,13477.21347920841,14.96,0.66,0.0,0.0,7.0,1.8968592631667593
2779,19,train_0027,12560.662095795647,10517.653122282489,101.76531222824889,0.0,12662.427408023896,14.2,0.7,0.0,0.0,7.0,1.8968592631667593
2780,19,train_0186,12778.29876463869,10040.962272658606,54.096227265860584,0.0,12832.39499190455,14.74,0.62,0.0,0.0,7.0,1.8968592631667593
2781,19,train_0561,12601.714385176168,10404.105583079421,90.41055830794213,0.0,12692.12494348411,17.04,0.72,0.0,0.0,7.0,1.8968592631667593
2782,19,train_0457,12375.112335986749,10388.53557494017,88.85355749401697,0.0,12463.965893480767,15.52,0.72,0.0,0.0,7.0,1.8968592631667593
2783,19,train_0502,12788.59785056228,10301.849661139127,80.18496611391275,0.0,12868.782816676194,15.46,0.68,0.0,0.0,7.0,1.8968592631667593
2784,19,train_0546,12496.649019530887,10407.31052716028,90.73105271602799,0.0,12587.380072246915,20.0,0.64,0.0,0.0,7.0,1.8968592631667593
2785,19,train_0070,11832.127757160095,9752.868509819562,25.286850981956196,0.0,11857.414608142051,14.34,0.66,0.0,0.0,7.0,1.8968592631667593
2786,19,train_0169,12213.551505905376,10005.154988194901,50.51549881949013,0.0,12264.067004724866,15.66,0.76,0.0,0.0,7.0,1.8968592631667593
2787,19,train_0035,13341.589120633998,10461.949554887531,96.19495548875312,0.0,13437.78407612275,17.08,0.64,0.0,0.0,7.0,1.8968592631667593
2788,19,train_0002,12702.724780275266,9877.07482606604,37.707482606604025,0.0,12740.43226288187,13.88,0.6,0.0,0.0,7.0,1.8968592631667593
2789,19,train_0500,12066.71146981789,9915.21217703486,41.52121770348604,0.0,12108.232687521377,15.3,0.66,0.0,0.0,7.0,1.8968592631667593
2790,19,train_0562,12482.562336598761,10460.050623744111,96.00506237441114,0.0,12578.567398973173,15.1,0.72,0.0,0.0,7.0,1.8968592631667593
2791,19,train_0093,12191.201633428276,9936.622814873193,43.66228148731935,0.0,12234.863914915595,17.02,0.62,0.0,0.0,7.0,1.8968592631667593
2792,19,train_0433,12293.137719914059,10128.87693862185,62.88769386218501,0.0,12356.025413776244,15.94,0.7,0.0,0.0,7.0,1.8968592631667593
2793,19,train_0320,12560.780917329446,10326.472764161339,82.6472764161339,0.0,12643.42819374558,15.14,0.78,0.0,0.0,7.0,1.8968592631667593
2794,19,train_0041,12347.244847517442,10342.14828003515,84.21482800351497,0.0,12431.459675520957,14.58,0.7,0.0,0.0,7.0,1.8968592631667593
2795,19,train_0549,12572.375646714416,10181.562758226122,68.15627582261223,0.0,12640.531922537028,17.28,0.66,0.0,0.0,7.0,1.8968592631667593
2796,19,train_0522,12992.88700767289,10198.229661507541,69.82296615075411,0.0,13062.709973823645,17.02,0.56,0.0,0.0,7.0,1.8968592631667593
2797,19,train_0340,12640.387471871087,9940.792379410532,44.07923794105318,0.0,12684.466709812139,17.7,0.58,0.0,0.0,7.0,1.8968592631667593
2798,19,train_0424,12605.071737357193,10338.161765117002,83.81617651170018,0.0,12688.887913868894,16.74,0.74,0.0,0.0,7.0,1.8968592631667593
2799,19,train_0238,12491.771282278894,10134.806709052,63.480670905199986,0.0,12555.251953184095,16.78,0.7,0.0,0.0,7.0,1.8968592631667593
2800,19,train_0475,12314.187824868799,10260.84206323632,76.08420632363196,0.0,12390.272031192431,15.92,0.64,0.0,0.0,7.0,1.8968592631667593
2801,19,train_0267,12426.45896694283,10024.70592915318,52.47059291531805,0.0,12478.929559858148,14.48,0.76,0.0,0.0,7.0,1.8968592631667593
2802,19,train_0593,12377.334355076984,10166.18737609204,66.61873760920408,0.0,12443.953092686188,14.2,0.78,0.0,0.0,7.0,1.8968592631667593
2803,19,train_0037,12987.355633586732,10383.403891886457,88.34038918864572,0.0,13075.696022775379,18.52,0.68,0.0,0.0,7.0,1.8968592631667593
2804,19,train_0103,12464.28466864998,9710.281869824754,21.028186982475383,0.0,12485.312855632455,15.54,0.76,0.0,0.0,7.0,1.8968592631667593
2805,19,train_0581,12596.271429084847,9910.08573975357,41.008573975356924,0.0,12637.280003060205,17.8,0.68,0.0,0.0,7.0,1.8968592631667593
2806,19,train_0173,12789.929804788599,10174.70976424016,67.47097642401604,0.0,12857.400781212615,15.94,0.66,0.0,0.0,7.0,1.8968592631667593
2807,19,train_0186,12561.313299729823,10036.490184609916,53.64901846099165,0.0,12614.962318190815,15.92,0.52,0.0,0.0,7.0,1.8968592631667593
2808,19,train_0474,12404.883922833982,10516.148191737098,101.61481917370985,0.0,12506.498742007692,15.52,0.72,0.0,0.0,7.0,1.8968592631667593
2809,19,train_0113,12250.366154257015,9811.107200304112,31.110720030411176,0.0,12281.476874287426,17.18,0.58,0.0,0.0,7.0,1.8968592631667593
2810,19,train_0308,12545.590117547763,10071.976324732275,57.197632473227536,0.0,12602.78775002099,17.16,0.76,0.0,0.0,7.0,1.8968592631667593
2811,19,train_0171,13493.149812712898,10142.778236616672,64.27782366166721,0.0,13557.427636374565,17.24,0.68,0.0,0.0,7.0,1.8968592631667593
2812,19,train_0118,12435.25498065438,10269.26217430594,76.92621743059408,0.0,12512.181198084974,14.56,0.7,0.0,0.0,7.0,1.8968592631667593
2813,19,train_0578,12467.157291592566,9995.547282189542,49.55472821895419,0.0,12516.71201981152,18.04,0.6,0.0,0.0,7.0,1.8968592631667593
2814,19,train_0119,12551.092455282682,10042.622929619869,54.2622929619869,0.0,12605.354748244668,15.42,0.72,0.0,0.0,7.0,1.8968592631667593
2815,19,train_0056,11622.765061153896,10028.956483973845,52.895648397384505,0.0,11675.66070955128,17.02,0.66,0.0,0.0,7.0,1.8968592631667593
2816,19,train_0404,13514.504622915538,10476.072228326448,97.60722283264477,0.0,13612.111845748183,15.46,0.76,0.0,0.0,7.0,1.8968592631667593
2817,19,train_0520,12175.962538232192,9916.961263492805,41.69612634928053,0.0,12217.658664581473,16.26,0.68,0.0,0.0,7.0,1.8968592631667593
2818,19,train_0076,12434.20621791654,10190.707248159662,69.07072481596624,0.0,12503.276942732507,17.46,0.6,0.0,0.0,7.0,1.8968592631667593
2819,19,train_0424,12720.705067397012,10303.29729929932,80.329729929932,0.0,12801.034797326944,17.72,0.76,0.0,0.0,7.0,1.8968592631667593
2820,19,train_0324,12267.138253382856,10574.158899647256,107.41588996472565,0.0,12374.554143347583,13.86,0.7,0.0,0.0,7.0,1.8968592631667593
2821,19,train_0498,12286.502069657734,10421.986416392529,92.19864163925286,0.0,12378.700711296988,15.0,0.7,0.0,0.0,7.0,1.8968592631667593
2822,19,train_0076,12424.296754057284,10379.786286206541,87.97862862065413,0.0,12512.275382677939,17.16,0.68,0.0,0.0,7.0,1.8968592631667593
2823,19,train_0585,12561.777173893977,10532.715037904378,103.27150379043779,0.0,12665.048677684415,13.72,0.6,0.0,0.0,7.0,1.8968592631667593
2824,19,train_0371,12444.777634341106,9926.655120107844,42.66551201078437,0.0,12487.44314635189,15.22,0.78,0.0,0.0,7.0,1.8968592631667593
2825,19,train_0505,12893.166984371022,10018.628814560634,51.862881456063405,0.0,12945.029865827086,17.54,0.72,0.0,0.0,7.0,1.8968592631667593
2826,19,train_0217,12534.435511727232,10093.098280905062,59.3098280905062,0.0,12593.745339817739,18.02,0.74,0.0,0.0,7.0,1.8968592631667593
2827,19,train_0566,12108.48206530603,10028.002751163915,52.80027511639146,0.0,12161.282340422422,14.6,0.62,0.0,0.0,7.0,1.8968592631667593
2828,19,train_0375,12208.181987215889,10352.672408436896,85.26724084368962,0.0,12293.449228059579,14.48,0.66,0.0,0.0,7.0,1.8968592631667593
2829,19,train_0076,12585.89334544762,9980.223542679862,48.02235426798616,0.0,12633.915699715606,16.26,0.68,0.0,0.0,7.0,1.8968592631667593
2830,19,train_0553,11909.367216086406,9707.069528162945,20.706952816294507,0.0,11930.0741689027,16.76,0.7,0.0,0.0,7.0,1.8968592631667593
2831,19,train_0477,12461.057020046163,9821.522567653748,32.152256765374844,0.0,12493.209276811538,13.82,0.72,0.0,0.0,7.0,1.8968592631667593
2832,19,train_0180,12729.638234485465,10340.666164647097,84.06661646470967,0.0,12813.704850950175,16.7,0.74,0.0,0.0,7.0,1.8968592631667593
2833,19,train_0327,12771.203184257225,10351.051068678305,85.10510686783056,0.0,12856.308291125055,15.6,0.66,0.0,0.0,7.0,1.8968592631667593
2834,19,train_0232,12277.340544811665,10531.104261357457,103.11042613574574,0.0,12380.45097094741,16.18,0.66,0.0,0.0,7.0,1.8968592631667593
2835,19,train_0326,12258.229668148979,10104.016845465947,60.4016845465947,0.0,12318.631352695573,15.94,0.72,0.0,0.0,7.0,1.8968592631667593
2836,19,train_0579,12525.43745698966,10361.83126396943,86.18312639694305,0.0,12611.620583386604,15.76,0.6,0.0,0.0,7.0,1.8968592631667593
2837,19,train_0539,12400.722863021503,10150.731894025272,65.07318940252718,0.0,12465.79605242403,14.86,0.6,0.0,0.0,7.0,1.8968592631667593
2838,19,train_0129,12916.303110344466,10543.479971122235,104.3479971122235,0.0,13020.65110745669,15.56,0.6,0.0,0.0,7.0,1.8968592631667593
2839,19,train_0583,12355.474589541087,10265.282233695681,76.52822336956815,0.0,12432.002812910656,15.18,0.7,0.0,0.0,7.0,1.8968592631667593
2840,19,train_0262,12615.371446399151,10412.327314173046,91.2327314173046,0.0,12706.604177816456,15.92,0.58,0.0,0.0,7.0,1.8968592631667593
2841,19,train_0422,12913.92411821436,10054.09125220099,55.40912522009894,0.0,12969.33324343446,15.46,0.74,0.0,0.0,7.0,1.8968592631667593
2842,19,train_0458,12486.333463116747,10691.751935314607,119.17519353146072,0.0,12605.508656648208,15.9,0.62,0.0,0.0,7.0,1.8968592631667593
2843,19,train_0289,13388.38232184459,10090.279073522466,59.02790735224662,0.0,13447.410229196837,15.24,0.72,0.0,0.0,7.0,1.8968592631667593
2844,19,train_0273,12833.936951104191,10211.26880931358,71.12688093135803,0.0,12905.06383203555,17.68,0.78,0.0,0.0,7.0,1.8968592631667593
2845,19,train_0273,12770.844157426149,10277.429483763586,77.74294837635863,0.0,12848.587105802508,17.38,0.7,0.0,0.0,7.0,1.8968592631667593
2846,19,train_0517,12689.065089110067,10245.285386266802,74.52853862668017,0.0,12763.593627736747,17.66,0.7,0.0,0.0,7.0,1.8968592631667593
2847,19,train_0231,12578.710232612531,10145.359236610608,64.53592366106078,0.0,12643.246156273592,14.02,0.64,0.0,0.0,7.0,1.8968592631667593
2848,19,train_0167,12604.84747141293,10020.621420369022,52.06214203690215,0.0,12656.909613449832,16.56,0.68,0.0,0.0,7.0,1.8968592631667593
2849,19,train_0216,12554.593332200355,9715.6381089514,21.56381089513998,0.0,12576.157143095495,16.64,0.66,0.0,0.0,7.0,1.8968592631667593
2850,19,train_0116,12289.598212576357,10137.421574662398,63.742157466239775,0.0,12353.340370042597,14.64,0.68,0.0,0.0,7.0,1.8968592631667593
2851,19,train_0234,12397.327526266481,10177.45262917841,67.74526291784096,0.0,12465.072789184322,16.36,0.64,0.0,0.0,7.0,1.8968592631667593
2852,19,train_0068,13353.52420398168,10019.725789808119,51.97257898081189,0.0,13405.496782962493,15.5,0.82,0.0,0.0,7.0,1.8968592631667593
2853,19,train_0053,12553.35944677995,10335.623577731512,83.56235777315123,0.0,12636.921804553102,15.52,0.7,0.0,0.0,7.0,1.8968592631667593
2854,19,train_0434,12938.987904010126,10164.123919530532,66.41239195305316,0.0,13005.40029596318,15.6,0.76,0.0,0.0,7.0,1.8968592631667593
2855,19,train_0046,12313.60299927131,9722.880813104905,22.288081310490455,0.0,12335.891080581801,15.88,0.68,0.0,0.0,7.0,1.8968592631667593
2856,19,train_0340,12435.92840753688,9934.631746030484,43.46317460304836,0.0,12479.391582139928,18.26,0.74,0.0,0.0,7.0,1.8968592631667593
2857,19,train_0467,13015.910413722864,10321.00366224105,82.10036622410499,0.0,13098.01077994697,15.94,0.58,0.0,0.0,7.0,1.8968592631667593
2858,19,train_0434,12859.546392148906,10631.65339573713,113.16533957371303,0.0,12972.711731722618,14.68,0.7,0.0,0.0,7.0,1.8968592631667593
2859,19,train_0267,12190.722894146009,10213.879460209806,71.3879460209806,0.0,12262.11084016699,15.9,0.76,0.0,0.0,7.0,1.8968592631667593
2860,19,train_0116,12379.598436171065,10104.86161742025,60.486161742025075,0.0,12440.08459791309,15.48,0.66,0.0,0.0,7.0,1.8968592631667593
2861,19,train_0558,13081.901605615434,10670.06192466859,117.00619246685892,0.0,13198.907798082293,14.04,0.6,0.0,0.0,7.0,1.8968592631667593
2862,19,train_0501,12528.93496609537,10294.453946027787,79.44539460277866,0.0,12608.38036069815,16.48,0.68,0.0,0.0,7.0,1.8968592631667593
2863,19,train_0367,12546.776651208867,10036.388700260062,53.63887002600623,0.0,12600.415521234874,15.48,0.68,0.0,0.0,7.0,1.8968592631667593
2864,19,train_0052,12947.033463017806,10252.286975702551,75.22869757025511,0.0,13022.262160588061,14.98,0.64,0.0,0.0,7.0,1.8968592631667593
2865,19,train_0021,12660.030440750463,10434.588259435786,93.45882594357863,0.0,12753.489266694041,17.2,0.66,0.0,0.0,7.0,1.8968592631667593
2866,19,train_0189,12391.523486346872,10177.276555606451,67.72765556064515,0.0,12459.251141907518,14.16,0.7,0.0,0.0,7.0,1.8968592631667593
2867,19,train_0094,12031.128556597263,9839.614466202525,33.96144662025254,0.0,12065.090003217516,14.82,0.74,0.0,0.0,7.0,1.8968592631667593
2868,19,train_0516,12759.558684992222,10201.880635292524,70.1880635292524,0.0,12829.746748521475,14.36,0.64,0.0,0.0,7.0,1.8968592631667593
2869,19,train_0123,12238.440552177472,10673.306966827986,117.33069668279859,0.0,12355.77124886027,13.96,0.66,0.0,0.0,7.0,1.8968592631667593
2870,19,train_0169,11954.10448281045,10148.694254158734,64.86942541587341,0.0,12018.973908226322,16.68,0.7,0.0,0.0,7.0,1.8968592631667593
2871,19,train_0585,12757.82089408744,10011.929345085635,51.19293450856349,0.0,12809.013828596002,13.78,0.64,0.0,0.0,7.0,1.8968592631667593
2872,19,train_0490,12231.479362793121,9924.430136828007,42.44301368280067,0.0,12273.922376475923,15.88,0.62,0.0,0.0,7.0,1.8968592631667593
2873,19,train_0131,13375.039909101135,10208.259806478838,70.82598064788381,0.0,13445.865889749019,17.58,0.76,0.0,0.0,7.0,1.8968592631667593
2874,19,train_0230,12526.53205255538,10182.778121554147,68.27781215541472,0.0,12594.809864710794,15.32,0.68,0.0,0.0,7.0,1.8968592631667593
2875,19,train_0309,12705.449095805048,10177.779061615696,67.77790616156963,0.0,12773.227001966618,14.4,0.66,0.0,0.0,7.0,1.8968592631667593
2876,19,train_0398,12283.499329801205,10034.388294978395,53.43882949783947,0.0,12336.938159299045,14.94,0.56,0.0,0.0,7.0,1.8968592631667593
2877,19,train_0561,12917.935799027216,10033.852345873507,53.385234587350716,0.0,12971.321033614568,16.48,0.74,0.0,0.0,7.0,1.8968592631667593
2878,19,train_0522,12513.735920022287,10506.910428195748,100.6910428195748,0.0,12614.426962841862,16.3,0.7,0.0,0.0,7.0,1.8968592631667593
2879,19,train_0586,12269.970398520207,10292.092300005523,79.20923000055228,0.0,12349.179628520758,15.78,0.58,0.0,0.0,7.0,1.8968592631667593
2880,19,train_0024,12534.652478584587,9469.534187971512,-3.046581202848756,3.046581202848756,12531.605897381738,17.06,0.76,0.0,0.0,7.0,1.8968592631667593
2881,19,train_0141,13030.873673199265,10084.685374321398,58.46853743213978,0.0,13089.342210631405,13.72,0.64,0.0,0.0,7.0,1.8968592631667593
2882,19,train_0337,12160.813162708131,9975.13702158325,47.51370215832503,0.0,12208.326864866456,16.26,0.76,0.0,0.0,7.0,1.8968592631667593
2883,19,train_0029,12192.274017199714,10285.769768585433,78.57697685854328,0.0,12270.850994058257,15.86,0.66,0.0,0.0,7.0,1.8968592631667593
2884,19,train_0213,12700.40053703374,10003.665353991391,50.36653539913914,0.0,12750.767072432878,17.1,0.78,0.0,0.0,7.0,1.8968592631667593
2885,19,train_0092,12910.801122051398,9931.05927190897,43.105927190896914,0.0,12953.907049242294,16.26,0.54,0.0,0.0,7.0,1.8968592631667593
2886,19,train_0559,12424.83069810476,10584.17742709699,108.4177427096991,0.0,12533.24844081446,17.0,0.8,0.0,0.0,7.0,1.8968592631667593
2887,19,train_0037,12942.703993037081,10436.281273153709,93.62812731537088,0.0,13036.332120352452,18.22,0.7,0.0,0.0,7.0,1.8968592631667593
2888,19,train_0089,12873.762590217364,10296.68242016117,79.66824201611708,0.0,12953.430832233482,16.82,0.74,0.0,0.0,7.0,1.8968592631667593
2889,19,train_0117,12305.8740641903,9878.324818859046,37.8324818859046,0.0,12343.706546076206,16.74,0.64,0.0,0.0,7.0,1.8968592631667593
2890,19,train_0089,12712.047194578457,9967.876594447067,46.7876594447067,0.0,12758.834854023164,16.04,0.66,0.0,0.0,7.0,1.8968592631667593
2891,19,train_0341,12675.579103056345,10268.672977591039,76.8672977591039,0.0,12752.446400815448,16.28,0.66,0.0,0.0,7.0,1.8968592631667593
2892,19,train_0218,12967.838686644784,10092.189384037541,59.21893840375415,0.0,13027.057625048537,16.6,0.78,0.0,0.0,7.0,1.8968592631667593
2893,19,train_0547,12805.824577537549,10733.98131303508,123.39813130350795,0.0,12929.222708841056,16.8,0.64,0.0,0.0,7.0,1.8968592631667593
2894,19,train_0156,12395.215203717686,10096.51940722,59.65194072199993,0.0,12454.867144439686,17.16,0.72,0.0,0.0,7.0,1.8968592631667593
2895,19,train_0322,12088.090962916121,10238.40114032309,73.84011403230907,0.0,12161.931076948431,15.9,0.6,0.0,0.0,7.0,1.8968592631667593
2896,19,train_0396,12706.731176386118,10030.759871108487,53.07598711084866,0.0,12759.807163496967,13.74,0.7,0.0,0.0,7.0,1.8968592631667593
2897,19,train_0375,12525.42950424894,10411.38252036208,91.138252036208,0.0,12616.567756285147,15.72,0.78,0.0,0.0,7.0,1.8968592631667593
2898,19,train_0477,12351.891289789768,9947.570758975056,44.75707589750564,0.0,12396.648365687273,13.86,0.68,0.0,0.0,7.0,1.8968592631667593
2899,19,train_0121,12295.617696757296,10040.177054263768,54.01770542637678,0.0,12349.635402183672,15.72,0.7,0.0,0.0,7.0,1.8968592631667593
2900,19,train_0304,13035.02598540093,10679.483351601222,117.94833516012223,0.0,13152.974320561052,16.64,0.6,0.0,0.0,7.0,1.8968592631667593
2901,19,train_0480,12903.921668324107,10335.592056120619,83.55920561206186,0.0,12987.480873936169,15.58,0.64,0.0,0.0,7.0,1.8968592631667593
2902,19,train_0517,12724.357554939006,10168.458984363311,66.84589843633113,0.0,12791.203453375338,16.18,0.58,0.0,0.0,7.0,1.8968592631667593
2903,19,train_0370,12900.379389507554,9876.671156676675,37.66711566766753,0.0,12938.046505175222,15.34,0.72,0.0,0.0,7.0,1.8968592631667593
2904,19,train_0391,12743.330493249865,9870.649319469372,37.064931946937214,0.0,12780.395425196803,15.34,0.62,0.0,0.0,7.0,1.8968592631667593
2905,19,train_0518,12705.204868100755,9966.580589105062,46.65805891050623,0.0,12751.862927011261,15.06,0.58,0.0,0.0,7.0,1.8968592631667593
2906,19,train_0374,12889.993174755218,10023.108530850757,52.31085308507573,0.0,12942.304027840293,17.2,0.52,0.0,0.0,7.0,1.8968592631667593
2907,19,train_0569,12581.038473566827,9822.545212491528,32.25452124915282,0.0,12613.29299481598,15.96,0.76,0.0,0.0,7.0,1.8968592631667593
2908,19,train_0076,12672.98881375453,10097.022270631756,59.702227063175634,0.0,12732.691040817705,16.46,0.66,0.0,0.0,7.0,1.8968592631667593
2909,19,train_0208,12576.879539600584,10019.03409192231,51.90340919223109,0.0,12628.782948792816,14.48,0.82,0.0,0.0,7.0,1.8968592631667593
2910,19,train_0067,12507.798711648318,9659.201019470365,15.920101947036528,0.0,12523.718813595355,18.3,0.84,0.0,0.0,7.0,1.8968592631667593
2911,19,train_0054,12451.774004630313,10465.504457573701,96.55044575737011,0.0,12548.324450387683,15.46,0.8,0.0,0.0,7.0,1.8968592631667593
2912,20,train_0283,12737.448746734366,10128.626997663512,62.86269976635122,0.0,12800.311446500717,17.24,0.56,0.0,0.0,7.0,1.8968592631667593
2913,20,train_0135,13013.355128624818,10085.228192619441,58.5228192619441,0.0,13071.877947886762,16.72,0.6,0.0,0.0,7.0,1.8968592631667593
2914,20,train_0244,12361.043768058898,10347.165614838113,84.71656148381135,0.0,12445.76032954271,15.98,0.56,0.0,0.0,7.0,1.8968592631667593
2915,20,train_0262,12658.43722350258,10330.77265922054,83.077265922054,0.0,12741.514489424635,16.02,0.62,0.0,0.0,7.0,1.8968592631667593
2916,20,train_0372,12672.807578955777,10285.76161900493,78.57616190049303,0.0,12751.38374085627,16.08,0.66,0.0,0.0,7.0,1.8968592631667593
2917,20,train_0567,13771.63437332679,10172.069996503193,67.20699965031928,0.0,13838.84137297711,15.94,0.7,0.0,0.0,7.0,1.8968592631667593
2918,20,train_0509,12075.796437452742,10072.652988274818,57.26529882748182,0.0,12133.061736280224,13.66,0.8,0.0,0.0,7.0,1.8968592631667593
2919,20,train_0226,11931.9215653979,10066.020343220414,56.60203432204144,0.0,11988.523599719942,15.28,0.64,0.0,0.0,7.0,1.8968592631667593
2920,20,train_0195,12630.845977330338,10532.514112355471,103.25141123554714,0.0,12734.097388565886,17.78,0.66,0.0,0.0,7.0,1.8968592631667593
2921,20,train_0462,12718.084527608618,10208.328023236048,70.83280232360485,0.0,12788.917329932223,17.0,0.68,0.0,0.0,7.0,1.8968592631667593
2922,20,train_0074,12779.74255601411,10339.186846172772,83.91868461727718,0.0,12863.661240631387,15.88,0.68,0.0,0.0,7.0,1.8968592631667593
2923,20,train_0324,12569.668628172387,10094.520684489802,59.452068448980214,0.0,12629.120696621367,15.38,0.6,0.0,0.0,7.0,1.8968592631667593
2924,20,train_0253,12133.867708228778,10022.551498622586,52.25514986225863,0.0,12186.122858091036,17.74,0.62,0.0,0.0,7.0,1.8968592631667593
2925,20,train_0109,12662.969447940535,10237.50368699996,73.75036869999603,0.0,12736.71981664053,17.06,0.72,0.0,0.0,7.0,1.8968592631667593
2926,20,train_0369,12305.461616572367,10111.568628442674,61.15686284426738,0.0,12366.618479416635,13.68,0.66,0.0,0.0,7.0,1.8968592631667593
2927,20,train_0192,12689.313620002875,10420.764661103123,92.07646611031232,0.0,12781.390086113188,16.5,0.7,0.0,0.0,7.0,1.8968592631667593
2928,20,train_0111,12390.052651499302,9960.451182815763,46.04511828157629,0.0,12436.097769780878,14.58,0.76,0.0,0.0,7.0,1.8968592631667593
2929,20,train_0391,12668.163392017974,9881.221244761906,38.122124476190585,0.0,12706.285516494165,15.82,0.54,0.0,0.0,7.0,1.8968592631667593
2930,20,train_0104,12137.22867310411,10404.536575603233,90.45365756032334,0.0,12227.682330664433,15.72,0.64,0.0,0.0,7.0,1.8968592631667593
2931,20,train_0403,12882.32340975699,10185.082172286511,68.50821722865112,0.0,12950.83162698564,13.46,0.68,0.0,0.0,7.0,1.8968592631667593
2932,20,train_0097,12730.2645936568,9774.228148350889,27.422814835088868,0.0,12757.687408491889,17.92,0.66,0.0,0.0,7.0,1.8968592631667593
2933,20,train_0260,12395.25286386891,9865.495777081524,36.549577708152356,0.0,12431.802441577061,17.52,0.5,0.0,0.0,7.0,1.8968592631667593
2934,20,train_0484,12960.846011922888,10001.45044556154,50.14504455615406,0.0,13010.99105647904,13.3,0.72,0.0,0.0,7.0,1.8968592631667593
2935,20,train_0137,12497.994564829307,10228.510442052311,72.85104420523112,0.0,12570.845609034539,16.56,0.68,0.0,0.0,7.0,1.8968592631667593
2936,20,train_0460,12750.83386689147,10022.055821694321,52.20558216943209,0.0,12803.039449060901,14.08,0.58,0.0,0.0,7.0,1.8968592631667593
2937,20,train_0433,12426.330231172029,9827.078439509369,32.707843950936876,0.0,12459.038075122966,15.34,0.66,0.0,0.0,7.0,1.8968592631667593
2938,20,train_0541,12388.70705937064,10465.213796579257,96.52137965792572,0.0,12485.228439028566,16.7,0.6,0.0,0.0,7.0,1.8968592631667593
2939,20,train_0101,12397.868221405013,10299.573780801642,79.9573780801642,0.0,12477.825599485177,16.44,0.68,0.0,0.0,7.0,1.8968592631667593
2940,20,train_0429,12686.416906618324,10507.860247048238,100.78602470482383,0.0,12787.202931323147,15.84,0.62,0.0,0.0,7.0,1.8968592631667593
2941,20,train_0562,12419.688734792639,10274.588105031547,77.45881050315475,0.0,12497.147545295793,15.44,0.68,0.0,0.0,7.0,1.8968592631667593
2942,20,train_0457,12719.647497535736,10007.397559988394,50.73975599883943,0.0,12770.387253534576,15.46,0.72,0.0,0.0,7.0,1.8968592631667593
2943,20,train_0112,12548.167856806422,10178.575107039393,67.85751070393927,0.0,12616.025367510361,18.14,0.66,0.0,0.0,7.0,1.8968592631667593
2944,20,train_0493,12352.112647472644,9926.107086302714,42.61070863027144,0.0,12394.723356102915,16.92,0.7,0.0,0.0,7.0,1.8968592631667593
2945,20,train_0064,12793.571286256687,10276.102012122501,77.6102012122501,0.0,12871.181487468937,16.94,0.62,0.0,0.0,7.0,1.8968592631667593
2946,20,train_0353,12540.563324623572,9891.889791354606,39.18897913546061,0.0,12579.752303759033,15.94,0.78,0.0,0.0,7.0,1.8968592631667593
2947,20,train_0298,12041.840964700132,9653.446073182435,15.34460731824347,0.0,12057.185572018376,15.98,0.6,0.0,0.0,7.0,1.8968592631667593
2948,20,train_0318,12556.633215579408,10059.428768060963,55.94287680609632,0.0,12612.576092385505,18.94,0.58,0.0,0.0,7.0,1.8968592631667593
2949,20,train_0311,12620.949529236423,10084.487681310056,58.448768131005636,0.0,12679.398297367428,15.74,0.64,0.0,0.0,7.0,1.8968592631667593
2950,20,train_0018,12751.82798417015,10325.931387143562,82.59313871435626,0.0,12834.421122884505,14.64,0.76,0.0,0.0,7.0,1.8968592631667593
2951,20,train_0304,12906.09781541783,11035.887694205074,153.5887694205074,0.0,13059.686584838337,17.1,0.7,0.0,0.0,7.0,1.8968592631667593
2952,20,train_0562,12531.779295830578,10121.27861503309,62.127861503309035,0.0,12593.907157333888,16.1,0.64,0.0,0.0,7.0,1.8968592631667593
2953,20,train_0262,12716.752899886971,10491.825438258547,99.18254382585474,0.0,12815.935443712826,15.06,0.52,0.0,0.0,7.0,1.8968592631667593
2954,20,train_0166,12324.802498922327,10029.708633792146,52.97086337921465,0.0,12377.773362301541,13.22,0.68,0.0,0.0,7.0,1.8968592631667593
2955,20,train_0596,12152.487702480763,10479.838065687803,97.98380656878035,0.0,12250.471509049543,16.42,0.6,0.0,0.0,7.0,1.8968592631667593
2956,20,train_0059,12404.649734472066,10318.028499089913,81.80284990899128,0.0,12486.452584381057,15.82,0.74,0.0,0.0,7.0,1.8968592631667593
2957,20,train_0291,12841.594746636787,10331.940353035316,83.19403530353156,0.0,12924.788781940319,16.8,0.64,0.0,0.0,7.0,1.8968592631667593
2958,20,train_0307,12425.276954311546,10175.157907334386,67.51579073343855,0.0,12492.792745044984,16.58,0.74,0.0,0.0,7.0,1.8968592631667593
2959,20,train_0286,12645.783409358772,10446.859354314827,94.68593543148273,0.0,12740.469344790254,14.54,0.5,0.0,0.0,7.0,1.8968592631667593
2960,20,train_0553,11962.854739145723,9504.359967262058,0.435996726205849,0.0,11963.29073587193,17.42,0.82,0.0,0.0,7.0,1.8968592631667593
2961,20,train_0253,12115.854224529425,10053.23059540871,55.323059540870965,0.0,12171.177284070296,17.92,0.6,0.0,0.0,7.0,1.8968592631667593
2962,20,train_0583,12487.731799142975,10255.386706917527,75.53867069175267,0.0,12563.270469834728,16.04,0.64,0.0,0.0,7.0,1.8968592631667593
2963,20,train_0040,12649.08348103674,10682.511037597058,118.25110375970581,0.0,12767.334584796445,17.54,0.72,0.0,0.0,7.0,1.8968592631667593
2964,20,train_0440,12682.365332358755,10147.068121369144,64.70681213691442,0.0,12747.072144495669,16.44,0.6,0.0,0.0,7.0,1.8968592631667593
2965,20,train_0355,12820.676620852591,9848.126211968582,34.81262119685817,0.0,12855.489242049449,16.0,0.64,0.0,0.0,7.0,1.8968592631667593
2966,20,train_0144,12715.826706638225,10713.087324133485,121.30873241334848,0.0,12837.135439051573,15.14,0.68,0.0,0.0,7.0,1.8968592631667593
2967,20,train_0136,12530.219842777242,10055.82431577705,55.58243157770503,0.0,12585.802274354946,17.96,0.74,0.0,0.0,7.0,1.8968592631667593
2968,20,train_0431,12381.555400032586,10145.394063067004,64.5394063067004,0.0,12446.094806339286,16.62,0.68,0.0,0.0,7.0,1.8968592631667593
2969,20,train_0382,12543.913915222758,10424.797955883212,92.47979558832122,0.0,12636.393710811079,17.58,0.74,0.0,0.0,7.0,1.8968592631667593
2970,20,train_0366,12554.607067161738,10086.055723712929,58.60557237129288,0.0,12613.21263953303,15.2,0.68,0.0,0.0,7.0,1.8968592631667593
2971,20,train_0030,12242.40694563893,9995.461998399067,49.5461998399067,0.0,12291.953145478836,15.14,0.74,0.0,0.0,7.0,1.8968592631667593
2972,20,train_0358,12573.771216905458,10158.627651256029,65.86276512560289,0.0,12639.63398203106,16.34,0.66,0.0,0.0,7.0,1.8968592631667593
2973,20,train_0588,12396.793835418968,10150.403499728141,65.04034997281416,0.0,12461.834185391783,17.7,0.68,0.0,0.0,7.0,1.8968592631667593
2974,20,train_0010,12326.285875906193,10459.287757033268,95.92877570332676,0.0,12422.21465160952,16.3,0.5,0.0,0.0,7.0,1.8968592631667593
2975,20,train_0281,12778.135597041968,10211.136201245958,71.11362012459577,0.0,12849.249217166564,16.6,0.72,0.0,0.0,7.0,1.8968592631667593
2976,20,train_0296,12990.616846717454,10037.039649209033,53.70396492090331,0.0,13044.320811638358,15.4,0.58,0.0,0.0,7.0,1.8968592631667593
2977,20,train_0538,12965.720169799943,10256.785537770455,75.67855377704545,0.0,13041.398723576987,15.02,0.66,0.0,0.0,7.0,1.8968592631667593
2978,20,train_0169,12230.491610932211,9776.419297645962,27.64192976459617,0.0,12258.133540696806,15.78,0.6,0.0,0.0,7.0,1.8968592631667593
2979,20,train_0285,12465.077707481638,10147.316355837444,64.73163558374436,0.0,12529.809343065383,16.12,0.62,0.0,0.0,7.0,1.8968592631667593
2980,20,train_0430,12383.0925587933,10039.39672883111,53.93967288311106,0.0,12437.03223167641,15.6,0.64,0.0,0.0,7.0,1.8968592631667593
2981,20,train_0036,12299.211987943918,10204.844052918037,70.48440529180371,0.0,12369.696393235721,16.82,0.74,0.0,0.0,7.0,1.8968592631667593
2982,20,train_0480,12822.912586940602,10373.153955896567,87.3153955896567,0.0,12910.227982530258,13.8,0.66,0.0,0.0,7.0,1.8968592631667593
2983,20,train_0493,12116.257201531052,10094.336314939033,59.43363149390334,0.0,12175.690833024955,17.1,0.56,0.0,0.0,7.0,1.8968592631667593
2984,20,train_0431,12417.225258105856,10218.646938572887,71.8646938572887,0.0,12489.089951963146,16.96,0.66,0.0,0.0,7.0,1.8968592631667593
2985,20,train_0388,12809.997710624757,10252.22627522873,75.22262752287297,0.0,12885.22033814763,15.82,0.62,0.0,0.0,7.0,1.8968592631667593
2986,20,train_0448,12415.164386482578,10119.105817258976,61.91058172589765,0.0,12477.074968208475,14.72,0.66,0.0,0.0,7.0,1.8968592631667593
2987,20,train_0469,12466.876521117381,10627.11397336572,112.71139733657202,0.0,12579.587918453954,14.28,0.66,0.0,0.0,7.0,1.8968592631667593
2988,20,train_0542,12417.666728289485,10051.878236475612,55.18782364756117,0.0,12472.854551937045,15.28,0.62,0.0,0.0,7.0,1.8968592631667593
2989,20,train_0256,12789.767329913604,10260.154650797822,76.01546507978219,0.0,12865.782794993385,17.1,0.68,0.0,0.0,7.0,1.8968592631667593
2990,20,train_0273,12200.17895919078,10511.206962675706,101.12069626757057,0.0,12301.299655458351,16.22,0.68,0.0,0.0,7.0,1.8968592631667593
2991,20,train_0382,12455.92286056323,10319.354237018204,81.93542370182041,0.0,12537.85828426505,16.1,0.72,0.0,0.0,7.0,1.8968592631667593
2992,20,train_0115,12755.08332171659,10508.432523730695,100.84325237306949,0.0,12855.926574089659,15.6,0.7,0.0,0.0,7.0,1.8968592631667593
2993,20,train_0513,12649.35352091457,10103.704105329576,60.370410532957614,0.0,12709.723931447528,16.34,0.76,0.0,0.0,7.0,1.8968592631667593
2994,20,train_0462,12791.887804199207,10311.335088714764,81.13350887147645,0.0,12873.021313070683,16.6,0.84,0.0,0.0,7.0,1.8968592631667593
2995,20,train_0378,12526.154949754287,10633.412958551318,113.34129585513183,0.0,12639.49624560942,17.24,0.6,0.0,0.0,7.0,1.8968592631667593
2996,20,train_0180,12498.41390002504,10504.088409090426,100.40884090904257,0.0,12598.822740934082,17.18,0.78,0.0,0.0,7.0,1.8968592631667593
2997,20,train_0208,12597.231468310845,10188.407638201803,68.8407638201803,0.0,12666.072232131026,13.2,0.76,0.0,0.0,7.0,1.8968592631667593
2998,20,train_0260,12146.215608800265,10018.96364395921,51.89636439592105,0.0,12198.111973196186,16.24,0.78,0.0,0.0,7.0,1.8968592631667593
2999,20,train_0397,12428.210849254372,10116.114083613924,61.61140836139239,0.0,12489.822257615764,16.1,0.56,0.0,0.0,7.0,1.8968592631667593
3000,20,train_0466,12890.869378635602,9967.653771058154,46.765377105815425,0.0,12937.634755741417,16.1,0.62,0.0,0.0,7.0,1.8968592631667593
3001,20,train_0403,12587.624466420937,10566.68901962237,106.66890196223704,0.0,12694.293368383174,14.02,0.68,0.0,0.0,7.0,1.8968592631667593
3002,20,train_0557,12300.104286469135,9903.828546105222,40.382854610522195,0.0,12340.487141079657,16.32,0.64,0.0,0.0,7.0,1.8968592631667593
3003,20,train_0576,12651.738014720937,9825.577738568578,32.557773856857786,0.0,12684.295788577794,14.76,0.74,0.0,0.0,7.0,1.8968592631667593
3004,20,train_0422,12347.154834130422,10292.367556318903,79.23675563189028,0.0,12426.391589762312,15.82,0.64,0.0,0.0,7.0,1.8968592631667593
3005,20,train_0222,12362.486628504652,10325.069437748778,82.50694377487781,0.0,12444.993572279529,17.6,0.66,0.0,0.0,7.0,1.8968592631667593
3006,20,train_0359,12647.054671562033,10371.66725040394,87.16672504039398,0.0,12734.221396602426,15.42,0.68,0.0,0.0,7.0,1.8968592631667593
3007,20,train_0255,12280.468263647275,9718.420755221963,21.84207552219632,0.0,12302.310339169471,14.64,0.78,0.0,0.0,7.0,1.8968592631667593
