episode,update,scenario_id,electricity_cost,carbon_emissions_kg,carbon_trading_cost,carbon_trading_revenue,system_cost,mean_start_delay_slots,remote_subtask_fraction,fallback_actions,capacity_violations,decision_epochs,carbon_lambda
0,0,train_0511,12361.843511221781,10213.642256069532,71.36422560695318,0.0,12433.207736828734,15.12,0.62,0.0,0.0,5.0,0.6449628755448891
1,0,train_0107,12715.962243612412,10471.083245320067,97.10832453200675,0.0,12813.070568144418,16.34,0.62,0.0,0.0,5.0,0.6449628755448891
2,0,train_0015,12399.216724677064,10258.554655134607,75.8554655134607,0.0,12475.072190190525,15.34,0.76,0.0,0.0,5.0,0.6449628755448891
3,0,train_0383,12052.743843954291,10096.371670372777,59.63716703727769,0.0,12112.381010991568,16.48,0.78,0.0,0.0,5.0,0.6449628755448891
4,0,train_0219,12237.659285167705,10562.295305643342,106.22953056433417,0.0,12343.88881573204,16.98,0.74,0.0,0.0,5.0,0.6449628755448891
5,0,train_0280,12651.283608646661,10316.749549378017,81.67495493780172,0.0,12732.958563584463,16.68,0.66,0.0,0.0,5.0,0.6449628755448891
6,0,train_0047,12354.693583549875,10080.941435813707,58.09414358137074,0.0,12412.787727131246,14.74,0.7,0.0,0.0,5.0,0.6449628755448891
7,0,train_0222,12673.302247628999,10374.51194987372,87.45119498737205,0.0,12760.753442616371,17.52,0.6,0.0,0.0,5.0,0.6449628755448891
8,0,train_0386,12440.544463570966,10433.551987631945,93.3551987631945,0.0,12533.89966233416,13.58,0.58,0.0,0.0,5.0,0.6449628755448891
9,0,train_0212,12083.231044815648,10353.66774373901,85.366774373901,0.0,12168.597819189548,14.92,0.6,0.0,0.0,5.0,0.6449628755448891
10,0,train_0498,12374.843375614437,10657.232561093864,115.72325610938643,0.0,12490.566631723823,15.0,0.62,0.0,0.0,5.0,0.6449628755448891
11,0,train_0474,12350.938125096254,10674.918451614245,117.49184516142451,0.0,12468.429970257679,15.22,0.56,0.0,0.0,5.0,0.6449628755448891
12,0,train_0422,12572.394899700303,10612.984251438258,111.29842514382581,0.0,12683.69332484413,15.14,0.56,0.0,0.0,5.0,0.6449628755448891
13,0,train_0543,12644.096463848962,10639.609098163593,113.96090981635935,0.0,12758.057373665322,16.06,0.5,0.0,0.0,5.0,0.6449628755448891
14,0,train_0432,12427.353083743095,10221.755901341334,72.17559013413339,0.0,12499.528673877228,15.3,0.84,0.0,0.0,5.0,0.6449628755448891
15,0,train_0106,12577.667099855964,10839.20861400168,133.920861400168,0.0,12711.587961256131,17.76,0.54,0.0,0.0,5.0,0.6449628755448891
16,0,train_0515,12029.031422250708,10541.53205902404,104.15320590240408,0.0,12133.184628153112,17.46,0.62,0.0,0.0,5.0,0.6449628755448891
17,0,train_0391,12255.68049001997,10366.758528389437,86.67585283894368,0.0,12342.356342858913,15.36,0.68,0.0,0.0,5.0,0.6449628755448891
18,0,train_0059,12482.298054094048,10728.021605797538,122.80216057975377,0.0,12605.100214673801,15.14,0.64,0.0,0.0,5.0,0.6449628755448891
19,0,train_0178,12255.264899794834,10219.938117420474,71.99381174204737,0.0,12327.258711536882,15.7,0.62,0.0,0.0,5.0,0.6449628755448891
20,0,train_0099,12177.777647186591,9957.966186132697,45.79661861326968,0.0,12223.57426579986,16.84,0.56,0.0,0.0,5.0,0.6449628755448891
21,0,train_0580,12801.360097221534,10657.861610073993,115.78616100739929,0.0,12917.146258228933,16.18,0.68,0.0,0.0,5.0,0.6449628755448891
22,0,train_0436,12426.505500844436,10579.918486982122,107.99184869821221,0.0,12534.497349542647,16.56,0.8,0.0,0.0,5.0,0.6449628755448891
23,0,train_0551,12079.162625802066,10254.443537719942,75.44435377199424,0.0,12154.60697957406,14.92,0.62,0.0,0.0,5.0,0.6449628755448891
24,0,train_0169,12115.720928724837,10141.24945610089,64.12494561008899,0.0,12179.845874334926,15.84,0.66,0.0,0.0,5.0,0.6449628755448891
25,0,train_0381,12031.42737817718,10272.735557950135,77.27355579501346,0.0,12108.700933972194,15.68,0.64,0.0,0.0,5.0,0.6449628755448891
26,0,train_0362,12133.931647963676,10235.009346223043,73.50093462230434,0.0,12207.432582585981,15.78,0.68,0.0,0.0,5.0,0.6449628755448891
27,0,train_0451,12892.813980273646,10383.629311745652,88.36293117456518,0.0,12981.17691144821,17.26,0.74,0.0,0.0,5.0,0.6449628755448891
28,0,train_0070,11786.730533370777,10086.24189728393,58.62418972839296,0.0,11845.35472309917,14.52,0.58,0.0,0.0,5.0,0.6449628755448891
29,0,train_0309,12414.225951667879,10412.752118125265,91.2752118125265,0.0,12505.501163480405,14.44,0.68,0.0,0.0,5.0,0.6449628755448891
30,0,train_0386,12473.688898546929,10218.57261820286,71.85726182028593,0.0,12545.546160367214,15.06,0.6,0.0,0.0,5.0,0.6449628755448891
31,0,train_0495,12067.30425486597,10591.209610751735,109.12096107517355,0.0,12176.425215941144,19.12,0.82,0.0,0.0,5.0,0.6449628755448891
32,0,train_0393,12195.160680697945,10608.190627609638,110.81906276096379,0.0,12305.979743458909,13.52,0.54,0.0,0.0,5.0,0.6449628755448891
33,0,train_0269,11871.221015875642,9838.694956295472,33.86949562954724,0.0,11905.09051150519,14.62,0.54,0.0,0.0,5.0,0.6449628755448891
34,0,train_0276,12086.314598332332,10330.819922444978,83.08199224449783,0.0,12169.39659057683,13.42,0.72,0.0,0.0,5.0,0.6449628755448891
35,0,train_0203,12731.578036576873,10954.284155069643,145.4284155069643,0.0,12877.006452083837,14.26,0.58,0.0,0.0,5.0,0.6449628755448891
36,0,train_0094,11966.319405801569,9918.3436246368,41.83436246368001,0.0,12008.153768265249,18.18,0.6,0.0,0.0,5.0,0.6449628755448891
37,0,train_0166,12200.12930575487,10308.767733202425,80.8767733202425,0.0,12281.006079075112,14.92,0.66,0.0,0.0,5.0,0.6449628755448891
38,0,train_0087,12548.711739591716,10731.319079411722,123.13190794117219,0.0,12671.843647532887,15.6,0.62,0.0,0.0,5.0,0.6449628755448891
39,0,train_0135,12470.28893118983,10433.759309336163,93.3759309336163,0.0,12563.664862123447,16.44,0.64,0.0,0.0,5.0,0.6449628755448891
40,0,train_0512,12503.674275541915,10173.911061701132,67.3911061701132,0.0,12571.065381712027,15.66,0.6,0.0,0.0,5.0,0.6449628755448891
41,0,train_0315,12855.858803321671,10466.706546666715,96.67065466667155,0.0,12952.529457988343,17.3,0.76,0.0,0.0,5.0,0.6449628755448891
42,0,train_0054,12549.334083950635,10102.110124259216,60.21101242592158,0.0,12609.545096376556,16.54,0.72,0.0,0.0,5.0,0.6449628755448891
43,0,train_0258,12687.109034388555,10918.42088395813,141.84208839581297,0.0,12828.951122784369,15.3,0.64,0.0,0.0,5.0,0.6449628755448891
44,0,train_0162,11757.824536290784,9948.072096121408,44.80720961214084,0.0,11802.631745902925,16.62,0.6,0.0,0.0,5.0,0.6449628755448891
45,0,train_0397,12090.918594320552,10527.417616242858,102.74176162428576,0.0,12193.660355944838,15.76,0.7,0.0,0.0,5.0,0.6449628755448891
46,0,train_0498,12521.653961358683,10694.550794732579,119.45507947325787,0.0,12641.109040831941,16.06,0.64,0.0,0.0,5.0,0.6449628755448891
47,0,train_0007,13240.379406333013,11367.76820408411,186.77682040841103,0.0,13427.156226741425,15.54,0.56,0.0,0.0,5.0,0.6449628755448891
48,0,train_0279,12173.521834387566,10348.565905639221,84.85659056392215,0.0,12258.378424951488,17.58,0.7,0.0,0.0,5.0,0.6449628755448891
49,0,train_0268,12368.355571409353,10661.710994708039,116.1710994708039,0.0,12484.526670880157,15.86,0.7,0.0,0.0,5.0,0.6449628755448891
50,0,train_0594,12295.344617765555,9927.844592798408,42.78445927984085,0.0,12338.129077045396,17.76,0.68,0.0,0.0,5.0,0.6449628755448891
51,0,train_0219,12620.44932382875,10435.397130559562,93.53971305595624,0.0,12713.989036884706,15.78,0.64,0.0,0.0,5.0,0.6449628755448891
52,0,train_0099,11659.430483633596,10355.036325907437,85.50363259074366,0.0,11744.93411622434,18.9,0.66,0.0,0.0,5.0,0.6449628755448891
53,0,train_0117,12242.325904041805,9821.720022538964,32.17200225389643,0.0,12274.4979062957,15.8,0.68,0.0,0.0,5.0,0.6449628755448891
54,0,train_0286,12938.308942158781,10915.605218899607,141.56052188996074,0.0,13079.869464048741,15.66,0.66,0.0,0.0,5.0,0.6449628755448891
55,0,train_0356,12761.353767675148,10260.875729920608,76.08757299206081,0.0,12837.441340667208,16.12,0.62,0.0,0.0,5.0,0.6449628755448891
56,0,train_0195,12703.66593805734,10837.235418476444,133.72354184764444,0.0,12837.389479904985,19.22,0.62,0.0,0.0,5.0,0.6449628755448891
57,0,train_0261,12336.606742947351,10574.481823751994,107.4481823751994,0.0,12444.05492532255,16.32,0.84,0.0,0.0,5.0,0.6449628755448891
58,0,train_0397,11828.831615118055,10566.643944358644,106.66439443586442,0.0,11935.496009553919,15.64,0.7,0.0,0.0,5.0,0.6449628755448891
59,0,train_0179,12367.73102041504,10283.753296883733,78.37532968837331,0.0,12446.106350103413,14.42,0.64,0.0,0.0,5.0,0.6449628755448891
60,0,train_0578,12379.990188535423,10320.415778248982,82.0415778248982,0.0,12462.031766360322,19.72,0.64,0.0,0.0,5.0,0.6449628755448891
61,0,train_0125,11843.872850217136,10280.027887297034,78.0027887297034,0.0,11921.87563894684,17.3,0.54,0.0,0.0,5.0,0.6449628755448891
62,0,train_0561,12324.871525086131,10846.3329737825,134.63329737825006,0.0,12459.504822464382,15.42,0.58,0.0,0.0,5.0,0.6449628755448891
63,0,train_0524,11942.681175502392,10305.568782913953,80.55687829139534,0.0,12023.238053793788,17.44,0.6,0.0,0.0,5.0,0.6449628755448891
64,0,train_0574,12472.094986282726,10580.230245629358,108.02302456293583,0.0,12580.118010845661,14.04,0.72,0.0,0.0,5.0,0.6449628755448891
65,0,train_0478,12464.946236035588,10320.571194035743,82.05711940357433,0.0,12547.003355439163,16.4,0.58,0.0,0.0,5.0,0.6449628755448891
66,0,train_0317,12453.17192069981,10224.670378282573,72.46703782825735,0.0,12525.638958528067,14.06,0.58,0.0,0.0,5.0,0.6449628755448891
67,0,train_0364,12583.253854404937,10480.707624939714,98.07076249397142,0.0,12681.324616898908,18.78,0.62,0.0,0.0,5.0,0.6449628755448891
68,0,train_0124,12385.437847236051,10874.636099437103,137.46360994371025,0.0,12522.901457179762,17.4,0.74,0.0,0.0,5.0,0.6449628755448891
69,0,train_0207,11740.999928314763,10223.318787529466,72.33187875294662,0.0,11813.331807067709,14.3,0.72,0.0,0.0,5.0,0.6449628755448891
70,0,train_0277,12264.080592052303,10297.741776329993,79.77417763299928,0.0,12343.854769685302,15.5,0.7,0.0,0.0,5.0,0.6449628755448891
71,0,train_0568,12788.65745965816,10879.654943893154,137.96549438931544,0.0,12926.622954047474,17.44,0.54,0.0,0.0,5.0,0.6449628755448891
72,0,train_0476,12356.041900155109,10389.578533657936,88.95785336579357,0.0,12444.999753520902,18.46,0.7,0.0,0.0,5.0,0.6449628755448891
73,0,train_0338,12333.53117436602,10560.708690871545,106.07086908715446,0.0,12439.602043453175,15.46,0.62,0.0,0.0,5.0,0.6449628755448891
74,0,train_0357,12115.594314849957,10072.135984724973,57.213598472497324,0.0,12172.807913322455,15.68,0.74,0.0,0.0,5.0,0.6449628755448891
75,0,train_0259,12442.730574215966,10762.051949515579,126.20519495155787,0.0,12568.935769167523,15.42,0.68,0.0,0.0,5.0,0.6449628755448891
76,0,train_0251,12351.845186532062,10421.925738576392,92.19257385763922,0.0,12444.037760389701,13.9,0.64,0.0,0.0,5.0,0.6449628755448891
77,0,train_0540,12558.169907225467,10408.980141348191,90.8980141348191,0.0,12649.067921360285,15.32,0.66,0.0,0.0,5.0,0.6449628755448891
78,0,train_0002,12620.780904029907,10049.269373850213,54.926937385021304,0.0,12675.70784141493,13.86,0.68,0.0,0.0,5.0,0.6449628755448891
79,0,train_0191,12372.537774519455,10751.488725396583,125.14887253965827,0.0,12497.686647059112,15.1,0.64,0.0,0.0,5.0,0.6449628755448891
80,0,train_0245,12352.74176791107,10037.885980521427,53.7885980521427,0.0,12406.530365963212,15.94,0.6,0.0,0.0,5.0,0.6449628755448891
81,0,train_0417,12166.134429388705,10207.929290541064,70.7929290541064,0.0,12236.927358442812,15.26,0.64,0.0,0.0,5.0,0.6449628755448891
82,0,train_0247,12327.041220547642,10782.078085915826,128.2078085915826,0.0,12455.249029139224,16.26,0.58,0.0,0.0,5.0,0.6449628755448891
83,0,train_0188,12632.170208590394,10473.158489074664,97.31584890746636,0.0,12729.486057497861,15.54,0.58,0.0,0.0,5.0,0.6449628755448891
84,0,train_0047,12343.122381777477,10065.190332433016,56.51903324330161,0.0,12399.641415020778,14.16,0.66,0.0,0.0,5.0,0.6449628755448891
85,0,train_0156,12400.29189412515,10447.674022873163,94.76740228731633,0.0,12495.059296412466,17.26,0.6,0.0,0.0,5.0,0.6449628755448891
86,0,train_0063,12425.693306243205,10878.540430658219,137.85404306582186,0.0,12563.547349309027,16.06,0.64,0.0,0.0,5.0,0.6449628755448891
87,0,train_0420,12374.152595035514,10360.36757356132,86.03675735613197,0.0,12460.189352391646,15.12,0.62,0.0,0.0,5.0,0.6449628755448891
88,0,train_0256,12544.482105357867,10373.03349703849,87.30334970384902,0.0,12631.785455061716,16.16,0.68,0.0,0.0,5.0,0.6449628755448891
89,0,train_0136,12246.729565491198,10492.17333115809,99.21733311580903,0.0,12345.946898607006,17.8,0.72,0.0,0.0,5.0,0.6449628755448891
90,0,train_0324,12389.426773113571,10194.04132660508,69.40413266050801,0.0,12458.830905774079,14.32,0.66,0.0,0.0,5.0,0.6449628755448891
91,0,train_0295,12467.615129143875,10080.087284819052,58.0087284819052,0.0,12525.62385762578,16.72,0.58,0.0,0.0,5.0,0.6449628755448891
92,0,train_0283,12502.696140567015,10360.856805437776,86.08568054377757,0.0,12588.781821110793,15.9,0.7,0.0,0.0,5.0,0.6449628755448891
93,0,train_0348,12733.794350051865,10404.097811289586,90.40978112895864,0.0,12824.204131180824,16.74,0.72,0.0,0.0,5.0,0.6449628755448891
94,0,train_0375,12531.387486714226,10508.438662243847,100.8438662243847,0.0,12632.23135293861,15.52,0.66,0.0,0.0,5.0,0.6449628755448891
95,0,train_0113,12203.748273529553,10304.581469274368,80.4581469274368,0.0,12284.206420456989,16.46,0.74,0.0,0.0,5.0,0.6449628755448891
96,0,train_0093,12055.224197423213,10044.068854721343,54.40688547213431,0.0,12109.631082895346,18.54,0.68,0.0,0.0,5.0,0.6449628755448891
97,0,train_0438,12247.401678155537,10407.44076182062,90.74407618206206,0.0,12338.145754337598,16.4,0.66,0.0,0.0,5.0,0.6449628755448891
98,0,train_0583,12205.11338281837,10403.780186538392,90.37801865383918,0.0,12295.491401472209,16.04,0.58,0.0,0.0,5.0,0.6449628755448891
99,0,train_0329,12378.08413875695,10338.995625166062,83.89956251660624,0.0,12461.983701273557,16.9,0.68,0.0,0.0,5.0,0.6449628755448891
100,0,train_0270,12368.238342708471,10446.24430346888,94.62443034688805,0.0,12462.86277305536,16.16,0.74,0.0,0.0,5.0,0.6449628755448891
101,0,train_0372,12635.889278104172,10724.587684533773,122.45876845337735,0.0,12758.34804655755,17.16,0.76,0.0,0.0,5.0,0.6449628755448891
102,0,train_0020,12770.673344516628,10696.512842412507,119.65128424125069,0.0,12890.324628757879,15.82,0.56,0.0,0.0,5.0,0.6449628755448891
103,0,train_0223,12306.204720656493,10427.199527034458,92.71995270344578,0.0,12398.92467335994,15.42,0.58,0.0,0.0,5.0,0.6449628755448891
104,0,train_0215,12439.895605390011,10749.590696215091,124.95906962150912,0.0,12564.85467501152,16.56,0.66,0.0,0.0,5.0,0.6449628755448891
105,0,train_0252,12078.761995008752,10387.341281256275,88.73412812562748,0.0,12167.496123134379,14.44,0.74,0.0,0.0,5.0,0.6449628755448891
106,0,train_0446,11975.926240302779,10330.867162544226,83.08671625442258,0.0,12059.0129565572,16.4,0.68,0.0,0.0,5.0,0.6449628755448891
107,0,train_0296,12653.064008960515,10365.428342779356,86.54283427793563,0.0,12739.60684323845,15.64,0.68,0.0,0.0,5.0,0.6449628755448891
108,0,train_0513,12262.498059140904,10309.344991666621,80.93449916666214,0.0,12343.432558307566,15.74,0.64,0.0,0.0,5.0,0.6449628755448891
109,0,train_0281,12720.432913887409,10607.025627815738,110.70256278157376,0.0,12831.135476668984,16.14,0.72,0.0,0.0,5.0,0.6449628755448891
110,0,train_0020,12794.184965722474,10781.287477904174,128.1287477904174,0.0,12922.31371351289,13.42,0.68,0.0,0.0,5.0,0.6449628755448891
111,0,train_0405,12847.180904533661,10731.038995438608,123.10389954386083,0.0,12970.284804077522,15.74,0.64,0.0,0.0,5.0,0.6449628755448891
112,0,train_0478,12324.838728358887,10603.883444402378,110.38834444023779,0.0,12435.227072799125,16.64,0.66,0.0,0.0,5.0,0.6449628755448891
113,0,train_0346,12650.851533830457,10733.309374629354,123.33093746293544,0.0,12774.182471293392,15.98,0.62,0.0,0.0,5.0,0.6449628755448891
114,0,train_0562,12094.527215376156,10816.82739785688,131.68273978568797,0.0,12226.209955161845,14.6,0.6,0.0,0.0,5.0,0.6449628755448891
115,0,train_0249,12480.780710213437,10708.707281565967,120.87072815659667,0.0,12601.651438370034,16.16,0.54,0.0,0.0,5.0,0.6449628755448891
116,0,train_0478,12639.988624434685,10283.275117756926,78.32751177569263,0.0,12718.316136210378,16.34,0.68,0.0,0.0,5.0,0.6449628755448891
117,0,train_0001,12281.937398237867,10107.180694552942,60.71806945529425,0.0,12342.655467693161,13.62,0.68,0.0,0.0,5.0,0.6449628755448891
118,0,train_0023,12380.352146355472,9911.141430018017,41.11414300180168,0.0,12421.466289357273,15.64,0.72,0.0,0.0,5.0,0.6449628755448891
119,0,train_0476,12342.505684112206,10469.95004821823,96.99500482182303,0.0,12439.50068893403,19.92,0.66,0.0,0.0,5.0,0.6449628755448891
120,0,train_0524,11864.803169038674,10043.617955640459,54.36179556404586,0.0,11919.16496460272,16.98,0.68,0.0,0.0,5.0,0.6449628755448891
121,0,train_0311,12602.576608891955,10616.83265922208,111.68326592220802,0.0,12714.259874814163,15.92,0.7,0.0,0.0,5.0,0.6449628755448891
122,0,train_0451,12307.909503457424,10805.526990681865,130.55269906818648,0.0,12438.46220252561,16.46,0.6,0.0,0.0,5.0,0.6449628755448891
123,0,train_0195,12797.924254152986,10898.230624861248,139.82306248612477,0.0,12937.74731663911,18.44,0.78,0.0,0.0,5.0,0.6449628755448891
124,0,train_0436,12732.720236493464,10624.454567147794,112.44545671477937,0.0,12845.165693208242,16.4,0.6,0.0,0.0,5.0,0.6449628755448891
125,0,train_0299,12233.747894826005,10410.358175470341,91.0358175470341,0.0,12324.783712373039,14.26,0.66,0.0,0.0,5.0,0.6449628755448891
126,0,train_0182,12690.810927600534,10871.910156816453,137.19101568164533,0.0,12828.00194328218,16.46,0.7,0.0,0.0,5.0,0.6449628755448891
127,0,train_0056,11922.575996528665,10127.26980547489,62.72698054748908,0.0,11985.302977076155,17.2,0.72,0.0,0.0,5.0,0.6449628755448891
128,0,train_0104,12308.739905785227,10434.03195005868,93.40319500586793,0.0,12402.143100791094,17.06,0.6,0.0,0.0,5.0,0.6449628755448891
129,0,train_0542,11995.688055950648,10477.492875928649,97.74928759286486,0.0,12093.437343543514,14.94,0.66,0.0,0.0,5.0,0.6449628755448891
130,0,train_0266,12508.428733537123,10590.362727766114,109.03627277661144,0.0,12617.465006313734,16.22,0.62,0.0,0.0,5.0,0.6449628755448891
131,0,train_0593,12150.693688310997,10528.374043899163,102.83740438991627,0.0,12253.531092700914,14.04,0.68,0.0,0.0,5.0,0.6449628755448891
132,0,train_0211,12390.51410522461,10510.400793012539,101.04007930125391,0.0,12491.554184525865,17.22,0.7,0.0,0.0,5.0,0.6449628755448891
133,0,train_0035,12895.682305151378,10814.214858049841,131.42148580498414,0.0,13027.103790956362,17.9,0.62,0.0,0.0,5.0,0.6449628755448891
134,0,train_0153,12133.258675267942,10517.870671771569,101.78706717715687,0.0,12235.045742445098,17.98,0.56,0.0,0.0,5.0,0.6449628755448891
135,0,train_0214,12191.817355694238,10073.942889029755,57.3942889029755,0.0,12249.211644597213,16.0,0.62,0.0,0.0,5.0,0.6449628755448891
136,0,train_0420,12277.593150155177,10537.917996691089,103.79179966910888,0.0,12381.384949824285,15.62,0.78,0.0,0.0,5.0,0.6449628755448891
137,0,train_0438,11961.670384557317,10688.40437452804,118.84043745280397,0.0,12080.510822010121,17.48,0.66,0.0,0.0,5.0,0.6449628755448891
138,0,train_0442,12781.579769369604,10781.187451580145,128.11874515801446,0.0,12909.69851452762,14.84,0.66,0.0,0.0,5.0,0.6449628755448891
139,0,train_0188,12399.724159862102,10556.370030086375,105.63700300863748,0.0,12505.36116287074,15.18,0.72,0.0,0.0,5.0,0.6449628755448891
140,0,train_0228,12489.59301473103,10138.589599327799,63.85895993277991,0.0,12553.45197466381,14.48,0.68,0.0,0.0,5.0,0.6449628755448891
141,0,train_0340,12524.141416259263,10152.70428951189,65.27042895118903,0.0,12589.411845210452,16.26,0.6,0.0,0.0,5.0,0.6449628755448891
142,0,train_0363,12632.308098260652,10396.604219507983,89.66042195079827,0.0,12721.96852021145,15.24,0.62,0.0,0.0,5.0,0.6449628755448891
143,0,train_0249,12237.385717787445,10755.403189265138,125.54031892651383,0.0,12362.92603671396,16.8,0.52,0.0,0.0,5.0,0.6449628755448891
144,0,train_0114,12471.214525523377,10482.708225918097,98.2708225918097,0.0,12569.485348115188,15.9,0.66,0.0,0.0,5.0,0.6449628755448891
145,0,train_0464,12385.2364194082,10483.8566219317,98.38566219316999,0.0,12483.62208160137,16.32,0.64,0.0,0.0,5.0,0.6449628755448891
146,0,train_0312,12062.854156313919,10447.656636707245,94.76566367072446,0.0,12157.619819984644,15.92,0.68,0.0,0.0,5.0,0.6449628755448891
147,0,train_0575,12921.42669005965,10517.16000760168,101.71600076016803,0.0,13023.14269081982,17.34,0.72,0.0,0.0,5.0,0.6449628755448891
148,0,train_0567,13275.447957229415,10752.396625613525,125.23966256135246,0.0,13400.687619790768,16.86,0.64,0.0,0.0,5.0,0.6449628755448891
149,0,train_0533,12235.183068352617,10003.446868638643,50.34468686386427,0.0,12285.52775521648,17.26,0.7,0.0,0.0,5.0,0.6449628755448891
150,0,train_0576,12402.681155281018,10054.305351097739,55.430535109773885,0.0,12458.111690390791,14.22,0.6,0.0,0.0,5.0,0.6449628755448891
151,0,train_0372,12596.130062701237,10667.775297691032,116.77752976910324,0.0,12712.90759247034,16.84,0.7,0.0,0.0,5.0,0.6449628755448891
152,0,train_0178,12406.889300889368,10254.047054581879,75.40470545818789,0.0,12482.294006347556,14.36,0.78,0.0,0.0,5.0,0.6449628755448891
153,0,train_0096,12715.099165205269,10401.311703834035,90.13117038340351,0.0,12805.230335588672,16.5,0.7,0.0,0.0,5.0,0.6449628755448891
154,0,train_0063,12581.686585057683,10625.520905298627,112.55209052986265,0.0,12694.238675587545,16.0,0.5,0.0,0.0,5.0,0.6449628755448891
155,0,train_0568,12592.809110910657,10667.64968760356,116.764968760356,0.0,12709.574079671012,16.98,0.76,0.0,0.0,5.0,0.6449628755448891
156,0,train_0162,11833.678424832731,10020.162509720318,52.01625097203178,0.0,11885.694675804763,16.28,0.6,0.0,0.0,5.0,0.6449628755448891
157,0,train_0014,12343.828425237261,10592.68571085126,109.26857108512596,0.0,12453.096996322387,18.08,0.62,0.0,0.0,5.0,0.6449628755448891
158,0,train_0022,12502.68447444673,10489.61856174109,98.96185617410902,0.0,12601.646330620839,16.5,0.6,0.0,0.0,5.0,0.6449628755448891
159,0,train_0178,12233.38703769352,10269.100644388329,76.91006443883289,0.0,12310.297102132352,13.92,0.68,0.0,0.0,5.0,0.6449628755448891
160,0,train_0587,12368.496853144483,10202.254504144239,70.2254504144239,0.0,12438.722303558907,16.8,0.58,0.0,0.0,5.0,0.6449628755448891
161,0,train_0168,12431.739108588608,10899.19515783317,139.919515783317,0.0,12571.658624371925,15.68,0.72,0.0,0.0,5.0,0.6449628755448891
162,0,train_0061,12308.924354470895,10647.864021310847,114.78640213108466,0.0,12423.71075660198,16.58,0.54,0.0,0.0,5.0,0.6449628755448891
163,0,train_0403,12800.714377299999,10715.899002977289,121.58990029772886,0.0,12922.304277597728,13.74,0.72,0.0,0.0,5.0,0.6449628755448891
164,0,train_0035,12930.336919586513,11082.00420846363,158.200420846363,0.0,13088.537340432875,16.88,0.7,0.0,0.0,5.0,0.6449628755448891
165,0,train_0292,12506.29647859691,10367.661381604426,86.76613816044265,0.0,12593.062616757354,16.76,0.56,0.0,0.0,5.0,0.6449628755448891
166,0,train_0051,12692.431725757462,10305.877239638041,80.5877239638041,0.0,12773.019449721267,16.28,0.66,0.0,0.0,5.0,0.6449628755448891
167,0,train_0055,12628.79480093325,10371.663823893181,87.1663823893181,0.0,12715.961183322568,15.0,0.68,0.0,0.0,5.0,0.6449628755448891
168,0,train_0216,12181.198773262913,10082.857634527747,58.2857634527747,0.0,12239.484536715689,18.9,0.78,0.0,0.0,5.0,0.6449628755448891
169,0,train_0007,13107.461993060027,10888.845728832941,138.8845728832941,0.0,13246.346565943322,14.84,0.7,0.0,0.0,5.0,0.6449628755448891
170,0,train_0510,13018.656852704502,10459.1060262346,95.91060262346001,0.0,13114.567455327962,16.74,0.68,0.0,0.0,5.0,0.6449628755448891
171,0,train_0362,12100.116249978317,10337.176243609681,83.71762436096816,0.0,12183.833874339285,16.56,0.6,0.0,0.0,5.0,0.6449628755448891
172,0,train_0560,12203.265831915225,10593.30931887147,109.33093188714702,0.0,12312.596763802372,17.56,0.64,0.0,0.0,5.0,0.6449628755448891
173,0,train_0294,12143.166694668977,10361.70212374962,86.17021237496192,0.0,12229.336907043938,14.7,0.64,0.0,0.0,5.0,0.6449628755448891
174,0,train_0333,12666.736698029079,10670.780913793873,117.0780913793873,0.0,12783.814789408467,15.2,0.76,0.0,0.0,5.0,0.6449628755448891
175,0,train_0360,12397.98528265121,10076.779295603828,57.677929560382836,0.0,12455.663212211593,15.06,0.64,0.0,0.0,5.0,0.6449628755448891
176,0,train_0279,12473.95526289349,10556.94080042952,105.69408004295201,0.0,12579.649342936442,15.74,0.72,0.0,0.0,5.0,0.6449628755448891
177,0,train_0338,12570.749046822013,10307.167770410728,80.71677704107279,0.0,12651.465823863085,15.9,0.7,0.0,0.0,5.0,0.6449628755448891
178,0,train_0343,13110.812078215322,10810.745915785574,131.07459157855737,0.0,13241.88666979388,16.98,0.64,0.0,0.0,5.0,0.6449628755448891
179,0,train_0534,12214.354921383721,10603.274219812012,110.32742198120123,0.0,12324.682343364922,16.02,0.76,0.0,0.0,5.0,0.6449628755448891
180,0,train_0182,12833.967492815309,10550.50590319532,105.05059031953206,0.0,12939.01808313484,14.78,0.64,0.0,0.0,5.0,0.6449628755448891
181,0,train_0551,12078.09213232046,10284.752892432025,78.4752892432025,0.0,12156.567421563663,15.82,0.7,0.0,0.0,5.0,0.6449628755448891
182,0,train_0103,12164.479532890757,10347.892339320675,84.78923393206752,0.0,12249.268766822825,16.24,0.76,0.0,0.0,5.0,0.6449628755448891
183,0,train_0112,12486.882423085648,10391.260447982306,89.12604479823058,0.0,12576.00846788388,15.92,0.74,0.0,0.0,5.0,0.6449628755448891
184,0,train_0153,12233.058445984647,10444.398472378422,94.43984723784216,0.0,12327.498293222488,16.74,0.6,0.0,0.0,5.0,0.6449628755448891
185,0,train_0565,12724.723060678989,10580.10599154199,108.01059915419901,0.0,12832.733659833188,15.9,0.62,0.0,0.0,5.0,0.6449628755448891
186,0,train_0146,12251.019523453184,10355.280821384244,85.52808213842437,0.0,12336.547605591608,15.48,0.74,0.0,0.0,5.0,0.6449628755448891
187,0,train_0472,12657.483946148346,10411.899042163508,91.18990421635081,0.0,12748.673850364698,16.24,0.7,0.0,0.0,5.0,0.6449628755448891
188,0,train_0349,12134.889215267382,10196.688282441712,69.66882824417117,0.0,12204.558043511553,16.84,0.58,0.0,0.0,5.0,0.6449628755448891
189,0,train_0383,12119.02697215882,10163.00933023154,66.300933023154,0.0,12185.327905181974,15.68,0.58,0.0,0.0,5.0,0.6449628755448891
190,0,train_0046,12175.315362193036,10187.390707789193,68.73907077891927,0.0,12244.054432971956,16.78,0.66,0.0,0.0,5.0,0.6449628755448891
191,0,train_0395,12062.852169913574,10430.099258521157,93.00992585211571,0.0,12155.86209576569,15.7,0.64,0.0,0.0,5.0,0.6449628755448891
192,1,train_0041,12220.716888714742,10449.080528597413,94.9080528597413,0.0,12315.624941574482,14.26,0.68,0.0,0.0,5.0,0.6449628755448891
193,1,train_0327,12765.771280772895,10394.985622100332,89.4985622100332,0.0,12855.269842982929,16.08,0.58,0.0,0.0,5.0,0.6449628755448891
194,1,train_0472,12589.09128691374,10995.309566088688,149.53095660886885,0.0,12738.622243522608,15.98,0.64,0.0,0.0,5.0,0.6449628755448891
195,1,train_0550,12369.383299475498,10285.842643052829,78.58426430528289,0.0,12447.967563780781,17.32,0.64,0.0,0.0,5.0,0.6449628755448891
196,1,train_0593,12523.932724886787,9985.199752984332,48.5199752984332,0.0,12572.45270018522,13.86,0.82,0.0,0.0,5.0,0.6449628755448891
197,1,train_0139,12391.181002460005,10090.12789870234,59.01278987023397,0.0,12450.19379233024,14.44,0.72,0.0,0.0,5.0,0.6449628755448891
198,1,train_0460,12864.558168859792,9967.980100170418,46.79801001704182,0.0,12911.356178876835,15.38,0.64,0.0,0.0,5.0,0.6449628755448891
199,1,train_0359,12191.841771271422,10738.52261464769,123.85226146476907,0.0,12315.694032736192,15.18,0.74,0.0,0.0,5.0,0.6449628755448891
200,1,train_0440,12794.078817377813,10799.107259410986,129.91072594109866,0.0,12923.989543318912,15.9,0.7,0.0,0.0,5.0,0.6449628755448891
201,1,train_0488,12272.737005879035,10697.726168243003,119.77261682430036,0.0,12392.509622703335,14.22,0.52,0.0,0.0,5.0,0.6449628755448891
202,1,train_0284,12201.328947168102,10737.84357210542,123.78435721054194,0.0,12325.113304378643,15.38,0.46,0.0,0.0,5.0,0.6449628755448891
203,1,train_0080,12568.903642360532,10589.01637269737,108.90163726973697,0.0,12677.805279630269,16.28,0.66,0.0,0.0,5.0,0.6449628755448891
204,1,train_0473,12071.780502434445,10383.65523047512,88.36552304751204,0.0,12160.146025481958,18.18,0.58,0.0,0.0,5.0,0.6449628755448891
205,1,train_0369,12183.872080426074,10493.770998237938,99.37709982379384,0.0,12283.249180249868,14.8,0.64,0.0,0.0,5.0,0.6449628755448891
206,1,train_0080,12494.229983207711,10671.691320285434,117.1691320285434,0.0,12611.399115236254,14.4,0.66,0.0,0.0,5.0,0.6449628755448891
207,1,train_0241,12242.451563067425,10301.397574563685,80.13975745636854,0.0,12322.591320523794,15.38,0.62,0.0,0.0,5.0,0.6449628755448891
208,1,train_0087,12391.484224064854,11263.3565962832,176.33565962832,0.0,12567.819883693173,15.74,0.56,0.0,0.0,5.0,0.6449628755448891
209,1,train_0459,12390.01178968901,10628.905863899783,112.89058638997831,0.0,12502.902376078988,16.56,0.78,0.0,0.0,5.0,0.6449628755448891
210,1,train_0200,12500.377478617385,10342.481825830346,84.24818258303458,0.0,12584.62566120042,16.7,0.7,0.0,0.0,5.0,0.6449628755448891
211,1,train_0040,12587.586537228814,10672.644572063433,117.2644572063433,0.0,12704.850994435157,17.14,0.7,0.0,0.0,5.0,0.6449628755448891
212,1,train_0170,11988.595422837263,10324.038582804618,82.40385828046183,0.0,12070.999281117725,17.04,0.66,0.0,0.0,5.0,0.6449628755448891
213,1,train_0364,12171.698785507135,10772.73719509894,127.27371950989401,0.0,12298.97250501703,18.82,0.68,0.0,0.0,5.0,0.6449628755448891
214,1,train_0354,12005.716257059437,10157.82663884544,65.78266388454395,0.0,12071.498920943981,16.14,0.66,0.0,0.0,5.0,0.6449628755448891
215,1,train_0514,12077.735095193204,10708.6449155201,120.86449155201008,0.0,12198.599586745215,14.4,0.5,0.0,0.0,5.0,0.6449628755448891
216,1,train_0216,12071.525568090576,10533.638568754512,103.36385687545118,0.0,12174.889424966026,17.54,0.74,0.0,0.0,5.0,0.6449628755448891
217,1,train_0377,11942.618672131455,10865.27028323818,136.52702832381803,0.0,12079.145700455274,18.08,0.62,0.0,0.0,5.0,0.6449628755448891
218,1,train_0566,12341.986465129146,10048.051470854807,54.80514708548071,0.0,12396.791612214627,13.46,0.72,0.0,0.0,5.0,0.6449628755448891
219,1,train_0192,12629.835007311107,10343.486582439016,84.34865824390164,0.0,12714.183665555009,17.18,0.74,0.0,0.0,5.0,0.6449628755448891
220,1,train_0018,12608.963471940126,10432.70504628923,93.27050462892294,0.0,12702.233976569049,16.08,0.7,0.0,0.0,5.0,0.6449628755448891
221,1,train_0393,12352.541532721414,10452.763462149898,95.27634621498983,0.0,12447.817878936405,13.54,0.52,0.0,0.0,5.0,0.6449628755448891
222,1,train_0360,12402.956929001139,10389.946342467649,88.99463424676487,0.0,12491.951563247903,15.7,0.7,0.0,0.0,5.0,0.6449628755448891
223,1,train_0202,12462.07509317763,10577.849510697215,107.7849510697215,0.0,12569.86004424735,15.52,0.6,0.0,0.0,5.0,0.6449628755448891
224,1,train_0337,11977.090321429223,10338.94612856696,83.89461285669604,0.0,12060.98493428592,18.04,0.6,0.0,0.0,5.0,0.6449628755448891
225,1,train_0401,12011.977720980462,10037.481906515543,53.74819065155425,0.0,12065.725911632017,17.22,0.62,0.0,0.0,5.0,0.6449628755448891
226,1,train_0490,12166.557855434687,10325.831993893124,82.58319938931237,0.0,12249.141054823998,13.96,0.76,0.0,0.0,5.0,0.6449628755448891
227,1,train_0077,11971.814396520405,10410.177877092028,91.01778770920282,0.0,12062.832184229608,15.8,0.6,0.0,0.0,5.0,0.6449628755448891
228,1,train_0282,12060.692282396189,10259.425238275513,75.94252382755131,0.0,12136.63480622374,16.18,0.72,0.0,0.0,5.0,0.6449628755448891
229,1,train_0167,12270.805951929833,10341.03382371123,84.10338237112302,0.0,12354.909334300955,15.1,0.62,0.0,0.0,5.0,0.6449628755448891
230,1,train_0200,12482.510957547422,10314.348736850625,81.43487368506248,0.0,12563.945831232484,16.7,0.7,0.0,0.0,5.0,0.6449628755448891
231,1,train_0019,12412.544387439691,10687.47869963269,118.74786996326894,0.0,12531.29225740296,15.34,0.64,0.0,0.0,5.0,0.6449628755448891
232,1,train_0253,11849.775417749093,10310.370605767279,81.0370605767279,0.0,11930.81247832582,17.5,0.7,0.0,0.0,5.0,0.6449628755448891
233,1,train_0050,12366.513393220797,10292.30893433711,79.23089343371103,0.0,12445.744286654508,15.7,0.56,0.0,0.0,5.0,0.6449628755448891
234,1,train_0555,12103.777432961011,10301.316870076611,80.1316870076611,0.0,12183.909119968672,16.58,0.6,0.0,0.0,5.0,0.6449628755448891
235,1,train_0332,12132.744755731981,10094.47920726309,59.447920726308986,0.0,12192.19267645829,16.66,0.7,0.0,0.0,5.0,0.6449628755448891
236,1,train_0252,12128.103906555456,10544.938736954664,104.49387369546639,0.0,12232.597780250922,14.74,0.68,0.0,0.0,5.0,0.6449628755448891
237,1,train_0139,12111.925579924915,10434.5446327854,93.45446327854006,0.0,12205.380043203455,14.22,0.7,0.0,0.0,5.0,0.6449628755448891
238,1,train_0563,12347.986442089137,10454.594619751364,95.4594619751364,0.0,12443.445904064274,15.78,0.66,0.0,0.0,5.0,0.6449628755448891
239,1,train_0309,12588.591122154168,10240.025153839131,74.00251538391312,0.0,12662.59363753808,13.72,0.54,0.0,0.0,5.0,0.6449628755448891
240,1,train_0591,12457.517649888916,10548.818169876962,104.88181698769623,0.0,12562.399466876612,16.16,0.7,0.0,0.0,5.0,0.6449628755448891
241,1,train_0395,11918.122479934467,10388.020357978134,88.80203579781337,0.0,12006.92451573228,15.92,0.72,0.0,0.0,5.0,0.6449628755448891
242,1,train_0596,12546.415027530085,10155.726166069875,65.57261660698751,0.0,12611.987644137072,14.64,0.74,0.0,0.0,5.0,0.6449628755448891
243,1,train_0528,12326.306122341415,10593.678952225848,109.36789522258478,0.0,12435.674017564,15.9,0.76,0.0,0.0,5.0,0.6449628755448891
244,1,train_0445,12799.09283208671,11089.71436089076,158.9714360890761,0.0,12958.064268175785,18.96,0.66,0.0,0.0,5.0,0.6449628755448891
245,1,train_0213,12148.3295820603,10585.053847128194,108.50538471281943,0.0,12256.83496677312,16.6,0.62,0.0,0.0,5.0,0.6449628755448891
246,1,train_0466,12545.391685511975,10489.259748678483,98.92597486784835,0.0,12644.317660379824,17.8,0.6,0.0,0.0,5.0,0.6449628755448891
247,1,train_0191,12568.586201587892,10556.798972053031,105.67989720530313,0.0,12674.266098793196,15.52,0.68,0.0,0.0,5.0,0.6449628755448891
248,1,train_0515,12485.765633267842,10414.032482572047,91.40324825720472,0.0,12577.168881525045,15.94,0.72,0.0,0.0,5.0,0.6449628755448891
249,1,train_0188,12398.635624796989,10667.611316612594,116.76113166125943,0.0,12515.396756458249,14.7,0.52,0.0,0.0,5.0,0.6449628755448891
250,1,train_0046,12225.369005543898,9963.007025342198,46.30070253421982,0.0,12271.669708078118,17.94,0.74,0.0,0.0,5.0,0.6449628755448891
251,1,train_0070,11896.872936068305,10195.014514084458,69.50145140844579,0.0,11966.37438747675,15.0,0.64,0.0,0.0,5.0,0.6449628755448891
252,1,train_0272,12353.788256578353,10326.541253384294,82.65412533842937,0.0,12436.442381916782,15.78,0.7,0.0,0.0,5.0,0.6449628755448891
253,1,train_0397,12280.074650665276,10208.236233479107,70.8236233479107,0.0,12350.898274013187,15.22,0.68,0.0,0.0,5.0,0.6449628755448891
254,1,train_0173,12614.460664252396,10531.08219494559,103.10821949455895,0.0,12717.568883746955,17.64,0.74,0.0,0.0,5.0,0.6449628755448891
255,1,train_0491,12213.900370324583,10503.773197397055,100.3773197397055,0.0,12314.27769006429,15.46,0.56,0.0,0.0,5.0,0.6449628755448891
256,1,train_0153,12335.9945285365,10300.475192863098,80.04751928630976,0.0,12416.04204782281,16.02,0.6,0.0,0.0,5.0,0.6449628755448891
257,1,train_0283,12415.574296167379,10537.93244813532,103.79324481353197,0.0,12519.367540980911,16.56,0.64,0.0,0.0,5.0,0.6449628755448891
258,1,train_0201,12382.182204228204,10399.151594597011,89.91515945970114,0.0,12472.097363687904,17.42,0.68,0.0,0.0,5.0,0.6449628755448891
259,1,train_0334,12471.275191144727,10390.327489403078,89.03274894030784,0.0,12560.307940085035,17.24,0.54,0.0,0.0,5.0,0.6449628755448891
260,1,train_0113,12139.968163727119,10393.354322191739,89.3354322191739,0.0,12229.303595946292,17.86,0.56,0.0,0.0,5.0,0.6449628755448891
261,1,train_0575,12880.732523845012,10678.327413770283,117.8327413770283,0.0,12998.56526522204,18.16,0.7,0.0,0.0,5.0,0.6449628755448891
262,1,train_0555,12282.943010599653,10286.265094778388,78.62650947783878,0.0,12361.569520077492,15.92,0.7,0.0,0.0,5.0,0.6449628755448891
263,1,train_0419,12479.128128998062,10456.199488513983,95.6199488513983,0.0,12574.74807784946,15.72,0.66,0.0,0.0,5.0,0.6449628755448891
264,1,train_0318,12129.842401242573,10648.815835128982,114.88158351289822,0.0,12244.723984755472,15.8,0.68,0.0,0.0,5.0,0.6449628755448891
265,1,train_0447,12268.03220559552,10436.109540535335,93.61095405353353,0.0,12361.643159649055,16.28,0.6,0.0,0.0,5.0,0.6449628755448891
266,1,train_0281,12379.343463308764,10891.047005088845,139.10470050888452,0.0,12518.448163817648,15.52,0.72,0.0,0.0,5.0,0.6449628755448891
267,1,train_0533,12094.308968665136,10211.549859957931,71.15498599579314,0.0,12165.463954660929,15.72,0.64,0.0,0.0,5.0,0.6449628755448891
268,1,train_0039,12228.876200980214,11026.080140932587,152.60801409325867,0.0,12381.484215073473,16.16,0.62,0.0,0.0,5.0,0.6449628755448891
269,1,train_0129,12978.869678080147,10583.500403186352,108.3500403186352,0.0,13087.219718398783,14.96,0.66,0.0,0.0,5.0,0.6449628755448891
270,1,train_0273,12567.116622385192,10468.135223774243,96.8135223774243,0.0,12663.930144762617,16.94,0.68,0.0,0.0,5.0,0.6449628755448891
271,1,train_0390,12485.744023971369,10666.951745108494,116.6951745108494,0.0,12602.439198482218,18.14,0.66,0.0,0.0,5.0,0.6449628755448891
272,1,train_0424,12624.952685897579,10783.167566830794,128.31675668307943,0.0,12753.269442580659,17.46,0.68,0.0,0.0,5.0,0.6449628755448891
273,1,train_0430,12170.537413477774,10538.609008983087,103.86090089830869,0.0,12274.398314376083,14.28,0.62,0.0,0.0,5.0,0.6449628755448891
274,1,train_0564,12236.775597320624,10652.260304661162,115.22603046611621,0.0,12352.00162778674,16.84,0.72,0.0,0.0,5.0,0.6449628755448891
275,1,train_0505,12479.091466189035,10378.758959024914,87.87589590249137,0.0,12566.967362091526,14.72,0.62,0.0,0.0,5.0,0.6449628755448891
276,1,train_0549,12547.465338346461,10396.268278582946,89.62682785829458,0.0,12637.092166204755,18.4,0.76,0.0,0.0,5.0,0.6449628755448891
277,1,train_0206,12858.582167826953,10410.900131112603,91.0900131112603,0.0,12949.672180938214,14.46,0.62,0.0,0.0,5.0,0.6449628755448891
278,1,train_0417,12300.776605506664,10415.268134834345,91.5268134834345,0.0,12392.303418990099,15.5,0.64,0.0,0.0,5.0,0.6449628755448891
279,1,train_0413,13080.281330264961,10302.972432059838,80.2972432059838,0.0,13160.578573470944,15.46,0.66,0.0,0.0,5.0,0.6449628755448891
280,1,train_0362,11956.881841261518,10356.994180176716,85.69941801767163,0.0,12042.58125927919,15.68,0.62,0.0,0.0,5.0,0.6449628755448891
281,1,train_0362,12217.81589770878,10103.416063951168,60.341606395116834,0.0,12278.157504103898,16.52,0.52,0.0,0.0,5.0,0.6449628755448891
282,1,train_0315,12670.334143931137,10934.072658135494,143.4072658135494,0.0,12813.741409744687,15.42,0.68,0.0,0.0,5.0,0.6449628755448891
283,1,train_0245,12077.600139525563,9987.3982034886,48.73982034885994,0.0,12126.339959874422,15.86,0.64,0.0,0.0,5.0,0.6449628755448891
284,1,train_0082,12532.055815425749,10269.418023039365,76.9418023039365,0.0,12608.997617729685,15.98,0.56,0.0,0.0,5.0,0.6449628755448891
285,1,train_0061,12544.41301638251,10092.506387622881,59.25063876228815,0.0,12603.6636551448,13.82,0.54,0.0,0.0,5.0,0.6449628755448891
286,1,train_0001,12204.08581935483,10103.819358062807,60.38193580628067,0.0,12264.467755161111,12.62,0.68,0.0,0.0,5.0,0.6449628755448891
287,1,train_0211,12378.320484222964,10830.631736336283,133.06317363362834,0.0,12511.383657856593,16.06,0.76,0.0,0.0,5.0,0.6449628755448891
288,1,train_0223,12207.493113200055,10423.976316480504,92.39763164805045,0.0,12299.890744848106,16.28,0.68,0.0,0.0,5.0,0.6449628755448891
289,1,train_0578,12319.919176825853,10424.65155489834,92.46515548983407,0.0,12412.384332315687,17.02,0.68,0.0,0.0,5.0,0.6449628755448891
290,1,train_0145,12446.38127453807,10365.110132511432,86.51101325114324,0.0,12532.892287789213,14.5,0.64,0.0,0.0,5.0,0.6449628755448891
291,1,train_0129,12965.483704307455,10549.171899183355,104.91718991833551,0.0,13070.40089422579,15.8,0.52,0.0,0.0,5.0,0.6449628755448891
292,1,train_0026,12021.716441466044,10209.055580572534,70.90555805725344,0.0,12092.621999523297,15.22,0.52,0.0,0.0,5.0,0.6449628755448891
293,1,train_0068,12539.011077130097,10484.058102217137,98.40581022171374,0.0,12637.41688735181,14.44,0.58,0.0,0.0,5.0,0.6449628755448891
294,1,train_0394,12348.208968093342,10851.968160914555,135.19681609145556,0.0,12483.405784184797,15.72,0.62,0.0,0.0,5.0,0.6449628755448891
295,1,train_0220,12469.094800304756,10297.28790952405,79.72879095240496,0.0,12548.823591257162,16.54,0.7,0.0,0.0,5.0,0.6449628755448891
296,1,train_0371,12276.402599316807,10246.165159916454,74.61651599164543,0.0,12351.019115308452,15.62,0.66,0.0,0.0,5.0,0.6449628755448891
297,1,train_0060,12228.585935753017,10608.19623158476,110.81962315847596,0.0,12339.405558911492,16.62,0.58,0.0,0.0,5.0,0.6449628755448891
298,1,train_0457,12448.635761980517,10484.649993988267,98.4649993988267,0.0,12547.100761379343,16.0,0.62,0.0,0.0,5.0,0.6449628755448891
299,1,train_0160,12498.519027306294,10298.659789935253,79.86597899352529,0.0,12578.385006299819,16.44,0.64,0.0,0.0,5.0,0.6449628755448891
300,1,train_0035,12750.944916845216,10937.747773823197,143.77477738231974,0.0,12894.719694227535,17.76,0.66,0.0,0.0,5.0,0.6449628755448891
301,1,train_0548,12660.615194711478,10309.68763137274,80.96876313727408,0.0,12741.583957848752,16.52,0.62,0.0,0.0,5.0,0.6449628755448891
302,1,train_0215,12654.974553180373,10884.555905469182,138.45559054691822,0.0,12793.430143727292,15.46,0.54,0.0,0.0,5.0,0.6449628755448891
303,1,train_0191,12442.723579888381,10395.576690639424,89.55766906394238,0.0,12532.281248952324,16.48,0.6,0.0,0.0,5.0,0.6449628755448891
304,1,train_0028,12318.830926057148,10736.443583423283,123.64435834232827,0.0,12442.475284399476,17.9,0.7,0.0,0.0,5.0,0.6449628755448891
305,1,train_0351,12804.48221035732,10519.738428686735,101.97384286867346,0.0,12906.456053225995,16.2,0.7,0.0,0.0,5.0,0.6449628755448891
306,1,train_0167,12184.468625476,10303.517550598139,80.35175505981388,0.0,12264.820380535813,16.14,0.5,0.0,0.0,5.0,0.6449628755448891
307,1,train_0143,12577.638015400637,10515.785373926028,101.57853739260281,0.0,12679.21655279324,15.14,0.64,0.0,0.0,5.0,0.6449628755448891
308,1,train_0405,12693.842198143317,10578.22453066671,107.82245306667102,0.0,12801.664651209987,16.48,0.62,0.0,0.0,5.0,0.6449628755448891
309,1,train_0400,12703.001946175458,11183.745348461645,168.37453484616455,0.0,12871.376481021623,16.56,0.62,0.0,0.0,5.0,0.6449628755448891
310,1,train_0087,12765.64236199547,10363.608003692454,86.36080036924541,0.0,12852.003162364716,16.78,0.72,0.0,0.0,5.0,0.6449628755448891
311,1,train_0076,12562.55493515693,10228.443894779903,72.84438947799026,0.0,12635.39932463492,16.62,0.56,0.0,0.0,5.0,0.6449628755448891
312,1,train_0145,12555.970514588145,10361.646195963272,86.16461959632726,0.0,12642.135134184473,13.54,0.58,0.0,0.0,5.0,0.6449628755448891
313,1,train_0473,12316.800143778855,10339.527095720137,83.95270957201375,0.0,12400.752853350868,18.52,0.62,0.0,0.0,5.0,0.6449628755448891
314,1,train_0159,12139.542732454567,10034.172154243868,53.41721542438682,0.0,12192.959947878953,16.6,0.6,0.0,0.0,5.0,0.6449628755448891
315,1,train_0253,12050.474399056811,10161.999468523984,66.19994685239836,0.0,12116.67434590921,17.84,0.72,0.0,0.0,5.0,0.6449628755448891
316,1,train_0077,12038.449443582089,10250.197170540498,75.01971705404976,0.0,12113.46916063614,14.9,0.54,0.0,0.0,5.0,0.6449628755448891
317,1,train_0110,12257.29638029865,10405.986729672113,90.59867296721131,0.0,12347.895053265862,17.52,0.68,0.0,0.0,5.0,0.6449628755448891
318,1,train_0399,12502.82352368126,10732.87498682296,123.28749868229608,0.0,12626.111022363555,12.72,0.48,0.0,0.0,5.0,0.6449628755448891
319,1,train_0454,12726.17544532771,10672.93854895555,117.29385489555499,0.0,12843.469300223265,17.48,0.62,0.0,0.0,5.0,0.6449628755448891
320,1,train_0519,12722.407715048003,10957.031829564898,145.70318295648977,0.0,12868.110898004492,17.86,0.56,0.0,0.0,5.0,0.6449628755448891
321,1,train_0332,12038.518421637644,10275.263717523703,77.52637175237032,0.0,12116.044793390014,14.72,0.58,0.0,0.0,5.0,0.6449628755448891
322,1,train_0166,12175.47018762854,10235.36839800622,73.53683980062196,0.0,12249.007027429161,14.08,0.68,0.0,0.0,5.0,0.6449628755448891
323,1,train_0262,12680.183241361072,10467.774883224443,96.77748832244434,0.0,12776.960729683517,16.0,0.58,0.0,0.0,5.0,0.6449628755448891
324,1,train_0093,12255.599414181659,9831.43100054819,33.14310005481894,0.0,12288.742514236477,17.86,0.74,0.0,0.0,5.0,0.6449628755448891
325,1,train_0144,12722.5276442524,11124.77792537973,162.47779253797307,0.0,12885.005436790372,16.12,0.6,0.0,0.0,5.0,0.6449628755448891
326,1,train_0288,11746.799774544439,10429.761612186325,92.97616121863248,0.0,11839.775935763071,16.92,0.58,0.0,0.0,5.0,0.6449628755448891
327,1,train_0468,12059.002046844813,10382.045842897041,88.20458428970414,0.0,12147.206631134517,15.5,0.66,0.0,0.0,5.0,0.6449628755448891
328,1,train_0155,12387.614644285086,10582.105533412296,108.21055334122957,0.0,12495.825197626316,17.1,0.54,0.0,0.0,5.0,0.6449628755448891
329,1,train_0219,12207.634745751155,10767.964462800923,126.79644628009228,0.0,12334.431192031247,16.86,0.64,0.0,0.0,5.0,0.6449628755448891
330,1,train_0022,12328.415348012433,10335.247148562015,83.52471485620154,0.0,12411.940062868634,17.26,0.64,0.0,0.0,5.0,0.6449628755448891
331,1,train_0025,12408.130036998793,10796.390166157398,129.63901661573982,0.0,12537.769053614533,15.34,0.56,0.0,0.0,5.0,0.6449628755448891
332,1,train_0327,12348.244244605075,10587.355885279307,108.73558852793067,0.0,12456.979833133006,17.36,0.7,0.0,0.0,5.0,0.6449628755448891
333,1,train_0579,12512.047943068052,10404.725060786717,90.47250607867173,0.0,12602.520449146723,15.6,0.72,0.0,0.0,5.0,0.6449628755448891
334,1,train_0345,12547.536078481819,10287.416693458606,78.74166934586066,0.0,12626.277747827678,16.1,0.66,0.0,0.0,5.0,0.6449628755448891
335,1,train_0018,12202.055765229776,10390.555680448608,89.05556804486078,0.0,12291.111333274637,15.82,0.72,0.0,0.0,5.0,0.6449628755448891
336,1,train_0344,12152.3015352596,10612.544853391653,111.25448533916534,0.0,12263.556020598764,16.34,0.56,0.0,0.0,5.0,0.6449628755448891
337,1,train_0072,12601.882858828043,10529.897592544854,102.9897592544854,0.0,12704.872618082529,16.14,0.7,0.0,0.0,5.0,0.6449628755448891
338,1,train_0415,12710.324648437485,10672.621529055295,117.26215290552955,0.0,12827.586801343015,13.56,0.6,0.0,0.0,5.0,0.6449628755448891
339,1,train_0279,12340.23722110501,10733.141223065608,123.31412230656079,0.0,12463.551343411571,17.16,0.62,0.0,0.0,5.0,0.6449628755448891
340,1,train_0218,12294.862479732335,11089.781489946023,158.9781489946023,0.0,12453.840628726937,15.12,0.48,0.0,0.0,5.0,0.6449628755448891
341,1,train_0124,12266.349946982096,10697.464162424176,119.74641624241758,0.0,12386.096363224515,17.98,0.68,0.0,0.0,5.0,0.6449628755448891
342,1,train_0105,12447.085287514317,10613.569743952321,111.3569743952321,0.0,12558.44226190955,15.44,0.7,0.0,0.0,5.0,0.6449628755448891
343,1,train_0201,12497.85149915687,10431.65805244417,93.16580524441707,0.0,12591.017304401286,16.78,0.64,0.0,0.0,5.0,0.6449628755448891
344,1,train_0270,12322.781952317957,10575.004436480769,107.50044364807691,0.0,12430.282395966035,14.94,0.5,0.0,0.0,5.0,0.6449628755448891
345,1,train_0340,12430.197163081084,10598.731089191577,109.87310891915769,0.0,12540.070272000241,16.74,0.48,0.0,0.0,5.0,0.6449628755448891
346,1,train_0413,12870.075814617328,10592.955725237589,109.29557252375889,0.0,12979.371387141087,14.18,0.72,0.0,0.0,5.0,0.6449628755448891
347,1,train_0574,12248.343146328552,10698.898815390154,119.88988153901538,0.0,12368.233027867567,14.24,0.66,0.0,0.0,5.0,0.6449628755448891
348,1,train_0019,12658.511626359534,10486.592452249271,98.65924522492715,0.0,12757.170871584462,14.88,0.66,0.0,0.0,5.0,0.6449628755448891
349,1,train_0561,12711.080326297046,10368.223500138982,86.82235001389819,0.0,12797.902676310943,18.84,0.64,0.0,0.0,5.0,0.6449628755448891
350,1,train_0336,12341.43188989982,10373.409511765389,87.34095117653888,0.0,12428.77284107636,15.44,0.52,0.0,0.0,5.0,0.6449628755448891
351,1,train_0044,12648.973875186111,10477.022715402025,97.7022715402025,0.0,12746.676146726313,16.36,0.6,0.0,0.0,5.0,0.6449628755448891
352,1,train_0520,12257.328472131314,9891.420215842974,39.14202158429744,0.0,12296.470493715611,17.18,0.58,0.0,0.0,5.0,0.6449628755448891
353,1,train_0511,12073.443263627152,10479.818492473092,97.98184924730923,0.0,12171.425112874462,15.8,0.68,0.0,0.0,5.0,0.6449628755448891
354,1,train_0172,12357.037330249841,10385.572752750892,88.55727527508917,0.0,12445.59460552493,16.74,0.72,0.0,0.0,5.0,0.6449628755448891
355,1,train_0100,12165.188598131548,10140.236620019707,64.02366200197066,0.0,12229.21226013352,15.3,0.72,0.0,0.0,5.0,0.6449628755448891
356,1,train_0180,12397.995742536248,10890.774793916979,139.07747939169786,0.0,12537.073221927945,18.16,0.66,0.0,0.0,5.0,0.6449628755448891
357,1,train_0486,12401.123502233902,10787.21918727733,128.7219187277329,0.0,12529.845420961636,14.92,0.6,0.0,0.0,5.0,0.6449628755448891
358,1,train_0551,12103.253311231307,10243.19712134256,74.31971213425605,0.0,12177.573023365563,17.0,0.72,0.0,0.0,5.0,0.6449628755448891
359,1,train_0177,12410.511072464717,10614.761639610268,111.47616396102677,0.0,12521.987236425743,14.18,0.62,0.0,0.0,5.0,0.6449628755448891
360,1,train_0285,12212.004595612549,10631.766334105787,113.17663341057869,0.0,12325.181229023128,14.76,0.64,0.0,0.0,5.0,0.6449628755448891
361,1,train_0430,12266.700723591923,10299.19857445459,79.91985744545892,0.0,12346.620581037381,15.66,0.7,0.0,0.0,5.0,0.6449628755448891
362,1,train_0108,12187.567490884703,10750.03284921009,125.00328492100908,0.0,12312.570775805712,18.46,0.7,0.0,0.0,5.0,0.6449628755448891
363,1,train_0431,12330.171441972543,10274.113970133463,77.41139701334633,0.0,12407.582838985889,16.32,0.58,0.0,0.0,5.0,0.6449628755448891
364,1,train_0135,12673.198697811778,10374.502116935368,87.45021169353677,0.0,12760.648909505315,17.54,0.66,0.0,0.0,5.0,0.6449628755448891
365,1,train_0510,12571.08072023174,10793.42182459325,129.342182459325,0.0,12700.422902691063,15.22,0.62,0.0,0.0,5.0,0.6449628755448891
366,1,train_0080,12498.746708008173,10823.912049959095,132.39120499590953,0.0,12631.137913004082,16.24,0.7,0.0,0.0,5.0,0.6449628755448891
367,1,train_0587,12447.80290331467,10103.78033126514,60.37803312651395,0.0,12508.180936441184,18.12,0.72,0.0,0.0,5.0,0.6449628755448891
368,1,train_0432,11938.347429403208,10673.44905718039,117.34490571803909,0.0,12055.692335121246,14.22,0.54,0.0,0.0,5.0,0.6449628755448891
369,1,train_0165,12065.299909904847,10186.982901666928,68.69829016669283,0.0,12133.998200071539,16.84,0.74,0.0,0.0,5.0,0.6449628755448891
370,1,train_0484,12491.755213965609,10113.715185911102,61.37151859111018,0.0,12553.126732556719,12.82,0.54,0.0,0.0,5.0,0.6449628755448891
371,1,train_0376,12234.375297293584,10184.481364335737,68.44813643357375,0.0,12302.823433727157,14.88,0.58,0.0,0.0,5.0,0.6449628755448891
372,1,train_0285,12509.33842197678,10311.00737316884,81.10073731688408,0.0,12590.439159293663,14.76,0.7,0.0,0.0,5.0,0.6449628755448891
373,1,train_0443,12749.702724597231,10930.960947456973,143.09609474569734,0.0,12892.798819342928,17.08,0.5,0.0,0.0,5.0,0.6449628755448891
374,1,train_0413,12688.00153856649,10757.235438160908,125.72354381609075,0.0,12813.725082382582,16.54,0.78,0.0,0.0,5.0,0.6449628755448891
375,1,train_0047,12278.160680461977,10100.788107625562,60.078810762556174,0.0,12338.239491224533,15.14,0.74,0.0,0.0,5.0,0.6449628755448891
376,1,train_0137,12042.18515057845,10358.100228431016,85.81002284310162,0.0,12127.995173421552,15.52,0.8,0.0,0.0,5.0,0.6449628755448891
377,1,train_0397,12006.230070358091,10414.97789431085,91.49778943108504,0.0,12097.727859789176,16.0,0.68,0.0,0.0,5.0,0.6449628755448891
378,1,train_0243,12473.477308985734,10650.132795284779,115.01327952847788,0.0,12588.49058851421,16.94,0.74,0.0,0.0,5.0,0.6449628755448891
379,1,train_0192,12436.507490712636,10602.59468015996,110.25946801599603,0.0,12546.766958728633,17.94,0.72,0.0,0.0,5.0,0.6449628755448891
380,1,train_0327,12213.604169813694,10874.83049132675,137.48304913267495,0.0,12351.08721894637,16.76,0.62,0.0,0.0,5.0,0.6449628755448891
381,1,train_0096,12692.463270578492,10417.291258467998,91.7291258467998,0.0,12784.192396425291,16.38,0.68,0.0,0.0,5.0,0.6449628755448891
382,1,train_0589,12170.3865055942,10091.607412192585,59.16074121925849,0.0,12229.54724681346,16.36,0.68,0.0,0.0,5.0,0.6449628755448891
383,1,train_0329,12253.64207687826,10416.10429211791,91.61042921179106,0.0,12345.25250609005,17.08,0.68,0.0,0.0,5.0,0.6449628755448891
384,1,train_0004,12409.07560125245,10539.728488553948,103.97284885539484,0.0,12513.048450107846,18.52,0.66,0.0,0.0,5.0,0.6449628755448891
385,1,train_0277,12332.232337844154,10496.212186973611,99.62121869736112,0.0,12431.853556541515,15.38,0.8,0.0,0.0,5.0,0.6449628755448891
386,1,train_0446,12295.744991788568,10082.4999828435,58.249998284349935,0.0,12353.994990072917,15.7,0.54,0.0,0.0,5.0,0.6449628755448891
387,1,train_0346,12870.338469098184,10610.735297745292,111.0735297745292,0.0,12981.411998872713,17.38,0.66,0.0,0.0,5.0,0.6449628755448891
388,1,train_0305,12102.168137344814,10784.424365555098,128.44243655550983,0.0,12230.610573900323,16.82,0.62,0.0,0.0,5.0,0.6449628755448891
389,1,train_0385,12731.344436655734,10805.996241772044,130.59962417720436,0.0,12861.944060832939,16.02,0.68,0.0,0.0,5.0,0.6449628755448891
390,1,train_0015,12323.776255920486,10320.136583733496,82.01365837334961,0.0,12405.789914293835,15.84,0.6,0.0,0.0,5.0,0.6449628755448891
391,1,train_0299,12307.557524437623,10391.572416643448,89.15724166434484,0.0,12396.714766101968,14.92,0.76,0.0,0.0,5.0,0.6449628755448891
392,1,train_0241,12141.445887318843,10503.962622951363,100.39626229513634,0.0,12241.84214961398,14.14,0.64,0.0,0.0,5.0,0.6449628755448891
393,1,train_0543,12611.57210610812,10673.704392355572,117.37043923555721,0.0,12728.942545343678,15.74,0.62,0.0,0.0,5.0,0.6449628755448891
394,1,train_0350,12170.43475406161,10264.279566156369,76.42795661563687,0.0,12246.862710677247,16.68,0.74,0.0,0.0,5.0,0.6449628755448891
395,1,train_0106,12437.455514193955,11025.117321019443,152.5117321019443,0.0,12589.967246295899,16.28,0.68,0.0,0.0,5.0,0.6449628755448891
396,1,train_0512,12747.556796471199,10057.487103056998,55.74871030569975,0.0,12803.305506776898,15.68,0.66,0.0,0.0,5.0,0.6449628755448891
397,1,train_0173,12541.825269054269,10541.729053194033,104.17290531940326,0.0,12645.998174373672,17.84,0.56,0.0,0.0,5.0,0.6449628755448891
398,1,train_0597,12245.467543952176,10179.147653474993,67.91476534749927,0.0,12313.382309299675,17.76,0.56,0.0,0.0,5.0,0.6449628755448891
399,1,train_0213,12573.474001611978,10252.72570740598,75.27257074059798,0.0,12648.746572352575,15.1,0.76,0.0,0.0,5.0,0.6449628755448891
400,2,train_0508,12747.796453508865,10307.012605693708,80.70126056937079,0.0,12828.497714078236,14.54,0.54,0.0,0.0,5.0,0.6449628755448891
401,2,train_0464,12599.191688639832,10169.57836581339,66.95783658133897,0.0,12666.149525221172,16.5,0.66,0.0,0.0,5.0,0.6449628755448891
402,2,train_0433,12252.266294293404,10303.058499137125,80.30584991371252,0.0,12332.572144207117,15.18,0.68,0.0,0.0,5.0,0.6449628755448891
403,2,train_0391,12285.008554475138,10559.949310519485,105.99493105194853,0.0,12391.003485527086,15.56,0.5,0.0,0.0,5.0,0.6449628755448891
404,2,train_0013,12303.329065327367,10193.241423118361,69.32414231183611,0.0,12372.653207639203,14.2,0.56,0.0,0.0,5.0,0.6449628755448891
405,2,train_0123,12265.807921827653,10317.623822001438,81.76238220014385,0.0,12347.570304027797,15.86,0.7,0.0,0.0,5.0,0.6449628755448891
406,2,train_0523,11961.47004088365,10283.41241753146,78.34124175314592,0.0,12039.811282636796,15.52,0.66,0.0,0.0,5.0,0.6449628755448891
407,2,train_0446,12366.24002873896,10119.678826713758,61.96788267137581,0.0,12428.207911410334,16.62,0.68,0.0,0.0,5.0,0.6449628755448891
408,2,train_0277,12478.893457114254,10265.863798088547,76.58637980885469,0.0,12555.479836923108,15.4,0.6,0.0,0.0,5.0,0.6449628755448891
409,2,train_0462,12421.615616431238,10392.026863375693,89.20268633756933,0.0,12510.818302768806,15.52,0.54,0.0,0.0,5.0,0.6449628755448891
410,2,train_0394,12300.961902398627,10693.195148852883,119.3195148852883,0.0,12420.281417283915,14.7,0.66,0.0,0.0,5.0,0.6449628755448891
411,2,train_0462,12331.935211621632,10516.373279045798,101.6373279045798,0.0,12433.572539526212,16.96,0.7,0.0,0.0,5.0,0.6449628755448891
412,2,train_0319,12272.732453806426,10564.05018893418,106.40501889341795,0.0,12379.137472699844,15.86,0.7,0.0,0.0,5.0,0.6449628755448891
413,2,train_0047,12168.408778532257,10214.849911640791,71.48499116407912,0.0,12239.893769696337,16.12,0.78,0.0,0.0,5.0,0.6449628755448891
414,2,train_0244,12629.766113115114,10420.364194000325,92.03641940003254,0.0,12721.802532515147,15.32,0.66,0.0,0.0,5.0,0.6449628755448891
415,2,train_0127,12626.648553990737,10233.703818893193,73.37038188931929,0.0,12700.018935880056,15.72,0.64,0.0,0.0,5.0,0.6449628755448891
416,2,train_0517,12762.831054031138,10255.59500421644,75.55950042164405,0.0,12838.390554452782,17.26,0.6,0.0,0.0,5.0,0.6449628755448891
417,2,train_0537,11983.567308670808,10244.990039059197,74.49900390591975,0.0,12058.066312576728,16.02,0.64,0.0,0.0,5.0,0.6449628755448891
418,2,train_0121,12387.790647940496,10137.289666919663,63.72896669196635,0.0,12451.519614632462,16.18,0.62,0.0,0.0,5.0,0.6449628755448891
419,2,train_0527,12466.536669795923,10052.65302382954,55.265302382954,0.0,12521.801972178877,14.86,0.54,0.0,0.0,5.0,0.6449628755448891
420,2,train_0197,12278.439007779332,11013.892141206285,151.38921412062845,0.0,12429.828221899961,15.4,0.68,0.0,0.0,5.0,0.6449628755448891
421,2,train_0123,12317.593614555974,10605.550560366992,110.55505603669917,0.0,12428.148670592673,15.68,0.6,0.0,0.0,5.0,0.6449628755448891
422,2,train_0163,12917.857727254803,10708.448963590556,120.84489635905557,0.0,13038.702623613859,14.88,0.68,0.0,0.0,5.0,0.6449628755448891
423,2,train_0330,12019.427750671717,10177.540097197352,67.75400971973522,0.0,12087.181760391453,16.18,0.62,0.0,0.0,5.0,0.6449628755448891
424,2,train_0143,12595.067345986581,10440.111668395952,94.01116683959518,0.0,12689.078512826176,14.2,0.48,0.0,0.0,5.0,0.6449628755448891
425,2,train_0157,12218.47092996863,10443.700505622674,94.37005056226735,0.0,12312.840980530897,14.78,0.64,0.0,0.0,5.0,0.6449628755448891
426,2,train_0419,12146.198957827444,10474.556078305908,97.45560783059082,0.0,12243.654565658035,14.32,0.62,0.0,0.0,5.0,0.6449628755448891
427,2,train_0249,12246.752983374885,10640.072336166471,114.00723361664714,0.0,12360.760216991532,16.26,0.68,0.0,0.0,5.0,0.6449628755448891
428,2,train_0418,12295.64041861226,10976.463334052907,147.64633340529073,0.0,12443.286752017551,17.64,0.52,0.0,0.0,5.0,0.6449628755448891
429,2,train_0012,12949.699442552326,10685.663424002818,118.5663424002818,0.0,13068.265784952608,14.64,0.64,0.0,0.0,5.0,0.6449628755448891
430,2,train_0058,11874.823646952429,9937.918542231071,43.791854223107116,0.0,11918.615501175536,14.48,0.62,0.0,0.0,5.0,0.6449628755448891
431,2,train_0169,11981.717422902777,10170.933073970498,67.09330739704983,0.0,12048.810730299827,16.68,0.5,0.0,0.0,5.0,0.6449628755448891
432,2,train_0217,12553.699708044278,10520.529671321317,102.05296713213176,0.0,12655.752675176409,17.44,0.6,0.0,0.0,5.0,0.6449628755448891
433,2,train_0162,11728.18155611328,9892.728539602685,39.27285396026855,0.0,11767.45441007355,17.36,0.56,0.0,0.0,5.0,0.6449628755448891
434,2,train_0237,11948.23839843518,10477.963254222366,97.79632542223663,0.0,12046.034723857416,16.04,0.62,0.0,0.0,5.0,0.6449628755448891
435,2,train_0551,11936.017296276099,10342.268950648457,84.22689506484568,0.0,12020.244191340944,16.38,0.64,0.0,0.0,5.0,0.6449628755448891
436,2,train_0276,12229.832673860852,10466.261049649072,96.62610496490726,0.0,12326.45877882576,14.56,0.68,0.0,0.0,5.0,0.6449628755448891
437,2,train_0352,12196.257085079335,9900.500287232086,40.05002872320856,0.0,12236.307113802543,16.78,0.64,0.0,0.0,5.0,0.6449628755448891
438,2,train_0473,12101.620926021104,10168.964410135048,66.89644101350477,0.0,12168.517367034608,17.12,0.56,0.0,0.0,5.0,0.6449628755448891
439,2,train_0106,12949.98707043072,10377.888999275705,87.7888999275705,0.0,13037.77597035829,16.56,0.7,0.0,0.0,5.0,0.6449628755448891
440,2,train_0086,11742.734789786464,9973.689791166407,47.36897911664073,0.0,11790.103768903104,16.78,0.54,0.0,0.0,5.0,0.6449628755448891
441,2,train_0256,12393.89412940295,10404.378421616397,90.43784216163968,0.0,12484.33197156459,15.68,0.78,0.0,0.0,5.0,0.6449628755448891
442,2,train_0372,12532.502901398762,10884.282122487799,138.4282122487799,0.0,12670.931113647543,16.28,0.7,0.0,0.0,5.0,0.6449628755448891
443,2,train_0295,12396.28598714528,10097.216076441124,59.721607644112375,0.0,12456.007594789393,16.08,0.58,0.0,0.0,5.0,0.6449628755448891
444,2,train_0071,12529.085599012356,10240.535574978028,74.05355749780283,0.0,12603.139156510159,13.74,0.72,0.0,0.0,5.0,0.6449628755448891
445,2,train_0382,12880.21479910819,10593.085244511116,109.3085244511116,0.0,12989.5233235593,15.62,0.66,0.0,0.0,5.0,0.6449628755448891
446,2,train_0554,12300.900348253763,10442.55072425005,94.25507242500498,0.0,12395.155420678768,13.46,0.56,0.0,0.0,5.0,0.6449628755448891
447,2,train_0319,12378.153238806673,10687.324240383961,118.73242403839613,0.0,12496.88566284507,15.44,0.56,0.0,0.0,5.0,0.6449628755448891
448,2,train_0539,12663.477147553946,10010.501948577266,51.05019485772664,0.0,12714.527342411671,14.82,0.52,0.0,0.0,5.0,0.6449628755448891
449,2,train_0252,12154.483782659587,10140.154388496476,64.01543884964758,0.0,12218.499221509235,14.92,0.68,0.0,0.0,5.0,0.6449628755448891
450,2,train_0240,12696.660094051136,10663.380683622083,116.33806836220829,0.0,12812.998162413345,14.54,0.68,0.0,0.0,5.0,0.6449628755448891
451,2,train_0186,12323.385456965992,10688.10356007262,118.8103560072621,0.0,12442.195812973254,14.16,0.6,0.0,0.0,5.0,0.6449628755448891
452,2,train_0312,11938.89674568603,10108.91833237737,60.891833237737046,0.0,11999.788578923766,15.84,0.54,0.0,0.0,5.0,0.6449628755448891
453,2,train_0344,12483.99806840113,10122.451918420322,62.245191842032185,0.0,12546.243260243162,15.18,0.62,0.0,0.0,5.0,0.6449628755448891
454,2,train_0063,12052.684305267328,10639.023849572299,113.90238495722988,0.0,12166.586690224558,15.74,0.76,0.0,0.0,5.0,0.6449628755448891
455,2,train_0585,12444.368740325448,10435.075637473492,93.5075637473492,0.0,12537.876304072797,14.36,0.7,0.0,0.0,5.0,0.6449628755448891
456,2,train_0091,12549.935271970086,10364.63438804269,86.46343880426903,0.0,12636.398710774354,16.3,0.64,0.0,0.0,5.0,0.6449628755448891
457,2,train_0331,12144.435179763608,10499.172444060652,99.91724440606522,0.0,12244.352424169674,16.94,0.62,0.0,0.0,5.0,0.6449628755448891
458,2,train_0186,12111.868595412478,10489.393246122396,98.93932461223959,0.0,12210.807920024718,13.72,0.62,0.0,0.0,5.0,0.6449628755448891
459,2,train_0532,12392.48679173728,10298.014272441284,79.80142724412836,0.0,12472.288218981408,15.82,0.66,0.0,0.0,5.0,0.6449628755448891
460,2,train_0386,12249.002205105495,10506.109950279413,100.61099502794133,0.0,12349.613200133435,13.92,0.56,0.0,0.0,5.0,0.6449628755448891
461,2,train_0009,12422.504026159337,10378.56091182654,87.85609118265403,0.0,12510.36011734199,17.06,0.64,0.0,0.0,5.0,0.6449628755448891
462,2,train_0016,12303.712923734241,10501.915683440668,100.19156834406677,0.0,12403.904492078309,17.32,0.68,0.0,0.0,5.0,0.6449628755448891
463,2,train_0121,12204.106953582874,10307.40924517726,80.74092451772594,0.0,12284.8478781006,15.4,0.68,0.0,0.0,5.0,0.6449628755448891
464,2,train_0492,12279.535379546523,10201.426675500441,70.1426675500441,0.0,12349.678047096568,15.96,0.64,0.0,0.0,5.0,0.6449628755448891
465,2,train_0518,12409.743857920754,10448.409631637336,94.84096316373362,0.0,12504.584821084487,15.52,0.64,0.0,0.0,5.0,0.6449628755448891
466,2,train_0330,12129.133926002527,9946.758464146928,44.67584641469276,0.0,12173.80977241722,15.5,0.6,0.0,0.0,5.0,0.6449628755448891
467,2,train_0341,12689.527941875316,10438.39446839784,93.83944683978407,0.0,12783.3673887151,16.22,0.7,0.0,0.0,5.0,0.6449628755448891
468,2,train_0388,12529.993277758931,10524.410045231645,102.44100452316452,0.0,12632.434282282096,15.58,0.72,0.0,0.0,5.0,0.6449628755448891
469,2,train_0292,12446.491899387942,10493.623528688262,99.3623528688262,0.0,12545.854252256768,16.34,0.58,0.0,0.0,5.0,0.6449628755448891
470,2,train_0306,12300.90283362458,10702.722239573195,120.27222395731951,0.0,12421.175057581899,15.56,0.7,0.0,0.0,5.0,0.6449628755448891
471,2,train_0221,12013.675812386278,10513.859020116339,101.38590201163389,0.0,12115.061714397913,15.94,0.62,0.0,0.0,5.0,0.6449628755448891
472,2,train_0294,12355.290745580398,9990.389496446624,49.03894964466235,0.0,12404.32969522506,16.68,0.76,0.0,0.0,5.0,0.6449628755448891
473,2,train_0177,12454.5776000766,10426.868257244472,92.68682572444723,0.0,12547.264425801048,14.14,0.56,0.0,0.0,5.0,0.6449628755448891
474,2,train_0448,12180.418381881209,10579.519057104448,107.95190571044478,0.0,12288.370287591653,15.08,0.72,0.0,0.0,5.0,0.6449628755448891
475,2,train_0407,12533.379936264515,10454.214257974036,95.42142579740357,0.0,12628.801362061919,16.46,0.72,0.0,0.0,5.0,0.6449628755448891
476,2,train_0430,11988.588921887036,10468.807880768409,96.88078807684087,0.0,12085.469709963876,14.78,0.52,0.0,0.0,5.0,0.6449628755448891
477,2,train_0219,12324.371475563868,10601.436038638545,110.14360386385452,0.0,12434.515079427723,15.06,0.78,0.0,0.0,5.0,0.6449628755448891
478,2,train_0237,12069.736854921603,10428.537645849401,92.85376458494011,0.0,12162.590619506544,17.22,0.6,0.0,0.0,5.0,0.6449628755448891
479,2,train_0261,12425.002202347134,10498.902368729126,99.89023687291265,0.0,12524.892439220046,16.22,0.66,0.0,0.0,5.0,0.6449628755448891
480,2,train_0361,12361.492217827636,10705.463734983648,120.54637349836486,0.0,12482.038591326,15.8,0.66,0.0,0.0,5.0,0.6449628755448891
481,2,train_0466,12385.06002988389,10759.949574808981,125.99495748089812,0.0,12511.054987364789,17.92,0.74,0.0,0.0,5.0,0.6449628755448891
482,2,train_0005,11993.707148827409,10281.903195438541,78.1903195438541,0.0,12071.897468371262,18.3,0.7,0.0,0.0,5.0,0.6449628755448891
483,2,train_0567,13376.312966537687,10850.993559218872,135.09935592188722,0.0,13511.412322459575,15.94,0.56,0.0,0.0,5.0,0.6449628755448891
484,2,train_0517,12312.117386029156,10591.885889712285,109.18858897122846,0.0,12421.305975000385,18.24,0.68,0.0,0.0,5.0,0.6449628755448891
485,2,train_0596,12386.112379924976,10401.55265915165,90.155265915165,0.0,12476.267645840142,16.1,0.6,0.0,0.0,5.0,0.6449628755448891
486,2,train_0166,11981.133984492011,10320.012285802704,82.00122858027044,0.0,12063.13521307228,14.38,0.84,0.0,0.0,5.0,0.6449628755448891
487,2,train_0290,12190.977875514156,10546.798862541264,104.67988625412636,0.0,12295.657761768281,16.74,0.66,0.0,0.0,5.0,0.6449628755448891
488,2,train_0327,12561.58996823154,10635.138974255951,113.51389742559513,0.0,12675.103865657135,16.36,0.46,0.0,0.0,5.0,0.6449628755448891
489,2,train_0082,12571.35521792411,10712.771660584967,121.27716605849673,0.0,12692.632383982607,16.38,0.6,0.0,0.0,5.0,0.6449628755448891
490,2,train_0214,12048.108503879794,10286.521161492892,78.65211614928921,0.0,12126.760620029083,15.2,0.66,0.0,0.0,5.0,0.6449628755448891
491,2,train_0014,12410.535510301768,10540.22638987836,104.02263898783605,0.0,12514.558149289604,17.14,0.68,0.0,0.0,5.0,0.6449628755448891
492,2,train_0071,12423.93972298751,10672.721278519977,117.27212785199772,0.0,12541.211850839509,14.8,0.6,0.0,0.0,5.0,0.6449628755448891
493,2,train_0296,12444.08666658102,10538.6653606405,103.86653606404998,0.0,12547.95320264507,15.9,0.64,0.0,0.0,5.0,0.6449628755448891
494,2,train_0189,12487.889675789233,10387.34539458322,88.73453945832208,0.0,12576.624215247555,15.64,0.6,0.0,0.0,5.0,0.6449628755448891
495,2,train_0045,12258.894182723028,10434.644343255603,93.46443432556026,0.0,12352.358617048589,14.44,0.58,0.0,0.0,5.0,0.6449628755448891
496,2,train_0501,12742.575621851149,10490.77946406893,99.07794640689299,0.0,12841.653568258042,17.78,0.64,0.0,0.0,5.0,0.6449628755448891
497,2,train_0070,11664.51560336048,10160.86921082475,66.08692108247506,0.0,11730.602524442955,15.3,0.6,0.0,0.0,5.0,0.6449628755448891
498,2,train_0138,12249.46908792858,10208.52548386892,70.85254838689198,0.0,12320.321636315473,16.84,0.6,0.0,0.0,5.0,0.6449628755448891
499,2,train_0140,12264.064062952933,10515.483733294428,101.54837332944281,0.0,12365.612436282376,15.66,0.58,0.0,0.0,5.0,0.6449628755448891
500,2,train_0309,12500.178683208378,10677.220401491868,117.7220401491868,0.0,12617.900723357565,12.32,0.64,0.0,0.0,5.0,0.6449628755448891
501,2,train_0595,11764.872108940166,10218.22315428024,71.82231542802401,0.0,11836.69442436819,16.28,0.72,0.0,0.0,5.0,0.6449628755448891
502,2,train_0016,12562.1857234019,10248.960464916447,74.89604649164467,0.0,12637.081769893546,16.82,0.74,0.0,0.0,5.0,0.6449628755448891
503,2,train_0097,11933.181727303574,10287.97455113996,78.79745511399597,0.0,12011.97918241757,15.98,0.5,0.0,0.0,5.0,0.6449628755448891
504,2,train_0199,12277.024216384227,10679.16020807617,117.91602080761696,0.0,12394.940237191844,14.54,0.42,0.0,0.0,5.0,0.6449628755448891
505,2,train_0066,12514.980646063603,10569.619351540394,106.9619351540394,0.0,12621.942581217641,16.6,0.64,0.0,0.0,5.0,0.6449628755448891
506,2,train_0004,12475.505442300157,10478.717817879744,97.8717817879744,0.0,12573.377224088132,19.08,0.58,0.0,0.0,5.0,0.6449628755448891
507,2,train_0549,12351.550507176456,10542.149404963511,104.21494049635112,0.0,12455.765447672808,17.44,0.82,0.0,0.0,5.0,0.6449628755448891
508,2,train_0134,12755.879664728349,10816.202701973896,131.62027019738963,0.0,12887.499934925738,13.74,0.62,0.0,0.0,5.0,0.6449628755448891
509,2,train_0373,12394.584118435334,10732.683567566623,123.26835675666226,0.0,12517.852475191996,16.14,0.76,0.0,0.0,5.0,0.6449628755448891
510,2,train_0530,12625.10911151882,10749.992305606105,124.99923056061053,0.0,12750.10834207943,15.78,0.62,0.0,0.0,5.0,0.6449628755448891
511,2,train_0443,12917.169580555645,10602.759266442867,110.27592664428667,0.0,13027.445507199931,18.72,0.64,0.0,0.0,5.0,0.6449628755448891
512,2,train_0025,12396.07351819568,10827.19956314443,132.71995631444298,0.0,12528.793474510123,15.16,0.6,0.0,0.0,5.0,0.6449628755448891
513,2,train_0212,12479.924979674357,10118.926508995683,61.89265089956825,0.0,12541.817630573925,14.74,0.46,0.0,0.0,5.0,0.6449628755448891
514,2,train_0030,12324.772668831809,10218.568538407642,71.85685384076423,0.0,12396.629522672572,17.36,0.48,0.0,0.0,5.0,0.6449628755448891
515,2,train_0560,12253.78914937348,10632.228194907431,113.22281949074313,0.0,12367.011968864224,16.74,0.64,0.0,0.0,5.0,0.6449628755448891
516,2,train_0278,12368.244327284836,10665.922907809043,116.5922907809043,0.0,12484.83661806574,17.62,0.7,0.0,0.0,5.0,0.6449628755448891
517,2,train_0585,12217.566235293867,10912.928714343783,141.29287143437833,0.0,12358.859106728245,12.44,0.8,0.0,0.0,5.0,0.6449628755448891
518,2,train_0240,12734.846160424906,10743.42971349708,124.34297134970802,0.0,12859.189131774614,16.04,0.76,0.0,0.0,5.0,0.6449628755448891
519,2,train_0335,12369.590559938672,10727.414273913395,122.7414273913395,0.0,12492.331987330012,18.0,0.64,0.0,0.0,5.0,0.6449628755448891
520,2,train_0037,12907.802500929725,10807.796484094812,130.77964840948115,0.0,13038.582149339207,17.9,0.48,0.0,0.0,5.0,0.6449628755448891
521,2,train_0592,12473.263656195328,10404.605734341749,90.46057343417488,0.0,12563.724229629503,14.1,0.58,0.0,0.0,5.0,0.6449628755448891
522,2,train_0514,12597.543395265155,10063.786172792577,56.378617279257746,0.0,12653.922012544412,13.9,0.62,0.0,0.0,5.0,0.6449628755448891
523,2,train_0303,12098.29975293211,10413.389196765726,91.33891967657256,0.0,12189.638672608682,15.5,0.66,0.0,0.0,5.0,0.6449628755448891
524,2,train_0139,12428.312090299638,10031.96160846472,53.196160846472054,0.0,12481.50825114611,15.12,0.66,0.0,0.0,5.0,0.6449628755448891
525,2,train_0263,11931.997958731896,10121.559578083125,62.15595780831245,0.0,11994.153916540208,14.94,0.74,0.0,0.0,5.0,0.6449628755448891
526,2,train_0262,12792.809197654302,10342.279021759658,84.22790217596577,0.0,12877.037099830268,15.28,0.62,0.0,0.0,5.0,0.6449628755448891
527,2,train_0471,12281.00550963526,10509.458055018897,100.94580550188967,0.0,12381.95131513715,14.32,0.64,0.0,0.0,5.0,0.6449628755448891
528,2,train_0178,12064.956251469313,10201.34183616946,70.13418361694603,0.0,12135.09043508626,14.62,0.56,0.0,0.0,5.0,0.6449628755448891
529,2,train_0386,12598.635363408925,10348.704111011371,84.87041110113715,0.0,12683.505774510062,14.5,0.72,0.0,0.0,5.0,0.6449628755448891
530,2,train_0485,11857.659801448974,10260.26596898014,76.02659689801403,0.0,11933.686398346988,17.1,0.74,0.0,0.0,5.0,0.6449628755448891
531,2,train_0120,12180.213073937843,10110.215369275813,61.021536927581295,0.0,12241.234610865424,17.08,0.74,0.0,0.0,5.0,0.6449628755448891
532,2,train_0466,12520.948208707418,10518.135714669763,101.81357146697628,0.0,12622.761780174395,17.74,0.7,0.0,0.0,5.0,0.6449628755448891
533,2,train_0308,12091.83649686506,10343.323777819794,84.33237778197946,0.0,12176.168874647039,17.26,0.7,0.0,0.0,5.0,0.6449628755448891
534,2,train_0122,12328.813515825976,10130.968884955953,63.096888495595344,0.0,12391.91040432157,16.68,0.62,0.0,0.0,5.0,0.6449628755448891
535,2,train_0009,12574.132328811138,10376.77826228167,87.67782622816704,0.0,12661.810155039306,13.96,0.62,0.0,0.0,5.0,0.6449628755448891
536,2,train_0530,12405.397996678534,10875.414746817814,137.54147468178144,0.0,12542.939471360314,16.02,0.66,0.0,0.0,5.0,0.6449628755448891
537,2,train_0525,12116.561231018884,10701.628320482814,120.16283204828142,0.0,12236.724063067166,14.86,0.64,0.0,0.0,5.0,0.6449628755448891
538,2,train_0037,12839.90924676467,11319.338836546991,181.93388365469912,0.0,13021.84313041937,15.78,0.66,0.0,0.0,5.0,0.6449628755448891
539,2,train_0325,12242.31343679163,10597.026823784614,109.7026823784614,0.0,12352.016119170092,13.78,0.68,0.0,0.0,5.0,0.6449628755448891
540,2,train_0056,11951.341453939996,10025.629857577609,52.56298575776091,0.0,12003.904439697757,16.46,0.7,0.0,0.0,5.0,0.6449628755448891
541,2,train_0027,12453.05550063646,10691.277019990588,119.12770199905881,0.0,12572.183202635519,15.0,0.66,0.0,0.0,5.0,0.6449628755448891
542,2,train_0034,12379.44074852725,10321.365081310607,82.1365081310607,0.0,12461.577256658311,14.66,0.56,0.0,0.0,5.0,0.6449628755448891
543,2,train_0562,12563.950061592068,10274.04914201509,77.40491420150903,0.0,12641.354975793576,15.5,0.72,0.0,0.0,5.0,0.6449628755448891
544,2,train_0304,12901.346811102729,10539.478685774247,103.94786857742474,0.0,13005.294679680153,16.24,0.58,0.0,0.0,5.0,0.6449628755448891
545,2,train_0599,12152.894166131307,10426.092171060336,92.60921710603361,0.0,12245.503383237341,16.9,0.64,0.0,0.0,5.0,0.6449628755448891
546,2,train_0463,12218.764842039393,10273.591280075816,77.3591280075816,0.0,12296.123970046974,16.12,0.6,0.0,0.0,5.0,0.6449628755448891
547,2,train_0442,12551.689967830624,10212.172788256114,71.21727882561136,0.0,12622.907246656236,15.18,0.56,0.0,0.0,5.0,0.6449628755448891
548,2,train_0064,12886.587737437683,10577.374612917216,107.7374612917216,0.0,12994.325198729404,16.9,0.68,0.0,0.0,5.0,0.6449628755448891
549,2,train_0258,12662.289586689756,10533.608000299306,103.36080002993059,0.0,12765.650386719686,14.56,0.8,0.0,0.0,5.0,0.6449628755448891
550,2,train_0337,12185.62301697363,9928.161260203604,42.81612602036039,0.0,12228.43914299399,16.62,0.66,0.0,0.0,5.0,0.6449628755448891
551,2,train_0354,11967.640683220008,10103.118576998924,60.31185769989243,0.0,12027.952540919901,14.68,0.62,0.0,0.0,5.0,0.6449628755448891
552,2,train_0083,12081.962651609549,10497.839438898107,99.7839438898107,0.0,12181.746595499359,15.1,0.64,0.0,0.0,5.0,0.6449628755448891
553,2,train_0006,12079.150182329584,10483.7855584725,98.37855584725003,0.0,12177.528738176834,16.34,0.62,0.0,0.0,5.0,0.6449628755448891
554,2,train_0367,12409.19834898449,10378.403618797514,87.84036187975144,0.0,12497.03871086424,14.18,0.58,0.0,0.0,5.0,0.6449628755448891
555,2,train_0065,12677.006468532403,10437.140442017346,93.71404420173458,0.0,12770.720512734139,14.68,0.56,0.0,0.0,5.0,0.6449628755448891
556,2,train_0561,12349.35154186557,10894.392427446735,139.43924274467355,0.0,12488.790784610243,17.78,0.54,0.0,0.0,5.0,0.6449628755448891
557,2,train_0198,12008.156642906979,10019.416662671369,51.94166626713687,0.0,12060.098309174116,15.8,0.72,0.0,0.0,5.0,0.6449628755448891
558,2,train_0556,12578.374004816513,10566.221655103313,106.62216551033126,0.0,12684.996170326844,14.06,0.66,0.0,0.0,5.0,0.6449628755448891
559,2,train_0246,12343.008028297858,10285.594712307087,78.55947123070874,0.0,12421.567499528566,15.92,0.7,0.0,0.0,5.0,0.6449628755448891
560,2,train_0253,12155.668935773947,9985.271071142693,48.52710711426935,0.0,12204.196042888216,17.5,0.68,0.0,0.0,5.0,0.6449628755448891
561,2,train_0453,12440.828301732621,10367.296704563088,86.72967045630885,0.0,12527.55797218893,15.94,0.72,0.0,0.0,5.0,0.6449628755448891
562,2,train_0539,12448.684847149594,10117.072362798077,61.707236279807695,0.0,12510.392083429402,14.88,0.6,0.0,0.0,5.0,0.6449628755448891
563,2,train_0102,12468.671594781841,10270.677163801522,77.06771638015216,0.0,12545.739311161993,13.14,0.62,0.0,0.0,5.0,0.6449628755448891
564,2,train_0265,12377.363603113467,10288.054623797483,78.80546237974832,0.0,12456.169065493215,12.7,0.76,0.0,0.0,5.0,0.6449628755448891
565,2,train_0069,11994.02368576332,10620.514263516621,112.05142635166213,0.0,12106.075112114982,17.76,0.64,0.0,0.0,5.0,0.6449628755448891
566,2,train_0420,12070.742540290441,10541.875072720039,104.18750727200387,0.0,12174.930047562444,15.28,0.7,0.0,0.0,5.0,0.6449628755448891
567,2,train_0418,12927.750646505474,10292.365903920305,79.2365903920305,0.0,13006.987236897505,17.14,0.62,0.0,0.0,5.0,0.6449628755448891
568,2,train_0084,12013.556671526307,10480.841251359236,98.08412513592357,0.0,12111.64079666223,15.34,0.52,0.0,0.0,5.0,0.6449628755448891
569,2,train_0532,11953.403927309406,10325.585399299305,82.55853992993053,0.0,12035.962467239337,15.74,0.62,0.0,0.0,5.0,0.6449628755448891
570,2,train_0588,12187.724427079866,10237.54737709467,73.75473770946701,0.0,12261.479164789333,17.48,0.72,0.0,0.0,5.0,0.6449628755448891
571,2,train_0527,12393.639164777644,10358.10828993782,85.81082899378198,0.0,12479.449993771426,15.98,0.66,0.0,0.0,5.0,0.6449628755448891
572,2,train_0481,12309.126641487393,10398.663530236414,89.8663530236414,0.0,12398.992994511034,17.42,0.64,0.0,0.0,5.0,0.6449628755448891
573,2,train_0445,12954.019406132109,11046.6148653912,154.66148653912006,0.0,13108.68089267123,18.6,0.66,0.0,0.0,5.0,0.6449628755448891
574,2,train_0167,12017.913119044588,10196.01916119682,69.60191611968203,0.0,12087.51503516427,14.1,0.6,0.0,0.0,5.0,0.6449628755448891
575,2,train_0590,12582.808491234298,10065.03493349835,56.50349334983494,0.0,12639.311984584134,17.28,0.56,0.0,0.0,5.0,0.6449628755448891
576,2,train_0184,12723.999407261152,10270.645770947627,77.06457709476273,0.0,12801.063984355915,16.66,0.7,0.0,0.0,5.0,0.6449628755448891
577,2,train_0313,12150.396658115551,10636.293952463731,113.62939524637314,0.0,12264.026053361924,15.86,0.62,0.0,0.0,5.0,0.6449628755448891
578,2,train_0421,12891.743045007515,10529.579707079758,102.9579707079758,0.0,12994.701015715491,16.1,0.58,0.0,0.0,5.0,0.6449628755448891
579,2,train_0464,12071.749650008409,10412.663039791854,91.26630397918544,0.0,12163.015953987595,15.8,0.58,0.0,0.0,5.0,0.6449628755448891
580,2,train_0195,12762.94994844862,11222.384603572293,172.2384603572293,0.0,12935.18840880585,17.72,0.7,0.0,0.0,5.0,0.6449628755448891
581,2,train_0250,12758.598828337212,10180.07130929877,68.007130929877,0.0,12826.605959267088,16.58,0.6,0.0,0.0,5.0,0.6449628755448891
582,2,train_0285,12002.861055474454,10418.397267530141,91.83972675301412,0.0,12094.700782227468,14.82,0.7,0.0,0.0,5.0,0.6449628755448891
583,2,train_0211,12218.212366407148,10619.651999387694,111.96519993876937,0.0,12330.177566345918,17.8,0.58,0.0,0.0,5.0,0.6449628755448891
584,2,train_0196,12111.10491354931,10834.213844613787,133.4213844613787,0.0,12244.526298010689,16.54,0.64,0.0,0.0,5.0,0.6449628755448891
585,2,train_0546,12537.925631763765,10401.948767866888,90.19487678668884,0.0,12628.120508550453,19.96,0.5,0.0,0.0,5.0,0.6449628755448891
586,2,train_0145,12450.119724941507,10325.23644706513,82.52364470651301,0.0,12532.64336964802,15.2,0.56,0.0,0.0,5.0,0.6449628755448891
587,2,train_0258,12391.872786127697,10948.36752842185,144.83675284218498,0.0,12536.70953896988,15.94,0.54,0.0,0.0,5.0,0.6449628755448891
588,2,train_0089,12396.204474650993,10773.695671108053,127.36956711080529,0.0,12523.574041761798,16.68,0.58,0.0,0.0,5.0,0.6449628755448891
589,2,train_0447,12484.283577718494,10262.350861445648,76.23508614456478,0.0,12560.518663863058,15.08,0.7,0.0,0.0,5.0,0.6449628755448891
590,2,train_0483,12997.417604052367,10370.25970617609,87.02597061760899,0.0,13084.443574669976,15.9,0.72,0.0,0.0,5.0,0.6449628755448891
591,2,train_0298,11949.556030061407,9906.392229466055,40.639222946605514,0.0,11990.195253008013,15.64,0.62,0.0,0.0,5.0,0.6449628755448891
592,2,train_0037,13078.399387388888,10723.869979859977,122.38699798599774,0.0,13200.786385374886,17.48,0.68,0.0,0.0,5.0,0.6449628755448891
593,2,train_0067,11948.67239335262,10193.623407315243,69.36234073152427,0.0,12018.034734084144,15.86,0.5,0.0,0.0,5.0,0.6449628755448891
594,2,train_0152,12213.771016694107,10491.133075413585,99.11330754135852,0.0,12312.884324235465,15.6,0.58,0.0,0.0,5.0,0.6449628755448891
595,2,train_0076,12568.14754992249,10089.256059134765,58.92560591347647,0.0,12627.073155835968,16.16,0.52,0.0,0.0,5.0,0.6449628755448891
596,2,train_0135,12412.020663923015,10487.088513062095,98.70885130620955,0.0,12510.729515229224,16.58,0.56,0.0,0.0,5.0,0.6449628755448891
597,2,train_0306,12653.475171290109,10398.801941638536,89.8801941638536,0.0,12743.355365453963,14.5,0.72,0.0,0.0,5.0,0.6449628755448891
598,2,train_0350,12125.239933277626,10171.838760480921,67.18387604809213,0.0,12192.423809325717,17.24,0.6,0.0,0.0,5.0,0.6449628755448891
599,2,train_0424,12380.692541986991,10661.00279533504,116.10027953350401,0.0,12496.792821520496,16.94,0.68,0.0,0.0,5.0,0.6449628755448891
600,2,train_0559,12268.544996580946,10344.053850410106,84.4053850410106,0.0,12352.950381621957,17.7,0.66,0.0,0.0,5.0,0.6449628755448891
601,2,train_0445,12849.033015654937,10437.41747938838,93.74174793883795,0.0,12942.774763593776,17.24,0.64,0.0,0.0,5.0,0.6449628755448891
602,2,train_0284,12120.120958422973,10681.332851322606,118.13328513226061,0.0,12238.254243555233,16.3,0.6,0.0,0.0,5.0,0.6449628755448891
603,2,train_0201,12184.940355523016,10459.656617146251,95.9656617146251,0.0,12280.906017237641,15.28,0.7,0.0,0.0,5.0,0.6449628755448891
604,2,train_0521,12872.845982248538,10014.496273347046,51.449627334704566,0.0,12924.295609583243,18.24,0.8,0.0,0.0,5.0,0.6449628755448891
605,2,train_0005,12013.516022427833,9924.467260879788,42.446726087978824,0.0,12055.962748515813,18.44,0.52,0.0,0.0,5.0,0.6449628755448891
606,2,train_0438,12276.862259387788,10428.92497751849,92.89249775184908,0.0,12369.754757139637,17.44,0.6,0.0,0.0,5.0,0.6449628755448891
607,2,train_0320,12194.02575857729,10681.014182898729,118.1014182898729,0.0,12312.127176867163,15.12,0.7,0.0,0.0,5.0,0.6449628755448891
608,3,train_0295,12100.341262678001,10593.499644140627,109.34996441406275,0.0,12209.691227092064,15.3,0.68,0.0,0.0,5.0,0.6449628755448891
609,3,train_0113,12262.75276391645,10056.157084057768,55.615708405776786,0.0,12318.368472322225,17.02,0.6,0.0,0.0,5.0,0.6449628755448891
610,3,train_0170,11892.39410731237,10243.173487926106,74.31734879261057,0.0,11966.71145610498,16.14,0.56,0.0,0.0,5.0,0.6449628755448891
611,3,train_0192,12674.91001544565,10685.372138608102,118.53721386081016,0.0,12793.447229306461,16.5,0.56,0.0,0.0,5.0,0.6449628755448891
612,3,train_0024,12182.141752050788,9914.579772813737,41.45797728137368,0.0,12223.599729332162,16.12,0.66,0.0,0.0,5.0,0.6449628755448891
613,3,train_0339,12757.918387854415,10547.090573176125,104.7090573176125,0.0,12862.627445172027,16.78,0.72,0.0,0.0,5.0,0.6449628755448891
614,3,train_0341,12721.698076073155,10353.366397699694,85.33663976996941,0.0,12807.034715843125,17.28,0.68,0.0,0.0,5.0,0.6449628755448891
615,3,train_0235,12571.179728832085,10421.912169121593,92.19121691215933,0.0,12663.370945744244,15.28,0.62,0.0,0.0,5.0,0.6449628755448891
616,3,train_0540,12413.94939638436,10618.057855249015,111.80578552490152,0.0,12525.75518190926,16.04,0.52,0.0,0.0,5.0,0.6449628755448891
617,3,train_0275,12138.644577994262,10578.709086167515,107.87090861675152,0.0,12246.515486611013,16.24,0.68,0.0,0.0,5.0,0.6449628755448891
618,3,train_0043,12235.667228275654,10218.356111193854,71.83561111938543,0.0,12307.50283939504,16.34,0.68,0.0,0.0,5.0,0.6449628755448891
619,3,train_0030,12181.288818172412,10384.807799612045,88.48077996120446,0.0,12269.769598133616,17.04,0.62,0.0,0.0,5.0,0.6449628755448891
620,3,train_0220,12408.41093577363,10574.30999058927,107.43099905892706,0.0,12515.841934832557,16.92,0.56,0.0,0.0,5.0,0.6449628755448891
621,3,train_0109,12966.210699994655,10096.26257934222,59.62625793422194,0.0,13025.836957928877,19.0,0.66,0.0,0.0,5.0,0.6449628755448891
622,3,train_0516,12326.440867491994,10664.399252145904,116.4399252145904,0.0,12442.880792706585,14.64,0.54,0.0,0.0,5.0,0.6449628755448891
623,3,train_0505,12432.42595869899,10664.267521136304,116.4267521136304,0.0,12548.85271081262,16.44,0.62,0.0,0.0,5.0,0.6449628755448891
624,3,train_0578,12336.948822558476,10308.70108224294,80.87010822429403,0.0,12417.818930782769,19.06,0.62,0.0,0.0,5.0,0.6449628755448891
625,3,train_0307,12281.31618078196,10434.921204746208,93.49212047462079,0.0,12374.80830125658,16.24,0.58,0.0,0.0,5.0,0.6449628755448891
626,3,train_0293,12073.065129708426,10330.486164265169,83.04861642651686,0.0,12156.113746134943,15.06,0.7,0.0,0.0,5.0,0.6449628755448891
627,3,train_0531,12262.264872749905,10436.53757507545,93.65375750754502,0.0,12355.91863025745,17.64,0.62,0.0,0.0,5.0,0.6449628755448891
628,3,train_0381,11941.92011419982,10441.013938819904,94.10139388199042,0.0,12036.02150808181,14.88,0.56,0.0,0.0,5.0,0.6449628755448891
629,3,train_0514,12028.822690956054,10419.65082547068,91.96508254706805,0.0,12120.787773503122,15.02,0.7,0.0,0.0,5.0,0.6449628755448891
630,3,train_0116,12301.02133191891,10342.574296044215,84.25742960442149,0.0,12385.278761523332,16.46,0.74,0.0,0.0,5.0,0.6449628755448891
631,3,train_0115,12634.937215642702,11133.125831827976,163.31258318279762,0.0,12798.2497988255,14.88,0.68,0.0,0.0,5.0,0.6449628755448891
632,3,train_0033,12339.70322748987,10653.928910085924,115.39289100859241,0.0,12455.096118498463,16.04,0.64,0.0,0.0,5.0,0.6449628755448891
633,3,train_0239,12477.769035779282,10460.189545445724,96.01895454457245,0.0,12573.787990323854,15.3,0.54,0.0,0.0,5.0,0.6449628755448891
634,3,train_0472,12260.946356260323,10965.284373030601,146.52843730306014,0.0,12407.474793563384,14.2,0.62,0.0,0.0,5.0,0.6449628755448891
635,3,train_0315,12592.453077844415,11013.500752502881,151.35007525028814,0.0,12743.803153094703,16.46,0.68,0.0,0.0,5.0,0.6449628755448891
636,3,train_0329,12263.389104583495,10405.444642108589,90.54446421085886,0.0,12353.933568794355,17.76,0.62,0.0,0.0,5.0,0.6449628755448891
637,3,train_0058,11920.541081779424,10051.332154708827,55.13321547088272,0.0,11975.674297250307,15.38,0.72,0.0,0.0,5.0,0.6449628755448891
638,3,train_0076,12657.019293957677,10102.582707428966,60.25827074289664,0.0,12717.277564700575,16.7,0.8,0.0,0.0,5.0,0.6449628755448891
639,3,train_0051,12363.972016643376,10575.471100498808,107.54711004988076,0.0,12471.519126693256,17.56,0.68,0.0,0.0,5.0,0.6449628755448891
640,3,train_0220,12485.152829472405,10390.155205092626,89.01552050926257,0.0,12574.168349981668,15.94,0.66,0.0,0.0,5.0,0.6449628755448891
641,3,train_0504,12109.39499224018,10512.517608162552,101.25176081625523,0.0,12210.646753056437,14.24,0.58,0.0,0.0,5.0,0.6449628755448891
642,3,train_0443,12534.756866633887,10983.063836693305,148.30638366933053,0.0,12683.063250303218,17.9,0.68,0.0,0.0,5.0,0.6449628755448891
643,3,train_0496,12422.57433021583,10211.011811170363,71.10118111703632,0.0,12493.675511332865,17.62,0.56,0.0,0.0,5.0,0.6449628755448891
644,3,train_0178,12104.898921148246,10463.644971762382,96.36449717623819,0.0,12201.263418324485,13.76,0.66,0.0,0.0,5.0,0.6449628755448891
645,3,train_0229,12558.762579329017,10628.580873961546,112.85808739615459,0.0,12671.620666725172,14.82,0.66,0.0,0.0,5.0,0.6449628755448891
646,3,train_0575,12972.52950536981,10346.349419651917,84.63494196519169,0.0,13057.164447335002,17.06,0.58,0.0,0.0,5.0,0.6449628755448891
647,3,train_0423,12079.445881214455,10268.646062186648,76.86460621866482,0.0,12156.31048743312,16.56,0.7,0.0,0.0,5.0,0.6449628755448891
648,3,train_0413,12766.24358213676,10665.11031774644,116.51103177464393,0.0,12882.754613911404,14.42,0.54,0.0,0.0,5.0,0.6449628755448891
649,3,train_0310,11960.794220042913,10231.531965042568,73.15319650425681,0.0,12033.94741654717,15.96,0.52,0.0,0.0,5.0,0.6449628755448891
650,3,train_0063,12276.860744242895,10600.183628937502,110.01836289375024,0.0,12386.879107136645,15.48,0.58,0.0,0.0,5.0,0.6449628755448891
651,3,train_0448,12333.9609463958,10248.37728869473,74.837728869473,0.0,12408.798675265274,15.24,0.6,0.0,0.0,5.0,0.6449628755448891
652,3,train_0221,12319.870619176969,10549.015606000014,104.90156060000136,0.0,12424.77217977697,15.7,0.72,0.0,0.0,5.0,0.6449628755448891
653,3,train_0189,12055.27007409008,10493.376001082448,99.33760010824481,0.0,12154.607674198325,15.72,0.76,0.0,0.0,5.0,0.6449628755448891
654,3,train_0434,12660.051324161032,10600.209739402228,110.02097394022276,0.0,12770.072298101255,15.74,0.54,0.0,0.0,5.0,0.6449628755448891
655,3,train_0284,12190.355434986941,10579.258580401402,107.92585804014016,0.0,12298.281293027081,16.02,0.7,0.0,0.0,5.0,0.6449628755448891
656,3,train_0101,12690.737044619751,10236.11290172278,73.61129017227795,0.0,12764.348334792028,17.66,0.64,0.0,0.0,5.0,0.6449628755448891
657,3,train_0535,12493.281007206735,10302.907950262419,80.29079502624191,0.0,12573.571802232977,14.52,0.68,0.0,0.0,5.0,0.6449628755448891
658,3,train_0236,12137.764483841423,10525.12962364757,102.51296236475702,0.0,12240.27744620618,17.74,0.58,0.0,0.0,5.0,0.6449628755448891
659,3,train_0489,12198.887742865783,10007.214927242292,50.721492724229215,0.0,12249.609235590013,16.78,0.66,0.0,0.0,5.0,0.6449628755448891
660,3,train_0243,12580.258466150848,10311.216598396099,81.12165983960986,0.0,12661.380125990458,17.18,0.68,0.0,0.0,5.0,0.6449628755448891
661,3,train_0185,12452.683779912539,10572.382424446587,107.23824244465868,0.0,12559.922022357197,16.5,0.6,0.0,0.0,5.0,0.6449628755448891
662,3,train_0481,11987.342193367942,10284.85090227996,78.48509022799608,0.0,12065.827283595938,16.92,0.56,0.0,0.0,5.0,0.6449628755448891
663,3,train_0529,12408.49892705202,10583.356277953328,108.33562779533277,0.0,12516.834554847354,16.94,0.74,0.0,0.0,5.0,0.6449628755448891
664,3,train_0188,12269.694645829913,10493.133178631662,99.31331786316623,0.0,12369.00796369308,14.72,0.7,0.0,0.0,5.0,0.6449628755448891
665,3,train_0239,12214.895284056915,10618.949626352527,111.89496263525271,0.0,12326.790246692168,13.42,0.66,0.0,0.0,5.0,0.6449628755448891
666,3,train_0331,12039.908384545759,10684.513931496234,118.45139314962344,0.0,12158.359777695383,18.58,0.68,0.0,0.0,5.0,0.6449628755448891
667,3,train_0409,12656.225325092568,11079.481389535937,157.94813895359368,0.0,12814.173464046162,17.9,0.68,0.0,0.0,5.0,0.6449628755448891
668,3,train_0301,12707.918486013063,10540.368600219257,104.03686002192572,0.0,12811.955346034989,15.26,0.74,0.0,0.0,5.0,0.6449628755448891
669,3,train_0426,12262.857153736779,10716.480643600618,121.64806436006184,0.0,12384.505218096841,16.8,0.66,0.0,0.0,5.0,0.6449628755448891
670,3,train_0496,12253.674819249538,10336.994050373567,83.69940503735671,0.0,12337.374224286894,18.08,0.72,0.0,0.0,5.0,0.6449628755448891
671,3,train_0241,12094.917139357782,10191.258074729389,69.12580747293887,0.0,12164.042946830721,15.02,0.56,0.0,0.0,5.0,0.6449628755448891
672,3,train_0507,12494.287273754671,10434.970486756016,93.49704867560159,0.0,12587.784322430272,16.64,0.68,0.0,0.0,5.0,0.6449628755448891
673,3,train_0496,12287.480567795523,10299.047609620558,79.90476096205585,0.0,12367.385328757578,17.5,0.62,0.0,0.0,5.0,0.6449628755448891
674,3,train_0586,12072.791447640684,10507.39570882891,100.73957088289099,0.0,12173.531018523576,16.04,0.62,0.0,0.0,5.0,0.6449628755448891
675,3,train_0279,12664.318931275395,10180.961198568111,68.09611985681113,0.0,12732.415051132206,17.02,0.58,0.0,0.0,5.0,0.6449628755448891
676,3,train_0507,12607.054436019087,10246.936010550271,74.6936010550271,0.0,12681.748037074114,16.1,0.72,0.0,0.0,5.0,0.6449628755448891
677,3,train_0576,12026.40367926358,10456.202946282796,95.6202946282796,0.0,12122.023973891859,15.36,0.62,0.0,0.0,5.0,0.6449628755448891
678,3,train_0564,12433.299783151018,10561.40651142951,106.140651142951,0.0,12539.440434293969,16.12,0.62,0.0,0.0,5.0,0.6449628755448891
679,3,train_0562,12044.489348813102,10667.974171415133,116.79741714151334,0.0,12161.286765954615,15.52,0.68,0.0,0.0,5.0,0.6449628755448891
680,3,train_0234,12209.441243294645,10306.283466598947,80.62834665989467,0.0,12290.069589954539,16.32,0.6,0.0,0.0,5.0,0.6449628755448891
681,3,train_0540,12427.383919044114,10559.067843601219,105.90678436012186,0.0,12533.290703404236,16.54,0.6,0.0,0.0,5.0,0.6449628755448891
682,3,train_0262,12441.630416395994,10597.399084020311,109.73990840203115,0.0,12551.370324798025,15.96,0.68,0.0,0.0,5.0,0.6449628755448891
683,3,train_0545,12281.171916724114,10171.446188417696,67.14461884176963,0.0,12348.316535565884,18.36,0.74,0.0,0.0,5.0,0.6449628755448891
684,3,train_0485,12092.788890355854,10314.89127832489,81.48912783248907,0.0,12174.278018188343,16.76,0.7,0.0,0.0,5.0,0.6449628755448891
685,3,train_0088,12499.603620332124,10460.052052151024,96.00520521510244,0.0,12595.608825547226,16.38,0.7,0.0,0.0,5.0,0.6449628755448891
686,3,train_0076,12606.445342600304,9913.805853567419,41.3805853567419,0.0,12647.825927957045,16.2,0.64,0.0,0.0,5.0,0.6449628755448891
687,3,train_0389,12217.693564632431,10551.417277087061,105.1417277087061,0.0,12322.835292341137,15.96,0.66,0.0,0.0,5.0,0.6449628755448891
688,3,train_0147,12690.213547930729,10538.084317926026,103.80843179260265,0.0,12794.021979723331,17.3,0.64,0.0,0.0,5.0,0.6449628755448891
689,3,train_0444,12411.639457361067,10651.085466763896,115.10854667638961,0.0,12526.748004037456,16.6,0.56,0.0,0.0,5.0,0.6449628755448891
690,3,train_0468,12142.638762384484,10174.280492721999,67.42804927219986,0.0,12210.066811656683,15.12,0.58,0.0,0.0,5.0,0.6449628755448891
691,3,train_0317,12355.407458204038,10190.175072274596,69.01750722745965,0.0,12424.424965431497,16.64,0.58,0.0,0.0,5.0,0.6449628755448891
692,3,train_0467,12721.460975253036,10823.258443022687,132.3258443022687,0.0,12853.786819555306,15.92,0.52,0.0,0.0,5.0,0.6449628755448891
693,3,train_0317,12129.007320138431,10166.707526777902,66.67075267779019,0.0,12195.678072816221,15.24,0.58,0.0,0.0,5.0,0.6449628755448891
694,3,train_0341,12638.478205735382,10860.396510095961,136.03965100959613,0.0,12774.517856744978,16.88,0.62,0.0,0.0,5.0,0.6449628755448891
695,3,train_0120,12090.245322045383,10177.153272431995,67.7153272431995,0.0,12157.960649288581,17.56,0.6,0.0,0.0,5.0,0.6449628755448891
696,3,train_0351,12417.25201951939,10888.636789589696,138.86367895896964,0.0,12556.11569847836,15.4,0.58,0.0,0.0,5.0,0.6449628755448891
697,3,train_0096,12385.816022731233,10476.98643005905,97.69864300590507,0.0,12483.514665737137,18.02,0.68,0.0,0.0,5.0,0.6449628755448891
698,3,train_0372,12483.993619562265,10547.049356143043,104.7049356143043,0.0,12588.698555176568,17.28,0.58,0.0,0.0,5.0,0.6449628755448891
699,3,train_0469,12582.881941851807,10837.839071945406,133.78390719454055,0.0,12716.665849046347,15.44,0.52,0.0,0.0,5.0,0.6449628755448891
700,3,train_0460,12587.915141488984,10056.022178486412,55.60221784864116,0.0,12643.517359337626,14.44,0.66,0.0,0.0,5.0,0.6449628755448891
701,3,train_0089,12495.19808086674,10965.05603939807,146.50560393980706,0.0,12641.703684806547,17.04,0.72,0.0,0.0,5.0,0.6449628755448891
702,3,train_0473,12296.323606785705,10141.475411782027,64.14754117820267,0.0,12360.471147963908,17.94,0.76,0.0,0.0,5.0,0.6449628755448891
703,3,train_0436,12463.574634799712,10476.172414007357,97.61724140073567,0.0,12561.191876200448,16.52,0.52,0.0,0.0,5.0,0.6449628755448891
704,3,train_0089,12366.963295276619,10735.543591934944,123.55435919349439,0.0,12490.517654470113,17.02,0.62,0.0,0.0,5.0,0.6449628755448891
705,3,train_0046,11939.936805291225,10295.204662796492,79.5204662796492,0.0,12019.457271570875,16.56,0.64,0.0,0.0,5.0,0.6449628755448891
706,3,train_0390,12784.898146471874,10478.54567139805,97.85456713980494,0.0,12882.752713611679,16.06,0.72,0.0,0.0,5.0,0.6449628755448891
707,3,train_0247,12274.01082952755,10726.621852118784,122.6621852118784,0.0,12396.673014739428,16.08,0.56,0.0,0.0,5.0,0.6449628755448891
708,3,train_0298,11729.143899241068,10143.726975340596,64.37269753405963,0.0,11793.516596775127,16.1,0.56,0.0,0.0,5.0,0.6449628755448891
709,3,train_0014,12425.954338612115,10885.703790098014,138.5703790098014,0.0,12564.524717621916,16.34,0.58,0.0,0.0,5.0,0.6449628755448891
710,3,train_0143,12616.237858370954,10592.3938831639,109.23938831639008,0.0,12725.477246687344,14.46,0.62,0.0,0.0,5.0,0.6449628755448891
711,3,train_0396,12421.489423450232,10484.912684714596,98.49126847145963,0.0,12519.980691921692,12.98,0.48,0.0,0.0,5.0,0.6449628755448891
712,3,train_0379,12880.817109683128,10823.613589764167,132.3613589764167,0.0,13013.178468659546,14.88,0.66,0.0,0.0,5.0,0.6449628755448891
713,3,train_0175,12214.523592070376,10482.126783487976,98.21267834879764,0.0,12312.736270419175,17.14,0.68,0.0,0.0,5.0,0.6449628755448891
714,3,train_0205,12637.320024126908,10715.86841478123,121.58684147812292,0.0,12758.906865605031,16.74,0.68,0.0,0.0,5.0,0.6449628755448891
715,3,train_0280,12696.021170406762,10487.886424017155,98.78864240171552,0.0,12794.809812808478,15.6,0.68,0.0,0.0,5.0,0.6449628755448891
716,3,train_0204,12535.690297339821,10671.38448620728,117.13844862072801,0.0,12652.828745960549,15.5,0.76,0.0,0.0,5.0,0.6449628755448891
717,3,train_0171,12866.341093610688,10897.180519800528,139.71805198005276,0.0,13006.059145590742,17.54,0.62,0.0,0.0,5.0,0.6449628755448891
718,3,train_0187,12284.409765563934,10411.655442932182,91.16554429321823,0.0,12375.575309857153,14.72,0.6,0.0,0.0,5.0,0.6449628755448891
719,3,train_0309,12355.475307551424,10436.150082164137,93.61500821641367,0.0,12449.090315767837,13.58,0.48,0.0,0.0,5.0,0.6449628755448891
720,3,train_0332,11943.919433082336,10580.02654714432,108.002654714432,0.0,12051.922087796767,14.86,0.78,0.0,0.0,5.0,0.6449628755448891
721,3,train_0394,12195.55798723317,10482.94851908632,98.29485190863198,0.0,12293.8528391418,17.54,0.66,0.0,0.0,5.0,0.6449628755448891
722,3,train_0149,12367.083082057527,10694.482645583139,119.4482645583139,0.0,12486.53134661584,16.4,0.62,0.0,0.0,5.0,0.6449628755448891
723,3,train_0100,12049.132461547175,10161.124402099806,66.11244020998056,0.0,12115.244901757156,15.96,0.78,0.0,0.0,5.0,0.6449628755448891
724,3,train_0188,12261.07711690234,10416.662198541453,91.66621985414531,0.0,12352.743336756484,13.3,0.72,0.0,0.0,5.0,0.6449628755448891
725,3,train_0466,12394.061282712722,10502.646845175455,100.26468451754555,0.0,12494.325967230268,17.38,0.76,0.0,0.0,5.0,0.6449628755448891
726,3,train_0501,12597.350192260768,10597.135414048784,109.71354140487838,0.0,12707.063733665647,17.78,0.82,0.0,0.0,5.0,0.6449628755448891
727,3,train_0469,12602.13381321832,10841.848175106094,134.18481751060935,0.0,12736.318630728929,14.62,0.6,0.0,0.0,5.0,0.6449628755448891
728,3,train_0235,12275.486696835818,10821.17646388216,132.11764638821606,0.0,12407.604343224035,15.34,0.62,0.0,0.0,5.0,0.6449628755448891
729,3,train_0565,12499.455587361663,10717.20643673279,121.72064367327894,0.0,12621.176231034942,16.42,0.66,0.0,0.0,5.0,0.6449628755448891
730,3,train_0342,12387.255134935545,10316.037232775234,81.60372327752339,0.0,12468.858858213069,17.8,0.72,0.0,0.0,5.0,0.6449628755448891
731,3,train_0228,12110.868838663302,10520.865081349802,102.08650813498025,0.0,12212.955346798282,15.24,0.64,0.0,0.0,5.0,0.6449628755448891
732,3,train_0350,12191.67945132048,10255.411149427695,75.5411149427695,0.0,12267.22056626325,16.04,0.64,0.0,0.0,5.0,0.6449628755448891
733,3,train_0523,12052.1283000047,10236.059759021216,73.60597590212164,0.0,12125.734275906821,15.74,0.66,0.0,0.0,5.0,0.6449628755448891
734,3,train_0260,12072.09114695547,10422.384214251979,92.23842142519788,0.0,12164.329568380668,16.04,0.58,0.0,0.0,5.0,0.6449628755448891
735,3,train_0056,11604.046813668612,10116.44223288505,61.64422328850506,0.0,11665.691036957118,17.32,0.6,0.0,0.0,5.0,0.6449628755448891
736,3,train_0183,12385.571569298652,10683.214905809165,118.32149058091655,0.0,12503.893059879569,14.2,0.58,0.0,0.0,5.0,0.6449628755448891
737,3,train_0596,12100.925024473974,10262.81641217297,76.28164121729696,0.0,12177.206665691272,16.48,0.82,0.0,0.0,5.0,0.6449628755448891
738,3,train_0278,12281.50553207942,10381.896512133626,88.1896512133626,0.0,12369.695183292783,16.68,0.54,0.0,0.0,5.0,0.6449628755448891
739,3,train_0127,12499.751902392538,10716.336531061439,121.63365310614391,0.0,12621.385555498682,16.28,0.82,0.0,0.0,5.0,0.6449628755448891
740,3,train_0528,12628.648215098423,10244.980874964018,74.4980874964018,0.0,12703.146302594825,14.2,0.54,0.0,0.0,5.0,0.6449628755448891
741,3,train_0224,12178.929859836331,10590.890081916757,109.08900819167576,0.0,12288.018868028006,13.76,0.72,0.0,0.0,5.0,0.6449628755448891
742,3,train_0191,12376.771282009853,10812.144911666257,131.21449116662572,0.0,12507.985773176479,17.1,0.72,0.0,0.0,5.0,0.6449628755448891
743,3,train_0056,11862.01732388186,10071.687188548949,57.168718854894905,0.0,11919.186042736756,17.2,0.7,0.0,0.0,5.0,0.6449628755448891
744,3,train_0567,12864.991600614007,11108.050551997936,160.80505519979363,0.0,13025.7966558138,16.46,0.54,0.0,0.0,5.0,0.6449628755448891
745,3,train_0501,12457.57520422558,10593.122991103894,109.31229911038936,0.0,12566.88750333597,18.9,0.58,0.0,0.0,5.0,0.6449628755448891
746,3,train_0233,12819.291748495303,11036.474196241925,153.64741962419248,0.0,12972.939168119496,17.16,0.68,0.0,0.0,5.0,0.6449628755448891
747,3,train_0291,12544.606029799157,10688.038947344892,118.80389473448923,0.0,12663.409924533646,14.18,0.72,0.0,0.0,5.0,0.6449628755448891
748,3,train_0152,12186.703261987172,10565.206462264667,106.52064622646668,0.0,12293.223908213638,14.66,0.7,0.0,0.0,5.0,0.6449628755448891
749,3,train_0577,12627.535876088843,11219.944124914786,171.99441249147858,0.0,12799.530288580321,15.54,0.66,0.0,0.0,5.0,0.6449628755448891
750,3,train_0551,12005.704764304943,10297.763781557314,79.77637815573144,0.0,12085.481142460674,16.04,0.52,0.0,0.0,5.0,0.6449628755448891
751,3,train_0086,11770.417106379009,9976.720099632272,47.672009963227175,0.0,11818.089116342237,15.72,0.64,0.0,0.0,5.0,0.6449628755448891
752,3,train_0145,12221.353438088237,10329.808543231604,82.98085432316039,0.0,12304.334292411399,14.92,0.66,0.0,0.0,5.0,0.6449628755448891
753,3,train_0535,12349.57761396237,10406.68376500454,90.668376500454,0.0,12440.245990462825,13.94,0.58,0.0,0.0,5.0,0.6449628755448891
754,3,train_0130,12125.314229961476,10294.721637384499,79.47216373844986,0.0,12204.786393699926,16.36,0.62,0.0,0.0,5.0,0.6449628755448891
755,3,train_0215,12798.639960229768,10341.261854206743,84.1261854206743,0.0,12882.766145650443,15.64,0.76,0.0,0.0,5.0,0.6449628755448891
756,3,train_0485,12064.381382943393,10334.976784507126,83.49767845071256,0.0,12147.879061394106,16.54,0.6,0.0,0.0,5.0,0.6449628755448891
757,3,train_0141,12705.955197331925,10685.21279729074,118.52127972907402,0.0,12824.476477060998,14.64,0.58,0.0,0.0,5.0,0.6449628755448891
758,3,train_0507,12454.612086853635,10459.829778176412,95.98297781764123,0.0,12550.595064671275,17.12,0.62,0.0,0.0,5.0,0.6449628755448891
759,3,train_0394,12274.957802656945,10501.535868137209,100.1535868137209,0.0,12375.111389470667,16.46,0.62,0.0,0.0,5.0,0.6449628755448891
760,3,train_0111,12310.564525818725,10276.302159496285,77.63021594962848,0.0,12388.194741768353,15.16,0.7,0.0,0.0,5.0,0.6449628755448891
761,3,train_0018,12365.562191906873,10673.332125875375,117.3332125875375,0.0,12482.89540449441,14.88,0.6,0.0,0.0,5.0,0.6449628755448891
762,3,train_0103,12011.807927537786,10163.312198847569,66.33121988475686,0.0,12078.139147422542,16.62,0.62,0.0,0.0,5.0,0.6449628755448891
763,3,train_0315,12703.817157836556,10987.367938677904,148.7367938677904,0.0,12852.553951704347,16.84,0.62,0.0,0.0,5.0,0.6449628755448891
764,3,train_0575,12856.47975265466,10437.441064023638,93.74410640236384,0.0,12950.223859057025,17.24,0.5,0.0,0.0,5.0,0.6449628755448891
765,3,train_0284,12204.628206221598,10431.026878990764,93.10268789907641,0.0,12297.730894120674,16.98,0.66,0.0,0.0,5.0,0.6449628755448891
766,3,train_0077,12499.29949846409,10143.718074563381,64.37180745633815,0.0,12563.671305920428,15.52,0.68,0.0,0.0,5.0,0.6449628755448891
767,3,train_0029,12168.549312571868,10389.72258865183,88.972258865183,0.0,12257.52157143705,16.24,0.68,0.0,0.0,5.0,0.6449628755448891
768,3,train_0112,12437.693681526038,10354.485456597316,85.44854565973165,0.0,12523.14222718577,16.32,0.56,0.0,0.0,5.0,0.6449628755448891
769,3,train_0260,12077.334561842745,10259.156037728162,75.91560377281621,0.0,12153.250165615562,16.8,0.56,0.0,0.0,5.0,0.6449628755448891
770,3,train_0265,12377.388657894016,10231.579570981885,73.15795709818849,0.0,12450.546614992205,14.66,0.68,0.0,0.0,5.0,0.6449628755448891
771,3,train_0182,12676.190486723459,10667.420976519687,116.74209765196866,0.0,12792.932584375427,14.6,0.6,0.0,0.0,5.0,0.6449628755448891
772,3,train_0372,12326.612868553588,10917.224360858372,141.72243608583722,0.0,12468.335304639426,17.18,0.72,0.0,0.0,5.0,0.6449628755448891
773,3,train_0149,12714.34450467269,10477.8658282036,97.78658282035995,0.0,12812.13108749305,16.24,0.62,0.0,0.0,5.0,0.6449628755448891
774,3,train_0152,12362.567100667824,10547.776278054673,104.77762780546728,0.0,12467.344728473292,15.32,0.6,0.0,0.0,5.0,0.6449628755448891
775,3,train_0558,12768.763516547087,10708.847597879807,120.8847597879807,0.0,12889.648276335069,14.72,0.6,0.0,0.0,5.0,0.6449628755448891
776,3,train_0320,12401.14375927931,10708.917341554818,120.89173415548176,0.0,12522.035493434792,14.34,0.6,0.0,0.0,5.0,0.6449628755448891
777,3,train_0358,12339.328590407411,10389.666313105892,88.96663131058922,0.0,12428.295221718,16.4,0.64,0.0,0.0,5.0,0.6449628755448891
778,3,train_0343,13113.604570544816,10730.706088088604,123.07060880886038,0.0,13236.675179353677,16.8,0.7,0.0,0.0,5.0,0.6449628755448891
779,3,train_0092,12701.81749244755,10551.85823949229,105.18582394922906,0.0,12807.003316396778,16.1,0.64,0.0,0.0,5.0,0.6449628755448891
780,3,train_0349,12240.563624364047,10151.004003230417,65.10040032304168,0.0,12305.664024687088,15.56,0.72,0.0,0.0,5.0,0.6449628755448891
781,3,train_0454,12654.18457413649,10638.57073394653,113.85707339465299,0.0,12768.041647531143,15.7,0.58,0.0,0.0,5.0,0.6449628755448891
782,3,train_0025,12611.375274617305,10396.875313941644,89.68753139416441,0.0,12701.062806011469,15.04,0.6,0.0,0.0,5.0,0.6449628755448891
783,3,train_0221,12304.944453482669,10719.244902427232,121.9244902427232,0.0,12426.868943725392,16.0,0.54,0.0,0.0,5.0,0.6449628755448891
784,3,train_0167,11952.240025496429,10392.08640188158,89.20864018815791,0.0,12041.448665684587,16.88,0.62,0.0,0.0,5.0,0.6449628755448891
785,3,train_0359,12809.107595733218,10357.682276118705,85.7682276118705,0.0,12894.875823345088,15.7,0.68,0.0,0.0,5.0,0.6449628755448891
786,3,train_0543,12606.770861076704,10483.137269361716,98.31372693617159,0.0,12705.084588012876,16.02,0.64,0.0,0.0,5.0,0.6449628755448891
787,3,train_0227,12887.64125430339,10395.186349526031,89.51863495260314,0.0,12977.159889255992,17.66,0.68,0.0,0.0,5.0,0.6449628755448891
788,3,train_0039,12350.843065628962,10844.543685150778,134.45436851507785,0.0,12485.29743414404,16.66,0.7,0.0,0.0,5.0,0.6449628755448891
789,3,train_0383,11990.989485579115,10205.245589339354,70.52455893393544,0.0,12061.514044513051,15.18,0.7,0.0,0.0,5.0,0.6449628755448891
790,3,train_0185,12260.80035174404,10340.230134967762,84.02301349677619,0.0,12344.823365240816,15.82,0.52,0.0,0.0,5.0,0.6449628755448891
791,3,train_0409,12555.18612124089,10910.464122405005,141.04641224050047,0.0,12696.23253348139,16.64,0.66,0.0,0.0,5.0,0.6449628755448891
792,3,train_0084,12072.531133251361,9995.11524886313,49.511524886313055,0.0,12122.042658137674,16.78,0.58,0.0,0.0,5.0,0.6449628755448891
793,3,train_0170,12057.18314586809,10139.061991465493,63.90619914654926,0.0,12121.08934501464,17.7,0.66,0.0,0.0,5.0,0.6449628755448891
794,3,train_0232,12637.829152525917,10043.288578793043,54.32885787930427,0.0,12692.158010405221,16.26,0.52,0.0,0.0,5.0,0.6449628755448891
795,3,train_0498,12570.455320183568,10491.966808153065,99.19668081530654,0.0,12669.652000998874,15.38,0.64,0.0,0.0,5.0,0.6449628755448891
796,3,train_0330,12016.793403396048,10073.988318155418,57.39883181554178,0.0,12074.19223521159,15.88,0.5,0.0,0.0,5.0,0.6449628755448891
797,3,train_0370,12489.079846477489,10741.21741288805,124.12174128880507,0.0,12613.201587766294,16.66,0.7,0.0,0.0,5.0,0.6449628755448891
798,3,train_0423,12251.777784837694,10342.04680354584,84.20468035458399,0.0,12335.982465192277,16.48,0.58,0.0,0.0,5.0,0.6449628755448891
799,3,train_0363,12546.175312601898,10364.304138939355,86.43041389393548,0.0,12632.605726495833,17.48,0.66,0.0,0.0,5.0,0.6449628755448891
800,3,train_0529,12630.593488651342,10266.835312247404,76.68353122474036,0.0,12707.277019876083,14.86,0.54,0.0,0.0,5.0,0.6449628755448891
801,3,train_0130,12160.40528909013,10323.862852378494,82.38628523784938,0.0,12242.79157432798,15.34,0.72,0.0,0.0,5.0,0.6449628755448891
802,3,train_0382,12286.920719501823,10928.372504546704,142.83725045467037,0.0,12429.757969956492,15.76,0.66,0.0,0.0,5.0,0.6449628755448891
803,3,train_0152,12330.53305672899,10464.506052511715,96.45060525117151,0.0,12426.98366198016,15.58,0.68,0.0,0.0,5.0,0.6449628755448891
804,3,train_0334,12298.603376045798,10748.64265745347,124.86426574534708,0.0,12423.467641791145,16.64,0.74,0.0,0.0,5.0,0.6449628755448891
805,3,train_0237,12019.209008120342,10461.286731436838,96.12867314368378,0.0,12115.337681264025,16.8,0.7,0.0,0.0,5.0,0.6449628755448891
806,3,train_0550,12186.581562749889,10367.898618967727,86.78986189677272,0.0,12273.37142464666,16.56,0.58,0.0,0.0,5.0,0.6449628755448891
807,3,train_0020,12954.762514045326,10876.645248097164,137.6645248097164,0.0,13092.427038855041,14.9,0.64,0.0,0.0,5.0,0.6449628755448891
808,3,train_0329,12114.692626627913,10616.784597698563,111.67845976985627,0.0,12226.37108639777,15.58,0.6,0.0,0.0,5.0,0.6449628755448891
809,3,train_0032,12497.40700802319,10637.699361974574,113.76993619745735,0.0,12611.176944220648,18.12,0.7,0.0,0.0,5.0,0.6449628755448891
810,3,train_0218,12611.282362385855,10674.133687965503,117.41336879655029,0.0,12728.695731182404,16.48,0.56,0.0,0.0,5.0,0.6449628755448891
811,3,train_0397,12079.390212104372,10213.93463038164,71.39346303816401,0.0,12150.783675142537,14.56,0.56,0.0,0.0,5.0,0.6449628755448891
812,3,train_0143,12461.82416064258,10682.631156643836,118.26311566438363,0.0,12580.087276306964,15.58,0.66,0.0,0.0,5.0,0.6449628755448891
813,3,train_0189,12138.283878858336,10274.66264401589,77.46626440158907,0.0,12215.750143259926,15.12,0.6,0.0,0.0,5.0,0.6449628755448891
814,3,train_0405,12564.347823618946,10572.135488178024,107.21354881780245,0.0,12671.561372436749,16.28,0.72,0.0,0.0,5.0,0.6449628755448891
815,3,train_0432,12277.665119219786,10541.966020892414,104.19660208924142,0.0,12381.861721309027,14.32,0.56,0.0,0.0,5.0,0.6449628755448891
816,4,train_0387,12215.703852748418,9994.536895910296,49.453689591029615,0.0,12265.157542339448,15.84,0.62,0.0,0.0,5.0,0.6449628755448891
817,4,train_0044,12500.466957592704,11038.531482120285,153.8531482120285,0.0,12654.320105804733,16.12,0.7,0.0,0.0,5.0,0.6449628755448891
818,4,train_0203,12715.701698796553,10422.449436120176,92.24494361201761,0.0,12807.94664240857,13.4,0.7,0.0,0.0,5.0,0.6449628755448891
819,4,train_0444,12507.671685382737,10231.240186981122,73.1240186981122,0.0,12580.795704080849,15.6,0.54,0.0,0.0,5.0,0.6449628755448891
820,4,train_0517,12443.39173157479,10798.883479722781,129.8883479722781,0.0,12573.280079547068,16.84,0.68,0.0,0.0,5.0,0.6449628755448891
821,4,train_0128,12083.299164316648,10101.407481377082,60.140748137708215,0.0,12143.439912454356,14.4,0.62,0.0,0.0,5.0,0.6449628755448891
822,4,train_0236,11975.04277089677,10515.95951260757,101.59595126075692,0.0,12076.638722157528,17.08,0.78,0.0,0.0,5.0,0.6449628755448891
823,4,train_0521,12288.579045505492,10575.940159283164,107.59401592831637,0.0,12396.173061433808,16.84,0.72,0.0,0.0,5.0,0.6449628755448891
824,4,train_0074,12484.667469710108,10678.338923300398,117.83389233003982,0.0,12602.501362040148,15.56,0.78,0.0,0.0,5.0,0.6449628755448891
825,4,train_0543,12904.390885594294,10168.7075694204,66.87075694203996,0.0,12971.261642536334,15.1,0.64,0.0,0.0,5.0,0.6449628755448891
826,4,train_0225,12212.536430139538,10420.990934552687,92.09909345526867,0.0,12304.635523594807,18.16,0.66,0.0,0.0,5.0,0.6449628755448891
827,4,train_0413,12507.552171299865,10755.546403216471,125.5546403216471,0.0,12633.106811621512,16.4,0.56,0.0,0.0,5.0,0.6449628755448891
828,4,train_0263,12170.770261552378,9938.732151625514,43.873215162551425,0.0,12214.64347671493,16.0,0.74,0.0,0.0,5.0,0.6449628755448891
829,4,train_0236,12297.35519311187,10657.00534218262,115.70053421826196,0.0,12413.055727330133,18.02,0.76,0.0,0.0,5.0,0.6449628755448891
830,4,train_0225,12367.092267643855,10582.992127346199,108.29921273461987,0.0,12475.391480378476,17.2,0.72,0.0,0.0,5.0,0.6449628755448891
831,4,train_0015,11869.293593271814,10491.140240549441,99.1140240549441,0.0,11968.407617326759,15.98,0.58,0.0,0.0,5.0,0.6449628755448891
832,4,train_0546,12657.993332574104,10290.672305230317,79.0672305230317,0.0,12737.060563097135,19.06,0.68,0.0,0.0,5.0,0.6449628755448891
833,4,train_0456,12085.29657983442,10640.463770301834,114.04637703018344,0.0,12199.342956864602,15.82,0.72,0.0,0.0,5.0,0.6449628755448891
834,4,train_0553,11719.999265189987,10081.158011440817,58.11580114408171,0.0,11778.115066334069,16.92,0.62,0.0,0.0,5.0,0.6449628755448891
835,4,train_0337,12040.227213926471,10052.764410512911,55.276441051291116,0.0,12095.503654977763,17.14,0.6,0.0,0.0,5.0,0.6449628755448891
836,4,train_0576,12032.793936777334,10434.411856165003,93.4411856165003,0.0,12126.235122393835,14.4,0.62,0.0,0.0,5.0,0.6449628755448891
837,4,train_0049,12524.485055992136,10576.45826627938,107.645826627938,0.0,12632.130882620075,14.66,0.74,0.0,0.0,5.0,0.6449628755448891
838,4,train_0214,12046.614645631245,10126.377515741442,62.637751574144204,0.0,12109.25239720539,14.54,0.66,0.0,0.0,5.0,0.6449628755448891
839,4,train_0342,12185.20380599483,10419.374076823467,91.93740768234676,0.0,12277.141213677176,19.5,0.74,0.0,0.0,5.0,0.6449628755448891
840,4,train_0288,11681.691842448829,10239.837931129197,73.98379311291974,0.0,11755.675635561749,16.28,0.68,0.0,0.0,5.0,0.6449628755448891
841,4,train_0003,12086.5681775396,10268.994715254004,76.89947152540044,0.0,12163.467649065002,16.82,0.62,0.0,0.0,5.0,0.6449628755448891
842,4,train_0061,12264.834267649212,10420.271595525317,92.02715955253171,0.0,12356.861427201744,15.36,0.74,0.0,0.0,5.0,0.6449628755448891
843,4,train_0270,12440.267243184288,10333.824346508172,83.38243465081723,0.0,12523.649677835105,16.1,0.52,0.0,0.0,5.0,0.6449628755448891
844,4,train_0496,12381.556969858673,10368.920343237533,86.89203432375325,0.0,12468.449004182427,17.76,0.82,0.0,0.0,5.0,0.6449628755448891
845,4,train_0367,12150.711474663434,10315.960493839844,81.59604938398444,0.0,12232.307524047419,15.48,0.74,0.0,0.0,5.0,0.6449628755448891
846,4,train_0171,13002.41684780538,10596.964961851245,109.69649618512449,0.0,13112.113343990504,17.22,0.88,0.0,0.0,5.0,0.6449628755448891
847,4,train_0481,12012.30622666526,10379.931017036899,87.9931017036899,0.0,12100.29932836895,16.28,0.64,0.0,0.0,5.0,0.6449628755448891
848,4,train_0533,12122.642602685999,10498.059686437495,99.80596864374948,0.0,12222.448571329749,17.26,0.58,0.0,0.0,5.0,0.6449628755448891
849,4,train_0174,12417.45160573613,10330.987054203946,83.09870542039462,0.0,12500.550311156525,16.7,0.8,0.0,0.0,5.0,0.6449628755448891
850,4,train_0551,12099.716905885367,10313.851438869777,81.38514388697769,0.0,12181.102049772344,16.72,0.62,0.0,0.0,5.0,0.6449628755448891
851,4,train_0139,12216.744037941235,10462.537683559962,96.25376835599619,0.0,12312.997806297231,14.1,0.66,0.0,0.0,5.0,0.6449628755448891
852,4,train_0345,12651.830928221329,10142.87722280166,64.28772228016605,0.0,12716.118650501494,15.54,0.5,0.0,0.0,5.0,0.6449628755448891
853,4,train_0198,11371.382398394493,10108.461546205635,60.84615462056354,0.0,11432.228553015057,16.54,0.72,0.0,0.0,5.0,0.6449628755448891
854,4,train_0431,12618.15977438247,9885.853044360523,38.585304436052326,0.0,12656.745078818522,17.5,0.72,0.0,0.0,5.0,0.6449628755448891
855,4,train_0035,12767.205860726004,11111.038825685839,161.10388256858388,0.0,12928.309743294589,16.96,0.52,0.0,0.0,5.0,0.6449628755448891
856,4,train_0032,12267.26397956326,10617.969284583212,111.79692845832125,0.0,12379.060908021582,16.62,0.6,0.0,0.0,5.0,0.6449628755448891
857,4,train_0558,12536.076054518546,11004.009854491884,150.40098544918837,0.0,12686.477039967735,15.46,0.74,0.0,0.0,5.0,0.6449628755448891
858,4,train_0106,13038.087323534073,10546.004078277925,104.60040782779252,0.0,13142.687731361866,17.74,0.6,0.0,0.0,5.0,0.6449628755448891
859,4,train_0528,12562.154938820728,10460.485326937589,96.0485326937589,0.0,12658.203471514487,15.02,0.78,0.0,0.0,5.0,0.6449628755448891
860,4,train_0400,12449.539231631898,11165.55204001024,166.55520400102398,0.0,12616.094435632922,15.12,0.78,0.0,0.0,5.0,0.6449628755448891
861,4,train_0361,12733.279279785722,10513.80080861344,101.38008086134397,0.0,12834.659360647065,16.42,0.64,0.0,0.0,5.0,0.6449628755448891
862,4,train_0435,11905.912666191864,10460.006080125222,96.0006080125222,0.0,12001.913274204386,15.78,0.76,0.0,0.0,5.0,0.6449628755448891
863,4,train_0044,12851.524556633585,10409.833168853153,90.98331688531526,0.0,12942.5078735189,15.32,0.72,0.0,0.0,5.0,0.6449628755448891
864,4,train_0030,12143.133984869006,10261.662412468759,76.16624124687587,0.0,12219.300226115882,16.86,0.74,0.0,0.0,5.0,0.6449628755448891
865,4,train_0050,12166.720833343656,10489.196044316242,98.91960443162425,0.0,12265.64043777528,15.46,0.56,0.0,0.0,5.0,0.6449628755448891
866,4,train_0012,12819.940256330967,10420.029828410497,92.00298284104974,0.0,12911.943239172017,15.3,0.7,0.0,0.0,5.0,0.6449628755448891
867,4,train_0559,12453.045941848848,10476.402753908875,97.64027539088748,0.0,12550.686217239736,17.08,0.68,0.0,0.0,5.0,0.6449628755448891
868,4,train_0268,12565.855134669699,10434.31362687111,93.43136268711096,0.0,12659.28649735681,17.04,0.66,0.0,0.0,5.0,0.6449628755448891
869,4,train_0074,12543.252554488503,10538.042851106986,103.80428511069859,0.0,12647.056839599201,16.48,0.62,0.0,0.0,5.0,0.6449628755448891
870,4,train_0189,12158.756889691813,10352.367772765123,85.2367772765123,0.0,12243.993666968325,16.84,0.62,0.0,0.0,5.0,0.6449628755448891
871,4,train_0087,12714.622488668525,10862.980770226066,136.2980770226066,0.0,12850.92056569113,14.9,0.56,0.0,0.0,5.0,0.6449628755448891
872,4,train_0542,11939.74761013517,10330.314378106352,83.03143781063518,0.0,12022.779047945805,15.4,0.62,0.0,0.0,5.0,0.6449628755448891
873,4,train_0471,12381.354165004039,10574.613498282557,107.4613498282557,0.0,12488.815514832295,14.98,0.7,0.0,0.0,5.0,0.6449628755448891
874,4,train_0004,12486.699693941173,10255.12536954152,75.51253695415198,0.0,12562.212230895326,17.74,0.66,0.0,0.0,5.0,0.6449628755448891
875,4,train_0180,12718.940702483014,10366.24989481483,86.62498948148296,0.0,12805.565691964497,17.18,0.76,0.0,0.0,5.0,0.6449628755448891
876,4,train_0393,12528.30587142058,10422.126793883985,92.21267938839847,0.0,12620.518550808978,13.28,0.78,0.0,0.0,5.0,0.6449628755448891
877,4,train_0246,11991.294704416221,10525.178817722639,102.5178817722639,0.0,12093.812586188486,17.86,0.6,0.0,0.0,5.0,0.6449628755448891
878,4,train_0134,12572.026494265827,10712.465159885414,121.24651598854143,0.0,12693.273010254368,13.52,0.58,0.0,0.0,5.0,0.6449628755448891
879,4,train_0246,12111.113300181341,10199.75668968268,69.97566896826793,0.0,12181.088969149609,16.02,0.76,0.0,0.0,5.0,0.6449628755448891
880,4,train_0255,12047.88669873587,10023.985718782493,52.39857187824928,0.0,12100.28527061412,15.54,0.72,0.0,0.0,5.0,0.6449628755448891
881,4,train_0420,12363.944091607806,10257.923251096672,75.79232510966722,0.0,12439.736416717473,16.08,0.64,0.0,0.0,5.0,0.6449628755448891
882,4,train_0332,11942.329866386564,10292.534001907234,79.25340019072337,0.0,12021.583266577287,15.74,0.76,0.0,0.0,5.0,0.6449628755448891
883,4,train_0283,12310.540741127574,10505.155403428796,100.51554034287966,0.0,12411.056281470454,15.56,0.6,0.0,0.0,5.0,0.6449628755448891
884,4,train_0368,12557.106678833106,10588.938634632479,108.89386346324791,0.0,12666.000542296355,16.06,0.74,0.0,0.0,5.0,0.6449628755448891
885,4,train_0487,12394.408525635636,10668.094283756314,116.80942837563144,0.0,12511.217954011267,15.5,0.7,0.0,0.0,5.0,0.6449628755448891
886,4,train_0055,12589.848862681352,10344.291979266796,84.42919792667963,0.0,12674.278060608032,13.68,0.78,0.0,0.0,5.0,0.6449628755448891
887,4,train_0297,11931.867573493495,10462.001130286892,96.20011302868916,0.0,12028.067686522185,13.52,0.66,0.0,0.0,5.0,0.6449628755448891
888,4,train_0453,12488.666835284,10333.438290388085,83.34382903880851,0.0,12572.01066432281,17.94,0.64,0.0,0.0,5.0,0.6449628755448891
889,4,train_0174,12224.90209909449,10563.650688429268,106.36506884292686,0.0,12331.267167937416,16.54,0.56,0.0,0.0,5.0,0.6449628755448891
890,4,train_0520,11835.247837963301,10396.46892414787,89.646892414787,0.0,11924.894730378088,16.06,0.6,0.0,0.0,5.0,0.6449628755448891
891,4,train_0116,12144.225775053603,10279.191442387535,77.91914423875352,0.0,12222.144919292356,16.08,0.74,0.0,0.0,5.0,0.6449628755448891
892,4,train_0020,12575.975273751439,10641.921287107049,114.19212871070486,0.0,12690.167402462144,15.32,0.7,0.0,0.0,5.0,0.6449628755448891
893,4,train_0453,12524.49328365239,10114.006798975232,61.400679897523155,0.0,12585.893963549912,16.74,0.74,0.0,0.0,5.0,0.6449628755448891
894,4,train_0458,12448.167539687613,10801.668460183588,130.16684601835877,0.0,12578.334385705972,15.68,0.66,0.0,0.0,5.0,0.6449628755448891
895,4,train_0131,13015.207872011746,10722.631596739338,122.26315967393384,0.0,13137.47103168568,16.38,0.66,0.0,0.0,5.0,0.6449628755448891
896,4,train_0596,12216.11649305448,10280.236326514769,78.02363265147687,0.0,12294.140125705957,16.34,0.56,0.0,0.0,5.0,0.6449628755448891
897,4,train_0365,12640.559676660341,10655.071681172089,115.50716811720886,0.0,12756.06684477755,15.8,0.66,0.0,0.0,5.0,0.6449628755448891
898,4,train_0021,12118.158024410768,11013.167272737715,151.31672727377153,0.0,12269.47475168454,16.78,0.66,0.0,0.0,5.0,0.6449628755448891
899,4,train_0360,12155.085322385168,10344.310222283635,84.43102222836352,0.0,12239.516344613532,17.04,0.64,0.0,0.0,5.0,0.6449628755448891
900,4,train_0209,11957.249230087005,10691.119211013574,119.11192110135744,0.0,12076.361151188363,15.7,0.58,0.0,0.0,5.0,0.6449628755448891
901,4,train_0577,12960.440304776472,11200.339247250366,170.03392472503657,0.0,13130.474229501508,15.2,0.62,0.0,0.0,5.0,0.6449628755448891
902,4,train_0164,11964.720232151209,10475.350394654068,97.53503946540678,0.0,12062.255271616616,14.78,0.6,0.0,0.0,5.0,0.6449628755448891
903,4,train_0053,12425.172977064409,10428.219774263904,92.82197742639038,0.0,12517.9949544908,16.64,0.76,0.0,0.0,5.0,0.6449628755448891
904,4,train_0525,12123.883406349392,10319.523189032596,81.9523189032596,0.0,12205.835725252651,14.0,0.66,0.0,0.0,5.0,0.6449628755448891
905,4,train_0124,12328.094661030795,10697.5554597941,119.7555459794101,0.0,12447.850207010204,17.98,0.7,0.0,0.0,5.0,0.6449628755448891
906,4,train_0196,12005.933703211334,10577.557087567951,107.75570875679514,0.0,12113.68941196813,15.52,0.68,0.0,0.0,5.0,0.6449628755448891
907,4,train_0396,12220.786109333101,10739.261712756921,123.92617127569211,0.0,12344.712280608794,13.48,0.64,0.0,0.0,5.0,0.6449628755448891
908,4,train_0196,12072.274851877522,10319.665672737554,81.9665672737554,0.0,12154.241419151278,15.5,0.68,0.0,0.0,5.0,0.6449628755448891
909,4,train_0198,11603.166489911258,10110.050605960343,61.00506059603431,0.0,11664.171550507293,15.34,0.66,0.0,0.0,5.0,0.6449628755448891
910,4,train_0297,12114.188457637934,10564.43726689883,106.44372668988308,0.0,12220.632184327817,13.98,0.66,0.0,0.0,5.0,0.6449628755448891
911,4,train_0077,12067.2968048033,10277.613063295848,77.76130632958484,0.0,12145.058111132885,16.38,0.72,0.0,0.0,5.0,0.6449628755448891
912,4,train_0325,12395.716514790747,10234.19152126546,73.41915212654604,0.0,12469.135666917293,13.5,0.72,0.0,0.0,5.0,0.6449628755448891
913,4,train_0537,12339.336630309608,10100.004979932211,60.000497993221146,0.0,12399.33712830283,16.02,0.62,0.0,0.0,5.0,0.6449628755448891
914,4,train_0595,12135.959606259854,10310.687835842378,81.06878358423783,0.0,12217.028389844092,16.58,0.74,0.0,0.0,5.0,0.6449628755448891
915,4,train_0438,11953.154130484174,10312.89919511395,81.28991951139506,0.0,12034.444049995569,15.8,0.64,0.0,0.0,5.0,0.6449628755448891
916,4,train_0356,12647.621998447212,10636.421689746305,113.64216897463048,0.0,12761.264167421843,15.28,0.56,0.0,0.0,5.0,0.6449628755448891
917,4,train_0133,12285.840895330497,10593.093114360374,109.30931143603739,0.0,12395.150206766535,17.32,0.78,0.0,0.0,5.0,0.6449628755448891
918,4,train_0523,12262.013856358648,9984.709967957915,48.47099679579151,0.0,12310.48485315444,16.42,0.76,0.0,0.0,5.0,0.6449628755448891
919,4,train_0057,11936.97507846043,10567.287524335954,106.7287524335954,0.0,12043.703830894025,14.66,0.78,0.0,0.0,5.0,0.6449628755448891
920,4,train_0426,12020.382007035016,10402.393707281819,90.2393707281819,0.0,12110.621377763198,16.64,0.7,0.0,0.0,5.0,0.6449628755448891
921,4,train_0505,12553.331127736285,10574.498047056153,107.44980470561532,0.0,12660.7809324419,17.72,0.64,0.0,0.0,5.0,0.6449628755448891
922,4,train_0278,12024.56433615192,10586.754145025927,108.67541450259269,0.0,12133.239750654513,15.78,0.62,0.0,0.0,5.0,0.6449628755448891
923,4,train_0341,12392.170279284232,10840.209625777665,134.02096257776648,0.0,12526.191241861998,16.3,0.56,0.0,0.0,5.0,0.6449628755448891
924,4,train_0486,12622.022247098284,10623.960315264452,112.39603152644523,0.0,12734.41827862473,14.92,0.66,0.0,0.0,5.0,0.6449628755448891
925,4,train_0557,12353.52119553259,10027.873012208449,52.787301220844896,0.0,12406.308496753436,16.38,0.68,0.0,0.0,5.0,0.6449628755448891
926,4,train_0019,12418.265604092841,10517.26874945319,101.72687494531893,0.0,12519.992479038161,15.54,0.72,0.0,0.0,5.0,0.6449628755448891
927,4,train_0310,12133.642344748256,10188.047952355279,68.80479523552786,0.0,12202.447139983784,15.6,0.64,0.0,0.0,5.0,0.6449628755448891
928,4,train_0245,11917.579941754939,10030.790866030527,53.07908660305275,0.0,11970.659028357992,15.0,0.62,0.0,0.0,5.0,0.6449628755448891
929,4,train_0138,12496.552516739843,10229.728871194377,72.97288711943766,0.0,12569.525403859281,16.92,0.5,0.0,0.0,5.0,0.6449628755448891
930,4,train_0518,12344.844112983388,10674.638229525945,117.46382295259446,0.0,12462.307935935984,15.66,0.7,0.0,0.0,5.0,0.6449628755448891
931,4,train_0080,12559.325804556403,10744.863674257118,124.4863674257118,0.0,12683.812171982116,15.34,0.62,0.0,0.0,5.0,0.6449628755448891
932,4,train_0201,12342.83758801386,10512.615240141706,101.26152401417058,0.0,12444.09911202803,17.08,0.76,0.0,0.0,5.0,0.6449628755448891
933,4,train_0250,12638.520830947306,10308.237212701752,80.82372127017516,0.0,12719.34455221748,16.5,0.68,0.0,0.0,5.0,0.6449628755448891
934,4,train_0136,12279.80132060827,10327.272214211385,82.72722142113854,0.0,12362.52854202941,18.54,0.56,0.0,0.0,5.0,0.6449628755448891
935,4,train_0410,12816.754785463043,10314.527737607004,81.45277376070044,0.0,12898.207559223743,17.9,0.68,0.0,0.0,5.0,0.6449628755448891
936,4,train_0383,12008.381249361055,10183.327842015538,68.33278420155385,0.0,12076.714033562608,16.26,0.72,0.0,0.0,5.0,0.6449628755448891
937,4,train_0002,12023.344337534261,10409.755880942721,90.9755880942721,0.0,12114.319925628533,13.5,0.8,0.0,0.0,5.0,0.6449628755448891
938,4,train_0093,11993.193132755354,10108.611356593763,60.86113565937631,0.0,12054.05426841473,18.62,0.6,0.0,0.0,5.0,0.6449628755448891
939,4,train_0237,12002.235243054465,10128.940883113388,62.894088311338784,0.0,12065.129331365804,16.28,0.7,0.0,0.0,5.0,0.6449628755448891
940,4,train_0528,12555.498932698709,10342.776887870918,84.27768878709176,0.0,12639.7766214858,14.86,0.6,0.0,0.0,5.0,0.6449628755448891
941,4,train_0242,12413.487650024468,11036.65936129848,153.66593612984798,0.0,12567.153586154316,16.5,0.62,0.0,0.0,5.0,0.6449628755448891
942,4,train_0255,12227.948855965351,10191.561598393142,69.15615983931421,0.0,12297.105015804666,17.94,0.72,0.0,0.0,5.0,0.6449628755448891
943,4,train_0402,12254.854517578962,10673.224607541919,117.3224607541919,0.0,12372.176978333155,16.38,0.62,0.0,0.0,5.0,0.6449628755448891
944,4,train_0472,12525.86663970828,10968.529819866366,146.8529819866366,0.0,12672.719621694916,16.56,0.56,0.0,0.0,5.0,0.6449628755448891
945,4,train_0116,12269.320671449519,10384.727888445046,88.47278884450462,0.0,12357.793460294024,15.94,0.72,0.0,0.0,5.0,0.6449628755448891
946,4,train_0402,12532.639578668344,10485.633234913632,98.56332349136319,0.0,12631.202902159708,17.36,0.6,0.0,0.0,5.0,0.6449628755448891
947,4,train_0525,12050.476475093772,10000.800207084194,50.0800207084194,0.0,12100.556495802191,14.94,0.56,0.0,0.0,5.0,0.6449628755448891
948,4,train_0533,12164.13941720613,10378.599814630208,87.85998146302082,0.0,12251.999398669152,18.34,0.62,0.0,0.0,5.0,0.6449628755448891
949,4,train_0195,12508.581706292875,10673.12172189012,117.31217218901202,0.0,12625.893878481886,16.92,0.74,0.0,0.0,5.0,0.6449628755448891
950,4,train_0461,12280.504315531254,10743.536496247649,124.35364962476488,0.0,12404.85796515602,14.16,0.74,0.0,0.0,5.0,0.6449628755448891
951,4,train_0496,12413.666360263225,10240.397809779759,74.0397809779759,0.0,12487.7061412412,16.54,0.78,0.0,0.0,5.0,0.6449628755448891
952,4,train_0091,12371.564364101429,10474.363002168458,97.43630021684585,0.0,12469.000664318275,15.3,0.68,0.0,0.0,5.0,0.6449628755448891
953,4,train_0496,12472.457383878054,10062.523244434433,56.252324443443285,0.0,12528.709708321498,17.08,0.62,0.0,0.0,5.0,0.6449628755448891
954,4,train_0556,11973.976581856352,10950.3447875567,145.03447875567,0.0,12119.011060612022,14.04,0.68,0.0,0.0,5.0,0.6449628755448891
955,4,train_0530,12550.888081527908,10491.470482710909,99.14704827109091,0.0,12650.035129798998,14.76,0.56,0.0,0.0,5.0,0.6449628755448891
956,4,train_0522,12320.726020754593,10845.190407895858,134.51904078958577,0.0,12455.24506154418,16.14,0.68,0.0,0.0,5.0,0.6449628755448891
957,4,train_0155,12399.778405817557,10683.607946083652,118.36079460836518,0.0,12518.139200425921,15.14,0.7,0.0,0.0,5.0,0.6449628755448891
958,4,train_0299,12605.191491320977,10296.356628113073,79.63566281130734,0.0,12684.827154132285,14.18,0.68,0.0,0.0,5.0,0.6449628755448891
959,4,train_0503,12532.568787268498,10835.616970383478,133.56169703834786,0.0,12666.130484306845,16.2,0.68,0.0,0.0,5.0,0.6449628755448891
960,4,train_0053,12289.068617284944,10279.803628312988,77.98036283129878,0.0,12367.048980116242,17.02,0.7,0.0,0.0,5.0,0.6449628755448891
961,4,train_0138,11982.406570047733,10734.795033806997,123.47950338069968,0.0,12105.886073428434,18.02,0.74,0.0,0.0,5.0,0.6449628755448891
962,4,train_0124,12422.636711446205,10683.159808619514,118.31598086195136,0.0,12540.952692308156,18.24,0.68,0.0,0.0,5.0,0.6449628755448891
963,4,train_0239,12275.235305555912,10590.115751265002,109.01157512650025,0.0,12384.246880682413,14.1,0.68,0.0,0.0,5.0,0.6449628755448891
964,4,train_0068,12356.440107622137,10608.642728930141,110.8642728930141,0.0,12467.30438051515,14.84,0.6,0.0,0.0,5.0,0.6449628755448891
965,4,train_0106,12689.684525839864,10886.303054170403,138.6303054170403,0.0,12828.314831256905,15.58,0.56,0.0,0.0,5.0,0.6449628755448891
966,4,train_0591,12540.829167393142,10526.575997863707,102.65759978637071,0.0,12643.486767179513,16.42,0.74,0.0,0.0,5.0,0.6449628755448891
967,4,train_0290,12361.410381970529,10464.753837638478,96.47538376384783,0.0,12457.885765734376,17.58,0.58,0.0,0.0,5.0,0.6449628755448891
968,4,train_0489,11983.941762707816,10218.881057541053,71.88810575410535,0.0,12055.829868461922,16.78,0.78,0.0,0.0,5.0,0.6449628755448891
969,4,train_0045,12656.572788641426,10438.94886099605,93.894886099605,0.0,12750.46767474103,14.38,0.6,0.0,0.0,5.0,0.6449628755448891
970,4,train_0030,12342.566082420803,10340.140335312099,84.01403353120986,0.0,12426.580115952012,16.24,0.76,0.0,0.0,5.0,0.6449628755448891
971,4,train_0574,12246.24674456767,10333.655820716434,83.36558207164344,0.0,12329.612326639313,14.38,0.6,0.0,0.0,5.0,0.6449628755448891
972,4,train_0576,12405.403330110757,10241.318898223617,74.1318898223617,0.0,12479.53521993312,14.96,0.72,0.0,0.0,5.0,0.6449628755448891
973,4,train_0007,12923.323720463095,10905.279982704105,140.52799827041054,0.0,13063.851718733506,14.6,0.68,0.0,0.0,5.0,0.6449628755448891
974,4,train_0146,12347.530126678588,10649.418978190615,114.94189781906152,0.0,12462.472024497649,14.76,0.58,0.0,0.0,5.0,0.6449628755448891
975,4,train_0297,12384.423334124866,10130.780610300433,63.07806103004332,0.0,12447.501395154908,13.52,0.68,0.0,0.0,5.0,0.6449628755448891
976,4,train_0385,13156.222843477128,10383.439551407337,88.34395514073367,0.0,13244.566798617861,15.56,0.7,0.0,0.0,5.0,0.6449628755448891
977,4,train_0502,12592.828025032013,10612.31988656931,111.23198865693104,0.0,12704.060013688944,14.5,0.66,0.0,0.0,5.0,0.6449628755448891
978,4,train_0005,11744.439654819085,10254.95631712826,75.49563171282607,0.0,11819.93528653191,16.2,0.64,0.0,0.0,5.0,0.6449628755448891
979,4,train_0079,12425.571482005093,10308.0684014715,80.80684014715007,0.0,12506.378322152243,16.3,0.62,0.0,0.0,5.0,0.6449628755448891
980,4,train_0013,11985.900270231214,10434.370099330012,93.43700993300118,0.0,12079.337280164214,14.34,0.8,0.0,0.0,5.0,0.6449628755448891
981,4,train_0358,12258.203358747782,10577.769367736928,107.7769367736928,0.0,12365.980295521475,16.24,0.68,0.0,0.0,5.0,0.6449628755448891
982,4,train_0324,12338.319675641538,10334.368712137537,83.4368712137537,0.0,12421.756546855291,14.46,0.68,0.0,0.0,5.0,0.6449628755448891
983,4,train_0318,12596.087294678855,10266.384489667755,76.63844896677547,0.0,12672.725743645631,16.98,0.64,0.0,0.0,5.0,0.6449628755448891
984,4,train_0120,12234.650762062494,10240.990968071941,74.09909680719412,0.0,12308.749858869689,17.2,0.72,0.0,0.0,5.0,0.6449628755448891
985,4,train_0454,12678.653523410147,11022.604734628228,152.26047346282286,0.0,12830.913996872969,16.78,0.66,0.0,0.0,5.0,0.6449628755448891
986,4,train_0548,12453.950950272094,10372.085684458816,87.20856844588161,0.0,12541.159518717976,16.56,0.72,0.0,0.0,5.0,0.6449628755448891
987,4,train_0419,12369.81788590546,10229.868125594014,72.98681255940137,0.0,12442.804698464863,15.74,0.7,0.0,0.0,5.0,0.6449628755448891
988,4,train_0590,11937.017605824543,10659.392924023981,115.93929240239814,0.0,12052.956898226941,17.48,0.6,0.0,0.0,5.0,0.6449628755448891
989,4,train_0495,12597.129372782874,10408.177066717792,90.81770667177916,0.0,12687.947079454654,17.78,0.68,0.0,0.0,5.0,0.6449628755448891
990,4,train_0050,12112.391685315482,10738.969722955084,123.89697229550839,0.0,12236.28865761099,15.76,0.66,0.0,0.0,5.0,0.6449628755448891
991,4,train_0475,12078.834692677383,10268.499569366159,76.84995693661585,0.0,12155.684649613999,15.76,0.56,0.0,0.0,5.0,0.6449628755448891
992,4,train_0371,12126.555707459367,10369.868903125305,86.98689031253053,0.0,12213.542597771897,15.46,0.68,0.0,0.0,5.0,0.6449628755448891
993,4,train_0349,12167.611389683723,10106.336551360173,60.633655136017296,0.0,12228.245044819741,15.96,0.64,0.0,0.0,5.0,0.6449628755448891
994,4,train_0120,11885.613473772733,10442.339046771489,94.2339046771489,0.0,11979.847378449882,15.44,0.66,0.0,0.0,5.0,0.6449628755448891
995,4,train_0209,12039.765675771034,10333.743048334713,83.37430483347126,0.0,12123.139980604505,16.18,0.66,0.0,0.0,5.0,0.6449628755448891
996,4,train_0213,12261.900914110753,10296.012308742364,79.60123087423636,0.0,12341.502144984988,15.64,0.66,0.0,0.0,5.0,0.6449628755448891
997,4,train_0064,12526.533270738979,10523.653114195975,102.3653114195975,0.0,12628.898582158576,16.2,0.62,0.0,0.0,5.0,0.6449628755448891
998,4,train_0200,11915.181736940554,10438.22569607042,93.822569607042,0.0,12009.004306547597,16.32,0.66,0.0,0.0,5.0,0.6449628755448891
999,4,train_0098,12352.595376970732,10416.213486942648,91.62134869426482,0.0,12444.216725664997,14.22,0.58,0.0,0.0,5.0,0.6449628755448891
1000,4,train_0273,12453.062965794908,10854.217853971608,135.4217853971608,0.0,12588.484751192069,16.24,0.66,0.0,0.0,5.0,0.6449628755448891
1001,4,train_0522,12557.651667733684,10663.28837106617,116.328837106617,0.0,12673.980504840301,17.12,0.62,0.0,0.0,5.0,0.6449628755448891
1002,4,train_0445,12615.848695534456,11029.03323068671,152.90332306867094,0.0,12768.752018603127,17.78,0.7,0.0,0.0,5.0,0.6449628755448891
1003,4,train_0159,11928.556604169717,10131.300515952567,63.13005159525674,0.0,11991.686655764974,17.08,0.72,0.0,0.0,5.0,0.6449628755448891
1004,4,train_0349,12015.441838791237,10392.068123547682,89.20681235476823,0.0,12104.648651146006,15.58,0.6,0.0,0.0,5.0,0.6449628755448891
1005,4,train_0536,12247.89847655653,10631.714109218414,113.17141092184139,0.0,12361.06988747837,14.92,0.72,0.0,0.0,5.0,0.6449628755448891
1006,4,train_0569,12261.410833862335,10148.815812407018,64.88158124070178,0.0,12326.292415103037,16.74,0.66,0.0,0.0,5.0,0.6449628755448891
1007,4,train_0183,12747.423767686576,10343.753709636127,84.37537096361267,0.0,12831.799138650189,15.48,0.68,0.0,0.0,5.0,0.6449628755448891
1008,4,train_0184,12161.356937518358,10388.79374356353,88.87937435635304,0.0,12250.23631187471,16.06,0.7,0.0,0.0,5.0,0.6449628755448891
1009,4,train_0034,12200.764113759786,10392.384089250376,89.23840892503759,0.0,12290.002522684823,15.98,0.68,0.0,0.0,5.0,0.6449628755448891
1010,4,train_0459,11968.54433505777,10552.539640760504,105.25396407605041,0.0,12073.79829913382,17.26,0.62,0.0,0.0,5.0,0.6449628755448891
1011,4,train_0173,12719.576331219583,10366.61456670187,86.66145667018701,0.0,12806.23778788977,18.24,0.64,0.0,0.0,5.0,0.6449628755448891
1012,4,train_0213,12300.200493042634,10427.657686488898,92.76576864888976,0.0,12392.966261691523,17.16,0.74,0.0,0.0,5.0,0.6449628755448891
1013,4,train_0230,12580.894341857229,10313.602156397865,81.36021563978647,0.0,12662.254557497015,13.92,0.66,0.0,0.0,5.0,0.6449628755448891
1014,4,train_0059,12418.973802980916,10573.180208687088,107.31802086870886,0.0,12526.291823849624,15.62,0.84,0.0,0.0,5.0,0.6449628755448891
1015,4,train_0062,12150.800582814962,10094.528122826205,59.45281228262047,0.0,12210.253395097581,16.44,0.7,0.0,0.0,5.0,0.6449628755448891
1016,4,train_0349,11863.684733038805,10440.282130174655,94.02821301746553,0.0,11957.71294605627,14.88,0.62,0.0,0.0,5.0,0.6449628755448891
1017,4,train_0257,12476.893996403274,10448.876196436922,94.88761964369223,0.0,12571.781616046967,15.78,0.64,0.0,0.0,5.0,0.6449628755448891
1018,4,train_0197,12189.006189013624,11204.3294420531,170.43294420531004,0.0,12359.439133218933,15.78,0.78,0.0,0.0,5.0,0.6449628755448891
1019,4,train_0478,12235.900335291046,10563.146396996995,106.31463969969955,0.0,12342.214974990746,15.98,0.6,0.0,0.0,5.0,0.6449628755448891
1020,4,train_0129,12780.530827010734,10997.609579387328,149.76095793873284,0.0,12930.291784949468,14.38,0.76,0.0,0.0,5.0,0.6449628755448891
1021,4,train_0248,12194.884221761238,10563.40878420368,106.34087842036807,0.0,12301.225100181606,16.18,0.72,0.0,0.0,5.0,0.6449628755448891
1022,4,train_0189,12416.553574627995,10205.938668936778,70.59386689367784,0.0,12487.147441521673,15.36,0.7,0.0,0.0,5.0,0.6449628755448891
1023,4,train_0296,12470.77625562181,10524.995289170944,102.49952891709437,0.0,12573.275784538904,15.58,0.52,0.0,0.0,5.0,0.6449628755448891
1024,5,train_0079,12480.069960217706,10536.262117932873,103.62621179328727,0.0,12583.696172010994,15.46,0.7,0.0,0.0,5.0,0.6449628755448891
1025,5,train_0599,12489.668602867194,9881.952086414625,38.19520864146252,0.0,12527.863811508656,17.54,0.52,0.0,0.0,5.0,0.6449628755448891
1026,5,train_0175,12087.333635544153,10370.468574901162,87.04685749011624,0.0,12174.38049303427,18.88,0.64,0.0,0.0,5.0,0.6449628755448891
1027,5,train_0129,12731.464123000836,10650.385740446662,115.03857404466618,0.0,12846.502697045502,13.46,0.68,0.0,0.0,5.0,0.6449628755448891
1028,5,train_0419,12592.394754106639,10286.446467722351,78.64464677223515,0.0,12671.039400878873,14.4,0.72,0.0,0.0,5.0,0.6449628755448891
1029,5,train_0326,12421.214266781753,9866.73238738319,36.673238738319014,0.0,12457.887505520073,15.38,0.62,0.0,0.0,5.0,0.6449628755448891
1030,5,train_0446,12296.213537922733,10341.53956996392,84.15395699639194,0.0,12380.367494919125,16.98,0.68,0.0,0.0,5.0,0.6449628755448891
1031,5,train_0592,12311.033208102122,10643.465441282515,114.34654412825148,0.0,12425.379752230374,15.86,0.78,0.0,0.0,5.0,0.6449628755448891
1032,5,train_0418,12608.528691994015,10429.8292653711,92.98292653710996,0.0,12701.511618531125,15.74,0.72,0.0,0.0,5.0,0.6449628755448891
1033,5,train_0297,12051.942508447146,10459.265042901312,95.9265042901312,0.0,12147.869012737277,12.3,0.66,0.0,0.0,5.0,0.6449628755448891
1034,5,train_0193,12499.110395674972,10785.290941888328,128.52909418883283,0.0,12627.639489863805,14.34,0.58,0.0,0.0,5.0,0.6449628755448891
1035,5,train_0354,11989.60690485518,10037.499329203878,53.749932920387806,0.0,12043.356837775567,14.78,0.68,0.0,0.0,5.0,0.6449628755448891
1036,5,train_0546,12473.351703005694,10422.356202451836,92.23562024518361,0.0,12565.587323250877,19.64,0.68,0.0,0.0,5.0,0.6449628755448891
1037,5,train_0328,12415.735255068283,10346.621039346588,84.66210393465882,0.0,12500.397359002942,15.88,0.66,0.0,0.0,5.0,0.6449628755448891
1038,5,train_0331,12487.86735164197,9984.372308732736,48.43723087327362,0.0,12536.304582515244,17.92,0.82,0.0,0.0,5.0,0.6449628755448891
1039,5,train_0069,12377.01814983178,10019.924369521425,51.992436952142455,0.0,12429.010586783923,17.22,0.62,0.0,0.0,5.0,0.6449628755448891
1040,5,train_0263,12038.066216922063,10125.224509638661,62.52245096386614,0.0,12100.58866788593,15.26,0.66,0.0,0.0,5.0,0.6449628755448891
1041,5,train_0429,12720.759004742082,10569.410358024186,106.94103580241864,0.0,12827.7000405445,16.08,0.74,0.0,0.0,5.0,0.6449628755448891
1042,5,train_0492,12300.600796256927,10176.638166432956,67.66381664329565,0.0,12368.264612900222,15.88,0.6,0.0,0.0,5.0,0.6449628755448891
1043,5,train_0547,12975.343382500469,10281.594909335297,78.15949093352975,0.0,13053.502873433998,17.16,0.72,0.0,0.0,5.0,0.6449628755448891
1044,5,train_0389,12292.85230925423,10114.475497122807,61.447549712280676,0.0,12354.29985896651,16.58,0.68,0.0,0.0,5.0,0.6449628755448891
1045,5,train_0555,12327.972568681582,10123.475801485745,62.34758014857453,0.0,12390.320148830157,17.32,0.68,0.0,0.0,5.0,0.6449628755448891
1046,5,train_0037,12949.593459452655,10610.25899374537,111.02589937453705,0.0,13060.619358827193,16.54,0.76,0.0,0.0,5.0,0.6449628755448891
1047,5,train_0352,11944.294273077183,10019.381929076975,51.93819290769753,0.0,11996.23246598488,16.4,0.78,0.0,0.0,5.0,0.6449628755448891
1048,5,train_0154,12424.775809817449,10808.78498906532,130.87849890653197,0.0,12555.65430872398,18.04,0.74,0.0,0.0,5.0,0.6449628755448891
1049,5,train_0211,12074.486515514105,10590.29981301455,109.02998130145498,0.0,12183.51649681556,17.46,0.72,0.0,0.0,5.0,0.6449628755448891
1050,5,train_0567,13574.088224846371,10494.94447460625,99.4944474606251,0.0,13673.582672306997,16.66,0.64,0.0,0.0,5.0,0.6449628755448891
1051,5,train_0405,12286.386670118765,10819.683236983186,131.96832369831864,0.0,12418.354993817084,16.06,0.62,0.0,0.0,5.0,0.6449628755448891
1052,5,train_0266,12780.659134123562,10156.155831721908,65.61558317219078,0.0,12846.274717295753,15.22,0.62,0.0,0.0,5.0,0.6449628755448891
1053,5,train_0566,12247.116111255966,9781.485118760269,28.148511876026898,0.0,12275.264623131992,15.08,0.64,0.0,0.0,5.0,0.6449628755448891
1054,5,train_0238,12290.797271960379,10190.788862556043,69.07888625560427,0.0,12359.876158215982,17.36,0.6,0.0,0.0,5.0,0.6449628755448891
1055,5,train_0586,12175.909165707795,10434.819311833422,93.48193118334221,0.0,12269.391096891137,15.04,0.68,0.0,0.0,5.0,0.6449628755448891
1056,5,train_0175,12193.03031487976,10232.02929171645,73.20292917164498,0.0,12266.233244051404,17.24,0.78,0.0,0.0,5.0,0.6449628755448891
1057,5,train_0169,11940.034198823116,10097.405384473303,59.74053844733026,0.0,11999.774737270445,17.3,0.64,0.0,0.0,5.0,0.6449628755448891
1058,5,train_0385,12786.121165888724,10621.814522866109,112.18145228661088,0.0,12898.302618175336,16.94,0.68,0.0,0.0,5.0,0.6449628755448891
1059,5,train_0561,12417.755231811618,10629.39253453099,112.93925345309908,0.0,12530.694485264718,17.3,0.66,0.0,0.0,5.0,0.6449628755448891
1060,5,train_0047,12298.259147929262,10142.791569839734,64.27915698397338,0.0,12362.538304913236,15.26,0.66,0.0,0.0,5.0,0.6449628755448891
1061,5,train_0438,12091.45602017047,10196.882564773605,69.68825647736048,0.0,12161.14427664783,15.06,0.66,0.0,0.0,5.0,0.6449628755448891
1062,5,train_0248,12966.803375409363,9918.461116551556,41.846111655155624,0.0,13008.649487064518,16.28,0.6,0.0,0.0,5.0,0.6449628755448891
1063,5,train_0523,11883.343703022725,10398.287192588516,89.82871925885156,0.0,11973.172422281577,15.1,0.68,0.0,0.0,5.0,0.6449628755448891
1064,5,train_0467,12649.908103663023,10681.870001536081,118.1870001536081,0.0,12768.095103816631,14.38,0.6,0.0,0.0,5.0,0.6449628755448891
1065,5,train_0100,12019.53346482154,10289.051468492224,78.90514684922238,0.0,12098.438611670761,15.04,0.7,0.0,0.0,5.0,0.6449628755448891
1066,5,train_0402,12301.365380234609,10770.656479428057,127.06564794280567,0.0,12428.431028177414,16.3,0.64,0.0,0.0,5.0,0.6449628755448891
1067,5,train_0585,12666.11719486914,10326.899210255038,82.68992102550384,0.0,12748.807115894644,13.22,0.44,0.0,0.0,5.0,0.6449628755448891
1068,5,train_0088,12708.634190112687,10518.228673248008,101.8228673248008,0.0,12810.457057437488,17.66,0.68,0.0,0.0,5.0,0.6449628755448891
1069,5,train_0452,12291.657309587908,10442.833356768657,94.28333567686569,0.0,12385.940645264775,14.42,0.62,0.0,0.0,5.0,0.6449628755448891
1070,5,train_0065,12425.696306081483,10608.469458306708,110.84694583067085,0.0,12536.543251912153,12.84,0.58,0.0,0.0,5.0,0.6449628755448891
1071,5,train_0099,11624.15328781149,10407.595974121616,90.75959741216157,0.0,11714.912885223652,17.44,0.58,0.0,0.0,5.0,0.6449628755448891
1072,5,train_0156,12079.546689369054,10546.190684220823,104.61906842208228,0.0,12184.165757791136,15.94,0.68,0.0,0.0,5.0,0.6449628755448891
1073,5,train_0324,12296.243412354233,10539.18932032251,103.918932032251,0.0,12400.162344386485,15.44,0.64,0.0,0.0,5.0,0.6449628755448891
1074,5,train_0470,11928.387678231495,10289.941619361518,78.9941619361518,0.0,12007.381840167647,16.06,0.48,0.0,0.0,5.0,0.6449628755448891
1075,5,train_0066,12516.596373405293,10319.505052938117,81.9505052938117,0.0,12598.546878699104,17.76,0.54,0.0,0.0,5.0,0.6449628755448891
1076,5,train_0023,11951.201445296241,10160.365010142737,66.03650101427375,0.0,12017.237946310515,14.74,0.56,0.0,0.0,5.0,0.6449628755448891
1077,5,train_0434,12636.382571210579,10644.948897251923,114.49488972519231,0.0,12750.877460935772,16.34,0.66,0.0,0.0,5.0,0.6449628755448891
1078,5,train_0194,12256.07838127808,10671.420287907613,117.14202879076129,0.0,12373.22041006884,16.32,0.64,0.0,0.0,5.0,0.6449628755448891
1079,5,train_0357,12065.637196098167,10362.485032420216,86.24850324202163,0.0,12151.885699340188,15.9,0.54,0.0,0.0,5.0,0.6449628755448891
1080,5,train_0254,12447.235292284291,10397.457737577042,89.74577375770423,0.0,12536.981066041995,16.48,0.74,0.0,0.0,5.0,0.6449628755448891
1081,5,train_0346,12519.518394730281,10787.894663436735,128.7894663436735,0.0,12648.307861073954,16.44,0.5,0.0,0.0,5.0,0.6449628755448891
1082,5,train_0198,11997.408835633356,9566.863756756089,6.6863756756089066,0.0,12004.095211308964,16.52,0.6,0.0,0.0,5.0,0.6449628755448891
1083,5,train_0508,12638.624882854998,10334.2678310792,83.42678310791999,0.0,12722.051665962917,13.62,0.6,0.0,0.0,5.0,0.6449628755448891
1084,5,train_0069,12214.612377575337,10178.750752099568,67.87507520995678,0.0,12282.487452785293,15.72,0.64,0.0,0.0,5.0,0.6449628755448891
1085,5,train_0461,12216.288693658418,10337.573921748204,83.75739217482042,0.0,12300.046085833239,14.2,0.64,0.0,0.0,5.0,0.6449628755448891
1086,5,train_0256,12416.221527029104,10283.963436007023,78.39634360070232,0.0,12494.617870629805,16.18,0.66,0.0,0.0,5.0,0.6449628755448891
1087,5,train_0055,12365.618854973676,10186.484178475459,68.6484178475459,0.0,12434.267272821222,14.38,0.5,0.0,0.0,5.0,0.6449628755448891
1088,5,train_0540,12477.4640778385,10637.786625754827,113.77866257548267,0.0,12591.242740413983,16.6,0.52,0.0,0.0,5.0,0.6449628755448891
1089,5,train_0457,12261.360602510316,10379.797113405088,87.97971134050877,0.0,12349.340313850826,14.46,0.66,0.0,0.0,5.0,0.6449628755448891
1090,5,train_0092,12592.082904012468,10334.170342417365,83.41703424173647,0.0,12675.499938254205,16.38,0.66,0.0,0.0,5.0,0.6449628755448891
1091,5,train_0324,12568.260001276354,10277.363771589535,77.73637715895347,0.0,12645.996378435308,14.72,0.68,0.0,0.0,5.0,0.6449628755448891
1092,5,train_0093,12088.608791236133,10065.698955113301,56.56989551133011,0.0,12145.178686747462,18.62,0.6,0.0,0.0,5.0,0.6449628755448891
1093,5,train_0113,12140.532010778345,10259.049616555842,75.90496165558416,0.0,12216.436972433929,17.5,0.58,0.0,0.0,5.0,0.6449628755448891
1094,5,train_0177,12379.955364737529,10366.569713614046,86.65697136140462,0.0,12466.612336098933,14.2,0.66,0.0,0.0,5.0,0.6449628755448891
1095,5,train_0208,12387.051458346517,10203.404230574328,70.34042305743279,0.0,12457.39188140395,14.46,0.66,0.0,0.0,5.0,0.6449628755448891
1096,5,train_0590,12136.494731313616,10341.567185904427,84.1567185904427,0.0,12220.651449904059,17.04,0.64,0.0,0.0,5.0,0.6449628755448891
1097,5,train_0305,12235.651713666255,10321.544744863357,82.15447448633569,0.0,12317.80618815259,16.04,0.6,0.0,0.0,5.0,0.6449628755448891
1098,5,train_0251,12107.474040410392,10418.759038491147,91.87590384911474,0.0,12199.349944259508,13.84,0.64,0.0,0.0,5.0,0.6449628755448891
1099,5,train_0515,12589.852792987742,10232.010510701617,73.20105107016171,0.0,12663.053844057904,15.56,0.74,0.0,0.0,5.0,0.6449628755448891
1100,5,train_0022,12233.878719941595,10652.113788634713,115.21137886347134,0.0,12349.090098805065,17.0,0.68,0.0,0.0,5.0,0.6449628755448891
1101,5,train_0529,12522.525739884168,10323.19342485471,82.31934248547095,0.0,12604.845082369638,15.84,0.64,0.0,0.0,5.0,0.6449628755448891
1102,5,train_0022,12203.670241500697,10550.230123104016,105.02301231040165,0.0,12308.693253811098,15.92,0.64,0.0,0.0,5.0,0.6449628755448891
1103,5,train_0061,12266.165800629926,10117.959740666454,61.795974066645435,0.0,12327.96177469657,14.86,0.54,0.0,0.0,5.0,0.6449628755448891
1104,5,train_0019,12709.477495277584,10441.156664727898,94.11566647278978,0.0,12803.593161750374,13.54,0.7,0.0,0.0,5.0,0.6449628755448891
1105,5,train_0265,12750.599015095346,10027.858201657113,52.78582016571127,0.0,12803.384835261057,15.92,0.7,0.0,0.0,5.0,0.6449628755448891
1106,5,train_0587,12441.99560345339,10040.479093587386,54.04790935873862,0.0,12496.043512812128,16.8,0.62,0.0,0.0,5.0,0.6449628755448891
1107,5,train_0506,12324.927672487009,9892.752749950047,39.27527499500466,0.0,12364.202947482014,15.14,0.6,0.0,0.0,5.0,0.6449628755448891
1108,5,train_0042,12056.318313931679,10636.999651289612,113.69996512896124,0.0,12170.01827906064,16.38,0.58,0.0,0.0,5.0,0.6449628755448891
1109,5,train_0361,12749.10617517691,10436.093298963984,93.60932989639842,0.0,12842.715505073309,17.34,0.82,0.0,0.0,5.0,0.6449628755448891
1110,5,train_0562,12134.236407398266,10598.063646088378,109.8063646088378,0.0,12244.042772007104,14.42,0.64,0.0,0.0,5.0,0.6449628755448891
1111,5,train_0513,12334.816783895256,10055.12837308891,55.512837308890994,0.0,12390.329621204146,15.46,0.74,0.0,0.0,5.0,0.6449628755448891
1112,5,train_0168,12589.51084479929,10794.383182372338,129.43831823723377,0.0,12718.949163036523,18.0,0.72,0.0,0.0,5.0,0.6449628755448891
1113,5,train_0358,12547.217323795165,10349.179229939326,84.91792299393256,0.0,12632.135246789097,16.44,0.8,0.0,0.0,5.0,0.6449628755448891
1114,5,train_0211,12245.407188334173,10558.486141139365,105.84861411393649,0.0,12351.25580244811,16.16,0.68,0.0,0.0,5.0,0.6449628755448891
1115,5,train_0133,12482.447276213807,10330.114342970475,83.01143429704753,0.0,12565.458710510855,17.94,0.56,0.0,0.0,5.0,0.6449628755448891
1116,5,train_0529,12381.164460782471,10404.4520794743,90.44520794743003,0.0,12471.609668729901,17.46,0.48,0.0,0.0,5.0,0.6449628755448891
1117,5,train_0301,12530.460883435373,10819.808081636616,131.98080816366164,0.0,12662.441691599035,15.62,0.74,0.0,0.0,5.0,0.6449628755448891
1118,5,train_0285,12185.323747830698,10460.58330628518,96.05833062851798,0.0,12281.382078459217,14.98,0.62,0.0,0.0,5.0,0.6449628755448891
1119,5,train_0309,12327.996803158807,10492.588252341266,99.25882523412656,0.0,12427.255628392933,13.58,0.78,0.0,0.0,5.0,0.6449628755448891
1120,5,train_0126,12456.61680476359,10176.748961982812,67.6748961982812,0.0,12524.29170096187,16.4,0.82,0.0,0.0,5.0,0.6449628755448891
1121,5,train_0536,12270.532659040364,10623.763609084892,112.37636090848919,0.0,12382.909019948853,15.54,0.74,0.0,0.0,5.0,0.6449628755448891
1122,5,train_0358,12017.478136515672,10716.228214423767,121.6228214423767,0.0,12139.10095795805,15.58,0.58,0.0,0.0,5.0,0.6449628755448891
1123,5,train_0213,12564.055877261017,9860.493127254738,36.04931272547383,0.0,12600.10518998649,16.28,0.62,0.0,0.0,5.0,0.6449628755448891
1124,5,train_0359,12618.432689350784,10282.532770845512,78.25327708455116,0.0,12696.685966435336,15.6,0.7,0.0,0.0,5.0,0.6449628755448891
1125,5,train_0140,12288.963552874222,10157.378836841322,65.73788368413226,0.0,12354.701436558355,15.68,0.68,0.0,0.0,5.0,0.6449628755448891
1126,5,train_0292,12687.536902401393,10212.510094463894,71.25100944638943,0.0,12758.787911847781,17.86,0.58,0.0,0.0,5.0,0.6449628755448891
1127,5,train_0449,12571.522639828545,10318.898439820625,81.88984398206249,0.0,12653.412483810607,18.32,0.54,0.0,0.0,5.0,0.6449628755448891
1128,5,train_0497,12499.74150493291,10510.784010992971,101.07840109929712,0.0,12600.819906032208,16.38,0.66,0.0,0.0,5.0,0.6449628755448891
1129,5,train_0251,12352.466193549562,10392.960612425322,89.29606124253223,0.0,12441.762254792095,14.26,0.76,0.0,0.0,5.0,0.6449628755448891
1130,5,train_0429,12811.317567387385,10668.153654749827,116.81536547498273,0.0,12928.132932862367,16.86,0.72,0.0,0.0,5.0,0.6449628755448891
1131,5,train_0290,12511.969893515303,10380.364230616316,88.03642306163165,0.0,12600.006316576935,16.56,0.68,0.0,0.0,5.0,0.6449628755448891
1132,5,train_0046,12258.510210350945,10054.374757331187,55.43747573311867,0.0,12313.947686084064,18.24,0.72,0.0,0.0,5.0,0.6449628755448891
1133,5,train_0585,12442.165119957212,10638.923863095755,113.89238630957553,0.0,12556.057506266787,13.52,0.64,0.0,0.0,5.0,0.6449628755448891
1134,5,train_0521,12204.16542441578,10453.678715796417,95.36787157964173,0.0,12299.533295995421,17.86,0.6,0.0,0.0,5.0,0.6449628755448891
1135,5,train_0404,13164.719339310264,10833.13432685945,133.313432685945,0.0,13298.03277199621,16.4,0.74,0.0,0.0,5.0,0.6449628755448891
1136,5,train_0030,12147.766812465994,10175.810693920588,67.58106939205882,0.0,12215.347881858053,16.18,0.64,0.0,0.0,5.0,0.6449628755448891
1137,5,train_0403,12655.025405819371,10527.563435892274,102.75634358922744,0.0,12757.7817494086,13.82,0.68,0.0,0.0,5.0,0.6449628755448891
1138,5,train_0142,12755.190089014948,10570.31444566546,107.0314445665461,0.0,12862.221533581494,15.44,0.62,0.0,0.0,5.0,0.6449628755448891
1139,5,train_0560,12319.909495780334,10256.661387847596,75.66613878475964,0.0,12395.575634565093,18.32,0.72,0.0,0.0,5.0,0.6449628755448891
1140,5,train_0053,12384.935750890218,10367.572321595795,86.75723215957952,0.0,12471.692983049797,15.2,0.72,0.0,0.0,5.0,0.6449628755448891
1141,5,train_0429,13218.182782841399,10289.48847559897,78.94884755989698,0.0,13297.131630401296,15.92,0.66,0.0,0.0,5.0,0.6449628755448891
1142,5,train_0234,12358.07221710914,10212.998166971356,71.29981669713561,0.0,12429.372033806276,14.56,0.72,0.0,0.0,5.0,0.6449628755448891
1143,5,train_0572,12584.705969406024,10089.112222339356,58.91122223393559,0.0,12643.61719163996,13.6,0.76,0.0,0.0,5.0,0.6449628755448891
1144,5,train_0469,12708.906237550398,10626.32738255294,112.63273825529396,0.0,12821.538975805692,16.0,0.8,0.0,0.0,5.0,0.6449628755448891
1145,5,train_0379,12850.340685245543,10758.424387570718,125.8424387570718,0.0,12976.183124002615,13.58,0.6,0.0,0.0,5.0,0.6449628755448891
1146,5,train_0312,12066.276808484854,10249.33054434588,74.93305443458794,0.0,12141.209862919442,16.3,0.54,0.0,0.0,5.0,0.6449628755448891
1147,5,train_0352,12047.483677641412,10008.189619241432,50.81896192414315,0.0,12098.302639565556,16.56,0.72,0.0,0.0,5.0,0.6449628755448891
1148,5,train_0367,12499.157246615829,9981.50713462835,48.15071346283494,0.0,12547.307960078664,15.12,0.62,0.0,0.0,5.0,0.6449628755448891
1149,5,train_0170,11767.890274753092,10240.61037327719,74.06103732771899,0.0,11841.951312080811,17.64,0.66,0.0,0.0,5.0,0.6449628755448891
1150,5,train_0321,12347.474083305535,10503.10931736301,100.31093173630107,0.0,12447.785015041836,17.94,0.68,0.0,0.0,5.0,0.6449628755448891
1151,5,train_0138,12554.771901844888,10034.1677414599,53.41677414598999,0.0,12608.188675990878,17.08,0.6,0.0,0.0,5.0,0.6449628755448891
1152,5,train_0164,12183.106762860349,10345.319617427322,84.53196174273216,0.0,12267.63872460308,14.26,0.78,0.0,0.0,5.0,0.6449628755448891
1153,5,train_0318,12287.286869156233,10244.06097204135,74.40609720413504,0.0,12361.692966360368,17.26,0.68,0.0,0.0,5.0,0.6449628755448891
1154,5,train_0380,12380.920442379425,10334.146584981718,83.41465849817178,0.0,12464.335100877597,16.04,0.62,0.0,0.0,5.0,0.6449628755448891
1155,5,train_0035,12879.618605970243,10618.613597676935,111.86135976769347,0.0,12991.479965737937,16.68,0.72,0.0,0.0,5.0,0.6449628755448891
1156,5,train_0589,12267.933603493711,10197.755559325578,69.77555593255784,0.0,12337.70915942627,14.98,0.56,0.0,0.0,5.0,0.6449628755448891
1157,5,train_0100,11880.846881265083,10163.420444411167,66.34204444111674,0.0,11947.1889257062,13.76,0.58,0.0,0.0,5.0,0.6449628755448891
1158,5,train_0331,12605.505589439721,10084.704023247057,58.470402324705724,0.0,12663.975991764426,14.9,0.7,0.0,0.0,5.0,0.6449628755448891
1159,5,train_0425,12693.81831170286,10766.280015713855,126.62800157138554,0.0,12820.446313274246,14.96,0.7,0.0,0.0,5.0,0.6449628755448891
1160,5,train_0161,12263.895136083676,10588.88609054802,108.88860905480198,0.0,12372.783745138478,16.26,0.64,0.0,0.0,5.0,0.6449628755448891
1161,5,train_0407,12637.694249989212,10037.842491518408,53.78424915184078,0.0,12691.478499141052,16.78,0.64,0.0,0.0,5.0,0.6449628755448891
1162,5,train_0304,12571.80509049401,10731.582851242305,123.1582851242305,0.0,12694.963375618241,15.8,0.66,0.0,0.0,5.0,0.6449628755448891
1163,5,train_0017,12149.025625362705,10481.096409506523,98.10964095065229,0.0,12247.135266313357,14.7,0.7,0.0,0.0,5.0,0.6449628755448891
1164,5,train_0521,12671.33397381552,9970.596668756647,47.0596668756647,0.0,12718.393640691183,18.96,0.68,0.0,0.0,5.0,0.6449628755448891
1165,5,train_0097,12144.356566427337,10541.591690966476,104.15916909664757,0.0,12248.515735523984,17.0,0.68,0.0,0.0,5.0,0.6449628755448891
1166,5,train_0072,12230.161795254899,10610.988697459172,111.09886974591718,0.0,12341.260665000817,15.96,0.7,0.0,0.0,5.0,0.6449628755448891
1167,5,train_0370,12065.551079727433,10751.774460383454,125.17744603834545,0.0,12190.728525765779,15.62,0.68,0.0,0.0,5.0,0.6449628755448891
1168,5,train_0114,12061.789297595009,10350.963788058643,85.09637880586433,0.0,12146.885676400874,16.56,0.7,0.0,0.0,5.0,0.6449628755448891
1169,5,train_0244,12355.16460696949,10252.63009861475,75.26300986147508,0.0,12430.427616830966,16.84,0.68,0.0,0.0,5.0,0.6449628755448891
1170,5,train_0020,12743.21971953102,10535.852208365228,103.5852208365228,0.0,12846.804940367543,15.3,0.7,0.0,0.0,5.0,0.6449628755448891
1171,5,train_0353,11821.495686086088,10452.762670608776,95.27626706087759,0.0,11916.771953146965,16.62,0.62,0.0,0.0,5.0,0.6449628755448891
1172,5,train_0525,11951.13466969999,10273.236610788066,77.32366107880662,0.0,12028.458330778796,15.96,0.54,0.0,0.0,5.0,0.6449628755448891
1173,5,train_0077,12077.934581162326,10117.349332383907,61.73493323839066,0.0,12139.669514400717,15.86,0.62,0.0,0.0,5.0,0.6449628755448891
1174,5,train_0343,12940.334370141252,10805.312351303168,130.5312351303168,0.0,13070.865605271569,16.66,0.7,0.0,0.0,5.0,0.6449628755448891
1175,5,train_0517,12485.321634694614,10429.440288417729,92.94402884177289,0.0,12578.265663536387,16.16,0.68,0.0,0.0,5.0,0.6449628755448891
1176,5,train_0128,11757.711623228377,10205.787503584415,70.57875035844154,0.0,11828.290373586819,13.84,0.6,0.0,0.0,5.0,0.6449628755448891
1177,5,train_0155,12510.01957244487,10415.353802210164,91.5353802210164,0.0,12601.554952665885,15.34,0.72,0.0,0.0,5.0,0.6449628755448891
1178,5,train_0275,12050.815338054927,10553.612568024335,105.3612568024335,0.0,12156.17659485736,14.82,0.52,0.0,0.0,5.0,0.6449628755448891
1179,5,train_0224,12292.23999715838,10348.30816575813,84.83081657581297,0.0,12377.070813734194,15.02,0.64,0.0,0.0,5.0,0.6449628755448891
1180,5,train_0050,12130.245970504864,10338.02805029086,83.80280502908609,0.0,12214.04877553395,15.38,0.6,0.0,0.0,5.0,0.6449628755448891
1181,5,train_0269,11684.362825605705,10382.978855367382,88.29788553673825,0.0,11772.660711142444,15.08,0.66,0.0,0.0,5.0,0.6449628755448891
1182,5,train_0549,12767.308256080007,10444.228622069102,94.42286220691022,0.0,12861.731118286916,14.08,0.68,0.0,0.0,5.0,0.6449628755448891
1183,5,train_0355,12378.868138138947,10290.813330794856,79.08133307948556,0.0,12457.949471218433,17.38,0.72,0.0,0.0,5.0,0.6449628755448891
1184,5,train_0190,13098.821255361405,10289.8811330499,78.98811330498994,0.0,13177.809368666394,15.48,0.56,0.0,0.0,5.0,0.6449628755448891
1185,5,train_0588,12326.57536079066,10198.015311383035,69.80153113830347,0.0,12396.376891928965,18.06,0.78,0.0,0.0,5.0,0.6449628755448891
1186,5,train_0052,12822.37846492424,10274.414619991992,77.44146199919925,0.0,12899.81992692344,15.74,0.66,0.0,0.0,5.0,0.6449628755448891
1187,5,train_0125,12469.198836943913,9932.748243611164,43.27482436111641,0.0,12512.47366130503,15.56,0.64,0.0,0.0,5.0,0.6449628755448891
1188,5,train_0592,12242.330725649801,10594.03383103614,109.40338310361403,0.0,12351.734108753415,15.82,0.66,0.0,0.0,5.0,0.6449628755448891
1189,5,train_0097,12207.773097982034,10209.754254393705,70.97542543937053,0.0,12278.748523421404,15.4,0.7,0.0,0.0,5.0,0.6449628755448891
1190,5,train_0488,12435.711794237715,10523.143529402052,102.31435294020521,0.0,12538.026147177921,15.02,0.58,0.0,0.0,5.0,0.6449628755448891
1191,5,train_0087,12598.492535272955,10687.50843282066,118.75084328206594,0.0,12717.24337855502,15.84,0.68,0.0,0.0,5.0,0.6449628755448891
1192,5,train_0134,12575.69437691108,10694.67934755197,119.46793475519699,0.0,12695.162311666278,14.0,0.62,0.0,0.0,5.0,0.6449628755448891
1193,5,train_0464,12472.14402999749,10221.616782339122,72.16167823391224,0.0,12544.3057082314,14.92,0.78,0.0,0.0,5.0,0.6449628755448891
1194,5,train_0391,12166.494477014521,10561.497104077567,106.14971040775673,0.0,12272.644187422278,15.46,0.72,0.0,0.0,5.0,0.6449628755448891
1195,5,train_0229,12797.542676605543,10427.75071910234,92.77507191023398,0.0,12890.317748515776,16.58,0.7,0.0,0.0,5.0,0.6449628755448891
1196,5,train_0160,12261.447490524359,10565.697420297492,106.56974202974925,0.0,12368.017232554108,16.82,0.72,0.0,0.0,5.0,0.6449628755448891
1197,5,train_0556,12769.752144522077,10126.786259218174,62.67862592181737,0.0,12832.430770443894,14.04,0.76,0.0,0.0,5.0,0.6449628755448891
1198,5,train_0277,12438.81494080371,10199.633995653483,69.9633995653483,0.0,12508.778340369057,15.48,0.68,0.0,0.0,5.0,0.6449628755448891
1199,5,train_0039,12389.980294561648,10594.22551535627,109.42255153562692,0.0,12499.402846097275,17.46,0.5,0.0,0.0,5.0,0.6449628755448891
1200,5,train_0473,12127.020514466556,10188.154666957395,68.81546669573946,0.0,12195.835981162296,16.58,0.58,0.0,0.0,5.0,0.6449628755448891
1201,5,train_0318,12135.35072735717,10196.518907389724,69.65189073897237,0.0,12205.002618096143,18.84,0.58,0.0,0.0,5.0,0.6449628755448891
1202,5,train_0101,12769.74169508349,10131.035969641067,63.10359696410669,0.0,12832.845292047597,15.74,0.6,0.0,0.0,5.0,0.6449628755448891
1203,5,train_0454,12854.56079188809,10425.333991262334,92.53339912623342,0.0,12947.094191014325,16.76,0.72,0.0,0.0,5.0,0.6449628755448891
1204,5,train_0309,12602.66850215702,10392.448831530342,89.24488315303425,0.0,12691.913385310054,14.12,0.7,0.0,0.0,5.0,0.6449628755448891
1205,5,train_0304,12939.696664564628,10546.467203663531,104.64672036635312,0.0,13044.34338493098,16.94,0.62,0.0,0.0,5.0,0.6449628755448891
1206,5,train_0508,12622.49323104624,10576.279049046818,107.62790490468178,0.0,12730.121135950923,15.08,0.56,0.0,0.0,5.0,0.6449628755448891
1207,5,train_0243,12535.073649293552,10237.259567173554,73.72595671735544,0.0,12608.799606010907,18.0,0.62,0.0,0.0,5.0,0.6449628755448891
1208,5,train_0025,12557.99994661111,10342.944216045371,84.29442160453709,0.0,12642.294368215647,15.5,0.62,0.0,0.0,5.0,0.6449628755448891
1209,5,train_0486,12361.73262850572,10986.690322448676,148.6690322448676,0.0,12510.401660750587,14.82,0.7,0.0,0.0,5.0,0.6449628755448891
1210,5,train_0123,12386.457929868484,10235.674872386302,73.5674872386302,0.0,12460.025417107114,14.28,0.74,0.0,0.0,5.0,0.6449628755448891
1211,5,train_0305,12382.633072616682,10468.822121649067,96.88221216490675,0.0,12479.515284781588,14.22,0.54,0.0,0.0,5.0,0.6449628755448891
1212,5,train_0258,12441.361063320794,10764.646070708874,126.46460707088737,0.0,12567.825670391681,14.96,0.62,0.0,0.0,5.0,0.6449628755448891
1213,5,train_0543,12844.783669430162,10004.232007113282,50.42320071132818,0.0,12895.20687014149,15.92,0.58,0.0,0.0,5.0,0.6449628755448891
1214,5,train_0012,12745.779654438451,10700.937102595106,120.0937102595106,0.0,12865.873364697962,15.6,0.68,0.0,0.0,5.0,0.6449628755448891
1215,5,train_0143,12752.814666510196,10496.837263560408,99.68372635604084,0.0,12852.498392866237,13.4,0.76,0.0,0.0,5.0,0.6449628755448891
1216,6,train_0227,12795.842330469986,10386.710183839852,88.67101838398521,0.0,12884.513348853972,15.74,0.7,0.0,0.0,5.0,0.6449628755448891
1217,6,train_0359,12640.796941960236,10372.860271073932,87.28602710739324,0.0,12728.08296906763,16.22,0.6,0.0,0.0,5.0,0.6449628755448891
1218,6,train_0130,12433.87112921456,10268.681347126425,76.8681347126425,0.0,12510.739263927202,14.94,0.62,0.0,0.0,5.0,0.6449628755448891
1219,6,train_0380,12255.703086448597,9978.480276288425,47.848027628842466,0.0,12303.55111407744,16.26,0.72,0.0,0.0,5.0,0.6449628755448891
1220,6,train_0105,12264.33290856998,10635.269969413323,113.52699694133226,0.0,12377.859905511314,15.44,0.58,0.0,0.0,5.0,0.6449628755448891
1221,6,train_0544,12886.923749420494,10494.123590335324,99.41235903353245,0.0,12986.336108454027,15.24,0.7,0.0,0.0,5.0,0.6449628755448891
1222,6,train_0561,12744.08130045604,10298.67777979927,79.8677779799271,0.0,12823.949078435968,18.02,0.68,0.0,0.0,5.0,0.6449628755448891
1223,6,train_0055,11950.697749626972,10753.162810044525,125.3162810044525,0.0,12076.014030631424,14.66,0.54,0.0,0.0,5.0,0.6449628755448891
1224,6,train_0365,12497.229990764512,10794.570888796572,129.45708887965722,0.0,12626.687079644169,15.14,0.56,0.0,0.0,5.0,0.6449628755448891
1225,6,train_0483,12694.42665492727,10641.25397739554,114.12539773955396,0.0,12808.552052666824,14.82,0.6,0.0,0.0,5.0,0.6449628755448891
1226,6,train_0211,12417.35141234872,10182.850295170825,68.28502951708252,0.0,12485.636441865803,16.36,0.62,0.0,0.0,5.0,0.6449628755448891
1227,6,train_0410,12408.190226678693,11069.802918650985,156.98029186509848,0.0,12565.170518543791,17.8,0.68,0.0,0.0,5.0,0.6449628755448891
1228,6,train_0480,12689.112799091494,10475.11203947166,97.511203947166,0.0,12786.62400303866,15.2,0.7,0.0,0.0,5.0,0.6449628755448891
1229,6,train_0516,12543.682501496314,10454.850234094498,95.4850234094498,0.0,12639.167524905764,15.32,0.66,0.0,0.0,5.0,0.6449628755448891
1230,6,train_0349,12162.458905085958,10041.037406649597,54.1037406649597,0.0,12216.562645750917,15.74,0.66,0.0,0.0,5.0,0.6449628755448891
1231,6,train_0365,12677.830600749909,10744.701873326041,124.47018733260411,0.0,12802.300788082513,15.42,0.7,0.0,0.0,5.0,0.6449628755448891
1232,6,train_0085,12456.410726147626,10304.163185119225,80.41631851192251,0.0,12536.827044659549,15.26,0.74,0.0,0.0,5.0,0.6449628755448891
1233,6,train_0272,12552.916824049436,10321.659898821763,82.16598988217629,0.0,12635.082813931613,14.3,0.74,0.0,0.0,5.0,0.6449628755448891
1234,6,train_0434,12659.488092529215,10591.358183668912,109.13581836689119,0.0,12768.623910896105,14.94,0.62,0.0,0.0,5.0,0.6449628755448891
1235,6,train_0477,12189.633766955601,10279.371068786393,77.93710687863933,0.0,12267.57087383424,13.82,0.6,0.0,0.0,5.0,0.6449628755448891
1236,6,train_0208,12702.835561164833,10045.890661452802,54.589066145280235,0.0,12757.424627310113,15.24,0.54,0.0,0.0,5.0,0.6449628755448891
1237,6,train_0170,12186.134905927735,10226.861597899519,72.68615978995186,0.0,12258.821065717686,16.8,0.5,0.0,0.0,5.0,0.6449628755448891
1238,6,train_0427,12047.20510428368,10637.772521700776,113.77725217007756,0.0,12160.982356453756,16.38,0.76,0.0,0.0,5.0,0.6449628755448891
1239,6,train_0033,12709.924867473534,10570.443077709635,107.0443077709635,0.0,12816.969175244498,15.86,0.7,0.0,0.0,5.0,0.6449628755448891
1240,6,train_0128,12087.219364750894,10094.948542103282,59.494854210328235,0.0,12146.714218961222,15.22,0.6,0.0,0.0,5.0,0.6449628755448891
1241,6,train_0449,12464.065684695097,10691.392314615437,119.13923146154376,0.0,12583.204916156641,17.78,0.62,0.0,0.0,5.0,0.6449628755448891
1242,6,train_0404,12769.446827597963,11251.082042630536,175.10820426305364,0.0,12944.555031861017,15.12,0.66,0.0,0.0,5.0,0.6449628755448891
1243,6,train_0487,12690.850951485207,10257.975285405992,75.79752854059916,0.0,12766.648480025806,15.12,0.64,0.0,0.0,5.0,0.6449628755448891
1244,6,train_0464,12467.309899608445,10442.395808497557,94.23958084975567,0.0,12561.5494804582,15.28,0.64,0.0,0.0,5.0,0.6449628755448891
1245,6,train_0497,12556.605155662583,10462.397191037133,96.2397191037133,0.0,12652.844874766295,16.08,0.7,0.0,0.0,5.0,0.6449628755448891
1246,6,train_0193,12549.107302568991,10427.072794666688,92.70727946666885,0.0,12641.81458203566,15.02,0.64,0.0,0.0,5.0,0.6449628755448891
1247,6,train_0268,12286.986828333625,10627.74286880461,112.77428688046093,0.0,12399.761115214087,15.56,0.64,0.0,0.0,5.0,0.6449628755448891
1248,6,train_0364,12179.154829871874,10468.105221281234,96.81052212812338,0.0,12275.965351999997,19.16,0.68,0.0,0.0,5.0,0.6449628755448891
1249,6,train_0439,12152.361118037632,10360.606795519667,86.06067955196669,0.0,12238.421797589599,13.76,0.6,0.0,0.0,5.0,0.6449628755448891
1250,6,train_0226,12361.50590141402,10073.315517540414,57.33155175404136,0.0,12418.837453168062,16.1,0.58,0.0,0.0,5.0,0.6449628755448891
1251,6,train_0428,12651.404020159476,10448.736708740236,94.87367087402363,0.0,12746.2776910335,16.08,0.58,0.0,0.0,5.0,0.6449628755448891
1252,6,train_0107,12663.507768885998,10343.512653267211,84.35126532672112,0.0,12747.859034212719,13.96,0.7,0.0,0.0,5.0,0.6449628755448891
1253,6,train_0173,12587.996091229592,10801.527297070461,130.1527297070461,0.0,12718.148820936638,18.18,0.62,0.0,0.0,5.0,0.6449628755448891
1254,6,train_0401,11902.874435795242,10235.695917677807,73.56959176778074,0.0,11976.444027563022,18.46,0.56,0.0,0.0,5.0,0.6449628755448891
1255,6,train_0459,12790.601059270426,10251.236504552584,75.1236504552584,0.0,12865.724709725684,17.28,0.62,0.0,0.0,5.0,0.6449628755448891
1256,6,train_0045,12429.22767367843,10561.879247475124,106.18792474751245,0.0,12535.415598425941,14.6,0.7,0.0,0.0,5.0,0.6449628755448891
1257,6,train_0578,12197.852263732275,10248.116140868198,74.81161408681983,0.0,12272.663877819095,17.86,0.6,0.0,0.0,5.0,0.6449628755448891
1258,6,train_0473,12207.24678782482,10405.076240204617,90.50762402046166,0.0,12297.754411845282,16.96,0.64,0.0,0.0,5.0,0.6449628755448891
1259,6,train_0211,12387.026227039463,10461.57191319519,96.15719131951901,0.0,12483.183418358982,17.76,0.56,0.0,0.0,5.0,0.6449628755448891
1260,6,train_0391,12369.269216518816,10261.56840364619,76.15684036461899,0.0,12445.426056883436,14.32,0.64,0.0,0.0,5.0,0.6449628755448891
1261,6,train_0164,12281.920417752415,10081.591367007055,58.159136700705496,0.0,12340.079554453121,14.68,0.58,0.0,0.0,5.0,0.6449628755448891
1262,6,train_0067,12333.611914709607,9917.12694912951,41.71269491295098,0.0,12375.324609622558,15.92,0.7,0.0,0.0,5.0,0.6449628755448891
1263,6,train_0350,11988.788069396214,10645.870495856776,114.5870495856776,0.0,12103.375118981892,17.78,0.7,0.0,0.0,5.0,0.6449628755448891
1264,6,train_0537,12250.674726754187,10408.476273669894,90.8476273669894,0.0,12341.522354121176,15.96,0.68,0.0,0.0,5.0,0.6449628755448891
1265,6,train_0526,12476.388058436705,10100.729649384684,60.07296493846843,0.0,12536.461023375174,16.4,0.66,0.0,0.0,5.0,0.6449628755448891
1266,6,train_0047,12133.4873997002,10260.885092187124,76.08850921871236,0.0,12209.575908918912,14.46,0.62,0.0,0.0,5.0,0.6449628755448891
1267,6,train_0364,12215.557464619587,10375.425513130764,87.54255131307637,0.0,12303.100015932663,17.14,0.64,0.0,0.0,5.0,0.6449628755448891
1268,6,train_0044,12839.351104402049,10898.12381825678,139.81238182567796,0.0,12979.163486227726,17.3,0.54,0.0,0.0,5.0,0.6449628755448891
1269,6,train_0582,12528.080333101443,10478.011200057257,97.80112000572572,0.0,12625.88145310717,15.46,0.56,0.0,0.0,5.0,0.6449628755448891
1270,6,train_0247,12357.978888334215,10511.828937126735,101.18289371267348,0.0,12459.16178204689,14.8,0.62,0.0,0.0,5.0,0.6449628755448891
1271,6,train_0553,11926.709277461268,9882.951638131875,38.295163813187536,0.0,11965.004441274456,16.18,0.72,0.0,0.0,5.0,0.6449628755448891
1272,6,train_0306,12669.801488525129,10518.462140363274,101.84621403632737,0.0,12771.647702561457,14.98,0.68,0.0,0.0,5.0,0.6449628755448891
1273,6,train_0426,12315.967658248665,10287.940164037405,78.79401640374054,0.0,12394.761674652405,18.04,0.6,0.0,0.0,5.0,0.6449628755448891
1274,6,train_0009,12367.318476357794,10509.0088323073,100.90088323072996,0.0,12468.219359588524,14.8,0.66,0.0,0.0,5.0,0.6449628755448891
1275,6,train_0424,12506.771029949685,10713.388825328695,121.3388825328695,0.0,12628.109912482554,17.62,0.58,0.0,0.0,5.0,0.6449628755448891
1276,6,train_0358,12453.103496003841,10350.34888926548,85.03488892654805,0.0,12538.13838493039,16.3,0.56,0.0,0.0,5.0,0.6449628755448891
1277,6,train_0106,12570.779555186,10663.036491418283,116.30364914182829,0.0,12687.083204327828,18.24,0.68,0.0,0.0,5.0,0.6449628755448891
1278,6,train_0269,11879.79214402087,10033.65600154289,53.365600154288956,0.0,11933.15774417516,15.14,0.54,0.0,0.0,5.0,0.6449628755448891
1279,6,train_0204,12508.310897367608,10496.141284713995,99.61412847139945,0.0,12607.925025839008,17.12,0.62,0.0,0.0,5.0,0.6449628755448891
1280,6,train_0018,12398.110422321584,10299.553225639527,79.95532256395273,0.0,12478.065744885536,14.72,0.78,0.0,0.0,5.0,0.6449628755448891
1281,6,train_0486,12383.962905336308,10836.35737680112,133.63573768011193,0.0,12517.59864301642,14.88,0.54,0.0,0.0,5.0,0.6449628755448891
1282,6,train_0405,12575.22527275193,11047.028560537026,154.70285605370265,0.0,12729.928128805632,16.92,0.64,0.0,0.0,5.0,0.6449628755448891
1283,6,train_0240,12665.598770767074,10863.238752135117,136.32387521351174,0.0,12801.922645980585,16.94,0.72,0.0,0.0,5.0,0.6449628755448891
1284,6,train_0183,12500.392131684577,10535.776576891043,103.57765768910431,0.0,12603.969789373681,15.12,0.68,0.0,0.0,5.0,0.6449628755448891
1285,6,train_0136,12333.368967694514,10234.96076130027,73.49607613002699,0.0,12406.86504382454,17.92,0.54,0.0,0.0,5.0,0.6449628755448891
1286,6,train_0456,12210.53595766716,10543.095469731375,104.30954697313756,0.0,12314.845504640298,14.8,0.58,0.0,0.0,5.0,0.6449628755448891
1287,6,train_0037,13170.41843507604,10441.512219054457,94.15122190544571,0.0,13264.569656981486,17.38,0.72,0.0,0.0,5.0,0.6449628755448891
1288,6,train_0308,12240.663358477497,10288.806994105802,78.8806994105802,0.0,12319.544057888077,16.56,0.6,0.0,0.0,5.0,0.6449628755448891
1289,6,train_0133,12540.71692669313,10633.863609529737,113.3863609529737,0.0,12654.103287646105,16.46,0.62,0.0,0.0,5.0,0.6449628755448891
1290,6,train_0046,11883.057319363186,10515.636662724803,101.56366627248026,0.0,11984.620985635667,18.22,0.64,0.0,0.0,5.0,0.6449628755448891
1291,6,train_0346,12804.154819340103,10680.565971649354,118.05659716493538,0.0,12922.211416505039,16.14,0.74,0.0,0.0,5.0,0.6449628755448891
1292,6,train_0167,12536.852266765596,9971.80336852928,47.180336852927944,0.0,12584.032603618523,15.96,0.68,0.0,0.0,5.0,0.6449628755448891
1293,6,train_0554,12281.414186108708,10188.190616468735,68.81906164687352,0.0,12350.233247755581,12.34,0.66,0.0,0.0,5.0,0.6449628755448891
1294,6,train_0425,12850.667901622228,10725.328755249695,122.5328755249695,0.0,12973.200777147198,15.68,0.68,0.0,0.0,5.0,0.6449628755448891
1295,6,train_0234,12354.460789655317,10852.263310638898,135.22633106388986,0.0,12489.687120719207,15.62,0.58,0.0,0.0,5.0,0.6449628755448891
1296,6,train_0591,12247.169664597139,10610.940390001113,111.09403900011131,0.0,12358.26370359725,17.46,0.82,0.0,0.0,5.0,0.6449628755448891
1297,6,train_0473,12281.081786779247,10375.980495556556,87.5980495556556,0.0,12368.679836334903,17.92,0.68,0.0,0.0,5.0,0.6449628755448891
1298,6,train_0298,12086.329448235432,10119.326107757206,61.932610775720605,0.0,12148.262059011153,15.88,0.62,0.0,0.0,5.0,0.6449628755448891
1299,6,train_0077,12232.691427213853,10377.408328062793,87.74083280627929,0.0,12320.432260020132,16.52,0.58,0.0,0.0,5.0,0.6449628755448891
1300,6,train_0046,12123.936546088054,10312.112449098693,81.21124490986932,0.0,12205.147790997924,16.02,0.7,0.0,0.0,5.0,0.6449628755448891
1301,6,train_0493,12135.221219539664,10276.854662438738,77.68546624387382,0.0,12212.906685783539,15.52,0.64,0.0,0.0,5.0,0.6449628755448891
1302,6,train_0282,12218.417853907154,10090.507464540795,59.050746454079494,0.0,12277.468600361233,15.66,0.64,0.0,0.0,5.0,0.6449628755448891
1303,6,train_0556,12695.3810161357,10480.424979852043,98.04249798520432,0.0,12793.423514120905,14.5,0.68,0.0,0.0,5.0,0.6449628755448891
1304,6,train_0289,13054.82318174252,10547.6845381916,104.76845381915992,0.0,13159.591635561681,16.36,0.74,0.0,0.0,5.0,0.6449628755448891
1305,6,train_0301,12667.872532172809,10645.089482552692,114.50894825526922,0.0,12782.381480428077,15.0,0.64,0.0,0.0,5.0,0.6449628755448891
1306,6,train_0495,12738.808693575098,10116.182616239515,61.618261623951554,0.0,12800.42695519905,17.32,0.6,0.0,0.0,5.0,0.6449628755448891
1307,6,train_0272,12304.503161850018,10561.26651775889,106.12665177588897,0.0,12410.629813625907,14.78,0.54,0.0,0.0,5.0,0.6449628755448891
1308,6,train_0311,12671.087837936368,10341.822698232663,84.18226982326632,0.0,12755.270107759634,16.66,0.64,0.0,0.0,5.0,0.6449628755448891
1309,6,train_0544,12507.957205903489,10899.07239695736,139.9072396957359,0.0,12647.864445599225,16.04,0.56,0.0,0.0,5.0,0.6449628755448891
1310,6,train_0143,12765.624567428182,10199.902795933205,69.99027959332052,0.0,12835.614847021503,15.3,0.58,0.0,0.0,5.0,0.6449628755448891
1311,6,train_0136,12343.344487115053,10330.7059112848,83.07059112848002,0.0,12426.415078243534,17.66,0.54,0.0,0.0,5.0,0.6449628755448891
1312,6,train_0557,12066.547864572258,10203.242707671368,70.32427076713684,0.0,12136.872135339394,16.48,0.7,0.0,0.0,5.0,0.6449628755448891
1313,6,train_0552,12251.760202834192,10409.120442289417,90.91204422894171,0.0,12342.672247063134,15.2,0.64,0.0,0.0,5.0,0.6449628755448891
1314,6,train_0589,12125.827287854503,10056.47347343634,55.647347343633925,0.0,12181.474635198138,15.04,0.66,0.0,0.0,5.0,0.6449628755448891
1315,6,train_0550,12240.474291630788,10249.00154674106,74.90015467410595,0.0,12315.374446304893,17.26,0.64,0.0,0.0,5.0,0.6449628755448891
1316,6,train_0011,11984.743239896081,10090.21084996753,59.02108499675305,0.0,12043.764324892834,14.98,0.62,0.0,0.0,5.0,0.6449628755448891
1317,6,train_0574,12248.633560129234,10482.607602699694,98.26076026996944,0.0,12346.894320399204,14.36,0.7,0.0,0.0,5.0,0.6449628755448891
1318,6,train_0093,12029.029171270955,9972.667629349204,47.26676293492037,0.0,12076.295934205875,19.5,0.6,0.0,0.0,5.0,0.6449628755448891
1319,6,train_0534,12456.731855643333,10657.494658200496,115.7494658200496,0.0,12572.481321463383,15.9,0.58,0.0,0.0,5.0,0.6449628755448891
1320,6,train_0414,12307.659660719362,10229.828034546284,72.98280345462845,0.0,12380.64246417399,14.66,0.56,0.0,0.0,5.0,0.6449628755448891
1321,6,train_0315,12544.602052121052,10947.867830859796,144.78678308597955,0.0,12689.388835207032,15.7,0.7,0.0,0.0,5.0,0.6449628755448891
1322,6,train_0272,12547.804643713356,10663.712836587945,116.37128365879454,0.0,12664.17592737215,14.2,0.56,0.0,0.0,5.0,0.6449628755448891
1323,6,train_0409,12702.094431834248,10776.593648085951,127.6593648085951,0.0,12829.753796642843,17.94,0.68,0.0,0.0,5.0,0.6449628755448891
1324,6,train_0391,12164.30652763902,10389.282267014307,88.92822670143069,0.0,12253.234754340452,15.62,0.56,0.0,0.0,5.0,0.6449628755448891
1325,6,train_0319,12125.489193427507,10746.114235477675,124.61142354776749,0.0,12250.100616975275,15.88,0.62,0.0,0.0,5.0,0.6449628755448891
1326,6,train_0048,12525.49840612347,10380.359523740924,88.03595237409246,0.0,12613.534358497562,15.46,0.76,0.0,0.0,5.0,0.6449628755448891
1327,6,train_0181,11524.29042040016,9794.418211614615,29.441821161461487,0.0,11553.732241561622,16.28,0.68,0.0,0.0,5.0,0.6449628755448891
1328,6,train_0106,12808.771536890712,10497.710525395723,99.77105253957234,0.0,12908.542589430284,15.74,0.74,0.0,0.0,5.0,0.6449628755448891
1329,6,train_0594,12181.898393227646,10285.638394381445,78.56383943814454,0.0,12260.46223266579,17.9,0.56,0.0,0.0,5.0,0.6449628755448891
1330,6,train_0504,12481.38966071518,10395.698704312952,89.56987043129521,0.0,12570.959531146475,15.26,0.52,0.0,0.0,5.0,0.6449628755448891
1331,6,train_0014,12488.500304793244,10420.766087502709,92.07660875027086,0.0,12580.576913543515,17.28,0.62,0.0,0.0,5.0,0.6449628755448891
1332,6,train_0374,12523.154301310653,10797.02090677155,129.70209067715496,0.0,12652.856391987807,15.14,0.54,0.0,0.0,5.0,0.6449628755448891
1333,6,train_0150,12202.546163664229,10179.198426118204,67.91984261182043,0.0,12270.466006276049,17.76,0.58,0.0,0.0,5.0,0.6449628755448891
1334,6,train_0303,12088.93659010122,10234.776155686108,73.47761556861079,0.0,12162.414205669831,15.14,0.68,0.0,0.0,5.0,0.6449628755448891
1335,6,train_0557,12184.65846028896,10048.725086029057,54.8725086029057,0.0,12239.530968891866,14.98,0.74,0.0,0.0,5.0,0.6449628755448891
1336,6,train_0353,12148.603680406271,10318.777389014831,81.8777389014831,0.0,12230.481419307755,16.4,0.82,0.0,0.0,5.0,0.6449628755448891
1337,6,train_0571,12246.725926012305,10446.271684135767,94.6271684135767,0.0,12341.353094425882,15.76,0.76,0.0,0.0,5.0,0.6449628755448891
1338,6,train_0194,12645.20562555654,10473.426829211232,97.3426829211232,0.0,12742.548308477664,15.54,0.54,0.0,0.0,5.0,0.6449628755448891
1339,6,train_0167,12244.48275755093,10112.767015515195,61.27670155151955,0.0,12305.75945910245,16.14,0.48,0.0,0.0,5.0,0.6449628755448891
1340,6,train_0504,12399.35547049101,10394.377760237901,89.43777602379015,0.0,12488.793246514799,14.8,0.56,0.0,0.0,5.0,0.6449628755448891
1341,6,train_0599,12113.04456573935,10149.158023323469,64.9158023323469,0.0,12177.960368071697,17.3,0.66,0.0,0.0,5.0,0.6449628755448891
1342,6,train_0392,12544.159785442975,10527.957142248406,102.7957142248406,0.0,12646.955499667816,15.64,0.68,0.0,0.0,5.0,0.6449628755448891
1343,6,train_0487,12578.881100850218,10479.432833894565,97.94328338945652,0.0,12676.824384239675,14.56,0.62,0.0,0.0,5.0,0.6449628755448891
1344,6,train_0240,12940.77388531172,10670.689034554372,117.06890345543725,0.0,13057.842788767159,15.52,0.64,0.0,0.0,5.0,0.6449628755448891
1345,6,train_0466,12514.767924662101,10532.225106397442,103.22251063974419,0.0,12617.990435301845,18.12,0.44,0.0,0.0,5.0,0.6449628755448891
1346,6,train_0106,12575.925824419111,10820.040838357789,132.00408383577889,0.0,12707.92990825489,17.34,0.64,0.0,0.0,5.0,0.6449628755448891
1347,6,train_0343,12971.258405346398,11160.291282229387,166.02912822293877,0.0,13137.287533569337,16.88,0.78,0.0,0.0,5.0,0.6449628755448891
1348,6,train_0446,12271.044107380476,10106.92666823553,60.69266682355301,0.0,12331.73677420403,15.3,0.68,0.0,0.0,5.0,0.6449628755448891
1349,6,train_0236,12160.063281365135,10598.35587736314,109.83558773631394,0.0,12269.89886910145,16.94,0.76,0.0,0.0,5.0,0.6449628755448891
1350,6,train_0165,12186.119672204075,10192.314341360518,69.23143413605176,0.0,12255.351106340127,15.78,0.7,0.0,0.0,5.0,0.6449628755448891
1351,6,train_0005,12358.459384165035,10003.398698580186,50.339869858018574,0.0,12408.799254023053,17.98,0.66,0.0,0.0,5.0,0.6449628755448891
1352,6,train_0276,12502.038914902503,10245.597743163999,74.55977431639985,0.0,12576.598689218903,15.62,0.7,0.0,0.0,5.0,0.6449628755448891
1353,6,train_0219,12332.716181547477,10476.057571023362,97.60575710233626,0.0,12430.321938649813,16.62,0.58,0.0,0.0,5.0,0.6449628755448891
1354,6,train_0395,11860.651400166364,10281.4411929921,78.14411929921008,0.0,11938.795519465573,15.24,0.62,0.0,0.0,5.0,0.6449628755448891
1355,6,train_0224,12512.03070754822,10141.754534842854,64.1754534842854,0.0,12576.206161032505,13.8,0.6,0.0,0.0,5.0,0.6449628755448891
1356,6,train_0428,12465.46773915723,10545.162893330456,104.51628933304565,0.0,12569.984028490275,16.72,0.62,0.0,0.0,5.0,0.6449628755448891
1357,6,train_0048,12502.533962580444,10324.74358476263,82.47435847626294,0.0,12585.008321056708,15.04,0.72,0.0,0.0,5.0,0.6449628755448891
1358,6,train_0594,11739.738135085725,10529.322129585491,102.9322129585491,0.0,11842.670348044274,17.34,0.7,0.0,0.0,5.0,0.6449628755448891
1359,6,train_0050,12210.969955506618,10264.783831745946,76.47838317459464,0.0,12287.448338681213,15.68,0.58,0.0,0.0,5.0,0.6449628755448891
1360,6,train_0213,12508.246528990892,10215.468853540591,71.54688535405913,0.0,12579.793414344951,16.22,0.76,0.0,0.0,5.0,0.6449628755448891
1361,6,train_0158,12388.842803310588,10747.640482417406,124.76404824174061,0.0,12513.60685155233,18.32,0.52,0.0,0.0,5.0,0.6449628755448891
1362,6,train_0478,12464.071308598912,10253.674311393414,75.36743113934135,0.0,12539.438739738252,15.76,0.58,0.0,0.0,5.0,0.6449628755448891
1363,6,train_0296,12541.073741388962,10572.727477323737,107.27274773237369,0.0,12648.346489121335,15.9,0.72,0.0,0.0,5.0,0.6449628755448891
1364,6,train_0450,12334.774681533625,10161.017806506603,66.1017806506603,0.0,12400.876462184286,15.3,0.54,0.0,0.0,5.0,0.6449628755448891
1365,6,train_0464,12337.4737031245,10580.834946444496,108.08349464444964,0.0,12445.55719776895,15.82,0.54,0.0,0.0,5.0,0.6449628755448891
1366,6,train_0388,12660.685263317315,10424.070885495803,92.4070885495803,0.0,12753.092351866895,15.36,0.66,0.0,0.0,5.0,0.6449628755448891
1367,6,train_0353,12259.927856296374,10093.163075040391,59.31630750403911,0.0,12319.244163800413,17.24,0.68,0.0,0.0,5.0,0.6449628755448891
1368,6,train_0306,12835.368104032654,10399.502408205895,89.95024082058954,0.0,12925.318344853244,13.8,0.62,0.0,0.0,5.0,0.6449628755448891
1369,6,train_0324,12299.782347271383,10541.70314383708,104.17031438370796,0.0,12403.95266165509,15.6,0.64,0.0,0.0,5.0,0.6449628755448891
1370,6,train_0465,12865.967233283045,10533.284093182312,103.32840931823121,0.0,12969.295642601277,15.72,0.7,0.0,0.0,5.0,0.6449628755448891
1371,6,train_0477,12496.364169365446,9842.47019517615,34.24701951761508,0.0,12530.611188883062,14.94,0.64,0.0,0.0,5.0,0.6449628755448891
1372,6,train_0273,12680.682631003629,10483.716007103862,98.37160071038616,0.0,12779.054231714015,18.3,0.66,0.0,0.0,5.0,0.6449628755448891
1373,6,train_0508,12666.364768146721,10435.972255936558,93.59722559365582,0.0,12759.961993740377,13.76,0.6,0.0,0.0,5.0,0.6449628755448891
1374,6,train_0011,12088.674592730109,10251.238325136395,75.12383251363954,0.0,12163.798425243749,15.96,0.74,0.0,0.0,5.0,0.6449628755448891
1375,6,train_0263,12128.093844524143,9984.48311846187,48.44831184618707,0.0,12176.54215637033,15.42,0.68,0.0,0.0,5.0,0.6449628755448891
1376,6,train_0412,12104.20333607848,10559.58116015912,105.95811601591195,0.0,12210.161452094393,15.2,0.52,0.0,0.0,5.0,0.6449628755448891
1377,6,train_0364,12155.126946755952,10587.089146886257,108.70891468862574,0.0,12263.835861444579,17.34,0.62,0.0,0.0,5.0,0.6449628755448891
1378,6,train_0244,12431.132033000948,10422.945263346895,92.29452633468955,0.0,12523.426559335638,15.3,0.58,0.0,0.0,5.0,0.6449628755448891
1379,6,train_0552,12278.950279945477,10381.411718431134,88.14117184311345,0.0,12367.09145178859,14.68,0.62,0.0,0.0,5.0,0.6449628755448891
1380,6,train_0039,12592.557671999215,10600.757316415467,110.07573164154674,0.0,12702.633403640762,16.9,0.7,0.0,0.0,5.0,0.6449628755448891
1381,6,train_0047,12127.088036316205,10336.718985792786,83.6718985792786,0.0,12210.759934895483,13.48,0.58,0.0,0.0,5.0,0.6449628755448891
1382,6,train_0280,12455.349370905433,10473.808365650773,97.38083656507735,0.0,12552.73020747051,15.72,0.66,0.0,0.0,5.0,0.6449628755448891
1383,6,train_0365,12936.59162966779,10350.585922782793,85.05859227827932,0.0,13021.650221946069,15.04,0.68,0.0,0.0,5.0,0.6449628755448891
1384,6,train_0246,12121.90316827277,10555.876478269944,105.58764782699437,0.0,12227.490816099764,15.54,0.62,0.0,0.0,5.0,0.6449628755448891
1385,6,train_0465,12946.354482955583,10709.591270947421,120.95912709474214,0.0,13067.313610050325,15.58,0.62,0.0,0.0,5.0,0.6449628755448891
1386,6,train_0386,12530.634221937242,10423.074705881645,92.3074705881645,0.0,12622.941692525406,14.76,0.66,0.0,0.0,5.0,0.6449628755448891
1387,6,train_0256,11994.05507529143,10846.905803534952,134.69058035349516,0.0,12128.745655644925,16.4,0.7,0.0,0.0,5.0,0.6449628755448891
1388,6,train_0172,12399.196335859879,10339.316074150376,83.93160741503762,0.0,12483.127943274916,16.48,0.62,0.0,0.0,5.0,0.6449628755448891
1389,6,train_0449,12960.86602602513,10470.526351807413,97.05263518074135,0.0,13057.918661205873,16.96,0.64,0.0,0.0,5.0,0.6449628755448891
1390,6,train_0294,12276.38905421914,10310.509598787452,81.0509598787452,0.0,12357.440014097885,16.36,0.66,0.0,0.0,5.0,0.6449628755448891
1391,6,train_0504,12383.087237485817,10319.869725072578,81.98697250725782,0.0,12465.074209993076,15.9,0.7,0.0,0.0,5.0,0.6449628755448891
1392,6,train_0122,12305.989665909605,10252.965554447968,75.29655544479684,0.0,12381.286221354401,15.82,0.66,0.0,0.0,5.0,0.6449628755448891
1393,6,train_0458,12593.7065648217,10702.911999469286,120.29119994692866,0.0,12713.997764768628,13.84,0.64,0.0,0.0,5.0,0.6449628755448891
1394,6,train_0422,12646.720840535869,10369.791015159055,86.9791015159055,0.0,12733.699942051775,14.38,0.54,0.0,0.0,5.0,0.6449628755448891
1395,6,train_0322,12191.537521008588,10189.52176703438,68.9521767034381,0.0,12260.489697712026,16.6,0.52,0.0,0.0,5.0,0.6449628755448891
1396,6,train_0570,11950.274970125509,10453.890302308573,95.38903023085732,0.0,12045.664000356366,14.48,0.5,0.0,0.0,5.0,0.6449628755448891
1397,6,train_0434,12715.867421291889,10819.89104922944,131.989104922944,0.0,12847.856526214833,15.44,0.66,0.0,0.0,5.0,0.6449628755448891
1398,6,train_0556,12854.383115350553,10269.572678138353,76.95726781383529,0.0,12931.340383164388,14.28,0.68,0.0,0.0,5.0,0.6449628755448891
1399,6,train_0425,12682.616141359053,10592.336963943628,109.23369639436278,0.0,12791.849837753416,15.46,0.52,0.0,0.0,5.0,0.6449628755448891
1400,6,train_0174,12489.694414670386,10496.541920318567,99.65419203185667,0.0,12589.348606702242,15.46,0.68,0.0,0.0,5.0,0.6449628755448891
1401,6,train_0230,12265.709269109517,10420.278906889736,92.02789068897364,0.0,12357.737159798491,14.42,0.66,0.0,0.0,5.0,0.6449628755448891
1402,6,train_0531,12188.557208611617,10735.844669742082,123.58446697420823,0.0,12312.141675585826,17.46,0.56,0.0,0.0,5.0,0.6449628755448891
1403,6,train_0012,13017.929925161017,10307.742567805228,80.77425678052278,0.0,13098.70418194154,16.02,0.8,0.0,0.0,5.0,0.6449628755448891
1404,6,train_0548,12693.639160402567,10552.516484400909,105.25164844009088,0.0,12798.890808842658,16.42,0.44,0.0,0.0,5.0,0.6449628755448891
1405,6,train_0569,12085.21393525604,10215.903480800935,71.59034808009346,0.0,12156.804283336134,16.14,0.58,0.0,0.0,5.0,0.6449628755448891
1406,6,train_0503,12812.694508382967,10760.298668264637,126.0298668264637,0.0,12938.724375209431,16.48,0.66,0.0,0.0,5.0,0.6449628755448891
1407,6,train_0280,12442.929105428582,10532.949915050947,103.29499150509474,0.0,12546.224096933676,17.0,0.56,0.0,0.0,5.0,0.6449628755448891
1408,6,train_0412,12566.56983388129,10119.17981504013,61.91798150401301,0.0,12628.487815385304,16.2,0.62,0.0,0.0,5.0,0.6449628755448891
1409,6,train_0179,12070.50772545252,10376.436928986437,87.64369289864372,0.0,12158.151418351164,14.72,0.74,0.0,0.0,5.0,0.6449628755448891
1410,6,train_0108,12732.50148033978,10445.4707901791,94.54707901791008,0.0,12827.04855935769,18.52,0.6,0.0,0.0,5.0,0.6449628755448891
1411,6,train_0150,12406.918879728066,10287.073278294718,78.70732782947181,0.0,12485.626207557538,17.46,0.58,0.0,0.0,5.0,0.6449628755448891
1412,6,train_0536,12191.205292259141,10701.263556191778,120.12635561917779,0.0,12311.331647878318,14.36,0.66,0.0,0.0,5.0,0.6449628755448891
1413,6,train_0239,12307.058009934852,10527.737870489625,102.77378704896256,0.0,12409.831796983814,14.08,0.7,0.0,0.0,5.0,0.6449628755448891
1414,6,train_0429,12817.919951714772,10811.032647530363,131.10326475303629,0.0,12949.023216467807,14.86,0.54,0.0,0.0,5.0,0.6449628755448891
1415,6,train_0346,12724.36097563606,10597.788585262977,109.77885852629771,0.0,12834.139834162357,17.08,0.48,0.0,0.0,5.0,0.6449628755448891
1416,6,train_0593,12178.802343239138,10468.664944047201,96.86649440472011,0.0,12275.668837643858,14.5,0.62,0.0,0.0,5.0,0.6449628755448891
1417,6,train_0310,12127.149223004206,10010.889704982306,51.08897049823063,0.0,12178.238193502437,15.6,0.68,0.0,0.0,5.0,0.6449628755448891
1418,6,train_0265,12493.356653369392,10169.658245771481,66.96582457714813,0.0,12560.32247794654,14.86,0.66,0.0,0.0,5.0,0.6449628755448891
1419,6,train_0229,12890.44947228408,10675.66526237742,117.56652623774208,0.0,13008.015998521822,15.46,0.62,0.0,0.0,5.0,0.6449628755448891
1420,6,train_0404,13013.475687505901,10787.194656380578,128.71946563805778,0.0,13142.195153143959,16.8,0.64,0.0,0.0,5.0,0.6449628755448891
1421,6,train_0046,12427.546407950791,9912.109331256423,41.21093312564226,0.0,12468.757341076433,16.72,0.6,0.0,0.0,5.0,0.6449628755448891
1422,6,train_0578,12612.404167008432,9991.386286083938,49.138628608393816,0.0,12661.542795616826,16.8,0.56,0.0,0.0,5.0,0.6449628755448891
1423,6,train_0588,12460.50264309426,10144.633881065623,64.46338810656235,0.0,12524.966031200822,16.42,0.6,0.0,0.0,5.0,0.6449628755448891
1424,7,train_0060,12464.970376267554,10405.476836766862,90.54768367668622,0.0,12555.518059944241,15.98,0.68,0.0,0.0,5.0,0.6449628755448891
1425,7,train_0009,12150.413034438443,10410.846006299094,91.08460062990945,0.0,12241.497635068352,16.42,0.62,0.0,0.0,5.0,0.6449628755448891
1426,7,train_0527,12305.814607777056,10459.285169085628,95.92851690856278,0.0,12401.74312468562,14.36,0.6,0.0,0.0,5.0,0.6449628755448891
1427,7,train_0551,12426.18048018235,10131.296228593426,63.12962285934264,0.0,12489.310103041691,16.34,0.66,0.0,0.0,5.0,0.6449628755448891
1428,7,train_0276,12192.230911688814,10092.302499227764,59.23024992277642,0.0,12251.46116161159,14.52,0.56,0.0,0.0,5.0,0.6449628755448891
1429,7,train_0019,12772.731163844695,10356.984109576428,85.69841095764278,0.0,12858.429574802338,14.7,0.7,0.0,0.0,5.0,0.6449628755448891
1430,7,train_0061,12531.36916019458,10264.35728072801,76.43572807280107,0.0,12607.804888267381,14.04,0.48,0.0,0.0,5.0,0.6449628755448891
1431,7,train_0303,12043.06958028326,10187.509929529995,68.75099295299951,0.0,12111.820573236258,16.42,0.54,0.0,0.0,5.0,0.6449628755448891
1432,7,train_0567,13317.209379414799,10823.755378628579,132.3755378628579,0.0,13449.584917277656,16.62,0.76,0.0,0.0,5.0,0.6449628755448891
1433,7,train_0471,12457.099059698896,10394.10631784917,89.41063178491696,0.0,12546.509691483812,14.4,0.6,0.0,0.0,5.0,0.6449628755448891
1434,7,train_0017,12187.29876120587,10538.152342260208,103.81523422602078,0.0,12291.11399543189,14.02,0.74,0.0,0.0,5.0,0.6449628755448891
1435,7,train_0398,12013.895814278703,9865.007819737473,36.50078197374733,0.0,12050.39659625245,13.74,0.64,0.0,0.0,5.0,0.6449628755448891
1436,7,train_0485,11817.480171531555,10568.619524505917,106.86195245059172,0.0,11924.342123982147,15.84,0.7,0.0,0.0,5.0,0.6449628755448891
1437,7,train_0423,12527.607969864799,10106.929889437624,60.69298894376243,0.0,12588.300958808562,16.32,0.58,0.0,0.0,5.0,0.6449628755448891
1438,7,train_0261,12564.167151009606,10328.31186299624,82.83118629962392,0.0,12646.99833730923,16.46,0.68,0.0,0.0,5.0,0.6449628755448891
1439,7,train_0058,12002.14556560904,9951.996593946773,45.1996593946773,0.0,12047.345225003717,14.84,0.66,0.0,0.0,5.0,0.6449628755448891
1440,7,train_0439,12424.704248673173,10473.006804087854,97.30068040878541,0.0,12522.004929081959,14.34,0.56,0.0,0.0,5.0,0.6449628755448891
1441,7,train_0518,12638.829034064234,10650.68633046408,115.06863304640792,0.0,12753.897667110643,15.42,0.7,0.0,0.0,5.0,0.6449628755448891
1442,7,train_0327,12818.853977967374,10507.396723906735,100.73967239067352,0.0,12919.593650358047,16.64,0.62,0.0,0.0,5.0,0.6449628755448891
1443,7,train_0389,12718.085386324577,9970.304204239514,47.03042042395137,0.0,12765.115806748528,16.96,0.74,0.0,0.0,5.0,0.6449628755448891
1444,7,train_0060,12801.38755955312,10389.884488902868,88.98844889028679,0.0,12890.376008443407,17.46,0.6,0.0,0.0,5.0,0.6449628755448891
1445,7,train_0565,12683.172627880187,10856.260969831585,135.62609698315848,0.0,12818.798724863345,15.66,0.66,0.0,0.0,5.0,0.6449628755448891
1446,7,train_0214,12109.598001722588,9992.133325757412,49.213332575741155,0.0,12158.811334298329,15.08,0.62,0.0,0.0,5.0,0.6449628755448891
1447,7,train_0597,12312.770994546741,10352.271589978449,85.2271589978449,0.0,12397.998153544586,17.98,0.66,0.0,0.0,5.0,0.6449628755448891
1448,7,train_0092,12577.645034234312,10812.58434495852,131.2584344958521,0.0,12708.903468730165,14.72,0.8,0.0,0.0,5.0,0.6449628755448891
1449,7,train_0452,12442.26130960188,10135.172276244677,63.51722762446771,0.0,12505.778537226348,14.38,0.62,0.0,0.0,5.0,0.6449628755448891
1450,7,train_0450,12060.011888329442,10431.69251570763,93.16925157076294,0.0,12153.181139900205,14.56,0.64,0.0,0.0,5.0,0.6449628755448891
1451,7,train_0483,12858.460984602196,10743.369126659563,124.33691266595633,0.0,12982.797897268152,15.64,0.66,0.0,0.0,5.0,0.6449628755448891
1452,7,train_0161,12340.175599791412,10686.492184181476,118.64921841814758,0.0,12458.82481820956,17.1,0.66,0.0,0.0,5.0,0.6449628755448891
1453,7,train_0576,12044.658564088259,10624.473225227386,112.44732252273862,0.0,12157.105886610998,14.78,0.68,0.0,0.0,5.0,0.6449628755448891
1454,7,train_0246,12307.594677400002,10249.708770652629,74.97087706526291,0.0,12382.565554465265,16.28,0.68,0.0,0.0,5.0,0.6449628755448891
1455,7,train_0431,12582.168070648338,10007.10275012523,50.71027501252302,0.0,12632.878345660862,16.48,0.56,0.0,0.0,5.0,0.6449628755448891
1456,7,train_0049,12535.657279623636,10325.541183928595,82.55411839285954,0.0,12618.211398016496,14.5,0.62,0.0,0.0,5.0,0.6449628755448891
1457,7,train_0367,12196.010938972153,10352.583433324566,85.25834333245658,0.0,12281.269282304609,15.54,0.74,0.0,0.0,5.0,0.6449628755448891
1458,7,train_0153,12150.611416185842,10447.47260460003,94.74726046000306,0.0,12245.358676645845,16.34,0.76,0.0,0.0,5.0,0.6449628755448891
1459,7,train_0316,12411.022643331755,10238.36518611474,73.83651861147392,0.0,12484.859161943228,15.72,0.72,0.0,0.0,5.0,0.6449628755448891
1460,7,train_0442,12618.622674319526,10448.380277628135,94.83802776281355,0.0,12713.460702082339,14.34,0.62,0.0,0.0,5.0,0.6449628755448891
1461,7,train_0313,12402.795020076823,10557.36156536355,105.73615653635498,0.0,12508.531176613178,16.3,0.74,0.0,0.0,5.0,0.6449628755448891
1462,7,train_0042,12496.033302280133,10328.079093013068,82.8079093013068,0.0,12578.84121158144,16.64,0.66,0.0,0.0,5.0,0.6449628755448891
1463,7,train_0383,12124.052384085257,10249.680405835596,74.96804058355956,0.0,12199.020424668815,14.88,0.6,0.0,0.0,5.0,0.6449628755448891
1464,7,train_0215,12722.020514938646,11083.552374153533,158.35523741535326,0.0,12880.375752353999,15.9,0.66,0.0,0.0,5.0,0.6449628755448891
1465,7,train_0374,12087.029804515043,10815.831556345343,131.58315563453434,0.0,12218.612960149578,17.88,0.62,0.0,0.0,5.0,0.6449628755448891
1466,7,train_0411,12819.01723260568,10846.172207689611,134.61722076896112,0.0,12953.634453374641,16.16,0.64,0.0,0.0,5.0,0.6449628755448891
1467,7,train_0000,12015.364050057713,10286.369588687889,78.63695886878887,0.0,12094.001008926502,15.68,0.62,0.0,0.0,5.0,0.6449628755448891
1468,7,train_0167,12402.333669566387,10269.229891871659,76.92298918716588,0.0,12479.256658753553,15.54,0.62,0.0,0.0,5.0,0.6449628755448891
1469,7,train_0089,12495.33879892315,11000.205170122379,150.02051701223792,0.0,12645.359315935388,16.54,0.56,0.0,0.0,5.0,0.6449628755448891
1470,7,train_0414,12209.431600676591,10338.83381404807,83.88338140480701,0.0,12293.314982081398,15.46,0.74,0.0,0.0,5.0,0.6449628755448891
1471,7,train_0250,12643.412902747834,10260.83319532853,76.08331953285305,0.0,12719.496222280686,16.82,0.74,0.0,0.0,5.0,0.6449628755448891
1472,7,train_0059,12654.414818332318,10432.720312576808,93.27203125768084,0.0,12747.686849589998,15.76,0.68,0.0,0.0,5.0,0.6449628755448891
1473,7,train_0172,12186.98575179628,10635.483674685205,113.54836746852052,0.0,12300.5341192648,15.28,0.66,0.0,0.0,5.0,0.6449628755448891
1474,7,train_0573,11992.136977989547,10074.075494473012,57.40754944730125,0.0,12049.544527436849,15.42,0.6,0.0,0.0,5.0,0.6449628755448891
1475,7,train_0404,12879.746902954239,11160.909096936877,166.09090969368773,0.0,13045.837812647927,15.26,0.76,0.0,0.0,5.0,0.6449628755448891
1476,7,train_0236,12175.9884851961,10492.194812932124,99.21948129321245,0.0,12275.207966489312,19.08,0.64,0.0,0.0,5.0,0.6449628755448891
1477,7,train_0594,12202.386871815988,9967.91004380647,46.79100438064707,0.0,12249.177876196636,15.86,0.66,0.0,0.0,5.0,0.6449628755448891
1478,7,train_0404,12997.07174915499,10827.673651587998,132.76736515879983,0.0,13129.839114313789,16.82,0.66,0.0,0.0,5.0,0.6449628755448891
1479,7,train_0159,12045.360245202413,9934.891947607508,43.4891947607508,0.0,12088.849439963164,17.14,0.64,0.0,0.0,5.0,0.6449628755448891
1480,7,train_0095,12309.397170729706,10651.267088420256,115.12670884202562,0.0,12424.523879571732,17.38,0.62,0.0,0.0,5.0,0.6449628755448891
1481,7,train_0486,12507.992939109294,10623.587668445814,112.35876684458145,0.0,12620.351705953875,14.58,0.66,0.0,0.0,5.0,0.6449628755448891
1482,7,train_0185,12480.799480606247,10699.872700978158,119.98727009781578,0.0,12600.786750704063,16.94,0.56,0.0,0.0,5.0,0.6449628755448891
1483,7,train_0222,12517.417732650367,10351.741849999418,85.17418499994183,0.0,12602.591917650308,17.36,0.66,0.0,0.0,5.0,0.6449628755448891
1484,7,train_0151,12407.429266953837,10742.947519411486,124.29475194114858,0.0,12531.724018894985,15.24,0.6,0.0,0.0,5.0,0.6449628755448891
1485,7,train_0434,12722.40305727653,10739.228884150361,123.92288841503614,0.0,12846.325945691566,15.26,0.62,0.0,0.0,5.0,0.6449628755448891
1486,7,train_0087,12705.235228159097,10879.148201389426,137.91482013894256,0.0,12843.150048298041,16.2,0.64,0.0,0.0,5.0,0.6449628755448891
1487,7,train_0053,12207.236929120356,10540.1138585154,104.01138585154004,0.0,12311.248314971896,14.86,0.58,0.0,0.0,5.0,0.6449628755448891
1488,7,train_0351,12635.384219591298,10720.753480090772,122.07534800907725,0.0,12757.459567600376,16.66,0.72,0.0,0.0,5.0,0.6449628755448891
1489,7,train_0374,12809.32462840332,10418.673086577806,91.86730865778064,0.0,12901.1919370611,17.42,0.6,0.0,0.0,5.0,0.6449628755448891
1490,7,train_0382,12660.89822695635,10739.837589466933,123.98375894669334,0.0,12784.881985903043,16.12,0.72,0.0,0.0,5.0,0.6449628755448891
1491,7,train_0312,12139.89311342242,10551.398946860863,105.13989468608634,0.0,12245.033008108507,15.6,0.74,0.0,0.0,5.0,0.6449628755448891
1492,7,train_0148,12409.207073632351,10875.931351486477,137.59313514864772,0.0,12546.800208780998,18.62,0.58,0.0,0.0,5.0,0.6449628755448891
1493,7,train_0497,12675.786245989819,10543.334346419968,104.3334346419968,0.0,12780.119680631815,14.32,0.7,0.0,0.0,5.0,0.6449628755448891
1494,7,train_0588,12481.407672655761,10291.08868449216,79.10886844921606,0.0,12560.516541104978,17.5,0.64,0.0,0.0,5.0,0.6449628755448891
1495,7,train_0071,12594.446581234475,11006.843455690167,150.68434556901667,0.0,12745.130926803491,14.58,0.64,0.0,0.0,5.0,0.6449628755448891
1496,7,train_0184,12504.573964859708,10200.729920071934,70.07299200719335,0.0,12574.646956866902,16.8,0.72,0.0,0.0,5.0,0.6449628755448891
1497,7,train_0313,12544.784364650157,10474.160765474559,97.41607654745586,0.0,12642.200441197612,16.16,0.7,0.0,0.0,5.0,0.6449628755448891
1498,7,train_0250,12410.630248232565,10335.62732196867,83.562732196867,0.0,12494.192980429432,17.18,0.64,0.0,0.0,5.0,0.6449628755448891
1499,7,train_0518,12531.385906973534,10593.357351027242,109.33573510272419,0.0,12640.721642076258,16.22,0.64,0.0,0.0,5.0,0.6449628755448891
1500,7,train_0579,12535.131031140827,10469.890226432464,96.98902264324643,0.0,12632.120053784074,15.44,0.62,0.0,0.0,5.0,0.6449628755448891
1501,7,train_0416,12430.799989352457,10545.109283945329,104.51092839453287,0.0,12535.31091774699,16.32,0.66,0.0,0.0,5.0,0.6449628755448891
1502,7,train_0238,12385.246776739476,10794.923172144614,129.4923172144614,0.0,12514.739093953936,17.18,0.54,0.0,0.0,5.0,0.6449628755448891
1503,7,train_0096,12544.372554885045,10360.699776303038,86.06997763030377,0.0,12630.44253251535,17.14,0.66,0.0,0.0,5.0,0.6449628755448891
1504,7,train_0448,12398.314113388496,10276.263547589191,77.62635475891912,0.0,12475.940468147415,14.54,0.62,0.0,0.0,5.0,0.6449628755448891
1505,7,train_0512,12155.40741032209,10305.467352686632,80.54673526866318,0.0,12235.954145590753,15.38,0.64,0.0,0.0,5.0,0.6449628755448891
1506,7,train_0577,12780.617214108046,11143.78014032865,164.37801403286505,0.0,12944.995228140911,15.78,0.62,0.0,0.0,5.0,0.6449628755448891
1507,7,train_0138,12682.204086310645,9930.522905310105,43.05229053101048,0.0,12725.256376841655,16.8,0.6,0.0,0.0,5.0,0.6449628755448891
1508,7,train_0373,12466.95638589967,10395.602589916274,89.56025899162742,0.0,12556.516644891297,17.92,0.46,0.0,0.0,5.0,0.6449628755448891
1509,7,train_0044,12924.27373523179,10851.332311440186,135.13323114401865,0.0,13059.40696637581,17.44,0.68,0.0,0.0,5.0,0.6449628755448891
1510,7,train_0571,12473.262644082444,10193.036182320626,69.30361823206259,0.0,12542.566262314507,15.5,0.62,0.0,0.0,5.0,0.6449628755448891
1511,7,train_0050,12290.995038436442,10239.279952849283,73.92799528492833,0.0,12364.92303372137,15.14,0.52,0.0,0.0,5.0,0.6449628755448891
1512,7,train_0474,12550.079539198372,10443.556574109001,94.35565741090014,0.0,12644.435196609273,13.9,0.66,0.0,0.0,5.0,0.6449628755448891
1513,7,train_0470,12069.745456983717,10276.523653496273,77.65236534962733,0.0,12147.397822333345,13.64,0.56,0.0,0.0,5.0,0.6449628755448891
1514,7,train_0275,12231.66198178233,10490.381937326873,99.03819373268726,0.0,12330.700175515018,15.06,0.6,0.0,0.0,5.0,0.6449628755448891
1515,7,train_0504,12548.664091924536,10222.623853259201,72.26238532592015,0.0,12620.926477250458,14.64,0.68,0.0,0.0,5.0,0.6449628755448891
1516,7,train_0036,12453.937877693304,10290.202286496244,79.02022864962437,0.0,12532.958106342929,16.92,0.62,0.0,0.0,5.0,0.6449628755448891
1517,7,train_0528,12305.800780988,10400.874246733205,90.0874246733205,0.0,12395.88820566132,14.72,0.56,0.0,0.0,5.0,0.6449628755448891
1518,7,train_0215,12396.01533297232,10888.095115327467,138.80951153274674,0.0,12534.824844505067,17.18,0.6,0.0,0.0,5.0,0.6449628755448891
1519,7,train_0452,12222.363596922782,10452.772753222027,95.2772753222027,0.0,12317.640872244985,15.96,0.6,0.0,0.0,5.0,0.6449628755448891
1520,7,train_0074,12634.22085415934,10490.872557481476,99.08725574814763,0.0,12733.308109907488,18.14,0.58,0.0,0.0,5.0,0.6449628755448891
1521,7,train_0536,12338.727000963983,10630.763892331184,113.07638923311843,0.0,12451.803390197101,15.44,0.56,0.0,0.0,5.0,0.6449628755448891
1522,7,train_0092,12773.649640514326,10488.431374087733,98.84313740877333,0.0,12872.4927779231,16.1,0.58,0.0,0.0,5.0,0.6449628755448891
1523,7,train_0556,12327.583319549442,11000.505690708498,150.05056907084983,0.0,12477.633888620292,14.32,0.56,0.0,0.0,5.0,0.6449628755448891
1524,7,train_0177,12247.573537394455,10351.991367717776,85.19913677177756,0.0,12332.772674166234,14.18,0.62,0.0,0.0,5.0,0.6449628755448891
1525,7,train_0322,12483.711560285352,10365.505992004275,86.5505992004275,0.0,12570.26215948578,15.58,0.72,0.0,0.0,5.0,0.6449628755448891
1526,7,train_0412,12315.61302632379,10210.436365552523,71.0436365552523,0.0,12386.656662879042,13.34,0.72,0.0,0.0,5.0,0.6449628755448891
1527,7,train_0379,13132.36043505024,10596.727722963871,109.67277229638712,0.0,13242.033207346627,15.5,0.66,0.0,0.0,5.0,0.6449628755448891
1528,7,train_0334,12460.5136404705,10146.387981316631,64.63879813166314,0.0,12525.152438602165,16.38,0.56,0.0,0.0,5.0,0.6449628755448891
1529,7,train_0572,12663.871448024602,10338.156829890679,83.81568298906787,0.0,12747.68713101367,13.08,0.6,0.0,0.0,5.0,0.6449628755448891
1530,7,train_0361,12572.939743329865,10989.684525183724,148.9684525183724,0.0,12721.908195848238,16.18,0.68,0.0,0.0,5.0,0.6449628755448891
1531,7,train_0308,12387.19682590661,10001.80041152073,50.18004115207296,0.0,12437.376867058683,17.0,0.68,0.0,0.0,5.0,0.6449628755448891
1532,7,train_0044,12724.372889891045,10970.90158688942,147.09015868894204,0.0,12871.463048579986,17.1,0.54,0.0,0.0,5.0,0.6449628755448891
1533,7,train_0144,12801.971287292214,10857.162486820036,135.71624868200362,0.0,12937.687535974217,15.44,0.6,0.0,0.0,5.0,0.6449628755448891
1534,7,train_0275,12389.372302267224,10247.90768793008,74.79076879300793,0.0,12464.163071060231,15.0,0.64,0.0,0.0,5.0,0.6449628755448891
1535,7,train_0563,12280.067802496491,10651.549828522007,115.15498285220075,0.0,12395.222785348691,15.98,0.48,0.0,0.0,5.0,0.6449628755448891
1536,7,train_0313,12820.56780010899,10332.255317987208,83.22553179872085,0.0,12903.79333190771,16.14,0.62,0.0,0.0,5.0,0.6449628755448891
1537,7,train_0030,12331.948291308778,10223.497332222758,72.34973322227579,0.0,12404.298024531054,15.5,0.78,0.0,0.0,5.0,0.6449628755448891
1538,7,train_0124,12146.431788354643,10674.61263996382,117.46126399638197,0.0,12263.893052351024,17.6,0.64,0.0,0.0,5.0,0.6449628755448891
1539,7,train_0350,12335.549188622072,10191.638765750646,69.16387657506458,0.0,12404.713065197137,17.92,0.6,0.0,0.0,5.0,0.6449628755448891
1540,7,train_0085,12707.540744123195,10076.503706069005,57.65037060690047,0.0,12765.191114730094,14.64,0.66,0.0,0.0,5.0,0.6449628755448891
1541,7,train_0557,11884.722511450924,10162.911212048257,66.29112120482569,0.0,11951.01363265575,14.78,0.74,0.0,0.0,5.0,0.6449628755448891
1542,7,train_0122,12282.352393045907,10266.979842818038,76.69798428180384,0.0,12359.05037732771,15.58,0.62,0.0,0.0,5.0,0.6449628755448891
1543,7,train_0446,12307.190821069049,10084.230878855595,58.423087885559475,0.0,12365.613908954609,16.04,0.66,0.0,0.0,5.0,0.6449628755448891
1544,7,train_0452,12270.483605644735,10488.869109133166,98.88691091331657,0.0,12369.37051655805,14.62,0.66,0.0,0.0,5.0,0.6449628755448891
1545,7,train_0363,12426.810966788713,10837.517395584337,133.75173955843366,0.0,12560.562706347147,16.42,0.68,0.0,0.0,5.0,0.6449628755448891
1546,7,train_0347,12254.683532235795,10921.429098898712,142.14290988987122,0.0,12396.826442125666,17.16,0.82,0.0,0.0,5.0,0.6449628755448891
1547,7,train_0291,12636.288963186467,10618.508381177697,111.85083811776968,0.0,12748.139801304236,16.7,0.62,0.0,0.0,5.0,0.6449628755448891
1548,7,train_0119,12094.89757122544,10590.797631120895,109.0797631120895,0.0,12203.97733433753,16.26,0.6,0.0,0.0,5.0,0.6449628755448891
1549,7,train_0163,12592.807803358573,10791.009469303845,129.10094693038445,0.0,12721.908750288958,14.14,0.68,0.0,0.0,5.0,0.6449628755448891
1550,7,train_0270,12233.824135530602,10675.936017661177,117.59360176611773,0.0,12351.417737296719,15.12,0.74,0.0,0.0,5.0,0.6449628755448891
1551,7,train_0338,12556.096084487366,10540.716267274922,104.07162672749219,0.0,12660.167711214859,17.32,0.66,0.0,0.0,5.0,0.6449628755448891
1552,7,train_0517,12433.847955514826,10611.360887874996,111.13608878749966,0.0,12544.984044302326,17.26,0.68,0.0,0.0,5.0,0.6449628755448891
1553,7,train_0443,12670.933862879101,10825.205971013884,132.52059710138838,0.0,12803.45445998049,15.54,0.74,0.0,0.0,5.0,0.6449628755448891
1554,7,train_0590,12256.292091501557,10515.893836249004,101.58938362490045,0.0,12357.881475126456,17.2,0.5,0.0,0.0,5.0,0.6449628755448891
1555,7,train_0336,12304.626213026026,10309.804510089158,80.98045100891578,0.0,12385.606664034942,17.22,0.74,0.0,0.0,5.0,0.6449628755448891
1556,7,train_0269,12138.241514689114,9616.125407207559,11.612540720755897,0.0,12149.85405540987,16.48,0.58,0.0,0.0,5.0,0.6449628755448891
1557,7,train_0459,12477.338096698986,10540.663764939003,104.06637649390032,0.0,12581.404473192886,16.48,0.64,0.0,0.0,5.0,0.6449628755448891
1558,7,train_0290,12503.50263813718,10310.65174025574,81.06517402557402,0.0,12584.567812162755,16.4,0.6,0.0,0.0,5.0,0.6449628755448891
1559,7,train_0580,12520.033631091243,10732.701503396016,123.27015033960161,0.0,12643.303781430845,16.24,0.68,0.0,0.0,5.0,0.6449628755448891
1560,7,train_0325,12262.37054558026,10563.762059243865,106.37620592438653,0.0,12368.746751504646,14.02,0.74,0.0,0.0,5.0,0.6449628755448891
1561,7,train_0383,12278.524630563003,10277.507895687808,77.75078956878079,0.0,12356.275420131784,16.26,0.62,0.0,0.0,5.0,0.6449628755448891
1562,7,train_0561,12377.094694065501,10637.6308676222,113.76308676221998,0.0,12490.85778082772,18.68,0.62,0.0,0.0,5.0,0.6449628755448891
1563,7,train_0424,12653.026222655553,10602.900311032114,110.29003110321138,0.0,12763.316253758765,18.78,0.7,0.0,0.0,5.0,0.6449628755448891
1564,7,train_0222,12419.21361059754,10415.936133862855,91.59361338628551,0.0,12510.807223983826,16.94,0.6,0.0,0.0,5.0,0.6449628755448891
1565,7,train_0509,11990.341541022664,10511.95537362957,101.19553736295694,0.0,12091.537078385621,13.96,0.52,0.0,0.0,5.0,0.6449628755448891
1566,7,train_0556,12415.648356810818,10466.693322653435,96.66933226534348,0.0,12512.31768907616,13.92,0.48,0.0,0.0,5.0,0.6449628755448891
1567,7,train_0331,12017.801539754146,10520.35554739129,102.03555473912894,0.0,12119.837094493274,17.12,0.68,0.0,0.0,5.0,0.6449628755448891
1568,7,train_0505,12222.665200033458,10745.458932449996,124.54589324499958,0.0,12347.211093278458,17.92,0.6,0.0,0.0,5.0,0.6449628755448891
1569,7,train_0173,12935.606276632589,10566.143452344299,106.61434523442986,0.0,13042.220621867018,17.22,0.72,0.0,0.0,5.0,0.6449628755448891
1570,7,train_0291,12724.90982093274,10529.431026916725,102.94310269167255,0.0,12827.852923624412,15.62,0.76,0.0,0.0,5.0,0.6449628755448891
1571,7,train_0476,12514.638404527199,10228.6218001435,72.86218001435009,0.0,12587.500584541549,18.7,0.6,0.0,0.0,5.0,0.6449628755448891
1572,7,train_0114,12303.159608047463,10249.927970924062,74.99279709240618,0.0,12378.152405139868,15.46,0.72,0.0,0.0,5.0,0.6449628755448891
1573,7,train_0494,12247.416120043781,10200.838307848606,70.08383078486058,0.0,12317.499950828642,16.86,0.64,0.0,0.0,5.0,0.6449628755448891
1574,7,train_0550,12588.007022240601,10093.540593261288,59.35405932612885,0.0,12647.36108156673,15.9,0.64,0.0,0.0,5.0,0.6449628755448891
1575,7,train_0587,12238.485302797177,10197.471533337939,69.7471533337939,0.0,12308.23245613097,15.98,0.6,0.0,0.0,5.0,0.6449628755448891
1576,7,train_0090,12447.810609462349,10545.272830061936,104.52728300619366,0.0,12552.337892468542,14.72,0.66,0.0,0.0,5.0,0.6449628755448891
1577,7,train_0012,12731.59231770611,10747.791561674436,124.77915616744359,0.0,12856.371473873554,16.84,0.74,0.0,0.0,5.0,0.6449628755448891
1578,7,train_0217,12749.694037124918,10299.749265709263,79.97492657092626,0.0,12829.668963695845,17.14,0.76,0.0,0.0,5.0,0.6449628755448891
1579,7,train_0304,12830.157342829443,10832.825233668751,133.2825233668751,0.0,12963.439866196319,16.62,0.66,0.0,0.0,5.0,0.6449628755448891
1580,7,train_0311,12306.427757211357,10648.724615036153,114.87246150361534,0.0,12421.300218714972,16.08,0.66,0.0,0.0,5.0,0.6449628755448891
1581,7,train_0036,12356.804320392579,10176.254859055938,67.62548590559382,0.0,12424.429806298172,17.18,0.64,0.0,0.0,5.0,0.6449628755448891
1582,7,train_0397,12189.070970393212,10523.186986272885,102.31869862728854,0.0,12291.3896690205,15.08,0.76,0.0,0.0,5.0,0.6449628755448891
1583,7,train_0297,12371.335948705117,10293.183860019177,79.31838600191769,0.0,12450.654334707035,14.26,0.64,0.0,0.0,5.0,0.6449628755448891
1584,7,train_0207,12027.889868481056,10267.97905603715,76.79790560371494,0.0,12104.68777408477,15.7,0.66,0.0,0.0,5.0,0.6449628755448891
1585,7,train_0286,12369.73864104935,10607.976986937265,110.79769869372649,0.0,12480.536339743076,15.62,0.64,0.0,0.0,5.0,0.6449628755448891
1586,7,train_0337,11880.550532209661,10385.474302595165,88.54743025951649,0.0,11969.097962469177,16.3,0.72,0.0,0.0,5.0,0.6449628755448891
1587,7,train_0131,12790.611466816039,10682.571214603333,118.2571214603333,0.0,12908.868588276373,16.78,0.64,0.0,0.0,5.0,0.6449628755448891
1588,7,train_0452,12139.775143106608,10336.266468028283,83.62664680282833,0.0,12223.401789909436,15.52,0.44,0.0,0.0,5.0,0.6449628755448891
1589,7,train_0599,12509.321825774306,9986.009156286282,48.60091562862817,0.0,12557.922741402934,17.56,0.64,0.0,0.0,5.0,0.6449628755448891
1590,7,train_0213,12241.279821241525,10572.398241313069,107.23982413130689,0.0,12348.519645372833,17.04,0.66,0.0,0.0,5.0,0.6449628755448891
1591,7,train_0445,13052.375138483134,10852.88713302389,135.28871330238908,0.0,13187.663851785523,18.02,0.72,0.0,0.0,5.0,0.6449628755448891
1592,7,train_0036,12165.297865505727,10159.80312844722,65.980312844722,0.0,12231.278178350449,16.68,0.56,0.0,0.0,5.0,0.6449628755448891
1593,7,train_0231,12529.441949035045,10767.00700133845,126.70070013384503,0.0,12656.142649168889,16.16,0.62,0.0,0.0,5.0,0.6449628755448891
1594,7,train_0333,12730.208414821333,10758.78297046643,125.87829704664291,0.0,12856.086711867976,14.98,0.66,0.0,0.0,5.0,0.6449628755448891
1595,7,train_0476,12491.96882833293,10257.882800721129,75.78828007211287,0.0,12567.757108405043,18.28,0.7,0.0,0.0,5.0,0.6449628755448891
1596,7,train_0186,12389.744131537816,10281.11147272554,78.11114727255409,0.0,12467.85527881037,14.9,0.54,0.0,0.0,5.0,0.6449628755448891
1597,7,train_0148,12537.083604418362,10561.216346333644,106.12163463336438,0.0,12643.205239051726,17.76,0.64,0.0,0.0,5.0,0.6449628755448891
1598,7,train_0519,12750.862748871901,10734.945093943837,123.49450939438375,0.0,12874.357258266285,17.8,0.72,0.0,0.0,5.0,0.6449628755448891
1599,7,train_0170,12079.933184941077,10137.112657883525,63.71126578835247,0.0,12143.644450729429,16.78,0.74,0.0,0.0,5.0,0.6449628755448891
1600,7,train_0125,12136.850297082128,10330.671651378205,83.0671651378205,0.0,12219.917462219948,16.52,0.68,0.0,0.0,5.0,0.6449628755448891
1601,7,train_0465,12473.456191316482,10582.2661274745,108.22661274745006,0.0,12581.682804063932,16.5,0.64,0.0,0.0,5.0,0.6449628755448891
1602,7,train_0053,12403.425456662037,10443.277667435927,94.32776674359266,0.0,12497.753223405629,15.9,0.6,0.0,0.0,5.0,0.6449628755448891
1603,7,train_0417,12389.03409202378,10429.257397879037,92.9257397879037,0.0,12481.959831811684,14.92,0.6,0.0,0.0,5.0,0.6449628755448891
1604,7,train_0280,12722.495733937352,10170.618416518268,67.06184165182677,0.0,12789.557575589179,15.86,0.72,0.0,0.0,5.0,0.6449628755448891
1605,7,train_0470,12261.442449100345,10479.100363584366,97.91003635843663,0.0,12359.352485458781,16.2,0.6,0.0,0.0,5.0,0.6449628755448891
1606,7,train_0512,12478.968594327504,10309.760116470554,80.97601164705539,0.0,12559.944605974559,16.08,0.58,0.0,0.0,5.0,0.6449628755448891
1607,7,train_0233,12930.022871572539,10840.165444842627,134.0165444842627,0.0,13064.039416056801,16.04,0.66,0.0,0.0,5.0,0.6449628755448891
1608,7,train_0148,12319.6063049996,10896.465874209805,139.64658742098055,0.0,12459.25289242058,17.1,0.6,0.0,0.0,5.0,0.6449628755448891
1609,7,train_0110,12416.586287258337,10627.90827841223,112.79082784122294,0.0,12529.37711509956,18.06,0.84,0.0,0.0,5.0,0.6449628755448891
1610,7,train_0432,12341.699039126363,10570.026469976685,107.00264699766849,0.0,12448.701686124032,14.46,0.72,0.0,0.0,5.0,0.6449628755448891
1611,7,train_0260,12365.18958231356,10367.789636738893,86.77896367388931,0.0,12451.968545987449,17.84,0.56,0.0,0.0,5.0,0.6449628755448891
1612,7,train_0481,12296.128639868275,10252.352135319714,75.23521353197138,0.0,12371.363853400246,16.48,0.52,0.0,0.0,5.0,0.6449628755448891
1613,7,train_0444,12323.376464241665,10345.245297979429,84.52452979794289,0.0,12407.900994039608,17.94,0.62,0.0,0.0,5.0,0.6449628755448891
1614,7,train_0598,12529.423603954772,10110.694941056596,61.06949410565958,0.0,12590.493098060431,14.04,0.56,0.0,0.0,5.0,0.6449628755448891
1615,7,train_0507,12517.257672306376,10629.380389703088,112.93803897030885,0.0,12630.195711276685,16.06,0.6,0.0,0.0,5.0,0.6449628755448891
1616,7,train_0549,12797.25815836059,10439.192101182874,93.91921011828745,0.0,12891.177368478877,16.96,0.68,0.0,0.0,5.0,0.6449628755448891
1617,7,train_0541,12603.50637524162,10825.630531590465,132.56305315904646,0.0,12736.069428400668,16.52,0.74,0.0,0.0,5.0,0.6449628755448891
1618,7,train_0546,12279.775259067708,10621.48378106566,112.1483781065661,0.0,12391.923637174274,19.86,0.72,0.0,0.0,5.0,0.6449628755448891
1619,7,train_0595,11881.048251298309,10389.779451571396,88.97794515713959,0.0,11970.026196455448,15.32,0.78,0.0,0.0,5.0,0.6449628755448891
1620,7,train_0226,11779.097142673516,10420.702310593522,92.07023105935224,0.0,11871.167373732867,15.5,0.62,0.0,0.0,5.0,0.6449628755448891
1621,7,train_0187,12284.18193358156,10204.08282953025,70.40828295302508,0.0,12354.590216534585,14.48,0.72,0.0,0.0,5.0,0.6449628755448891
1622,7,train_0357,12446.39268577167,10059.329553909614,55.93295539096144,0.0,12502.325641162632,15.1,0.58,0.0,0.0,5.0,0.6449628755448891
1623,7,train_0502,12516.412334377186,10860.11781936679,136.01178193667894,0.0,12652.424116313865,14.58,0.58,0.0,0.0,5.0,0.6449628755448891
1624,7,train_0108,12623.05870104261,10287.904233317342,78.7904233317342,0.0,12701.849124374345,18.72,0.68,0.0,0.0,5.0,0.6449628755448891
1625,7,train_0599,11859.677711004864,10411.371163163243,91.13711631632432,0.0,11950.814827321188,15.52,0.7,0.0,0.0,5.0,0.6449628755448891
1626,7,train_0180,12426.628727660336,10718.126415478286,121.81264154782858,0.0,12548.441369208165,16.32,0.74,0.0,0.0,5.0,0.6449628755448891
1627,7,train_0167,12177.161585823676,10307.51180450903,80.75118045090295,0.0,12257.91276627458,15.36,0.66,0.0,0.0,5.0,0.6449628755448891
1628,7,train_0238,12350.597688649748,10487.438400645631,98.74384006456313,0.0,12449.34152871431,15.72,0.54,0.0,0.0,5.0,0.6449628755448891
1629,7,train_0003,12203.01113016565,10186.428078097486,68.64280780974859,0.0,12271.6539379754,16.56,0.56,0.0,0.0,5.0,0.6449628755448891
1630,7,train_0237,12155.89089189822,10311.782367005977,81.17823670059771,0.0,12237.069128598818,16.9,0.7,0.0,0.0,5.0,0.6449628755448891
1631,7,train_0085,12325.4304530105,10369.766859770316,86.9766859770316,0.0,12412.407138987532,13.8,0.6,0.0,0.0,5.0,0.6449628755448891
1632,8,train_0480,12703.32020809017,10516.58859374062,101.65885937406202,0.0,12804.979067464232,16.0,0.62,0.0,0.0,5.0,0.6449628755448891
1633,8,train_0466,12022.71120304794,10667.241329040477,116.72413290404766,0.0,12139.435335951988,16.32,0.7,0.0,0.0,5.0,0.6449628755448891
1634,8,train_0379,12658.397127291282,10924.999808624132,142.49998086241322,0.0,12800.897108153695,14.66,0.6,0.0,0.0,5.0,0.6449628755448891
1635,8,train_0482,11872.864302276845,10285.413067428915,78.54130674289155,0.0,11951.405609019735,14.8,0.66,0.0,0.0,5.0,0.6449628755448891
1636,8,train_0098,12402.736830607028,10033.666940396846,53.36669403968463,0.0,12456.103524646713,14.36,0.64,0.0,0.0,5.0,0.6449628755448891
1637,8,train_0155,12735.042917073979,10417.203913201218,91.72039132012179,0.0,12826.7633083941,17.34,0.8,0.0,0.0,5.0,0.6449628755448891
1638,8,train_0529,12493.826742587707,10299.54390800382,79.95439080038196,0.0,12573.781133388089,17.16,0.52,0.0,0.0,5.0,0.6449628755448891
1639,8,train_0564,12405.442041719161,10576.207098726974,107.62070987269745,0.0,12513.062751591859,16.56,0.72,0.0,0.0,5.0,0.6449628755448891
1640,8,train_0162,11898.1042709623,10077.719073629965,57.77190736299654,0.0,11955.876178325296,15.62,0.64,0.0,0.0,5.0,0.6449628755448891
1641,8,train_0141,12544.821380124944,10447.360039334548,94.73600393345478,0.0,12639.557384058398,13.8,0.64,0.0,0.0,5.0,0.6449628755448891
1642,8,train_0069,12443.639430635652,10278.3098037678,77.83098037677992,0.0,12521.470411012433,17.1,0.66,0.0,0.0,5.0,0.6449628755448891
1643,8,train_0437,11534.487330200935,9752.30365608422,25.230365608421927,0.0,11559.717695809357,17.16,0.62,0.0,0.0,5.0,0.6449628755448891
1644,8,train_0396,12215.600396566993,10481.957863325839,98.19578633258389,0.0,12313.796182899578,14.16,0.66,0.0,0.0,5.0,0.6449628755448891
1645,8,train_0110,12528.679761824238,10255.257008706016,75.52570087060158,0.0,12604.20546269484,17.24,0.7,0.0,0.0,5.0,0.6449628755448891
1646,8,train_0369,12364.641812160131,10350.300494246876,85.0300494246876,0.0,12449.671861584819,13.58,0.64,0.0,0.0,5.0,0.6449628755448891
1647,8,train_0454,12957.135915226865,10800.213655047115,130.0213655047115,0.0,13087.157280731577,16.6,0.64,0.0,0.0,5.0,0.6449628755448891
1648,8,train_0178,12079.346246917172,10361.77085065643,86.17708506564304,0.0,12165.523331982815,15.38,0.62,0.0,0.0,5.0,0.6449628755448891
1649,8,train_0030,11959.277646059067,10552.1082897884,105.21082897884008,0.0,12064.488475037906,16.82,0.68,0.0,0.0,5.0,0.6449628755448891
1650,8,train_0132,12419.049804805116,10482.607965057543,98.2607965057543,0.0,12517.31060131087,18.2,0.5,0.0,0.0,5.0,0.6449628755448891
1651,8,train_0354,12160.964067886696,9921.625182670288,42.16251826702883,0.0,12203.126586153725,14.28,0.54,0.0,0.0,5.0,0.6449628755448891
1652,8,train_0310,11990.839138909312,10310.667671313677,81.06676713136767,0.0,12071.90590604068,15.06,0.52,0.0,0.0,5.0,0.6449628755448891
1653,8,train_0209,12293.746844097954,10387.906366997453,88.7906366997453,0.0,12382.537480797699,15.38,0.56,0.0,0.0,5.0,0.6449628755448891
1654,8,train_0333,12916.401643767138,10691.308458083382,119.13084580833821,0.0,13035.532489575477,14.62,0.72,0.0,0.0,5.0,0.6449628755448891
1655,8,train_0395,12114.01090586696,10265.929734331896,76.59297343318958,0.0,12190.60387930015,16.38,0.7,0.0,0.0,5.0,0.6449628755448891
1656,8,train_0570,12347.889115781074,10014.09749851885,51.40974985188495,0.0,12399.298865632958,14.24,0.62,0.0,0.0,5.0,0.6449628755448891
1657,8,train_0532,12326.95097454426,10360.890261301334,86.08902613013343,0.0,12413.040000674393,15.9,0.64,0.0,0.0,5.0,0.6449628755448891
1658,8,train_0409,13013.754738062813,10917.075523740186,141.70755237401863,0.0,13155.462290436832,18.52,0.58,0.0,0.0,5.0,0.6449628755448891
1659,8,train_0193,12444.348033656577,10484.753664083379,98.47536640833788,0.0,12542.823400064915,14.32,0.5,0.0,0.0,5.0,0.6449628755448891
1660,8,train_0239,12552.443167629395,10407.461788532926,90.74617885329263,0.0,12643.189346482688,15.02,0.64,0.0,0.0,5.0,0.6449628755448891
1661,8,train_0570,12138.059754806993,10340.512873725616,84.05128737256165,0.0,12222.111042179555,15.14,0.68,0.0,0.0,5.0,0.6449628755448891
1662,8,train_0198,11659.804302231758,10100.11050407539,60.01105040753901,0.0,11719.815352639296,15.22,0.7,0.0,0.0,5.0,0.6449628755448891
1663,8,train_0271,12235.144426295068,10269.836929515299,76.98369295152989,0.0,12312.128119246598,14.86,0.62,0.0,0.0,5.0,0.6449628755448891
1664,8,train_0594,12299.373467938998,10311.48665050595,81.14866505059508,0.0,12380.522132989594,17.06,0.5,0.0,0.0,5.0,0.6449628755448891
1665,8,train_0239,12707.212935397754,10172.340170652533,67.23401706525328,0.0,12774.446952463008,14.58,0.6,0.0,0.0,5.0,0.6449628755448891
1666,8,train_0472,12705.54315303274,10769.50799910742,126.95079991074199,0.0,12832.493952943483,16.1,0.64,0.0,0.0,5.0,0.6449628755448891
1667,8,train_0122,12110.094842919509,10207.29091075603,70.729091075603,0.0,12180.823933995112,15.98,0.64,0.0,0.0,5.0,0.6449628755448891
1668,8,train_0239,12557.51674292389,10396.516380624878,89.65163806248785,0.0,12647.168380986377,15.22,0.66,0.0,0.0,5.0,0.6449628755448891
1669,8,train_0033,12654.920903674558,10716.094051640684,121.60940516406845,0.0,12776.530308838626,15.46,0.64,0.0,0.0,5.0,0.6449628755448891
1670,8,train_0505,12492.454689480384,10570.7707511447,107.07707511447006,0.0,12599.531764594854,16.52,0.68,0.0,0.0,5.0,0.6449628755448891
1671,8,train_0036,12318.67218257251,10503.569514840256,100.35695148402556,0.0,12419.029134056536,16.18,0.66,0.0,0.0,5.0,0.6449628755448891
1672,8,train_0494,12142.088748692633,10405.568546534527,90.55685465345269,0.0,12232.645603346085,16.6,0.64,0.0,0.0,5.0,0.6449628755448891
1673,8,train_0510,12664.743151567976,10644.873670089872,114.48736700898718,0.0,12779.230518576964,16.28,0.56,0.0,0.0,5.0,0.6449628755448891
1674,8,train_0097,12189.779495011415,10456.884147777739,95.68841477777387,0.0,12285.46790978919,16.8,0.7,0.0,0.0,5.0,0.6449628755448891
1675,8,train_0004,12137.7648927256,10791.860285899473,129.18602858994728,0.0,12266.950921315547,18.18,0.72,0.0,0.0,5.0,0.6449628755448891
1676,8,train_0577,13308.761689988049,10879.335370546818,137.9335370546818,0.0,13446.69522704273,16.06,0.5,0.0,0.0,5.0,0.6449628755448891
1677,8,train_0388,12623.172494317583,10124.885550107174,62.48855501071739,0.0,12685.6610493283,15.62,0.66,0.0,0.0,5.0,0.6449628755448891
1678,8,train_0349,12322.462313465316,9875.16346097864,37.51634609786397,0.0,12359.97865956318,16.34,0.56,0.0,0.0,5.0,0.6449628755448891
1679,8,train_0365,13011.62859738552,10277.602900035487,77.76029000354866,0.0,13089.388887389068,16.16,0.72,0.0,0.0,5.0,0.6449628755448891
1680,8,train_0453,12234.814765595913,10363.817686406033,86.38176864060334,0.0,12321.196534236517,17.38,0.66,0.0,0.0,5.0,0.6449628755448891
1681,8,train_0352,11922.091655846489,10162.524122832801,66.25241228328014,0.0,11988.344068129769,17.52,0.74,0.0,0.0,5.0,0.6449628755448891
1682,8,train_0455,12850.22274943564,10461.771239536518,96.1771239536518,0.0,12946.399873389291,18.12,0.64,0.0,0.0,5.0,0.6449628755448891
1683,8,train_0275,12567.024111162184,10068.862244494081,56.88622444940811,0.0,12623.910335611592,15.44,0.64,0.0,0.0,5.0,0.6449628755448891
1684,8,train_0013,12127.021356722638,10281.468635429675,78.14686354296755,0.0,12205.168220265607,16.26,0.78,0.0,0.0,5.0,0.6449628755448891
1685,8,train_0038,12407.380432059455,10739.71823113024,123.97182311302404,0.0,12531.35225517248,17.92,0.68,0.0,0.0,5.0,0.6449628755448891
1686,8,train_0452,12290.789028601688,10187.910554214775,68.79105542147754,0.0,12359.580084023166,15.94,0.82,0.0,0.0,5.0,0.6449628755448891
1687,8,train_0115,12929.647924378189,11021.09013514839,152.109013514839,0.0,13081.756937893027,15.38,0.68,0.0,0.0,5.0,0.6449628755448891
1688,8,train_0060,12234.679134430538,10878.495338873372,137.8495338873372,0.0,12372.528668317875,17.22,0.62,0.0,0.0,5.0,0.6449628755448891
1689,8,train_0416,12423.059828510824,10569.133834175555,106.91338341755545,0.0,12529.97321192838,17.32,0.62,0.0,0.0,5.0,0.6449628755448891
1690,8,train_0095,12334.379486824102,10291.329583366482,79.13295833664816,0.0,12413.51244516075,16.36,0.64,0.0,0.0,5.0,0.6449628755448891
1691,8,train_0534,12456.877495653072,10365.58702561745,86.55870256174495,0.0,12543.436198214817,16.94,0.56,0.0,0.0,5.0,0.6449628755448891
1692,8,train_0187,12283.440699111245,10042.022250072274,54.20222500722739,0.0,12337.642924118472,15.1,0.64,0.0,0.0,5.0,0.6449628755448891
1693,8,train_0289,12497.533554657179,11070.046852316242,157.0046852316242,0.0,12654.538239888803,16.28,0.64,0.0,0.0,5.0,0.6449628755448891
1694,8,train_0260,12124.211934055835,10224.336516212785,72.43365162127849,0.0,12196.645585677114,17.3,0.7,0.0,0.0,5.0,0.6449628755448891
1695,8,train_0234,12208.407570464637,10122.747533196543,62.27475331965434,0.0,12270.682323784291,16.54,0.52,0.0,0.0,5.0,0.6449628755448891
1696,8,train_0369,12292.57639637923,10718.746262114715,121.87462621147152,0.0,12414.451022590702,14.72,0.56,0.0,0.0,5.0,0.6449628755448891
1697,8,train_0500,12062.062884727937,10380.582852247673,88.05828522476732,0.0,12150.121169952705,16.04,0.66,0.0,0.0,5.0,0.6449628755448891
1698,8,train_0146,12362.716670697853,10690.247032117044,119.0247032117044,0.0,12481.741373909557,14.44,0.68,0.0,0.0,5.0,0.6449628755448891
1699,8,train_0024,11977.101766988897,10103.941907993541,60.39419079935415,0.0,12037.495957788251,16.62,0.6,0.0,0.0,5.0,0.6449628755448891
1700,8,train_0436,12518.800029732989,10575.502817877625,107.55028178776247,0.0,12626.350311520751,15.56,0.58,0.0,0.0,5.0,0.6449628755448891
1701,8,train_0359,12474.38721933907,10564.882413961626,106.48824139616264,0.0,12580.875460735233,16.16,0.64,0.0,0.0,5.0,0.6449628755448891
1702,8,train_0269,11960.71394781875,10073.800260584863,57.38002605848633,0.0,12018.093973877236,15.36,0.54,0.0,0.0,5.0,0.6449628755448891
1703,8,train_0582,12401.567488018227,10717.64671632406,121.76467163240596,0.0,12523.332159650632,15.0,0.68,0.0,0.0,5.0,0.6449628755448891
1704,8,train_0202,12583.280618833422,10612.908764638663,111.29087646386634,0.0,12694.571495297288,16.46,0.72,0.0,0.0,5.0,0.6449628755448891
1705,8,train_0258,12828.688833649476,10498.330906420031,99.83309064200313,0.0,12928.521924291479,16.28,0.66,0.0,0.0,5.0,0.6449628755448891
1706,8,train_0516,12559.20886825574,10893.214347590923,139.32143475909234,0.0,12698.530303014833,15.0,0.64,0.0,0.0,5.0,0.6449628755448891
1707,8,train_0181,11561.22495793419,9794.321416691786,29.432141669178602,0.0,11590.657099603368,16.56,0.64,0.0,0.0,5.0,0.6449628755448891
1708,8,train_0594,12052.143256943493,10356.977459835329,85.69774598353288,0.0,12137.841002927025,17.52,0.52,0.0,0.0,5.0,0.6449628755448891
1709,8,train_0223,12277.915286161806,10230.0711317443,73.00711317443002,0.0,12350.922399336236,14.58,0.7,0.0,0.0,5.0,0.6449628755448891
1710,8,train_0440,12792.028168317525,10648.841900294341,114.88419002943411,0.0,12906.912358346959,16.04,0.8,0.0,0.0,5.0,0.6449628755448891
1711,8,train_0344,12595.89085462417,10205.52464671114,70.55246467111392,0.0,12666.443319295284,14.62,0.72,0.0,0.0,5.0,0.6449628755448891
1712,8,train_0466,12550.949612308512,10495.034608703798,99.5034608703798,0.0,12650.453073178891,17.46,0.52,0.0,0.0,5.0,0.6449628755448891
1713,8,train_0529,12589.700520784314,10458.926828314648,95.89268283146485,0.0,12685.59320361578,17.18,0.64,0.0,0.0,5.0,0.6449628755448891
1714,8,train_0093,11940.058422342372,10192.6917321814,69.26917321813998,0.0,12009.327595560511,17.92,0.64,0.0,0.0,5.0,0.6449628755448891
1715,8,train_0437,11273.9168376112,9877.687946657536,37.76879466575356,0.0,11311.685632276953,16.42,0.58,0.0,0.0,5.0,0.6449628755448891
1716,8,train_0251,12314.648381993347,10537.68562087676,103.76856208767605,0.0,12418.416944081024,15.52,0.58,0.0,0.0,5.0,0.6449628755448891
1717,8,train_0205,12721.25184861411,10665.26424966941,116.52642496694098,0.0,12837.778273581052,15.98,0.62,0.0,0.0,5.0,0.6449628755448891
1718,8,train_0459,12567.27238166296,10222.231743982731,72.22317439827312,0.0,12639.495556061234,16.82,0.6,0.0,0.0,5.0,0.6449628755448891
1719,8,train_0229,12642.63491384545,10588.353814210073,108.83538142100734,0.0,12751.470295266457,15.52,0.54,0.0,0.0,5.0,0.6449628755448891
1720,8,train_0099,11958.674191844462,10080.424237995754,58.04242379957541,0.0,12016.716615644038,17.44,0.7,0.0,0.0,5.0,0.6449628755448891
1721,8,train_0381,12222.779279428694,9993.4935354417,49.34935354416994,0.0,12272.128632972865,15.08,0.66,0.0,0.0,5.0,0.6449628755448891
1722,8,train_0568,12654.680061869902,10747.987295699771,124.79872956997716,0.0,12779.478791439878,16.84,0.6,0.0,0.0,5.0,0.6449628755448891
1723,8,train_0376,11956.535394507597,10506.315126566486,100.63151265664857,0.0,12057.166907164245,16.54,0.56,0.0,0.0,5.0,0.6449628755448891
1724,8,train_0188,12529.75562356035,10510.984345626355,101.09843456263553,0.0,12630.854058122984,13.5,0.56,0.0,0.0,5.0,0.6449628755448891
1725,8,train_0068,12409.909613061027,10685.603893851994,118.56038938519941,0.0,12528.470002446225,15.66,0.56,0.0,0.0,5.0,0.6449628755448891
1726,8,train_0157,12283.363052447019,10315.873830965891,81.58738309658912,0.0,12364.950435543607,14.68,0.64,0.0,0.0,5.0,0.6449628755448891
1727,8,train_0346,13012.722940780572,10518.61504641523,101.86150464152307,0.0,13114.584445422095,17.16,0.62,0.0,0.0,5.0,0.6449628755448891
1728,8,train_0161,12340.9794362092,10446.540008493077,94.6540008493077,0.0,12435.633437058508,15.84,0.6,0.0,0.0,5.0,0.6449628755448891
1729,8,train_0448,12390.657253297086,10227.365914553957,72.73659145539568,0.0,12463.393844752482,15.18,0.6,0.0,0.0,5.0,0.6449628755448891
1730,8,train_0223,12125.972017281674,10198.023045659973,69.80230456599729,0.0,12195.774321847672,15.02,0.66,0.0,0.0,5.0,0.6449628755448891
1731,8,train_0076,12404.620169110773,10296.727848427503,79.6727848427503,0.0,12484.292953953523,17.46,0.72,0.0,0.0,5.0,0.6449628755448891
1732,8,train_0388,12578.51864240364,10547.153954703395,104.71539547033954,0.0,12683.23403787398,15.96,0.68,0.0,0.0,5.0,0.6449628755448891
1733,8,train_0465,12832.740785231874,10440.853265108632,94.08532651086317,0.0,12926.826111742737,15.92,0.58,0.0,0.0,5.0,0.6449628755448891
1734,8,train_0533,12084.007960997133,9942.595268460875,44.25952684608747,0.0,12128.26748784322,15.68,0.54,0.0,0.0,5.0,0.6449628755448891
1735,8,train_0089,12488.080690872786,10736.892611556517,123.68926115565174,0.0,12611.769952028439,14.74,0.72,0.0,0.0,5.0,0.6449628755448891
1736,8,train_0484,12428.248575244572,10288.409229616198,78.84092296161981,0.0,12507.089498206191,13.74,0.62,0.0,0.0,5.0,0.6449628755448891
1737,8,train_0051,12151.369181611874,10829.13654488125,132.91365448812505,0.0,12284.2828361,16.88,0.66,0.0,0.0,5.0,0.6449628755448891
1738,8,train_0558,12910.515442307687,10554.451044878582,105.44510448785823,0.0,13015.960546795546,15.8,0.6,0.0,0.0,5.0,0.6449628755448891
1739,8,train_0334,12475.873682919238,10553.745161714964,105.37451617149637,0.0,12581.248199090734,16.48,0.66,0.0,0.0,5.0,0.6449628755448891
1740,8,train_0097,12216.971666809166,10457.495557303751,95.74955573037515,0.0,12312.721222539541,17.8,0.68,0.0,0.0,5.0,0.6449628755448891
1741,8,train_0468,12017.887563699554,10248.91042291602,74.89104229160203,0.0,12092.778605991156,15.16,0.62,0.0,0.0,5.0,0.6449628755448891
1742,8,train_0485,12102.54278497172,9905.690511492528,40.56905114925285,0.0,12143.111836120972,16.5,0.58,0.0,0.0,5.0,0.6449628755448891
1743,8,train_0369,12383.087815567516,10335.9829869504,83.59829869503993,0.0,12466.686114262557,15.32,0.72,0.0,0.0,5.0,0.6449628755448891
1744,8,train_0269,11960.15072889244,10055.087134943444,55.50871349434438,0.0,12015.659442386785,14.88,0.56,0.0,0.0,5.0,0.6449628755448891
1745,8,train_0364,12469.499938127115,10343.670734985571,84.36707349855715,0.0,12553.867011625673,18.32,0.62,0.0,0.0,5.0,0.6449628755448891
1746,8,train_0457,12460.48429498127,10493.15624106781,99.31562410678107,0.0,12559.799919088051,16.74,0.6,0.0,0.0,5.0,0.6449628755448891
1747,8,train_0055,12862.947242209144,10174.812606858177,67.48126068581769,0.0,12930.428502894962,13.98,0.66,0.0,0.0,5.0,0.6449628755448891
1748,8,train_0006,12221.376524335596,10419.394695571644,91.93946955716439,0.0,12313.31599389276,15.4,0.68,0.0,0.0,5.0,0.6449628755448891
1749,8,train_0347,12619.544096012325,10248.76893154889,74.87689315488898,0.0,12694.420989167214,16.14,0.62,0.0,0.0,5.0,0.6449628755448891
1750,8,train_0501,12474.553098184428,10584.706604104475,108.47066041044746,0.0,12583.023758594874,18.68,0.72,0.0,0.0,5.0,0.6449628755448891
1751,8,train_0308,12292.747280406425,10125.134035127325,62.51340351273248,0.0,12355.260683919158,16.18,0.54,0.0,0.0,5.0,0.6449628755448891
1752,8,train_0011,12015.396117448603,10272.448794366519,77.2448794366519,0.0,12092.640996885255,15.92,0.64,0.0,0.0,5.0,0.6449628755448891
1753,8,train_0008,12150.920035163443,10781.227350215251,128.12273502152513,0.0,12279.042770184968,13.38,0.76,0.0,0.0,5.0,0.6449628755448891
1754,8,train_0363,12617.853080685543,10449.696765162265,94.96967651622654,0.0,12712.82275720177,15.58,0.62,0.0,0.0,5.0,0.6449628755448891
1755,8,train_0459,12151.027808116803,10755.994086263556,125.59940862635558,0.0,12276.62721674316,18.04,0.64,0.0,0.0,5.0,0.6449628755448891
1756,8,train_0321,12353.527946647646,10445.386129881364,94.53861298813645,0.0,12448.066559635783,18.36,0.72,0.0,0.0,5.0,0.6449628755448891
1757,8,train_0131,12885.11046757854,10793.217654102034,129.32176541020345,0.0,13014.432232988742,16.06,0.76,0.0,0.0,5.0,0.6449628755448891
1758,8,train_0156,12340.072833675877,10226.513745655353,72.6513745655353,0.0,12412.724208241412,16.6,0.64,0.0,0.0,5.0,0.6449628755448891
1759,8,train_0278,12539.836220692325,10227.772831510576,72.7772831510576,0.0,12612.613503843382,16.96,0.6,0.0,0.0,5.0,0.6449628755448891
1760,8,train_0082,12551.115478323924,10871.114700400829,137.1114700400829,0.0,12688.226948364007,15.72,0.7,0.0,0.0,5.0,0.6449628755448891
1761,8,train_0274,12493.71651296271,10656.041489326128,115.60414893261277,0.0,12609.320661895323,16.06,0.66,0.0,0.0,5.0,0.6449628755448891
1762,8,train_0094,12033.37418677184,10169.245622649409,66.92456226494087,0.0,12100.298749036781,14.42,0.58,0.0,0.0,5.0,0.6449628755448891
1763,8,train_0408,11857.832539249013,10428.546918211207,92.85469182112065,0.0,11950.687231070135,15.34,0.7,0.0,0.0,5.0,0.6449628755448891
1764,8,train_0438,12469.851791581325,10245.980840755557,74.59808407555575,0.0,12544.449875656881,15.56,0.5,0.0,0.0,5.0,0.6449628755448891
1765,8,train_0517,12581.824562679314,10495.242449437705,99.52424494377047,0.0,12681.348807623084,16.56,0.72,0.0,0.0,5.0,0.6449628755448891
1766,8,train_0121,12320.622213193159,10327.095748919197,82.7095748919197,0.0,12403.33178808508,15.08,0.5,0.0,0.0,5.0,0.6449628755448891
1767,8,train_0468,12349.117303981944,9944.061881215768,44.40618812157682,0.0,12393.52349210352,15.14,0.64,0.0,0.0,5.0,0.6449628755448891
1768,8,train_0494,12188.964614893468,10312.582519316009,81.25825193160091,0.0,12270.222866825068,17.2,0.74,0.0,0.0,5.0,0.6449628755448891
1769,8,train_0127,12402.070428672982,10449.022065561376,94.90220655613757,0.0,12496.972635229118,16.28,0.62,0.0,0.0,5.0,0.6449628755448891
1770,8,train_0532,12293.166022555763,10205.69136736741,70.56913673674099,0.0,12363.735159292504,15.76,0.6,0.0,0.0,5.0,0.6449628755448891
1771,8,train_0137,12243.297040756544,10147.343149283886,64.73431492838863,0.0,12308.031355684932,17.58,0.76,0.0,0.0,5.0,0.6449628755448891
1772,8,train_0171,12854.83238230124,10770.098182444548,127.0098182444548,0.0,12981.842200545694,15.72,0.6,0.0,0.0,5.0,0.6449628755448891
1773,8,train_0257,12403.238179704218,10771.24975016959,127.12497501695907,0.0,12530.363154721177,15.58,0.66,0.0,0.0,5.0,0.6449628755448891
1774,8,train_0489,11917.203831065814,10144.688003502222,64.46880035022222,0.0,11981.672631416035,17.38,0.6,0.0,0.0,5.0,0.6449628755448891
1775,8,train_0219,12365.078115287573,10322.476553888986,82.24765538889861,0.0,12447.325770676473,16.62,0.68,0.0,0.0,5.0,0.6449628755448891
1776,8,train_0483,12960.879531520794,10767.009421663304,126.70094216633044,0.0,13087.580473687123,15.82,0.62,0.0,0.0,5.0,0.6449628755448891
1777,8,train_0431,12339.660657675835,10204.91734527218,70.49173452721807,0.0,12410.152392203054,17.4,0.66,0.0,0.0,5.0,0.6449628755448891
1778,8,train_0349,12254.060793342396,9972.217609320653,47.221760932065266,0.0,12301.282554274461,15.04,0.62,0.0,0.0,5.0,0.6449628755448891
1779,8,train_0328,12194.496444791192,10582.613490839443,108.26134908394434,0.0,12302.757793875136,15.68,0.72,0.0,0.0,5.0,0.6449628755448891
1780,8,train_0296,12647.170016404141,10495.533673327423,99.55336733274235,0.0,12746.723383736884,14.66,0.64,0.0,0.0,5.0,0.6449628755448891
1781,8,train_0270,12433.7394605354,10220.147058016973,72.01470580169735,0.0,12505.754166337098,15.1,0.56,0.0,0.0,5.0,0.6449628755448891
1782,8,train_0183,12295.090653441372,10491.590204658787,99.15902046587871,0.0,12394.24967390725,14.86,0.68,0.0,0.0,5.0,0.6449628755448891
1783,8,train_0362,12003.81202786928,10583.520392207844,108.35203922078436,0.0,12112.164067090065,15.42,0.6,0.0,0.0,5.0,0.6449628755448891
1784,8,train_0033,12769.854618373014,10829.452870658031,132.94528706580314,0.0,12902.799905438816,15.98,0.6,0.0,0.0,5.0,0.6449628755448891
1785,8,train_0228,12361.283377194928,10020.176489310932,52.01764893109321,0.0,12413.30102612602,14.0,0.68,0.0,0.0,5.0,0.6449628755448891
1786,8,train_0268,12560.266653448147,10502.649517585562,100.26495175855617,0.0,12660.531605206703,16.2,0.66,0.0,0.0,5.0,0.6449628755448891
1787,8,train_0514,12573.586157697826,10084.180137595917,58.41801375959167,0.0,12632.004171457418,15.68,0.8,0.0,0.0,5.0,0.6449628755448891
1788,8,train_0534,12449.883260779385,10218.623542839654,71.8623542839654,0.0,12521.74561506335,14.9,0.7,0.0,0.0,5.0,0.6449628755448891
1789,8,train_0448,12275.09181513761,10368.271913201192,86.82719132011917,0.0,12361.919006457729,14.78,0.6,0.0,0.0,5.0,0.6449628755448891
1790,8,train_0107,12928.916937907783,10309.607703850568,80.96077038505683,0.0,13009.877708292839,15.28,0.68,0.0,0.0,5.0,0.6449628755448891
1791,8,train_0477,12374.1736422678,10098.188137841524,59.818813784152375,0.0,12433.992456051952,14.14,0.56,0.0,0.0,5.0,0.6449628755448891
1792,8,train_0473,12191.922796142642,10220.410448985613,72.04104489856127,0.0,12263.963841041204,17.62,0.56,0.0,0.0,5.0,0.6449628755448891
1793,8,train_0594,11945.994602606139,10130.568159829634,63.05681598296342,0.0,12009.051418589102,17.64,0.66,0.0,0.0,5.0,0.6449628755448891
1794,8,train_0363,12768.196220184458,10640.241668061699,114.02416680616989,0.0,12882.220386990628,14.78,0.66,0.0,0.0,5.0,0.6449628755448891
1795,8,train_0412,12093.004043237026,10297.690567376652,79.76905673766524,0.0,12172.773099974691,14.72,0.64,0.0,0.0,5.0,0.6449628755448891
1796,8,train_0189,12415.806765288839,10114.074766917984,61.407476691798365,0.0,12477.214241980637,15.6,0.66,0.0,0.0,5.0,0.6449628755448891
1797,8,train_0391,12210.060038920808,10502.72220067865,100.27222006786506,0.0,12310.332258988674,14.12,0.7,0.0,0.0,5.0,0.6449628755448891
1798,8,train_0300,12197.38886818997,9996.995370416018,49.6995370416018,0.0,12247.088405231572,15.36,0.74,0.0,0.0,5.0,0.6449628755448891
1799,8,train_0459,12092.409412037674,10506.213456373496,100.62134563734963,0.0,12193.030757675024,17.36,0.56,0.0,0.0,5.0,0.6449628755448891
1800,8,train_0035,12756.076156223711,11066.624331051411,156.6624331051411,0.0,12912.738589328852,16.46,0.52,0.0,0.0,5.0,0.6449628755448891
1801,8,train_0379,12862.036381658863,10866.91521390988,136.69152139098807,0.0,12998.727903049852,13.42,0.52,0.0,0.0,5.0,0.6449628755448891
1802,8,train_0353,12054.141577061855,10277.366089494444,77.73660894944442,0.0,12131.8781860113,15.94,0.62,0.0,0.0,5.0,0.6449628755448891
1803,8,train_0573,12132.41508759628,10307.743020097496,80.77430200974959,0.0,12213.18938960603,17.1,0.64,0.0,0.0,5.0,0.6449628755448891
1804,8,train_0594,12065.388242363579,10190.938865489592,69.0938865489592,0.0,12134.482128912538,18.66,0.58,0.0,0.0,5.0,0.6449628755448891
1805,8,train_0243,12475.989685452187,10582.214200044564,108.22142000445638,0.0,12584.211105456643,18.24,0.7,0.0,0.0,5.0,0.6449628755448891
1806,8,train_0315,12820.00831274044,11064.869723084357,156.48697230843572,0.0,12976.495285048875,16.06,0.62,0.0,0.0,5.0,0.6449628755448891
1807,8,train_0221,12434.070065315562,10632.173634522927,113.21736345229274,0.0,12547.287428767855,16.28,0.66,0.0,0.0,5.0,0.6449628755448891
1808,8,train_0029,12318.756989996882,10618.420318816525,111.84203188165247,0.0,12430.599021878534,16.34,0.6,0.0,0.0,5.0,0.6449628755448891
1809,8,train_0051,12563.057648187129,10446.44064237007,94.64406423700694,0.0,12657.701712424136,17.68,0.64,0.0,0.0,5.0,0.6449628755448891
1810,8,train_0055,12641.432423287746,10365.528827108232,86.55288271082318,0.0,12727.985305998569,15.32,0.66,0.0,0.0,5.0,0.6449628755448891
1811,8,train_0565,13029.355587185066,10550.026554198914,105.00265541989138,0.0,13134.358242604958,15.0,0.6,0.0,0.0,5.0,0.6449628755448891
1812,8,train_0248,12606.142279091897,10215.687047951176,71.56870479511763,0.0,12677.710983887015,16.12,0.72,0.0,0.0,5.0,0.6449628755448891
1813,8,train_0049,12367.960740201863,10585.049606904124,108.50496069041237,0.0,12476.465700892275,14.8,0.54,0.0,0.0,5.0,0.6449628755448891
1814,8,train_0164,12083.02720084323,10475.923691157152,97.59236911571516,0.0,12180.619569958944,13.78,0.72,0.0,0.0,5.0,0.6449628755448891
1815,8,train_0546,12229.291586334133,10613.627104518597,111.36271045185968,0.0,12340.654296785993,19.22,0.66,0.0,0.0,5.0,0.6449628755448891
1816,8,train_0448,12456.482212789455,10212.622048173856,71.26220481738565,0.0,12527.74441760684,15.94,0.68,0.0,0.0,5.0,0.6449628755448891
1817,8,train_0212,12468.49963452636,10136.35122036306,63.63512203630599,0.0,12532.134756562667,15.96,0.7,0.0,0.0,5.0,0.6449628755448891
1818,8,train_0209,12007.241966994978,10373.476391899905,87.34763918999052,0.0,12094.589606184969,16.32,0.54,0.0,0.0,5.0,0.6449628755448891
1819,8,train_0594,12221.427500489086,10301.335546498369,80.13355464983688,0.0,12301.561055138924,18.46,0.7,0.0,0.0,5.0,0.6449628755448891
1820,8,train_0250,12450.950611543602,10466.900863675899,96.69008636758991,0.0,12547.64069791119,15.96,0.6,0.0,0.0,5.0,0.6449628755448891
1821,8,train_0078,12402.726261327462,10117.775378145961,61.777537814596144,0.0,12464.503799142058,14.16,0.7,0.0,0.0,5.0,0.6449628755448891
1822,8,train_0402,12636.996983738078,10491.056759125298,99.10567591252985,0.0,12736.102659650607,18.02,0.74,0.0,0.0,5.0,0.6449628755448891
1823,8,train_0145,12349.995835392183,10343.629026732284,84.36290267322839,0.0,12434.358738065412,14.38,0.66,0.0,0.0,5.0,0.6449628755448891
1824,8,train_0381,12069.076809724225,10668.162102561742,116.81621025617424,0.0,12185.8930199804,16.14,0.68,0.0,0.0,5.0,0.6449628755448891
1825,8,train_0474,12543.326452346122,10372.202535569828,87.2202535569828,0.0,12630.546705903105,15.5,0.58,0.0,0.0,5.0,0.6449628755448891
1826,8,train_0340,12355.011642802829,10658.530483370523,115.85304833705231,0.0,12470.864691139881,17.12,0.68,0.0,0.0,5.0,0.6449628755448891
1827,8,train_0233,13048.52893783156,10614.049140751893,111.40491407518931,0.0,13159.933851906748,16.72,0.56,0.0,0.0,5.0,0.6449628755448891
1828,8,train_0366,12254.80926123116,10519.554713721305,101.95547137213053,0.0,12356.76473260329,17.02,0.7,0.0,0.0,5.0,0.6449628755448891
1829,8,train_0264,12042.494361500063,10231.98282583139,73.198282583139,0.0,12115.692644083201,15.8,0.68,0.0,0.0,5.0,0.6449628755448891
1830,8,train_0363,12607.550992331031,10272.914023343888,77.29140233438885,0.0,12684.84239466542,16.86,0.6,0.0,0.0,5.0,0.6449628755448891
1831,8,train_0120,12104.938401395728,10178.15093289635,67.81509328963493,0.0,12172.753494685363,16.84,0.62,0.0,0.0,5.0,0.6449628755448891
1832,8,train_0456,12399.634854480551,10497.020872908715,99.70208729087153,0.0,12499.336941771424,14.96,0.58,0.0,0.0,5.0,0.6449628755448891
1833,8,train_0093,12048.698817145698,10126.047613898165,62.60476138981649,0.0,12111.303578535515,18.44,0.62,0.0,0.0,5.0,0.6449628755448891
1834,8,train_0171,12954.672603436418,10769.04958960558,126.904958960558,0.0,13081.577562396977,17.76,0.58,0.0,0.0,5.0,0.6449628755448891
1835,8,train_0515,12418.305953384881,10289.57423558979,78.95742355897892,0.0,12497.26337694386,18.6,0.62,0.0,0.0,5.0,0.6449628755448891
1836,8,train_0318,12426.916644463172,10133.797874087748,63.379787408774796,0.0,12490.296431871946,17.44,0.8,0.0,0.0,5.0,0.6449628755448891
1837,8,train_0355,12498.942019484988,10672.25533455349,117.22553345534908,0.0,12616.167552940336,16.04,0.7,0.0,0.0,5.0,0.6449628755448891
1838,8,train_0413,12931.877145534248,10588.970731385049,108.89707313850487,0.0,13040.774218672754,15.98,0.64,0.0,0.0,5.0,0.6449628755448891
1839,8,train_0471,12625.265649605622,10290.738040546517,79.07380405465175,0.0,12704.339453660274,15.88,0.74,0.0,0.0,5.0,0.6449628755448891
1840,9,train_0048,12249.304594549074,10643.119436432738,114.31194364327385,0.0,12363.616538192347,14.58,0.72,0.0,0.0,5.0,0.6449628755448891
1841,9,train_0219,12682.351133950506,10222.9256563423,72.29256563423006,0.0,12754.643699584736,17.18,0.66,0.0,0.0,5.0,0.6449628755448891
1842,9,train_0441,12386.723716567683,10579.1241742503,107.91241742503007,0.0,12494.636133992713,16.66,0.56,0.0,0.0,5.0,0.6449628755448891
1843,9,train_0292,12567.881226803262,10353.347826895339,85.33478268953387,0.0,12653.216009492795,17.3,0.64,0.0,0.0,5.0,0.6449628755448891
1844,9,train_0274,12563.300283817305,10769.308957985977,126.9308957985977,0.0,12690.231179615903,16.68,0.7,0.0,0.0,5.0,0.6449628755448891
1845,9,train_0549,12716.653710503786,10579.221056916198,107.9221056916198,0.0,12824.575816195405,17.02,0.64,0.0,0.0,5.0,0.6449628755448891
1846,9,train_0579,12466.062450593887,10363.899380394627,86.38993803946269,0.0,12552.45238863335,16.88,0.68,0.0,0.0,5.0,0.6449628755448891
1847,9,train_0543,12751.57142125764,10429.117930603741,92.91179306037412,0.0,12844.483214318014,15.7,0.6,0.0,0.0,5.0,0.6449628755448891
1848,9,train_0031,12250.078032858924,10170.061201991608,67.0061201991608,0.0,12317.084153058086,16.52,0.58,0.0,0.0,5.0,0.6449628755448891
1849,9,train_0357,12001.280511763303,10408.719670877326,90.87196708773263,0.0,12092.152478851036,15.7,0.52,0.0,0.0,5.0,0.6449628755448891
1850,9,train_0080,12524.912812199727,10540.398968155594,104.03989681555942,0.0,12628.952709015286,14.3,0.64,0.0,0.0,5.0,0.6449628755448891
1851,9,train_0408,12307.452034439797,10202.606865089288,70.26068650892886,0.0,12377.712720948726,15.36,0.58,0.0,0.0,5.0,0.6449628755448891
1852,9,train_0149,12568.704134624119,10432.031295716763,93.20312957167626,0.0,12661.907264195796,15.96,0.64,0.0,0.0,5.0,0.6449628755448891
1853,9,train_0044,12661.573237460037,11050.003493489468,155.00034934894686,0.0,12816.573586808985,16.02,0.52,0.0,0.0,5.0,0.6449628755448891
1854,9,train_0390,12550.62444871421,10593.250056043991,109.32500560439912,0.0,12659.94945431861,16.34,0.68,0.0,0.0,5.0,0.6449628755448891
1855,9,train_0206,12483.15827336273,10335.666711198748,83.56667111987481,0.0,12566.724944482605,14.42,0.56,0.0,0.0,5.0,0.6449628755448891
1856,9,train_0557,12165.755006076324,10308.270434808874,80.82704348088737,0.0,12246.582049557212,15.74,0.64,0.0,0.0,5.0,0.6449628755448891
1857,9,train_0340,12601.283474664742,10354.533223398917,85.45332233989176,0.0,12686.736797004634,16.7,0.6,0.0,0.0,5.0,0.6449628755448891
1858,9,train_0060,12846.947132483681,10336.98395161816,83.69839516181601,0.0,12930.645527645498,17.4,0.66,0.0,0.0,5.0,0.6449628755448891
1859,9,train_0265,12882.331962980044,9778.720864737119,27.8720864737119,0.0,12910.204049453756,15.66,0.56,0.0,0.0,5.0,0.6449628755448891
1860,9,train_0501,12503.77380999567,10841.137612763892,134.11376127638923,0.0,12637.887571272058,18.04,0.68,0.0,0.0,5.0,0.6449628755448891
1861,9,train_0184,12253.53420335954,10377.159894246823,87.71598942468228,0.0,12341.250192784222,17.16,0.64,0.0,0.0,5.0,0.6449628755448891
1862,9,train_0401,12090.25820694071,10082.892163777828,58.289216377782765,0.0,12148.547423318494,17.54,0.56,0.0,0.0,5.0,0.6449628755448891
1863,9,train_0421,12735.4873755527,10692.361928466544,119.23619284665438,0.0,12854.723568399355,15.22,0.74,0.0,0.0,5.0,0.6449628755448891
1864,9,train_0175,12019.62142934727,10580.716921458923,108.07169214589231,0.0,12127.693121493161,16.58,0.74,0.0,0.0,5.0,0.6449628755448891
1865,9,train_0141,13063.14410219918,10240.77576130086,74.07757613008599,0.0,13137.221678329266,14.24,0.62,0.0,0.0,5.0,0.6449628755448891
1866,9,train_0445,13178.607913697251,10706.64941509952,120.66494150995204,0.0,13299.272855207204,19.62,0.72,0.0,0.0,5.0,0.6449628755448891
1867,9,train_0546,12486.931273048614,10317.156526563464,81.71565265634636,0.0,12568.646925704961,20.12,0.72,0.0,0.0,5.0,0.6449628755448891
1868,9,train_0241,12228.233164173907,10217.170691902069,71.7170691902069,0.0,12299.950233364114,14.3,0.72,0.0,0.0,5.0,0.6449628755448891
1869,9,train_0124,12163.428108746415,10794.544453984963,129.45444539849632,0.0,12292.882554144911,17.22,0.68,0.0,0.0,5.0,0.6449628755448891
1870,9,train_0312,12266.21825140145,10319.449015176033,81.94490151760328,0.0,12348.163152919053,17.08,0.56,0.0,0.0,5.0,0.6449628755448891
1871,9,train_0430,12412.861121059963,10069.568391945118,56.95683919451185,0.0,12469.817960254475,14.78,0.68,0.0,0.0,5.0,0.6449628755448891
1872,9,train_0357,11961.248917563318,10419.86056285386,91.98605628538608,0.0,12053.234973848705,14.34,0.66,0.0,0.0,5.0,0.6449628755448891
1873,9,train_0296,12998.220287929038,9957.312602330889,45.731260233088875,0.0,13043.951548162127,15.94,0.46,0.0,0.0,5.0,0.6449628755448891
1874,9,train_0118,12496.656359266532,10231.918688396963,73.19186883969633,0.0,12569.848228106228,14.66,0.66,0.0,0.0,5.0,0.6449628755448891
1875,9,train_0439,12630.173181755536,10059.65071667749,55.965071667749,0.0,12686.138253423285,13.94,0.68,0.0,0.0,5.0,0.6449628755448891
1876,9,train_0337,11999.775408227832,10124.808500312174,62.480850031217415,0.0,12062.256258259049,18.02,0.56,0.0,0.0,5.0,0.6449628755448891
1877,9,train_0243,12508.458793636966,10649.708967851515,114.9708967851515,0.0,12623.429690422117,18.68,0.6,0.0,0.0,5.0,0.6449628755448891
1878,9,train_0397,12487.123674537213,9920.748257172107,42.074825717210665,0.0,12529.198500254424,15.92,0.62,0.0,0.0,5.0,0.6449628755448891
1879,9,train_0212,12051.703481384477,10259.45012908971,75.94501290897097,0.0,12127.648494293448,14.24,0.54,0.0,0.0,5.0,0.6449628755448891
1880,9,train_0101,12208.88709736856,10590.995168769961,109.09951687699613,0.0,12317.986614245558,17.22,0.72,0.0,0.0,5.0,0.6449628755448891
1881,9,train_0386,12492.173130634761,10445.835174656513,94.58351746565131,0.0,12586.756648100412,13.94,0.64,0.0,0.0,5.0,0.6449628755448891
1882,9,train_0162,11765.880676452023,10019.342792319949,51.93427923199488,0.0,11817.814955684018,15.4,0.64,0.0,0.0,5.0,0.6449628755448891
1883,9,train_0577,13147.774688909514,10701.988060322572,120.19880603225721,0.0,13267.97349494177,16.28,0.58,0.0,0.0,5.0,0.6449628755448891
1884,9,train_0194,12578.310508252918,10272.509596113632,77.25095961136321,0.0,12655.561467864281,16.24,0.58,0.0,0.0,5.0,0.6449628755448891
1885,9,train_0413,13143.78102114251,10511.543615829114,101.1543615829114,0.0,13244.93538272542,15.16,0.8,0.0,0.0,5.0,0.6449628755448891
1886,9,train_0117,11943.02314311729,10219.336495526024,71.9336495526024,0.0,12014.956792669893,17.76,0.64,0.0,0.0,5.0,0.6449628755448891
1887,9,train_0009,12275.851049307032,10765.94810741568,126.59481074156793,0.0,12402.4458600486,16.52,0.58,0.0,0.0,5.0,0.6449628755448891
1888,9,train_0590,12320.94217835171,10378.573576976509,87.85735769765088,0.0,12408.79953604936,16.84,0.5,0.0,0.0,5.0,0.6449628755448891
1889,9,train_0018,12871.37135808718,10210.268469968314,71.02684699683141,0.0,12942.398205084013,16.54,0.68,0.0,0.0,5.0,0.6449628755448891
1890,9,train_0003,12013.297608760917,10409.715856267165,90.97158562671649,0.0,12104.269194387633,16.08,0.64,0.0,0.0,5.0,0.6449628755448891
1891,9,train_0127,12766.752733227393,10703.252265465897,120.3252265465897,0.0,12887.077959773982,14.78,0.6,0.0,0.0,5.0,0.6449628755448891
1892,9,train_0047,11980.962431441769,10333.737494832894,83.37374948328943,0.0,12064.336180925058,15.46,0.68,0.0,0.0,5.0,0.6449628755448891
1893,9,train_0211,12321.24508574548,10611.76392573856,111.17639257385599,0.0,12432.421478319337,16.94,0.72,0.0,0.0,5.0,0.6449628755448891
1894,9,train_0454,12772.986324530419,11176.694544289147,167.66945442891466,0.0,12940.655778959333,16.26,0.7,0.0,0.0,5.0,0.6449628755448891
1895,9,train_0095,12116.388864013526,10503.382100028432,100.33821000284316,0.0,12216.72707401637,16.26,0.7,0.0,0.0,5.0,0.6449628755448891
1896,9,train_0598,12209.848487499597,10327.09885110782,82.70988511078195,0.0,12292.55837261038,13.78,0.64,0.0,0.0,5.0,0.6449628755448891
1897,9,train_0572,12622.296232522254,10508.927466994322,100.89274669943225,0.0,12723.188979221686,12.86,0.62,0.0,0.0,5.0,0.6449628755448891
1898,9,train_0236,12212.827086158497,10348.85923261387,84.88592326138696,0.0,12297.713009419884,18.52,0.68,0.0,0.0,5.0,0.6449628755448891
1899,9,train_0159,11893.268979410677,9851.180732998437,35.11807329984367,0.0,11928.387052710521,16.44,0.72,0.0,0.0,5.0,0.6449628755448891
1900,9,train_0060,12443.207483011167,10551.863380495008,105.18633804950078,0.0,12548.393821060668,16.26,0.68,0.0,0.0,5.0,0.6449628755448891
1901,9,train_0275,12479.89077236904,10307.377746056374,80.73777460563743,0.0,12560.628546974678,14.12,0.66,0.0,0.0,5.0,0.6449628755448891
1902,9,train_0337,11991.950927256825,10280.238004352543,78.02380043525427,0.0,12069.974727692079,16.84,0.54,0.0,0.0,5.0,0.6449628755448891
1903,9,train_0084,12206.569072238533,10101.795197622032,60.1795197622032,0.0,12266.748592000737,16.56,0.68,0.0,0.0,5.0,0.6449628755448891
1904,9,train_0580,12409.237513710636,10978.38861107852,147.83886110785207,0.0,12557.076374818487,14.98,0.68,0.0,0.0,5.0,0.6449628755448891
1905,9,train_0183,12548.016713770648,10463.99933437733,96.39993343773295,0.0,12644.416647208382,15.26,0.66,0.0,0.0,5.0,0.6449628755448891
1906,9,train_0361,12749.996656913067,10320.699219645168,82.06992196451684,0.0,12832.066578877584,16.68,0.7,0.0,0.0,5.0,0.6449628755448891
1907,9,train_0327,12840.098368320265,10534.954407926754,103.49544079267544,0.0,12943.593809112941,18.02,0.58,0.0,0.0,5.0,0.6449628755448891
1908,9,train_0413,12589.436424383566,10597.289646544263,109.72896465442628,0.0,12699.165389037993,15.38,0.68,0.0,0.0,5.0,0.6449628755448891
1909,9,train_0251,12669.69462432976,10074.814898629269,57.48148986292691,0.0,12727.176114192687,14.36,0.78,0.0,0.0,5.0,0.6449628755448891
1910,9,train_0515,12450.249172798243,10397.704872803619,89.77048728036189,0.0,12540.019660078606,16.42,0.72,0.0,0.0,5.0,0.6449628755448891
1911,9,train_0053,12323.370035622349,10589.436189577698,108.94361895776984,0.0,12432.313654580119,15.74,0.76,0.0,0.0,5.0,0.6449628755448891
1912,9,train_0388,12225.165639911358,10659.841494244285,115.98414942442851,0.0,12341.149789335786,14.48,0.52,0.0,0.0,5.0,0.6449628755448891
1913,9,train_0448,12147.85684042071,10583.514422502845,108.35144225028453,0.0,12256.208282670996,14.52,0.54,0.0,0.0,5.0,0.6449628755448891
1914,9,train_0467,12871.493034765168,11057.936101014824,155.79361010148241,0.0,13027.28664486665,15.28,0.6,0.0,0.0,5.0,0.6449628755448891
1915,9,train_0581,12247.386001125631,10452.244206384534,95.22442063845338,0.0,12342.610421764084,17.6,0.68,0.0,0.0,5.0,0.6449628755448891
1916,9,train_0550,12297.126364149464,10218.273746768193,71.82737467681928,0.0,12368.953738826283,17.64,0.7,0.0,0.0,5.0,0.6449628755448891
1917,9,train_0141,12892.99734315399,10456.10426238081,95.61042623808099,0.0,12988.60776939207,13.14,0.62,0.0,0.0,5.0,0.6449628755448891
1918,9,train_0224,12409.585002136242,10187.881804553974,68.78818045539738,0.0,12478.37318259164,15.32,0.66,0.0,0.0,5.0,0.6449628755448891
1919,9,train_0132,12165.182751375702,10529.576040248778,102.95760402487777,0.0,12268.14035540058,16.84,0.5,0.0,0.0,5.0,0.6449628755448891
1920,9,train_0062,11975.044521040067,10471.798832834982,97.17988328349821,0.0,12072.224404323564,14.12,0.64,0.0,0.0,5.0,0.6449628755448891
1921,9,train_0453,12815.60423641987,9734.224578449446,23.42245784494462,0.0,12839.026694264814,16.08,0.76,0.0,0.0,5.0,0.6449628755448891
1922,9,train_0553,11768.717826408109,9946.552531345335,44.65525313453345,0.0,11813.373079542642,15.36,0.7,0.0,0.0,5.0,0.6449628755448891
1923,9,train_0272,12401.779062257829,10380.079039088523,88.00790390885231,0.0,12489.786966166681,14.72,0.6,0.0,0.0,5.0,0.6449628755448891
1924,9,train_0540,12732.26210191905,10525.22444468231,102.52244446823097,0.0,12834.784546387282,15.96,0.62,0.0,0.0,5.0,0.6449628755448891
1925,9,train_0024,11912.36518639881,10073.411197568363,57.34111975683627,0.0,11969.706306155647,16.4,0.62,0.0,0.0,5.0,0.6449628755448891
1926,9,train_0455,12832.243633735841,10637.997948382217,113.79979483822171,0.0,12946.043428574063,18.28,0.6,0.0,0.0,5.0,0.6449628755448891
1927,9,train_0028,12406.228472845367,10503.364825557965,100.33648255579647,0.0,12506.564955401163,17.6,0.58,0.0,0.0,5.0,0.6449628755448891
1928,9,train_0381,12112.092714473738,10177.713377834185,67.7713377834185,0.0,12179.864052257157,14.54,0.62,0.0,0.0,5.0,0.6449628755448891
1929,9,train_0588,12218.720422126531,10277.378000485285,77.73780004852853,0.0,12296.458222175059,17.92,0.56,0.0,0.0,5.0,0.6449628755448891
1930,9,train_0236,12259.954587384444,10471.473967249374,97.14739672493744,0.0,12357.10198410938,19.5,0.82,0.0,0.0,5.0,0.6449628755448891
1931,9,train_0434,12642.323017175393,10857.287256062298,135.72872560622983,0.0,12778.051742781623,13.84,0.62,0.0,0.0,5.0,0.6449628755448891
1932,9,train_0468,12170.626708715434,10217.720929189967,71.77209291899672,0.0,12242.39880163443,15.62,0.58,0.0,0.0,5.0,0.6449628755448891
1933,9,train_0309,12460.6919792867,10616.81983459289,111.68198345928904,0.0,12572.373962745989,14.46,0.66,0.0,0.0,5.0,0.6449628755448891
1934,9,train_0251,12115.128203048953,10603.399162458365,110.3399162458365,0.0,12225.46811929479,14.84,0.48,0.0,0.0,5.0,0.6449628755448891
1935,9,train_0094,12038.580185202034,9857.672312059849,35.7672312059849,0.0,12074.347416408018,15.14,0.6,0.0,0.0,5.0,0.6449628755448891
1936,9,train_0422,12717.877426273752,10334.670821361418,83.46708213614184,0.0,12801.344508409893,15.58,0.68,0.0,0.0,5.0,0.6449628755448891
1937,9,train_0546,12388.651862008566,10491.683078659018,99.16830786590181,0.0,12487.820169874469,20.52,0.68,0.0,0.0,5.0,0.6449628755448891
1938,9,train_0225,12527.67188336323,10474.961118978936,97.49611189789357,0.0,12625.167995261123,17.96,0.62,0.0,0.0,5.0,0.6449628755448891
1939,9,train_0225,12686.15727325312,10116.427853066354,61.64278530663542,0.0,12747.800058559757,17.06,0.62,0.0,0.0,5.0,0.6449628755448891
1940,9,train_0107,12664.908193580359,10214.899971448023,71.48999714480233,0.0,12736.398190725162,16.62,0.72,0.0,0.0,5.0,0.6449628755448891
1941,9,train_0196,12365.715013672092,10480.700194774969,98.07001947749687,0.0,12463.785033149588,15.52,0.56,0.0,0.0,5.0,0.6449628755448891
1942,9,train_0375,12465.11859096916,10521.457995778543,102.14579957785428,0.0,12567.264390547014,14.48,0.52,0.0,0.0,5.0,0.6449628755448891
1943,9,train_0474,12475.29973764333,10586.174764170655,108.61747641706552,0.0,12583.917214060395,15.26,0.54,0.0,0.0,5.0,0.6449628755448891
1944,9,train_0561,12497.31874451136,10311.219876403755,81.1219876403755,0.0,12578.440732151736,18.4,0.64,0.0,0.0,5.0,0.6449628755448891
1945,9,train_0490,12369.978509929007,10116.014079691957,61.601407969195684,0.0,12431.579917898203,15.66,0.56,0.0,0.0,5.0,0.6449628755448891
1946,9,train_0304,12703.083313102354,10727.560751362198,122.7560751362198,0.0,12825.839388238574,17.36,0.6,0.0,0.0,5.0,0.6449628755448891
1947,9,train_0011,11971.702020606039,10158.927333134778,65.89273331347776,0.0,12037.594753919517,16.58,0.68,0.0,0.0,5.0,0.6449628755448891
1948,9,train_0115,12458.991278300375,10696.302921797083,119.63029217970835,0.0,12578.621570480083,15.8,0.64,0.0,0.0,5.0,0.6449628755448891
1949,9,train_0330,12284.80023816142,10054.339105279883,55.43391052798834,0.0,12340.23414868941,15.66,0.58,0.0,0.0,5.0,0.6449628755448891
1950,9,train_0376,12295.437548571485,10108.762970058375,60.87629700583748,0.0,12356.313845577322,16.0,0.54,0.0,0.0,5.0,0.6449628755448891
1951,9,train_0210,12152.039850566925,10385.259787909852,88.52597879098522,0.0,12240.56582935791,15.08,0.58,0.0,0.0,5.0,0.6449628755448891
1952,9,train_0350,11953.956846598176,10216.350541657255,71.63505416572552,0.0,12025.5919007639,17.3,0.6,0.0,0.0,5.0,0.6449628755448891
1953,9,train_0582,12998.673015757495,10243.703158398406,74.37031583984063,0.0,13073.043331597335,15.64,0.62,0.0,0.0,5.0,0.6449628755448891
1954,9,train_0445,12873.991008341225,10874.733406210313,137.47334062103127,0.0,13011.464348962256,20.0,0.6,0.0,0.0,5.0,0.6449628755448891
1955,9,train_0188,12109.572900798983,10508.843672095694,100.88436720956943,0.0,12210.457268008553,14.76,0.66,0.0,0.0,5.0,0.6449628755448891
1956,9,train_0588,12003.254579442995,10414.909416417198,91.49094164171984,0.0,12094.745521084715,17.28,0.68,0.0,0.0,5.0,0.6449628755448891
1957,9,train_0180,12795.225488486634,10275.091785030505,77.5091785030505,0.0,12872.734666989685,16.9,0.58,0.0,0.0,5.0,0.6449628755448891
1958,9,train_0085,12594.306332432356,10256.87934509692,75.68793450969206,0.0,12669.994266942047,14.66,0.58,0.0,0.0,5.0,0.6449628755448891
1959,9,train_0395,12151.70888649553,10155.120433213848,65.51204332138478,0.0,12217.220929816915,14.38,0.76,0.0,0.0,5.0,0.6449628755448891
1960,9,train_0439,12426.619500503202,10286.705399036786,78.67053990367859,0.0,12505.29004040688,13.96,0.68,0.0,0.0,5.0,0.6449628755448891
1961,9,train_0542,12291.80214042962,10030.372241018005,53.03722410180053,0.0,12344.83936453142,15.78,0.5,0.0,0.0,5.0,0.6449628755448891
1962,9,train_0054,12321.610358526224,10251.658539564653,75.16585395646526,0.0,12396.77621248269,16.34,0.7,0.0,0.0,5.0,0.6449628755448891
1963,9,train_0385,12638.569272342143,10762.068412106391,126.20684121063914,0.0,12764.776113552783,16.9,0.64,0.0,0.0,5.0,0.6449628755448891
1964,9,train_0578,12312.022320786764,10374.066497544394,87.40664975443943,0.0,12399.428970541203,17.08,0.6,0.0,0.0,5.0,0.6449628755448891
1965,9,train_0335,12788.983550909006,10321.316885705664,82.13168857056644,0.0,12871.115239479572,17.26,0.6,0.0,0.0,5.0,0.6449628755448891
1966,9,train_0518,12340.476943977112,10596.729120352626,109.67291203526257,0.0,12450.149856012375,16.28,0.52,0.0,0.0,5.0,0.6449628755448891
1967,9,train_0072,12745.991748698973,10357.558828831448,85.75588288314485,0.0,12831.747631582117,16.38,0.58,0.0,0.0,5.0,0.6449628755448891
1968,9,train_0007,13051.63786093456,11488.651732129876,198.86517321298763,0.0,13250.503034147547,14.66,0.58,0.0,0.0,5.0,0.6449628755448891
1969,9,train_0154,12657.63532668099,10136.382055108497,63.63820551084973,0.0,12721.273532191839,18.92,0.68,0.0,0.0,5.0,0.6449628755448891
1970,9,train_0546,12272.722209762887,10644.243960250373,114.42439602503728,0.0,12387.146605787924,21.08,0.68,0.0,0.0,5.0,0.6449628755448891
1971,9,train_0479,12832.558735985365,10768.25987514896,126.82598751489604,0.0,12959.384723500261,16.0,0.6,0.0,0.0,5.0,0.6449628755448891
1972,9,train_0440,12558.088866389924,10784.095567276869,128.40955672768686,0.0,12686.498423117611,15.56,0.76,0.0,0.0,5.0,0.6449628755448891
1973,9,train_0081,12451.015102661571,10203.062455510728,70.30624555107279,0.0,12521.321348212645,14.84,0.64,0.0,0.0,5.0,0.6449628755448891
1974,9,train_0563,12529.281426133422,10355.317108294523,85.53171082945228,0.0,12614.813136962875,16.2,0.64,0.0,0.0,5.0,0.6449628755448891
1975,9,train_0564,12541.547791283043,10313.667027487623,81.36670274876234,0.0,12622.914494031806,15.98,0.6,0.0,0.0,5.0,0.6449628755448891
1976,9,train_0225,12114.555165059575,10585.399811498039,108.53998114980386,0.0,12223.09514620938,17.14,0.7,0.0,0.0,5.0,0.6449628755448891
1977,9,train_0568,12575.55645018175,10815.15453474781,131.51545347478097,0.0,12707.071903656532,17.54,0.62,0.0,0.0,5.0,0.6449628755448891
1978,9,train_0149,12990.970356531197,10206.083997971498,70.60839979714983,0.0,13061.578756328347,16.16,0.58,0.0,0.0,5.0,0.6449628755448891
1979,9,train_0383,12114.546328046928,10196.32516196918,69.632516196918,0.0,12184.178844243846,15.46,0.7,0.0,0.0,5.0,0.6449628755448891
1980,9,train_0304,12906.068939134022,10733.22633146674,123.32263314667398,0.0,13029.391572280696,16.54,0.64,0.0,0.0,5.0,0.6449628755448891
1981,9,train_0181,11321.395094275897,9894.582165580625,39.45821655806249,0.0,11360.85331083396,15.88,0.7,0.0,0.0,5.0,0.6449628755448891
1982,9,train_0121,11997.320572884892,10291.93897500237,79.19389750023693,0.0,12076.51447038513,14.54,0.6,0.0,0.0,5.0,0.6449628755448891
1983,9,train_0554,12341.69261967502,10191.512976981914,69.15129769819141,0.0,12410.843917373211,13.7,0.6,0.0,0.0,5.0,0.6449628755448891
1984,9,train_0507,12287.415461567743,10767.028277713693,126.70282777136927,0.0,12414.118289339112,15.66,0.56,0.0,0.0,5.0,0.6449628755448891
1985,9,train_0478,12455.725063236105,10376.563143837837,87.6563143837837,0.0,12543.381377619888,16.24,0.56,0.0,0.0,5.0,0.6449628755448891
1986,9,train_0211,12598.411028335711,10113.242615454685,61.324261545468474,0.0,12659.73528988118,17.36,0.62,0.0,0.0,5.0,0.6449628755448891
1987,9,train_0442,12205.103939879353,10917.57209967693,141.75720996769306,0.0,12346.861149847045,14.68,0.6,0.0,0.0,5.0,0.6449628755448891
1988,9,train_0571,12357.961581360958,10298.932838696228,79.89328386962279,0.0,12437.85486523058,15.9,0.58,0.0,0.0,5.0,0.6449628755448891
1989,9,train_0084,12197.863885298557,10297.411750720259,79.74117507202591,0.0,12277.605060370583,16.36,0.54,0.0,0.0,5.0,0.6449628755448891
1990,9,train_0466,12418.200891412856,10538.586733455564,103.85867334555643,0.0,12522.059564758412,16.78,0.48,0.0,0.0,5.0,0.6449628755448891
1991,9,train_0366,12505.033702435601,10363.016371029826,86.30163710298257,0.0,12591.335339538584,13.32,0.46,0.0,0.0,5.0,0.6449628755448891
1992,9,train_0287,12688.16832147626,10374.647640548876,87.46476405488757,0.0,12775.633085531148,16.1,0.6,0.0,0.0,5.0,0.6449628755448891
1993,9,train_0490,12415.730431741515,10011.055873481355,51.10558734813549,0.0,12466.83601908965,14.98,0.64,0.0,0.0,5.0,0.6449628755448891
1994,9,train_0360,12320.504494298144,10458.705676721976,95.87056767219765,0.0,12416.375061970342,17.36,0.64,0.0,0.0,5.0,0.6449628755448891
1995,9,train_0139,12367.521835419138,10102.800137275059,60.28001372750587,0.0,12427.801849146645,15.1,0.62,0.0,0.0,5.0,0.6449628755448891
1996,9,train_0406,12648.045747046559,10167.898423160861,66.78984231608611,0.0,12714.835589362645,18.96,0.64,0.0,0.0,5.0,0.6449628755448891
1997,9,train_0155,12371.212239264052,10479.085937687825,97.90859376878252,0.0,12469.120833032835,16.28,0.78,0.0,0.0,5.0,0.6449628755448891
1998,9,train_0219,12316.585687095301,10560.258677587506,106.02586775875062,0.0,12422.611554854051,16.24,0.78,0.0,0.0,5.0,0.6449628755448891
1999,9,train_0268,12318.792153899241,10543.431833202376,104.34318332023759,0.0,12423.135337219479,15.22,0.8,0.0,0.0,5.0,0.6449628755448891
2000,9,train_0304,12895.67540316203,10588.71837080864,108.87183708086395,0.0,13004.547240242893,16.8,0.64,0.0,0.0,5.0,0.6449628755448891
2001,9,train_0482,12140.897411427457,9959.90117906093,45.990117906092934,0.0,12186.88752933355,14.72,0.6,0.0,0.0,5.0,0.6449628755448891
2002,9,train_0150,12688.23003915336,10002.57624685303,50.25762468530302,0.0,12738.487663838663,17.04,0.7,0.0,0.0,5.0,0.6449628755448891
2003,9,train_0057,11970.0318415171,10480.728411396882,98.07284113968818,0.0,12068.104682656789,14.26,0.6,0.0,0.0,5.0,0.6449628755448891
2004,9,train_0407,12730.539373844855,10437.437431178269,93.74374311782685,0.0,12824.28311696268,16.56,0.64,0.0,0.0,5.0,0.6449628755448891
2005,9,train_0421,12710.639843638313,10748.113511102687,124.8113511102687,0.0,12835.451194748583,15.48,0.66,0.0,0.0,5.0,0.6449628755448891
2006,9,train_0084,12491.469659916998,10291.447073056172,79.14470730561716,0.0,12570.614367222615,17.16,0.64,0.0,0.0,5.0,0.6449628755448891
2007,9,train_0345,12414.131223659197,10212.064864108228,71.2064864108228,0.0,12485.33771007002,15.58,0.7,0.0,0.0,5.0,0.6449628755448891
2008,9,train_0290,12362.077363977176,10465.990697667048,96.59906976670482,0.0,12458.67643374388,18.04,0.6,0.0,0.0,5.0,0.6449628755448891
2009,9,train_0425,12799.458384878082,10813.745969825477,131.3745969825477,0.0,12930.832981860629,14.8,0.74,0.0,0.0,5.0,0.6449628755448891
2010,9,train_0047,12654.77638182122,9933.2248498976,43.322484989760056,0.0,12698.09886681098,14.34,0.68,0.0,0.0,5.0,0.6449628755448891
2011,9,train_0092,12457.877009217911,10415.337806971002,91.53378069710016,0.0,12549.410789915011,16.68,0.62,0.0,0.0,5.0,0.6449628755448891
2012,9,train_0060,12318.176816731979,10656.995724608727,115.6995724608727,0.0,12433.876389192852,17.7,0.56,0.0,0.0,5.0,0.6449628755448891
2013,9,train_0579,12619.319426728624,10370.702612051398,87.07026120513984,0.0,12706.389687933763,17.5,0.62,0.0,0.0,5.0,0.6449628755448891
2014,9,train_0410,12667.733963422885,10788.449012854378,128.84490128543786,0.0,12796.578864708323,17.56,0.68,0.0,0.0,5.0,0.6449628755448891
2015,9,train_0093,12320.069300474952,9900.042456150111,40.004245615011136,0.0,12360.073546089963,17.92,0.7,0.0,0.0,5.0,0.6449628755448891
2016,9,train_0003,12253.163179537789,10104.79703920343,60.47970392034295,0.0,12313.642883458131,16.84,0.54,0.0,0.0,5.0,0.6449628755448891
2017,9,train_0494,12109.114862347762,10201.287085350301,70.1287085350301,0.0,12179.243570882792,16.72,0.74,0.0,0.0,5.0,0.6449628755448891
2018,9,train_0289,12653.16245697853,10731.542918017683,123.15429180176835,0.0,12776.316748780298,16.78,0.68,0.0,0.0,5.0,0.6449628755448891
2019,9,train_0005,12044.330860595848,10373.901527859658,87.39015278596581,0.0,12131.721013381813,17.64,0.66,0.0,0.0,5.0,0.6449628755448891
2020,9,train_0395,12226.825197282573,10404.763208160417,90.4763208160417,0.0,12317.301518098615,17.1,0.64,0.0,0.0,5.0,0.6449628755448891
2021,9,train_0431,12013.409732585846,10747.729979059146,124.77299790591461,0.0,12138.18273049176,15.74,0.76,0.0,0.0,5.0,0.6449628755448891
2022,9,train_0244,12540.503119261379,10472.105539418531,97.21055394185315,0.0,12637.713673203232,16.24,0.58,0.0,0.0,5.0,0.6449628755448891
2023,9,train_0182,13008.184938003018,10446.102864647912,94.61028646479117,0.0,13102.795224467809,16.0,0.58,0.0,0.0,5.0,0.6449628755448891
2024,9,train_0092,12714.49063932656,10277.510729711166,77.75107297111663,0.0,12792.241712297677,16.88,0.5,0.0,0.0,5.0,0.6449628755448891
2025,9,train_0227,12792.467176382295,10473.132529741168,97.31325297411678,0.0,12889.780429356411,16.22,0.72,0.0,0.0,5.0,0.6449628755448891
2026,9,train_0460,12119.15853660454,10599.404230771095,109.94042307710953,0.0,12229.098959681649,13.86,0.66,0.0,0.0,5.0,0.6449628755448891
2027,9,train_0527,12294.057440366018,10418.88671826807,91.88867182680697,0.0,12385.946112192825,14.52,0.68,0.0,0.0,5.0,0.6449628755448891
2028,9,train_0127,12287.40863582979,10621.207594950822,112.12075949508217,0.0,12399.529395324873,13.22,0.64,0.0,0.0,5.0,0.6449628755448891
2029,9,train_0236,12750.929965262067,9886.061643206864,38.60616432068637,0.0,12789.536129582753,19.62,0.68,0.0,0.0,5.0,0.6449628755448891
2030,9,train_0274,12417.609738476094,10601.828534192024,110.18285341920237,0.0,12527.792591895297,17.38,0.7,0.0,0.0,5.0,0.6449628755448891
2031,9,train_0320,12520.423016471641,10542.20042202677,104.220042202677,0.0,12624.643058674317,15.06,0.64,0.0,0.0,5.0,0.6449628755448891
2032,9,train_0237,12192.99644412117,10326.873644031335,82.68736440313351,0.0,12275.683808524303,16.96,0.54,0.0,0.0,5.0,0.6449628755448891
2033,9,train_0369,12480.418034392424,10263.566627996042,76.35666279960424,0.0,12556.774697192028,14.6,0.62,0.0,0.0,5.0,0.6449628755448891
2034,9,train_0390,12442.329069094045,10554.387401511622,105.43874015116216,0.0,12547.767809245208,17.46,0.64,0.0,0.0,5.0,0.6449628755448891
2035,9,train_0006,12349.270197781389,10260.6999785913,76.06999785912994,0.0,12425.340195640518,14.5,0.58,0.0,0.0,5.0,0.6449628755448891
2036,9,train_0008,12601.34802679915,10609.878498717153,110.9878498717153,0.0,12712.335876670866,14.24,0.64,0.0,0.0,5.0,0.6449628755448891
2037,9,train_0414,12029.941187036307,10550.957924382907,105.09579243829067,0.0,12135.036979474598,15.88,0.7,0.0,0.0,5.0,0.6449628755448891
2038,9,train_0483,12570.380980241545,10745.215639287071,124.52156392870711,0.0,12694.902544170252,15.56,0.58,0.0,0.0,5.0,0.6449628755448891
2039,9,train_0569,12368.67032281421,9997.693900289096,49.769390028909584,0.0,12418.43971284312,16.2,0.64,0.0,0.0,5.0,0.6449628755448891
2040,9,train_0318,12427.396383509902,10504.531945693157,100.45319456931576,0.0,12527.849578079218,18.1,0.58,0.0,0.0,5.0,0.6449628755448891
2041,9,train_0241,12220.190354550075,10113.103734069029,61.31037340690291,0.0,12281.500727956978,15.48,0.72,0.0,0.0,5.0,0.6449628755448891
2042,9,train_0112,12564.581189370943,10324.047289376673,82.40472893766729,0.0,12646.98591830861,17.48,0.66,0.0,0.0,5.0,0.6449628755448891
2043,9,train_0505,12836.916919873145,10145.371561875554,64.53715618755541,0.0,12901.454076060701,17.02,0.64,0.0,0.0,5.0,0.6449628755448891
2044,9,train_0070,11727.017967736618,9984.856711333132,48.48567113331319,0.0,11775.50363886993,15.46,0.6,0.0,0.0,5.0,0.6449628755448891
2045,9,train_0137,12277.457438151538,10350.536598989349,85.0536598989349,0.0,12362.511098050472,17.44,0.64,0.0,0.0,5.0,0.6449628755448891
2046,9,train_0285,12267.561103672422,10673.644176779682,117.36441767796823,0.0,12384.925521350391,15.58,0.64,0.0,0.0,5.0,0.6449628755448891
2047,9,train_0327,12455.207077397026,10554.25975953482,105.42597595348198,0.0,12560.633053350508,16.98,0.66,0.0,0.0,5.0,0.6449628755448891
2048,10,train_0340,12494.323576949482,10524.402332646881,102.44023326468815,0.0,12596.76381021417,17.68,0.64,0.0,0.0,5.0,0.6449628755448891
2049,10,train_0147,12350.448484664894,10860.998443987619,136.0998443987619,0.0,12486.548329063655,16.32,0.64,0.0,0.0,5.0,0.6449628755448891
2050,10,train_0146,12431.028332924114,10524.618583563019,102.46185835630186,0.0,12533.490191280416,16.56,0.76,0.0,0.0,5.0,0.6449628755448891
2051,10,train_0124,12862.533374453655,10292.601992820071,79.26019928200714,0.0,12941.793573735662,18.5,0.58,0.0,0.0,5.0,0.6449628755448891
2052,10,train_0184,12170.865208975621,10287.914615247304,78.79146152473041,0.0,12249.656670500352,17.22,0.68,0.0,0.0,5.0,0.6449628755448891
2053,10,train_0382,12743.053981110199,10558.957394088808,105.89573940888077,0.0,12848.94972051908,14.82,0.58,0.0,0.0,5.0,0.6449628755448891
2054,10,train_0129,12824.623824707829,10672.162787595575,117.21627875955747,0.0,12941.840103467386,15.2,0.62,0.0,0.0,5.0,0.6449628755448891
2055,10,train_0017,12340.542505263875,10368.763955434646,86.87639554346461,0.0,12427.418900807339,14.86,0.78,0.0,0.0,5.0,0.6449628755448891
2056,10,train_0389,12340.72988369101,10187.476562675325,68.74765626753252,0.0,12409.477539958543,15.94,0.5,0.0,0.0,5.0,0.6449628755448891
2057,10,train_0593,12303.140477725641,10227.882249863382,72.78822498633818,0.0,12375.928702711979,13.58,0.68,0.0,0.0,5.0,0.6449628755448891
2058,10,train_0447,12059.960801060173,10897.9594980936,139.79594980936,0.0,12199.756750869534,15.76,0.62,0.0,0.0,5.0,0.6449628755448891
2059,10,train_0420,12473.515252974878,10526.356034516462,102.63560345164625,0.0,12576.150856426524,15.54,0.54,0.0,0.0,5.0,0.6449628755448891
2060,10,train_0239,12239.377664479473,10443.194616044044,94.3194616044044,0.0,12333.697126083876,14.3,0.66,0.0,0.0,5.0,0.6449628755448891
2061,10,train_0161,12579.41908833779,10149.112186998183,64.91121869981835,0.0,12644.33030703761,16.48,0.68,0.0,0.0,5.0,0.6449628755448891
2062,10,train_0393,12081.265931216345,10858.21883765243,135.821883765243,0.0,12217.087814981587,12.1,0.58,0.0,0.0,5.0,0.6449628755448891
2063,10,train_0362,12217.109542062833,10119.602706054855,61.9602706054855,0.0,12279.069812668318,15.16,0.54,0.0,0.0,5.0,0.6449628755448891
2064,10,train_0452,12304.993862473566,10660.184429226298,116.01844292262977,0.0,12421.012305396196,16.22,0.58,0.0,0.0,5.0,0.6449628755448891
2065,10,train_0032,12876.726950351222,10193.751899867606,69.3751899867606,0.0,12946.102140337982,17.28,0.62,0.0,0.0,5.0,0.6449628755448891
2066,10,train_0142,12818.38831511314,10506.158831295284,100.61588312952846,0.0,12919.004198242668,15.18,0.76,0.0,0.0,5.0,0.6449628755448891
2067,10,train_0398,12043.068151595246,10195.80251249086,69.580251249086,0.0,12112.648402844332,14.28,0.62,0.0,0.0,5.0,0.6449628755448891
2068,10,train_0546,12186.513406972625,10741.48436442538,124.14843644253797,0.0,12310.661843415162,18.76,0.78,0.0,0.0,5.0,0.6449628755448891
2069,10,train_0506,12086.300177260431,10082.922749562937,58.29227495629366,0.0,12144.592452216724,15.54,0.48,0.0,0.0,5.0,0.6449628755448891
2070,10,train_0447,12011.093535732285,10632.878848994515,113.28788489945146,0.0,12124.381420631737,15.84,0.54,0.0,0.0,5.0,0.6449628755448891
2071,10,train_0484,12285.704579196215,10262.635480249597,76.26354802495972,0.0,12361.968127221175,13.6,0.66,0.0,0.0,5.0,0.6449628755448891
2072,10,train_0561,12225.283588625007,10588.634687814763,108.86346878147634,0.0,12334.147057406482,15.8,0.66,0.0,0.0,5.0,0.6449628755448891
2073,10,train_0077,12052.75310588322,10430.599253828674,93.05992538286738,0.0,12145.813031266087,15.5,0.56,0.0,0.0,5.0,0.6449628755448891
2074,10,train_0470,12308.66891362497,10337.407464186022,83.74074641860226,0.0,12392.409660043571,15.06,0.64,0.0,0.0,5.0,0.6449628755448891
2075,10,train_0088,12420.904569786479,10524.948209074539,102.49482090745387,0.0,12523.399390693932,16.76,0.62,0.0,0.0,5.0,0.6449628755448891
2076,10,train_0268,12301.13929381139,10415.844727709624,91.58447277096239,0.0,12392.723766582352,15.56,0.74,0.0,0.0,5.0,0.6449628755448891
2077,10,train_0394,12452.407637317174,10510.613023972655,101.06130239726554,0.0,12553.46893971444,15.3,0.62,0.0,0.0,5.0,0.6449628755448891
2078,10,train_0205,12823.716164054516,10552.847468856737,105.28474688567367,0.0,12929.00091094019,16.92,0.62,0.0,0.0,5.0,0.6449628755448891
2079,10,train_0171,13123.941194030467,10514.240329552646,101.42403295526456,0.0,13225.365226985732,17.44,0.72,0.0,0.0,5.0,0.6449628755448891
2080,10,train_0141,12785.621874023696,10447.280536317056,94.72805363170556,0.0,12880.349927655401,13.66,0.66,0.0,0.0,5.0,0.6449628755448891
2081,10,train_0557,12358.147743406726,9868.937125702285,36.893712570228494,0.0,12395.041455976954,15.86,0.7,0.0,0.0,5.0,0.6449628755448891
2082,10,train_0017,12590.682855603043,10196.32110352346,69.63211035234599,0.0,12660.31496595539,14.12,0.7,0.0,0.0,5.0,0.6449628755448891
2083,10,train_0342,12310.533730260067,10427.339127644693,92.73391276446928,0.0,12403.267643024537,20.04,0.7,0.0,0.0,5.0,0.6449628755448891
2084,10,train_0071,12774.426734827517,10638.564566456633,113.85645664566329,0.0,12888.28319147318,14.16,0.68,0.0,0.0,5.0,0.6449628755448891
2085,10,train_0338,12143.023922199722,10574.466150564189,107.44661505641889,0.0,12250.47053725614,16.26,0.48,0.0,0.0,5.0,0.6449628755448891
2086,10,train_0442,12204.636319594736,10920.950106661143,142.0950106661143,0.0,12346.73133026085,15.88,0.52,0.0,0.0,5.0,0.6449628755448891
2087,10,train_0455,12849.735693786057,11113.821477946734,161.38214779467344,0.0,13011.11784158073,17.5,0.58,0.0,0.0,5.0,0.6449628755448891
2088,10,train_0115,12491.424805858189,11177.086924906796,167.70869249067965,0.0,12659.133498348869,15.4,0.56,0.0,0.0,5.0,0.6449628755448891
2089,10,train_0529,12596.389656458141,10268.536213756292,76.85362137562916,0.0,12673.24327783377,16.86,0.64,0.0,0.0,5.0,0.6449628755448891
2090,10,train_0197,12771.70781552979,10465.638100901895,96.56381009018952,0.0,12868.271625619978,15.54,0.7,0.0,0.0,5.0,0.6449628755448891
2091,10,train_0277,12187.391671389385,10566.987941750886,106.69879417508855,0.0,12294.090465564474,16.4,0.6,0.0,0.0,5.0,0.6449628755448891
2092,10,train_0544,12457.432202602384,11204.765030373326,170.47650303733263,0.0,12627.908705639717,14.4,0.6,0.0,0.0,5.0,0.6449628755448891
2093,10,train_0337,11898.552987172958,10306.127556659894,80.61275566598943,0.0,11979.165742838948,15.52,0.5,0.0,0.0,5.0,0.6449628755448891
2094,10,train_0506,12016.037919420894,10247.792431113518,74.77924311135176,0.0,12090.817162532247,15.64,0.64,0.0,0.0,5.0,0.6449628755448891
2095,10,train_0046,11688.634458604814,10363.796496870043,86.37964968700436,0.0,11775.014108291818,18.24,0.6,0.0,0.0,5.0,0.6449628755448891
2096,10,train_0505,12274.088733571976,10843.325446664756,134.3325446664756,0.0,12408.421278238451,16.24,0.62,0.0,0.0,5.0,0.6449628755448891
2097,10,train_0554,12261.836415804033,10119.941803899914,61.994180389991385,0.0,12323.830596194024,13.22,0.58,0.0,0.0,5.0,0.6449628755448891
2098,10,train_0082,12223.496949712968,10869.890487846098,136.98904878460982,0.0,12360.485998497577,16.42,0.52,0.0,0.0,5.0,0.6449628755448891
2099,10,train_0536,12287.32666386753,10384.554538989134,88.4554538989134,0.0,12375.782117766445,16.34,0.66,0.0,0.0,5.0,0.6449628755448891
2100,10,train_0333,12706.823841989532,10848.229422063057,134.82294220630575,0.0,12841.646784195837,16.22,0.58,0.0,0.0,5.0,0.6449628755448891
2101,10,train_0032,12467.80551196518,10460.506081773547,96.05060817735466,0.0,12563.856120142535,16.52,0.62,0.0,0.0,5.0,0.6449628755448891
2102,10,train_0435,11999.373306692132,10231.475903300277,73.14759033002774,0.0,12072.52089702216,15.86,0.72,0.0,0.0,5.0,0.6449628755448891
2103,10,train_0210,12118.917049015618,10455.873462244512,95.58734622445118,0.0,12214.504395240068,13.84,0.66,0.0,0.0,5.0,0.6449628755448891
2104,10,train_0142,12421.10975548407,10598.786647449604,109.87866474496042,0.0,12530.98842022903,16.0,0.46,0.0,0.0,5.0,0.6449628755448891
2105,10,train_0535,12017.770954480728,10350.564804615606,85.05648046156057,0.0,12102.827434942288,13.72,0.52,0.0,0.0,5.0,0.6449628755448891
2106,10,train_0172,12223.264403706813,10480.583689626808,98.05836896268085,0.0,12321.322772669493,15.52,0.6,0.0,0.0,5.0,0.6449628755448891
2107,10,train_0351,12430.972419758562,10868.4809075804,136.84809075804006,0.0,12567.820510516602,16.98,0.64,0.0,0.0,5.0,0.6449628755448891
2108,10,train_0183,12190.232036592239,10813.930299793516,131.39302997935155,0.0,12321.62506657159,13.64,0.54,0.0,0.0,5.0,0.6449628755448891
2109,10,train_0191,12578.754853950524,10576.079534136989,107.60795341369885,0.0,12686.362807364223,17.26,0.68,0.0,0.0,5.0,0.6449628755448891
2110,10,train_0334,12501.748067266004,10203.221753296668,70.32217532966679,0.0,12572.070242595672,15.5,0.44,0.0,0.0,5.0,0.6449628755448891
2111,10,train_0211,12266.2538821956,10452.608547208118,95.26085472081178,0.0,12361.514736916411,15.88,0.54,0.0,0.0,5.0,0.6449628755448891
2112,10,train_0308,12287.797277517378,10446.22002792853,94.62200279285298,0.0,12382.41928031023,17.32,0.6,0.0,0.0,5.0,0.6449628755448891
2113,10,train_0398,11896.846087197206,10385.291727010199,88.52917270101989,0.0,11985.375259898225,15.36,0.72,0.0,0.0,5.0,0.6449628755448891
2114,10,train_0313,12685.469597293155,10548.191683536714,104.81916835367139,0.0,12790.288765646827,15.84,0.64,0.0,0.0,5.0,0.6449628755448891
2115,10,train_0413,12577.637908279106,10787.103019570499,128.7103019570499,0.0,12706.348210236156,15.26,0.64,0.0,0.0,5.0,0.6449628755448891
2116,10,train_0490,12273.55828299659,10240.136847646974,74.01368476469743,0.0,12347.571967761287,15.18,0.6,0.0,0.0,5.0,0.6449628755448891
2117,10,train_0088,12832.876326605605,10272.67986014317,77.26798601431693,0.0,12910.144312619921,16.9,0.7,0.0,0.0,5.0,0.6449628755448891
2118,10,train_0069,12147.41932603098,10379.724188401022,87.9724188401022,0.0,12235.391744871082,18.36,0.68,0.0,0.0,5.0,0.6449628755448891
2119,10,train_0268,12606.373142631666,10441.157922239447,94.11579222394467,0.0,12700.488934855612,17.18,0.62,0.0,0.0,5.0,0.6449628755448891
2120,10,train_0426,12414.294378797189,10077.537470580475,57.75374705804752,0.0,12472.048125855237,16.86,0.6,0.0,0.0,5.0,0.6449628755448891
2121,10,train_0500,12094.75354356302,10466.546718888661,96.65467188886615,0.0,12191.408215451886,14.82,0.68,0.0,0.0,5.0,0.6449628755448891
2122,10,train_0270,12229.561771900837,10510.535669675339,101.05356696753388,0.0,12330.61533886837,16.16,0.74,0.0,0.0,5.0,0.6449628755448891
2123,10,train_0500,11997.319979675822,10420.375295887106,92.03752958871064,0.0,12089.357509264533,16.32,0.68,0.0,0.0,5.0,0.6449628755448891
2124,10,train_0113,12206.504351294576,10179.927729758763,67.99277297587632,0.0,12274.497124270452,17.02,0.56,0.0,0.0,5.0,0.6449628755448891
2125,10,train_0419,12311.516139758656,10395.172416198871,89.51724161988714,0.0,12401.033381378544,16.08,0.72,0.0,0.0,5.0,0.6449628755448891
2126,10,train_0409,12759.911854895889,10733.898518355694,123.38985183556943,0.0,12883.301706731458,17.72,0.54,0.0,0.0,5.0,0.6449628755448891
2127,10,train_0485,12199.320627255576,10152.754492157645,65.27544921576445,0.0,12264.59607647134,16.24,0.6,0.0,0.0,5.0,0.6449628755448891
2128,10,train_0004,12644.71329528181,10606.62505834029,110.66250583402908,0.0,12755.375801115839,18.36,0.64,0.0,0.0,5.0,0.6449628755448891
2129,10,train_0412,11852.200841869842,10425.180575719562,92.51805757195616,0.0,11944.7188994418,15.5,0.48,0.0,0.0,5.0,0.6449628755448891
2130,10,train_0317,12081.333472280356,10566.243168681809,106.62431686818091,0.0,12187.957789148537,15.36,0.58,0.0,0.0,5.0,0.6449628755448891
2131,10,train_0501,12560.686838103129,10329.72305655776,82.97230565577593,0.0,12643.659143758905,19.56,0.54,0.0,0.0,5.0,0.6449628755448891
2132,10,train_0501,12562.420352101763,10324.744661855017,82.47446618550167,0.0,12644.894818287265,17.22,0.76,0.0,0.0,5.0,0.6449628755448891
2133,10,train_0213,12182.356801257241,10485.591740022968,98.55917400229683,0.0,12280.915975259539,16.66,0.54,0.0,0.0,5.0,0.6449628755448891
2134,10,train_0338,12600.708718899037,10372.967600079533,87.29676000795335,0.0,12688.00547890699,16.5,0.5,0.0,0.0,5.0,0.6449628755448891
2135,10,train_0042,12190.034727085671,10514.17537327587,101.41753732758698,0.0,12291.452264413258,17.72,0.6,0.0,0.0,5.0,0.6449628755448891
2136,10,train_0062,12342.550900870756,10031.273987288574,53.12739872885741,0.0,12395.678299599613,14.54,0.62,0.0,0.0,5.0,0.6449628755448891
2137,10,train_0057,12008.866581654609,10230.96178355743,73.09617835574299,0.0,12081.962760010352,15.14,0.62,0.0,0.0,5.0,0.6449628755448891
2138,10,train_0382,12588.104417382969,10669.568013276205,116.95680132762045,0.0,12705.061218710589,15.9,0.68,0.0,0.0,5.0,0.6449628755448891
2139,10,train_0356,12583.225719697592,10555.311470353472,105.5311470353472,0.0,12688.75686673294,16.32,0.58,0.0,0.0,5.0,0.6449628755448891
2140,10,train_0551,11992.616832655433,10237.007788082228,73.70077880822282,0.0,12066.317611463655,16.82,0.64,0.0,0.0,5.0,0.6449628755448891
2141,10,train_0007,13123.224418469184,11027.746118248033,152.7746118248033,0.0,13275.999030293988,15.62,0.62,0.0,0.0,5.0,0.6449628755448891
2142,10,train_0504,12527.17354061031,10229.670073092992,72.96700730929915,0.0,12600.14054791961,14.78,0.58,0.0,0.0,5.0,0.6449628755448891
2143,10,train_0504,12573.94539288101,10139.087212535534,63.90872125355345,0.0,12637.854114134565,15.08,0.52,0.0,0.0,5.0,0.6449628755448891
2144,10,train_0092,12799.578376394078,10308.71640858514,80.87164085851401,0.0,12880.450017252591,16.66,0.64,0.0,0.0,5.0,0.6449628755448891
2145,10,train_0113,12173.808503679778,10079.35514988571,57.93551498857105,0.0,12231.744018668349,18.08,0.62,0.0,0.0,5.0,0.6449628755448891
2146,10,train_0492,12543.15729284459,10128.048739594597,62.804873959459655,0.0,12605.962166804049,16.42,0.58,0.0,0.0,5.0,0.6449628755448891
2147,10,train_0490,12352.61421902638,10326.251116973894,82.62511169738937,0.0,12435.239330723769,16.0,0.62,0.0,0.0,5.0,0.6449628755448891
2148,10,train_0492,11973.961977752082,10254.899997774195,75.48999977741951,0.0,12049.451977529501,14.5,0.58,0.0,0.0,5.0,0.6449628755448891
2149,10,train_0213,12183.395717391473,10766.296587627106,126.62965876271065,0.0,12310.025376154184,15.9,0.5,0.0,0.0,5.0,0.6449628755448891
2150,10,train_0484,12230.683535659038,10413.177398575124,91.31773985751244,0.0,12322.00127551655,14.06,0.6,0.0,0.0,5.0,0.6449628755448891
2151,10,train_0063,12414.12629181474,10619.449368554318,111.94493685543185,0.0,12526.071228670173,15.52,0.62,0.0,0.0,5.0,0.6449628755448891
2152,10,train_0599,12598.465737886268,9994.762203388851,49.476220338885106,0.0,12647.941958225154,17.14,0.62,0.0,0.0,5.0,0.6449628755448891
2153,10,train_0221,12243.998041895715,10605.78979562144,110.57897956214401,0.0,12354.577021457859,17.12,0.72,0.0,0.0,5.0,0.6449628755448891
2154,10,train_0103,12083.573597915565,9991.216747831626,49.121674783162604,0.0,12132.695272698727,15.94,0.7,0.0,0.0,5.0,0.6449628755448891
2155,10,train_0005,11944.35053748656,10313.344508967206,81.3344508967206,0.0,12025.68498838328,17.26,0.48,0.0,0.0,5.0,0.6449628755448891
2156,10,train_0449,12306.222520889794,10722.653346130777,122.26533461307773,0.0,12428.487855502872,17.12,0.62,0.0,0.0,5.0,0.6449628755448891
2157,10,train_0120,12217.938265103217,9956.768405935421,45.67684059354215,0.0,12263.61510569676,16.04,0.5,0.0,0.0,5.0,0.6449628755448891
2158,10,train_0004,12586.057530092168,10485.373529384759,98.53735293847586,0.0,12684.594883030644,18.24,0.54,0.0,0.0,5.0,0.6449628755448891
2159,10,train_0087,12599.164811753297,10775.864783664363,127.58647836643632,0.0,12726.751290119733,15.64,0.58,0.0,0.0,5.0,0.6449628755448891
2160,10,train_0262,12464.472453892791,10637.387158924936,113.73871589249357,0.0,12578.211169785285,15.94,0.74,0.0,0.0,5.0,0.6449628755448891
2161,10,train_0585,12403.652226683163,10568.240254304164,106.82402543041644,0.0,12510.47625211358,14.14,0.58,0.0,0.0,5.0,0.6449628755448891
2162,10,train_0352,12108.761428195634,10042.615411048717,54.26154110487169,0.0,12163.022969300506,17.62,0.68,0.0,0.0,5.0,0.6449628755448891
2163,10,train_0259,12611.297696703055,10482.736757990882,98.27367579908824,0.0,12709.571372502143,14.36,0.54,0.0,0.0,5.0,0.6449628755448891
2164,10,train_0325,12224.868364528047,10390.19765584307,89.01976558430707,0.0,12313.888130112355,14.26,0.62,0.0,0.0,5.0,0.6449628755448891
2165,10,train_0329,12230.395163693269,10464.442930928566,96.44429309285661,0.0,12326.839456786125,16.62,0.6,0.0,0.0,5.0,0.6449628755448891
2166,10,train_0098,12183.525936368074,10266.567512870935,76.65675128709354,0.0,12260.182687655168,15.4,0.64,0.0,0.0,5.0,0.6449628755448891
2167,10,train_0033,12622.039713842056,10644.415560176421,114.44155601764214,0.0,12736.481269859698,15.58,0.58,0.0,0.0,5.0,0.6449628755448891
2168,10,train_0094,11514.229557711791,10153.809019959315,65.38090199593152,0.0,11579.610459707723,15.24,0.46,0.0,0.0,5.0,0.6449628755448891
2169,10,train_0035,12945.66334913425,10843.093788359947,134.30937883599472,0.0,13079.972727970246,17.34,0.6,0.0,0.0,5.0,0.6449628755448891
2170,10,train_0438,12539.777336553561,10351.799395516735,85.1799395516735,0.0,12624.957276105235,15.88,0.64,0.0,0.0,5.0,0.6449628755448891
2171,10,train_0360,12279.640734695826,10363.166882986028,86.31668829860283,0.0,12365.957422994428,14.72,0.72,0.0,0.0,5.0,0.6449628755448891
2172,10,train_0442,12458.62377586885,10488.720942027754,98.87209420277541,0.0,12557.495870071625,15.14,0.58,0.0,0.0,5.0,0.6449628755448891
2173,10,train_0202,12357.974181631283,10800.381838446327,130.03818384463267,0.0,12488.012365475915,16.56,0.58,0.0,0.0,5.0,0.6449628755448891
2174,10,train_0305,12253.684283752078,10376.201779431043,87.62017794310432,0.0,12341.304461695183,16.62,0.64,0.0,0.0,5.0,0.6449628755448891
2175,10,train_0178,12113.29577184179,10237.822267378768,73.78222673787677,0.0,12187.077998579665,15.94,0.66,0.0,0.0,5.0,0.6449628755448891
2176,10,train_0374,12385.791371854473,10780.942314566224,128.0942314566224,0.0,12513.885603311095,17.26,0.6,0.0,0.0,5.0,0.6449628755448891
2177,10,train_0097,12088.950944136108,10399.814473430404,89.98144734304043,0.0,12178.932391479148,16.12,0.66,0.0,0.0,5.0,0.6449628755448891
2178,10,train_0041,12235.834408540137,10423.752533380308,92.37525333803079,0.0,12328.209661878167,13.6,0.66,0.0,0.0,5.0,0.6449628755448891
2179,10,train_0454,12562.138149329237,10876.426735130244,137.64267351302442,0.0,12699.780822842262,17.28,0.64,0.0,0.0,5.0,0.6449628755448891
2180,10,train_0125,12076.067822413754,10120.482334607994,62.04823346079939,0.0,12138.116055874552,16.96,0.6,0.0,0.0,5.0,0.6449628755448891
2181,10,train_0565,12845.936036156298,10638.243706195637,113.82437061956371,0.0,12959.760406775862,15.56,0.56,0.0,0.0,5.0,0.6449628755448891
2182,10,train_0170,11915.935860632908,10282.085143440174,78.20851434401739,0.0,11994.144374976926,16.8,0.58,0.0,0.0,5.0,0.6449628755448891
2183,10,train_0221,12211.581983982182,10626.66497774899,112.66649777489893,0.0,12324.24848175708,17.78,0.58,0.0,0.0,5.0,0.6449628755448891
2184,10,train_0460,12316.518813414463,10307.838850395392,80.7838850395392,0.0,12397.302698454001,15.46,0.66,0.0,0.0,5.0,0.6449628755448891
2185,10,train_0225,12489.63817925464,10450.775092747834,95.07750927478338,0.0,12584.715688529423,16.94,0.72,0.0,0.0,5.0,0.6449628755448891
2186,10,train_0123,12257.269808166937,10863.261040337915,136.3261040337915,0.0,12393.595912200728,15.74,0.56,0.0,0.0,5.0,0.6449628755448891
2187,10,train_0175,12526.007387189278,10116.624316856844,61.66243168568435,0.0,12587.669818874963,17.3,0.64,0.0,0.0,5.0,0.6449628755448891
2188,10,train_0465,12442.146264560291,10967.940616442072,146.79406164420726,0.0,12588.940326204498,16.34,0.6,0.0,0.0,5.0,0.6449628755448891
2189,10,train_0104,12320.537880661232,10601.580021952968,110.15800219529683,0.0,12430.69588285653,17.02,0.6,0.0,0.0,5.0,0.6449628755448891
2190,10,train_0275,12180.765878491116,10378.056485441612,87.80564854416116,0.0,12268.571527035278,15.02,0.68,0.0,0.0,5.0,0.6449628755448891
2191,10,train_0188,12388.325338325178,10398.792643141365,89.87926431413653,0.0,12478.204602639315,14.76,0.64,0.0,0.0,5.0,0.6449628755448891
2192,10,train_0239,12673.77365069599,10215.848736685242,71.58487366852424,0.0,12745.358524364514,14.24,0.68,0.0,0.0,5.0,0.6449628755448891
2193,10,train_0493,12170.84908858818,10215.526157739494,71.5526157739494,0.0,12242.40170436213,16.18,0.64,0.0,0.0,5.0,0.6449628755448891
2194,10,train_0381,12177.437220089156,10111.206291049415,61.120629104941514,0.0,12238.557849194098,16.88,0.62,0.0,0.0,5.0,0.6449628755448891
2195,10,train_0050,12521.707760258385,9801.743438818226,30.174343881822644,0.0,12551.882104140208,16.8,0.5,0.0,0.0,5.0,0.6449628755448891
2196,10,train_0417,12256.103551835511,10413.233648325757,91.32336483257569,0.0,12347.426916668086,13.62,0.58,0.0,0.0,5.0,0.6449628755448891
2197,10,train_0491,12554.155084509806,10197.617614067174,69.76176140671741,0.0,12623.916845916523,15.6,0.54,0.0,0.0,5.0,0.6449628755448891
2198,10,train_0390,12625.728451309842,10572.949067941663,107.29490679416631,0.0,12733.023358104008,16.54,0.7,0.0,0.0,5.0,0.6449628755448891
2199,10,train_0033,12900.363520073315,10246.474148958352,74.64741489583521,0.0,12975.01093496915,15.48,0.64,0.0,0.0,5.0,0.6449628755448891
2200,10,train_0306,12429.845441866692,10710.862677976946,121.08626779769457,0.0,12550.931709664386,14.52,0.66,0.0,0.0,5.0,0.6449628755448891
2201,10,train_0322,12452.766679567176,10608.817483484532,110.88174834845323,0.0,12563.648427915628,15.02,0.58,0.0,0.0,5.0,0.6449628755448891
2202,10,train_0018,12451.869255663954,10309.400347559502,80.9400347559502,0.0,12532.809290419904,16.46,0.74,0.0,0.0,5.0,0.6449628755448891
2203,10,train_0459,12467.357945470385,10399.335164743958,89.93351647439577,0.0,12557.29146194478,17.44,0.6,0.0,0.0,5.0,0.6449628755448891
2204,10,train_0088,12342.884673439166,10876.26813373233,137.62681337323303,0.0,12480.5114868124,17.06,0.7,0.0,0.0,5.0,0.6449628755448891
2205,10,train_0203,12830.763678806812,10812.097689097733,131.20976890977326,0.0,12961.973447716586,13.88,0.7,0.0,0.0,5.0,0.6449628755448891
2206,10,train_0191,12260.859502653402,10560.49769947845,106.04976994784502,0.0,12366.909272601248,16.76,0.58,0.0,0.0,5.0,0.6449628755448891
2207,10,train_0525,12085.684867677099,10388.552397890287,88.85523978902876,0.0,12174.540107466128,15.1,0.62,0.0,0.0,5.0,0.6449628755448891
2208,10,train_0566,12057.413002143376,10069.357088246372,56.93570882463719,0.0,12114.348710968014,13.42,0.52,0.0,0.0,5.0,0.6449628755448891
2209,10,train_0457,12399.674190023181,10508.019904316307,100.80199043163066,0.0,12500.47618045481,16.62,0.64,0.0,0.0,5.0,0.6449628755448891
2210,10,train_0213,12042.193510701221,10481.631465528808,98.16314655288079,0.0,12140.356657254102,17.0,0.6,0.0,0.0,5.0,0.6449628755448891
2211,10,train_0384,12053.200364720846,10565.230426717564,106.52304267175641,0.0,12159.723407392603,16.72,0.64,0.0,0.0,5.0,0.6449628755448891
2212,10,train_0390,12546.744399932284,10665.479829161422,116.54798291614225,0.0,12663.292382848427,16.84,0.72,0.0,0.0,5.0,0.6449628755448891
2213,10,train_0215,12087.490809845542,11102.545819693465,160.25458196934653,0.0,12247.745391814888,16.36,0.64,0.0,0.0,5.0,0.6449628755448891
2214,10,train_0153,12372.115034471506,10548.685956225421,104.86859562254213,0.0,12476.983630094048,15.86,0.68,0.0,0.0,5.0,0.6449628755448891
2215,10,train_0081,12044.129237497416,10334.322659488662,83.43226594886619,0.0,12127.561503446283,17.94,0.6,0.0,0.0,5.0,0.6449628755448891
2216,10,train_0273,12391.307117347447,10492.95821258603,99.29582125860307,0.0,12490.60293860605,17.98,0.58,0.0,0.0,5.0,0.6449628755448891
2217,10,train_0357,12320.714905245713,10299.47643933397,79.94764393339702,0.0,12400.662549179111,15.6,0.62,0.0,0.0,5.0,0.6449628755448891
2218,10,train_0433,12264.378321725302,10560.96492849807,106.09649284980696,0.0,12370.47481457511,14.8,0.52,0.0,0.0,5.0,0.6449628755448891
2219,10,train_0122,12292.711052800038,10105.841599002726,60.58415990027261,0.0,12353.29521270031,15.68,0.68,0.0,0.0,5.0,0.6449628755448891
2220,10,train_0384,12193.720837430643,10109.173261914486,60.917326191448595,0.0,12254.638163622092,16.52,0.62,0.0,0.0,5.0,0.6449628755448891
2221,10,train_0527,12340.605436202779,10579.204431875169,107.92044318751687,0.0,12448.525879390296,15.78,0.52,0.0,0.0,5.0,0.6449628755448891
2222,10,train_0462,11897.326457191642,10785.281427996506,128.5281427996506,0.0,12025.854599991293,16.4,0.62,0.0,0.0,5.0,0.6449628755448891
2223,10,train_0527,12640.275057408759,10167.095647184777,66.70956471847767,0.0,12706.984622127236,15.1,0.64,0.0,0.0,5.0,0.6449628755448891
2224,10,train_0477,11856.991519690742,10408.554446179074,90.85544461790742,0.0,11947.84696430865,14.98,0.64,0.0,0.0,5.0,0.6449628755448891
2225,10,train_0297,12199.343868185239,10509.478260955379,100.94782609553786,0.0,12300.291694280777,13.46,0.62,0.0,0.0,5.0,0.6449628755448891
2226,10,train_0596,12433.397446940327,10101.368012363568,60.136801236356774,0.0,12493.534248176684,15.28,0.54,0.0,0.0,5.0,0.6449628755448891
2227,10,train_0413,12957.129922766802,10446.674053786099,94.66740537860989,0.0,13051.797328145412,15.62,0.66,0.0,0.0,5.0,0.6449628755448891
2228,10,train_0276,11929.575227013114,10390.375052186762,89.03750521867624,0.0,12018.61273223179,14.62,0.64,0.0,0.0,5.0,0.6449628755448891
2229,10,train_0436,12707.151001633876,10809.300688340216,130.9300688340216,0.0,12838.081070467897,16.74,0.54,0.0,0.0,5.0,0.6449628755448891
2230,10,train_0564,12567.06238682024,10525.06766268623,102.50676626862297,0.0,12669.569153088863,17.12,0.58,0.0,0.0,5.0,0.6449628755448891
2231,10,train_0205,12346.459559938166,10797.675307110927,129.7675307110927,0.0,12476.22709064926,14.38,0.56,0.0,0.0,5.0,0.6449628755448891
2232,10,train_0007,13011.75319536102,11045.592540177315,154.5592540177315,0.0,13166.31244937875,15.36,0.58,0.0,0.0,5.0,0.6449628755448891
2233,10,train_0092,12408.57656777597,10677.880464037331,117.7880464037331,0.0,12526.364614179703,15.62,0.64,0.0,0.0,5.0,0.6449628755448891
2234,10,train_0438,12407.963825882856,10188.309514480656,68.83095144806558,0.0,12476.794777330922,18.04,0.58,0.0,0.0,5.0,0.6449628755448891
2235,10,train_0257,12208.879378121897,10369.052296062635,86.9052296062635,0.0,12295.784607728161,15.2,0.58,0.0,0.0,5.0,0.6449628755448891
2236,10,train_0019,12405.86925256615,10963.48060896292,146.34806089629203,0.0,12552.217313462443,16.26,0.64,0.0,0.0,5.0,0.6449628755448891
2237,10,train_0302,12346.661037406637,10435.672133725253,93.5672133725253,0.0,12440.228250779162,14.48,0.58,0.0,0.0,5.0,0.6449628755448891
2238,10,train_0542,12149.832829606501,10474.944743883643,97.49447438836432,0.0,12247.327303994865,15.16,0.58,0.0,0.0,5.0,0.6449628755448891
2239,10,train_0415,12839.363738353257,10623.97561731252,112.39756173125207,0.0,12951.761300084509,13.86,0.58,0.0,0.0,5.0,0.6449628755448891
2240,11,train_0562,12276.57227835802,10325.069038161439,82.50690381614386,0.0,12359.079182174164,15.58,0.68,0.0,0.0,5.0,0.6449628755448891
2241,11,train_0410,12630.19040460074,10728.952483786023,122.89524837860228,0.0,12753.085652979342,18.92,0.52,0.0,0.0,5.0,0.6449628755448891
2242,11,train_0038,12524.038084250671,10595.508426879482,109.55084268794818,0.0,12633.588926938619,15.74,0.64,0.0,0.0,5.0,0.6449628755448891
2243,11,train_0033,12763.867853744177,10639.97815853215,113.99781585321507,0.0,12877.865669597393,15.12,0.54,0.0,0.0,5.0,0.6449628755448891
2244,11,train_0475,11947.90896568674,10291.367124428474,79.13671244284743,0.0,12027.045678129587,15.4,0.72,0.0,0.0,5.0,0.6449628755448891
2245,11,train_0553,11793.696664492967,10156.171513341258,65.61715133412581,0.0,11859.313815827092,16.06,0.54,0.0,0.0,5.0,0.6449628755448891
2246,11,train_0321,12047.288555361309,10787.976534465923,128.79765344659228,0.0,12176.086208807901,18.36,0.54,0.0,0.0,5.0,0.6449628755448891
2247,11,train_0123,12383.667543933178,10757.741042481888,125.77410424818882,0.0,12509.441648181366,15.28,0.64,0.0,0.0,5.0,0.6449628755448891
2248,11,train_0507,12371.226562447278,10529.596588145625,102.9596588145625,0.0,12474.186221261842,15.96,0.58,0.0,0.0,5.0,0.6449628755448891
2249,11,train_0140,12072.794176750765,10576.531409758987,107.65314097589872,0.0,12180.447317726665,15.9,0.66,0.0,0.0,5.0,0.6449628755448891
2250,11,train_0470,12203.184952774318,10417.504099211073,91.75040992110735,0.0,12294.935362695425,15.44,0.7,0.0,0.0,5.0,0.6449628755448891
2251,11,train_0053,12299.05402588454,10397.163813041992,89.71638130419925,0.0,12388.770407188738,15.28,0.7,0.0,0.0,5.0,0.6449628755448891
2252,11,train_0265,11826.460230212997,10762.925523057504,126.29255230575036,0.0,11952.752782518748,16.48,0.74,0.0,0.0,5.0,0.6449628755448891
2253,11,train_0297,12244.260111537547,10343.94927258142,84.39492725814199,0.0,12328.655038795689,14.76,0.56,0.0,0.0,5.0,0.6449628755448891
2254,11,train_0340,12263.245929288381,10414.778038994418,91.47780389944182,0.0,12354.723733187824,15.94,0.72,0.0,0.0,5.0,0.6449628755448891
2255,11,train_0554,12200.551917727136,10311.88251688507,81.18825168850708,0.0,12281.740169415643,14.32,0.58,0.0,0.0,5.0,0.6449628755448891
2256,11,train_0377,12228.25977822915,10546.796630301433,104.67966303014327,0.0,12332.939441259294,16.14,0.64,0.0,0.0,5.0,0.6449628755448891
2257,11,train_0397,12455.337645725107,10286.665069225535,78.66650692255354,0.0,12534.00415264766,16.08,0.72,0.0,0.0,5.0,0.6449628755448891
2258,11,train_0494,12247.398713175793,10119.569457477206,61.9569457477206,0.0,12309.355658923514,16.08,0.7,0.0,0.0,5.0,0.6449628755448891
2259,11,train_0294,12000.89366843265,10312.103435055282,81.21034350552819,0.0,12082.10401193818,14.78,0.72,0.0,0.0,5.0,0.6449628755448891
2260,11,train_0431,12414.320035289427,10261.596250789029,76.1596250789029,0.0,12490.47966036833,17.66,0.7,0.0,0.0,5.0,0.6449628755448891
2261,11,train_0515,12472.47447509012,10594.968147127081,109.49681471270816,0.0,12581.971289802828,17.12,0.68,0.0,0.0,5.0,0.6449628755448891
2262,11,train_0014,12485.249071064221,10474.681082883417,97.46810828834168,0.0,12582.717179352563,17.36,0.7,0.0,0.0,5.0,0.6449628755448891
2263,11,train_0569,12062.33017637723,10343.20228375936,84.32022837593595,0.0,12146.650404753167,16.6,0.62,0.0,0.0,5.0,0.6449628755448891
2264,11,train_0519,12400.235225517932,10683.639171777817,118.3639171777817,0.0,12518.599142695713,17.36,0.58,0.0,0.0,5.0,0.6449628755448891
2265,11,train_0336,12445.86472405049,9894.056521824026,39.40565218240263,0.0,12485.270376232893,16.54,0.66,0.0,0.0,5.0,0.6449628755448891
2266,11,train_0385,12916.903206743485,10804.986635768568,130.49866357685679,0.0,13047.401870320342,17.38,0.62,0.0,0.0,5.0,0.6449628755448891
2267,11,train_0475,12197.36475082449,10468.92872474588,96.89287247458797,0.0,12294.257623299078,14.5,0.52,0.0,0.0,5.0,0.6449628755448891
2268,11,train_0371,12404.512191897686,10253.366967692726,75.33669676927256,0.0,12479.848888666958,15.42,0.62,0.0,0.0,5.0,0.6449628755448891
2269,11,train_0589,11934.950665818498,10347.932889656482,84.79328896564822,0.0,12019.743954784146,17.04,0.7,0.0,0.0,5.0,0.6449628755448891
2270,11,train_0390,12530.47936649856,10361.358557414329,86.1358557414329,0.0,12616.615222239992,16.16,0.72,0.0,0.0,5.0,0.6449628755448891
2271,11,train_0017,12431.054712120149,10476.422187764345,97.6422187764345,0.0,12528.696930896584,14.8,0.7,0.0,0.0,5.0,0.6449628755448891
2272,11,train_0172,12387.088463887463,10390.213770325096,89.02137703250956,0.0,12476.109840919973,16.18,0.7,0.0,0.0,5.0,0.6449628755448891
2273,11,train_0351,12264.205601450969,10999.472873249939,149.94728732499388,0.0,12414.152888775963,14.46,0.5,0.0,0.0,5.0,0.6449628755448891
2274,11,train_0381,12230.557035647618,10208.83312258049,70.88331225804905,0.0,12301.440347905667,15.1,0.74,0.0,0.0,5.0,0.6449628755448891
2275,11,train_0413,12790.380288154553,10644.686451730988,114.46864517309878,0.0,12904.848933327652,16.46,0.62,0.0,0.0,5.0,0.6449628755448891
2276,11,train_0441,12374.152154431515,10411.993445895556,91.1993445895556,0.0,12465.35149902107,16.08,0.7,0.0,0.0,5.0,0.6449628755448891
2277,11,train_0326,11876.050961893843,10245.211660658002,74.52116606580022,0.0,11950.572127959644,16.76,0.62,0.0,0.0,5.0,0.6449628755448891
2278,11,train_0060,12474.200045297079,10534.25501322578,103.42550132257803,0.0,12577.625546619656,16.96,0.76,0.0,0.0,5.0,0.6449628755448891
2279,11,train_0182,12605.323231342754,10901.470013042366,140.14700130423662,0.0,12745.47023264699,15.42,0.72,0.0,0.0,5.0,0.6449628755448891
2280,11,train_0327,12101.595137174161,10730.990342721847,123.0990342721847,0.0,12224.694171446346,17.16,0.62,0.0,0.0,5.0,0.6449628755448891
2281,11,train_0160,12305.472376137648,10575.197897987877,107.51978979878768,0.0,12412.992165936435,16.54,0.7,0.0,0.0,5.0,0.6449628755448891
2282,11,train_0287,12201.437450022417,10505.332617499633,100.53326174996329,0.0,12301.97071177238,15.7,0.64,0.0,0.0,5.0,0.6449628755448891
2283,11,train_0531,12421.272615993643,10415.523129094574,91.5523129094574,0.0,12512.824928903101,15.92,0.6,0.0,0.0,5.0,0.6449628755448891
2284,11,train_0158,12546.584736682122,10641.266878769336,114.12668787693366,0.0,12660.711424559055,16.9,0.48,0.0,0.0,5.0,0.6449628755448891
2285,11,train_0528,12601.063064895912,10395.208398872874,89.52083988728737,0.0,12690.5839047832,15.1,0.66,0.0,0.0,5.0,0.6449628755448891
2286,11,train_0585,12168.69044072874,10615.2838551156,111.52838551156002,0.0,12280.2188262403,14.32,0.66,0.0,0.0,5.0,0.6449628755448891
2287,11,train_0082,12644.961389561824,10453.121481253445,95.31214812534455,0.0,12740.273537687168,16.36,0.78,0.0,0.0,5.0,0.6449628755448891
2288,11,train_0544,12385.244710472307,10797.768443802997,129.77684438029974,0.0,12515.021554852607,15.02,0.6,0.0,0.0,5.0,0.6449628755448891
2289,11,train_0446,12368.186096529644,10082.469640177245,58.24696401772454,0.0,12426.433060547368,14.94,0.56,0.0,0.0,5.0,0.6449628755448891
2290,11,train_0234,12190.29875575702,10480.471082820313,98.04710828203133,0.0,12288.34586403905,15.54,0.62,0.0,0.0,5.0,0.6449628755448891
2291,11,train_0419,12500.396581806926,10262.908441678159,76.29084416781589,0.0,12576.687425974742,15.0,0.64,0.0,0.0,5.0,0.6449628755448891
2292,11,train_0071,12226.718087846977,10554.439390819785,105.44393908197854,0.0,12332.162026928956,14.48,0.8,0.0,0.0,5.0,0.6449628755448891
2293,11,train_0277,12229.602102747598,10412.78206251124,91.278206251124,0.0,12320.880308998721,15.52,0.54,0.0,0.0,5.0,0.6449628755448891
2294,11,train_0223,12166.282261842847,10140.69827741108,64.06982774110803,0.0,12230.352089583956,14.38,0.68,0.0,0.0,5.0,0.6449628755448891
2295,11,train_0238,12270.633709442824,10360.673871217376,86.06738712173757,0.0,12356.70109656456,16.02,0.8,0.0,0.0,5.0,0.6449628755448891
2296,11,train_0491,12557.732618489965,10387.577725438081,88.7577725438081,0.0,12646.490391033773,16.02,0.64,0.0,0.0,5.0,0.6449628755448891
2297,11,train_0194,12358.347969761204,10509.312246772379,100.93122467723788,0.0,12459.27919443844,16.78,0.64,0.0,0.0,5.0,0.6449628755448891
2298,11,train_0346,12749.6286415727,10784.846715378477,128.48467153784767,0.0,12878.113313110549,16.02,0.54,0.0,0.0,5.0,0.6449628755448891
2299,11,train_0430,12628.527139433914,9897.305499526035,39.730549952603546,0.0,12668.257689386517,15.32,0.78,0.0,0.0,5.0,0.6449628755448891
2300,11,train_0473,12488.753422227364,10031.543829222343,53.154382922234255,0.0,12541.907805149598,18.38,0.64,0.0,0.0,5.0,0.6449628755448891
2301,11,train_0271,11922.61988346836,10457.044055588154,95.70440555881542,0.0,12018.324289027176,16.08,0.56,0.0,0.0,5.0,0.6449628755448891
2302,11,train_0469,13002.982681623356,10728.578498949333,122.85784989493332,0.0,13125.84053151829,15.92,0.66,0.0,0.0,5.0,0.6449628755448891
2303,11,train_0406,12440.405096329356,10444.08423170468,94.4084231704681,0.0,12534.813519499823,18.16,0.74,0.0,0.0,5.0,0.6449628755448891
2304,11,train_0105,12337.798235773396,10589.871426180056,108.9871426180056,0.0,12446.785378391402,14.92,0.62,0.0,0.0,5.0,0.6449628755448891
2305,11,train_0419,12533.07702028436,10050.418704215164,55.041870421516435,0.0,12588.118890705877,14.28,0.66,0.0,0.0,5.0,0.6449628755448891
2306,11,train_0217,12644.071067306493,10287.689132423762,78.76891324237623,0.0,12722.83998054887,17.5,0.6,0.0,0.0,5.0,0.6449628755448891
2307,11,train_0588,12502.410132911202,10142.335644116414,64.23356441164142,0.0,12566.643697322843,16.84,0.62,0.0,0.0,5.0,0.6449628755448891
2308,11,train_0483,12663.155274979821,10895.661126046572,139.56611260465726,0.0,12802.721387584479,14.26,0.66,0.0,0.0,5.0,0.6449628755448891
2309,11,train_0410,12649.149453167947,10678.541407930037,117.85414079300372,0.0,12767.003593960952,18.76,0.74,0.0,0.0,5.0,0.6449628755448891
2310,11,train_0417,12127.723071467077,10269.21358982215,76.92135898221495,0.0,12204.644430449292,15.86,0.52,0.0,0.0,5.0,0.6449628755448891
2311,11,train_0047,11903.552297129614,10463.87024417194,96.38702441719397,0.0,11999.939321546808,13.9,0.52,0.0,0.0,5.0,0.6449628755448891
2312,11,train_0491,12294.64983449024,10472.294640962711,97.22946409627112,0.0,12391.879298586511,16.16,0.66,0.0,0.0,5.0,0.6449628755448891
2313,11,train_0133,12298.46041993927,10627.702295669445,112.77022956694455,0.0,12411.230649506215,17.42,0.56,0.0,0.0,5.0,0.6449628755448891
2314,11,train_0452,12275.491375130074,10274.895746703114,77.48957467031141,0.0,12352.980949800385,15.68,0.64,0.0,0.0,5.0,0.6449628755448891
2315,11,train_0353,12295.50275939295,10051.26205452936,55.12620545293594,0.0,12350.628964845886,16.72,0.56,0.0,0.0,5.0,0.6449628755448891
2316,11,train_0591,12405.274907814779,10640.69746420862,114.06974642086207,0.0,12519.344654235641,17.52,0.72,0.0,0.0,5.0,0.6449628755448891
2317,11,train_0014,12331.274770496837,10504.50398035967,100.45039803596701,0.0,12431.725168532805,16.06,0.46,0.0,0.0,5.0,0.6449628755448891
2318,11,train_0395,11879.315726304132,10483.151768065407,98.3151768065407,0.0,11977.630903110672,14.42,0.62,0.0,0.0,5.0,0.6449628755448891
2319,11,train_0272,12562.653319354857,10291.458084332913,79.14580843329132,0.0,12641.799127788148,16.26,0.58,0.0,0.0,5.0,0.6449628755448891
2320,11,train_0338,12370.834936313142,10523.965306526847,102.39653065268467,0.0,12473.231466965826,14.94,0.62,0.0,0.0,5.0,0.6449628755448891
2321,11,train_0183,12505.426425954474,10325.454473375214,82.54544733752137,0.0,12587.971873291996,15.78,0.64,0.0,0.0,5.0,0.6449628755448891
2322,11,train_0408,11858.991994067186,10378.08778633604,87.80877863360402,0.0,11946.80077270079,15.2,0.62,0.0,0.0,5.0,0.6449628755448891
2323,11,train_0107,12564.800749432785,10515.244471122483,101.52444711224835,0.0,12666.325196545033,17.18,0.66,0.0,0.0,5.0,0.6449628755448891
2324,11,train_0085,12285.440147507677,10397.156750521448,89.7156750521448,0.0,12375.155822559822,12.68,0.74,0.0,0.0,5.0,0.6449628755448891
2325,11,train_0027,12349.26863587485,10913.258335246896,141.32583352468956,0.0,12490.59446939954,14.04,0.62,0.0,0.0,5.0,0.6449628755448891
2326,11,train_0056,12249.887628115684,9827.106597214482,32.710659721448245,0.0,12282.598287837132,14.04,0.66,0.0,0.0,5.0,0.6449628755448891
2327,11,train_0010,12626.899365245474,10370.575414931125,87.05754149311252,0.0,12713.956906738586,16.22,0.78,0.0,0.0,5.0,0.6449628755448891
2328,11,train_0208,12296.01874547029,10311.31370515385,81.13137051538507,0.0,12377.150115985674,14.88,0.62,0.0,0.0,5.0,0.6449628755448891
2329,11,train_0101,12235.310078792692,10604.740043025316,110.47400430253165,0.0,12345.784083095225,17.0,0.68,0.0,0.0,5.0,0.6449628755448891
2330,11,train_0408,11941.724578540572,10109.576665567845,60.95766655678454,0.0,12002.682245097356,13.98,0.68,0.0,0.0,5.0,0.6449628755448891
2331,11,train_0563,12239.064210639091,10389.783490474703,88.97834904747033,0.0,12328.042559686563,15.84,0.62,0.0,0.0,5.0,0.6449628755448891
2332,11,train_0590,11894.46715479796,10533.56884837375,103.35688483737505,0.0,11997.824039635334,16.18,0.56,0.0,0.0,5.0,0.6449628755448891
2333,11,train_0196,12213.253424775645,10392.442485265776,89.24424852657758,0.0,12302.497673302223,15.22,0.78,0.0,0.0,5.0,0.6449628755448891
2334,11,train_0529,12100.995716262909,10653.848830740479,115.38488307404788,0.0,12216.380599336957,16.02,0.52,0.0,0.0,5.0,0.6449628755448891
2335,11,train_0562,12364.313102054846,10589.94486176078,108.99448617607796,0.0,12473.307588230924,15.3,0.62,0.0,0.0,5.0,0.6449628755448891
2336,11,train_0354,11802.886308157174,10248.704081210417,74.87040812104169,0.0,11877.756716278216,14.86,0.6,0.0,0.0,5.0,0.6449628755448891
2337,11,train_0058,11773.632821151861,10165.748468099022,66.5748468099022,0.0,11840.207667961764,16.4,0.72,0.0,0.0,5.0,0.6449628755448891
2338,11,train_0035,12986.487788845738,10657.12382017525,115.71238201752494,0.0,13102.200170863263,18.02,0.6,0.0,0.0,5.0,0.6449628755448891
2339,11,train_0362,12057.111115892862,10335.194107894094,83.51941078940945,0.0,12140.630526682271,15.64,0.68,0.0,0.0,5.0,0.6449628755448891
2340,11,train_0366,11682.730643016133,10559.879524120213,105.98795241202134,0.0,11788.718595428154,15.98,0.52,0.0,0.0,5.0,0.6449628755448891
2341,11,train_0317,12325.002749508669,10223.98977371103,72.39897737110296,0.0,12397.401726879772,17.02,0.58,0.0,0.0,5.0,0.6449628755448891
2342,11,train_0350,11951.171262112985,10340.947397408265,84.09473974082648,0.0,12035.266001853812,17.74,0.76,0.0,0.0,5.0,0.6449628755448891
2343,11,train_0380,12011.454485447044,10289.074248199528,78.90742481995277,0.0,12090.361910266996,15.84,0.68,0.0,0.0,5.0,0.6449628755448891
2344,11,train_0219,12512.258297361492,10382.281417522234,88.2281417522234,0.0,12600.486439113714,16.22,0.66,0.0,0.0,5.0,0.6449628755448891
2345,11,train_0508,12646.19458586947,10344.234028413392,84.42340284133917,0.0,12730.61798871081,14.72,0.7,0.0,0.0,5.0,0.6449628755448891
2346,11,train_0436,12696.063496116483,10492.232616997699,99.22326169976986,0.0,12795.286757816253,17.5,0.52,0.0,0.0,5.0,0.6449628755448891
2347,11,train_0233,13002.774734326695,10736.019315200327,123.60193152003268,0.0,13126.376665846727,15.98,0.76,0.0,0.0,5.0,0.6449628755448891
2348,11,train_0434,12704.71520320393,10559.91501869558,105.99150186955795,0.0,12810.706705073488,15.76,0.62,0.0,0.0,5.0,0.6449628755448891
2349,11,train_0399,12032.171445074302,10374.676917238019,87.46769172380192,0.0,12119.639136798103,15.66,0.62,0.0,0.0,5.0,0.6449628755448891
2350,11,train_0177,12451.749697396444,10741.674267595907,124.16742675959068,0.0,12575.917124156034,13.96,0.6,0.0,0.0,5.0,0.6449628755448891
2351,11,train_0126,12374.792675966874,10332.03826488871,83.20382648887099,0.0,12457.996502455744,16.76,0.7,0.0,0.0,5.0,0.6449628755448891
2352,11,train_0176,12877.497972381654,10700.860303106427,120.08603031064268,0.0,12997.584002692296,15.9,0.62,0.0,0.0,5.0,0.6449628755448891
2353,11,train_0471,12581.330909978933,10276.666936958669,77.6666936958669,0.0,12658.9976036748,13.84,0.7,0.0,0.0,5.0,0.6449628755448891
2354,11,train_0091,12429.666641695912,10221.432498978622,72.14324989786219,0.0,12501.809891593775,16.2,0.64,0.0,0.0,5.0,0.6449628755448891
2355,11,train_0320,12447.144784901058,10552.419320832312,105.24193208323123,0.0,12552.386716984289,15.24,0.64,0.0,0.0,5.0,0.6449628755448891
2356,11,train_0575,13273.2813995485,10145.761352915317,64.57613529153168,0.0,13337.857534840032,17.68,0.72,0.0,0.0,5.0,0.6449628755448891
2357,11,train_0048,12596.894436171438,10208.029110720205,70.80291107202048,0.0,12667.697347243458,16.66,0.8,0.0,0.0,5.0,0.6449628755448891
2358,11,train_0328,12582.762932853018,10350.646687744971,85.06466877449712,0.0,12667.827601627516,14.08,0.64,0.0,0.0,5.0,0.6449628755448891
2359,11,train_0175,12534.04100944088,9872.433584670798,37.243358467079815,0.0,12571.28436790796,16.84,0.78,0.0,0.0,5.0,0.6449628755448891
2360,11,train_0500,12514.62244415998,10003.49007787065,50.34900778706506,0.0,12564.971451947045,14.66,0.62,0.0,0.0,5.0,0.6449628755448891
2361,11,train_0080,12789.545956155074,10267.237143864075,76.72371438640748,0.0,12866.269670541482,14.76,0.72,0.0,0.0,5.0,0.6449628755448891
2362,11,train_0358,12303.3383977367,10268.94705758304,76.89470575830401,0.0,12380.233103495004,15.08,0.6,0.0,0.0,5.0,0.6449628755448891
2363,11,train_0447,12586.106605251864,10215.41366852551,71.54136685255108,0.0,12657.647972104414,16.66,0.56,0.0,0.0,5.0,0.6449628755448891
2364,11,train_0078,12255.54699591042,10418.21397084713,91.82139708471296,0.0,12347.368392995133,15.8,0.6,0.0,0.0,5.0,0.6449628755448891
2365,11,train_0242,12632.396812650259,10589.79320761437,108.97932076143698,0.0,12741.376133411695,15.84,0.72,0.0,0.0,5.0,0.6449628755448891
2366,11,train_0086,11860.491925372087,9842.685846135199,34.268584613519856,0.0,11894.760509985606,15.82,0.68,0.0,0.0,5.0,0.6449628755448891
2367,11,train_0314,12373.401044913233,10385.92422169784,88.59242216978402,0.0,12461.993467083017,16.2,0.64,0.0,0.0,5.0,0.6449628755448891
2368,11,train_0001,12041.69658544383,10236.949645653785,73.69496456537854,0.0,12115.391550009208,13.94,0.68,0.0,0.0,5.0,0.6449628755448891
2369,11,train_0365,12743.702413375544,10692.684574866897,119.26845748668967,0.0,12862.970870862233,16.52,0.64,0.0,0.0,5.0,0.6449628755448891
2370,11,train_0178,12277.279937639301,10173.398666964791,67.33986669647912,0.0,12344.61980433578,15.18,0.58,0.0,0.0,5.0,0.6449628755448891
2371,11,train_0223,12198.478957516378,10332.355274954367,83.2355274954367,0.0,12281.714485011815,14.72,0.54,0.0,0.0,5.0,0.6449628755448891
2372,11,train_0473,11983.22210480196,10478.253517595658,97.82535175956582,0.0,12081.047456561526,18.26,0.74,0.0,0.0,5.0,0.6449628755448891
2373,11,train_0591,12736.669735124839,10509.481681965692,100.94816819656917,0.0,12837.617903321408,18.04,0.68,0.0,0.0,5.0,0.6449628755448891
2374,11,train_0293,11925.073893848428,10173.552637080627,67.35526370806274,0.0,11992.429157556491,14.04,0.52,0.0,0.0,5.0,0.6449628755448891
2375,11,train_0451,12824.56644071476,10578.666382557349,107.86663825573487,0.0,12932.433078970495,15.34,0.6,0.0,0.0,5.0,0.6449628755448891
2376,11,train_0233,12860.56145686391,10711.389005674298,121.13890056742986,0.0,12981.70035743134,17.24,0.64,0.0,0.0,5.0,0.6449628755448891
2377,11,train_0389,12045.28793049449,10471.588989245629,97.15889892456289,0.0,12142.446829419054,17.06,0.62,0.0,0.0,5.0,0.6449628755448891
2378,11,train_0234,12274.086179869177,10538.184058959958,103.8184058959958,0.0,12377.904585765173,15.88,0.6,0.0,0.0,5.0,0.6449628755448891
2379,11,train_0091,12260.850779194303,10401.981553619344,90.19815536193437,0.0,12351.048934556238,16.34,0.64,0.0,0.0,5.0,0.6449628755448891
2380,11,train_0520,12034.526132707688,10040.001711140714,54.00017111407142,0.0,12088.52630382176,16.5,0.68,0.0,0.0,5.0,0.6449628755448891
2381,11,train_0222,12084.438705500175,10691.370165146087,119.1370165146087,0.0,12203.575722014784,19.12,0.64,0.0,0.0,5.0,0.6449628755448891
2382,11,train_0215,12368.749646048573,10822.211799573564,132.22117995735644,0.0,12500.970826005929,17.2,0.64,0.0,0.0,5.0,0.6449628755448891
2383,11,train_0227,12661.11404802221,10678.269598404568,117.82695984045677,0.0,12778.941007862666,18.02,0.54,0.0,0.0,5.0,0.6449628755448891
2384,11,train_0485,12132.34219499683,10445.998482219515,94.59984822195148,0.0,12226.942043218782,16.04,0.66,0.0,0.0,5.0,0.6449628755448891
2385,11,train_0422,12509.815877106528,10386.10878752682,88.61087875268204,0.0,12598.426755859211,14.16,0.72,0.0,0.0,5.0,0.6449628755448891
2386,11,train_0105,12537.42233662213,10506.673233779522,100.6673233779522,0.0,12638.089660000083,15.14,0.64,0.0,0.0,5.0,0.6449628755448891
2387,11,train_0048,12354.10002835575,10489.46043376905,98.94604337690508,0.0,12453.046071732655,15.56,0.78,0.0,0.0,5.0,0.6449628755448891
2388,11,train_0372,12490.099989618986,10702.21237623574,120.22123762357405,0.0,12610.32122724256,15.98,0.56,0.0,0.0,5.0,0.6449628755448891
2389,11,train_0083,12192.601603485373,10229.366107525351,72.93661075253513,0.0,12265.538214237908,15.68,0.72,0.0,0.0,5.0,0.6449628755448891
2390,11,train_0097,12161.332114089395,10431.345237815969,93.13452378159691,0.0,12254.466637870992,18.0,0.76,0.0,0.0,5.0,0.6449628755448891
2391,11,train_0476,12298.05064161798,10420.021158989739,92.0021158989739,0.0,12390.052757516954,18.9,0.62,0.0,0.0,5.0,0.6449628755448891
2392,11,train_0435,11968.273733752423,10358.348299331035,85.83482993310355,0.0,12054.108563685526,15.6,0.58,0.0,0.0,5.0,0.6449628755448891
2393,11,train_0229,12619.790422606773,10812.4942797749,131.2494279774901,0.0,12751.039850584264,14.76,0.62,0.0,0.0,5.0,0.6449628755448891
2394,11,train_0437,11389.026363384126,9841.279517495226,34.127951749522616,0.0,11423.154315133648,16.56,0.7,0.0,0.0,5.0,0.6449628755448891
2395,11,train_0179,12133.181749746087,10405.069218143244,90.50692181432441,0.0,12223.688671560412,13.9,0.6,0.0,0.0,5.0,0.6449628755448891
2396,11,train_0280,12455.15480631857,10539.44413960301,103.94441396030106,0.0,12559.09922027887,15.58,0.66,0.0,0.0,5.0,0.6449628755448891
2397,11,train_0063,12164.036668902914,10687.580930187647,118.75809301876471,0.0,12282.79476192168,15.38,0.62,0.0,0.0,5.0,0.6449628755448891
2398,11,train_0492,12397.77304480715,10475.21884665406,97.52188466540593,0.0,12495.294929472557,16.66,0.48,0.0,0.0,5.0,0.6449628755448891
2399,11,train_0050,12275.978494266592,10372.023650966757,87.20236509667575,0.0,12363.180859363267,15.98,0.52,0.0,0.0,5.0,0.6449628755448891
2400,11,train_0564,12372.958144893044,10406.259003955332,90.62590039553325,0.0,12463.584045288577,15.74,0.84,0.0,0.0,5.0,0.6449628755448891
2401,11,train_0251,12179.61578926896,10684.25949878762,118.42594987876201,0.0,12298.041739147722,14.74,0.64,0.0,0.0,5.0,0.6449628755448891
2402,11,train_0178,12047.66409567808,10123.988026710202,62.39880267102017,0.0,12110.062898349099,15.52,0.68,0.0,0.0,5.0,0.6449628755448891
2403,11,train_0275,12272.150189073735,10528.827123759233,102.88271237592326,0.0,12375.032901449658,15.3,0.5,0.0,0.0,5.0,0.6449628755448891
2404,11,train_0374,12519.436412555839,10630.48507081476,113.04850708147606,0.0,12632.484919637314,17.32,0.64,0.0,0.0,5.0,0.6449628755448891
2405,11,train_0581,12111.581154050964,10374.271782712683,87.42717827126836,0.0,12199.008332322232,16.16,0.7,0.0,0.0,5.0,0.6449628755448891
2406,11,train_0570,12167.95335249875,10309.325643031549,80.93256430315488,0.0,12248.885916801904,15.06,0.6,0.0,0.0,5.0,0.6449628755448891
2407,11,train_0398,11900.046449822505,10109.727949884804,60.97279498848039,0.0,11961.019244810985,14.04,0.56,0.0,0.0,5.0,0.6449628755448891
2408,11,train_0585,12738.496454989594,10319.962808040204,81.99628080402036,0.0,12820.492735793614,14.56,0.58,0.0,0.0,5.0,0.6449628755448891
2409,11,train_0133,12510.254857827611,10448.009554620585,94.80095546205848,0.0,12605.05581328967,18.42,0.6,0.0,0.0,5.0,0.6449628755448891
2410,11,train_0012,12655.081067070338,10604.394635432207,110.43946354322071,0.0,12765.520530613558,17.1,0.66,0.0,0.0,5.0,0.6449628755448891
2411,11,train_0409,12912.132693112304,10589.424349814786,108.94243498147863,0.0,13021.075128093782,18.82,0.76,0.0,0.0,5.0,0.6449628755448891
2412,11,train_0567,13012.843026413013,10912.312506612197,141.23125066121975,0.0,13154.074277074233,16.66,0.54,0.0,0.0,5.0,0.6449628755448891
2413,11,train_0007,12857.615800998336,11041.477374854752,154.14773748547523,0.0,13011.76353848381,16.7,0.54,0.0,0.0,5.0,0.6449628755448891
2414,11,train_0531,12831.352958019394,10360.24603826704,86.02460382670398,0.0,12917.377561846097,17.92,0.74,0.0,0.0,5.0,0.6449628755448891
2415,11,train_0446,12072.02183492277,10237.297846872792,73.72978468727925,0.0,12145.75161961005,14.62,0.72,0.0,0.0,5.0,0.6449628755448891
2416,11,train_0448,12486.215913902528,10309.303162039612,80.93031620396124,0.0,12567.14623010649,15.18,0.64,0.0,0.0,5.0,0.6449628755448891
2417,11,train_0187,12034.84928645544,10514.523520330195,101.45235203301945,0.0,12136.301638488458,13.86,0.62,0.0,0.0,5.0,0.6449628755448891
2418,11,train_0494,12112.210271124479,10392.245186284454,89.22451862844537,0.0,12201.434789752924,15.46,0.68,0.0,0.0,5.0,0.6449628755448891
2419,11,train_0407,12460.678194900154,10338.066876408242,83.80668764082421,0.0,12544.484882540979,16.84,0.62,0.0,0.0,5.0,0.6449628755448891
2420,11,train_0492,12074.431974080107,10410.685947041857,91.06859470418567,0.0,12165.500568784293,15.24,0.7,0.0,0.0,5.0,0.6449628755448891
2421,11,train_0573,11990.61562190018,10389.65712018623,88.96571201862298,0.0,12079.581333918803,15.5,0.64,0.0,0.0,5.0,0.6449628755448891
2422,11,train_0312,12119.608661568698,10323.723323211309,82.37233232113086,0.0,12201.980993889829,16.24,0.62,0.0,0.0,5.0,0.6449628755448891
2423,11,train_0593,12168.901389399085,10437.09685793738,93.70968579373803,0.0,12262.611075192823,14.16,0.72,0.0,0.0,5.0,0.6449628755448891
2424,11,train_0200,12476.970347499684,10254.12748140045,75.41274814004501,0.0,12552.383095639729,16.5,0.68,0.0,0.0,5.0,0.6449628755448891
2425,11,train_0333,12689.868870599003,10556.503486058213,105.65034860582128,0.0,12795.519219204823,15.38,0.68,0.0,0.0,5.0,0.6449628755448891
2426,11,train_0550,12096.713546864257,10600.370444238502,110.03704442385025,0.0,12206.750591288108,17.54,0.62,0.0,0.0,5.0,0.6449628755448891
2427,11,train_0041,12378.442575737025,10305.34165975863,80.53416597586293,0.0,12458.976741712888,15.54,0.66,0.0,0.0,5.0,0.6449628755448891
2428,11,train_0155,12416.238364182267,10784.576069392586,128.4576069392586,0.0,12544.695971121526,16.92,0.52,0.0,0.0,5.0,0.6449628755448891
2429,11,train_0037,12635.33226018781,10892.791715289472,139.27917152894716,0.0,12774.611431716758,18.26,0.66,0.0,0.0,5.0,0.6449628755448891
2430,11,train_0423,12573.909890540557,9879.443026552679,37.9443026552679,0.0,12611.854193195824,18.48,0.74,0.0,0.0,5.0,0.6449628755448891
2431,11,train_0162,11758.157679840991,9950.79374872104,45.07937487210402,0.0,11803.237054713096,15.88,0.58,0.0,0.0,5.0,0.6449628755448891
2432,11,train_0096,12522.16536451895,10514.437462379314,101.44374623793138,0.0,12623.609110756883,17.02,0.68,0.0,0.0,5.0,0.6449628755448891
2433,11,train_0056,11699.705254557122,9943.071792358802,44.30717923588018,0.0,11744.012433793003,16.64,0.64,0.0,0.0,5.0,0.6449628755448891
2434,11,train_0443,12625.690809860978,10891.330334917013,139.1330334917013,0.0,12764.82384335268,16.48,0.68,0.0,0.0,5.0,0.6449628755448891
2435,11,train_0172,12041.1866444468,10663.177216874385,116.31772168743846,0.0,12157.504366134239,17.46,0.54,0.0,0.0,5.0,0.6449628755448891
2436,11,train_0564,12576.59057703495,10265.244947586049,76.52449475860486,0.0,12653.115071793554,16.5,0.62,0.0,0.0,5.0,0.6449628755448891
2437,11,train_0531,12495.012531558237,10210.438371860842,71.04383718608425,0.0,12566.056368744321,16.7,0.7,0.0,0.0,5.0,0.6449628755448891
2438,11,train_0203,12775.897139718614,10882.039449633725,138.2039449633725,0.0,12914.101084681986,13.4,0.64,0.0,0.0,5.0,0.6449628755448891
2439,11,train_0184,12191.345570638303,10558.826497155464,105.88264971554636,0.0,12297.228220353849,17.1,0.72,0.0,0.0,5.0,0.6449628755448891
2440,11,train_0529,12389.135964595844,10459.741234680405,95.97412346804049,0.0,12485.110088063884,16.52,0.68,0.0,0.0,5.0,0.6449628755448891
2441,11,train_0197,12531.79888414338,10444.084428961458,94.4084428961458,0.0,12626.207327039525,15.42,0.6,0.0,0.0,5.0,0.6449628755448891
2442,11,train_0348,12419.628715255383,10668.796003953137,116.87960039531373,0.0,12536.508315650697,15.06,0.62,0.0,0.0,5.0,0.6449628755448891
2443,11,train_0498,12361.340094229658,10748.449585512484,124.84495855124842,0.0,12486.185052780906,14.12,0.62,0.0,0.0,5.0,0.6449628755448891
2444,11,train_0514,12010.904128458036,10590.358298047904,109.03582980479041,0.0,12119.939958262827,15.26,0.64,0.0,0.0,5.0,0.6449628755448891
2445,11,train_0456,12462.299131717671,9992.832463251238,49.28324632512377,0.0,12511.582378042795,15.06,0.62,0.0,0.0,5.0,0.6449628755448891
2446,11,train_0365,12853.770394835756,10527.524471830673,102.75244718306732,0.0,12956.522842018823,14.9,0.6,0.0,0.0,5.0,0.6449628755448891
2447,11,train_0193,12228.114568664841,10663.105827806772,116.31058278067722,0.0,12344.425151445519,15.26,0.6,0.0,0.0,5.0,0.6449628755448891
2448,12,train_0144,12526.060779553747,10876.443293276756,137.6443293276756,0.0,12663.705108881422,14.08,0.68,0.0,0.0,5.0,0.6449628755448891
2449,12,train_0301,12718.831300147847,10780.189362693174,128.01893626931744,0.0,12846.850236417165,15.84,0.6,0.0,0.0,5.0,0.6449628755448891
2450,12,train_0594,12060.690983176002,10051.928404867966,55.19284048679656,0.0,12115.883823662798,18.76,0.6,0.0,0.0,5.0,0.6449628755448891
2451,12,train_0336,12222.571883133842,10370.039883070953,87.00398830709528,0.0,12309.575871440937,15.56,0.68,0.0,0.0,5.0,0.6449628755448891
2452,12,train_0239,12521.606944177205,10281.467160204247,78.14671602042472,0.0,12599.75366019763,14.82,0.6,0.0,0.0,5.0,0.6449628755448891
2453,12,train_0433,12426.637761805563,9984.610412771875,48.46104127718755,0.0,12475.09880308275,16.04,0.62,0.0,0.0,5.0,0.6449628755448891
2454,12,train_0090,12312.236142324666,10411.511053289261,91.15110532892614,0.0,12403.387247653593,14.66,0.52,0.0,0.0,5.0,0.6449628755448891
2455,12,train_0080,12806.781269226469,10507.397718379827,100.7397718379827,0.0,12907.521041064452,14.76,0.54,0.0,0.0,5.0,0.6449628755448891
2456,12,train_0220,12418.928628311081,10515.695515827458,101.56955158274577,0.0,12520.498179893828,16.54,0.7,0.0,0.0,5.0,0.6449628755448891
2457,12,train_0452,12196.500417715615,10273.64884547386,77.36488454738593,0.0,12273.865302263,15.18,0.66,0.0,0.0,5.0,0.6449628755448891
2458,12,train_0507,12112.327379846329,10834.781323053388,133.47813230533885,0.0,12245.805512151668,16.14,0.56,0.0,0.0,5.0,0.6449628755448891
2459,12,train_0058,12203.276536427844,9906.257985225378,40.62579852253785,0.0,12243.902334950382,15.26,0.64,0.0,0.0,5.0,0.6449628755448891
2460,12,train_0084,11924.020795363234,10262.572778438283,76.25727784382835,0.0,12000.278073207062,17.56,0.72,0.0,0.0,5.0,0.6449628755448891
2461,12,train_0352,11906.482380833964,10104.379238137411,60.43792381374115,0.0,11966.920304647705,16.32,0.64,0.0,0.0,5.0,0.6449628755448891
2462,12,train_0443,12920.63257418589,10808.84348373088,130.88434837308796,0.0,13051.516922558978,16.64,0.6,0.0,0.0,5.0,0.6449628755448891
2463,12,train_0567,13010.255291448235,10994.159104656523,149.41591046565227,0.0,13159.671201913887,16.44,0.66,0.0,0.0,5.0,0.6449628755448891
2464,12,train_0248,12552.811875870188,10247.175687921772,74.71756879217719,0.0,12627.529444662365,16.44,0.52,0.0,0.0,5.0,0.6449628755448891
2465,12,train_0102,12366.59720996751,10481.16598368451,98.11659836845102,0.0,12464.71380833596,14.58,0.7,0.0,0.0,5.0,0.6449628755448891
2466,12,train_0151,12784.669324223505,10167.049233729147,66.7049233729147,0.0,12851.374247596419,13.74,0.72,0.0,0.0,5.0,0.6449628755448891
2467,12,train_0464,12197.968642475153,10417.150513691044,91.71505136910437,0.0,12289.683693844258,15.88,0.66,0.0,0.0,5.0,0.6449628755448891
2468,12,train_0394,12661.393723539664,10339.246824457692,83.92468244576922,0.0,12745.318405985434,14.4,0.62,0.0,0.0,5.0,0.6449628755448891
2469,12,train_0234,12301.72991528894,10377.221059705036,87.72210597050362,0.0,12389.452021259445,15.3,0.58,0.0,0.0,5.0,0.6449628755448891
2470,12,train_0335,12970.51314349024,10445.228514843337,94.52285148433367,0.0,13065.035994974573,18.04,0.62,0.0,0.0,5.0,0.6449628755448891
2471,12,train_0139,12210.037620814936,10534.328495019083,103.43284950190828,0.0,12313.470470316845,14.12,0.66,0.0,0.0,5.0,0.6449628755448891
2472,12,train_0338,12474.093548150182,10383.90252189432,88.39025218943208,0.0,12562.483800339614,17.94,0.66,0.0,0.0,5.0,0.6449628755448891
2473,12,train_0308,12367.147844427558,10320.660688018106,82.06606880181062,0.0,12449.213913229369,16.44,0.64,0.0,0.0,5.0,0.6449628755448891
2474,12,train_0097,12193.682226068668,10463.987820112503,96.3987820112503,0.0,12290.081008079918,16.98,0.62,0.0,0.0,5.0,0.6449628755448891
2475,12,train_0114,12315.546942483703,10441.658639746862,94.16586397468619,0.0,12409.712806458389,15.16,0.72,0.0,0.0,5.0,0.6449628755448891
2476,12,train_0483,13039.758514616478,10475.134157888107,97.51341578881075,0.0,13137.27193040529,16.02,0.64,0.0,0.0,5.0,0.6449628755448891
2477,12,train_0267,12117.346460584862,10234.857905162673,73.4857905162673,0.0,12190.83225110113,16.12,0.7,0.0,0.0,5.0,0.6449628755448891
2478,12,train_0080,12447.57501058632,10719.992490934079,121.9992490934079,0.0,12569.574259679728,15.44,0.58,0.0,0.0,5.0,0.6449628755448891
2479,12,train_0351,12599.010947267514,10619.195681817098,111.91956818170985,0.0,12710.930515449223,16.0,0.6,0.0,0.0,5.0,0.6449628755448891
2480,12,train_0299,12084.517240271158,10466.694631285745,96.66946312857453,0.0,12181.186703399733,13.96,0.72,0.0,0.0,5.0,0.6449628755448891
2481,12,train_0462,12537.51450253183,10429.031088166952,92.90310881669521,0.0,12630.417611348526,17.6,0.52,0.0,0.0,5.0,0.6449628755448891
2482,12,train_0090,12482.30275831188,10291.883898716234,79.18838987162344,0.0,12561.491148183504,14.8,0.64,0.0,0.0,5.0,0.6449628755448891
2483,12,train_0488,12420.57598776788,10399.431164115169,89.9431164115169,0.0,12510.519104179397,14.9,0.56,0.0,0.0,5.0,0.6449628755448891
2484,12,train_0545,12095.655350685858,10557.452098796464,105.74520987964644,0.0,12201.400560565504,17.6,0.62,0.0,0.0,5.0,0.6449628755448891
2485,12,train_0533,11934.26182258431,10277.347776204948,77.7347776204948,0.0,12011.996600204806,15.86,0.54,0.0,0.0,5.0,0.6449628755448891
2486,12,train_0092,12644.185034958336,10461.006925658607,96.10069256586067,0.0,12740.285727524197,16.14,0.6,0.0,0.0,5.0,0.6449628755448891
2487,12,train_0291,12782.229790595262,10394.614740154848,89.46147401548478,0.0,12871.691264610747,15.26,0.66,0.0,0.0,5.0,0.6449628755448891
2488,12,train_0209,12080.998666810705,10777.834810632528,127.78348106325285,0.0,12208.782147873957,16.66,0.6,0.0,0.0,5.0,0.6449628755448891
2489,12,train_0548,12495.174657043923,10626.594254934687,112.65942549346875,0.0,12607.83408253739,15.64,0.62,0.0,0.0,5.0,0.6449628755448891
2490,12,train_0537,12123.194788174349,10122.815049343513,62.281504934351325,0.0,12185.4762931087,15.7,0.58,0.0,0.0,5.0,0.6449628755448891
2491,12,train_0537,11989.572632841493,10296.431578729513,79.64315787295128,0.0,12069.215790714445,17.16,0.72,0.0,0.0,5.0,0.6449628755448891
2492,12,train_0518,12434.773498396764,10237.52557482516,73.75255748251602,0.0,12508.52605587928,15.84,0.6,0.0,0.0,5.0,0.6449628755448891
2493,12,train_0293,12023.875503760166,10070.53980647572,57.05398064757192,0.0,12080.929484407738,16.18,0.7,0.0,0.0,5.0,0.6449628755448891
2494,12,train_0012,12966.655438226635,10513.693590060746,101.3693590060746,0.0,13068.024797232709,15.06,0.8,0.0,0.0,5.0,0.6449628755448891
2495,12,train_0065,12454.489436700258,10573.455816347889,107.34558163478887,0.0,12561.835018335047,13.7,0.58,0.0,0.0,5.0,0.6449628755448891
2496,12,train_0133,12376.498963108095,10500.429643042746,100.04296430427458,0.0,12476.54192741237,16.58,0.72,0.0,0.0,5.0,0.6449628755448891
2497,12,train_0218,12702.805115493047,10725.593162700057,122.55931627000574,0.0,12825.364431763053,14.88,0.54,0.0,0.0,5.0,0.6449628755448891
2498,12,train_0311,12230.795058296892,10702.189445290027,120.2189445290027,0.0,12351.014002825894,16.76,0.7,0.0,0.0,5.0,0.6449628755448891
2499,12,train_0447,12342.917883441178,10451.591709962919,95.15917099629188,0.0,12438.07705443747,15.44,0.74,0.0,0.0,5.0,0.6449628755448891
2500,12,train_0139,12120.181759932597,10463.534301435062,96.3534301435062,0.0,12216.535190076103,15.84,0.6,0.0,0.0,5.0,0.6449628755448891
2501,12,train_0336,12028.315353466562,10511.384957808621,101.13849578086212,0.0,12129.453849247424,15.48,0.6,0.0,0.0,5.0,0.6449628755448891
2502,12,train_0288,11994.150175670737,9705.327050449701,20.532705044970136,0.0,12014.682880715707,16.3,0.58,0.0,0.0,5.0,0.6449628755448891
2503,12,train_0112,12468.944252118832,10468.11082650599,96.81108265059902,0.0,12565.75533476943,16.68,0.68,0.0,0.0,5.0,0.6449628755448891
2504,12,train_0147,12539.973791318627,10647.644113330249,114.76441133302488,0.0,12654.738202651652,17.6,0.64,0.0,0.0,5.0,0.6449628755448891
2505,12,train_0516,12510.313277813519,10613.377911799824,111.33779117998239,0.0,12621.6510689935,15.26,0.58,0.0,0.0,5.0,0.6449628755448891
2506,12,train_0288,12211.552775998796,9881.395506605628,38.13955066056278,0.0,12249.692326659359,17.32,0.64,0.0,0.0,5.0,0.6449628755448891
2507,12,train_0387,12397.224113411487,9996.028526851904,49.60285268519038,0.0,12446.826966096676,15.02,0.66,0.0,0.0,5.0,0.6449628755448891
2508,12,train_0210,12160.9068127784,10123.804476599005,62.38044765990053,0.0,12223.2872604383,14.84,0.58,0.0,0.0,5.0,0.6449628755448891
2509,12,train_0077,12249.592803660835,10226.000955826305,72.60009558263046,0.0,12322.192899243466,15.7,0.62,0.0,0.0,5.0,0.6449628755448891
2510,12,train_0165,12293.591044535402,10175.475368632731,67.54753686327312,0.0,12361.138581398674,16.14,0.72,0.0,0.0,5.0,0.6449628755448891
2511,12,train_0492,12324.419393135859,10426.289051675953,92.62890516759526,0.0,12417.048298303454,16.96,0.74,0.0,0.0,5.0,0.6449628755448891
2512,12,train_0527,12378.956106545967,10315.429349184327,81.54293491843274,0.0,12460.4990414644,15.62,0.6,0.0,0.0,5.0,0.6449628755448891
2513,12,train_0308,12226.05101168904,10446.31907563157,94.63190756315709,0.0,12320.682919252196,17.28,0.62,0.0,0.0,5.0,0.6449628755448891
2514,12,train_0388,12400.454126364122,10506.663213608854,100.66632136088538,0.0,12501.120447725007,14.12,0.68,0.0,0.0,5.0,0.6449628755448891
2515,12,train_0214,12320.555133031785,10053.520575762343,55.35205757623426,0.0,12375.907190608019,15.94,0.48,0.0,0.0,5.0,0.6449628755448891
2516,12,train_0538,12590.582050962277,10559.908678628324,105.99086786283243,0.0,12696.57291882511,15.8,0.68,0.0,0.0,5.0,0.6449628755448891
2517,12,train_0314,12231.808267005523,10470.332357511003,97.03323575110026,0.0,12328.841502756623,15.94,0.52,0.0,0.0,5.0,0.6449628755448891
2518,12,train_0387,12109.394612671524,9943.98560825079,44.398560825079045,0.0,12153.793173496602,16.44,0.68,0.0,0.0,5.0,0.6449628755448891
2519,12,train_0324,12540.771266879747,10089.5131624879,58.95131624878996,0.0,12599.722583128536,14.68,0.64,0.0,0.0,5.0,0.6449628755448891
2520,12,train_0328,12480.00811603685,10572.750230305268,107.2750230305268,0.0,12587.283139067376,15.42,0.58,0.0,0.0,5.0,0.6449628755448891
2521,12,train_0586,12295.553956181484,10587.851686589383,108.78516865893835,0.0,12404.339124840422,17.5,0.68,0.0,0.0,5.0,0.6449628755448891
2522,12,train_0314,12549.305080705326,10067.560585539992,56.756058553999175,0.0,12606.061139259326,15.98,0.5,0.0,0.0,5.0,0.6449628755448891
2523,12,train_0410,12424.917317591451,10684.488623931813,118.4488623931813,0.0,12543.366179984632,18.3,0.5,0.0,0.0,5.0,0.6449628755448891
2524,12,train_0252,12399.919437616609,9772.535786277407,27.25357862774072,0.0,12427.17301624435,15.98,0.6,0.0,0.0,5.0,0.6449628755448891
2525,12,train_0164,12101.007220927295,10286.772922997709,78.67729229977085,0.0,12179.684513227066,15.38,0.7,0.0,0.0,5.0,0.6449628755448891
2526,12,train_0088,12419.227196868662,10478.26841323316,97.82684132331597,0.0,12517.054038191978,15.28,0.6,0.0,0.0,5.0,0.6449628755448891
2527,12,train_0250,12155.018981766094,10398.092948337438,89.80929483374385,0.0,12244.828276599837,16.5,0.62,0.0,0.0,5.0,0.6449628755448891
2528,12,train_0346,12984.608111561114,10475.641276225422,97.56412762254223,0.0,13082.172239183656,17.1,0.68,0.0,0.0,5.0,0.6449628755448891
2529,12,train_0067,12320.4216916952,10061.352130098538,56.135213009853764,0.0,12376.556904705052,18.82,0.74,0.0,0.0,5.0,0.6449628755448891
2530,12,train_0570,12151.585700942236,10375.549416228818,87.55494162288178,0.0,12239.140642565118,14.96,0.6,0.0,0.0,5.0,0.6449628755448891
2531,12,train_0212,12129.67901704162,10580.680110156609,108.06801101566089,0.0,12237.747028057282,15.8,0.62,0.0,0.0,5.0,0.6449628755448891
2532,12,train_0568,12801.773700524238,10463.013122242504,96.30131222425044,0.0,12898.075012748488,14.98,0.66,0.0,0.0,5.0,0.6449628755448891
2533,12,train_0484,12896.912683679784,10156.586625187956,65.65866251879561,0.0,12962.57134619858,13.52,0.64,0.0,0.0,5.0,0.6449628755448891
2534,12,train_0066,12260.86808162238,10856.733752054266,135.6733752054266,0.0,12396.541456827807,17.36,0.52,0.0,0.0,5.0,0.6449628755448891
2535,12,train_0242,12505.971343876046,10561.812569983447,106.18125699834474,0.0,12612.152600874391,14.0,0.62,0.0,0.0,5.0,0.6449628755448891
2536,12,train_0080,12288.434689150738,10997.334672664383,149.7334672664383,0.0,12438.168156417176,15.98,0.7,0.0,0.0,5.0,0.6449628755448891
2537,12,train_0485,12023.966019706226,10124.512919657813,62.45129196578128,0.0,12086.417311672007,16.66,0.68,0.0,0.0,5.0,0.6449628755448891
2538,12,train_0202,12460.661342677802,10370.405569620129,87.04055696201286,0.0,12547.701899639815,16.22,0.56,0.0,0.0,5.0,0.6449628755448891
2539,12,train_0188,12384.987263122806,10509.826757309482,100.98267573094819,0.0,12485.969938853754,14.82,0.56,0.0,0.0,5.0,0.6449628755448891
2540,12,train_0469,12681.408269354086,10939.954801613232,143.99548016132323,0.0,12825.40374951541,15.38,0.56,0.0,0.0,5.0,0.6449628755448891
2541,12,train_0373,12654.023615733066,10592.799430354582,109.2799430354582,0.0,12763.303558768524,16.6,0.74,0.0,0.0,5.0,0.6449628755448891
2542,12,train_0006,12475.605132836969,10035.943776523494,53.594377652349436,0.0,12529.199510489318,16.4,0.72,0.0,0.0,5.0,0.6449628755448891
2543,12,train_0044,12595.220931622935,10607.453549621903,110.74535496219033,0.0,12705.966286585124,16.14,0.64,0.0,0.0,5.0,0.6449628755448891
2544,12,train_0016,12310.713009912706,10356.254504366843,85.62545043668433,0.0,12396.33846034939,17.24,0.74,0.0,0.0,5.0,0.6449628755448891
2545,12,train_0080,12495.704603533084,10918.813878497114,141.88138784971144,0.0,12637.585991382795,15.24,0.72,0.0,0.0,5.0,0.6449628755448891
2546,12,train_0258,12944.275196045624,10591.27160974714,109.12716097471403,0.0,13053.402357020339,14.64,0.72,0.0,0.0,5.0,0.6449628755448891
2547,12,train_0245,11938.906741337616,10158.373968029158,65.83739680291583,0.0,12004.744138140532,14.84,0.72,0.0,0.0,5.0,0.6449628755448891
2548,12,train_0212,12098.2492495554,10498.241559774131,99.82415597741311,0.0,12198.073405532812,14.84,0.68,0.0,0.0,5.0,0.6449628755448891
2549,12,train_0550,12261.237482676104,10447.908351005943,94.79083510059428,0.0,12356.028317776698,17.92,0.64,0.0,0.0,5.0,0.6449628755448891
2550,12,train_0338,12458.217878492545,10376.230797122042,87.62307971220417,0.0,12545.84095820475,16.38,0.56,0.0,0.0,5.0,0.6449628755448891
2551,12,train_0427,12296.65608182256,10442.28157449027,94.22815744902692,0.0,12390.884239271587,16.96,0.76,0.0,0.0,5.0,0.6449628755448891
2552,12,train_0104,12318.422842947937,10648.830693394577,114.88306933945769,0.0,12433.305912287395,17.6,0.62,0.0,0.0,5.0,0.6449628755448891
2553,12,train_0132,12436.079924623282,10694.3340844769,119.4334084476901,0.0,12555.513333070972,17.4,0.46,0.0,0.0,5.0,0.6449628755448891
2554,12,train_0150,12218.055172669972,10387.256934962035,88.72569349620353,0.0,12306.780866166177,16.02,0.64,0.0,0.0,5.0,0.6449628755448891
2555,12,train_0178,12076.519568023887,10486.923469346519,98.69234693465188,0.0,12175.211914958538,15.78,0.78,0.0,0.0,5.0,0.6449628755448891
2556,12,train_0435,12019.091443649708,10019.43371063294,51.94337106329404,0.0,12071.034814713003,15.4,0.68,0.0,0.0,5.0,0.6449628755448891
2557,12,train_0026,12336.826718499557,9914.955085315923,41.49550853159235,0.0,12378.322227031149,15.1,0.64,0.0,0.0,5.0,0.6449628755448891
2558,12,train_0044,12638.54445531664,10827.468526029903,132.7468526029903,0.0,12771.29130791963,16.62,0.66,0.0,0.0,5.0,0.6449628755448891
2559,12,train_0384,12030.576478152992,10396.413731681052,89.6413731681052,0.0,12120.217851321098,15.62,0.62,0.0,0.0,5.0,0.6449628755448891
2560,12,train_0081,12147.809242341518,10428.574488145805,92.8574488145805,0.0,12240.666691156099,17.08,0.68,0.0,0.0,5.0,0.6449628755448891
2561,12,train_0568,12784.675740156632,10680.94107337886,118.0941073378861,0.0,12902.769847494517,13.76,0.7,0.0,0.0,5.0,0.6449628755448891
2562,12,train_0016,12268.05458579147,10633.421031456664,113.34210314566644,0.0,12381.396688937137,15.92,0.64,0.0,0.0,5.0,0.6449628755448891
2563,12,train_0385,12775.06048469229,11224.468302627047,172.44683026270468,0.0,12947.507314954995,16.44,0.62,0.0,0.0,5.0,0.6449628755448891
2564,12,train_0239,12230.422773427534,10581.333053434288,108.13330534342877,0.0,12338.556078770962,14.88,0.74,0.0,0.0,5.0,0.6449628755448891
2565,12,train_0453,12547.745019919785,10189.987066396665,68.9987066396665,0.0,12616.74372655945,16.98,0.72,0.0,0.0,5.0,0.6449628755448891
2566,12,train_0543,12472.603083063492,10553.64170272372,105.36417027237204,0.0,12577.967253335864,15.0,0.6,0.0,0.0,5.0,0.6449628755448891
2567,12,train_0227,12712.171452135895,10351.097037936539,85.1097037936539,0.0,12797.28115592955,17.16,0.66,0.0,0.0,5.0,0.6449628755448891
2568,12,train_0368,12246.33328676506,10758.976825086584,125.89768250865836,0.0,12372.230969273718,14.8,0.68,0.0,0.0,5.0,0.6449628755448891
2569,12,train_0468,12192.848074385241,10302.277371636843,80.2277371636843,0.0,12273.075811548926,15.42,0.8,0.0,0.0,5.0,0.6449628755448891
2570,12,train_0280,12596.068937496202,10292.170222562034,79.21702225620339,0.0,12675.285959752406,16.24,0.62,0.0,0.0,5.0,0.6449628755448891
2571,12,train_0293,12234.820578320086,9979.155595022094,47.91555950220936,0.0,12282.736137822296,16.82,0.64,0.0,0.0,5.0,0.6449628755448891
2572,12,train_0226,11988.04387225097,10367.219623202203,86.72196232022034,0.0,12074.76583457119,15.84,0.66,0.0,0.0,5.0,0.6449628755448891
2573,12,train_0426,12083.070351364824,10429.856475689916,92.9856475689916,0.0,12176.055998933816,17.98,0.66,0.0,0.0,5.0,0.6449628755448891
2574,12,train_0580,12613.420838601363,10557.586264675381,105.75862646753814,0.0,12719.1794650689,16.66,0.72,0.0,0.0,5.0,0.6449628755448891
2575,12,train_0155,12124.495076877656,10831.469493199114,133.14694931991144,0.0,12257.642026197567,14.78,0.62,0.0,0.0,5.0,0.6449628755448891
2576,12,train_0166,12194.716981045463,9884.628537741755,38.46285377417553,0.0,12233.179834819639,14.48,0.66,0.0,0.0,5.0,0.6449628755448891
2577,12,train_0422,12464.712589663362,10585.168156022384,108.51681560223842,0.0,12573.229405265602,14.48,0.76,0.0,0.0,5.0,0.6449628755448891
2578,12,train_0224,12359.681921020428,10340.667260821941,84.06672608219415,0.0,12443.748647102622,14.94,0.6,0.0,0.0,5.0,0.6449628755448891
2579,12,train_0140,12097.644033879498,10191.758618616537,69.17586186165373,0.0,12166.819895741151,14.22,0.6,0.0,0.0,5.0,0.6449628755448891
2580,12,train_0039,12746.191731978273,10573.226232330127,107.32262323301275,0.0,12853.514355211286,17.68,0.68,0.0,0.0,5.0,0.6449628755448891
2581,12,train_0201,12424.371737741574,10164.87457614658,66.48745761465798,0.0,12490.859195356232,16.8,0.68,0.0,0.0,5.0,0.6449628755448891
2582,12,train_0302,12307.123849503161,10722.246792972444,122.22467929724445,0.0,12429.348528800405,15.02,0.7,0.0,0.0,5.0,0.6449628755448891
2583,12,train_0170,11814.42325799852,10297.8984209537,79.78984209536993,0.0,11894.21310009389,17.16,0.54,0.0,0.0,5.0,0.6449628755448891
2584,12,train_0428,12757.978441752977,10409.616092942662,90.96160929426624,0.0,12848.940051047244,16.4,0.46,0.0,0.0,5.0,0.6449628755448891
2585,12,train_0262,12282.406811753694,10591.32078942928,109.13207894292792,0.0,12391.538890696622,16.3,0.62,0.0,0.0,5.0,0.6449628755448891
2586,12,train_0197,12677.287858604657,10511.572968067481,101.15729680674814,0.0,12778.445155411406,16.34,0.68,0.0,0.0,5.0,0.6449628755448891
2587,12,train_0129,12763.646582148316,10802.409682145815,130.24096821458153,0.0,12893.887550362897,15.86,0.7,0.0,0.0,5.0,0.6449628755448891
2588,12,train_0242,12501.765192105791,11207.123285230053,170.71232852300528,0.0,12672.477520628796,14.8,0.64,0.0,0.0,5.0,0.6449628755448891
2589,12,train_0362,12266.057463321578,10350.126485205095,85.01264852050954,0.0,12351.070111842087,16.8,0.64,0.0,0.0,5.0,0.6449628755448891
2590,12,train_0358,12609.705807071003,10571.248667085221,107.12486670852213,0.0,12716.830673779525,16.24,0.72,0.0,0.0,5.0,0.6449628755448891
2591,12,train_0387,12130.013024346554,10011.087872336646,51.10878723366459,0.0,12181.121811580218,16.26,0.66,0.0,0.0,5.0,0.6449628755448891
2592,12,train_0227,13125.492911774021,10355.601179225661,85.56011792256614,0.0,13211.053029696588,16.58,0.66,0.0,0.0,5.0,0.6449628755448891
2593,12,train_0136,12137.236348560884,10596.515762883993,109.65157628839934,0.0,12246.887924849283,17.66,0.66,0.0,0.0,5.0,0.6449628755448891
2594,12,train_0595,11792.175169960674,10246.709500538691,74.67095005386909,0.0,11866.846120014543,17.46,0.68,0.0,0.0,5.0,0.6449628755448891
2595,12,train_0463,11934.346988650796,10093.214920758237,59.3214920758237,0.0,11993.66848072662,16.38,0.72,0.0,0.0,5.0,0.6449628755448891
2596,12,train_0539,12370.341857106083,10012.115197733085,51.21151977330847,0.0,12421.553376879392,14.2,0.66,0.0,0.0,5.0,0.6449628755448891
2597,12,train_0398,12046.809447097807,10189.088455428482,68.90884554284821,0.0,12115.718292640655,14.74,0.68,0.0,0.0,5.0,0.6449628755448891
2598,12,train_0485,11782.87691957071,10315.874026861562,81.58740268615621,0.0,11864.464322256867,16.46,0.7,0.0,0.0,5.0,0.6449628755448891
2599,12,train_0574,12461.70958552281,10459.664689887042,95.96646898870422,0.0,12557.676054511516,14.94,0.6,0.0,0.0,5.0,0.6449628755448891
2600,12,train_0187,12284.528854022197,10360.331187434738,86.03311874347384,0.0,12370.56197276567,16.52,0.7,0.0,0.0,5.0,0.6449628755448891
2601,12,train_0519,12736.536129882841,10770.775967747148,127.07759677471478,0.0,12863.613726657555,18.24,0.66,0.0,0.0,5.0,0.6449628755448891
2602,12,train_0347,12526.631924689074,10129.221144625617,62.922114462561694,0.0,12589.554039151637,16.88,0.52,0.0,0.0,5.0,0.6449628755448891
2603,12,train_0567,13143.333092376097,10781.090607228645,128.10906072286454,0.0,13271.442153098962,15.52,0.56,0.0,0.0,5.0,0.6449628755448891
2604,12,train_0566,12160.847333742902,9836.629170258759,33.66291702587587,0.0,12194.510250768779,14.8,0.62,0.0,0.0,5.0,0.6449628755448891
2605,12,train_0553,11682.273669022497,10215.228302339478,71.52283023394776,0.0,11753.796499256445,16.08,0.72,0.0,0.0,5.0,0.6449628755448891
2606,12,train_0554,12203.822804987274,10333.1090696684,83.31090696684005,0.0,12287.133711954115,13.66,0.62,0.0,0.0,5.0,0.6449628755448891
2607,12,train_0543,12458.56193106332,10297.210907920424,79.72109079204239,0.0,12538.28302185536,15.7,0.56,0.0,0.0,5.0,0.6449628755448891
2608,12,train_0401,11971.739973929441,10127.422123576387,62.742212357638714,0.0,12034.48218628708,16.46,0.76,0.0,0.0,5.0,0.6449628755448891
2609,12,train_0590,12424.315160845646,10238.474801690492,73.84748016904923,0.0,12498.162641014696,17.52,0.54,0.0,0.0,5.0,0.6449628755448891
2610,12,train_0549,12456.548772722575,10400.305642881653,90.03056428816527,0.0,12546.57933701074,16.0,0.68,0.0,0.0,5.0,0.6449628755448891
2611,12,train_0573,12032.87156006628,9923.801440099607,42.380144009960716,0.0,12075.251704076241,15.62,0.64,0.0,0.0,5.0,0.6449628755448891
2612,12,train_0309,12731.482898885737,10183.790745967981,68.37907459679809,0.0,12799.861973482535,13.3,0.66,0.0,0.0,5.0,0.6449628755448891
2613,12,train_0213,12065.742332636579,10502.584871497957,100.25848714979566,0.0,12166.000819786375,16.84,0.66,0.0,0.0,5.0,0.6449628755448891
2614,12,train_0102,12234.502903855719,10192.888957766008,69.28889577660084,0.0,12303.79179963232,14.02,0.64,0.0,0.0,5.0,0.6449628755448891
2615,12,train_0079,12363.12702745587,10490.0442537222,99.00442537222007,0.0,12462.131452828091,16.48,0.74,0.0,0.0,5.0,0.6449628755448891
2616,12,train_0403,12649.222512355649,10722.612529394743,122.26125293947426,0.0,12771.483765295123,14.58,0.6,0.0,0.0,5.0,0.6449628755448891
2617,12,train_0558,13240.005925189893,10467.616452326816,96.76164523268163,0.0,13336.767570422575,15.06,0.58,0.0,0.0,5.0,0.6449628755448891
2618,12,train_0394,12339.461143502762,10339.305743666022,83.9305743666022,0.0,12423.391717869365,15.12,0.56,0.0,0.0,5.0,0.6449628755448891
2619,12,train_0187,12366.456445064774,10308.510132543206,80.8510132543206,0.0,12447.307458319094,15.72,0.58,0.0,0.0,5.0,0.6449628755448891
2620,12,train_0112,12239.893230482428,10434.336013064589,93.43360130645888,0.0,12333.326831788887,17.1,0.64,0.0,0.0,5.0,0.6449628755448891
2621,12,train_0519,12331.852796877642,10623.32460714973,112.33246071497307,0.0,12444.185257592615,18.18,0.62,0.0,0.0,5.0,0.6449628755448891
2622,12,train_0024,11873.008675946487,10215.650204398635,71.56502043986347,0.0,11944.57369638635,16.66,0.66,0.0,0.0,5.0,0.6449628755448891
2623,12,train_0597,12370.869153297108,10543.593796051047,104.35937960510473,0.0,12475.228532902212,15.9,0.64,0.0,0.0,5.0,0.6449628755448891
2624,12,train_0106,12851.720944469074,10766.70753140916,126.67075314091599,0.0,12978.39169760999,16.84,0.6,0.0,0.0,5.0,0.6449628755448891
2625,12,train_0372,12316.768511174778,10929.503584702165,142.95035847021646,0.0,12459.718869644994,16.54,0.76,0.0,0.0,5.0,0.6449628755448891
2626,12,train_0504,12400.355106526255,10256.213279667812,75.62132796678125,0.0,12475.976434493035,14.96,0.62,0.0,0.0,5.0,0.6449628755448891
2627,12,train_0171,13130.979939686455,10419.694950412728,91.9694950412728,0.0,13222.949434727727,16.16,0.68,0.0,0.0,5.0,0.6449628755448891
2628,12,train_0040,12403.207545131745,10715.31993883219,121.531993883219,0.0,12524.739539014965,18.04,0.66,0.0,0.0,5.0,0.6449628755448891
2629,12,train_0398,12106.741342150104,10136.182536241959,63.61825362419586,0.0,12170.3595957743,13.54,0.58,0.0,0.0,5.0,0.6449628755448891
2630,12,train_0539,11926.759233026529,10296.488204701189,79.64882047011889,0.0,12006.408053496647,14.84,0.66,0.0,0.0,5.0,0.6449628755448891
2631,12,train_0506,12366.82394864094,10114.938646483157,61.493864648315686,0.0,12428.317813289255,15.56,0.56,0.0,0.0,5.0,0.6449628755448891
2632,12,train_0254,12619.769039493965,10180.74239193089,68.07423919308894,0.0,12687.843278687054,16.34,0.6,0.0,0.0,5.0,0.6449628755448891
2633,12,train_0102,12092.140104902266,10369.577198327741,86.9577198327741,0.0,12179.09782473504,14.2,0.6,0.0,0.0,5.0,0.6449628755448891
2634,12,train_0115,12461.39683345799,10828.230846493701,132.82308464937014,0.0,12594.21991810736,15.4,0.7,0.0,0.0,5.0,0.6449628755448891
2635,12,train_0526,12142.802050876111,10445.227853608398,94.52278536083978,0.0,12237.32483623695,14.36,0.72,0.0,0.0,5.0,0.6449628755448891
2636,12,train_0318,12216.526947431394,10693.497525629144,119.34975256291438,0.0,12335.876699994307,18.18,0.58,0.0,0.0,5.0,0.6449628755448891
2637,12,train_0431,12245.37771119758,10298.734607078084,79.87346070780842,0.0,12325.251171905387,16.54,0.64,0.0,0.0,5.0,0.6449628755448891
2638,12,train_0483,13067.468119090483,10324.531419170846,82.45314191708458,0.0,13149.921261007568,14.88,0.66,0.0,0.0,5.0,0.6449628755448891
2639,12,train_0553,11810.603892467305,10112.302489899846,61.23024898998465,0.0,11871.83414145729,16.3,0.68,0.0,0.0,5.0,0.6449628755448891
2640,12,train_0170,12098.792723954328,10190.200496630088,69.02004966300883,0.0,12167.812773617337,18.32,0.62,0.0,0.0,5.0,0.6449628755448891
2641,12,train_0207,11912.219226727912,10310.567294336903,81.05672943369028,0.0,11993.275956161602,15.6,0.56,0.0,0.0,5.0,0.6449628755448891
2642,12,train_0360,11987.455533324244,10761.778824511308,126.1778824511308,0.0,12113.633415775375,16.78,0.62,0.0,0.0,5.0,0.6449628755448891
2643,12,train_0546,12443.272928741251,10172.786005230071,67.27860052300711,0.0,12510.551529264258,19.26,0.84,0.0,0.0,5.0,0.6449628755448891
2644,12,train_0501,12509.082228053683,10703.610345008323,120.36103450083229,0.0,12629.443262554516,18.28,0.6,0.0,0.0,5.0,0.6449628755448891
2645,12,train_0110,12131.165146814252,10590.226274910405,109.02262749104048,0.0,12240.187774305292,18.24,0.68,0.0,0.0,5.0,0.6449628755448891
2646,12,train_0530,12389.997584775658,10822.267521549356,132.22675215493564,0.0,12522.224336930594,16.32,0.5,0.0,0.0,5.0,0.6449628755448891
2647,12,train_0435,12024.763261926097,10353.83231990942,85.38323199094194,0.0,12110.146493917038,16.28,0.7,0.0,0.0,5.0,0.6449628755448891
2648,12,train_0495,12810.506728879987,10250.855270071404,75.08552700714044,0.0,12885.592255887128,18.08,0.6,0.0,0.0,5.0,0.6449628755448891
2649,12,train_0558,12741.878932029886,10582.681799357324,108.2681799357324,0.0,12850.147111965618,15.76,0.74,0.0,0.0,5.0,0.6449628755448891
2650,12,train_0032,12815.63811992735,10354.981453723267,85.49814537232669,0.0,12901.136265299676,16.86,0.6,0.0,0.0,5.0,0.6449628755448891
2651,12,train_0331,12422.633999351514,10265.58273078605,76.5582730786051,0.0,12499.192272430118,16.62,0.64,0.0,0.0,5.0,0.6449628755448891
2652,12,train_0018,12574.78282272458,10423.880325967624,92.38803259676243,0.0,12667.170855321341,16.22,0.58,0.0,0.0,5.0,0.6449628755448891
2653,12,train_0090,12366.929298037918,10269.980212007018,76.99802120070181,0.0,12443.927319238619,15.66,0.66,0.0,0.0,5.0,0.6449628755448891
2654,12,train_0199,12510.125405318979,10692.624061073202,119.2624061073202,0.0,12629.387811426299,14.96,0.56,0.0,0.0,5.0,0.6449628755448891
2655,12,train_0576,11918.823081236653,10370.530285626484,87.05302856264844,0.0,12005.876109799301,15.18,0.66,0.0,0.0,5.0,0.6449628755448891
2656,13,train_0390,12621.78773561122,10439.66696210374,93.966696210374,0.0,12715.754431821595,17.56,0.62,0.0,0.0,5.0,0.6449628755448891
2657,13,train_0352,12094.491110493513,10158.318925736012,65.83189257360118,0.0,12160.323003067115,15.58,0.66,0.0,0.0,5.0,0.6449628755448891
2658,13,train_0051,12535.138860475075,10524.065829976218,102.40658299762181,0.0,12637.545443472698,18.38,0.64,0.0,0.0,5.0,0.6449628755448891
2659,13,train_0165,12309.141653899682,10298.890855655492,79.88908556554925,0.0,12389.030739465232,15.3,0.66,0.0,0.0,5.0,0.6449628755448891
2660,13,train_0008,12312.022285016421,10626.346479712232,112.63464797122325,0.0,12424.656932987644,13.78,0.6,0.0,0.0,5.0,0.6449628755448891
2661,13,train_0551,12301.833596248802,10030.653192890972,53.065319289097175,0.0,12354.898915537899,16.94,0.64,0.0,0.0,5.0,0.6449628755448891
2662,13,train_0243,12444.723990105522,10702.49913592382,120.24991359238193,0.0,12564.973903697904,17.64,0.6,0.0,0.0,5.0,0.6449628755448891
2663,13,train_0495,12596.061743465016,10617.07914477657,111.70791447765697,0.0,12707.769657942672,17.8,0.66,0.0,0.0,5.0,0.6449628755448891
2664,13,train_0029,12407.86451638148,10431.429275673643,93.14292756736432,0.0,12501.007443948844,16.94,0.68,0.0,0.0,5.0,0.6449628755448891
2665,13,train_0563,12472.47139766267,10420.08028411424,92.00802841142395,0.0,12564.479426074095,14.46,0.6,0.0,0.0,5.0,0.6449628755448891
2666,13,train_0323,12625.605842555744,10723.57661412976,122.35766141297609,0.0,12747.96350396872,15.22,0.5,0.0,0.0,5.0,0.6449628755448891
2667,13,train_0388,12447.671368454528,10359.370776525313,85.9370776525313,0.0,12533.60844610706,14.42,0.58,0.0,0.0,5.0,0.6449628755448891
2668,13,train_0434,12399.091275047758,10841.477674538433,134.14776745384333,0.0,12533.239042501602,15.38,0.74,0.0,0.0,5.0,0.6449628755448891
2669,13,train_0131,12646.98132422492,10774.476851061463,127.44768510614631,0.0,12774.429009331066,15.98,0.52,0.0,0.0,5.0,0.6449628755448891
2670,13,train_0286,13008.23867848016,9971.312902866117,47.131290286611694,0.0,13055.369968766772,13.64,0.72,0.0,0.0,5.0,0.6449628755448891
2671,13,train_0358,12216.675125630449,10606.493986447444,110.64939864474437,0.0,12327.324524275193,14.7,0.76,0.0,0.0,5.0,0.6449628755448891
2672,13,train_0475,11923.446142755547,10237.960084148493,73.79600841484935,0.0,11997.242151170396,15.04,0.68,0.0,0.0,5.0,0.6449628755448891
2673,13,train_0304,12952.181062969856,11018.940836708785,151.89408367087853,0.0,13104.075146640735,16.92,0.68,0.0,0.0,5.0,0.6449628755448891
2674,13,train_0351,12532.732964858045,10736.886503522885,123.68865035228846,0.0,12656.421615210334,17.66,0.56,0.0,0.0,5.0,0.6449628755448891
2675,13,train_0304,12891.842076249515,10610.653856503284,111.06538565032844,0.0,13002.907461899844,16.4,0.68,0.0,0.0,5.0,0.6449628755448891
2676,13,train_0191,12392.373974194086,10556.652467969601,105.66524679696013,0.0,12498.039220991046,16.28,0.58,0.0,0.0,5.0,0.6449628755448891
2677,13,train_0008,12212.524360196025,10672.696022401542,117.2696022401542,0.0,12329.793962436179,12.9,0.66,0.0,0.0,5.0,0.6449628755448891
2678,13,train_0481,12293.623764422522,10114.857467083646,61.48574670836461,0.0,12355.109511130886,16.36,0.7,0.0,0.0,5.0,0.6449628755448891
2679,13,train_0154,12812.418189157324,10289.931874736129,78.99318747361286,0.0,12891.411376630937,19.06,0.64,0.0,0.0,5.0,0.6449628755448891
2680,13,train_0234,12229.904451832066,10599.348696135541,109.93486961355411,0.0,12339.839321445621,15.32,0.58,0.0,0.0,5.0,0.6449628755448891
2681,13,train_0161,12355.199573803788,10550.764218243428,105.07642182434284,0.0,12460.27599562813,15.08,0.64,0.0,0.0,5.0,0.6449628755448891
2682,13,train_0417,12179.817772924367,10347.040926321359,84.70409263213588,0.0,12264.521865556502,15.36,0.66,0.0,0.0,5.0,0.6449628755448891
2683,13,train_0052,12642.4372677342,10608.668125962118,110.86681259621183,0.0,12753.304080330412,15.76,0.58,0.0,0.0,5.0,0.6449628755448891
2684,13,train_0275,12307.153019316844,10336.042584756531,83.60425847565313,0.0,12390.757277792496,14.88,0.68,0.0,0.0,5.0,0.6449628755448891
2685,13,train_0227,12785.068433696993,10607.54976588604,110.75497658860405,0.0,12895.823410285597,18.34,0.62,0.0,0.0,5.0,0.6449628755448891
2686,13,train_0360,12032.492187379525,10493.516216848635,99.3516216848635,0.0,12131.843809064389,15.88,0.66,0.0,0.0,5.0,0.6449628755448891
2687,13,train_0269,11678.436808872902,10006.587992077717,50.6587992077717,0.0,11729.095608080674,14.2,0.6,0.0,0.0,5.0,0.6449628755448891
2688,13,train_0128,12184.169738194858,10134.159114376977,63.41591143769765,0.0,12247.585649632556,15.18,0.66,0.0,0.0,5.0,0.6449628755448891
2689,13,train_0411,12882.809923803823,10651.034513679902,115.10345136799025,0.0,12997.913375171813,14.82,0.74,0.0,0.0,5.0,0.6449628755448891
2690,13,train_0473,12374.52816864384,10110.032800352998,61.00328003529976,0.0,12435.53144867914,17.56,0.66,0.0,0.0,5.0,0.6449628755448891
2691,13,train_0311,12348.342157113524,10319.899124957446,81.98991249574465,0.0,12430.332069609269,16.08,0.78,0.0,0.0,5.0,0.6449628755448891
2692,13,train_0426,12177.020917392318,10454.266537309095,95.42665373090949,0.0,12272.447571123226,18.0,0.7,0.0,0.0,5.0,0.6449628755448891
2693,13,train_0272,12780.017705338329,10234.729380569881,73.4729380569881,0.0,12853.490643395317,15.42,0.58,0.0,0.0,5.0,0.6449628755448891
2694,13,train_0328,12522.120932105816,10396.492761619153,89.64927616191527,0.0,12611.770208267732,16.46,0.62,0.0,0.0,5.0,0.6449628755448891
2695,13,train_0087,12594.507732130653,10799.641326540457,129.96413265404573,0.0,12724.471864784698,16.04,0.78,0.0,0.0,5.0,0.6449628755448891
2696,13,train_0354,11856.47993409347,10161.332051281663,66.13320512816627,0.0,11922.613139221636,16.52,0.7,0.0,0.0,5.0,0.6449628755448891
2697,13,train_0141,12414.950927892078,10805.462221283753,130.54622212837532,0.0,12545.497150020454,14.84,0.56,0.0,0.0,5.0,0.6449628755448891
2698,13,train_0521,12473.5014159159,10242.332713726992,74.23327137269916,0.0,12547.7346872886,17.12,0.7,0.0,0.0,5.0,0.6449628755448891
2699,13,train_0192,12557.295399303206,10554.300219615765,105.4300219615765,0.0,12662.725421264782,18.06,0.74,0.0,0.0,5.0,0.6449628755448891
2700,13,train_0107,12351.473991769999,10796.170863533662,129.61708635336618,0.0,12481.091078123365,15.6,0.74,0.0,0.0,5.0,0.6449628755448891
2701,13,train_0089,12273.600296970713,10992.475741321625,149.2475741321625,0.0,12422.847871102877,15.34,0.54,0.0,0.0,5.0,0.6449628755448891
2702,13,train_0008,12755.860103735615,10424.853871318706,92.48538713187064,0.0,12848.345490867485,14.46,0.68,0.0,0.0,5.0,0.6449628755448891
2703,13,train_0154,12761.807053176311,10481.693596711837,98.16935967118371,0.0,12859.976412847494,17.84,0.58,0.0,0.0,5.0,0.6449628755448891
2704,13,train_0144,12782.270147587416,10921.691907255019,142.16919072550192,0.0,12924.439338312919,14.6,0.5,0.0,0.0,5.0,0.6449628755448891
2705,13,train_0242,12889.42217747105,10158.187955999381,65.81879559993813,0.0,12955.240973070988,16.1,0.7,0.0,0.0,5.0,0.6449628755448891
2706,13,train_0012,12914.159304691886,10649.67567348079,114.96756734807896,0.0,13029.126872039966,15.7,0.62,0.0,0.0,5.0,0.6449628755448891
2707,13,train_0138,12438.09958239189,10274.531632062799,77.4531632062799,0.0,12515.552745598168,16.76,0.66,0.0,0.0,5.0,0.6449628755448891
2708,13,train_0525,11918.542106682282,10447.717662769166,94.77176627691661,0.0,12013.3138729592,14.74,0.6,0.0,0.0,5.0,0.6449628755448891
2709,13,train_0153,12228.619148360758,10334.572669605603,83.45726696056028,0.0,12312.076415321319,16.68,0.72,0.0,0.0,5.0,0.6449628755448891
2710,13,train_0541,12636.509371693097,10563.963535567254,106.39635355672544,0.0,12742.905725249822,16.12,0.52,0.0,0.0,5.0,0.6449628755448891
2711,13,train_0470,12295.807023286861,10021.946887920263,52.19468879202632,0.0,12348.001712078887,15.38,0.74,0.0,0.0,5.0,0.6449628755448891
2712,13,train_0048,12479.530378107605,10401.866180174466,90.18661801744656,0.0,12569.716996125051,16.48,0.74,0.0,0.0,5.0,0.6449628755448891
2713,13,train_0217,12536.45159423989,10495.651839524004,99.56518395240037,0.0,12636.01677819229,17.58,0.76,0.0,0.0,5.0,0.6449628755448891
2714,13,train_0019,12612.639765262478,10566.493508128731,106.64935081287314,0.0,12719.289116075352,13.18,0.64,0.0,0.0,5.0,0.6449628755448891
2715,13,train_0229,12952.406792484257,10393.462749531827,89.34627495318273,0.0,13041.75306743744,15.46,0.68,0.0,0.0,5.0,0.6449628755448891
2716,13,train_0241,12150.467342787655,10161.704455088844,66.17044550888441,0.0,12216.637788296539,14.86,0.64,0.0,0.0,5.0,0.6449628755448891
2717,13,train_0469,12892.765993226578,10692.32964453664,119.23296445366395,0.0,13011.998957680242,15.96,0.66,0.0,0.0,5.0,0.6449628755448891
2718,13,train_0211,12634.897746103943,10355.770953603975,85.57709536039748,0.0,12720.47484146434,16.0,0.56,0.0,0.0,5.0,0.6449628755448891
2719,13,train_0460,12557.104871675736,10150.923856697185,65.09238566971854,0.0,12622.197257345455,14.34,0.56,0.0,0.0,5.0,0.6449628755448891
2720,13,train_0309,12375.877227402532,10634.137726991117,113.41377269911173,0.0,12489.291000101644,13.96,0.58,0.0,0.0,5.0,0.6449628755448891
2721,13,train_0429,12509.071912177078,10870.701531271989,137.07015312719886,0.0,12646.142065304277,13.92,0.68,0.0,0.0,5.0,0.6449628755448891
2722,13,train_0197,12846.261293945576,10436.768090566147,93.67680905661473,0.0,12939.93810300219,14.82,0.52,0.0,0.0,5.0,0.6449628755448891
2723,13,train_0348,12409.4263201796,10718.863424719053,121.88634247190531,0.0,12531.312662651506,14.94,0.84,0.0,0.0,5.0,0.6449628755448891
2724,13,train_0017,12605.46446196652,10221.26046598025,72.12604659802491,0.0,12677.590508564545,15.2,0.76,0.0,0.0,5.0,0.6449628755448891
2725,13,train_0037,12891.803018549546,10997.063251756106,149.70632517561063,0.0,13041.509343725156,15.98,0.68,0.0,0.0,5.0,0.6449628755448891
2726,13,train_0442,12510.17036872947,10459.126731338842,95.91267313388417,0.0,12606.083041863354,14.34,0.6,0.0,0.0,5.0,0.6449628755448891
2727,13,train_0516,12534.791235750752,10533.782300957493,103.37823009574932,0.0,12638.169465846502,14.84,0.68,0.0,0.0,5.0,0.6449628755448891
2728,13,train_0047,12229.042320219774,10230.391043639162,73.03910436391617,0.0,12302.08142458369,14.12,0.6,0.0,0.0,5.0,0.6449628755448891
2729,13,train_0376,12349.998141401964,10533.617537558215,103.36175375582152,0.0,12453.359895157786,17.3,0.62,0.0,0.0,5.0,0.6449628755448891
2730,13,train_0068,12496.194729735493,10280.736702827304,78.07367028273039,0.0,12574.268400018223,15.98,0.64,0.0,0.0,5.0,0.6449628755448891
2731,13,train_0564,12656.463239121327,10287.695380680165,78.76953806801649,0.0,12735.232777189343,16.96,0.62,0.0,0.0,5.0,0.6449628755448891
2732,13,train_0039,12754.09405156316,10347.53877542213,84.75387754221302,0.0,12838.847929105372,16.0,0.66,0.0,0.0,5.0,0.6449628755448891
2733,13,train_0108,12282.496417577058,10555.536375437083,105.55363754370829,0.0,12388.050055120766,17.2,0.64,0.0,0.0,5.0,0.6449628755448891
2734,13,train_0493,12008.140594542172,10253.64404582683,75.36440458268298,0.0,12083.504999124854,16.66,0.7,0.0,0.0,5.0,0.6449628755448891
2735,13,train_0070,11749.615443266262,10016.338820867319,51.633882086731866,0.0,11801.249325352994,15.0,0.5,0.0,0.0,5.0,0.6449628755448891
2736,13,train_0099,11789.17909138955,10426.150470937264,92.61504709372639,0.0,11881.794138483276,16.2,0.7,0.0,0.0,5.0,0.6449628755448891
2737,13,train_0541,12878.571360556978,10390.316079538967,89.03160795389668,0.0,12967.602968510875,16.88,0.56,0.0,0.0,5.0,0.6449628755448891
2738,13,train_0047,12102.009151234448,10323.363105645598,82.3363105645598,0.0,12184.345461799008,13.98,0.6,0.0,0.0,5.0,0.6449628755448891
2739,13,train_0189,12126.456339860644,10160.331437071689,66.03314370716889,0.0,12192.489483567813,15.1,0.66,0.0,0.0,5.0,0.6449628755448891
2740,13,train_0524,11723.569922301669,10112.812268519967,61.28122685199669,0.0,11784.851149153666,15.72,0.48,0.0,0.0,5.0,0.6449628755448891
2741,13,train_0575,12545.902567144461,10734.0575541872,123.40575541872005,0.0,12669.308322563182,17.2,0.62,0.0,0.0,5.0,0.6449628755448891
2742,13,train_0076,11979.4428643783,10560.088275827882,106.00882758278823,0.0,12085.451691961087,15.44,0.6,0.0,0.0,5.0,0.6449628755448891
2743,13,train_0453,12336.451417494212,10450.95793134718,95.09579313471805,0.0,12431.54721062893,16.34,0.62,0.0,0.0,5.0,0.6449628755448891
2744,13,train_0563,12383.593524217416,10682.504774988061,118.25047749880615,0.0,12501.844001716223,16.02,0.7,0.0,0.0,5.0,0.6449628755448891
2745,13,train_0134,12820.986862438467,10353.56809800564,85.35680980056405,0.0,12906.34367223903,13.7,0.64,0.0,0.0,5.0,0.6449628755448891
2746,13,train_0311,12456.610885588421,10394.737867221324,89.47378672213236,0.0,12546.084672310553,15.56,0.64,0.0,0.0,5.0,0.6449628755448891
2747,13,train_0375,12935.99647149897,10588.706076516672,108.87060765166717,0.0,13044.867079150636,15.38,0.54,0.0,0.0,5.0,0.6449628755448891
2748,13,train_0210,12032.781617728113,10431.487596174407,93.14875961744075,0.0,12125.930377345554,15.34,0.6,0.0,0.0,5.0,0.6449628755448891
2749,13,train_0204,12674.448336801972,10737.78930393653,123.778930393653,0.0,12798.227267195625,17.7,0.6,0.0,0.0,5.0,0.6449628755448891
2750,13,train_0220,12491.88543717813,10499.875601004791,99.9875601004791,0.0,12591.87299727861,17.44,0.7,0.0,0.0,5.0,0.6449628755448891
2751,13,train_0492,12252.803319238494,10219.276784004394,71.92767840043943,0.0,12324.730997638933,15.64,0.6,0.0,0.0,5.0,0.6449628755448891
2752,13,train_0015,12352.135623873988,10134.546947548362,63.45469475483624,0.0,12415.590318628825,15.88,0.7,0.0,0.0,5.0,0.6449628755448891
2753,13,train_0385,12723.01317840828,10741.598239755534,124.15982397555345,0.0,12847.173002383834,15.08,0.76,0.0,0.0,5.0,0.6449628755448891
2754,13,train_0315,12570.960109595846,11020.532097599506,152.05320975995056,0.0,12723.013319355796,15.46,0.74,0.0,0.0,5.0,0.6449628755448891
2755,13,train_0437,11721.377265858227,9508.670350166249,0.8670350166248681,0.0,11722.244300874852,14.52,0.74,0.0,0.0,5.0,0.6449628755448891
2756,13,train_0437,11496.591981139294,9825.876626473077,32.58766264730766,0.0,11529.179643786601,15.4,0.64,0.0,0.0,5.0,0.6449628755448891
2757,13,train_0171,12708.035000295524,10847.469653615724,134.74696536157245,0.0,12842.781965657095,16.8,0.74,0.0,0.0,5.0,0.6449628755448891
2758,13,train_0270,12256.206599357523,10424.40681394039,92.44068139403899,0.0,12348.647280751562,15.3,0.66,0.0,0.0,5.0,0.6449628755448891
2759,13,train_0013,12233.125530903337,10452.29508782469,95.22950878246903,0.0,12328.355039685806,14.56,0.7,0.0,0.0,5.0,0.6449628755448891
2760,13,train_0285,12259.59963175836,10513.455831555999,101.3455831555999,0.0,12360.94521491396,15.6,0.56,0.0,0.0,5.0,0.6449628755448891
2761,13,train_0247,12759.074835318395,10342.81570368152,84.28157036815192,0.0,12843.356405686547,17.22,0.66,0.0,0.0,5.0,0.6449628755448891
2762,13,train_0487,12159.242861135655,10538.61923937267,103.86192393726706,0.0,12263.104785072923,15.22,0.78,0.0,0.0,5.0,0.6449628755448891
2763,13,train_0430,12054.327948538827,10443.782606564484,94.3782606564484,0.0,12148.706209195276,15.44,0.48,0.0,0.0,5.0,0.6449628755448891
2764,13,train_0224,12118.250290074353,10387.516579828189,88.75165798281887,0.0,12207.001948057172,13.0,0.68,0.0,0.0,5.0,0.6449628755448891
2765,13,train_0547,12591.555217225145,10954.475394842935,145.44753948429351,0.0,12737.002756709438,16.04,0.64,0.0,0.0,5.0,0.6449628755448891
2766,13,train_0301,12554.408383906963,10700.893248915549,120.08932489155487,0.0,12674.497708798517,15.74,0.64,0.0,0.0,5.0,0.6449628755448891
2767,13,train_0184,12544.872830470707,10403.659528622451,90.36595286224511,0.0,12635.238783332952,16.8,0.74,0.0,0.0,5.0,0.6449628755448891
2768,13,train_0383,12140.484128651933,10396.506221617952,89.65062216179523,0.0,12230.134750813728,15.2,0.64,0.0,0.0,5.0,0.6449628755448891
2769,13,train_0275,12141.93634241976,10295.3770502955,79.53770502954995,0.0,12221.47404744931,16.24,0.68,0.0,0.0,5.0,0.6449628755448891
2770,13,train_0576,12323.541291045205,10306.022048595729,80.6022048595729,0.0,12404.143495904778,14.42,0.46,0.0,0.0,5.0,0.6449628755448891
2771,13,train_0528,12519.18618653356,10220.76795696586,72.07679569658595,0.0,12591.262982230146,14.3,0.56,0.0,0.0,5.0,0.6449628755448891
2772,13,train_0005,12198.843354466473,9909.435173361162,40.9435173361162,0.0,12239.78687180259,16.36,0.56,0.0,0.0,5.0,0.6449628755448891
2773,13,train_0150,12159.646049385501,10522.663163585046,102.26631635850464,0.0,12261.912365744005,16.94,0.58,0.0,0.0,5.0,0.6449628755448891
2774,13,train_0242,12356.74002084988,10920.804983309037,142.08049833090374,0.0,12498.820519180785,15.14,0.74,0.0,0.0,5.0,0.6449628755448891
2775,13,train_0408,12055.336403555695,10240.461378856111,74.0461378856111,0.0,12129.382541441306,14.7,0.64,0.0,0.0,5.0,0.6449628755448891
2776,13,train_0366,12284.848480012208,10225.242823947205,72.52428239472047,0.0,12357.372762406929,15.54,0.7,0.0,0.0,5.0,0.6449628755448891
2777,13,train_0530,12693.503315222468,10399.49825663988,89.94982566398795,0.0,12783.453140886455,15.64,0.64,0.0,0.0,5.0,0.6449628755448891
2778,13,train_0094,12028.497978162144,10031.03924195792,53.103924195792025,0.0,12081.601902357936,16.88,0.7,0.0,0.0,5.0,0.6449628755448891
2779,13,train_0378,12637.45844865537,10553.497987656778,105.34979876567778,0.0,12742.808247421048,17.94,0.64,0.0,0.0,5.0,0.6449628755448891
2780,13,train_0547,12950.668309403038,10284.326128441138,78.43261284411383,0.0,13029.100922247151,17.22,0.76,0.0,0.0,5.0,0.6449628755448891
2781,13,train_0069,12150.585799136667,10344.854453029919,84.48544530299188,0.0,12235.071244439658,17.78,0.74,0.0,0.0,5.0,0.6449628755448891
2782,13,train_0403,12806.301013090626,10693.924842065193,119.3924842065193,0.0,12925.693497297145,13.12,0.72,0.0,0.0,5.0,0.6449628755448891
2783,13,train_0391,12511.803049798247,10020.40613259278,52.04061325927796,0.0,12563.843663057525,14.3,0.62,0.0,0.0,5.0,0.6449628755448891
2784,13,train_0024,11851.89225304002,10289.596683686526,78.95966836865264,0.0,11930.851921408672,17.18,0.58,0.0,0.0,5.0,0.6449628755448891
2785,13,train_0024,12027.018750640298,9990.155064367958,49.015506436795846,0.0,12076.034257077094,16.3,0.6,0.0,0.0,5.0,0.6449628755448891
2786,13,train_0032,12648.46031040324,10442.547987586746,94.2547987586746,0.0,12742.715109161914,16.0,0.64,0.0,0.0,5.0,0.6449628755448891
2787,13,train_0169,11861.299598675205,10154.172218230944,65.41722182309441,0.0,11926.716820498299,16.82,0.68,0.0,0.0,5.0,0.6449628755448891
2788,13,train_0412,12225.621777991839,10279.579374185007,77.95793741850066,0.0,12303.57971541034,15.0,0.62,0.0,0.0,5.0,0.6449628755448891
2789,13,train_0530,12651.10489939648,10626.963994913205,112.69639949132052,0.0,12763.8012988878,16.18,0.68,0.0,0.0,5.0,0.6449628755448891
2790,13,train_0410,12608.907627260498,10557.685334602438,105.76853346024382,0.0,12714.67616072074,17.82,0.74,0.0,0.0,5.0,0.6449628755448891
2791,13,train_0428,12445.621964948605,10718.138490629959,121.81384906299591,0.0,12567.4358140116,15.7,0.72,0.0,0.0,5.0,0.6449628755448891
2792,13,train_0238,12586.756681377268,10462.14707394486,96.21470739448597,0.0,12682.971388771753,15.5,0.64,0.0,0.0,5.0,0.6449628755448891
2793,13,train_0129,12798.003903961608,10577.247740169,107.72477401689994,0.0,12905.728677978508,15.74,0.68,0.0,0.0,5.0,0.6449628755448891
2794,13,train_0333,12356.634010430033,10611.839986158104,111.18399861581038,0.0,12467.818009045843,16.36,0.5,0.0,0.0,5.0,0.6449628755448891
2795,13,train_0415,12826.560369826375,10882.606240086785,138.2606240086785,0.0,12964.820993835054,14.06,0.62,0.0,0.0,5.0,0.6449628755448891
2796,13,train_0518,12617.636007681063,10545.87758612902,104.58775861290196,0.0,12722.223766293966,16.22,0.62,0.0,0.0,5.0,0.6449628755448891
2797,13,train_0344,12318.900271001476,10366.83563124391,86.68356312439101,0.0,12405.583834125866,14.4,0.7,0.0,0.0,5.0,0.6449628755448891
2798,13,train_0583,12153.924911121496,10623.989620408396,112.39896204083962,0.0,12266.323873162335,15.3,0.66,0.0,0.0,5.0,0.6449628755448891
2799,13,train_0485,11996.545742352722,10026.803693182228,52.6803693182228,0.0,12049.226111670945,14.96,0.66,0.0,0.0,5.0,0.6449628755448891
2800,13,train_0567,13024.458848930688,11293.424980489555,179.34249804895555,0.0,13203.801346979644,16.7,0.58,0.0,0.0,5.0,0.6449628755448891
2801,13,train_0403,12465.81599093282,10725.534484906679,122.55344849066788,0.0,12588.369439423488,14.14,0.58,0.0,0.0,5.0,0.6449628755448891
2802,13,train_0142,12464.31668947456,10762.305361086139,126.23053610861389,0.0,12590.547225583174,15.94,0.46,0.0,0.0,5.0,0.6449628755448891
2803,13,train_0495,12586.023002751142,10339.669070701191,83.96690707011913,0.0,12669.98990982126,17.06,0.68,0.0,0.0,5.0,0.6449628755448891
2804,13,train_0379,12798.140024898024,11021.528516585464,152.15285165854638,0.0,12950.29287655657,14.28,0.64,0.0,0.0,5.0,0.6449628755448891
2805,13,train_0437,11595.25212339381,9679.821946851922,17.98219468519219,0.0,11613.234318079001,16.32,0.62,0.0,0.0,5.0,0.6449628755448891
2806,13,train_0170,12206.099692632608,9924.573683165436,42.45736831654358,0.0,12248.557060949151,16.26,0.7,0.0,0.0,5.0,0.6449628755448891
2807,13,train_0049,12681.494406426345,10349.317874912118,84.93178749121181,0.0,12766.426193917558,14.48,0.62,0.0,0.0,5.0,0.6449628755448891
2808,13,train_0581,12200.509712405292,10378.745556420225,87.87455564202247,0.0,12288.384268047314,16.86,0.56,0.0,0.0,5.0,0.6449628755448891
2809,13,train_0284,12292.41857494743,10608.609488632055,110.86094886320552,0.0,12403.279523810637,15.14,0.56,0.0,0.0,5.0,0.6449628755448891
2810,13,train_0357,12167.067233469841,10183.68832204223,68.36883220422297,0.0,12235.436065674065,15.58,0.76,0.0,0.0,5.0,0.6449628755448891
2811,13,train_0036,12132.69805133071,10463.85742429236,96.38574242923606,0.0,12229.083793759946,16.54,0.68,0.0,0.0,5.0,0.6449628755448891
2812,13,train_0520,11947.223014854559,10059.980071384734,55.99800713847344,0.0,12003.221021993031,17.0,0.62,0.0,0.0,5.0,0.6449628755448891
2813,13,train_0171,12815.8445492473,10673.879533886988,117.38795338869878,0.0,12933.232502636,17.32,0.64,0.0,0.0,5.0,0.6449628755448891
2814,13,train_0007,12746.913983991533,11015.919308443292,151.5919308443292,0.0,12898.505914835863,15.52,0.64,0.0,0.0,5.0,0.6449628755448891
2815,13,train_0168,12448.438851057137,10586.160670166959,108.6160670166959,0.0,12557.054918073833,17.58,0.72,0.0,0.0,5.0,0.6449628755448891
2816,13,train_0092,12324.975236658225,10849.639235684646,134.96392356846465,0.0,12459.93916022669,17.3,0.76,0.0,0.0,5.0,0.6449628755448891
2817,13,train_0280,12299.899351596203,10598.57291357722,109.85729135772199,0.0,12409.756642953926,15.98,0.66,0.0,0.0,5.0,0.6449628755448891
2818,13,train_0396,12218.915372068848,10674.99971916396,117.49997191639596,0.0,12336.415343985243,12.58,0.62,0.0,0.0,5.0,0.6449628755448891
2819,13,train_0197,12361.31691984914,10907.382430119102,140.73824301191016,0.0,12502.05516286105,16.54,0.68,0.0,0.0,5.0,0.6449628755448891
2820,13,train_0105,12512.78399229398,10385.866887097536,88.58668870975362,0.0,12601.370681003733,15.36,0.54,0.0,0.0,5.0,0.6449628755448891
2821,13,train_0139,12005.0515007201,10477.143303697754,97.71433036977542,0.0,12102.765831089875,15.54,0.7,0.0,0.0,5.0,0.6449628755448891
2822,13,train_0093,12204.530824526195,10025.765748824546,52.576574882454594,0.0,12257.10739940865,16.46,0.52,0.0,0.0,5.0,0.6449628755448891
2823,13,train_0515,12592.087025066874,10411.23853690624,91.12385369062395,0.0,12683.210878757498,16.0,0.72,0.0,0.0,5.0,0.6449628755448891
2824,13,train_0308,12071.234480772036,10273.589786138484,77.35897861384838,0.0,12148.593459385886,17.9,0.58,0.0,0.0,5.0,0.6449628755448891
2825,13,train_0032,12358.475459048337,10396.891845160837,89.6891845160837,0.0,12448.164643564422,17.3,0.66,0.0,0.0,5.0,0.6449628755448891
2826,13,train_0251,12454.441523251717,10376.340146744242,87.63401467442418,0.0,12542.07553792614,14.92,0.66,0.0,0.0,5.0,0.6449628755448891
2827,13,train_0277,12366.962323185555,10299.692253883146,79.9692253883146,0.0,12446.93154857387,16.36,0.7,0.0,0.0,5.0,0.6449628755448891
2828,13,train_0427,12530.69437185335,10039.362762373701,53.936276237370116,0.0,12584.630648090719,15.34,0.78,0.0,0.0,5.0,0.6449628755448891
2829,13,train_0386,12777.040957545165,10228.812745969535,72.88127459695352,0.0,12849.922232142118,14.82,0.64,0.0,0.0,5.0,0.6449628755448891
2830,13,train_0433,12071.280417527301,10253.987225466353,75.39872254663533,0.0,12146.679140073937,14.8,0.66,0.0,0.0,5.0,0.6449628755448891
2831,13,train_0114,11971.844867106658,10438.441168608282,93.84411686082822,0.0,12065.688983967486,16.28,0.72,0.0,0.0,5.0,0.6449628755448891
2832,13,train_0009,12355.18945751225,10535.491078686411,103.54910786864112,0.0,12458.73856538089,14.0,0.7,0.0,0.0,5.0,0.6449628755448891
2833,13,train_0274,12301.485718293517,10542.192493551738,104.21924935517382,0.0,12405.704967648691,15.22,0.6,0.0,0.0,5.0,0.6449628755448891
2834,13,train_0195,12631.957689764562,10864.624614726012,136.46246147260118,0.0,12768.420151237164,17.9,0.68,0.0,0.0,5.0,0.6449628755448891
2835,13,train_0205,12105.875132449175,10585.089831683475,108.50898316834756,0.0,12214.384115617522,15.24,0.66,0.0,0.0,5.0,0.6449628755448891
2836,13,train_0542,12174.457780521076,10107.945679199118,60.79456791991179,0.0,12235.252348440987,14.7,0.62,0.0,0.0,5.0,0.6449628755448891
2837,13,train_0517,12641.157988550329,10619.462547043759,111.94625470437586,0.0,12753.104243254704,17.06,0.7,0.0,0.0,5.0,0.6449628755448891
2838,13,train_0468,12197.681526516113,10157.615908150203,65.76159081502028,0.0,12263.443117331133,14.9,0.66,0.0,0.0,5.0,0.6449628755448891
2839,13,train_0030,12223.04909058545,10404.528440027323,90.45284400273232,0.0,12313.501934588181,15.04,0.72,0.0,0.0,5.0,0.6449628755448891
2840,13,train_0123,12229.59370671042,10286.80045410748,78.68004541074806,0.0,12308.27375212117,15.92,0.7,0.0,0.0,5.0,0.6449628755448891
2841,13,train_0036,12479.329712172581,10190.62827409771,69.06282740977095,0.0,12548.392539582352,17.24,0.72,0.0,0.0,5.0,0.6449628755448891
2842,13,train_0163,12711.67976852275,10815.694329516513,131.5694329516513,0.0,12843.249201474402,15.26,0.74,0.0,0.0,5.0,0.6449628755448891
2843,13,train_0282,11915.454392123473,10184.111669022132,68.41116690221315,0.0,11983.865559025686,14.82,0.7,0.0,0.0,5.0,0.6449628755448891
2844,13,train_0177,12349.680939164065,10623.527246303554,112.35272463035545,0.0,12462.03366379442,13.94,0.58,0.0,0.0,5.0,0.6449628755448891
2845,13,train_0424,12554.60102524151,10707.226321844328,120.72263218443277,0.0,12675.323657425943,17.44,0.74,0.0,0.0,5.0,0.6449628755448891
2846,13,train_0053,12457.336927651211,10478.981674868126,97.89816748681261,0.0,12555.235095138023,16.58,0.76,0.0,0.0,5.0,0.6449628755448891
2847,13,train_0523,12191.850120480405,10184.845464472346,68.4845464472346,0.0,12260.33466692764,16.98,0.66,0.0,0.0,5.0,0.6449628755448891
2848,13,train_0074,12490.144212170813,10718.602467884535,121.86024678845352,0.0,12612.004458959267,15.46,0.62,0.0,0.0,5.0,0.6449628755448891
2849,13,train_0304,12822.843711390742,10805.136834111687,130.51368341116867,0.0,12953.357394801911,17.9,0.64,0.0,0.0,5.0,0.6449628755448891
2850,13,train_0358,12261.015896980332,10265.306772879861,76.53067728798615,0.0,12337.54657426832,17.2,0.64,0.0,0.0,5.0,0.6449628755448891
2851,13,train_0578,12345.153932685143,10203.891976731136,70.38919767311363,0.0,12415.543130358257,18.58,0.52,0.0,0.0,5.0,0.6449628755448891
2852,13,train_0010,12232.302583986346,10888.619651135039,138.8619651135039,0.0,12371.164549099849,15.74,0.58,0.0,0.0,5.0,0.6449628755448891
2853,13,train_0402,12523.376255747595,10598.819451061812,109.88194510618123,0.0,12633.258200853776,17.66,0.74,0.0,0.0,5.0,0.6449628755448891
2854,13,train_0516,12509.04395910663,10616.412709254386,111.64127092543859,0.0,12620.685230032068,15.28,0.74,0.0,0.0,5.0,0.6449628755448891
2855,13,train_0571,12284.319832619945,10453.017350523707,95.30173505237072,0.0,12379.621567672317,15.36,0.62,0.0,0.0,5.0,0.6449628755448891
2856,13,train_0470,12065.13971385777,10304.070475632989,80.40704756329887,0.0,12145.546761421068,14.2,0.66,0.0,0.0,5.0,0.6449628755448891
2857,13,train_0513,12303.771223140555,10344.316054799889,84.43160547998887,0.0,12388.202828620544,16.6,0.62,0.0,0.0,5.0,0.6449628755448891
2858,13,train_0007,13241.787830772906,11110.884510313152,161.08845103131517,0.0,13402.876281804221,15.3,0.68,0.0,0.0,5.0,0.6449628755448891
2859,13,train_0537,11979.354699144305,10130.495415937963,63.04954159379631,0.0,12042.404240738102,16.72,0.6,0.0,0.0,5.0,0.6449628755448891
2860,13,train_0195,12689.575795113758,10474.048064969813,97.4048064969813,0.0,12786.98060161074,17.18,0.76,0.0,0.0,5.0,0.6449628755448891
2861,13,train_0018,12338.970000609435,10290.928026730859,79.09280267308587,0.0,12418.06280328252,15.92,0.64,0.0,0.0,5.0,0.6449628755448891
2862,13,train_0001,12205.786603021008,10138.92327506442,63.89232750644206,0.0,12269.67893052745,13.62,0.6,0.0,0.0,5.0,0.6449628755448891
2863,13,train_0528,12256.954697853398,10498.023944466018,99.80239444660184,0.0,12356.7570923,15.46,0.64,0.0,0.0,5.0,0.6449628755448891
2864,14,train_0232,12601.105247939358,10459.660241011832,95.96602410118322,0.0,12697.07127204054,16.92,0.64,0.0,0.0,5.0,0.6449628755448891
2865,14,train_0394,12712.692101975597,10068.595021310215,56.859502131021515,0.0,12769.551604106618,16.42,0.72,0.0,0.0,5.0,0.6449628755448891
2866,14,train_0322,12015.264912331935,10530.78848964063,103.07884896406304,0.0,12118.343761295999,15.84,0.62,0.0,0.0,5.0,0.6449628755448891
2867,14,train_0085,12504.718946794934,10482.427369011895,98.24273690118953,0.0,12602.961683696123,14.02,0.6,0.0,0.0,5.0,0.6449628755448891
2868,14,train_0551,12294.58567415069,10289.588671706766,78.95886717067661,0.0,12373.544541321367,17.02,0.6,0.0,0.0,5.0,0.6449628755448891
2869,14,train_0050,12259.248342961138,10485.79279040895,98.57927904089502,0.0,12357.827622002034,15.64,0.6,0.0,0.0,5.0,0.6449628755448891
2870,14,train_0027,12658.767361888618,10663.488874386629,116.34888743866287,0.0,12775.11624932728,13.98,0.58,0.0,0.0,5.0,0.6449628755448891
2871,14,train_0070,12075.309810282484,10015.535505420958,51.55355054209576,0.0,12126.86336082458,15.22,0.68,0.0,0.0,5.0,0.6449628755448891
2872,14,train_0263,11970.090398594955,10088.42446399089,58.84244639908903,0.0,12028.932844994044,15.84,0.68,0.0,0.0,5.0,0.6449628755448891
2873,14,train_0293,12052.884625036299,10426.415773727946,92.64157737279457,0.0,12145.526202409093,14.98,0.6,0.0,0.0,5.0,0.6449628755448891
2874,14,train_0464,12106.179981621623,10415.24545699816,91.52454569981602,0.0,12197.704527321439,14.82,0.6,0.0,0.0,5.0,0.6449628755448891
2875,14,train_0040,12400.416602566955,10762.910952564145,126.29109525641452,0.0,12526.707697823369,15.9,0.68,0.0,0.0,5.0,0.6449628755448891
2876,14,train_0591,12574.87226741446,10664.472310697956,116.44723106979563,0.0,12691.319498484256,16.04,0.6,0.0,0.0,5.0,0.6449628755448891
2877,14,train_0250,12425.821385555693,10264.101647948482,76.41016479484824,0.0,12502.231550350542,15.86,0.68,0.0,0.0,5.0,0.6449628755448891
2878,14,train_0535,12315.960637620808,10295.577265995975,79.55772659959749,0.0,12395.518364220407,13.7,0.64,0.0,0.0,5.0,0.6449628755448891
2879,14,train_0097,12094.913050420419,10418.396663913432,91.83966639134324,0.0,12186.752716811761,16.68,0.68,0.0,0.0,5.0,0.6449628755448891
2880,14,train_0220,12603.11568756905,10458.659690502369,95.8659690502369,0.0,12698.981656619288,16.14,0.64,0.0,0.0,5.0,0.6449628755448891
2881,14,train_0026,12054.810479964697,10311.10287149587,81.11028714958702,0.0,12135.920767114285,16.64,0.64,0.0,0.0,5.0,0.6449628755448891
2882,14,train_0275,12402.575595524931,10249.856007904673,74.98560079046729,0.0,12477.561196315399,15.28,0.66,0.0,0.0,5.0,0.6449628755448891
2883,14,train_0065,12573.433661673855,10253.747355343741,75.37473553437412,0.0,12648.80839720823,13.12,0.7,0.0,0.0,5.0,0.6449628755448891
2884,14,train_0262,12498.999520564283,10731.975148107149,123.19751481071489,0.0,12622.197035374997,15.52,0.72,0.0,0.0,5.0,0.6449628755448891
2885,14,train_0052,12741.10488416309,10428.97819479308,92.89781947930805,0.0,12834.0027036424,15.0,0.5,0.0,0.0,5.0,0.6449628755448891
2886,14,train_0267,12027.877561989844,10427.535236121492,92.7535236121492,0.0,12120.631085601994,14.8,0.64,0.0,0.0,5.0,0.6449628755448891
2887,14,train_0540,12466.199511212228,10640.189158194698,114.01891581946984,0.0,12580.218427031698,15.04,0.68,0.0,0.0,5.0,0.6449628755448891
2888,14,train_0012,12799.412062232183,10832.841730991202,133.2841730991202,0.0,12932.696235331303,17.28,0.62,0.0,0.0,5.0,0.6449628755448891
2889,14,train_0395,11823.239720476347,10136.524379442173,63.65243794421731,0.0,11886.892158420565,14.52,0.76,0.0,0.0,5.0,0.6449628755448891
2890,14,train_0329,12464.134092595596,10169.025956277972,66.9025956277972,0.0,12531.036688223392,18.72,0.62,0.0,0.0,5.0,0.6449628755448891
2891,14,train_0383,12440.153630056298,9862.569896085613,36.25698960856135,0.0,12476.410619664859,16.46,0.74,0.0,0.0,5.0,0.6449628755448891
2892,14,train_0078,12480.647550310794,10404.012519646356,90.4012519646356,0.0,12571.048802275429,15.0,0.54,0.0,0.0,5.0,0.6449628755448891
2893,14,train_0588,11953.375642150391,10495.613273089384,99.56132730893842,0.0,12052.93696945933,15.82,0.72,0.0,0.0,5.0,0.6449628755448891
2894,14,train_0432,12198.8257984784,10388.276140954498,88.82761409544983,0.0,12287.653412573849,15.34,0.54,0.0,0.0,5.0,0.6449628755448891
2895,14,train_0335,12733.422678683019,10496.445610802628,99.6445610802628,0.0,12833.06723976328,18.28,0.7,0.0,0.0,5.0,0.6449628755448891
2896,14,train_0096,12571.76404847031,10400.040133278593,90.00401332785933,0.0,12661.76806179817,18.16,0.6,0.0,0.0,5.0,0.6449628755448891
2897,14,train_0559,12314.471686131033,10524.186325570117,102.41863255701173,0.0,12416.890318688045,17.32,0.56,0.0,0.0,5.0,0.6449628755448891
2898,14,train_0134,12635.262954408854,11014.49991577677,151.44999157767708,0.0,12786.712945986532,12.88,0.74,0.0,0.0,5.0,0.6449628755448891
2899,14,train_0391,12523.720731561436,10082.136702173255,58.21367021732549,0.0,12581.93440177876,15.64,0.68,0.0,0.0,5.0,0.6449628755448891
2900,14,train_0113,12024.836849265768,10311.301570915342,81.13015709153424,0.0,12105.967006357303,17.18,0.58,0.0,0.0,5.0,0.6449628755448891
2901,14,train_0268,12448.146922221873,10490.121438037779,99.01214380377787,0.0,12547.159066025652,16.42,0.7,0.0,0.0,5.0,0.6449628755448891
2902,14,train_0014,12299.265296281106,10467.079006291513,96.70790062915131,0.0,12395.973196910258,17.26,0.74,0.0,0.0,5.0,0.6449628755448891
2903,14,train_0419,12309.062853863037,10367.938273051146,86.79382730511462,0.0,12395.856681168152,16.56,0.6,0.0,0.0,5.0,0.6449628755448891
2904,14,train_0501,12479.44231883921,10368.029224879414,86.8029224879414,0.0,12566.245241327151,19.2,0.5,0.0,0.0,5.0,0.6449628755448891
2905,14,train_0259,12788.565546804262,10211.926026228926,71.19260262289264,0.0,12859.758149427154,15.3,0.58,0.0,0.0,5.0,0.6449628755448891
2906,14,train_0490,12084.27850162291,10302.553824147606,80.25538241476062,0.0,12164.53388403767,15.78,0.54,0.0,0.0,5.0,0.6449628755448891
2907,14,train_0115,12320.142623649797,10606.019812622144,110.6019812622144,0.0,12430.744604912012,14.84,0.68,0.0,0.0,5.0,0.6449628755448891
2908,14,train_0029,12565.296712777454,10200.64553888767,70.06455388876694,0.0,12635.361266666221,16.62,0.62,0.0,0.0,5.0,0.6449628755448891
2909,14,train_0033,12631.918147184799,10920.89151783686,142.08915178368608,0.0,12774.007298968485,15.38,0.7,0.0,0.0,5.0,0.6449628755448891
2910,14,train_0021,12405.233821877966,11094.855472387397,159.48554723873968,0.0,12564.719369116705,17.4,0.6,0.0,0.0,5.0,0.6449628755448891
2911,14,train_0554,12385.26332689973,10231.55688790312,73.15568879031198,0.0,12458.419015690042,14.0,0.66,0.0,0.0,5.0,0.6449628755448891
2912,14,train_0327,12652.583123929782,10574.528526012335,107.45285260123347,0.0,12760.035976531015,16.88,0.72,0.0,0.0,5.0,0.6449628755448891
2913,14,train_0220,12382.079942510216,10489.477562517164,98.94775625171643,0.0,12481.027698761933,17.44,0.66,0.0,0.0,5.0,0.6449628755448891
2914,14,train_0147,12795.229857810671,10476.23833132362,97.62383313236205,0.0,12892.853690943033,16.58,0.62,0.0,0.0,5.0,0.6449628755448891
2915,14,train_0502,12641.599558879068,10382.901969709197,88.29019697091972,0.0,12729.889755849988,15.46,0.64,0.0,0.0,5.0,0.6449628755448891
2916,14,train_0273,12581.02923014768,10385.697007304798,88.56970073047978,0.0,12669.59893087816,17.78,0.66,0.0,0.0,5.0,0.6449628755448891
2917,14,train_0260,12112.580588977129,10042.765893529935,54.27658935299351,0.0,12166.857178330123,15.74,0.74,0.0,0.0,5.0,0.6449628755448891
2918,14,train_0161,12762.41655750009,10157.014129275616,65.70141292756162,0.0,12828.117970427651,16.52,0.68,0.0,0.0,5.0,0.6449628755448891
2919,14,train_0040,12478.340903466375,10557.95634124835,105.79563412483495,0.0,12584.13653759121,17.58,0.68,0.0,0.0,5.0,0.6449628755448891
2920,14,train_0348,12363.964563632842,10497.960426166534,99.79604261665337,0.0,12463.760606249496,15.8,0.58,0.0,0.0,5.0,0.6449628755448891
2921,14,train_0333,12464.548200134304,10512.414049396904,101.24140493969044,0.0,12565.789605073995,13.84,0.66,0.0,0.0,5.0,0.6449628755448891
2922,14,train_0491,12624.380639472045,10293.84104764699,79.38410476469909,0.0,12703.764744236743,15.58,0.66,0.0,0.0,5.0,0.6449628755448891
2923,14,train_0053,12176.10864274506,10555.107069529291,105.51070695292911,0.0,12281.619349697989,16.14,0.6,0.0,0.0,5.0,0.6449628755448891
2924,14,train_0527,12162.13588837776,10599.392623454205,109.9392623454205,0.0,12272.07515072318,13.98,0.68,0.0,0.0,5.0,0.6449628755448891
2925,14,train_0435,12260.939532339755,9916.351898426012,41.63518984260118,0.0,12302.574722182357,15.42,0.66,0.0,0.0,5.0,0.6449628755448891
2926,14,train_0435,12277.44511174169,10068.64563019284,56.86456301928393,0.0,12334.309674760974,15.36,0.76,0.0,0.0,5.0,0.6449628755448891
2927,14,train_0235,12512.258361293474,10600.519131060244,110.05191310602441,0.0,12622.310274399499,13.84,0.58,0.0,0.0,5.0,0.6449628755448891
2928,14,train_0279,12399.223608678756,10535.849972538146,103.58499725381462,0.0,12502.80860593257,16.14,0.62,0.0,0.0,5.0,0.6449628755448891
2929,14,train_0479,12811.736470262982,10560.779500344906,106.07795003449064,0.0,12917.814420297473,16.92,0.7,0.0,0.0,5.0,0.6449628755448891
2930,14,train_0224,12339.795435605112,10565.174803848433,106.5174803848433,0.0,12446.312915989956,14.7,0.64,0.0,0.0,5.0,0.6449628755448891
2931,14,train_0062,12072.669088250492,10187.49297257613,68.74929725761304,0.0,12141.418385508105,16.22,0.78,0.0,0.0,5.0,0.6449628755448891
2932,14,train_0199,12579.544352334498,10607.339298213388,110.73392982133883,0.0,12690.278282155838,16.46,0.58,0.0,0.0,5.0,0.6449628755448891
2933,14,train_0015,12508.504580002867,10176.520811332117,67.6520811332117,0.0,12576.15666113608,15.3,0.7,0.0,0.0,5.0,0.6449628755448891
2934,14,train_0097,12120.738816890404,10414.640069712226,91.46400697122263,0.0,12212.202823861626,16.48,0.6,0.0,0.0,5.0,0.6449628755448891
2935,14,train_0073,12347.169879346206,10338.821040111121,83.8821040111121,0.0,12431.051983357318,14.9,0.64,0.0,0.0,5.0,0.6449628755448891
2936,14,train_0455,13154.340858709676,10369.7093277282,86.97093277282002,0.0,13241.311791482496,17.12,0.46,0.0,0.0,5.0,0.6449628755448891
2937,14,train_0565,12638.282548208972,10576.514764303834,107.65147643038345,0.0,12745.934024639355,15.96,0.64,0.0,0.0,5.0,0.6449628755448891
2938,14,train_0208,12370.613407613695,10380.693835385058,88.06938353850583,0.0,12458.682791152201,14.62,0.66,0.0,0.0,5.0,0.6449628755448891
2939,14,train_0164,12373.598596897986,10049.801838506606,54.980183850660616,0.0,12428.578780748647,15.06,0.68,0.0,0.0,5.0,0.6449628755448891
2940,14,train_0466,12551.244342687,10402.830846973688,90.28308469736876,0.0,12641.527427384368,17.42,0.46,0.0,0.0,5.0,0.6449628755448891
2941,14,train_0353,12121.467166910506,10472.042992107845,97.20429921078448,0.0,12218.67146612129,16.04,0.62,0.0,0.0,5.0,0.6449628755448891
2942,14,train_0216,12298.62502935827,10121.292367058773,62.12923670587734,0.0,12360.754266064148,17.6,0.64,0.0,0.0,5.0,0.6449628755448891
2943,14,train_0234,12289.51014280607,10448.263826095164,94.82638260951644,0.0,12384.336525415587,15.66,0.56,0.0,0.0,5.0,0.6449628755448891
2944,14,train_0580,12552.124215410653,10479.551020167946,97.95510201679463,0.0,12650.079317427448,14.9,0.62,0.0,0.0,5.0,0.6449628755448891
2945,14,train_0129,12855.674396008078,10591.654013409152,109.1654013409152,0.0,12964.839797348994,14.96,0.58,0.0,0.0,5.0,0.6449628755448891
2946,14,train_0297,12467.406968035464,10259.219583592247,75.92195835922466,0.0,12543.328926394688,13.9,0.56,0.0,0.0,5.0,0.6449628755448891
2947,14,train_0095,12207.232283317648,10471.10999738103,97.11099973810306,0.0,12304.34328305575,14.44,0.54,0.0,0.0,5.0,0.6449628755448891
2948,14,train_0395,12189.76304137342,10288.448398745573,78.84483987455734,0.0,12268.607881247977,15.06,0.6,0.0,0.0,5.0,0.6449628755448891
2949,14,train_0356,12274.44906271436,10641.067225656034,114.10672256560338,0.0,12388.555785279965,12.84,0.72,0.0,0.0,5.0,0.6449628755448891
2950,14,train_0141,12973.632378577657,10263.260251757776,76.32602517577762,0.0,13049.958403753435,15.36,0.66,0.0,0.0,5.0,0.6449628755448891
2951,14,train_0278,12377.740593414868,10448.87105623155,94.88710562315501,0.0,12472.627699038023,16.0,0.62,0.0,0.0,5.0,0.6449628755448891
2952,14,train_0051,12540.902243713941,10403.366808176539,90.33668081765391,0.0,12631.238924531595,17.38,0.62,0.0,0.0,5.0,0.6449628755448891
2953,14,train_0575,12837.098347879586,10349.561233747698,84.95612337476979,0.0,12922.054471254356,16.46,0.68,0.0,0.0,5.0,0.6449628755448891
2954,14,train_0505,12534.125406474028,10596.737334801417,109.67373348014172,0.0,12643.79913995417,17.24,0.64,0.0,0.0,5.0,0.6449628755448891
2955,14,train_0497,12638.024430274503,10247.650178531916,74.76501785319161,0.0,12712.789448127694,15.54,0.74,0.0,0.0,5.0,0.6449628755448891
2956,14,train_0191,12569.060821754148,10609.52108217809,110.95210821780893,0.0,12680.012929971957,16.12,0.66,0.0,0.0,5.0,0.6449628755448891
2957,14,train_0491,12506.015768483941,10403.30358254384,90.33035825438401,0.0,12596.346126738325,15.98,0.64,0.0,0.0,5.0,0.6449628755448891
2958,14,train_0166,12122.47182502448,10290.185737958358,79.0185737958358,0.0,12201.490398820317,14.88,0.7,0.0,0.0,5.0,0.6449628755448891
2959,14,train_0039,12912.290135734575,10306.383183841373,80.63831838413735,0.0,12992.928454118712,16.38,0.56,0.0,0.0,5.0,0.6449628755448891
2960,14,train_0100,12016.05588171223,10038.220763635782,53.82207636357816,0.0,12069.877958075807,15.02,0.68,0.0,0.0,5.0,0.6449628755448891
2961,14,train_0270,12372.507390657267,10305.54407564743,80.55440756474309,0.0,12453.06179822201,15.46,0.68,0.0,0.0,5.0,0.6449628755448891
2962,14,train_0310,12288.165344804074,9887.275102720789,38.727510272078874,0.0,12326.892855076154,14.5,0.6,0.0,0.0,5.0,0.6449628755448891
2963,14,train_0001,12306.786437837876,10094.506257036208,59.450625703620794,0.0,12366.237063541497,13.42,0.64,0.0,0.0,5.0,0.6449628755448891
2964,14,train_0547,12456.40962227669,10813.829391934432,131.38293919344324,0.0,12587.792561470133,17.6,0.72,0.0,0.0,5.0,0.6449628755448891
2965,14,train_0509,12314.002367989679,10376.245987917984,87.62459879179842,0.0,12401.626966781478,13.74,0.64,0.0,0.0,5.0,0.6449628755448891
2966,14,train_0247,12459.098367104949,10519.681119310615,101.96811193106151,0.0,12561.06647903601,15.7,0.66,0.0,0.0,5.0,0.6449628755448891
2967,14,train_0153,12077.712494544197,10514.261588560956,101.42615885609558,0.0,12179.138653400292,15.46,0.56,0.0,0.0,5.0,0.6449628755448891
2968,14,train_0366,12343.51433795209,10236.315786686253,73.6315786686253,0.0,12417.145916620715,15.46,0.62,0.0,0.0,5.0,0.6449628755448891
2969,14,train_0257,12481.04016241045,10919.312355383525,141.9312355383525,0.0,12622.971397948802,15.34,0.52,0.0,0.0,5.0,0.6449628755448891
2970,14,train_0384,12089.331184914485,10324.614898027688,82.46148980276885,0.0,12171.792674717253,16.06,0.62,0.0,0.0,5.0,0.6449628755448891
2971,14,train_0141,12764.007242955822,10389.13077780565,88.91307778056508,0.0,12852.920320736388,14.38,0.52,0.0,0.0,5.0,0.6449628755448891
2972,14,train_0159,11849.863404345882,10009.593760174383,50.95937601743827,0.0,11900.82278036332,16.74,0.6,0.0,0.0,5.0,0.6449628755448891
2973,14,train_0052,12485.925260862703,10607.699821628092,110.76998216280919,0.0,12596.695243025511,16.24,0.64,0.0,0.0,5.0,0.6449628755448891
2974,14,train_0366,12270.549929534116,10533.26360817863,103.32636081786296,0.0,12373.876290351978,15.28,0.62,0.0,0.0,5.0,0.6449628755448891
2975,14,train_0575,12767.055139841688,10531.06492009293,103.10649200929294,0.0,12870.16163185098,17.16,0.62,0.0,0.0,5.0,0.6449628755448891
2976,14,train_0538,12647.004643293123,10551.510469097091,105.15104690970912,0.0,12752.155690202831,15.8,0.64,0.0,0.0,5.0,0.6449628755448891
2977,14,train_0339,13072.239729188817,10157.495475678186,65.74954756781862,0.0,13137.989276756636,15.62,0.7,0.0,0.0,5.0,0.6449628755448891
2978,14,train_0081,12263.210090897515,10381.068091915917,88.10680919159168,0.0,12351.316900089107,15.2,0.7,0.0,0.0,5.0,0.6449628755448891
2979,14,train_0275,12334.53543607409,10264.61552749791,76.46155274979101,0.0,12410.996988823881,14.32,0.58,0.0,0.0,5.0,0.6449628755448891
2980,14,train_0259,12817.349433885702,10622.326421275331,112.23264212753311,0.0,12929.582076013236,15.08,0.62,0.0,0.0,5.0,0.6449628755448891
2981,14,train_0465,12868.138410164995,10497.539415380275,99.75394153802755,0.0,12967.892351703022,14.94,0.58,0.0,0.0,5.0,0.6449628755448891
2982,14,train_0166,12128.142471017465,10042.769095648975,54.27690956489751,0.0,12182.419380582363,15.06,0.64,0.0,0.0,5.0,0.6449628755448891
2983,14,train_0293,12279.109567200481,9943.45109553837,44.345109553837034,0.0,12323.454676754318,16.12,0.62,0.0,0.0,5.0,0.6449628755448891
2984,14,train_0296,12371.960066785889,10687.672536401618,118.76725364016184,0.0,12490.727320426051,15.04,0.7,0.0,0.0,5.0,0.6449628755448891
2985,14,train_0508,12864.53960006799,10686.371263387427,118.63712633874275,0.0,12983.176726406733,15.2,0.66,0.0,0.0,5.0,0.6449628755448891
2986,14,train_0567,13098.797174771784,11123.408003139217,162.3408003139217,0.0,13261.137975085705,16.38,0.76,0.0,0.0,5.0,0.6449628755448891
2987,14,train_0486,12408.781721254154,10692.696343161815,119.26963431618151,0.0,12528.051355570336,14.94,0.66,0.0,0.0,5.0,0.6449628755448891
2988,14,train_0184,12202.639211219706,10468.654763529517,96.86547635295175,0.0,12299.504687572658,17.7,0.62,0.0,0.0,5.0,0.6449628755448891
2989,14,train_0013,12479.873066054253,10150.791909096919,65.0791909096919,0.0,12544.952256963945,14.44,0.72,0.0,0.0,5.0,0.6449628755448891
2990,14,train_0365,12899.239908673286,10524.462081778027,102.4462081778027,0.0,13001.686116851088,15.9,0.66,0.0,0.0,5.0,0.6449628755448891
2991,14,train_0293,12332.233478098857,10096.13058514463,59.61305851446305,0.0,12391.84653661332,14.98,0.66,0.0,0.0,5.0,0.6449628755448891
2992,14,train_0561,12721.224836445588,10251.218311553417,75.12183115534172,0.0,12796.34666760093,18.4,0.76,0.0,0.0,5.0,0.6449628755448891
2993,14,train_0021,12759.497075437092,10653.535166086263,115.35351660862635,0.0,12874.850592045717,16.2,0.68,0.0,0.0,5.0,0.6449628755448891
2994,14,train_0382,12497.721359504481,10614.527698667058,111.4527698667058,0.0,12609.174129371188,15.24,0.62,0.0,0.0,5.0,0.6449628755448891
2995,14,train_0232,12494.023308851116,10584.087177001355,108.40871770013547,0.0,12602.43202655125,15.76,0.56,0.0,0.0,5.0,0.6449628755448891
2996,14,train_0309,12441.914262175076,10431.030512298876,93.10305122988757,0.0,12535.017313404964,14.46,0.74,0.0,0.0,5.0,0.6449628755448891
2997,14,train_0221,12252.419131215875,10469.764413021652,96.97644130216523,0.0,12349.39557251804,16.96,0.74,0.0,0.0,5.0,0.6449628755448891
2998,14,train_0046,12170.92266709858,10015.525113411546,51.552511341154606,0.0,12222.475178439736,16.94,0.64,0.0,0.0,5.0,0.6449628755448891
2999,14,train_0479,13141.814999104368,10654.173344951327,115.41733449513268,0.0,13257.2323335995,16.44,0.74,0.0,0.0,5.0,0.6449628755448891
3000,14,train_0007,13204.342307050036,11126.889826675222,162.68898266752223,0.0,13367.031289717557,15.28,0.74,0.0,0.0,5.0,0.6449628755448891
3001,14,train_0137,12380.34878723729,10171.67430483419,67.16743048341905,0.0,12447.51621772071,17.5,0.66,0.0,0.0,5.0,0.6449628755448891
3002,14,train_0422,12428.796262063666,10647.065855888844,114.70658558888445,0.0,12543.502847652551,14.36,0.6,0.0,0.0,5.0,0.6449628755448891
3003,14,train_0352,12171.119465379537,9971.249571029104,47.124957102910415,0.0,12218.244422482448,16.72,0.68,0.0,0.0,5.0,0.6449628755448891
3004,14,train_0340,12166.658529409968,10535.726235662816,103.57262356628162,0.0,12270.23115297625,15.68,0.62,0.0,0.0,5.0,0.6449628755448891
3005,14,train_0279,12355.229710528549,10248.18194773595,74.81819477359495,0.0,12430.047905302144,17.54,0.58,0.0,0.0,5.0,0.6449628755448891
3006,14,train_0236,12215.214992900574,10647.179898196493,114.7179898196493,0.0,12329.932982720224,18.84,0.66,0.0,0.0,5.0,0.6449628755448891
3007,14,train_0495,12558.639305289638,10303.154900463698,80.31549004636982,0.0,12638.954795336009,17.6,0.64,0.0,0.0,5.0,0.6449628755448891
