episode,update,scenario_id,electricity_cost,carbon_emissions_kg,carbon_trading_cost,carbon_trading_revenue,system_cost,mean_start_delay_slots,remote_subtask_fraction,fallback_actions,capacity_violations,decision_epochs,carbon_lambda
0,0,train_0543,12666.039273203187,10237.862550991058,73.7862550991058,0.0,12739.825528302292,15.3,0.62,0.0,0.0,7.0,1.0845846185759243
1,0,train_0366,12342.00862868777,10225.352412106562,72.53524121065621,0.0,12414.543869898427,16.16,0.82,0.0,0.0,7.0,1.1887650918257258
2,0,train_0211,12416.964662251126,10557.195757952344,105.71957579523442,0.0,12522.68423804636,16.68,0.7,0.0,0.0,7.0,1.7970328581645338
3,0,train_0229,13009.387378072888,10395.130655116696,89.51306551166964,0.0,13098.900443584558,16.5,0.78,0.0,0.0,7.0,1.734428042340475
4,0,train_0058,11959.402190163164,9926.819516541196,42.68195165411962,0.0,12002.084141817284,16.22,0.68,0.0,0.0,7.0,1.1947507436885094
5,0,train_0360,12416.60891986726,10186.025889325247,68.60258893252467,0.0,12485.211508799784,16.48,0.74,0.0,0.0,7.0,1.6466589521665727
6,0,train_0272,12448.332659791311,10626.306640682411,112.6306640682411,0.0,12560.963323859552,14.82,0.74,0.0,0.0,7.0,1.8968592631667593
7,0,train_0578,12305.322026542519,10237.269906006608,73.7269906006608,0.0,12379.04901714318,17.7,0.62,0.0,0.0,7.0,1.8968592631667593
8,0,train_0192,12661.415251819471,10547.1831630109,104.7183163010901,0.0,12766.133568120562,18.78,0.58,0.0,0.0,7.0,1.8968592631667593
9,0,train_0117,11989.973862155643,10241.247486667071,74.12474866670709,0.0,12064.09861082235,17.1,0.62,0.0,0.0,7.0,1.8968592631667593
10,0,train_0188,12245.05858440662,10540.322454100167,104.03224541001674,0.0,12349.090829816638,14.3,0.7,0.0,0.0,7.0,1.8968592631667593
11,0,train_0202,12242.159907938849,10759.708647451516,125.97086474515163,0.0,12368.130772684,16.36,0.5,0.0,0.0,7.0,1.8968592631667593
12,0,train_0208,12465.276880691737,10367.561013236174,86.75610132361744,0.0,12552.032982015355,14.68,0.62,0.0,0.0,7.0,1.8968592631667593
13,0,train_0341,12608.141428816187,10695.425646962005,119.5425646962005,0.0,12727.683993512388,16.32,0.62,0.0,0.0,7.0,1.8968592631667593
14,0,train_0251,12602.669869071804,10266.09209082882,76.60920908288209,0.0,12679.279078154686,14.84,0.7,0.0,0.0,7.0,1.8968592631667593
15,0,train_0323,12585.45301036314,10518.762353244983,101.87623532449834,0.0,12687.329245687639,16.16,0.7,0.0,0.0,7.0,1.8968592631667593
16,0,train_0297,12513.010885596566,10352.433340504751,85.2433340504751,0.0,12598.254219647042,14.42,0.72,0.0,0.0,7.0,1.8968592631667593
17,0,train_0441,12376.716791734143,10481.547567506856,98.15475675068556,0.0,12474.871548484829,15.24,0.54,0.0,0.0,7.0,1.8968592631667593
18,0,train_0030,12374.964072825496,10190.889423147019,69.08894231470185,0.0,12444.053015140198,16.96,0.68,0.0,0.0,7.0,1.8968592631667593
19,0,train_0258,12809.585577095704,10660.29412965363,116.02941296536301,0.0,12925.614990061067,14.6,0.68,0.0,0.0,7.0,1.8968592631667593
20,0,train_0567,13369.86606712182,10682.827805981713,118.28278059817131,0.0,13488.148847719991,16.94,0.64,0.0,0.0,7.0,1.8968592631667593
21,0,train_0034,12178.57318169382,10447.358796334727,94.73587963347273,0.0,12273.309061327293,15.44,0.76,0.0,0.0,7.0,1.8968592631667593
22,0,train_0367,12445.322512316354,10133.99833634613,63.39983363461306,0.0,12508.722345950966,14.5,0.66,0.0,0.0,7.0,1.8968592631667593
23,0,train_0099,12008.580754854745,10257.518162678942,75.75181626789417,0.0,12084.332571122639,16.48,0.62,0.0,0.0,7.0,1.8968592631667593
24,0,train_0378,12476.376144252225,10582.17577096878,108.21757709687809,0.0,12584.593721349103,16.7,0.74,0.0,0.0,7.0,1.8968592631667593
25,0,train_0454,12926.772818044932,10710.809202065126,121.08092020651257,0.0,13047.853738251444,16.82,0.72,0.0,0.0,7.0,1.8968592631667593
26,0,train_0308,12302.788845060257,10517.405349488556,101.74053494885557,0.0,12404.529380009113,17.88,0.7,0.0,0.0,7.0,1.8968592631667593
27,0,train_0407,12468.237701814629,10670.430222454868,117.04302224548684,0.0,12585.280724060116,16.64,0.58,0.0,0.0,7.0,1.8968592631667593
28,0,train_0318,12218.274333776666,10274.84948301271,77.48494830127093,0.0,12295.759282077937,17.5,0.62,0.0,0.0,7.0,1.8968592631667593
29,0,train_0420,12212.200382777059,10536.03536461799,103.60353646179902,0.0,12315.803919238857,15.96,0.76,0.0,0.0,7.0,1.8968592631667593
30,0,train_0252,12067.809026390758,10135.119906458269,63.511990645826884,0.0,12131.321017036586,14.98,0.68,0.0,0.0,7.0,1.8968592631667593
31,0,train_0063,12322.158167187674,10762.043439834059,126.20434398340586,0.0,12448.362511171079,14.6,0.68,0.0,0.0,7.0,1.8968592631667593
32,0,train_0022,12622.603299693745,10579.73566953008,107.97356695300806,0.0,12730.576866646752,17.56,0.7,0.0,0.0,7.0,1.8968592631667593
33,0,train_0027,12700.307914119094,10724.771606970955,122.4771606970955,0.0,12822.785074816189,15.02,0.7,0.0,0.0,7.0,1.8968592631667593
34,0,train_0244,12182.278619164841,10587.820034605758,108.78200346057584,0.0,12291.060622625417,17.34,0.58,0.0,0.0,7.0,1.8968592631667593
35,0,train_0559,12382.235777346184,10861.760020313555,136.17600203135552,0.0,12518.41177937754,17.96,0.78,0.0,0.0,7.0,1.8968592631667593
36,0,train_0359,12497.841049069997,10547.808194185869,104.78081941858692,0.0,12602.621868488584,15.28,0.74,0.0,0.0,7.0,1.8968592631667593
37,0,train_0253,12177.244865872011,10092.294221254811,59.22942212548114,0.0,12236.474287997493,16.38,0.6,0.0,0.0,7.0,1.8968592631667593
38,0,train_0263,11986.657645044672,10243.574185213456,74.35741852134561,0.0,12061.015063566017,16.3,0.78,0.0,0.0,7.0,1.8968592631667593
39,0,train_0020,13288.50908738161,10379.477606859124,87.94776068591237,0.0,13376.456848067523,14.68,0.74,0.0,0.0,7.0,1.8968592631667593
40,0,train_0160,12356.72054133187,10502.025485567978,100.20254855679778,0.0,12456.923089888667,16.64,0.66,0.0,0.0,7.0,1.8968592631667593
41,0,train_0131,13059.654394224119,10611.883471908614,111.18834719086135,0.0,13170.842741414981,15.72,0.82,0.0,0.0,7.0,1.8968592631667593
42,0,train_0151,12510.522203630428,10601.141792314334,110.11417923143345,0.0,12620.636382861861,15.88,0.58,0.0,0.0,7.0,1.8968592631667593
43,0,train_0293,12019.844094258022,10289.058802348616,78.90588023486163,0.0,12098.749974492883,14.72,0.68,0.0,0.0,7.0,1.8968592631667593
44,0,train_0494,12361.381648432802,10100.113482395554,60.011348239555446,0.0,12421.392996672357,15.64,0.72,0.0,0.0,7.0,1.8968592631667593
45,0,train_0193,12293.28312805673,10669.760374015053,116.97603740150535,0.0,12410.259165458236,15.08,0.64,0.0,0.0,7.0,1.8968592631667593
46,0,train_0369,12243.895738577376,10654.462973637412,115.44629736374118,0.0,12359.342035941118,14.92,0.62,0.0,0.0,7.0,1.8968592631667593
47,0,train_0061,12329.28924629657,10305.932185779773,80.59321857797732,0.0,12409.882464874547,15.38,0.64,0.0,0.0,7.0,1.8968592631667593
48,0,train_0531,12559.27770194493,10537.027500386426,103.70275003864263,0.0,12662.980451983572,16.88,0.58,0.0,0.0,7.0,1.8968592631667593
49,0,train_0495,12527.449818215595,10568.173265541802,106.81732655418018,0.0,12634.267144769776,17.22,0.62,0.0,0.0,7.0,1.8968592631667593
50,0,train_0388,12684.280938532815,10437.304157859151,93.73041578591511,0.0,12778.011354318729,14.06,0.72,0.0,0.0,7.0,1.8968592631667593
51,0,train_0076,12372.817096462182,10459.77162413645,95.97716241364506,0.0,12468.794258875827,17.9,0.66,0.0,0.0,7.0,1.8968592631667593
52,0,train_0005,12043.539751659977,10090.568950652378,59.05689506523777,0.0,12102.596646725215,17.82,0.68,0.0,0.0,7.0,1.8968592631667593
53,0,train_0120,12229.678983646532,10315.734466967395,81.5734466967395,0.0,12311.252430343271,16.98,0.68,0.0,0.0,7.0,1.8968592631667593
54,0,train_0308,12434.392465808443,10149.15962108615,64.91596210861499,0.0,12499.308427917058,16.8,0.72,0.0,0.0,7.0,1.8968592631667593
55,0,train_0102,12369.616926209674,10283.474992490193,78.34749924901935,0.0,12447.964425458693,13.96,0.58,0.0,0.0,7.0,1.8968592631667593
56,0,train_0148,12600.505291034737,10516.999401609344,101.69994016093443,0.0,12702.20523119567,18.4,0.66,0.0,0.0,7.0,1.8968592631667593
57,0,train_0535,12458.854652718677,10133.901026013082,63.39010260130817,0.0,12522.244755319985,13.92,0.68,0.0,0.0,7.0,1.8968592631667593
58,0,train_0120,12440.991294926942,10013.94856461566,51.39485646156609,0.0,12492.386151388508,16.42,0.74,0.0,0.0,7.0,1.8968592631667593
59,0,train_0443,12450.016347396973,10941.311575720309,144.13115757203087,0.0,12594.147504969003,18.36,0.7,0.0,0.0,7.0,1.8968592631667593
60,0,train_0351,12822.628533629366,10712.95409746678,121.29540974667799,0.0,12943.923943376043,16.52,0.68,0.0,0.0,7.0,1.8968592631667593
61,0,train_0466,12271.738079727693,10626.314530967022,112.63145309670217,0.0,12384.369532824396,17.88,0.68,0.0,0.0,7.0,1.8968592631667593
62,0,train_0106,12712.610638259162,10851.071098701228,135.1071098701228,0.0,12847.717748129286,17.18,0.68,0.0,0.0,7.0,1.8968592631667593
63,0,train_0044,12579.944141642893,10600.749294341065,110.07492943410654,0.0,12690.019071076998,16.22,0.7,0.0,0.0,7.0,1.8968592631667593
64,0,train_0589,12171.819606981659,10253.365404588885,75.33654045888852,0.0,12247.156147440546,15.54,0.7,0.0,0.0,7.0,1.8968592631667593
65,0,train_0079,12598.959641082063,10346.74828807311,84.67482880731096,0.0,12683.634469889374,16.1,0.54,0.0,0.0,7.0,1.8968592631667593
66,0,train_0027,12858.773219106533,10518.968859034852,101.89688590348524,0.0,12960.670105010018,13.56,0.7,0.0,0.0,7.0,1.8968592631667593
67,0,train_0098,11906.769870638673,10433.153896734397,93.31538967343968,0.0,12000.085260312113,13.38,0.68,0.0,0.0,7.0,1.8968592631667593
68,0,train_0323,12339.936997737266,10646.4643237841,114.64643237840993,0.0,12454.583430115676,16.48,0.7,0.0,0.0,7.0,1.8968592631667593
69,0,train_0186,12428.043531638104,10469.66367753893,96.96636775389307,0.0,12525.009899391998,16.04,0.68,0.0,0.0,7.0,1.8968592631667593
70,0,train_0593,12084.675328746602,10477.310268513498,97.73102685134982,0.0,12182.406355597952,14.74,0.64,0.0,0.0,7.0,1.8968592631667593
71,0,train_0080,12520.322864247248,10939.046533805606,143.90465338056057,0.0,12664.227517627809,15.08,0.6,0.0,0.0,7.0,1.8968592631667593
72,0,train_0219,12797.818089920442,10342.407191883442,84.24071918834416,0.0,12882.058809108787,17.18,0.7,0.0,0.0,7.0,1.8968592631667593
73,0,train_0094,12036.82826021812,10109.393001407412,60.93930014074122,0.0,12097.767560358861,17.68,0.66,0.0,0.0,7.0,1.8968592631667593
74,0,train_0470,12362.414671770468,10043.74983432344,54.37498343234402,0.0,12416.789655202812,14.94,0.7,0.0,0.0,7.0,1.8968592631667593
75,0,train_0025,12499.07477685783,10808.549366796608,130.85493667966077,0.0,12629.92971353749,15.34,0.72,0.0,0.0,7.0,1.8968592631667593
76,0,train_0059,12490.73379001603,10420.886147066874,92.08861470668745,0.0,12582.822404722716,14.24,0.58,0.0,0.0,7.0,1.8968592631667593
77,0,train_0209,11996.495250539525,10394.751733804904,89.47517338049039,0.0,12085.970423920015,15.38,0.54,0.0,0.0,7.0,1.8968592631667593
78,0,train_0519,12719.466672302158,10489.420820759395,98.94208207593948,0.0,12818.408754378097,17.7,0.56,0.0,0.0,7.0,1.8968592631667593
79,0,train_0066,12400.774251265004,10676.723900984445,117.67239009844452,0.0,12518.446641363449,17.98,0.66,0.0,0.0,7.0,1.8968592631667593
80,0,train_0569,12404.171086086862,10157.293551603309,65.72935516033085,0.0,12469.900441247193,15.48,0.64,0.0,0.0,7.0,1.8968592631667593
81,0,train_0093,12162.449740127136,9995.278739640973,49.52787396409731,0.0,12211.977614091234,17.72,0.66,0.0,0.0,7.0,1.8968592631667593
82,0,train_0066,12388.621897659017,10647.468776925736,114.74687769257362,0.0,12503.368775351591,18.6,0.74,0.0,0.0,7.0,1.8968592631667593
83,0,train_0455,12715.937264629247,10825.680730519012,132.56807305190122,0.0,12848.505337681148,17.56,0.64,0.0,0.0,7.0,1.8968592631667593
84,0,train_0088,12492.07908853286,10437.419605452204,93.74196054522037,0.0,12585.82104907808,17.12,0.7,0.0,0.0,7.0,1.8968592631667593
85,0,train_0136,12599.417686103647,10299.265890921786,79.92658909217863,0.0,12679.344275195825,16.98,0.7,0.0,0.0,7.0,1.8968592631667593
86,0,train_0105,12570.327810974224,10760.583966089875,126.05839660898747,0.0,12696.386207583211,15.7,0.6,0.0,0.0,7.0,1.8968592631667593
87,0,train_0277,12242.232879332298,10465.114216677342,96.51142166773425,0.0,12338.744301000032,17.36,0.7,0.0,0.0,7.0,1.8968592631667593
88,0,train_0067,12229.52184526364,10100.75658375743,60.07565837574293,0.0,12289.597503639383,18.12,0.58,0.0,0.0,7.0,1.8968592631667593
89,0,train_0414,12165.59870206911,10209.9592769361,70.99592769361007,0.0,12236.59462976272,15.06,0.74,0.0,0.0,7.0,1.8968592631667593
90,0,train_0171,12979.96883802488,10554.158888460408,105.4158888460408,0.0,13085.384726870921,17.04,0.66,0.0,0.0,7.0,1.8968592631667593
91,0,train_0416,12160.208647599207,10645.857090317226,114.58570903172259,0.0,12274.79435663093,17.88,0.66,0.0,0.0,7.0,1.8968592631667593
92,0,train_0148,12551.15115971384,10635.89642336786,113.58964233678599,0.0,12664.740802050626,18.2,0.72,0.0,0.0,7.0,1.8968592631667593
93,0,train_0509,12152.718497270655,10176.977206926262,67.69772069262618,0.0,12220.41621796328,14.42,0.7,0.0,0.0,7.0,1.8968592631667593
94,0,train_0195,12842.418247632244,10527.922818014868,102.79228180148675,0.0,12945.21052943373,18.38,0.64,0.0,0.0,7.0,1.8968592631667593
95,0,train_0511,12174.588065526037,10084.196474396935,58.41964743969348,0.0,12233.007712965731,16.2,0.68,0.0,0.0,7.0,1.8968592631667593
96,0,train_0415,12706.021530058431,10804.40669194918,130.44066919491797,0.0,12836.46219925335,13.84,0.64,0.0,0.0,7.0,1.8968592631667593
97,0,train_0245,11919.839521962716,10194.801216731317,69.48012167313173,0.0,11989.319643635848,15.7,0.6,0.0,0.0,7.0,1.8968592631667593
98,0,train_0589,12007.111749841828,10268.086188489557,76.80861884895567,0.0,12083.920368690784,15.9,0.66,0.0,0.0,7.0,1.8968592631667593
99,0,train_0192,12638.160459982728,10741.972254539394,124.19722545393944,0.0,12762.357685436667,16.56,0.56,0.0,0.0,7.0,1.8968592631667593
100,0,train_0442,12896.129031002269,10305.08387600254,80.508387600254,0.0,12976.637418602522,15.08,0.64,0.0,0.0,7.0,1.8968592631667593
101,0,train_0541,12548.274235455305,10253.699406260335,75.36994062603354,0.0,12623.644176081338,16.86,0.74,0.0,0.0,7.0,1.8968592631667593
102,0,train_0498,12840.714733512788,10319.50762517588,81.95076251758802,0.0,12922.665496030377,14.98,0.64,0.0,0.0,7.0,1.8968592631667593
103,0,train_0042,12405.804452791528,10421.527283837218,92.15272838372185,0.0,12497.95718117525,15.74,0.46,0.0,0.0,7.0,1.8968592631667593
104,0,train_0260,12116.993887568471,10317.789920598656,81.7789920598656,0.0,12198.772879628337,15.62,0.56,0.0,0.0,7.0,1.8968592631667593
105,0,train_0483,13104.108323325127,10631.988510904384,113.19885109043844,0.0,13217.307174415564,15.24,0.6,0.0,0.0,7.0,1.8968592631667593
106,0,train_0168,12532.1080871302,10775.648073315031,127.56480733150312,0.0,12659.672894461703,17.1,0.64,0.0,0.0,7.0,1.8968592631667593
107,0,train_0463,12180.692437977648,10256.508245358913,75.6508245358913,0.0,12256.34326251354,15.84,0.56,0.0,0.0,7.0,1.8968592631667593
108,0,train_0467,13109.42823843822,10581.327142648144,108.13271426481442,0.0,13217.560952703036,15.36,0.6,0.0,0.0,7.0,1.8968592631667593
109,0,train_0537,12128.087335420714,10396.058811807165,89.60588118071647,0.0,12217.69321660143,16.8,0.72,0.0,0.0,7.0,1.8968592631667593
110,0,train_0176,12746.036165232419,10774.16259706621,127.41625970662099,0.0,12873.45242493904,14.96,0.66,0.0,0.0,7.0,1.8968592631667593
111,0,train_0429,12939.209354444298,10729.24471052058,122.92447105205792,0.0,13062.133825496356,17.44,0.62,0.0,0.0,7.0,1.8968592631667593
112,0,train_0482,12003.627159109685,10043.439005869906,54.34390058699064,0.0,12057.971059696676,14.82,0.66,0.0,0.0,7.0,1.8968592631667593
113,0,train_0456,12373.351165445827,10353.031361281377,85.30313612813771,0.0,12458.654301573964,16.48,0.68,0.0,0.0,7.0,1.8968592631667593
114,0,train_0501,12533.559272705459,10813.56757921938,131.35675792193797,0.0,12664.916030627397,18.88,0.66,0.0,0.0,7.0,1.8968592631667593
115,0,train_0496,12200.947721097058,10398.449465134468,89.84494651344686,0.0,12290.792667610505,16.96,0.64,0.0,0.0,7.0,1.8968592631667593
116,0,train_0013,12372.297229692356,10114.450875915452,61.44508759154524,0.0,12433.7423172839,15.5,0.76,0.0,0.0,7.0,1.8968592631667593
117,0,train_0443,12880.597625865146,10632.329699298763,113.23296992987635,0.0,12993.830595795023,16.16,0.7,0.0,0.0,7.0,1.8968592631667593
118,0,train_0357,12272.30483322375,10263.048772760703,76.30487727607033,0.0,12348.60971049982,15.04,0.62,0.0,0.0,7.0,1.8968592631667593
119,0,train_0384,11819.16310825818,10442.533599015489,94.2533599015489,0.0,11913.41646815973,15.0,0.72,0.0,0.0,7.0,1.8968592631667593
120,0,train_0477,11979.746999024468,10216.017410418459,71.6017410418459,0.0,12051.348740066314,13.98,0.72,0.0,0.0,7.0,1.8968592631667593
121,0,train_0269,11829.052535079772,10008.563712463976,50.856371246397615,0.0,11879.90890632617,14.56,0.62,0.0,0.0,7.0,1.8968592631667593
122,0,train_0355,12374.206223754467,10423.662711917048,92.36627119170481,0.0,12466.572494946171,15.34,0.7,0.0,0.0,7.0,1.8968592631667593
123,0,train_0483,13341.866016411275,10249.45784685808,74.94578468580804,0.0,13416.811801097083,15.72,0.66,0.0,0.0,7.0,1.8968592631667593
124,0,train_0384,12081.9128533855,10061.536374400643,56.15363744006427,0.0,12138.066490825564,15.48,0.64,0.0,0.0,7.0,1.8968592631667593
125,0,train_0268,12393.53591872807,10664.08928619969,116.40892861996909,0.0,12509.944847348039,15.82,0.7,0.0,0.0,7.0,1.8968592631667593
126,0,train_0517,12628.699420099201,10565.748099716546,106.57480997165459,0.0,12735.274230070856,16.38,0.66,0.0,0.0,7.0,1.8968592631667593
127,0,train_0211,12469.206156217684,10131.836114884956,63.18361148849563,0.0,12532.38976770618,17.56,0.66,0.0,0.0,7.0,1.8968592631667593
128,0,train_0360,12258.50098784558,10167.793021585883,66.77930215858832,0.0,12325.280290004168,16.28,0.54,0.0,0.0,7.0,1.8968592631667593
129,0,train_0238,12148.102265306956,10813.369958647452,131.33699586474523,0.0,12279.439261171701,15.28,0.48,0.0,0.0,7.0,1.8968592631667593
130,0,train_0136,12275.688112620253,10544.285926992112,104.4285926992112,0.0,12380.116705319464,17.9,0.76,0.0,0.0,7.0,1.8968592631667593
131,0,train_0328,12520.633672978689,10518.995654653383,101.89956546533831,0.0,12622.533238444028,16.08,0.62,0.0,0.0,7.0,1.8968592631667593
132,0,train_0503,12975.854520113546,10519.75223482772,101.97522348277198,0.0,13077.829743596318,15.24,0.74,0.0,0.0,7.0,1.8968592631667593
133,0,train_0592,12390.870846198191,10670.931017647743,117.0931017647743,0.0,12507.963947962966,15.16,0.68,0.0,0.0,7.0,1.8968592631667593
134,0,train_0009,12246.493211175139,10741.501661021191,124.15016610211916,0.0,12370.643377277258,15.88,0.62,0.0,0.0,7.0,1.8968592631667593
135,0,train_0033,12529.116056420986,10863.194515872283,136.3194515872283,0.0,12665.435508008213,16.38,0.74,0.0,0.0,7.0,1.8968592631667593
136,0,train_0532,12645.1639281216,10193.175884662953,69.31758846629528,0.0,12714.481516587895,14.64,0.64,0.0,0.0,7.0,1.8968592631667593
137,0,train_0028,12789.317056457961,10491.662710560382,99.16627105603821,0.0,12888.483327513999,17.34,0.64,0.0,0.0,7.0,1.8968592631667593
138,0,train_0456,12349.246045680531,10075.127315156446,57.51273151564456,0.0,12406.758777196175,14.94,0.64,0.0,0.0,7.0,1.8968592631667593
139,0,train_0037,12827.037620314968,10826.85953321035,132.68595332103504,0.0,12959.723573636003,16.18,0.56,0.0,0.0,7.0,1.8968592631667593
140,0,train_0456,12562.147824098724,10378.304093397315,87.83040933973153,0.0,12649.978233438454,15.98,0.66,0.0,0.0,7.0,1.8968592631667593
141,0,train_0129,13106.664722654436,10523.753186675709,102.37531866757091,0.0,13209.040041322007,15.04,0.76,0.0,0.0,7.0,1.8968592631667593
142,0,train_0369,12391.598079884752,10135.192932982545,63.519293298254524,0.0,12455.117373183006,14.08,0.68,0.0,0.0,7.0,1.8968592631667593
143,0,train_0313,12440.29522254314,10654.18229500897,115.418229500897,0.0,12555.713452044038,16.64,0.66,0.0,0.0,7.0,1.8968592631667593
144,1,train_0552,12260.382300029074,10282.401678223961,78.24016782239615,0.0,12338.62246785147,14.86,0.6,0.0,0.0,7.0,1.8968592631667593
145,1,train_0137,11989.238502988028,10497.16829199002,99.71682919900195,0.0,12088.95533218703,16.9,0.66,0.0,0.0,7.0,1.8968592631667593
146,1,train_0398,11989.291296134894,10318.169631749995,81.81696317499956,0.0,12071.108259309893,15.24,0.68,0.0,0.0,7.0,1.8968592631667593
147,1,train_0136,12241.556851247233,10454.248903973043,95.42489039730427,0.0,12336.981741644537,16.22,0.7,0.0,0.0,7.0,1.8968592631667593
148,1,train_0462,12612.224553056036,10335.811309251443,83.58113092514432,0.0,12695.80568398118,17.46,0.7,0.0,0.0,7.0,1.8968592631667593
149,1,train_0514,12553.39930679938,10247.99061029921,74.79906102992099,0.0,12628.1983678293,14.66,0.78,0.0,0.0,7.0,1.8968592631667593
150,1,train_0580,12913.90262816085,10466.993360615566,96.69933606155665,0.0,13010.601964222406,16.44,0.74,0.0,0.0,7.0,1.8968592631667593
151,1,train_0173,12890.21895408184,10323.045718352654,82.30457183526542,0.0,12972.523525917106,18.14,0.68,0.0,0.0,7.0,1.8968592631667593
152,1,train_0026,11902.939136792233,10187.041183607134,68.70411836071344,0.0,11971.643255152947,16.28,0.76,0.0,0.0,7.0,1.8968592631667593
153,1,train_0436,12807.713088620618,10479.11310523481,97.911310523481,0.0,12905.624399144099,16.8,0.68,0.0,0.0,7.0,1.8968592631667593
154,1,train_0451,12506.918567936109,10551.723810480229,105.17238104802291,0.0,12612.090948984132,14.98,0.7,0.0,0.0,7.0,1.8968592631667593
155,1,train_0464,12454.312912427076,10375.035090753116,87.50350907531157,0.0,12541.816421502388,15.34,0.74,0.0,0.0,7.0,1.8968592631667593
156,1,train_0099,12079.758257657351,10055.38548353633,55.53854835363309,0.0,12135.296806010985,15.9,0.72,0.0,0.0,7.0,1.8968592631667593
157,1,train_0253,11995.714801969152,10053.390183413274,55.339018341327396,0.0,12051.053820310479,15.5,0.74,0.0,0.0,7.0,1.8968592631667593
158,1,train_0088,12442.012511241257,10450.65375299379,95.06537529937906,0.0,12537.077886540636,16.8,0.7,0.0,0.0,7.0,1.8968592631667593
159,1,train_0015,12221.564610284691,10392.12847760041,89.21284776004104,0.0,12310.777458044733,15.74,0.66,0.0,0.0,7.0,1.8968592631667593
160,1,train_0506,12149.872952118703,10302.894286011544,80.2894286011544,0.0,12230.162380719858,15.74,0.72,0.0,0.0,7.0,1.8968592631667593
161,1,train_0196,12372.175743149537,10566.729916446286,106.67299164462857,0.0,12478.848734794166,16.62,0.58,0.0,0.0,7.0,1.8968592631667593
162,1,train_0584,11928.359010202403,10197.513043674644,69.7513043674644,0.0,11998.110314569867,15.38,0.62,0.0,0.0,7.0,1.8968592631667593
163,1,train_0381,12178.359114073219,10251.4133828523,75.14133828523009,0.0,12253.500452358448,15.92,0.6,0.0,0.0,7.0,1.8968592631667593
164,1,train_0323,12625.130108160476,10542.926537595704,104.29265375957038,0.0,12729.422761920046,16.72,0.6,0.0,0.0,7.0,1.8968592631667593
165,1,train_0283,12564.051207946351,10528.049074633336,102.80490746333362,0.0,12666.856115409686,15.24,0.7,0.0,0.0,7.0,1.8968592631667593
166,1,train_0225,12397.05940279391,10400.525593809914,90.05255938099145,0.0,12487.1119621749,16.04,0.72,0.0,0.0,7.0,1.8968592631667593
167,1,train_0586,12675.377861593039,10131.802049042231,63.18020490422314,0.0,12738.558066497262,15.16,0.7,0.0,0.0,7.0,1.8968592631667593
168,1,train_0128,12107.870836355749,10251.618644271824,75.16186442718245,0.0,12183.032700782931,15.24,0.72,0.0,0.0,7.0,1.8968592631667593
169,1,train_0171,13021.84606515543,10422.833422195607,92.28334221956067,0.0,13114.12940737499,17.52,0.68,0.0,0.0,7.0,1.8968592631667593
170,1,train_0052,12462.184578406652,10893.150304757251,139.31503047572514,0.0,12601.499608882377,15.86,0.66,0.0,0.0,7.0,1.8968592631667593
171,1,train_0066,12457.054110806404,10224.29026136662,72.42902613666193,0.0,12529.483136943067,18.28,0.54,0.0,0.0,7.0,1.8968592631667593
172,1,train_0321,12555.344363487333,10255.847412482,75.58474124820005,0.0,12630.929104735533,17.38,0.62,0.0,0.0,7.0,1.8968592631667593
173,1,train_0059,12560.622746649868,10635.704611430543,113.57046114305432,0.0,12674.193207792921,16.38,0.58,0.0,0.0,7.0,1.8968592631667593
174,1,train_0056,11972.726153498817,10181.037153183684,68.10371531836846,0.0,12040.829868817185,17.6,0.6,0.0,0.0,7.0,1.8968592631667593
175,1,train_0287,12385.943317590656,10454.984120980065,95.49841209800653,0.0,12481.441729688662,15.88,0.66,0.0,0.0,7.0,1.8968592631667593
176,1,train_0056,12070.29615363612,9662.828431355454,16.28284313554541,0.0,12086.578996771665,17.32,0.76,0.0,0.0,7.0,1.8968592631667593
177,1,train_0182,12520.547581831663,10902.965858333504,140.2965858333504,0.0,12660.844167665013,14.32,0.66,0.0,0.0,7.0,1.8968592631667593
178,1,train_0323,12741.768921366613,10408.20016184016,90.82001618401591,0.0,12832.588937550629,16.42,0.64,0.0,0.0,7.0,1.8968592631667593
179,1,train_0014,12511.496066225909,10493.13207863574,99.31320786357392,0.0,12610.809274089483,17.92,0.5,0.0,0.0,7.0,1.8968592631667593
180,1,train_0222,12368.85177391308,10590.163555721849,109.01635557218488,0.0,12477.868129485265,17.74,0.66,0.0,0.0,7.0,1.8968592631667593
181,1,train_0263,11976.071018189665,10069.75488915603,56.97548891560291,0.0,12033.046507105268,16.02,0.66,0.0,0.0,7.0,1.8968592631667593
182,1,train_0403,12604.773350388605,11004.32793111122,150.432793111122,0.0,12755.206143499727,14.74,0.7,0.0,0.0,7.0,1.8968592631667593
183,1,train_0157,12324.368684852669,10611.698970587247,111.16989705872476,0.0,12435.538581911393,14.82,0.7,0.0,0.0,7.0,1.8968592631667593
184,1,train_0463,11978.944766514123,10265.445291680646,76.54452916806459,0.0,12055.489295682188,17.4,0.68,0.0,0.0,7.0,1.8968592631667593
185,1,train_0463,12059.879708559569,10057.315319601006,55.731531960100625,0.0,12115.611240519669,15.92,0.74,0.0,0.0,7.0,1.8968592631667593
186,1,train_0214,12360.579148303987,10016.302196789671,51.630219678967116,0.0,12412.209367982954,15.38,0.62,0.0,0.0,7.0,1.8968592631667593
187,1,train_0442,12481.82238394341,10960.05372111158,146.00537211115807,0.0,12627.827756054568,15.14,0.8,0.0,0.0,7.0,1.8968592631667593
188,1,train_0015,12453.030772945305,10065.116797043367,56.511679704336714,0.0,12509.542452649643,16.14,0.64,0.0,0.0,7.0,1.8968592631667593
189,1,train_0048,12569.83300419449,10209.601002359275,70.96010023592753,0.0,12640.793104430417,16.58,0.7,0.0,0.0,7.0,1.8968592631667593
190,1,train_0369,12487.152727588153,10147.896610556123,64.78966105561231,0.0,12551.942388643765,14.48,0.7,0.0,0.0,7.0,1.8968592631667593
191,1,train_0302,12692.573345459457,10628.061665149104,112.80616651491037,0.0,12805.379511974368,15.36,0.7,0.0,0.0,7.0,1.8968592631667593
192,1,train_0292,12663.06066362821,10481.989557914625,98.19895579146251,0.0,12761.259619419672,17.08,0.74,0.0,0.0,7.0,1.8968592631667593
193,1,train_0292,12484.535187482354,10415.716658039484,91.57166580394842,0.0,12576.106853286303,17.74,0.62,0.0,0.0,7.0,1.8968592631667593
194,1,train_0010,12365.396711210593,10365.852226391957,86.58522263919568,0.0,12451.98193384979,16.98,0.64,0.0,0.0,7.0,1.8968592631667593
195,1,train_0223,12228.340592286122,10372.877089554937,87.2877089554937,0.0,12315.628301241615,14.28,0.52,0.0,0.0,7.0,1.8968592631667593
196,1,train_0516,12758.504678291869,10442.710374567861,94.27103745678615,0.0,12852.775715748656,15.44,0.66,0.0,0.0,7.0,1.8968592631667593
197,1,train_0295,12245.972800646587,10291.243688050763,79.1243688050763,0.0,12325.097169451663,16.3,0.7,0.0,0.0,7.0,1.8968592631667593
198,1,train_0460,12579.324886846072,10351.285763011081,85.12857630110813,0.0,12664.45346314718,15.06,0.54,0.0,0.0,7.0,1.8968592631667593
199,1,train_0378,12586.232423725483,10290.218277017484,79.0218277017484,0.0,12665.254251427232,14.8,0.8,0.0,0.0,7.0,1.8968592631667593
200,1,train_0095,12340.348006510263,10063.59521286214,56.35952128621393,0.0,12396.707527796478,16.74,0.54,0.0,0.0,7.0,1.8968592631667593
201,1,train_0219,12363.416567570175,10535.976096570857,103.59760965708574,0.0,12467.014177227262,16.76,0.66,0.0,0.0,7.0,1.8968592631667593
202,1,train_0333,12651.90718821836,10649.047624233268,114.9047624233268,0.0,12766.811950641686,15.76,0.58,0.0,0.0,7.0,1.8968592631667593
203,1,train_0103,12108.613933265797,10377.539105250524,87.75391052505239,0.0,12196.36784379085,15.08,0.64,0.0,0.0,7.0,1.8968592631667593
204,1,train_0134,12603.378748174762,10799.494303901796,129.94943039017963,0.0,12733.328178564941,14.34,0.62,0.0,0.0,7.0,1.8968592631667593
205,1,train_0055,12997.6773731555,9870.489815982592,37.04898159825916,0.0,13034.726354753759,14.7,0.76,0.0,0.0,7.0,1.8968592631667593
206,1,train_0561,12769.88576623792,10279.60593557114,77.96059355711405,0.0,12847.846359795034,16.82,0.64,0.0,0.0,7.0,1.8968592631667593
207,1,train_0016,12296.482407716438,10459.952190560369,95.99521905603689,0.0,12392.477626772474,15.48,0.72,0.0,0.0,7.0,1.8968592631667593
208,1,train_0100,11944.846201170809,9929.123886879874,42.912388687987374,0.0,11987.758589858797,14.82,0.72,0.0,0.0,7.0,1.8968592631667593
209,1,train_0020,12735.716293044694,10603.889229615166,110.38892296151663,0.0,12846.10521600621,15.1,0.62,0.0,0.0,7.0,1.8968592631667593
210,1,train_0047,12484.942201550137,9890.463363698394,39.04633636983945,0.0,12523.988537919977,15.16,0.64,0.0,0.0,7.0,1.8968592631667593
211,1,train_0356,12669.510243463688,10772.565133887609,127.25651338876088,0.0,12796.766756852448,15.8,0.78,0.0,0.0,7.0,1.8968592631667593
212,1,train_0162,11924.143169073377,10068.805420529226,56.88054205292265,0.0,11981.0237111263,17.34,0.68,0.0,0.0,7.0,1.8968592631667593
213,1,train_0576,12330.220817313082,10391.141666163443,89.1141666163443,0.0,12419.334983929426,13.9,0.58,0.0,0.0,7.0,1.8968592631667593
214,1,train_0503,12868.380205818592,10647.762903641818,114.77629036418185,0.0,12983.156496182773,16.36,0.68,0.0,0.0,7.0,1.8968592631667593
215,1,train_0508,12721.411502991416,10644.116245876336,114.41162458763357,0.0,12835.82312757905,15.12,0.86,0.0,0.0,7.0,1.8968592631667593
216,1,train_0344,12584.222644792124,10254.707824062345,75.4707824062345,0.0,12659.69342719836,15.58,0.76,0.0,0.0,7.0,1.8968592631667593
217,1,train_0517,12879.149891944027,10153.66557705777,65.36655770577708,0.0,12944.516449649804,18.14,0.6,0.0,0.0,7.0,1.8968592631667593
218,1,train_0541,12496.458722059175,10673.771549919842,117.37715499198421,0.0,12613.835877051159,17.62,0.64,0.0,0.0,7.0,1.8968592631667593
219,1,train_0033,12586.82653578228,10520.732085601012,102.0732085601012,0.0,12688.899744342381,15.68,0.56,0.0,0.0,7.0,1.8968592631667593
220,1,train_0289,12501.34278069175,11048.897924086148,154.88979240861482,0.0,12656.232573100364,16.22,0.54,0.0,0.0,7.0,1.8968592631667593
221,1,train_0331,12599.936744593007,10415.24748488823,91.52474848882304,0.0,12691.46149308183,17.46,0.66,0.0,0.0,7.0,1.8968592631667593
222,1,train_0219,12334.765063288502,10487.981207075354,98.79812070753542,0.0,12433.563183996037,15.58,0.66,0.0,0.0,7.0,1.8968592631667593
223,1,train_0277,12315.160226078706,10367.244304878768,86.72443048787682,0.0,12401.884656566583,16.92,0.7,0.0,0.0,7.0,1.8968592631667593
224,1,train_0452,12266.192449911898,10240.138516858093,74.01385168580929,0.0,12340.206301597707,14.6,0.8,0.0,0.0,7.0,1.8968592631667593
225,1,train_0493,12304.115787096303,9992.536086231352,49.25360862313519,0.0,12353.36939571944,14.86,0.62,0.0,0.0,7.0,1.8968592631667593
226,1,train_0566,11852.225555739362,10132.6163647262,63.26163647262001,0.0,11915.487192211982,14.66,0.66,0.0,0.0,7.0,1.8968592631667593
227,1,train_0555,12403.209136009275,10046.805663768715,54.680566376871504,0.0,12457.889702386146,18.0,0.62,0.0,0.0,7.0,1.8968592631667593
228,1,train_0233,13270.595211723627,10596.668366833372,109.66683668333718,0.0,13380.262048406963,16.84,0.76,0.0,0.0,7.0,1.8968592631667593
229,1,train_0183,12527.067016424757,10531.376368251047,103.13763682510472,0.0,12630.20465324986,15.3,0.78,0.0,0.0,7.0,1.8968592631667593
230,1,train_0311,12546.094026575993,10343.480769758735,84.34807697587348,0.0,12630.442103551866,15.56,0.62,0.0,0.0,7.0,1.8968592631667593
231,1,train_0578,12368.835324980631,10078.69083370898,57.86908337089808,0.0,12426.70440835153,18.04,0.74,0.0,0.0,7.0,1.8968592631667593
232,1,train_0021,12589.989099392495,10724.045429320795,122.4045429320795,0.0,12712.393642324574,17.38,0.68,0.0,0.0,7.0,1.8968592631667593
233,1,train_0338,12756.243398166469,10222.001241273723,72.20012412737233,0.0,12828.443522293841,16.58,0.64,0.0,0.0,7.0,1.8968592631667593
234,1,train_0123,12417.23538500752,10521.576992007791,102.1576992007791,0.0,12519.3930842083,15.52,0.64,0.0,0.0,7.0,1.8968592631667593
235,1,train_0424,12620.664864949316,10418.824931017461,91.88249310174615,0.0,12712.547358051062,16.96,0.68,0.0,0.0,7.0,1.8968592631667593
236,1,train_0076,12319.722163103585,10473.27487462039,97.32748746203907,0.0,12417.049650565623,15.92,0.66,0.0,0.0,7.0,1.8968592631667593
237,1,train_0172,12143.050812213387,10543.408975761688,104.34089757616876,0.0,12247.391709789556,16.88,0.68,0.0,0.0,7.0,1.8968592631667593
238,1,train_0457,12442.703977507905,10427.625249757628,92.7625249757628,0.0,12535.466502483667,15.54,0.78,0.0,0.0,7.0,1.8968592631667593
239,1,train_0335,12715.818589772167,10485.456392895034,98.54563928950338,0.0,12814.36422906167,17.8,0.58,0.0,0.0,7.0,1.8968592631667593
240,1,train_0030,12396.685371975982,10538.422286551904,103.84222865519041,0.0,12500.527600631172,17.34,0.66,0.0,0.0,7.0,1.8968592631667593
241,1,train_0540,12537.426660773559,10670.492386072267,117.04923860722666,0.0,12654.475899380786,16.22,0.76,0.0,0.0,7.0,1.8968592631667593
242,1,train_0332,12186.617633528944,10178.841583665882,67.88415836658824,0.0,12254.501791895533,16.18,0.78,0.0,0.0,7.0,1.8968592631667593
243,1,train_0186,12087.879799564915,10620.496280330564,112.04962803305644,0.0,12199.929427597972,14.22,0.76,0.0,0.0,7.0,1.8968592631667593
244,1,train_0065,12519.928815533256,10462.042467414003,96.20424674140031,0.0,12616.133062274657,14.34,0.72,0.0,0.0,7.0,1.8968592631667593
245,1,train_0234,12251.51711188527,10451.288563466853,95.12885634668528,0.0,12346.645968231956,16.7,0.64,0.0,0.0,7.0,1.8968592631667593
246,1,train_0062,12054.661335180399,10238.500751370442,73.85007513704423,0.0,12128.511410317444,14.16,0.76,0.0,0.0,7.0,1.8968592631667593
247,1,train_0005,12215.53869413144,10389.581874668678,88.95818746686783,0.0,12304.496881598307,16.0,0.66,0.0,0.0,7.0,1.8968592631667593
248,1,train_0330,11998.856315221034,10079.43561693392,57.94356169339208,0.0,12056.799876914425,15.74,0.64,0.0,0.0,7.0,1.8968592631667593
249,1,train_0353,12182.348373980833,10563.678099257493,106.36780992574933,0.0,12288.716183906581,16.6,0.62,0.0,0.0,7.0,1.8968592631667593
250,1,train_0388,12457.315263507768,10683.258434653737,118.3258434653737,0.0,12575.641106973142,15.6,0.68,0.0,0.0,7.0,1.8968592631667593
251,1,train_0598,12204.20816740919,10184.418641172353,68.44186411723531,0.0,12272.650031526426,14.42,0.8,0.0,0.0,7.0,1.8968592631667593
252,1,train_0034,12524.073565397302,10346.26843382799,84.62684338279905,0.0,12608.700408780101,16.32,0.68,0.0,0.0,7.0,1.8968592631667593
253,1,train_0451,12590.535706326988,10615.290657916608,111.52906579166084,0.0,12702.064772118649,15.56,0.68,0.0,0.0,7.0,1.8968592631667593
254,1,train_0259,12727.524245995988,10867.155854785466,136.71558547854656,0.0,12864.239831474535,15.5,0.66,0.0,0.0,7.0,1.8968592631667593
255,1,train_0032,12704.568590683644,10114.850525525537,61.48505255255368,0.0,12766.053643236199,17.46,0.66,0.0,0.0,7.0,1.8968592631667593
256,1,train_0037,13004.224268910877,10698.041523927863,119.80415239278628,0.0,13124.028421303663,18.52,0.64,0.0,0.0,7.0,1.8968592631667593
257,1,train_0476,12075.597363991492,10391.242079516249,89.1242079516249,0.0,12164.721571943117,18.3,0.68,0.0,0.0,7.0,1.8968592631667593
258,1,train_0185,12495.559865210222,10157.230949420999,65.72309494209985,0.0,12561.28296015232,16.2,0.7,0.0,0.0,7.0,1.8968592631667593
259,1,train_0578,12222.886839711604,10135.186707181369,63.51867071813686,0.0,12286.40551042974,18.14,0.74,0.0,0.0,7.0,1.8968592631667593
260,1,train_0154,12724.90142759679,10719.784040612667,121.9784040612667,0.0,12846.879831658056,17.68,0.68,0.0,0.0,7.0,1.8968592631667593
261,1,train_0149,12336.431325564197,10795.981870287505,129.59818702875054,0.0,12466.029512592948,16.74,0.7,0.0,0.0,7.0,1.8968592631667593
262,1,train_0586,12286.42568202216,10398.447418928823,89.84474189288231,0.0,12376.270423915043,14.7,0.68,0.0,0.0,7.0,1.8968592631667593
263,1,train_0044,12475.19658734682,10749.842581790916,124.98425817909157,0.0,12600.18084552591,16.08,0.48,0.0,0.0,7.0,1.8968592631667593
264,1,train_0502,12498.715215862136,10198.896495174486,69.88964951744856,0.0,12568.604865379584,14.16,0.62,0.0,0.0,7.0,1.8968592631667593
265,1,train_0263,12035.653754673434,10098.072869402102,59.80728694021018,0.0,12095.461041613644,15.84,0.7,0.0,0.0,7.0,1.8968592631667593
266,1,train_0121,12294.65130318807,10344.52853405885,84.45285340588508,0.0,12379.104156593954,15.32,0.6,0.0,0.0,7.0,1.8968592631667593
267,1,train_0161,12586.962816959818,10574.690442221185,107.46904422211847,0.0,12694.431861181936,15.42,0.68,0.0,0.0,7.0,1.8968592631667593
268,1,train_0150,12429.836245678467,10195.345365042967,69.53453650429674,0.0,12499.370782182763,16.66,0.7,0.0,0.0,7.0,1.8968592631667593
269,1,train_0034,12037.152257477592,10499.29848284502,99.92984828450209,0.0,12137.082105762094,15.58,0.68,0.0,0.0,7.0,1.8968592631667593
270,1,train_0347,12257.246033866671,10456.607403813714,95.6607403813714,0.0,12352.906774248044,16.02,0.58,0.0,0.0,7.0,1.8968592631667593
271,1,train_0022,12844.437235355472,9909.466567610987,40.946656761098716,0.0,12885.38389211657,17.7,0.66,0.0,0.0,7.0,1.8968592631667593
272,1,train_0336,12396.751972219197,10195.300808350428,69.53008083504282,0.0,12466.28205305424,16.06,0.6,0.0,0.0,7.0,1.8968592631667593
273,1,train_0051,12608.84664515506,10240.478770362408,74.04787703624079,0.0,12682.8945221913,17.7,0.66,0.0,0.0,7.0,1.8968592631667593
274,1,train_0172,12235.058251110871,10196.291918897168,69.62919188971682,0.0,12304.687443000588,16.78,0.76,0.0,0.0,7.0,1.8968592631667593
275,1,train_0409,12742.452513867396,10805.24096897772,130.52409689777195,0.0,12872.976610765169,18.28,0.66,0.0,0.0,7.0,1.8968592631667593
276,1,train_0516,12869.06214330155,10341.545516706567,84.15455167065666,0.0,12953.216694972207,13.08,0.72,0.0,0.0,7.0,1.8968592631667593
277,1,train_0325,12434.921039201003,10348.28971174414,84.82897117441408,0.0,12519.750010375417,14.36,0.66,0.0,0.0,7.0,1.8968592631667593
278,1,train_0363,12222.613056333772,10650.060343177836,115.00603431778364,0.0,12337.619090651555,16.64,0.76,0.0,0.0,7.0,1.8968592631667593
279,1,train_0211,12048.76721516514,10449.520940350216,94.95209403502159,0.0,12143.719309200162,17.3,0.68,0.0,0.0,7.0,1.8968592631667593
280,1,train_0541,12873.597267413865,10166.423573675584,66.64235736755836,0.0,12940.239624781423,17.42,0.72,0.0,0.0,7.0,1.8968592631667593
281,1,train_0581,12246.297345561217,10400.948397049215,90.09483970492147,0.0,12336.392185266139,16.28,0.72,0.0,0.0,7.0,1.8968592631667593
282,1,train_0127,12473.827719872923,10528.951062877026,102.89510628770259,0.0,12576.722826160625,16.28,0.66,0.0,0.0,7.0,1.8968592631667593
283,1,train_0281,12621.469516149236,10602.481960090603,110.24819600906031,0.0,12731.717712158297,16.16,0.76,0.0,0.0,7.0,1.8968592631667593
284,1,train_0120,12091.543907821117,10336.053505536947,83.60535055369473,0.0,12175.149258374811,16.36,0.66,0.0,0.0,7.0,1.8968592631667593
285,1,train_0294,12184.233443353442,10444.271739275873,94.42717392758732,0.0,12278.660617281028,16.84,0.56,0.0,0.0,7.0,1.8968592631667593
286,1,train_0301,12683.449847772099,10782.370730558257,128.23707305582576,0.0,12811.686920827924,14.8,0.7,0.0,0.0,7.0,1.8968592631667593
287,1,train_0452,12445.589658116689,10006.338342677973,50.63383426779728,0.0,12496.223492384486,14.24,0.82,0.0,0.0,7.0,1.8968592631667593
288,2,train_0166,12116.472717198285,10186.620455742886,68.66204557428864,0.0,12185.134762772574,14.28,0.76,0.0,0.0,7.0,1.8968592631667593
289,2,train_0465,12695.724319065255,10903.188721677696,140.3188721677696,0.0,12836.043191233024,17.04,0.62,0.0,0.0,7.0,1.8968592631667593
290,2,train_0416,12173.850068282129,10478.196200641309,97.81962006413087,0.0,12271.66968834626,16.14,0.66,0.0,0.0,7.0,1.8968592631667593
291,2,train_0288,12147.186692141244,10003.883255443765,50.3883255443765,0.0,12197.57501768562,16.82,0.66,0.0,0.0,7.0,1.8968592631667593
292,2,train_0390,12618.15955330024,10187.253934260383,68.72539342603832,0.0,12686.884946726279,17.08,0.72,0.0,0.0,7.0,1.8968592631667593
293,2,train_0100,12066.94599233332,9907.00005296597,40.70000529659701,0.0,12107.645997629917,15.96,0.7,0.0,0.0,7.0,1.8968592631667593
294,2,train_0449,12364.90467516155,10706.714823145467,120.67148231454667,0.0,12485.576157476096,17.5,0.64,0.0,0.0,7.0,1.8968592631667593
295,2,train_0275,12368.877292548721,10259.715068269958,75.97150682699576,0.0,12444.848799375717,15.4,0.72,0.0,0.0,7.0,1.8968592631667593
296,2,train_0227,12531.897331824737,10737.484457391645,123.74844573916454,0.0,12655.645777563901,16.5,0.68,0.0,0.0,7.0,1.8968592631667593
297,2,train_0237,12027.203495362546,10375.332239866662,87.53322398666624,0.0,12114.736719349212,15.84,0.68,0.0,0.0,7.0,1.8968592631667593
298,2,train_0550,12342.109431283232,10214.896602389854,71.48966023898538,0.0,12413.599091522217,17.44,0.68,0.0,0.0,7.0,1.8968592631667593
299,2,train_0486,12520.906432827906,10626.122853006942,112.61228530069421,0.0,12633.5187181286,14.9,0.74,0.0,0.0,7.0,1.8968592631667593
300,2,train_0543,12276.8297884391,10665.961242338271,116.59612423382714,0.0,12393.425912672927,14.42,0.7,0.0,0.0,7.0,1.8968592631667593
301,2,train_0154,12785.87249095592,10237.67989625746,73.76798962574594,0.0,12859.640480581667,19.84,0.86,0.0,0.0,7.0,1.8968592631667593
302,2,train_0462,12553.650057269642,10588.844819929252,108.88448199292526,0.0,12662.534539262568,17.06,0.68,0.0,0.0,7.0,1.8968592631667593
303,2,train_0097,12162.392474127879,10562.700948346803,106.27009483468028,0.0,12268.66256896256,16.02,0.62,0.0,0.0,7.0,1.8968592631667593
304,2,train_0595,12021.954607037813,10188.729135454454,68.87291354544541,0.0,12090.827520583258,14.42,0.64,0.0,0.0,7.0,1.8968592631667593
305,2,train_0306,12617.53442933333,10283.180786627983,78.31807866279833,0.0,12695.852507996127,15.26,0.68,0.0,0.0,7.0,1.8968592631667593
306,2,train_0467,12686.109476966334,10856.259222139863,135.62592221398629,0.0,12821.735399180321,15.7,0.58,0.0,0.0,7.0,1.8968592631667593
307,2,train_0500,11934.354474630843,10402.3662108407,90.23662108407007,0.0,12024.591095714914,16.28,0.7,0.0,0.0,7.0,1.8968592631667593
308,2,train_0300,12453.694449608094,10336.181285949096,83.61812859490965,0.0,12537.312578203004,14.28,0.68,0.0,0.0,7.0,1.8968592631667593
309,2,train_0277,12749.188192096877,10297.035702902234,79.70357029022344,0.0,12828.8917623871,16.54,0.7,0.0,0.0,7.0,1.8968592631667593
310,2,train_0504,12625.731612011146,10251.26351283151,75.12635128315105,0.0,12700.857963294296,15.72,0.64,0.0,0.0,7.0,1.8968592631667593
311,2,train_0320,12483.799744908722,10279.591754812614,77.95917548126145,0.0,12561.758920389982,13.46,0.76,0.0,0.0,7.0,1.8968592631667593
312,2,train_0103,12241.106970343726,10231.410625048311,73.1410625048311,0.0,12314.248032848558,14.22,0.72,0.0,0.0,7.0,1.8968592631667593
313,2,train_0166,12203.165376785662,10225.680164087164,72.56801640871636,0.0,12275.73339319438,14.96,0.7,0.0,0.0,7.0,1.8968592631667593
314,2,train_0289,12967.246641974923,10513.555299530162,101.35552995301623,0.0,13068.60217192794,15.82,0.66,0.0,0.0,7.0,1.8968592631667593
315,2,train_0526,12443.531831275493,10378.318802998176,87.83188029981757,0.0,12531.363711575312,17.44,0.66,0.0,0.0,7.0,1.8968592631667593
316,2,train_0592,12428.432046458745,10713.327666105433,121.33276661054333,0.0,12549.764813069289,16.14,0.78,0.0,0.0,7.0,1.8968592631667593
317,2,train_0036,12400.33221365466,10383.595610823118,88.35956108231186,0.0,12488.691774736972,16.06,0.68,0.0,0.0,7.0,1.8968592631667593
318,2,train_0440,12876.803573585403,10864.32280245074,136.43228024507408,0.0,13013.235853830476,15.56,0.68,0.0,0.0,7.0,1.8968592631667593
319,2,train_0447,12413.255875016323,10672.484669480173,117.24846694801727,0.0,12530.50434196434,15.98,0.72,0.0,0.0,7.0,1.8968592631667593
320,2,train_0268,12456.187546012447,10382.488660354105,88.24886603541054,0.0,12544.436412047857,16.72,0.78,0.0,0.0,7.0,1.8968592631667593
321,2,train_0304,12838.405280057246,10823.970360934243,132.39703609342433,0.0,12970.80231615067,16.64,0.62,0.0,0.0,7.0,1.8968592631667593
322,2,train_0241,12472.37303253532,9951.99121392976,45.19912139297594,0.0,12517.572153928297,15.32,0.68,0.0,0.0,7.0,1.8968592631667593
323,2,train_0461,12245.612748627333,10579.414415836745,107.94144158367453,0.0,12353.554190211007,14.64,0.76,0.0,0.0,7.0,1.8968592631667593
324,2,train_0463,11886.158705212129,10139.053828726166,63.90538287261661,0.0,11950.064088084746,16.24,0.7,0.0,0.0,7.0,1.8968592631667593
325,2,train_0104,12292.005455849228,10428.403461605601,92.84034616056016,0.0,12384.845802009788,17.72,0.52,0.0,0.0,7.0,1.8968592631667593
326,2,train_0213,12073.193280443671,10282.638273359731,78.26382733597312,0.0,12151.457107779645,15.3,0.58,0.0,0.0,7.0,1.8968592631667593
327,2,train_0094,11951.179523710554,9860.230298717841,36.0230298717841,0.0,11987.202553582338,17.38,0.66,0.0,0.0,7.0,1.8968592631667593
328,2,train_0411,12788.223303239301,10903.756866001551,140.37568660015515,0.0,12928.598989839456,15.76,0.64,0.0,0.0,7.0,1.8968592631667593
329,2,train_0436,12388.0245728173,11057.909935432535,155.79099354325353,0.0,12543.815566360554,16.1,0.74,0.0,0.0,7.0,1.8968592631667593
330,2,train_0594,12097.086917427083,10041.404817149823,54.14048171498234,0.0,12151.227399142066,17.26,0.74,0.0,0.0,7.0,1.8968592631667593
331,2,train_0446,12192.842109014484,10156.439122774053,65.64391227740525,0.0,12258.486021291888,16.22,0.68,0.0,0.0,7.0,1.8968592631667593
332,2,train_0085,12488.252810624672,10221.702056859114,72.17020568591143,0.0,12560.423016310584,15.7,0.64,0.0,0.0,7.0,1.8968592631667593
333,2,train_0167,11883.540000028863,10347.797905524363,84.77979055243632,0.0,11968.3197905813,14.46,0.78,0.0,0.0,7.0,1.8968592631667593
334,2,train_0116,12358.56756181748,10202.713465714023,70.27134657140232,0.0,12428.838908388881,16.76,0.6,0.0,0.0,7.0,1.8968592631667593
335,2,train_0008,12373.745726929077,10492.43422928845,99.24342292884504,0.0,12472.989149857922,14.36,0.64,0.0,0.0,7.0,1.8968592631667593
336,2,train_0197,12469.729295184141,10672.813274452044,117.28132744520445,0.0,12587.010622629345,16.1,0.74,0.0,0.0,7.0,1.8968592631667593
337,2,train_0459,12709.738154026316,10367.120507821417,86.71205078214172,0.0,12796.450204808458,17.08,0.74,0.0,0.0,7.0,1.8968592631667593
338,2,train_0372,12193.740179997423,10581.161741152308,108.11617411523076,0.0,12301.856354112653,15.8,0.68,0.0,0.0,7.0,1.8968592631667593
339,2,train_0475,12138.194858460134,10290.208223665455,79.02082236654552,0.0,12217.215680826679,14.24,0.72,0.0,0.0,7.0,1.8968592631667593
340,2,train_0217,12453.464160218224,10711.056183537552,121.1056183537552,0.0,12574.569778571979,17.52,0.76,0.0,0.0,7.0,1.8968592631667593
341,2,train_0497,12275.83579595112,10730.984428167423,123.09844281674232,0.0,12398.934238767863,15.64,0.64,0.0,0.0,7.0,1.8968592631667593
342,2,train_0006,12539.64298777593,10203.156864980298,70.31568649802976,0.0,12609.95867427396,14.5,0.76,0.0,0.0,7.0,1.8968592631667593
343,2,train_0446,12199.405545379119,9976.306982548904,47.630698254890376,0.0,12247.03624363401,14.98,0.82,0.0,0.0,7.0,1.8968592631667593
344,2,train_0089,12651.178740148556,10513.637074875134,101.36370748751342,0.0,12752.54244763607,15.5,0.6,0.0,0.0,7.0,1.8968592631667593
345,2,train_0188,12529.692252765519,10429.711958817119,92.9711958817119,0.0,12622.66344864723,13.36,0.62,0.0,0.0,7.0,1.8968592631667593
346,2,train_0218,12740.904167127972,10347.23421363363,84.72342136336302,0.0,12825.627588491336,15.74,0.74,0.0,0.0,7.0,1.8968592631667593
347,2,train_0239,12413.004672256488,10386.132635190581,88.6132635190581,0.0,12501.617935775546,14.46,0.64,0.0,0.0,7.0,1.8968592631667593
348,2,train_0397,12537.816329422465,10167.858628798747,66.78586287987473,0.0,12604.60219230234,16.54,0.72,0.0,0.0,7.0,1.8968592631667593
349,2,train_0538,12917.579269068521,10526.72960739404,102.67296073940398,0.0,13020.252229807926,16.62,0.74,0.0,0.0,7.0,1.8968592631667593
350,2,train_0233,12975.423422155262,10585.333606216254,108.53336062162543,0.0,13083.956782776888,15.86,0.82,0.0,0.0,7.0,1.8968592631667593
351,2,train_0338,12712.698621603657,10033.333475591087,53.33334755910874,0.0,12766.031969162765,14.7,0.58,0.0,0.0,7.0,1.8968592631667593
352,2,train_0553,11621.607934243593,9870.777030079986,37.07770300799857,0.0,11658.685637251592,16.04,0.66,0.0,0.0,7.0,1.8968592631667593
353,2,train_0139,12230.759246681328,10364.093733418656,86.40937334186566,0.0,12317.168620023192,15.1,0.68,0.0,0.0,7.0,1.8968592631667593
354,2,train_0141,12671.849420079538,10674.21803818968,117.42180381896797,0.0,12789.271223898506,13.88,0.72,0.0,0.0,7.0,1.8968592631667593
355,2,train_0573,12148.449684012765,10247.118290696375,74.7118290696375,0.0,12223.161513082403,16.78,0.68,0.0,0.0,7.0,1.8968592631667593
356,2,train_0049,12337.42119899413,10699.172964565538,119.91729645655379,0.0,12457.338495450684,15.54,0.58,0.0,0.0,7.0,1.8968592631667593
357,2,train_0104,12280.830925950988,10451.126920381332,95.11269203813318,0.0,12375.943617989122,17.24,0.52,0.0,0.0,7.0,1.8968592631667593
358,2,train_0012,12901.503569549664,10746.777311097467,124.67773110974667,0.0,13026.181300659411,15.22,0.66,0.0,0.0,7.0,1.8968592631667593
359,2,train_0219,12420.159363543622,10414.534795712629,91.45347957126287,0.0,12511.612843114885,16.9,0.74,0.0,0.0,7.0,1.8968592631667593
360,2,train_0360,12402.22764891811,10238.843324909623,73.88433249096234,0.0,12476.111981409073,14.74,0.74,0.0,0.0,7.0,1.8968592631667593
361,2,train_0559,12593.3571250215,10633.410933251955,113.34109332519547,0.0,12706.698218346697,17.58,0.74,0.0,0.0,7.0,1.8968592631667593
362,2,train_0059,12496.921855110548,10559.1337877631,105.91337877630995,0.0,12602.835233886857,16.38,0.58,0.0,0.0,7.0,1.8968592631667593
363,2,train_0370,12614.510271143512,10481.174804489106,98.11748044891065,0.0,12712.627751592423,15.9,0.56,0.0,0.0,7.0,1.8968592631667593
364,2,train_0168,12831.20041922939,10395.166439034921,89.51664390349215,0.0,12920.717063132883,17.2,0.64,0.0,0.0,7.0,1.8968592631667593
365,2,train_0373,12921.123297668426,10284.47491693194,78.44749169319402,0.0,12999.57078936162,15.38,0.72,0.0,0.0,7.0,1.8968592631667593
366,2,train_0562,12259.502658122225,10647.441346861411,114.74413468614112,0.0,12374.246792808366,15.9,0.76,0.0,0.0,7.0,1.8968592631667593
367,2,train_0305,12606.276574743211,9886.85149474984,38.685149474984065,0.0,12644.961724218196,15.44,0.68,0.0,0.0,7.0,1.8968592631667593
368,2,train_0024,12071.983909482904,10065.199030878313,56.51990308783134,0.0,12128.503812570736,16.84,0.72,0.0,0.0,7.0,1.8968592631667593
369,2,train_0420,12583.296056268053,10277.827224190001,77.78272241900014,0.0,12661.078778687053,14.64,0.68,0.0,0.0,7.0,1.8968592631667593
370,2,train_0120,12451.256312728177,9965.971145581814,46.597114558181424,0.0,12497.853427286358,16.32,0.7,0.0,0.0,7.0,1.8968592631667593
371,2,train_0461,12260.504019615746,10479.718837247663,97.97188372476631,0.0,12358.475903340512,14.46,0.64,0.0,0.0,7.0,1.8968592631667593
372,2,train_0410,12539.415278283817,10747.415887622039,124.7415887622039,0.0,12664.156867046022,16.84,0.54,0.0,0.0,7.0,1.8968592631667593
373,2,train_0316,12582.433933730059,10210.358104015957,71.0358104015957,0.0,12653.469744131655,15.96,0.58,0.0,0.0,7.0,1.8968592631667593
374,2,train_0000,12049.354142552524,10306.541614128102,80.65416141281021,0.0,12130.008303965335,16.14,0.66,0.0,0.0,7.0,1.8968592631667593
375,2,train_0187,12326.091155111826,10374.8208950626,87.48208950625995,0.0,12413.573244618086,15.66,0.74,0.0,0.0,7.0,1.8968592631667593
376,2,train_0045,12793.82284822248,10453.579784241188,95.35797842411885,0.0,12889.1808266466,14.82,0.6,0.0,0.0,7.0,1.8968592631667593
377,2,train_0148,12439.009916908955,10662.435146525368,116.24351465253676,0.0,12555.253431561492,16.88,0.6,0.0,0.0,7.0,1.8968592631667593
378,2,train_0063,12604.215114647788,10335.570232567918,83.55702325679177,0.0,12687.77213790458,15.84,0.68,0.0,0.0,7.0,1.8968592631667593
379,2,train_0488,12303.359939090999,10550.946797748395,105.09467977483946,0.0,12408.454618865839,16.28,0.56,0.0,0.0,7.0,1.8968592631667593
380,2,train_0377,12146.345018445154,10587.115175236868,108.71151752368678,0.0,12255.05653596884,17.4,0.72,0.0,0.0,7.0,1.8968592631667593
381,2,train_0387,12387.690727810077,10079.988455508988,57.99884555089884,0.0,12445.689573360976,16.14,0.62,0.0,0.0,7.0,1.8968592631667593
382,2,train_0313,12612.281634845061,10535.755024695623,103.57550246956235,0.0,12715.857137314624,15.42,0.68,0.0,0.0,7.0,1.8968592631667593
383,2,train_0179,12141.169164134964,10288.624507832736,78.86245078327357,0.0,12220.031614918238,15.36,0.62,0.0,0.0,7.0,1.8968592631667593
384,2,train_0047,11912.442543161218,10500.847307473563,100.0847307473563,0.0,12012.527273908574,15.42,0.58,0.0,0.0,7.0,1.8968592631667593
385,2,train_0060,12762.995415129619,10718.193628614668,121.81936286146684,0.0,12884.814777991085,15.98,0.64,0.0,0.0,7.0,1.8968592631667593
386,2,train_0023,12088.467711102858,10304.707186734478,80.47071867344785,0.0,12168.938429776306,15.1,0.7,0.0,0.0,7.0,1.8968592631667593
387,2,train_0132,12406.550432391305,10212.443781798203,71.24437817982034,0.0,12477.794810571126,16.16,0.6,0.0,0.0,7.0,1.8968592631667593
388,2,train_0586,12503.673850109193,10070.144684637484,57.014468463748386,0.0,12560.688318572942,17.08,0.66,0.0,0.0,7.0,1.8968592631667593
389,2,train_0507,12465.812139180758,10462.744125823836,96.2744125823836,0.0,12562.086551763141,16.72,0.68,0.0,0.0,7.0,1.8968592631667593
390,2,train_0469,12623.589489974038,10902.582528908675,140.2582528908675,0.0,12763.847742864906,15.84,0.7,0.0,0.0,7.0,1.8968592631667593
391,2,train_0430,12570.632491463219,10003.098078997766,50.30980789977657,0.0,12620.942299362996,15.76,0.6,0.0,0.0,7.0,1.8968592631667593
392,2,train_0485,12218.229176525689,10286.23335839108,78.62333583910805,0.0,12296.852512364796,17.6,0.72,0.0,0.0,7.0,1.8968592631667593
393,2,train_0252,12303.83375751938,10309.153658068764,80.91536580687644,0.0,12384.749123326257,16.08,0.68,0.0,0.0,7.0,1.8968592631667593
394,2,train_0543,12628.895520869126,10491.49051674563,99.1490516745631,0.0,12728.04457254369,15.64,0.66,0.0,0.0,7.0,1.8968592631667593
395,2,train_0499,12033.343032930397,10198.345634980155,69.83456349801546,0.0,12103.177596428413,16.5,0.68,0.0,0.0,7.0,1.8968592631667593
396,2,train_0086,11825.57807917409,10084.997859732117,58.499785973211694,0.0,11884.077865147303,16.34,0.64,0.0,0.0,7.0,1.8968592631667593
397,2,train_0141,12657.328350265634,10629.91478965599,112.99147896559899,0.0,12770.319829231234,14.22,0.74,0.0,0.0,7.0,1.8968592631667593
398,2,train_0282,12262.185572046339,10148.068422822107,64.80684228221071,0.0,12326.99241432855,16.46,0.66,0.0,0.0,7.0,1.8968592631667593
399,2,train_0219,12607.10992092733,10324.061791215852,82.40617912158524,0.0,12689.516100048915,16.96,0.68,0.0,0.0,7.0,1.8968592631667593
400,2,train_0162,11976.11696173373,10083.177612300431,58.31776123004311,0.0,12034.434722963771,15.22,0.6,0.0,0.0,7.0,1.8968592631667593
401,2,train_0125,12323.809387426034,9949.95441159,44.99544115900008,0.0,12368.804828585035,15.88,0.72,0.0,0.0,7.0,1.8968592631667593
402,2,train_0139,12084.225448142479,10444.412689112509,94.44126891125089,0.0,12178.66671705373,15.06,0.54,0.0,0.0,7.0,1.8968592631667593
403,2,train_0066,12432.801856058257,10515.878533691552,101.58785336915517,0.0,12534.389709427413,18.72,0.62,0.0,0.0,7.0,1.8968592631667593
404,2,train_0350,12265.023489878908,10240.16102085691,74.01610208569109,0.0,12339.039591964598,17.36,0.66,0.0,0.0,7.0,1.8968592631667593
405,2,train_0274,12672.837234044233,10425.021145016508,92.5021145016508,0.0,12765.339348545884,16.94,0.62,0.0,0.0,7.0,1.8968592631667593
406,2,train_0563,12367.257940398815,10168.555007627461,66.85550076274613,0.0,12434.11344116156,15.4,0.62,0.0,0.0,7.0,1.8968592631667593
407,2,train_0399,12439.00161464352,10420.30567894928,92.03056789492803,0.0,12531.032182538447,14.74,0.68,0.0,0.0,7.0,1.8968592631667593
408,2,train_0385,12551.305787832332,10930.46428779201,143.04642877920105,0.0,12694.352216611533,16.5,0.68,0.0,0.0,7.0,1.8968592631667593
409,2,train_0458,12727.410848217349,10624.216963606557,112.42169636065574,0.0,12839.832544578005,14.58,0.72,0.0,0.0,7.0,1.8968592631667593
410,2,train_0127,12707.658860912718,10340.91441464988,84.09144146498802,0.0,12791.750302377706,15.54,0.58,0.0,0.0,7.0,1.8968592631667593
411,2,train_0109,12559.224244083049,10598.916543636275,109.89165436362747,0.0,12669.115898446677,17.14,0.64,0.0,0.0,7.0,1.8968592631667593
412,2,train_0498,12404.013194537152,10446.935982349518,94.69359823495179,0.0,12498.706792772104,16.22,0.58,0.0,0.0,7.0,1.8968592631667593
413,2,train_0057,12187.133893168157,9932.18672993234,43.21867299323404,0.0,12230.352566161391,14.08,0.7,0.0,0.0,7.0,1.8968592631667593
414,2,train_0527,12479.7540102409,10438.035693965769,93.80356939657686,0.0,12573.557579637478,14.9,0.62,0.0,0.0,7.0,1.8968592631667593
415,2,train_0402,12740.549155075374,10286.242620499746,78.62426204997465,0.0,12819.173417125348,17.12,0.72,0.0,0.0,7.0,1.8968592631667593
416,2,train_0431,12412.54292588724,10302.09729331049,80.20972933104895,0.0,12492.752655218288,18.24,0.7,0.0,0.0,7.0,1.8968592631667593
417,2,train_0164,12446.527339289338,10286.736973314748,78.6736973314748,0.0,12525.201036620812,14.28,0.68,0.0,0.0,7.0,1.8968592631667593
418,2,train_0310,12223.251570972967,10048.934383781165,54.893438378116485,0.0,12278.145009351083,15.2,0.76,0.0,0.0,7.0,1.8968592631667593
419,2,train_0076,12615.269206025623,10169.097307591717,66.90973075917172,0.0,12682.178936784794,15.44,0.64,0.0,0.0,7.0,1.8968592631667593
420,2,train_0003,12297.051153780521,9977.189544640092,47.71895446400922,0.0,12344.770108244531,16.22,0.7,0.0,0.0,7.0,1.8968592631667593
421,2,train_0224,12453.96508682249,10274.271565777442,77.42715657774426,0.0,12531.392243400234,14.16,0.62,0.0,0.0,7.0,1.8968592631667593
422,2,train_0390,13076.481008953513,10001.889556614246,50.18895566142456,0.0,13126.669964614937,17.22,0.78,0.0,0.0,7.0,1.8968592631667593
423,2,train_0484,12560.776119902825,10110.69637382987,61.06963738298691,0.0,12621.845757285811,13.52,0.64,0.0,0.0,7.0,1.8968592631667593
424,2,train_0425,12501.82749281309,10996.874648049123,149.68746480491228,0.0,12651.514957618003,15.56,0.54,0.0,0.0,7.0,1.8968592631667593
425,2,train_0043,12306.968513054837,10220.704050488559,72.0704050488559,0.0,12379.038918103694,18.64,0.68,0.0,0.0,7.0,1.8968592631667593
426,2,train_0249,12764.207841377854,10349.089665081383,84.90896650813829,0.0,12849.116807885992,16.48,0.66,0.0,0.0,7.0,1.8968592631667593
427,2,train_0352,12072.152799590305,10136.318417144932,63.631841714493206,0.0,12135.7846413048,16.68,0.64,0.0,0.0,7.0,1.8968592631667593
428,2,train_0219,12369.394249421566,10352.729707993018,85.27297079930177,0.0,12454.667220220868,16.46,0.56,0.0,0.0,7.0,1.8968592631667593
429,2,train_0306,12242.281824634334,10527.21909098768,102.7219090987681,0.0,12345.003733733101,15.24,0.66,0.0,0.0,7.0,1.8968592631667593
430,2,train_0403,12726.36867270295,10573.558751945107,107.35587519451074,0.0,12833.724547897462,14.42,0.68,0.0,0.0,7.0,1.8968592631667593
431,2,train_0096,12468.749905558494,10626.704375036501,112.6704375036501,0.0,12581.420343062144,16.68,0.66,0.0,0.0,7.0,1.8968592631667593
432,3,train_0491,12814.044529244546,10152.667648488317,65.26676484883174,0.0,12879.311294093377,15.14,0.72,0.0,0.0,7.0,1.8968592631667593
433,3,train_0096,12539.359071953575,10520.961780149126,102.0961780149126,0.0,12641.455249968487,17.06,0.62,0.0,0.0,7.0,1.8968592631667593
434,3,train_0193,12360.36348160939,10328.5400079378,82.85400079377996,0.0,12443.217482403172,15.04,0.74,0.0,0.0,7.0,1.8968592631667593
435,3,train_0462,12463.385075269012,10393.320876187838,89.33208761878377,0.0,12552.717162887797,16.76,0.72,0.0,0.0,7.0,1.8968592631667593
436,3,train_0548,12628.911679791374,10435.706279841732,93.5706279841732,0.0,12722.482307775546,16.28,0.7,0.0,0.0,7.0,1.8968592631667593
437,3,train_0181,11433.958838912957,9850.591038790533,35.05910387905333,0.0,11469.01794279201,16.22,0.56,0.0,0.0,7.0,1.8968592631667593
438,3,train_0459,12389.466749950097,10191.576634992014,69.1576634992014,0.0,12458.624413449299,16.12,0.68,0.0,0.0,7.0,1.8968592631667593
439,3,train_0534,12593.032216941065,10195.30098130029,69.530098130029,0.0,12662.562315071094,16.64,0.74,0.0,0.0,7.0,1.8968592631667593
440,3,train_0098,12552.430560849181,9847.877360553139,34.78773605531387,0.0,12587.218296904495,15.38,0.7,0.0,0.0,7.0,1.8968592631667593
441,3,train_0372,12429.037771268646,10468.341668873762,96.83416688737617,0.0,12525.871938156022,16.54,0.56,0.0,0.0,7.0,1.8968592631667593
442,3,train_0301,12731.902730029964,10755.972349966647,125.59723499666471,0.0,12857.499965026629,15.68,0.48,0.0,0.0,7.0,1.8968592631667593
443,3,train_0403,12896.794997072313,10514.76226711481,101.47622671148093,0.0,12998.271223783793,14.54,0.6,0.0,0.0,7.0,1.8968592631667593
444,3,train_0576,12360.61731774902,10012.47859663993,51.24785966399304,0.0,12411.865177413012,14.14,0.66,0.0,0.0,7.0,1.8968592631667593
445,3,train_0304,13079.716568465414,10903.31555919307,140.331555919307,0.0,13220.04812438472,18.22,0.66,0.0,0.0,7.0,1.8968592631667593
446,3,train_0146,12362.584715184898,10327.41855861601,82.74185586160092,0.0,12445.326571046498,15.38,0.7,0.0,0.0,7.0,1.8968592631667593
447,3,train_0282,12313.09392374608,10195.316085708475,69.5316085708475,0.0,12382.625532316928,15.76,0.7,0.0,0.0,7.0,1.8968592631667593
448,3,train_0529,12431.961299319846,10399.796118281534,89.97961182815344,0.0,12521.940911148,14.92,0.66,0.0,0.0,7.0,1.8968592631667593
449,3,train_0161,12480.120784167537,10276.785696566192,77.67856965661923,0.0,12557.799353824155,15.4,0.74,0.0,0.0,7.0,1.8968592631667593
450,3,train_0486,12747.987696652839,10306.518962578954,80.65189625789536,0.0,12828.639592910735,14.38,0.7,0.0,0.0,7.0,1.8968592631667593
451,3,train_0182,12965.501698004584,10423.431203150814,92.34312031508144,0.0,13057.844818319665,15.54,0.66,0.0,0.0,7.0,1.8968592631667593
452,3,train_0323,12815.16115795779,10266.144881743443,76.6144881743443,0.0,12891.775646132133,17.54,0.68,0.0,0.0,7.0,1.8968592631667593
453,3,train_0505,12787.22362834027,10167.991677657385,66.79916776573846,0.0,12854.02279610601,16.76,0.66,0.0,0.0,7.0,1.8968592631667593
454,3,train_0535,12376.7216382441,10202.106014320167,70.21060143201667,0.0,12446.932239676116,15.04,0.64,0.0,0.0,7.0,1.8968592631667593
455,3,train_0213,12548.156007931047,10280.05218000468,78.00521800046809,0.0,12626.161225931515,16.32,0.7,0.0,0.0,7.0,1.8968592631667593
456,3,train_0193,12832.152574276348,10148.142335162103,64.81423351621034,0.0,12896.966807792558,15.84,0.68,0.0,0.0,7.0,1.8968592631667593
457,3,train_0298,11958.092094296266,9676.24409388349,17.624409388348976,0.0,11975.716503684615,15.12,0.64,0.0,0.0,7.0,1.8968592631667593
458,3,train_0358,12504.691371232831,9960.619333678216,46.061933367821624,0.0,12550.753304600654,16.0,0.7,0.0,0.0,7.0,1.8968592631667593
459,3,train_0356,12633.109354842087,10555.546671483287,105.55466714832875,0.0,12738.664021990415,15.18,0.6,0.0,0.0,7.0,1.8968592631667593
460,3,train_0263,11905.61770156549,10286.472919790172,78.64729197901725,0.0,11984.264993544508,15.0,0.66,0.0,0.0,7.0,1.8968592631667593
461,3,train_0208,12471.28501499183,10327.828446321546,82.78284463215459,0.0,12554.067859623985,15.24,0.78,0.0,0.0,7.0,1.8968592631667593
462,3,train_0368,12636.053374294035,10434.760380854414,93.47603808544136,0.0,12729.529412379477,16.56,0.64,0.0,0.0,7.0,1.8968592631667593
463,3,train_0047,12149.470563224611,10197.616702170197,69.76167021701967,0.0,12219.232233441631,13.94,0.66,0.0,0.0,7.0,1.8968592631667593
464,3,train_0467,13155.524312254613,10553.551837224702,105.35518372247026,0.0,13260.879495977082,14.98,0.46,0.0,0.0,7.0,1.8968592631667593
465,3,train_0296,12247.034240519868,10506.251283726713,100.62512837267133,0.0,12347.659368892539,15.88,0.84,0.0,0.0,7.0,1.8968592631667593
466,3,train_0563,12324.31461650802,10381.167754453196,88.11677544531959,0.0,12412.43139195334,15.84,0.54,0.0,0.0,7.0,1.8968592631667593
467,3,train_0511,12074.8329060275,10052.41779746681,55.24177974668092,0.0,12130.07468577418,16.1,0.66,0.0,0.0,7.0,1.8968592631667593
468,3,train_0125,12103.908598173919,10269.555229510484,76.95552295104845,0.0,12180.864121124967,17.12,0.62,0.0,0.0,7.0,1.8968592631667593
469,3,train_0568,12986.368305008718,10712.762421497067,121.27624214970675,0.0,13107.644547158425,16.32,0.62,0.0,0.0,7.0,1.8968592631667593
470,3,train_0319,12694.843772767854,10310.969182276647,81.09691822766473,0.0,12775.940690995518,16.14,0.54,0.0,0.0,7.0,1.8968592631667593
471,3,train_0350,12389.656472625426,10031.978093955451,53.19780939554512,0.0,12442.854282020971,16.0,0.76,0.0,0.0,7.0,1.8968592631667593
472,3,train_0562,12551.956092145825,10389.17575920012,88.91757592001196,0.0,12640.873668065837,14.58,0.68,0.0,0.0,7.0,1.8968592631667593
473,3,train_0230,12140.957165992604,10619.554302221619,111.9554302221619,0.0,12252.912596214766,15.72,0.62,0.0,0.0,7.0,1.8968592631667593
474,3,train_0359,12500.58352128003,10633.88043573898,113.388043573898,0.0,12613.971564853928,15.34,0.68,0.0,0.0,7.0,1.8968592631667593
475,3,train_0099,12274.41096656472,10023.616169785226,52.361616978522584,0.0,12326.772583543241,16.42,0.62,0.0,0.0,7.0,1.8968592631667593
476,3,train_0526,12590.216346260666,10629.125201487062,112.91252014870625,0.0,12703.128866409372,16.62,0.58,0.0,0.0,7.0,1.8968592631667593
477,3,train_0372,12727.631325465994,10419.249829662836,91.92498296628365,0.0,12819.556308432278,16.94,0.72,0.0,0.0,7.0,1.8968592631667593
478,3,train_0583,12284.938099558693,10633.11090722464,113.311090722464,0.0,12398.249190281156,15.46,0.68,0.0,0.0,7.0,1.8968592631667593
479,3,train_0391,12483.834072086047,10227.500082810402,72.75000828104021,0.0,12556.584080367087,16.34,0.6,0.0,0.0,7.0,1.8968592631667593
480,3,train_0008,12524.974637841373,10644.28409945921,114.42840994592098,0.0,12639.403047787295,14.6,0.64,0.0,0.0,7.0,1.8968592631667593
481,3,train_0185,12515.48589659893,10378.07588345405,87.80758834540502,0.0,12603.293484944335,15.78,0.74,0.0,0.0,7.0,1.8968592631667593
482,3,train_0462,12525.004411620022,10566.100575408462,106.61005754084619,0.0,12631.614469160868,16.86,0.74,0.0,0.0,7.0,1.8968592631667593
483,3,train_0197,12717.480365083018,10530.120405259411,103.01204052594113,0.0,12820.492405608959,16.1,0.68,0.0,0.0,7.0,1.8968592631667593
484,3,train_0207,12282.046708618473,9931.53292353266,43.15329235326608,0.0,12325.20000097174,15.98,0.74,0.0,0.0,7.0,1.8968592631667593
485,3,train_0064,12682.011271275293,10557.588266206261,105.75882662062614,0.0,12787.770097895918,17.24,0.72,0.0,0.0,7.0,1.8968592631667593
486,3,train_0070,11756.989278470353,10083.048995572128,58.30489955721278,0.0,11815.294178027567,15.72,0.6,0.0,0.0,7.0,1.8968592631667593
487,3,train_0092,12536.649655315388,10607.262721439693,110.72627214396925,0.0,12647.375927459358,17.22,0.6,0.0,0.0,7.0,1.8968592631667593
488,3,train_0248,12412.71413522749,10286.500099473817,78.65000994738166,0.0,12491.364145174872,16.2,0.66,0.0,0.0,7.0,1.8968592631667593
489,3,train_0218,12587.804148877463,10566.960828946027,106.69608289460267,0.0,12694.500231772066,16.0,0.74,0.0,0.0,7.0,1.8968592631667593
490,3,train_0322,12495.602735063843,10054.821236324096,55.48212363240964,0.0,12551.084858696253,15.46,0.68,0.0,0.0,7.0,1.8968592631667593
491,3,train_0535,12376.528932855392,10321.309662519663,82.13096625196631,0.0,12458.659899107359,14.56,0.72,0.0,0.0,7.0,1.8968592631667593
492,3,train_0597,12278.316294545353,10403.709803945407,90.37098039454068,0.0,12368.687274939894,16.92,0.62,0.0,0.0,7.0,1.8968592631667593
493,3,train_0256,12586.599961449265,10234.65664357389,73.46566435738896,0.0,12660.065625806654,16.2,0.54,0.0,0.0,7.0,1.8968592631667593
494,3,train_0294,12518.688834815757,10345.003266664797,84.50032666647968,0.0,12603.189161482236,16.16,0.64,0.0,0.0,7.0,1.8968592631667593
495,3,train_0465,12738.703603156013,10445.221631421588,94.52216314215876,0.0,12833.225766298172,16.64,0.64,0.0,0.0,7.0,1.8968592631667593
496,3,train_0039,13033.029804781476,10372.75512855392,87.27551285539194,0.0,13120.305317636868,16.44,0.66,0.0,0.0,7.0,1.8968592631667593
497,3,train_0132,12534.140698551808,10277.298950530789,77.72989505307888,0.0,12611.870593604886,17.32,0.68,0.0,0.0,7.0,1.8968592631667593
498,3,train_0594,12091.199094840937,10273.687512426935,77.36875124269355,0.0,12168.56784608363,18.64,0.76,0.0,0.0,7.0,1.8968592631667593
499,3,train_0296,12661.302793214163,10464.354614907552,96.43546149075519,0.0,12757.738254704918,15.98,0.8,0.0,0.0,7.0,1.8968592631667593
500,3,train_0127,12613.021447310999,10293.82817125351,79.382817125351,0.0,12692.40426443635,14.8,0.7,0.0,0.0,7.0,1.8968592631667593
501,3,train_0142,12854.16876186959,10397.297682540026,89.72976825400256,0.0,12943.898530123593,15.88,0.78,0.0,0.0,7.0,1.8968592631667593
502,3,train_0047,12027.161904368726,10411.48048584853,91.14804858485296,0.0,12118.30995295358,14.78,0.64,0.0,0.0,7.0,1.8968592631667593
503,3,train_0424,12533.241307705273,10781.142863668108,128.11428636681086,0.0,12661.355594072083,18.82,0.7,0.0,0.0,7.0,1.8968592631667593
504,3,train_0178,12133.380252704497,10181.399854366478,68.13998543664785,0.0,12201.520238141145,15.5,0.6,0.0,0.0,7.0,1.8968592631667593
505,3,train_0028,12709.262552955479,10403.342884621065,90.33428846210646,0.0,12799.596841417586,16.88,0.56,0.0,0.0,7.0,1.8968592631667593
506,3,train_0206,12566.5716879736,10925.268761836805,142.52687618368054,0.0,12709.09856415728,15.52,0.78,0.0,0.0,7.0,1.8968592631667593
507,3,train_0179,11931.276354462854,10435.489024723236,93.54890247232362,0.0,12024.825256935177,15.92,0.76,0.0,0.0,7.0,1.8968592631667593
508,3,train_0429,12788.475882648614,10667.52999861958,116.75299986195806,0.0,12905.228882510572,15.92,0.56,0.0,0.0,7.0,1.8968592631667593
509,3,train_0397,12476.736379345239,9833.520134943166,33.35201349431664,0.0,12510.088392839556,15.88,0.7,0.0,0.0,7.0,1.8968592631667593
510,3,train_0088,12301.899297219083,10741.261778505086,124.12617785050861,0.0,12426.025475069591,15.64,0.72,0.0,0.0,7.0,1.8968592631667593
511,3,train_0243,12895.155154603326,9859.278590266711,35.92785902667111,0.0,12931.083013629997,16.2,0.68,0.0,0.0,7.0,1.8968592631667593
512,3,train_0066,12366.190301848728,10530.016234717432,103.00162347174319,0.0,12469.191925320472,17.48,0.6,0.0,0.0,7.0,1.8968592631667593
513,3,train_0034,12352.760694127972,10312.130293651231,81.21302936512312,0.0,12433.973723493094,15.84,0.56,0.0,0.0,7.0,1.8968592631667593
514,3,train_0280,12368.982914900822,10623.093170854592,112.30931708545923,0.0,12481.292231986281,16.4,0.66,0.0,0.0,7.0,1.8968592631667593
515,3,train_0479,12788.128495858797,10915.068875651861,141.50688756518613,0.0,12929.635383423984,16.28,0.68,0.0,0.0,7.0,1.8968592631667593
516,3,train_0031,12553.772949261063,10215.3591409461,71.53591409461005,0.0,12625.308863355673,17.1,0.44,0.0,0.0,7.0,1.8968592631667593
517,3,train_0027,12348.607873552213,10662.78853809841,116.278853809841,0.0,12464.886727362054,15.2,0.66,0.0,0.0,7.0,1.8968592631667593
518,3,train_0291,12661.730834424561,10416.661334988185,91.66613349881845,0.0,12753.39696792338,15.32,0.64,0.0,0.0,7.0,1.8968592631667593
519,3,train_0293,12002.55366263125,10316.285907675621,81.62859076756213,0.0,12084.182253398812,14.74,0.84,0.0,0.0,7.0,1.8968592631667593
520,3,train_0542,12337.010775873878,10076.737696351163,57.67376963511634,0.0,12394.684545508993,15.1,0.74,0.0,0.0,7.0,1.8968592631667593
521,3,train_0454,12566.484952378292,11090.101456550869,159.01014565508686,0.0,12725.49509803338,15.88,0.62,0.0,0.0,7.0,1.8968592631667593
522,3,train_0319,12521.821667562968,10614.29950247658,111.42995024765806,0.0,12633.251617810627,16.02,0.58,0.0,0.0,7.0,1.8968592631667593
523,3,train_0429,12519.094028534655,10900.686377770766,140.0686377770766,0.0,12659.162666311731,16.74,0.68,0.0,0.0,7.0,1.8968592631667593
524,3,train_0191,12584.705121744455,10204.226337281048,70.42263372810486,0.0,12655.12775547256,15.18,0.58,0.0,0.0,7.0,1.8968592631667593
525,3,train_0007,13366.073488976688,11162.974192380676,166.29741923806762,0.0,13532.370908214756,15.74,0.76,0.0,0.0,7.0,1.8968592631667593
526,3,train_0582,12703.64915124671,10417.204216691727,91.72042166917272,0.0,12795.369572915883,17.78,0.68,0.0,0.0,7.0,1.8968592631667593
527,3,train_0531,12596.495195038631,10501.85664973458,100.18566497345802,0.0,12696.68086001209,18.48,0.66,0.0,0.0,7.0,1.8968592631667593
528,3,train_0367,12560.600993660988,10300.101103010204,80.01011030102036,0.0,12640.611103962008,15.12,0.6,0.0,0.0,7.0,1.8968592631667593
529,3,train_0534,12594.374203835656,10338.318099697088,83.83180996970879,0.0,12678.206013805364,16.6,0.7,0.0,0.0,7.0,1.8968592631667593
530,3,train_0052,12834.777106728256,10385.034711836022,88.50347118360224,0.0,12923.280577911857,15.66,0.72,0.0,0.0,7.0,1.8968592631667593
531,3,train_0131,12914.031294264303,10689.659170507572,118.96591705075717,0.0,13032.99721131506,15.2,0.6,0.0,0.0,7.0,1.8968592631667593
532,3,train_0274,12695.584473995974,10353.626728416355,85.36267284163551,0.0,12780.947146837609,17.12,0.62,0.0,0.0,7.0,1.8968592631667593
533,3,train_0088,12741.598748409684,10217.257153893275,71.72571538932753,0.0,12813.324463799012,15.82,0.62,0.0,0.0,7.0,1.8968592631667593
534,3,train_0081,12472.143537232161,10337.584433637183,83.7584433637183,0.0,12555.90198059588,17.02,0.78,0.0,0.0,7.0,1.8968592631667593
535,3,train_0461,12612.65717011267,10371.606667316024,87.1606667316024,0.0,12699.817836844273,13.96,0.68,0.0,0.0,7.0,1.8968592631667593
536,3,train_0020,12531.023640628497,10603.6829813643,110.36829813642998,0.0,12641.391938764926,15.28,0.68,0.0,0.0,7.0,1.8968592631667593
537,3,train_0253,12232.176423919667,10034.86978851481,53.48697885148104,0.0,12285.663402771148,17.26,0.68,0.0,0.0,7.0,1.8968592631667593
538,3,train_0003,12104.570412211895,10227.853244927512,72.78532449275117,0.0,12177.355736704647,16.86,0.64,0.0,0.0,7.0,1.8968592631667593
539,3,train_0359,12484.482044102362,10632.00078283253,113.20007828325306,0.0,12597.682122385615,15.7,0.74,0.0,0.0,7.0,1.8968592631667593
540,3,train_0314,12429.491567183406,10454.795217112982,95.47952171129819,0.0,12524.971088894705,16.6,0.7,0.0,0.0,7.0,1.8968592631667593
541,3,train_0068,12558.201706337131,10339.965541143232,83.99655411432323,0.0,12642.198260451454,14.86,0.7,0.0,0.0,7.0,1.8968592631667593
542,3,train_0197,12519.355533643222,10514.975570348824,101.49755703488245,0.0,12620.853090678105,16.4,0.66,0.0,0.0,7.0,1.8968592631667593
543,3,train_0344,12415.325262747305,10576.926827813797,107.6926827813797,0.0,12523.017945528685,16.0,0.66,0.0,0.0,7.0,1.8968592631667593
544,3,train_0121,12329.865075560094,10062.752546279917,56.27525462799167,0.0,12386.140330188085,14.34,0.62,0.0,0.0,7.0,1.8968592631667593
545,3,train_0480,12886.01576412371,10548.269096215634,104.8269096215634,0.0,12990.842673745272,14.16,0.62,0.0,0.0,7.0,1.8968592631667593
546,3,train_0068,12780.73465278399,10264.90055462792,76.49005546279204,0.0,12857.224708246784,14.48,0.64,0.0,0.0,7.0,1.8968592631667593
547,3,train_0035,12933.954900289003,10824.816780453977,132.48167804539773,0.0,13066.436578334402,18.26,0.66,0.0,0.0,7.0,1.8968592631667593
548,3,train_0023,12021.85682197514,10392.071010258063,89.20710102580634,0.0,12111.063923000946,14.86,0.54,0.0,0.0,7.0,1.8968592631667593
549,3,train_0124,12444.60204534525,10711.568573401177,121.15685734011768,0.0,12565.758902685368,17.64,0.86,0.0,0.0,7.0,1.8968592631667593
550,3,train_0036,12088.978400456428,10446.174244009428,94.61742440094277,0.0,12183.595824857372,16.28,0.76,0.0,0.0,7.0,1.8968592631667593
551,3,train_0292,12820.981208237043,10165.734713596805,66.57347135968048,0.0,12887.554679596724,18.16,0.64,0.0,0.0,7.0,1.8968592631667593
552,3,train_0576,12088.019895242305,10268.111938765696,76.81119387656963,0.0,12164.831089118874,13.14,0.7,0.0,0.0,7.0,1.8968592631667593
553,3,train_0332,12076.259000893318,10304.223391602158,80.42233916021578,0.0,12156.681340053534,15.7,0.64,0.0,0.0,7.0,1.8968592631667593
554,3,train_0521,12536.28818276959,10197.40441408721,69.74044140872103,0.0,12606.02862417831,17.76,0.52,0.0,0.0,7.0,1.8968592631667593
555,3,train_0550,12357.886631147163,10460.28611699666,96.028611699666,0.0,12453.91524284683,17.8,0.62,0.0,0.0,7.0,1.8968592631667593
556,3,train_0341,12923.53598348657,10459.222987624255,95.92229876242546,0.0,13019.458282248996,16.14,0.56,0.0,0.0,7.0,1.8968592631667593
557,3,train_0486,12750.07389412043,10631.248741426713,113.12487414267126,0.0,12863.198768263102,14.8,0.68,0.0,0.0,7.0,1.8968592631667593
558,3,train_0025,12546.10934147394,10661.24750346713,116.12475034671297,0.0,12662.234091820654,15.54,0.7,0.0,0.0,7.0,1.8968592631667593
559,3,train_0369,12352.511258146913,10334.70401363654,83.47040136365395,0.0,12435.981659510568,15.08,0.76,0.0,0.0,7.0,1.8968592631667593
560,3,train_0274,12720.384717025048,10536.628761165326,103.66287611653262,0.0,12824.04759314158,15.6,0.66,0.0,0.0,7.0,1.8968592631667593
561,3,train_0259,12633.019254736124,10440.14689316274,94.01468931627406,0.0,12727.033944052399,14.76,0.58,0.0,0.0,7.0,1.8968592631667593
562,3,train_0526,12479.314280063965,10307.11886182928,80.711886182928,0.0,12560.026166246893,17.12,0.7,0.0,0.0,7.0,1.8968592631667593
563,3,train_0339,12765.036502428615,10581.931046412421,108.1931046412421,0.0,12873.229607069858,16.88,0.68,0.0,0.0,7.0,1.8968592631667593
564,3,train_0176,13021.222860683753,10509.276441800095,100.92764418000952,0.0,13122.150504863763,14.76,0.48,0.0,0.0,7.0,1.8968592631667593
565,3,train_0393,12604.224209775846,10365.968094167914,86.59680941679144,0.0,12690.821019192637,13.2,0.52,0.0,0.0,7.0,1.8968592631667593
566,3,train_0114,12303.44956419806,10453.524019024288,95.35240190242877,0.0,12398.801966100487,15.66,0.62,0.0,0.0,7.0,1.8968592631667593
567,3,train_0529,12490.946421927554,10443.76472874954,94.37647287495402,0.0,12585.322894802508,16.98,0.68,0.0,0.0,7.0,1.8968592631667593
568,3,train_0037,13383.993863253869,10402.629821173938,90.26298211739378,0.0,13474.256845371263,15.72,0.62,0.0,0.0,7.0,1.8968592631667593
569,3,train_0433,12423.036485001585,9946.660558270418,44.66605582704179,0.0,12467.702540828626,14.76,0.7,0.0,0.0,7.0,1.8968592631667593
570,3,train_0369,12248.061951306656,10378.295299059168,87.82952990591676,0.0,12335.891481212573,14.94,0.66,0.0,0.0,7.0,1.8968592631667593
571,3,train_0310,12034.023732732105,10174.35305506041,67.435305506041,0.0,12101.459038238147,14.34,0.76,0.0,0.0,7.0,1.8968592631667593
572,3,train_0539,12461.814205289975,10010.784242349217,51.07842423492166,0.0,12512.892629524897,14.64,0.62,0.0,0.0,7.0,1.8968592631667593
573,3,train_0307,12578.4216491296,10083.511697687642,58.35116976876416,0.0,12636.772818898364,16.72,0.76,0.0,0.0,7.0,1.8968592631667593
574,3,train_0055,12300.239715754033,10969.18896190201,146.91889619020094,0.0,12447.158611944233,14.22,0.74,0.0,0.0,7.0,1.8968592631667593
575,3,train_0019,12697.428586204504,10367.032416210724,86.70324162107245,0.0,12784.131827825577,16.38,0.62,0.0,0.0,7.0,1.8968592631667593
576,4,train_0315,12961.98146728631,10644.995076462512,114.49950764625119,0.0,13076.480974932561,15.46,0.58,0.0,0.0,7.0,1.8968592631667593
577,4,train_0250,12641.485453852169,10169.453057162882,66.9453057162882,0.0,12708.430759568457,15.58,0.72,0.0,0.0,7.0,1.8968592631667593
578,4,train_0545,12207.393650770024,10272.432856008516,77.2432856008516,0.0,12284.636936370875,17.52,0.66,0.0,0.0,7.0,1.8968592631667593
579,4,train_0070,11819.112181783483,10072.371700386182,57.23717003861821,0.0,11876.3493518221,15.0,0.62,0.0,0.0,7.0,1.8968592631667593
580,4,train_0565,12813.617144325366,10736.224873332096,123.62248733320958,0.0,12937.239631658576,15.36,0.64,0.0,0.0,7.0,1.8968592631667593
581,4,train_0548,12561.712120555982,10708.31562819712,120.83156281971206,0.0,12682.543683375694,16.3,0.56,0.0,0.0,7.0,1.8968592631667593
582,4,train_0536,12136.58719684479,10394.828894935717,89.48288949357175,0.0,12226.07008633836,15.68,0.74,0.0,0.0,7.0,1.8968592631667593
583,4,train_0424,12722.901608707092,10646.478389984299,114.64783899842988,0.0,12837.549447705522,19.54,0.68,0.0,0.0,7.0,1.8968592631667593
584,4,train_0149,12562.452988271412,10521.723860044596,102.17238600445963,0.0,12664.625374275873,17.12,0.74,0.0,0.0,7.0,1.8968592631667593
585,4,train_0055,12516.418349424024,10483.34235999607,98.33423599960697,0.0,12614.752585423632,14.02,0.78,0.0,0.0,7.0,1.8968592631667593
586,4,train_0535,12757.937943987818,9903.482925437975,40.34829254379747,0.0,12798.286236531614,14.84,0.8,0.0,0.0,7.0,1.8968592631667593
587,4,train_0480,12771.772720103123,10417.519221198081,91.75192211980811,0.0,12863.524642222932,15.0,0.7,0.0,0.0,7.0,1.8968592631667593
588,4,train_0341,12827.805746297923,10664.5176409911,116.45176409911001,0.0,12944.257510397034,15.82,0.58,0.0,0.0,7.0,1.8968592631667593
589,4,train_0478,12470.901145559865,10631.16553099094,113.11655309909402,0.0,12584.01769865896,16.14,0.66,0.0,0.0,7.0,1.8968592631667593
590,4,train_0040,12537.411556231642,10403.015158876242,90.30151588762419,0.0,12627.713072119266,16.3,0.66,0.0,0.0,7.0,1.8968592631667593
591,4,train_0255,12323.98133392852,9929.762680673903,42.976268067390265,0.0,12366.95760199591,16.86,0.68,0.0,0.0,7.0,1.8968592631667593
592,4,train_0230,11964.054216474793,10543.917966356132,104.39179663561318,0.0,12068.446013110406,15.62,0.68,0.0,0.0,7.0,1.8968592631667593
593,4,train_0442,12839.961073108592,10276.357599045743,77.6357599045743,0.0,12917.596833013167,15.7,0.7,0.0,0.0,7.0,1.8968592631667593
594,4,train_0023,12190.991136182725,10023.140811143207,52.31408111432066,0.0,12243.305217297046,15.52,0.68,0.0,0.0,7.0,1.8968592631667593
595,4,train_0301,12581.085425667603,10762.133438376108,126.21334383761078,0.0,12707.298769505214,15.84,0.6,0.0,0.0,7.0,1.8968592631667593
596,4,train_0508,12817.415946571306,10528.896973267165,102.88969732671649,0.0,12920.305643898022,14.64,0.68,0.0,0.0,7.0,1.8968592631667593
597,4,train_0400,12705.801081554728,10820.372438955786,132.03724389557865,0.0,12837.838325450306,16.26,0.56,0.0,0.0,7.0,1.8968592631667593
598,4,train_0598,12545.826552919887,9999.228706859649,49.92287068596488,0.0,12595.749423605852,15.22,0.66,0.0,0.0,7.0,1.8968592631667593
599,4,train_0040,12599.910661962542,10375.662623432174,87.56626234321739,0.0,12687.47692430576,16.74,0.58,0.0,0.0,7.0,1.8968592631667593
600,4,train_0498,12362.441396016195,10616.561919273001,111.6561919273001,0.0,12474.097587943495,16.36,0.66,0.0,0.0,7.0,1.8968592631667593
601,4,train_0563,12308.29168422929,10394.661962515615,89.46619625156146,0.0,12397.757880480853,15.44,0.72,0.0,0.0,7.0,1.8968592631667593
602,4,train_0139,12458.872619899978,10138.823581569595,63.882358156959526,0.0,12522.754978056937,14.78,0.66,0.0,0.0,7.0,1.8968592631667593
603,4,train_0118,12400.166293701845,10496.478521037905,99.64785210379051,0.0,12499.814145805634,15.14,0.72,0.0,0.0,7.0,1.8968592631667593
604,4,train_0442,12537.609727447396,10678.229748931157,117.82297489311568,0.0,12655.432702340511,14.9,0.7,0.0,0.0,7.0,1.8968592631667593
605,4,train_0588,12626.875046350657,10078.21898361389,57.82189836138896,0.0,12684.696944712046,15.44,0.62,0.0,0.0,7.0,1.8968592631667593
606,4,train_0228,12656.827133312174,10069.451940932666,56.945194093266586,0.0,12713.77232740544,14.9,0.66,0.0,0.0,7.0,1.8968592631667593
607,4,train_0574,12761.284170902047,10059.385161471104,55.93851614711039,0.0,12817.222687049158,15.08,0.64,0.0,0.0,7.0,1.8968592631667593
608,4,train_0226,12297.539083149404,10150.803739658882,65.08037396588826,0.0,12362.619457115292,15.3,0.74,0.0,0.0,7.0,1.8968592631667593
609,4,train_0457,12595.355132907858,10215.035236545544,71.50352365455437,0.0,12666.858656562412,15.24,0.74,0.0,0.0,7.0,1.8968592631667593
610,4,train_0401,12121.615768961285,10007.789648665392,50.77896486653918,0.0,12172.394733827823,17.36,0.66,0.0,0.0,7.0,1.8968592631667593
611,4,train_0093,12089.131326168937,10057.478177167337,55.7478177167337,0.0,12144.879143885672,18.0,0.64,0.0,0.0,7.0,1.8968592631667593
612,4,train_0102,12625.712711463231,9994.533487331779,49.45334873317788,0.0,12675.166060196409,14.6,0.66,0.0,0.0,7.0,1.8968592631667593
613,4,train_0588,12269.81837096102,10278.341730926562,77.83417309265624,0.0,12347.652544053677,18.18,0.68,0.0,0.0,7.0,1.8968592631667593
614,4,train_0366,12218.202620309758,10357.94763522983,85.79476352298298,0.0,12303.99738383274,15.88,0.56,0.0,0.0,7.0,1.8968592631667593
615,4,train_0396,12465.838461722156,10526.767648693001,102.67676486930014,0.0,12568.515226591457,14.0,0.66,0.0,0.0,7.0,1.8968592631667593
616,4,train_0056,12069.973559008158,9823.41246426258,32.34124642625793,0.0,12102.314805434416,16.14,0.64,0.0,0.0,7.0,1.8968592631667593
617,4,train_0512,12511.723114491073,10345.868535723474,84.58685357234737,0.0,12596.30996806342,16.84,0.6,0.0,0.0,7.0,1.8968592631667593
618,4,train_0390,12597.352530420554,10521.10516499035,102.11051649903493,0.0,12699.463046919589,17.82,0.7,0.0,0.0,7.0,1.8968592631667593
619,4,train_0535,12467.611512988184,10033.072766313308,53.30727663133075,0.0,12520.918789619514,14.62,0.64,0.0,0.0,7.0,1.8968592631667593
620,4,train_0246,12143.099440304204,10308.697626096462,80.86976260964622,0.0,12223.96920291385,15.16,0.7,0.0,0.0,7.0,1.8968592631667593
621,4,train_0418,12661.816028649042,10424.32778693789,92.43277869378909,0.0,12754.24880734283,17.32,0.74,0.0,0.0,7.0,1.8968592631667593
622,4,train_0123,12370.844240392218,10641.354065877002,114.13540658770017,0.0,12484.979646979918,15.3,0.72,0.0,0.0,7.0,1.8968592631667593
623,4,train_0390,12847.851831337848,10271.942820793367,77.1942820793367,0.0,12925.046113417186,16.5,0.78,0.0,0.0,7.0,1.8968592631667593
624,4,train_0090,12550.275707944707,10388.730280773536,88.8730280773536,0.0,12639.148736022062,14.22,0.56,0.0,0.0,7.0,1.8968592631667593
625,4,train_0207,12272.925761688883,9765.899704028174,26.589970402817382,0.0,12299.5157320917,15.44,0.7,0.0,0.0,7.0,1.8968592631667593
626,4,train_0323,12394.713661879214,10546.372118744996,104.63721187449956,0.0,12499.350873753714,15.46,0.7,0.0,0.0,7.0,1.8968592631667593
627,4,train_0340,12415.170038347043,10553.190644331096,105.31906443310965,0.0,12520.489102780153,17.02,0.7,0.0,0.0,7.0,1.8968592631667593
628,4,train_0397,12373.89306653374,10290.500778822647,79.05007788226467,0.0,12452.943144416004,15.04,0.7,0.0,0.0,7.0,1.8968592631667593
629,4,train_0045,12668.715684783696,9963.564838169546,46.35648381695464,0.0,12715.072168600651,14.48,0.7,0.0,0.0,7.0,1.8968592631667593
630,4,train_0298,11949.106331797557,10111.60282520622,61.16028252062206,0.0,12010.26661431818,15.92,0.72,0.0,0.0,7.0,1.8968592631667593
631,4,train_0248,12514.685038552365,10279.22829788283,77.92282978828298,0.0,12592.607868340649,15.88,0.62,0.0,0.0,7.0,1.8968592631667593
632,4,train_0385,12870.67787868623,10781.431366079363,128.14313660793633,0.0,12998.821015294167,16.08,0.76,0.0,0.0,7.0,1.8968592631667593
633,4,train_0071,12634.27653487883,10578.541241333143,107.85412413331433,0.0,12742.130659012146,15.12,0.56,0.0,0.0,7.0,1.8968592631667593
634,4,train_0560,12341.691235736038,10412.926511587595,91.29265115875951,0.0,12432.983886894797,16.58,0.56,0.0,0.0,7.0,1.8968592631667593
635,4,train_0552,12358.761564538694,10196.213200732713,69.62132007327128,0.0,12428.382884611965,15.28,0.7,0.0,0.0,7.0,1.8968592631667593
636,4,train_0581,12431.58780674644,10203.276648344623,70.32766483446231,0.0,12501.915471580902,16.7,0.64,0.0,0.0,7.0,1.8968592631667593
637,4,train_0311,12587.046771877925,10099.9263558856,59.992635588560006,0.0,12647.039407466485,17.2,0.74,0.0,0.0,7.0,1.8968592631667593
638,4,train_0324,12285.811088987664,10428.104883125066,92.81048831250665,0.0,12378.621577300171,14.76,0.56,0.0,0.0,7.0,1.8968592631667593
639,4,train_0173,12763.75731170467,10498.110056902831,99.81100569028314,0.0,12863.568317394953,16.72,0.7,0.0,0.0,7.0,1.8968592631667593
640,4,train_0122,12402.3058053642,10119.435036920317,61.94350369203167,0.0,12464.249309056231,14.9,0.68,0.0,0.0,7.0,1.8968592631667593
641,4,train_0193,12635.10690062393,10220.861256023423,72.08612560234234,0.0,12707.193026226272,14.36,0.64,0.0,0.0,7.0,1.8968592631667593
642,4,train_0084,12179.061279636113,10151.879911365068,65.18799113650675,0.0,12244.24927077262,18.52,0.66,0.0,0.0,7.0,1.8968592631667593
643,4,train_0099,12362.583579944516,9994.82573641956,49.48257364195597,0.0,12412.066153586471,17.24,0.58,0.0,0.0,7.0,1.8968592631667593
644,4,train_0432,12461.134485395727,10097.306520943777,59.73065209437773,0.0,12520.865137490106,14.38,0.82,0.0,0.0,7.0,1.8968592631667593
645,4,train_0070,11822.262874917651,10009.970245089726,50.99702450897257,0.0,11873.259899426623,16.26,0.7,0.0,0.0,7.0,1.8968592631667593
646,4,train_0517,12772.310041217906,10796.151558346026,129.6151558346026,0.0,12901.92519705251,16.66,0.8,0.0,0.0,7.0,1.8968592631667593
647,4,train_0085,12556.050236126368,10196.992421681718,69.6992421681718,0.0,12625.74947829454,15.16,0.68,0.0,0.0,7.0,1.8968592631667593
648,4,train_0178,12388.643352133113,10230.412779705543,73.04127797055426,0.0,12461.684630103668,15.64,0.58,0.0,0.0,7.0,1.8968592631667593
649,4,train_0373,13036.018504018994,10254.48914506596,75.44891450659598,0.0,13111.46741852559,16.66,0.64,0.0,0.0,7.0,1.8968592631667593
650,4,train_0076,12538.371022510895,10188.535660914436,68.85356609144365,0.0,12607.22458860234,15.68,0.46,0.0,0.0,7.0,1.8968592631667593
651,4,train_0434,12665.130053037523,10343.3832443131,84.33832443130996,0.0,12749.468377468833,16.02,0.6,0.0,0.0,7.0,1.8968592631667593
652,4,train_0436,12897.080147819157,10462.818964661727,96.28189646617267,0.0,12993.36204428533,15.5,0.68,0.0,0.0,7.0,1.8968592631667593
653,4,train_0060,12412.745796028992,10440.66527423848,94.06652742384796,0.0,12506.81232345284,17.02,0.64,0.0,0.0,7.0,1.8968592631667593
654,4,train_0235,12401.183562449922,10841.64112519284,134.16411251928403,0.0,12535.347674969205,14.9,0.6,0.0,0.0,7.0,1.8968592631667593
655,4,train_0062,12275.719573076844,10204.980633629886,70.49806336298862,0.0,12346.217636439833,15.94,0.62,0.0,0.0,7.0,1.8968592631667593
656,4,train_0368,12697.833957041117,10428.490421578408,92.84904215784081,0.0,12790.682999198958,13.96,0.7,0.0,0.0,7.0,1.8968592631667593
657,4,train_0599,12406.323533462126,9900.597518596685,40.059751859668545,0.0,12446.383285321794,16.46,0.76,0.0,0.0,7.0,1.8968592631667593
658,4,train_0221,12482.00419813396,10160.605818321248,66.06058183212481,0.0,12548.064779966086,16.9,0.66,0.0,0.0,7.0,1.8968592631667593
659,4,train_0011,12188.97399633973,9984.953385928255,48.49533859282547,0.0,12237.469334932555,14.62,0.8,0.0,0.0,7.0,1.8968592631667593
660,4,train_0100,11952.245666508647,9831.244276041896,33.12442760418963,0.0,11985.370094112835,15.74,0.74,0.0,0.0,7.0,1.8968592631667593
661,4,train_0044,12359.434041092514,10912.753147653852,141.27531476538516,0.0,12500.7093558579,16.82,0.7,0.0,0.0,7.0,1.8968592631667593
662,4,train_0572,12871.734158114907,10079.931594879108,57.993159487910816,0.0,12929.727317602817,13.92,0.72,0.0,0.0,7.0,1.8968592631667593
663,4,train_0057,12315.361497434324,9931.685658100043,43.168565810004296,0.0,12358.530063244329,15.78,0.62,0.0,0.0,7.0,1.8968592631667593
664,4,train_0235,12672.560215704105,10336.8596921865,83.68596921864992,0.0,12756.246184922755,15.76,0.68,0.0,0.0,7.0,1.8968592631667593
665,4,train_0023,12118.90833951176,10089.861538655636,58.98615386556358,0.0,12177.894493377324,14.96,0.66,0.0,0.0,7.0,1.8968592631667593
666,4,train_0050,12300.429869348685,10249.669662859254,74.96696628592545,0.0,12375.39683563461,14.8,0.76,0.0,0.0,7.0,1.8968592631667593
667,4,train_0239,12194.99883436297,10659.933836086439,115.99338360864385,0.0,12310.992217971614,15.06,0.64,0.0,0.0,7.0,1.8968592631667593
668,4,train_0316,12556.642279656618,10437.83852382531,93.78385238253105,0.0,12650.426132039149,17.68,0.72,0.0,0.0,7.0,1.8968592631667593
669,4,train_0097,12414.700202716636,10294.762052717788,79.47620527177878,0.0,12494.176407988416,16.06,0.7,0.0,0.0,7.0,1.8968592631667593
670,4,train_0077,12301.385555542112,10059.940701797059,55.994070179705886,0.0,12357.379625721818,15.96,0.72,0.0,0.0,7.0,1.8968592631667593
671,4,train_0240,12805.821767606458,10745.048064558585,124.5048064558585,0.0,12930.326574062316,14.16,0.62,0.0,0.0,7.0,1.8968592631667593
672,4,train_0546,12412.020133303125,10517.85994524075,101.78599452407508,0.0,12513.8061278272,19.42,0.58,0.0,0.0,7.0,1.8968592631667593
673,4,train_0263,12089.481188550573,10001.62551499896,50.162551499895926,0.0,12139.64374005047,15.8,0.62,0.0,0.0,7.0,1.8968592631667593
674,4,train_0348,12388.984926614074,10454.106159780378,95.41061597803782,0.0,12484.395542592112,16.78,0.64,0.0,0.0,7.0,1.8968592631667593
675,4,train_0060,12451.75330917726,10364.762293445723,86.47622934457232,0.0,12538.229538521833,18.04,0.78,0.0,0.0,7.0,1.8968592631667593
676,4,train_0230,12684.411554150338,10244.025974029108,74.40259740291076,0.0,12758.814151553248,15.46,0.72,0.0,0.0,7.0,1.8968592631667593
677,4,train_0453,12332.14996077953,10296.141200694501,79.61412006945011,0.0,12411.764080848981,18.04,0.66,0.0,0.0,7.0,1.8968592631667593
678,4,train_0347,12652.583878937574,10413.899367118984,91.38993671189837,0.0,12743.973815649471,15.58,0.7,0.0,0.0,7.0,1.8968592631667593
679,4,train_0383,12131.007770171327,10306.774058703892,80.67740587038917,0.0,12211.685176041716,15.94,0.66,0.0,0.0,7.0,1.8968592631667593
680,4,train_0575,13014.316331244681,10262.431846854484,76.24318468544844,0.0,13090.55951593013,17.46,0.6,0.0,0.0,7.0,1.8968592631667593
681,4,train_0050,12336.73350845416,9982.583060616067,48.25830606160671,0.0,12384.991814515766,14.54,0.58,0.0,0.0,7.0,1.8968592631667593
682,4,train_0528,12328.538130955385,10411.86174743484,91.18617474348395,0.0,12419.724305698868,15.38,0.68,0.0,0.0,7.0,1.8968592631667593
683,4,train_0363,12814.75550334383,10509.938091731827,100.99380917318268,0.0,12915.749312517011,17.6,0.62,0.0,0.0,7.0,1.8968592631667593
684,4,train_0479,13023.728786248976,10484.18846574381,98.41884657438095,0.0,13122.147632823357,16.38,0.56,0.0,0.0,7.0,1.8968592631667593
685,4,train_0054,12420.646728764528,10297.613149799698,79.76131497996977,0.0,12500.408043744497,17.72,0.62,0.0,0.0,7.0,1.8968592631667593
686,4,train_0342,12380.971235111003,10289.658738005579,78.9658738005579,0.0,12459.937108911561,17.46,0.72,0.0,0.0,7.0,1.8968592631667593
687,4,train_0566,12017.098428545423,10118.962517581687,61.89625175816873,0.0,12078.994680303593,14.64,0.66,0.0,0.0,7.0,1.8968592631667593
688,4,train_0247,12635.403541689058,10462.407591354533,96.2407591354533,0.0,12731.644300824511,14.94,0.72,0.0,0.0,7.0,1.8968592631667593
689,4,train_0274,12617.89704438085,10566.508998055328,106.65089980553276,0.0,12724.547944186383,15.4,0.68,0.0,0.0,7.0,1.8968592631667593
690,4,train_0592,12683.161299694004,10279.29972270647,77.92997227064699,0.0,12761.091271964651,14.46,0.74,0.0,0.0,7.0,1.8968592631667593
691,4,train_0148,12361.99700631167,10557.424320867454,105.74243208674544,0.0,12467.739438398416,18.52,0.62,0.0,0.0,7.0,1.8968592631667593
692,4,train_0345,12406.586491341948,10258.023326178205,75.80233261782051,0.0,12482.388823959769,15.58,0.64,0.0,0.0,7.0,1.8968592631667593
693,4,train_0446,12070.359045472727,10234.043514360103,73.40435143601026,0.0,12143.763396908738,14.44,0.66,0.0,0.0,7.0,1.8968592631667593
694,4,train_0094,11937.002473186873,9949.117916175921,44.9117916175921,0.0,11981.914264804465,17.82,0.62,0.0,0.0,7.0,1.8968592631667593
695,4,train_0563,12598.359390192818,10316.809829807577,81.68098298075766,0.0,12680.040373173575,17.42,0.56,0.0,0.0,7.0,1.8968592631667593
696,4,train_0593,12335.255854624247,10317.13315457472,81.71331545747199,0.0,12416.969170081718,14.34,0.6,0.0,0.0,7.0,1.8968592631667593
697,4,train_0463,12161.073148633208,10044.890118744064,54.48901187440643,0.0,12215.562160507614,16.42,0.7,0.0,0.0,7.0,1.8968592631667593
698,4,train_0192,12769.18886303013,10472.232790618504,97.22327906185038,0.0,12866.41214209198,17.94,0.74,0.0,0.0,7.0,1.8968592631667593
699,4,train_0343,12760.652422456118,10837.837163136724,133.78371631367244,0.0,12894.43613876979,17.34,0.58,0.0,0.0,7.0,1.8968592631667593
700,4,train_0253,12316.0057791308,10118.478604231215,61.84786042312153,0.0,12377.853639553923,15.62,0.54,0.0,0.0,7.0,1.8968592631667593
701,4,train_0050,12256.242118965316,10227.935133909119,72.79351339091191,0.0,12329.035632356228,15.88,0.72,0.0,0.0,7.0,1.8968592631667593
702,4,train_0217,12365.951577101876,10484.475529649051,98.44755296490513,0.0,12464.39913006678,19.3,0.68,0.0,0.0,7.0,1.8968592631667593
703,4,train_0270,12265.145576645902,10532.477526258072,103.24775262580715,0.0,12368.393329271708,14.56,0.7,0.0,0.0,7.0,1.8968592631667593
704,4,train_0222,12311.105178356034,10313.02962726412,81.30296272641209,0.0,12392.408141082446,17.88,0.74,0.0,0.0,7.0,1.8968592631667593
705,4,train_0557,12277.765273234423,9842.482528085133,34.24825280851328,0.0,12312.013526042936,16.26,0.6,0.0,0.0,7.0,1.8968592631667593
706,4,train_0402,12629.001887644856,10419.846769743079,91.98467697430789,0.0,12720.986564619163,16.28,0.6,0.0,0.0,7.0,1.8968592631667593
707,4,train_0449,12388.78240835431,10826.703140918104,132.67031409181035,0.0,12521.45272244612,18.18,0.74,0.0,0.0,7.0,1.8968592631667593
708,4,train_0191,12777.274754524888,10196.72967160794,69.672967160794,0.0,12846.947721685681,16.3,0.62,0.0,0.0,7.0,1.8968592631667593
709,4,train_0276,12389.14516873239,10023.664100895352,52.36641008953521,0.0,12441.511578821925,15.06,0.7,0.0,0.0,7.0,1.8968592631667593
710,4,train_0101,12539.39988590701,10270.06896609014,77.00689660901408,0.0,12616.406782516025,16.64,0.74,0.0,0.0,7.0,1.8968592631667593
711,4,train_0127,12670.481711673976,10356.922660422144,85.6922660422144,0.0,12756.173977716191,15.36,0.6,0.0,0.0,7.0,1.8968592631667593
712,4,train_0533,12183.412950508895,10110.99013127924,61.09901312792408,0.0,12244.511963636818,17.32,0.68,0.0,0.0,7.0,1.8968592631667593
713,4,train_0060,12581.031014362305,10117.034619281032,61.70346192810321,0.0,12642.734476290409,17.6,0.64,0.0,0.0,7.0,1.8968592631667593
714,4,train_0266,12666.870719728253,10434.859324190944,93.4859324190944,0.0,12760.356652147348,16.76,0.74,0.0,0.0,7.0,1.8968592631667593
715,4,train_0367,12322.79223096295,10367.697461879921,86.76974618799214,0.0,12409.561977150943,15.32,0.7,0.0,0.0,7.0,1.8968592631667593
716,4,train_0585,12679.814386692426,10170.543149187772,67.05431491877717,0.0,12746.868701611204,13.92,0.64,0.0,0.0,7.0,1.8968592631667593
717,4,train_0054,12522.734576363862,10485.665492354336,98.56654923543357,0.0,12621.301125599295,17.02,0.66,0.0,0.0,7.0,1.8968592631667593
718,4,train_0279,12642.276099227198,10080.348697805975,58.034869780597546,0.0,12700.310969007794,17.24,0.5,0.0,0.0,7.0,1.8968592631667593
719,4,train_0125,11844.671372818746,10347.486981211674,84.74869812116741,0.0,11929.420070939914,17.54,0.72,0.0,0.0,7.0,1.8968592631667593
720,5,train_0432,12487.50729510355,10473.91690036019,97.39169003601893,0.0,12584.898985139569,13.58,0.72,0.0,0.0,7.0,1.8968592631667593
721,5,train_0300,12113.500156453621,10357.367084475532,85.73670844755326,0.0,12199.236864901175,15.7,0.6,0.0,0.0,7.0,1.8968592631667593
722,5,train_0565,12840.44093361626,10506.503458483701,100.65034584837014,0.0,12941.09127946463,14.8,0.62,0.0,0.0,7.0,1.8968592631667593
723,5,train_0346,12804.441064084955,10595.083491643883,109.50834916438835,0.0,12913.949413249344,16.1,0.7,0.0,0.0,7.0,1.8968592631667593
724,5,train_0552,12423.512451415574,10643.118065500801,114.31180655008012,0.0,12537.824257965654,15.84,0.76,0.0,0.0,7.0,1.8968592631667593
725,5,train_0179,12163.650610579749,10279.623677790209,77.96236777902087,0.0,12241.61297835877,14.72,0.62,0.0,0.0,7.0,1.8968592631667593
726,5,train_0505,12833.494307965651,10195.62372825636,69.56237282563598,0.0,12903.056680791287,16.9,0.6,0.0,0.0,7.0,1.8968592631667593
727,5,train_0028,12818.188257470736,10231.33897680149,73.13389768014895,0.0,12891.322155150885,17.46,0.66,0.0,0.0,7.0,1.8968592631667593
728,5,train_0550,12478.007358893374,10303.556801323204,80.35568013232042,0.0,12558.363039025695,17.66,0.66,0.0,0.0,7.0,1.8968592631667593
729,5,train_0053,12631.017827953543,10249.03496018908,74.90349601890794,0.0,12705.92132397245,16.5,0.66,0.0,0.0,7.0,1.8968592631667593
730,5,train_0124,12714.544394785704,10387.911378984005,88.79113789840049,0.0,12803.335532684105,19.14,0.72,0.0,0.0,7.0,1.8968592631667593
731,5,train_0264,12131.420636519224,10131.137143164173,63.11371431641729,0.0,12194.534350835642,16.3,0.72,0.0,0.0,7.0,1.8968592631667593
732,5,train_0465,13020.082270935909,10617.708560739808,111.77085607398077,0.0,13131.85312700989,16.22,0.62,0.0,0.0,7.0,1.8968592631667593
733,5,train_0118,12419.848451496362,10556.226048895773,105.62260488957727,0.0,12525.471056385939,14.94,0.58,0.0,0.0,7.0,1.8968592631667593
734,5,train_0467,12966.788489604933,10681.782553238638,118.17825532386378,0.0,13084.966744928797,16.3,0.7,0.0,0.0,7.0,1.8968592631667593
735,5,train_0393,12663.312178072947,10360.756168047581,86.07561680475811,0.0,12749.387794877704,13.22,0.68,0.0,0.0,7.0,1.8968592631667593
736,5,train_0472,12810.994334194786,10367.777863155969,86.77778631559687,0.0,12897.772120510383,15.34,0.72,0.0,0.0,7.0,1.8968592631667593
737,5,train_0138,12226.59516518868,10396.332743271154,89.6332743271154,0.0,12316.228439515797,17.02,0.6,0.0,0.0,7.0,1.8968592631667593
738,5,train_0246,12309.086814863716,10358.771123152024,85.87711231520244,0.0,12394.963927178918,15.14,0.64,0.0,0.0,7.0,1.8968592631667593
739,5,train_0407,12766.298642005655,10230.059217631766,73.0059217631766,0.0,12839.304563768832,15.74,0.72,0.0,0.0,7.0,1.8968592631667593
740,5,train_0212,12313.751013391146,10322.352557105829,82.2352557105829,0.0,12395.986269101728,14.44,0.62,0.0,0.0,7.0,1.8968592631667593
741,5,train_0378,12474.926171113842,10463.19314612899,96.31931461289896,0.0,12571.245485726742,17.2,0.68,0.0,0.0,7.0,1.8968592631667593
742,5,train_0472,12653.428090358124,10593.016284365927,109.30162843659274,0.0,12762.729718794717,19.06,0.76,0.0,0.0,7.0,1.8968592631667593
743,5,train_0036,12534.529290983033,10283.61770167213,78.36177016721304,0.0,12612.891061150247,16.36,0.78,0.0,0.0,7.0,1.8968592631667593
744,5,train_0362,12353.175551433083,10125.202262891708,62.52022628917075,0.0,12415.695777722254,14.56,0.58,0.0,0.0,7.0,1.8968592631667593
745,5,train_0348,12549.752843047832,10385.888133332399,88.5888133332399,0.0,12638.341656381072,17.66,0.68,0.0,0.0,7.0,1.8968592631667593
746,5,train_0338,12587.538650864744,10471.513180820957,97.15131808209571,0.0,12684.689968946841,16.62,0.76,0.0,0.0,7.0,1.8968592631667593
747,5,train_0499,12153.35844849483,10161.678180101808,66.16781801018078,0.0,12219.52626650501,16.98,0.78,0.0,0.0,7.0,1.8968592631667593
748,5,train_0335,12862.187718865332,10371.495178949284,87.14951789492844,0.0,12949.33723676026,17.02,0.76,0.0,0.0,7.0,1.8968592631667593
749,5,train_0077,12118.249745398487,10273.387980359561,77.3387980359561,0.0,12195.588543434444,15.58,0.62,0.0,0.0,7.0,1.8968592631667593
750,5,train_0514,12414.75919888151,10187.564975596804,68.75649755968043,0.0,12483.515696441189,15.16,0.7,0.0,0.0,7.0,1.8968592631667593
751,5,train_0064,12647.000697183765,10579.15886027578,107.91588602757803,0.0,12754.916583211343,15.76,0.68,0.0,0.0,7.0,1.8968592631667593
752,5,train_0133,12700.888467647685,10500.95964070782,100.09596407078207,0.0,12800.984431718467,16.24,0.58,0.0,0.0,7.0,1.8968592631667593
753,5,train_0080,12590.477896193592,10704.12499878688,120.41249987868797,0.0,12710.89039607228,14.98,0.76,0.0,0.0,7.0,1.8968592631667593
754,5,train_0418,12420.231859946842,10523.20351866358,102.32035186635804,0.0,12522.5522118132,17.04,0.7,0.0,0.0,7.0,1.8968592631667593
755,5,train_0320,12632.613899205293,10093.022382512181,59.302238251218114,0.0,12691.916137456512,14.86,0.68,0.0,0.0,7.0,1.8968592631667593
756,5,train_0148,12537.16851642971,10556.173172938798,105.61731729387975,0.0,12642.78583372359,15.36,0.62,0.0,0.0,7.0,1.8968592631667593
757,5,train_0235,12395.496244052818,10603.770416160518,110.3770416160518,0.0,12505.87328566887,14.8,0.58,0.0,0.0,7.0,1.8968592631667593
758,5,train_0478,12357.917222882606,10455.790537206401,95.57905372064016,0.0,12453.496276603246,16.1,0.62,0.0,0.0,7.0,1.8968592631667593
759,5,train_0064,12456.235859289864,10462.814401315176,96.2814401315176,0.0,12552.51729942138,16.74,0.64,0.0,0.0,7.0,1.8968592631667593
760,5,train_0311,12629.384765604154,10144.466574874834,64.44665748748339,0.0,12693.831423091638,15.54,0.7,0.0,0.0,7.0,1.8968592631667593
761,5,train_0371,12498.29774971218,10150.942859917823,65.09428599178227,0.0,12563.39203570396,14.92,0.72,0.0,0.0,7.0,1.8968592631667593
762,5,train_0114,12404.073204483682,10265.99282431509,76.59928243150898,0.0,12480.672486915191,17.14,0.6,0.0,0.0,7.0,1.8968592631667593
763,5,train_0549,12725.871027192694,10338.41725452288,83.84172545228795,0.0,12809.712752644982,15.64,0.58,0.0,0.0,7.0,1.8968592631667593
764,5,train_0354,12080.978494260318,10105.486795999885,60.54867959998847,0.0,12141.527173860306,14.92,0.66,0.0,0.0,7.0,1.8968592631667593
765,5,train_0099,12180.890402819949,10137.984349492846,63.79843494928464,0.0,12244.688837769234,17.42,0.6,0.0,0.0,7.0,1.8968592631667593
766,5,train_0256,12660.830984918619,10177.009317107499,67.70093171074987,0.0,12728.531916629368,15.86,0.56,0.0,0.0,7.0,1.8968592631667593
767,5,train_0460,12700.490929778956,10014.30001190495,51.43000119049503,0.0,12751.92093096945,14.78,0.64,0.0,0.0,7.0,1.8968592631667593
768,5,train_0118,12282.720291273723,10495.012736631637,99.50127366316374,0.0,12382.221564936886,14.94,0.58,0.0,0.0,7.0,1.8968592631667593
769,5,train_0222,12553.086685584974,10319.974483109965,81.99744831099652,0.0,12635.08413389597,17.78,0.7,0.0,0.0,7.0,1.8968592631667593
770,5,train_0580,12581.736063620378,10572.349533550136,107.23495335501357,0.0,12688.97101697539,15.52,0.6,0.0,0.0,7.0,1.8968592631667593
771,5,train_0507,12638.731134852227,10258.407177573834,75.84071775738339,0.0,12714.57185260961,16.24,0.66,0.0,0.0,7.0,1.8968592631667593
772,5,train_0208,12298.944367377666,10459.191456117413,95.91914561174127,0.0,12394.863512989406,14.94,0.66,0.0,0.0,7.0,1.8968592631667593
773,5,train_0362,12634.779600125044,9896.671792867868,39.66717928678682,0.0,12674.446779411832,15.68,0.72,0.0,0.0,7.0,1.8968592631667593
774,5,train_0169,12383.828553795249,9972.1575817882,47.21575817882004,0.0,12431.044311974068,15.16,0.6,0.0,0.0,7.0,1.8968592631667593
775,5,train_0542,12189.738079742074,10311.16079438384,81.11607943838408,0.0,12270.854159180457,17.18,0.74,0.0,0.0,7.0,1.8968592631667593
776,5,train_0262,12511.339244660503,10524.467926829935,102.44679268299352,0.0,12613.786037343496,15.9,0.64,0.0,0.0,7.0,1.8968592631667593
777,5,train_0155,12666.00680933455,10242.333667878258,74.2333667878258,0.0,12740.240176122377,16.38,0.7,0.0,0.0,7.0,1.8968592631667593
778,5,train_0199,12597.40233930554,10389.496690435466,88.9496690435466,0.0,12686.352008349086,15.22,0.74,0.0,0.0,7.0,1.8968592631667593
779,5,train_0331,12381.868943753483,10035.373780103477,53.53737801034768,0.0,12435.40632176383,17.84,0.64,0.0,0.0,7.0,1.8968592631667593
780,5,train_0386,12654.990948773724,10091.420131559538,59.14201315595383,0.0,12714.132961929678,16.06,0.68,0.0,0.0,7.0,1.8968592631667593
781,5,train_0296,12798.746188938474,10419.489735950196,91.94897359501957,0.0,12890.695162533493,14.4,0.7,0.0,0.0,7.0,1.8968592631667593
782,5,train_0359,12653.774437089756,10413.655313346833,91.36553133468334,0.0,12745.139968424439,16.2,0.68,0.0,0.0,7.0,1.8968592631667593
783,5,train_0587,12584.041135226385,9933.75063808103,43.37506380810301,0.0,12627.41619903449,17.06,0.64,0.0,0.0,7.0,1.8968592631667593
784,5,train_0500,12343.889449162023,10266.644847489993,76.66448474899936,0.0,12420.553933911022,15.42,0.76,0.0,0.0,7.0,1.8968592631667593
785,5,train_0327,13028.492311224614,10230.32738543685,73.03273854368508,0.0,13101.5250497683,16.38,0.62,0.0,0.0,7.0,1.8968592631667593
786,5,train_0493,12118.293783871346,10142.014681451865,64.20146814518648,0.0,12182.495252016532,16.2,0.62,0.0,0.0,7.0,1.8968592631667593
787,5,train_0029,12393.518992191639,10225.569325878594,72.55693258785941,0.0,12466.075924779498,17.3,0.6,0.0,0.0,7.0,1.8968592631667593
788,5,train_0035,13169.178184223729,10650.373601420626,115.03736014206261,0.0,13284.215544365792,16.46,0.58,0.0,0.0,7.0,1.8968592631667593
789,5,train_0044,12747.684527632353,10565.150318131622,106.51503181316221,0.0,12854.199559445515,17.16,0.7,0.0,0.0,7.0,1.8968592631667593
790,5,train_0319,12553.330888423872,10401.833432255942,90.18334322559423,0.0,12643.514231649466,15.58,0.62,0.0,0.0,7.0,1.8968592631667593
791,5,train_0234,12490.016224743686,10493.382542538273,99.3382542538273,0.0,12589.354478997513,16.82,0.64,0.0,0.0,7.0,1.8968592631667593
792,5,train_0234,12162.08269128466,10430.019653822166,93.00196538221662,0.0,12255.084656666877,16.1,0.58,0.0,0.0,7.0,1.8968592631667593
793,5,train_0271,12186.8016116845,10087.608178836332,58.76081788363317,0.0,12245.562429568132,14.8,0.66,0.0,0.0,7.0,1.8968592631667593
794,5,train_0546,12736.97772746142,10414.56865064359,91.45686506435905,0.0,12828.43459252578,19.12,0.6,0.0,0.0,7.0,1.8968592631667593
795,5,train_0595,12075.530452841256,10154.111379178616,65.41113791786157,0.0,12140.941590759117,17.24,0.62,0.0,0.0,7.0,1.8968592631667593
796,5,train_0411,12824.380102596151,10610.734294671527,111.07342946715272,0.0,12935.453532063304,16.08,0.52,0.0,0.0,7.0,1.8968592631667593
797,5,train_0452,12481.592883335974,9902.649005119467,40.26490051194669,0.0,12521.857783847921,15.5,0.64,0.0,0.0,7.0,1.8968592631667593
798,5,train_0446,12109.341909459554,10133.60843788234,63.36084378823398,0.0,12172.702753247788,15.66,0.78,0.0,0.0,7.0,1.8968592631667593
799,5,train_0499,12399.7424081447,9962.599355149136,46.259935514913565,0.0,12446.002343659615,17.42,0.66,0.0,0.0,7.0,1.8968592631667593
800,5,train_0254,12607.827030097535,10296.959633241198,79.69596332411984,0.0,12687.522993421655,16.52,0.62,0.0,0.0,7.0,1.8968592631667593
801,5,train_0119,12277.129238983638,10284.350222044108,78.43502220441079,0.0,12355.564261188048,16.18,0.74,0.0,0.0,7.0,1.8968592631667593
802,5,train_0154,12764.056655909488,10450.936556444052,95.09365564440523,0.0,12859.150311553893,18.96,0.7,0.0,0.0,7.0,1.8968592631667593
803,5,train_0007,13025.057372681744,11498.107509658657,199.81075096586574,0.0,13224.86812364761,15.64,0.76,0.0,0.0,7.0,1.8968592631667593
804,5,train_0119,12178.327576491654,10343.352437034022,84.3352437034022,0.0,12262.662820195057,16.42,0.62,0.0,0.0,7.0,1.8968592631667593
805,5,train_0375,12717.804223776602,10521.692577657173,102.16925776571735,0.0,12819.97348154232,15.0,0.76,0.0,0.0,7.0,1.8968592631667593
806,5,train_0266,12912.934890037934,10188.753964366082,68.87539643660821,0.0,12981.810286474541,15.86,0.7,0.0,0.0,7.0,1.8968592631667593
807,5,train_0298,11768.72299710779,9987.135730011325,48.7135730011325,0.0,11817.436570108923,16.86,0.76,0.0,0.0,7.0,1.8968592631667593
808,5,train_0051,12821.03462001011,10128.834937256444,62.88349372564444,0.0,12883.918113735755,16.8,0.64,0.0,0.0,7.0,1.8968592631667593
809,5,train_0114,12145.450483464334,10352.890340258054,85.28903402580545,0.0,12230.73951749014,17.52,0.64,0.0,0.0,7.0,1.8968592631667593
810,5,train_0162,11826.160603091264,9786.035948079374,28.60359480793741,0.0,11854.764197899201,17.84,0.58,0.0,0.0,7.0,1.8968592631667593
811,5,train_0599,12411.203565050273,10078.885881940882,57.88858819408816,0.0,12469.09215324436,17.14,0.6,0.0,0.0,7.0,1.8968592631667593
812,5,train_0283,12648.684406693848,10207.368911798923,70.73689117989234,0.0,12719.421297873741,15.9,0.58,0.0,0.0,7.0,1.8968592631667593
813,5,train_0203,12809.93063016994,10401.573602543387,90.15736025433871,0.0,12900.08799042428,12.78,0.68,0.0,0.0,7.0,1.8968592631667593
814,5,train_0479,13072.720455149938,10505.282472705188,100.52824727051885,0.0,13173.248702420457,16.3,0.72,0.0,0.0,7.0,1.8968592631667593
815,5,train_0524,11742.191890903163,9958.682401211516,45.86824012115158,0.0,11788.060131024315,16.68,0.74,0.0,0.0,7.0,1.8968592631667593
816,5,train_0256,12450.345884049402,10343.975595727185,84.39755957271846,0.0,12534.743443622121,17.58,0.64,0.0,0.0,7.0,1.8968592631667593
817,5,train_0153,12467.308815169596,10494.122625512678,99.41226255126786,0.0,12566.721077720864,16.72,0.62,0.0,0.0,7.0,1.8968592631667593
818,5,train_0545,12450.225656967184,9959.597413964615,45.95974139646151,0.0,12496.185398363647,16.94,0.76,0.0,0.0,7.0,1.8968592631667593
819,5,train_0373,12605.606839089214,10455.4360594174,95.54360594173995,0.0,12701.150445030955,16.64,0.74,0.0,0.0,7.0,1.8968592631667593
820,5,train_0490,12236.88628689399,10189.857198433689,68.98571984336887,0.0,12305.87200673736,14.38,0.6,0.0,0.0,7.0,1.8968592631667593
821,5,train_0410,12834.175935794967,10547.932587731038,104.79325877310384,0.0,12938.969194568072,18.34,0.78,0.0,0.0,7.0,1.8968592631667593
822,5,train_0549,12305.74362128519,10666.882574468334,116.68825744683346,0.0,12422.431878732023,16.5,0.72,0.0,0.0,7.0,1.8968592631667593
823,5,train_0446,12038.96445211778,10151.09879875019,65.10987987501903,0.0,12104.074331992799,15.08,0.7,0.0,0.0,7.0,1.8968592631667593
824,5,train_0434,12961.35186374301,10423.14614045629,92.31461404562907,0.0,13053.666477788638,15.7,0.72,0.0,0.0,7.0,1.8968592631667593
825,5,train_0036,12469.301745606695,10004.213954767116,50.42139547671159,0.0,12519.723141083407,15.86,0.68,0.0,0.0,7.0,1.8968592631667593
826,5,train_0089,12426.76349300412,10614.48585715438,111.44858571543791,0.0,12538.212078719558,16.9,0.68,0.0,0.0,7.0,1.8968592631667593
827,5,train_0074,12729.67844410283,10415.86876843631,91.58687684363105,0.0,12821.26532094646,17.16,0.72,0.0,0.0,7.0,1.8968592631667593
828,5,train_0013,12012.251815575508,10667.633497058221,116.76334970582212,0.0,12129.01516528133,14.1,0.82,0.0,0.0,7.0,1.8968592631667593
829,5,train_0235,12519.61398761773,10535.484876075125,103.54848760751247,0.0,12623.162475225243,14.04,0.62,0.0,0.0,7.0,1.8968592631667593
830,5,train_0554,12396.883062413772,10163.335418569117,66.3335418569117,0.0,12463.216604270683,14.28,0.66,0.0,0.0,7.0,1.8968592631667593
831,5,train_0184,12193.21566275154,10290.006670370689,79.0006670370689,0.0,12272.216329788609,15.6,0.62,0.0,0.0,7.0,1.8968592631667593
832,5,train_0279,12580.530764102386,10486.563097593713,98.6563097593713,0.0,12679.187073861758,16.66,0.62,0.0,0.0,7.0,1.8968592631667593
833,5,train_0590,12662.204435788019,10084.803279449396,58.48032794493957,0.0,12720.684763732957,18.44,0.78,0.0,0.0,7.0,1.8968592631667593
834,5,train_0171,13400.400775341983,10491.567116225091,99.1567116225091,0.0,13499.557486964492,16.42,0.58,0.0,0.0,7.0,1.8968592631667593
835,5,train_0249,12538.129081384224,10706.0998934226,120.60998934226009,0.0,12658.739070726484,17.0,0.6,0.0,0.0,7.0,1.8968592631667593
836,5,train_0037,13039.851071744699,10738.18544390578,123.81854439057807,0.0,13163.669616135277,17.48,0.72,0.0,0.0,7.0,1.8968592631667593
837,5,train_0468,12532.813859429934,9842.92916923666,34.292916923666056,0.0,12567.106776353601,15.72,0.66,0.0,0.0,7.0,1.8968592631667593
838,5,train_0411,12813.71263593217,10701.152425470833,120.1152425470833,0.0,12933.827878479253,15.16,0.72,0.0,0.0,7.0,1.8968592631667593
839,5,train_0370,12797.542970420931,10272.94358812002,77.29435881200207,0.0,12874.837329232932,16.52,0.7,0.0,0.0,7.0,1.8968592631667593
840,5,train_0214,11999.205538471344,10202.306501694155,70.23065016941545,0.0,12069.436188640759,15.86,0.7,0.0,0.0,7.0,1.8968592631667593
841,5,train_0389,12676.508268586285,9944.63689190797,44.463689190797055,0.0,12720.971957777083,15.8,0.66,0.0,0.0,7.0,1.8968592631667593
842,5,train_0135,12461.993323022289,10317.901073280538,81.79010732805382,0.0,12543.783430350342,17.36,0.6,0.0,0.0,7.0,1.8968592631667593
843,5,train_0446,12238.758870751195,10242.440229427215,74.2440229427215,0.0,12313.002893693916,15.34,0.64,0.0,0.0,7.0,1.8968592631667593
844,5,train_0295,12274.878208906826,10219.070085793268,71.9070085793268,0.0,12346.785217486153,16.42,0.72,0.0,0.0,7.0,1.8968592631667593
845,5,train_0065,12486.420041343092,10544.960471109214,104.49604711092144,0.0,12590.916088454012,13.5,0.62,0.0,0.0,7.0,1.8968592631667593
846,5,train_0299,12502.109375311993,10390.083734705873,89.00837347058733,0.0,12591.11774878258,14.72,0.76,0.0,0.0,7.0,1.8968592631667593
847,5,train_0195,12727.723159652603,10623.092495718382,112.30924957183817,0.0,12840.032409224441,18.06,0.58,0.0,0.0,7.0,1.8968592631667593
848,5,train_0095,12258.757435310996,10272.508400350836,77.25084003508364,0.0,12336.00827534608,16.14,0.66,0.0,0.0,7.0,1.8968592631667593
849,5,train_0157,12534.10902867009,10087.790690468259,58.77906904682587,0.0,12592.888097716916,14.46,0.58,0.0,0.0,7.0,1.8968592631667593
850,5,train_0221,12491.983641758256,10332.440529193524,83.24405291935237,0.0,12575.227694677607,15.78,0.76,0.0,0.0,7.0,1.8968592631667593
851,5,train_0457,12740.086295753603,9937.835689538606,43.783568953860595,0.0,12783.869864707463,16.04,0.72,0.0,0.0,7.0,1.8968592631667593
852,5,train_0271,12266.903699855615,10237.593812957217,73.7593812957217,0.0,12340.663081151337,15.9,0.7,0.0,0.0,7.0,1.8968592631667593
853,5,train_0521,12374.965670233483,10410.029544845365,91.00295448453653,0.0,12465.96862471802,19.14,0.68,0.0,0.0,7.0,1.8968592631667593
854,5,train_0155,12647.708798292879,10609.036594522844,110.90365945228442,0.0,12758.612457745163,16.4,0.76,0.0,0.0,7.0,1.8968592631667593
855,5,train_0038,12331.594070924371,10488.582231235696,98.85822312356959,0.0,12430.45229404794,17.7,0.78,0.0,0.0,7.0,1.8968592631667593
856,5,train_0171,13084.889514297383,10446.249477405945,94.62494774059451,0.0,13179.514462037978,17.38,0.68,0.0,0.0,7.0,1.8968592631667593
857,5,train_0421,12836.735428257443,10688.005572432245,118.80055724322447,0.0,12955.535985500668,15.46,0.7,0.0,0.0,7.0,1.8968592631667593
858,5,train_0327,12651.946382220387,10604.530710550474,110.45307105504745,0.0,12762.399453275435,17.62,0.72,0.0,0.0,7.0,1.8968592631667593
859,5,train_0279,12590.712176188586,10296.647920030951,79.66479200309514,0.0,12670.376968191682,18.12,0.62,0.0,0.0,7.0,1.8968592631667593
860,5,train_0287,12396.389475984228,10493.00953362279,99.30095336227896,0.0,12495.690429346507,17.64,0.62,0.0,0.0,7.0,1.8968592631667593
861,5,train_0159,12118.799931642372,9874.902566489143,37.49025664891433,0.0,12156.290188291287,17.12,0.64,0.0,0.0,7.0,1.8968592631667593
862,5,train_0383,12090.996877803038,10277.198778664688,77.71987786646878,0.0,12168.716755669506,15.38,0.6,0.0,0.0,7.0,1.8968592631667593
863,5,train_0305,12151.121183127343,10667.296336283867,116.72963362838674,0.0,12267.85081675573,15.66,0.66,0.0,0.0,7.0,1.8968592631667593
864,6,train_0569,12375.34959626737,10010.743426257173,51.07434262571733,0.0,12426.423938893087,16.16,0.66,0.0,0.0,7.0,1.8968592631667593
865,6,train_0454,12604.732684141787,10896.461417532308,139.64614175323078,0.0,12744.378825895017,17.5,0.58,0.0,0.0,7.0,1.8968592631667593
866,6,train_0435,12148.283038849235,10261.546625484756,76.15466254847561,0.0,12224.43770139771,16.0,0.58,0.0,0.0,7.0,1.8968592631667593
867,6,train_0424,12580.728251396375,10811.66561122687,131.16656112268703,0.0,12711.894812519062,17.68,0.68,0.0,0.0,7.0,1.8968592631667593
868,6,train_0059,12563.73793173864,10370.717061305153,87.07170613051531,0.0,12650.809637869155,14.4,0.66,0.0,0.0,7.0,1.8968592631667593
869,6,train_0573,12034.954704015041,10004.599532469341,50.459953246934134,0.0,12085.414657261976,16.02,0.66,0.0,0.0,7.0,1.8968592631667593
870,6,train_0276,12153.433434114708,10401.200388899128,90.12003888991276,0.0,12243.55347300462,14.6,0.7,0.0,0.0,7.0,1.8968592631667593
871,6,train_0415,12996.799058037264,10573.460529039086,107.34605290390864,0.0,13104.145110941174,13.54,0.66,0.0,0.0,7.0,1.8968592631667593
872,6,train_0004,12634.046984238492,10569.311371671869,106.9311371671869,0.0,12740.978121405678,17.4,0.74,0.0,0.0,7.0,1.8968592631667593
873,6,train_0164,12201.32011775475,10298.027471593863,79.80274715938631,0.0,12281.122864914138,15.26,0.58,0.0,0.0,7.0,1.8968592631667593
874,6,train_0558,13104.776150932606,10428.435864043407,92.84358640434075,0.0,13197.619737336947,14.86,0.7,0.0,0.0,7.0,1.8968592631667593
875,6,train_0568,12917.415937145393,10471.159937919714,97.11599379197142,0.0,13014.531930937364,16.36,0.68,0.0,0.0,7.0,1.8968592631667593
876,6,train_0338,12871.288210830497,10064.939712013183,56.493971201318345,0.0,12927.782182031815,17.34,0.72,0.0,0.0,7.0,1.8968592631667593
877,6,train_0045,12626.979000008929,10101.847801525855,60.18478015258552,0.0,12687.163780161514,13.58,0.6,0.0,0.0,7.0,1.8968592631667593
878,6,train_0357,12346.179316161488,9991.760712333258,49.17607123332582,0.0,12395.355387394813,13.64,0.66,0.0,0.0,7.0,1.8968592631667593
879,6,train_0011,12009.04996892947,10158.018698908225,65.80186989082249,0.0,12074.851838820292,16.54,0.7,0.0,0.0,7.0,1.8968592631667593
880,6,train_0173,12742.06836434795,10454.083032350682,95.40830323506816,0.0,12837.476667583018,16.58,0.66,0.0,0.0,7.0,1.8968592631667593
881,6,train_0221,12353.929225683627,10618.84232963313,111.88423296331294,0.0,12465.81345864694,15.62,0.68,0.0,0.0,7.0,1.8968592631667593
882,6,train_0351,12999.028079016794,10306.867263039216,80.68672630392157,0.0,13079.714805320717,15.68,0.7,0.0,0.0,7.0,1.8968592631667593
883,6,train_0161,12397.31564589465,10578.541843425663,107.85418434256627,0.0,12505.169830237217,15.98,0.68,0.0,0.0,7.0,1.8968592631667593
884,6,train_0135,12840.199722072366,10274.083507303905,77.40835073039052,0.0,12917.608072802757,16.34,0.54,0.0,0.0,7.0,1.8968592631667593
885,6,train_0147,12888.488343506291,10235.139263958125,73.51392639581245,0.0,12962.002269902103,15.44,0.76,0.0,0.0,7.0,1.8968592631667593
886,6,train_0196,12324.025198171,10291.471564402022,79.14715644020217,0.0,12403.172354611203,16.24,0.6,0.0,0.0,7.0,1.8968592631667593
887,6,train_0179,12269.569488278816,10058.877779597278,55.88777795972783,0.0,12325.457266238544,14.42,0.62,0.0,0.0,7.0,1.8968592631667593
888,6,train_0201,12753.828497206554,10083.896891974875,58.3896891974875,0.0,12812.218186404041,17.44,0.68,0.0,0.0,7.0,1.8968592631667593
889,6,train_0258,12516.817677291787,10830.32862526614,133.03286252661403,0.0,12649.8505398184,14.5,0.52,0.0,0.0,7.0,1.8968592631667593
890,6,train_0406,12377.314380948124,10442.265017534777,94.22650175347772,0.0,12471.540882701602,19.32,0.66,0.0,0.0,7.0,1.8968592631667593
891,6,train_0275,12411.18849772662,10237.993863381891,73.79938633818911,0.0,12484.987884064809,15.62,0.6,0.0,0.0,7.0,1.8968592631667593
892,6,train_0453,12426.702496940945,10375.145468589933,87.51454685899336,0.0,12514.217043799938,16.74,0.6,0.0,0.0,7.0,1.8968592631667593
893,6,train_0359,12781.239892183938,10240.95336544939,74.09533654493899,0.0,12855.335228728876,16.38,0.6,0.0,0.0,7.0,1.8968592631667593
894,6,train_0564,12659.293816724563,10192.050832737861,69.20508327378612,0.0,12728.498899998349,16.38,0.8,0.0,0.0,7.0,1.8968592631667593
895,6,train_0241,12266.007552889256,10402.908145423364,90.29081454233638,0.0,12356.298367431593,14.9,0.66,0.0,0.0,7.0,1.8968592631667593
896,6,train_0329,12584.43098821689,10255.694348786017,75.56943487860171,0.0,12660.000423095491,17.28,0.72,0.0,0.0,7.0,1.8968592631667593
897,6,train_0051,12643.077412854142,10212.063408090908,71.20634080909076,0.0,12714.283753663232,16.38,0.58,0.0,0.0,7.0,1.8968592631667593
898,6,train_0210,12120.157572373439,10172.869840933603,67.2869840933603,0.0,12187.444556466799,14.96,0.6,0.0,0.0,7.0,1.8968592631667593
899,6,train_0198,11859.63139343887,9792.1648569412,29.21648569411991,0.0,11888.84787913299,17.18,0.64,0.0,0.0,7.0,1.8968592631667593
900,6,train_0490,12756.268440616192,9934.940737066863,43.49407370668632,0.0,12799.762514322878,15.58,0.72,0.0,0.0,7.0,1.8968592631667593
901,6,train_0402,13053.093999627094,10147.362905666176,64.73629056661757,0.0,13117.830290193711,19.14,0.66,0.0,0.0,7.0,1.8968592631667593
902,6,train_0564,12449.218255041096,10452.958639370947,95.2958639370947,0.0,12544.514118978192,16.8,0.8,0.0,0.0,7.0,1.8968592631667593
903,6,train_0318,12357.786808840743,10374.851180946443,87.48511809464435,0.0,12445.271926935387,17.86,0.64,0.0,0.0,7.0,1.8968592631667593
904,6,train_0500,12205.614695153967,10397.709187785564,89.77091877855638,0.0,12295.385613932523,14.64,0.7,0.0,0.0,7.0,1.8968592631667593
905,6,train_0436,12576.288181730364,10451.750260640594,95.17502606405942,0.0,12671.463207794424,15.84,0.62,0.0,0.0,7.0,1.8968592631667593
906,6,train_0398,11896.040926344172,10347.872348510467,84.78723485104675,0.0,11980.828161195219,15.16,0.7,0.0,0.0,7.0,1.8968592631667593
907,6,train_0598,12331.316650225917,10201.549507221825,70.15495072218255,0.0,12401.4716009481,14.22,0.68,0.0,0.0,7.0,1.8968592631667593
908,6,train_0469,12558.599854625645,10662.187038640364,116.21870386403644,0.0,12674.818558489682,15.96,0.72,0.0,0.0,7.0,1.8968592631667593
909,6,train_0254,12811.693059273348,10018.050253510526,51.80502535105261,0.0,12863.4980846244,17.48,0.66,0.0,0.0,7.0,1.8968592631667593
910,6,train_0128,12295.628202944394,9899.882867925146,39.98828679251456,0.0,12335.616489736909,15.14,0.68,0.0,0.0,7.0,1.8968592631667593
911,6,train_0309,12533.318804990347,10416.35347653697,91.63534765369695,0.0,12624.954152644044,14.58,0.7,0.0,0.0,7.0,1.8968592631667593
912,6,train_0094,12156.767515594413,9748.644252362315,24.864425236231547,0.0,12181.631940830644,14.26,0.62,0.0,0.0,7.0,1.8968592631667593
913,6,train_0065,12630.687016362777,10360.070761672818,86.00707616728178,0.0,12716.694092530059,13.76,0.66,0.0,0.0,7.0,1.8968592631667593
914,6,train_0220,12599.234404987512,10340.642530723224,84.0642530723224,0.0,12683.298658059834,17.68,0.68,0.0,0.0,7.0,1.8968592631667593
915,6,train_0254,12627.897722586227,10416.659263171972,91.66592631719723,0.0,12719.563648903424,15.94,0.62,0.0,0.0,7.0,1.8968592631667593
916,6,train_0488,12626.575556461143,10202.124354534813,70.21243545348135,0.0,12696.787991914623,15.34,0.68,0.0,0.0,7.0,1.8968592631667593
917,6,train_0235,12465.181779740078,10757.090453133707,125.70904531337074,0.0,12590.89082505345,14.68,0.6,0.0,0.0,7.0,1.8968592631667593
918,6,train_0545,12253.473411668107,10224.251507644958,72.42515076449581,0.0,12325.898562432601,19.14,0.6,0.0,0.0,7.0,1.8968592631667593
919,6,train_0148,12909.079883801602,10226.010234907077,72.60102349070768,0.0,12981.68090729231,18.1,0.6,0.0,0.0,7.0,1.8968592631667593
920,6,train_0552,12368.392074202658,10366.351236967104,86.63512369671044,0.0,12455.02719789937,15.22,0.68,0.0,0.0,7.0,1.8968592631667593
921,6,train_0342,12483.923751301354,10103.381003340897,60.338100334089724,0.0,12544.261851635443,18.02,0.68,0.0,0.0,7.0,1.8968592631667593
922,6,train_0433,12482.56714579311,10045.461321872539,54.5461321872539,0.0,12537.113277980363,13.68,0.6,0.0,0.0,7.0,1.8968592631667593
923,6,train_0234,12418.450782148262,10575.555461164335,107.55554611643348,0.0,12526.006328264695,16.48,0.64,0.0,0.0,7.0,1.8968592631667593
924,6,train_0211,12458.81338584522,10135.561272231029,63.55612722310289,0.0,12522.369513068323,16.42,0.62,0.0,0.0,7.0,1.8968592631667593
925,6,train_0075,12316.919975999466,10599.769035675137,109.97690356751373,0.0,12426.89687956698,18.22,0.7,0.0,0.0,7.0,1.8968592631667593
926,6,train_0192,12613.578923559226,10558.890104069711,105.88901040697111,0.0,12719.467933966196,17.62,0.8,0.0,0.0,7.0,1.8968592631667593
927,6,train_0004,12384.746011704201,10604.196793458937,110.41967934589375,0.0,12495.165691050095,19.42,0.62,0.0,0.0,7.0,1.8968592631667593
928,6,train_0565,12813.10710242769,10639.355715468566,113.9355715468566,0.0,12927.042673974547,17.14,0.64,0.0,0.0,7.0,1.8968592631667593
929,6,train_0153,12212.673826598766,10357.670616091737,85.76706160917365,0.0,12298.44088820794,16.44,0.72,0.0,0.0,7.0,1.8968592631667593
930,6,train_0563,12347.206302617877,10510.076203980057,101.00762039800576,0.0,12448.213923015883,16.66,0.6,0.0,0.0,7.0,1.8968592631667593
931,6,train_0007,13307.600131145457,11419.852914644081,191.98529146440816,0.0,13499.585422609865,15.5,0.72,0.0,0.0,7.0,1.8968592631667593
932,6,train_0225,12774.123676068339,10096.348387431584,59.63483874315844,0.0,12833.758514811498,17.24,0.68,0.0,0.0,7.0,1.8968592631667593
933,6,train_0549,12549.637013365358,10603.813240129708,110.38132401297081,0.0,12660.01833737833,16.78,0.76,0.0,0.0,7.0,1.8968592631667593
934,6,train_0262,12474.714267163108,10498.646329531559,99.86463295315589,0.0,12574.578900116265,16.8,0.6,0.0,0.0,7.0,1.8968592631667593
935,6,train_0028,12710.174939617656,10300.39674775557,80.03967477555707,0.0,12790.214614393213,18.62,0.72,0.0,0.0,7.0,1.8968592631667593
936,6,train_0211,12490.734503338605,10607.839408885491,110.78394088854913,0.0,12601.518444227153,16.52,0.68,0.0,0.0,7.0,1.8968592631667593
937,6,train_0361,12664.843637059397,10430.080054641454,93.0080054641454,0.0,12757.851642523543,15.88,0.58,0.0,0.0,7.0,1.8968592631667593
938,6,train_0040,12549.132162598771,10971.627729703403,147.1627729703403,0.0,12696.29493556911,16.2,0.8,0.0,0.0,7.0,1.8968592631667593
939,6,train_0137,12334.226100691607,10348.997723310938,84.89977233109386,0.0,12419.1258730227,16.84,0.62,0.0,0.0,7.0,1.8968592631667593
940,6,train_0207,12252.87387190792,9990.242318217835,49.024231821783545,0.0,12301.898103729704,15.74,0.68,0.0,0.0,7.0,1.8968592631667593
941,6,train_0110,12476.807708751494,10113.915931070014,61.39159310700143,0.0,12538.199301858494,17.86,0.8,0.0,0.0,7.0,1.8968592631667593
942,6,train_0463,12021.072909472527,10006.903293776904,50.69032937769043,0.0,12071.763238850217,15.68,0.66,0.0,0.0,7.0,1.8968592631667593
943,6,train_0035,12966.938406690118,10618.115739680012,111.81157396800118,0.0,13078.74998065812,16.54,0.72,0.0,0.0,7.0,1.8968592631667593
944,6,train_0356,12721.967594422089,10448.58717784678,94.85871778467809,0.0,12816.826312206767,16.66,0.64,0.0,0.0,7.0,1.8968592631667593
945,6,train_0167,12083.922188332253,10182.337064159601,68.23370641596011,0.0,12152.155894748214,15.68,0.72,0.0,0.0,7.0,1.8968592631667593
946,6,train_0408,12207.654862995076,10190.004142768943,69.0004142768943,0.0,12276.65527727197,14.1,0.7,0.0,0.0,7.0,1.8968592631667593
947,6,train_0221,12582.37146170542,10390.69965723474,89.06996572347398,0.0,12671.441427428894,16.22,0.7,0.0,0.0,7.0,1.8968592631667593
948,6,train_0032,12440.121616816943,10578.025186305025,107.80251863050253,0.0,12547.924135447445,16.98,0.72,0.0,0.0,7.0,1.8968592631667593
949,6,train_0060,12217.87180758701,10770.220913870939,127.02209138709387,0.0,12344.893898974104,17.3,0.66,0.0,0.0,7.0,1.8968592631667593
950,6,train_0592,12421.762002240248,10375.35325528503,87.53532552850302,0.0,12509.29732776875,16.1,0.72,0.0,0.0,7.0,1.8968592631667593
951,6,train_0314,12405.245361541754,10037.149272147899,53.714927214789896,0.0,12458.960288756545,17.24,0.64,0.0,0.0,7.0,1.8968592631667593
952,6,train_0529,12694.409054643324,10235.317990756721,73.5317990756721,0.0,12767.940853718996,16.7,0.68,0.0,0.0,7.0,1.8968592631667593
953,6,train_0553,11755.034326364756,9877.071380206984,37.7071380206984,0.0,11792.741464385454,17.0,0.6,0.0,0.0,7.0,1.8968592631667593
954,6,train_0098,12337.66172895669,10266.685244487684,76.66852444876841,0.0,12414.330253405458,14.88,0.6,0.0,0.0,7.0,1.8968592631667593
955,6,train_0307,12459.502898423736,10298.254482266955,79.82544822669553,0.0,12539.32834665043,15.14,0.72,0.0,0.0,7.0,1.8968592631667593
956,6,train_0290,12449.423245595415,10370.669798118506,87.06697981185062,0.0,12536.490225407266,15.66,0.6,0.0,0.0,7.0,1.8968592631667593
957,6,train_0520,12152.820907207315,10173.080308356817,67.30803083568172,0.0,12220.128938042997,16.1,0.7,0.0,0.0,7.0,1.8968592631667593
958,6,train_0318,12516.565814090984,10453.916135187137,95.39161351871371,0.0,12611.957427609697,18.74,0.72,0.0,0.0,7.0,1.8968592631667593
959,6,train_0569,12332.99471930114,10211.746593956623,71.17465939566227,0.0,12404.169378696803,15.52,0.64,0.0,0.0,7.0,1.8968592631667593
960,6,train_0002,12586.516219808515,10070.20781187007,57.02078118700702,0.0,12643.537000995522,14.0,0.48,0.0,0.0,7.0,1.8968592631667593
961,6,train_0029,12064.419599182453,10302.860046295142,80.28600462951418,0.0,12144.705603811966,16.06,0.64,0.0,0.0,7.0,1.8968592631667593
962,6,train_0101,12672.073724478736,10251.664029156344,75.16640291563435,0.0,12747.24012739437,16.2,0.56,0.0,0.0,7.0,1.8968592631667593
963,6,train_0500,12097.155910638128,10262.634396310716,76.26343963107156,0.0,12173.4193502692,14.84,0.68,0.0,0.0,7.0,1.8968592631667593
964,6,train_0000,12221.153046099907,10163.7158141453,66.37158141453001,0.0,12287.524627514438,14.86,0.6,0.0,0.0,7.0,1.8968592631667593
965,6,train_0182,12859.937771774692,10604.653493402726,110.4653493402726,0.0,12970.403121114965,16.78,0.52,0.0,0.0,7.0,1.8968592631667593
966,6,train_0411,12847.006566553051,10576.159833340598,107.61598333405982,0.0,12954.62254988711,15.38,0.72,0.0,0.0,7.0,1.8968592631667593
967,6,train_0117,11954.955595438678,10170.432037128085,67.04320371280846,0.0,12021.998799151486,15.78,0.66,0.0,0.0,7.0,1.8968592631667593
968,6,train_0368,12696.1566761227,10336.046842357067,83.60468423570674,0.0,12779.761360358407,16.94,0.64,0.0,0.0,7.0,1.8968592631667593
969,6,train_0240,12997.414437141491,10669.039606680319,116.90396066803187,0.0,13114.318397809524,17.32,0.62,0.0,0.0,7.0,1.8968592631667593
970,6,train_0412,12188.720618929232,10139.76268269258,63.97626826925807,0.0,12252.69688719849,15.04,0.58,0.0,0.0,7.0,1.8968592631667593
971,6,train_0381,11805.269210346574,10451.218222621039,95.12182226210389,0.0,11900.391032608679,16.34,0.56,0.0,0.0,7.0,1.8968592631667593
972,6,train_0021,12684.621143263563,10459.758220836866,95.97582208368658,0.0,12780.59696534725,16.34,0.62,0.0,0.0,7.0,1.8968592631667593
973,6,train_0035,13046.080878305092,10956.736135094488,145.67361350944884,0.0,13191.754491814541,15.76,0.62,0.0,0.0,7.0,1.8968592631667593
974,6,train_0454,12523.459502661455,10894.964038253627,139.49640382536273,0.0,12662.955906486817,16.98,0.64,0.0,0.0,7.0,1.8968592631667593
975,6,train_0328,12687.286179082192,10349.782670344975,84.97826703449755,0.0,12772.26444611669,14.9,0.7,0.0,0.0,7.0,1.8968592631667593
976,6,train_0422,12586.151796540456,10339.421742222557,83.94217422225574,0.0,12670.093970762711,14.88,0.58,0.0,0.0,7.0,1.8968592631667593
977,6,train_0422,12626.616766563924,10479.01548020948,97.90154802094804,0.0,12724.518314584871,14.04,0.64,0.0,0.0,7.0,1.8968592631667593
978,6,train_0520,12023.181223521755,10128.96108947061,62.89610894706093,0.0,12086.077332468816,17.3,0.64,0.0,0.0,7.0,1.8968592631667593
979,6,train_0142,12829.29240147617,10429.317036239145,92.93170362391447,0.0,12922.224105100086,15.18,0.64,0.0,0.0,7.0,1.8968592631667593
980,6,train_0036,12285.164254785215,10379.667985395532,87.96679853955321,0.0,12373.131053324769,15.74,0.7,0.0,0.0,7.0,1.8968592631667593
981,6,train_0316,12691.310757353423,10129.188606780534,62.918860678053356,0.0,12754.229618031477,16.0,0.66,0.0,0.0,7.0,1.8968592631667593
982,6,train_0028,12484.82361590231,10559.891307922851,105.98913079228515,0.0,12590.812746694595,17.94,0.64,0.0,0.0,7.0,1.8968592631667593
983,6,train_0291,12773.532347773598,10463.053072605355,96.30530726053549,0.0,12869.837655034135,13.94,0.62,0.0,0.0,7.0,1.8968592631667593
984,6,train_0471,12482.67313160557,10479.548078516167,97.95480785161672,0.0,12580.627939457187,15.78,0.58,0.0,0.0,7.0,1.8968592631667593
985,6,train_0107,12489.329882022392,10418.978678920119,91.8978678920119,0.0,12581.227749914404,15.78,0.74,0.0,0.0,7.0,1.8968592631667593
986,6,train_0240,13015.440862429808,10422.16038219875,92.21603821987502,0.0,13107.656900649683,16.58,0.6,0.0,0.0,7.0,1.8968592631667593
987,6,train_0049,12875.373352621977,10078.553282168119,57.855328216811905,0.0,12933.228680838789,15.26,0.74,0.0,0.0,7.0,1.8968592631667593
988,6,train_0529,12497.317524495931,10518.958524102964,101.89585241029636,0.0,12599.213376906227,17.46,0.76,0.0,0.0,7.0,1.8968592631667593
989,6,train_0494,12373.72461136903,10296.795612960816,79.67956129608156,0.0,12453.404172665112,15.58,0.66,0.0,0.0,7.0,1.8968592631667593
990,6,train_0397,12180.773119473834,10437.77446398364,93.77744639836402,0.0,12274.550565872198,14.68,0.74,0.0,0.0,7.0,1.8968592631667593
991,6,train_0233,13021.003495044486,10677.419450128462,117.7419450128462,0.0,13138.745440057332,16.96,0.64,0.0,0.0,7.0,1.8968592631667593
992,6,train_0195,12829.86334617798,10892.734580428121,139.27345804281214,0.0,12969.13680422079,16.66,0.7,0.0,0.0,7.0,1.8968592631667593
993,6,train_0398,11977.603080449682,9923.729771783073,42.37297717830734,0.0,12019.97605762799,15.1,0.64,0.0,0.0,7.0,1.8968592631667593
994,6,train_0252,12309.02022198598,10104.017133012707,60.40171330127069,0.0,12369.421935287251,16.3,0.7,0.0,0.0,7.0,1.8968592631667593
995,6,train_0046,12124.168244874156,10117.402095822275,61.74020958222755,0.0,12185.908454456383,17.86,0.7,0.0,0.0,7.0,1.8968592631667593
996,6,train_0582,12644.801125436774,10511.946967620515,101.19469676205154,0.0,12745.995822198825,15.76,0.58,0.0,0.0,7.0,1.8968592631667593
997,6,train_0367,12292.588650588306,10181.82016628671,68.18201662867105,0.0,12360.770667216977,13.06,0.52,0.0,0.0,7.0,1.8968592631667593
998,6,train_0030,12540.335170003775,10186.41136110335,68.641136110335,0.0,12608.97630611411,15.66,0.64,0.0,0.0,7.0,1.8968592631667593
999,6,train_0144,12909.04179909432,11085.232895677724,158.5232895677724,0.0,13067.565088662093,15.36,0.7,0.0,0.0,7.0,1.8968592631667593
1000,6,train_0389,12085.077578474435,10431.86376468272,93.18637646827193,0.0,12178.263954942706,14.42,0.72,0.0,0.0,7.0,1.8968592631667593
1001,6,train_0164,12444.056249388268,10111.332808293777,61.133280829377696,0.0,12505.189530217645,14.3,0.72,0.0,0.0,7.0,1.8968592631667593
1002,6,train_0516,12642.613972584917,10522.228266638347,102.22282666383472,0.0,12744.836799248751,15.54,0.62,0.0,0.0,7.0,1.8968592631667593
1003,6,train_0338,12844.760508116404,9976.890811479658,47.68908114796577,0.0,12892.44958926437,16.62,0.7,0.0,0.0,7.0,1.8968592631667593
1004,6,train_0413,13174.79690650794,10286.246452940635,78.62464529406353,0.0,13253.421551802003,14.9,0.66,0.0,0.0,7.0,1.8968592631667593
1005,6,train_0265,12281.223785467475,10402.865806663425,90.28658066634253,0.0,12371.510366133818,15.02,0.6,0.0,0.0,7.0,1.8968592631667593
1006,6,train_0507,12365.293343139936,10549.022285153285,104.90222851532855,0.0,12470.195571655264,16.44,0.66,0.0,0.0,7.0,1.8968592631667593
1007,6,train_0240,13118.718930274012,10573.078297682301,107.30782976823012,0.0,13226.026760042241,15.28,0.64,0.0,0.0,7.0,1.8968592631667593
1008,6,train_0392,12645.555694279985,10370.655538927296,87.06555389272962,0.0,12732.621248172714,16.72,0.66,0.0,0.0,7.0,1.8968592631667593
1009,6,train_0135,12569.361196934822,10541.084375926577,104.10843759265772,0.0,12673.46963452748,17.22,0.62,0.0,0.0,7.0,1.8968592631667593
1010,6,train_0166,12209.953004586985,10036.991863815882,53.699186381588156,0.0,12263.652190968573,15.7,0.68,0.0,0.0,7.0,1.8968592631667593
1011,6,train_0462,12445.193551458102,10574.261506167575,107.42615061675752,0.0,12552.619702074859,16.66,0.76,0.0,0.0,7.0,1.8968592631667593
1012,6,train_0345,12381.504112609975,10378.954536558722,87.89545365587219,0.0,12469.399566265847,15.66,0.54,0.0,0.0,7.0,1.8968592631667593
1013,6,train_0097,12244.099281959505,10232.251318567283,73.22513185672834,0.0,12317.324413816234,17.62,0.5,0.0,0.0,7.0,1.8968592631667593
1014,6,train_0107,12495.5714568238,10723.465292456134,122.34652924561343,0.0,12617.917986069413,16.86,0.66,0.0,0.0,7.0,1.8968592631667593
1015,6,train_0088,12433.656633305547,10698.415859015808,119.84158590158077,0.0,12553.498219207127,16.94,0.5,0.0,0.0,7.0,1.8968592631667593
1016,6,train_0457,12701.605720931124,10360.165094595915,86.01650945959155,0.0,12787.622230390716,15.52,0.62,0.0,0.0,7.0,1.8968592631667593
1017,6,train_0291,12755.340676920327,10187.705811241234,68.77058112412342,0.0,12824.11125804445,15.64,0.54,0.0,0.0,7.0,1.8968592631667593
1018,6,train_0469,12756.869220829218,10761.434023316084,126.14340233160839,0.0,12883.012623160826,15.4,0.54,0.0,0.0,7.0,1.8968592631667593
1019,6,train_0026,12137.22381590695,10195.664455885057,69.56644558850567,0.0,12206.790261495455,15.04,0.82,0.0,0.0,7.0,1.8968592631667593
1020,6,train_0196,12467.701355397805,10027.504301371737,52.75043013717368,0.0,12520.451785534979,15.88,0.74,0.0,0.0,7.0,1.8968592631667593
1021,6,train_0187,12524.118181350565,10075.045512785924,57.50455127859241,0.0,12581.622732629157,15.52,0.62,0.0,0.0,7.0,1.8968592631667593
1022,6,train_0044,12757.844397450202,10316.219780826475,81.62197808264756,0.0,12839.46637553285,16.78,0.58,0.0,0.0,7.0,1.8968592631667593
1023,6,train_0576,12198.182436472616,10257.201933334145,75.7201933334145,0.0,12273.90262980603,15.18,0.68,0.0,0.0,7.0,1.8968592631667593
1024,7,train_0106,12817.295985704366,10703.35224024688,120.33522402468807,0.0,12937.631209729054,16.98,0.6,0.0,0.0,7.0,1.8968592631667593
1025,7,train_0535,12509.821632569854,10009.243492956277,50.92434929562769,0.0,12560.745981865482,13.78,0.72,0.0,0.0,7.0,1.8968592631667593
1026,7,train_0272,12721.263301814357,10209.50060209784,70.95006020978398,0.0,12792.21336202414,14.42,0.66,0.0,0.0,7.0,1.8968592631667593
1027,7,train_0177,12495.907847849503,10571.382441253996,107.13824412539962,0.0,12603.046091974902,14.36,0.56,0.0,0.0,7.0,1.8968592631667593
1028,7,train_0249,12476.947376981958,10578.09799461969,107.80979946196895,0.0,12584.757176443927,16.16,0.66,0.0,0.0,7.0,1.8968592631667593
1029,7,train_0184,12391.088736478327,10361.714199507554,86.17141995075545,0.0,12477.260156429082,16.78,0.48,0.0,0.0,7.0,1.8968592631667593
1030,7,train_0131,13177.408762406296,10373.024100502807,87.30241005028074,0.0,13264.711172456577,16.52,0.62,0.0,0.0,7.0,1.8968592631667593
1031,7,train_0528,12717.139035519393,9994.35672351365,49.43567235136507,0.0,12766.574707870757,14.9,0.68,0.0,0.0,7.0,1.8968592631667593
1032,7,train_0240,13040.250463289396,10627.422643149439,112.7422643149439,0.0,13152.99272760434,15.76,0.7,0.0,0.0,7.0,1.8968592631667593
1033,7,train_0267,12437.04238393402,9887.095066073463,38.70950660734634,0.0,12475.751890541367,15.96,0.72,0.0,0.0,7.0,1.8968592631667593
1034,7,train_0053,12514.629746948653,10430.48020007831,93.04802000783093,0.0,12607.677766956484,14.96,0.76,0.0,0.0,7.0,1.8968592631667593
1035,7,train_0522,12937.250809472813,10707.57969531987,120.75796953198697,0.0,13058.0087790048,16.58,0.64,0.0,0.0,7.0,1.8968592631667593
1036,7,train_0071,12782.184279839232,10262.009223325316,76.20092233253163,0.0,12858.385202171763,14.46,0.68,0.0,0.0,7.0,1.8968592631667593
1037,7,train_0186,12717.017936700468,10301.191261504959,80.11912615049587,0.0,12797.137062850963,15.54,0.66,0.0,0.0,7.0,1.8968592631667593
1038,7,train_0253,12271.486481082604,10003.560355679798,50.35603556797978,0.0,12321.842516650584,16.62,0.6,0.0,0.0,7.0,1.8968592631667593
1039,7,train_0125,12311.940743063918,10074.466881116214,57.44668811162137,0.0,12369.387431175539,15.48,0.68,0.0,0.0,7.0,1.8968592631667593
1040,7,train_0598,12252.17405095524,10260.1395723133,76.01395723132991,0.0,12328.18800818657,13.52,0.72,0.0,0.0,7.0,1.8968592631667593
1041,7,train_0119,12395.829221273398,10424.898698025221,92.48986980252212,0.0,12488.31909107592,16.62,0.66,0.0,0.0,7.0,1.8968592631667593
1042,7,train_0431,12635.724102789427,9979.985202323667,47.99852023236672,0.0,12683.722623021793,17.02,0.72,0.0,0.0,7.0,1.8968592631667593
1043,7,train_0176,12923.137336781405,10301.029183901797,80.10291839017974,0.0,13003.240255171584,15.42,0.72,0.0,0.0,7.0,1.8968592631667593
1044,7,train_0366,12565.397142831023,10120.88294896131,62.08829489613109,0.0,12627.485437727155,16.42,0.6,0.0,0.0,7.0,1.8968592631667593
1045,7,train_0290,12741.69503218,10273.356224350382,77.3356224350382,0.0,12819.030654615039,17.18,0.54,0.0,0.0,7.0,1.8968592631667593
1046,7,train_0246,12270.312772206835,10091.831169065019,59.183116906501894,0.0,12329.495889113337,16.94,0.64,0.0,0.0,7.0,1.8968592631667593
1047,7,train_0367,12290.256361895237,10292.043863441719,79.20438634417188,0.0,12369.46074823941,15.1,0.82,0.0,0.0,7.0,1.8968592631667593
1048,7,train_0333,12341.086921955259,10510.732437469123,101.07324374691234,0.0,12442.160165702171,15.56,0.68,0.0,0.0,7.0,1.8968592631667593
1049,7,train_0150,12237.02348700841,10277.748176490328,77.77481764903278,0.0,12314.798304657443,16.36,0.62,0.0,0.0,7.0,1.8968592631667593
1050,7,train_0040,12632.244738725904,10581.913355092616,108.19133550926163,0.0,12740.436074235166,18.22,0.66,0.0,0.0,7.0,1.8968592631667593
1051,7,train_0130,12247.950968520454,10357.23118279035,85.72311827903505,0.0,12333.674086799489,13.84,0.62,0.0,0.0,7.0,1.8968592631667593
1052,7,train_0468,12410.577582262067,10090.120647508717,59.01206475087165,0.0,12469.58964701294,15.16,0.74,0.0,0.0,7.0,1.8968592631667593
1053,7,train_0298,11913.04189565598,9828.47334483625,32.84733448362495,0.0,11945.889230139606,15.24,0.66,0.0,0.0,7.0,1.8968592631667593
1054,7,train_0201,12645.929915277866,10100.377768758608,60.0377768758608,0.0,12705.967692153727,16.76,0.64,0.0,0.0,7.0,1.8968592631667593
1055,7,train_0311,12418.57375779259,10424.375202171133,92.43752021711335,0.0,12511.011278009704,15.64,0.66,0.0,0.0,7.0,1.8968592631667593
1056,7,train_0308,12225.551396813069,10127.416118537705,62.74161185377052,0.0,12288.29300866684,16.64,0.68,0.0,0.0,7.0,1.8968592631667593
1057,7,train_0329,12495.22556504318,10135.312293764859,63.53122937648587,0.0,12558.756794419665,17.06,0.7,0.0,0.0,7.0,1.8968592631667593
1058,7,train_0067,12201.918008246848,10080.724384754863,58.072438475486344,0.0,12259.990446722335,16.8,0.68,0.0,0.0,7.0,1.8968592631667593
1059,7,train_0278,12580.350958903504,10138.419468437542,63.84194684375416,0.0,12644.192905747259,16.68,0.64,0.0,0.0,7.0,1.8968592631667593
1060,7,train_0091,12610.560102283638,10358.240673021912,85.82406730219118,0.0,12696.38416958583,15.96,0.7,0.0,0.0,7.0,1.8968592631667593
1061,7,train_0087,12554.383863720599,10657.449678694291,115.7449678694291,0.0,12670.128831590027,14.14,0.7,0.0,0.0,7.0,1.8968592631667593
1062,7,train_0407,12493.738236729994,10320.258308792865,82.02583087928652,0.0,12575.764067609281,16.04,0.72,0.0,0.0,7.0,1.8968592631667593
1063,7,train_0567,13119.87901741214,10991.140637043938,149.11406370439383,0.0,13268.993081116534,16.52,0.68,0.0,0.0,7.0,1.8968592631667593
1064,7,train_0261,12521.67400632676,10567.236405503396,106.7236405503396,0.0,12628.3976468771,14.86,0.74,0.0,0.0,7.0,1.8968592631667593
1065,7,train_0252,12207.343499937433,9820.884754790784,32.08847547907845,0.0,12239.431975416512,16.44,0.68,0.0,0.0,7.0,1.8968592631667593
1066,7,train_0075,12752.791412998182,10204.260065959397,70.42600659593973,0.0,12823.217419594122,17.3,0.6,0.0,0.0,7.0,1.8968592631667593
1067,7,train_0204,12607.330604065028,10593.39701377581,109.33970137758098,0.0,12716.670305442609,17.94,0.72,0.0,0.0,7.0,1.8968592631667593
1068,7,train_0069,12435.055758178889,10410.115392771388,91.01153927713877,0.0,12526.067297456028,16.98,0.64,0.0,0.0,7.0,1.8968592631667593
1069,7,train_0008,12558.090890152953,10498.00569708394,99.80056970839397,0.0,12657.891459861346,13.64,0.64,0.0,0.0,7.0,1.8968592631667593
1070,7,train_0229,12808.7779400135,10720.302866942053,122.03028669420529,0.0,12930.808226707706,14.62,0.68,0.0,0.0,7.0,1.8968592631667593
1071,7,train_0141,12740.882868396799,10514.432264830757,101.4432264830757,0.0,12842.326094879874,13.74,0.64,0.0,0.0,7.0,1.8968592631667593
1072,7,train_0054,12301.40963586364,10497.22491917152,99.72249191715201,0.0,12401.132127780791,16.48,0.6,0.0,0.0,7.0,1.8968592631667593
1073,7,train_0065,12608.617685410649,10440.688228503896,94.06882285038955,0.0,12702.686508261038,13.18,0.76,0.0,0.0,7.0,1.8968592631667593
1074,7,train_0379,13094.58723141906,10904.122537071431,140.4122537071431,0.0,13234.999485126204,15.54,0.7,0.0,0.0,7.0,1.8968592631667593
1075,7,train_0335,12982.833879456753,10384.044249514842,88.40442495148419,0.0,13071.238304408238,18.06,0.7,0.0,0.0,7.0,1.8968592631667593
1076,7,train_0491,12517.207448395478,10423.232772762305,92.32327727623051,0.0,12609.53072567171,15.08,0.64,0.0,0.0,7.0,1.8968592631667593
1077,7,train_0500,11993.315589718179,10429.016522200067,92.9016522200067,0.0,12086.217241938186,14.88,0.64,0.0,0.0,7.0,1.8968592631667593
1078,7,train_0082,12386.609595652426,10655.243184287081,115.52431842870811,0.0,12502.133914081134,16.92,0.78,0.0,0.0,7.0,1.8968592631667593
1079,7,train_0539,12317.299387234067,10361.522522649502,86.15225226495022,0.0,12403.451639499017,15.48,0.64,0.0,0.0,7.0,1.8968592631667593
1080,7,train_0270,12313.871905106662,10230.292191520124,73.02921915201242,0.0,12386.901124258675,15.18,0.66,0.0,0.0,7.0,1.8968592631667593
1081,7,train_0504,12456.444293242323,10315.724076424054,81.57240764240542,0.0,12538.016700884727,14.66,0.66,0.0,0.0,7.0,1.8968592631667593
1082,7,train_0492,12245.669056343639,10409.316726239795,90.93167262397947,0.0,12336.600728967618,16.04,0.64,0.0,0.0,7.0,1.8968592631667593
1083,7,train_0340,12329.200490694533,10253.977498722357,75.39774987223574,0.0,12404.59824056677,18.08,0.56,0.0,0.0,7.0,1.8968592631667593
1084,7,train_0527,12532.35237078011,10179.457998589027,67.94579985890269,0.0,12600.298170639013,15.56,0.74,0.0,0.0,7.0,1.8968592631667593
1085,7,train_0383,12208.75638378575,10120.508937135375,62.05089371353752,0.0,12270.807277499289,16.78,0.68,0.0,0.0,7.0,1.8968592631667593
1086,7,train_0188,12419.856140935397,10596.355593516431,109.63555935164314,0.0,12529.49170028704,14.3,0.7,0.0,0.0,7.0,1.8968592631667593
1087,7,train_0218,12590.065304260726,10620.495584275617,112.04955842756172,0.0,12702.114862688288,15.68,0.58,0.0,0.0,7.0,1.8968592631667593
1088,7,train_0027,12722.40841602756,10181.695631745657,68.16956317456571,0.0,12790.577979202126,15.92,0.6,0.0,0.0,7.0,1.8968592631667593
1089,7,train_0561,12678.280553567984,10367.196191496903,86.71961914969035,0.0,12765.000172717673,17.08,0.68,0.0,0.0,7.0,1.8968592631667593
1090,7,train_0013,12427.724153103987,10084.33555852381,58.43355585238096,0.0,12486.157708956369,14.38,0.6,0.0,0.0,7.0,1.8968592631667593
1091,7,train_0032,12817.355286262678,10280.437975595923,78.04379755959235,0.0,12895.39908382227,16.38,0.78,0.0,0.0,7.0,1.8968592631667593
1092,7,train_0398,11873.845816731864,10334.699287066189,83.46992870661889,0.0,11957.315745438484,14.12,0.72,0.0,0.0,7.0,1.8968592631667593
1093,7,train_0289,13357.406612031937,10438.705363218225,93.87053632182251,0.0,13451.27714835376,16.98,0.62,0.0,0.0,7.0,1.8968592631667593
1094,7,train_0370,12789.926314105136,9961.602604314656,46.16026043146558,0.0,12836.0865745366,16.5,0.78,0.0,0.0,7.0,1.8968592631667593
1095,7,train_0336,12509.246053725908,10275.4087642355,77.54087642355007,0.0,12586.78693014946,16.18,0.68,0.0,0.0,7.0,1.8968592631667593
1096,7,train_0292,12722.282076363765,10427.611434078832,92.76114340788318,0.0,12815.043219771647,17.48,0.56,0.0,0.0,7.0,1.8968592631667593
1097,7,train_0295,12484.394238534242,9955.230321556439,45.52303215564389,0.0,12529.917270689886,16.62,0.76,0.0,0.0,7.0,1.8968592631667593
1098,7,train_0280,12652.792764776383,10456.058560579873,95.60585605798734,0.0,12748.39862083437,16.54,0.6,0.0,0.0,7.0,1.8968592631667593
1099,7,train_0389,12385.051465815035,10229.035974682072,72.90359746820722,0.0,12457.955063283242,15.52,0.68,0.0,0.0,7.0,1.8968592631667593
1100,7,train_0057,12292.923798335074,10134.886048110886,63.48860481108859,0.0,12356.412403146163,13.08,0.74,0.0,0.0,7.0,1.8968592631667593
1101,7,train_0128,12289.134736901191,10068.587968141412,56.85879681414117,0.0,12345.993533715333,15.22,0.54,0.0,0.0,7.0,1.8968592631667593
1102,7,train_0077,12301.006644999386,9970.223813668206,47.02238136682063,0.0,12348.029026366206,16.58,0.68,0.0,0.0,7.0,1.8968592631667593
1103,7,train_0314,12516.190673854124,10110.748278028384,61.07482780283845,0.0,12577.265501656962,15.6,0.74,0.0,0.0,7.0,1.8968592631667593
1104,7,train_0180,12558.447986096176,10703.042085874946,120.30420858749459,0.0,12678.752194683671,17.18,0.64,0.0,0.0,7.0,1.8968592631667593
1105,7,train_0184,12639.201541228162,10357.828460822713,85.78284608227132,0.0,12724.984387310433,16.1,0.7,0.0,0.0,7.0,1.8968592631667593
1106,7,train_0103,11947.595643176257,10203.847230780633,70.38472307806333,0.0,12017.98036625432,15.98,0.6,0.0,0.0,7.0,1.8968592631667593
1107,7,train_0573,12193.92057652098,9950.883304533338,45.08833045333377,0.0,12239.008906974315,15.98,0.62,0.0,0.0,7.0,1.8968592631667593
1108,7,train_0523,12173.788125935429,10220.206719195925,72.0206719195925,0.0,12245.808797855021,15.82,0.76,0.0,0.0,7.0,1.8968592631667593
1109,7,train_0042,12483.356175301667,10415.956825437122,91.59568254371226,0.0,12574.951857845379,17.2,0.68,0.0,0.0,7.0,1.8968592631667593
1110,7,train_0500,12220.04317918194,10347.715228323717,84.77152283237174,0.0,12304.814702014311,14.68,0.56,0.0,0.0,7.0,1.8968592631667593
1111,7,train_0140,12351.733226246506,10080.863188994685,58.086318899468466,0.0,12409.819545145974,16.5,0.74,0.0,0.0,7.0,1.8968592631667593
1112,7,train_0459,12369.628860284858,10368.048069584614,86.80480695846146,0.0,12456.43366724332,15.98,0.64,0.0,0.0,7.0,1.8968592631667593
1113,7,train_0104,12371.843268399221,10331.808111243525,83.18081112435249,0.0,12455.024079523573,17.52,0.68,0.0,0.0,7.0,1.8968592631667593
1114,7,train_0593,12540.752606921558,10297.884394544615,79.78843945446152,0.0,12620.54104637602,13.38,0.62,0.0,0.0,7.0,1.8968592631667593
1115,7,train_0409,13059.14498132833,10286.666786905786,78.66667869057856,0.0,13137.81166001891,17.96,0.82,0.0,0.0,7.0,1.8968592631667593
1116,7,train_0453,12351.060998007686,10420.818197260924,92.08181972609236,0.0,12443.142817733778,15.84,0.72,0.0,0.0,7.0,1.8968592631667593
1117,7,train_0220,12388.201363822676,10356.654827200739,85.66548272007385,0.0,12473.86684654275,16.4,0.72,0.0,0.0,7.0,1.8968592631667593
1118,7,train_0441,12903.254605326887,9944.806974240344,44.48069742403441,0.0,12947.735302750922,16.54,0.72,0.0,0.0,7.0,1.8968592631667593
1119,7,train_0216,12408.388826998307,9910.878741767861,41.08787417678614,0.0,12449.476701175094,18.26,0.62,0.0,0.0,7.0,1.8968592631667593
1120,7,train_0256,12683.447545615702,10025.652376028776,52.565237602877644,0.0,12736.012783218579,17.82,0.76,0.0,0.0,7.0,1.8968592631667593
1121,7,train_0350,12345.482915787365,10202.45169215425,70.2451692154251,0.0,12415.72808500279,17.14,0.62,0.0,0.0,7.0,1.8968592631667593
1122,7,train_0530,12752.361756362385,10765.158674719176,126.5158674719176,0.0,12878.877623834302,17.06,0.76,0.0,0.0,7.0,1.8968592631667593
1123,7,train_0107,12805.537633238975,10179.310408791407,67.93104087914071,0.0,12873.468674118116,16.68,0.6,0.0,0.0,7.0,1.8968592631667593
1124,7,train_0454,12567.645576498508,10736.29819473455,123.62981947345507,0.0,12691.275395971963,18.32,0.62,0.0,0.0,7.0,1.8968592631667593
1125,7,train_0530,12780.618404434665,10660.108491993049,116.01084919930491,0.0,12896.62925363397,16.3,0.58,0.0,0.0,7.0,1.8968592631667593
1126,7,train_0241,12179.17123410415,10408.735064229444,90.87350642294442,0.0,12270.044740527093,16.7,0.8,0.0,0.0,7.0,1.8968592631667593
1127,7,train_0251,12305.570163366276,10482.41776677501,98.24177667750101,0.0,12403.811940043777,15.46,0.64,0.0,0.0,7.0,1.8968592631667593
1128,7,train_0586,12477.479367112834,10472.878038363815,97.2878038363815,0.0,12574.767170949215,15.8,0.68,0.0,0.0,7.0,1.8968592631667593
1129,7,train_0523,12401.139462421876,10012.424994419463,51.24249944194635,0.0,12452.381961863823,16.14,0.72,0.0,0.0,7.0,1.8968592631667593
1130,7,train_0150,12636.504542382623,9924.047498352094,42.404749835209444,0.0,12678.909292217833,15.72,0.56,0.0,0.0,7.0,1.8968592631667593
1131,7,train_0583,12498.257904265141,10101.39977117339,60.13997711733901,0.0,12558.39788138248,14.64,0.62,0.0,0.0,7.0,1.8968592631667593
1132,7,train_0143,12649.389422358356,10496.854248818676,99.68542488186759,0.0,12749.074847240223,15.32,0.72,0.0,0.0,7.0,1.8968592631667593
1133,7,train_0216,12174.179347351062,10211.042982005474,71.10429820054742,0.0,12245.28364555161,17.2,0.62,0.0,0.0,7.0,1.8968592631667593
1134,7,train_0304,12925.338882812923,10896.656958781015,139.66569587810156,0.0,13065.004578691025,17.66,0.8,0.0,0.0,7.0,1.8968592631667593
1135,7,train_0559,12636.10107604317,10224.37791107603,72.43779110760298,0.0,12708.538867150774,16.48,0.64,0.0,0.0,7.0,1.8968592631667593
1136,7,train_0145,12209.797556373856,10190.409332273051,69.04093322730515,0.0,12278.838489601161,14.16,0.52,0.0,0.0,7.0,1.8968592631667593
1137,7,train_0385,12854.526826170364,10576.038262921073,107.60382629210727,0.0,12962.13065246247,16.04,0.78,0.0,0.0,7.0,1.8968592631667593
1138,7,train_0099,12156.540600499051,10013.414241329723,51.34142413297232,0.0,12207.882024632023,16.92,0.58,0.0,0.0,7.0,1.8968592631667593
1139,7,train_0171,13210.68000130882,10605.03202442149,110.50320244214909,0.0,13321.183203750968,17.0,0.64,0.0,0.0,7.0,1.8968592631667593
1140,7,train_0183,12737.206404318866,10196.786435874277,69.67864358742773,0.0,12806.885047906293,15.72,0.74,0.0,0.0,7.0,1.8968592631667593
1141,7,train_0314,12410.25941265893,9979.717427340636,47.97174273406363,0.0,12458.231155392994,16.08,0.6,0.0,0.0,7.0,1.8968592631667593
1142,7,train_0265,12155.16582409197,10700.176359481144,120.01763594811437,0.0,12275.183460040083,14.66,0.7,0.0,0.0,7.0,1.8968592631667593
1143,7,train_0296,12423.827461907265,10439.662543232207,93.96625432322071,0.0,12517.793716230486,15.02,0.7,0.0,0.0,7.0,1.8968592631667593
1144,7,train_0176,12556.526866490625,10560.65621597365,106.06562159736495,0.0,12662.59248808799,15.54,0.66,0.0,0.0,7.0,1.8968592631667593
1145,7,train_0427,12422.579742764377,10616.46246186232,111.64624618623202,0.0,12534.22598895061,16.94,0.56,0.0,0.0,7.0,1.8968592631667593
1146,7,train_0465,12723.605605441,10636.347735681102,113.63477356811018,0.0,12837.24037900911,15.74,0.58,0.0,0.0,7.0,1.8968592631667593
1147,7,train_0177,12386.116489437783,10323.535563731362,82.35355637313624,0.0,12468.47004581092,15.06,0.66,0.0,0.0,7.0,1.8968592631667593
1148,7,train_0188,12572.035148355855,10404.112752774567,90.41127527745667,0.0,12662.446423633311,13.78,0.74,0.0,0.0,7.0,1.8968592631667593
1149,7,train_0118,12532.590322805165,10629.429135328064,112.94291353280641,0.0,12645.533236337971,13.94,0.74,0.0,0.0,7.0,1.8968592631667593
1150,7,train_0047,12454.952536659497,9974.33362864892,47.43336286489193,0.0,12502.38589952439,14.34,0.72,0.0,0.0,7.0,1.8968592631667593
1151,7,train_0132,12341.16259587563,10296.464224693966,79.64642246939657,0.0,12420.809018345028,17.88,0.7,0.0,0.0,7.0,1.8968592631667593
1152,7,train_0184,12692.152735582082,10129.840826911204,62.98408269112042,0.0,12755.136818273202,15.92,0.58,0.0,0.0,7.0,1.8968592631667593
1153,7,train_0505,12389.38642714623,10560.967152951702,106.09671529517018,0.0,12495.4831424414,17.82,0.64,0.0,0.0,7.0,1.8968592631667593
1154,7,train_0570,12172.302139036678,10112.760625162271,61.27606251622711,0.0,12233.578201552904,15.26,0.72,0.0,0.0,7.0,1.8968592631667593
1155,7,train_0110,12603.492104201316,10166.237841988735,66.62378419887355,0.0,12670.115888400189,18.12,0.76,0.0,0.0,7.0,1.8968592631667593
1156,7,train_0338,12406.596358269926,10497.180579589476,99.71805795894761,0.0,12506.314416228874,15.84,0.66,0.0,0.0,7.0,1.8968592631667593
1157,7,train_0355,12656.91524312245,10023.207964894946,52.32079648949457,0.0,12709.236039611944,17.9,0.62,0.0,0.0,7.0,1.8968592631667593
1158,7,train_0375,12521.687288035024,10238.504557758866,73.85045577588663,0.0,12595.53774381091,15.92,0.62,0.0,0.0,7.0,1.8968592631667593
1159,7,train_0542,12264.317026437448,10222.329779510994,72.23297795109939,0.0,12336.550004388548,16.16,0.74,0.0,0.0,7.0,1.8968592631667593
1160,7,train_0195,12674.87158720731,10779.5616161655,127.95616161654999,0.0,12802.82774882386,18.48,0.68,0.0,0.0,7.0,1.8968592631667593
1161,7,train_0012,12816.45120015533,10666.238992075188,116.62389920751885,0.0,12933.07509936285,14.34,0.6,0.0,0.0,7.0,1.8968592631667593
1162,7,train_0575,12809.761939894222,10704.934067423532,120.49340674235319,0.0,12930.255346636575,15.26,0.66,0.0,0.0,7.0,1.8968592631667593
1163,7,train_0210,12088.588686022511,10318.613261703023,81.86132617030235,0.0,12170.450012192814,14.5,0.52,0.0,0.0,7.0,1.8968592631667593
1164,7,train_0536,12516.497011878819,10176.53710634181,67.65371063418097,0.0,12584.150722512999,15.26,0.64,0.0,0.0,7.0,1.8968592631667593
1165,7,train_0043,12110.361026353286,10285.479764613257,78.54797646132575,0.0,12188.909002814613,18.0,0.64,0.0,0.0,7.0,1.8968592631667593
1166,7,train_0375,12396.720802685584,10455.908502443448,95.59085024434481,0.0,12492.31165292993,15.86,0.66,0.0,0.0,7.0,1.8968592631667593
1167,7,train_0270,12300.638294240518,10280.547229635067,78.05472296350672,0.0,12378.693017204025,14.78,0.7,0.0,0.0,7.0,1.8968592631667593
1168,8,train_0093,12350.743403749468,9900.931882545,40.093188254499914,0.0,12390.836592003967,16.5,0.66,0.0,0.0,7.0,1.8968592631667593
1169,8,train_0224,12478.417106114313,10339.10886768862,83.91088676886193,0.0,12562.327992883176,14.4,0.76,0.0,0.0,7.0,1.8968592631667593
1170,8,train_0107,12815.425571612788,10384.494092836187,88.44940928361866,0.0,12903.874980896408,16.94,0.56,0.0,0.0,7.0,1.8968592631667593
1171,8,train_0324,12707.769900142906,10142.136900537807,64.21369005378074,0.0,12771.983590196687,16.06,0.64,0.0,0.0,7.0,1.8968592631667593
1172,8,train_0077,12360.084760240274,10008.823491564923,50.882349156492275,0.0,12410.967109396766,15.78,0.72,0.0,0.0,7.0,1.8968592631667593
1173,8,train_0590,12617.633338509379,10033.342577422107,53.33425774221069,0.0,12670.967596251588,17.22,0.68,0.0,0.0,7.0,1.8968592631667593
1174,8,train_0105,12566.267917520105,10479.441695820273,97.94416958202729,0.0,12664.212087102133,15.04,0.7,0.0,0.0,7.0,1.8968592631667593
1175,8,train_0377,12357.557829073572,10141.133755180865,64.11337551808647,0.0,12421.67120459166,17.0,0.66,0.0,0.0,7.0,1.8968592631667593
1176,8,train_0466,12650.328227102755,10487.449318482153,98.74493184821532,0.0,12749.07315895097,17.6,0.72,0.0,0.0,7.0,1.8968592631667593
1177,8,train_0511,12488.002115075316,10125.593093589818,62.55930935898178,0.0,12550.561424434298,16.72,0.74,0.0,0.0,7.0,1.8968592631667593
1178,8,train_0059,12592.970057793344,10595.653568159127,109.56535681591268,0.0,12702.535414609256,14.68,0.64,0.0,0.0,7.0,1.8968592631667593
1179,8,train_0566,12079.473423288218,10056.230321303521,55.623032130352115,0.0,12135.09645541857,14.8,0.72,0.0,0.0,7.0,1.8968592631667593
1180,8,train_0089,12608.038131750905,10568.415904453748,106.84159044537483,0.0,12714.87972219628,16.22,0.6,0.0,0.0,7.0,1.8968592631667593
1181,8,train_0499,12262.58082995491,10178.181701660465,67.81817016604656,0.0,12330.399000120957,16.2,0.56,0.0,0.0,7.0,1.8968592631667593
1182,8,train_0094,12073.35360043725,9964.240310420622,46.42403104206224,0.0,12119.777631479314,16.98,0.74,0.0,0.0,7.0,1.8968592631667593
1183,8,train_0412,12405.064357463069,10153.23344816206,65.32334481620602,0.0,12470.387702279275,15.9,0.68,0.0,0.0,7.0,1.8968592631667593
1184,8,train_0312,12140.001077350647,10047.55005359286,54.755005359286045,0.0,12194.756082709933,16.6,0.7,0.0,0.0,7.0,1.8968592631667593
1185,8,train_0292,12393.011577396908,10620.617454896397,112.06174548963973,0.0,12505.073322886548,19.58,0.66,0.0,0.0,7.0,1.8968592631667593
1186,8,train_0205,12702.594313214848,10387.165056075568,88.7165056075568,0.0,12791.310818822405,15.84,0.68,0.0,0.0,7.0,1.8968592631667593
1187,8,train_0025,12611.564629198796,10353.605538260523,85.36055382605228,0.0,12696.925183024849,14.22,0.58,0.0,0.0,7.0,1.8968592631667593
1188,8,train_0413,12579.89923563548,10913.190619660658,141.3190619660658,0.0,12721.218297601545,15.92,0.5,0.0,0.0,7.0,1.8968592631667593
1189,8,train_0355,12621.301921053011,10126.557534889076,62.655753488907614,0.0,12683.957674541918,16.74,0.66,0.0,0.0,7.0,1.8968592631667593
1190,8,train_0486,12373.074813414521,10568.297360920616,106.82973609206165,0.0,12479.904549506584,14.46,0.62,0.0,0.0,7.0,1.8968592631667593
1191,8,train_0386,12695.448000966962,10313.864591561745,81.38645915617454,0.0,12776.834460123137,13.4,0.72,0.0,0.0,7.0,1.8968592631667593
1192,8,train_0376,12138.399749187252,10388.968022490633,88.89680224906334,0.0,12227.296551436315,16.78,0.76,0.0,0.0,7.0,1.8968592631667593
1193,8,train_0311,12462.735691130865,10347.983756835481,84.79837568354816,0.0,12547.534066814413,15.64,0.52,0.0,0.0,7.0,1.8968592631667593
1194,8,train_0221,12383.810992418066,10304.158855691223,80.4158855691223,0.0,12464.226877987188,15.26,0.72,0.0,0.0,7.0,1.8968592631667593
1195,8,train_0399,12332.78323199223,10130.624161162588,63.06241611625883,0.0,12395.84564810849,14.46,0.58,0.0,0.0,7.0,1.8968592631667593
1196,8,train_0150,12297.581750197629,10404.798000142593,90.47980001425931,0.0,12388.061550211889,15.9,0.62,0.0,0.0,7.0,1.8968592631667593
1197,8,train_0118,12695.359076209803,10408.969313211193,90.89693132111934,0.0,12786.256007530923,14.96,0.56,0.0,0.0,7.0,1.8968592631667593
1198,8,train_0309,12626.687018335848,10384.182764617086,88.4182764617086,0.0,12715.105294797557,14.74,0.6,0.0,0.0,7.0,1.8968592631667593
1199,8,train_0398,12020.40840311232,10148.870973580248,64.88709735802477,0.0,12085.295500470345,15.22,0.7,0.0,0.0,7.0,1.8968592631667593
1200,8,train_0576,12467.009834866207,10195.263669330901,69.52636693309015,0.0,12536.536201799297,14.46,0.7,0.0,0.0,7.0,1.8968592631667593
1201,8,train_0560,12173.336299540597,10664.274742978567,116.42747429785669,0.0,12289.763773838453,15.08,0.76,0.0,0.0,7.0,1.8968592631667593
1202,8,train_0592,12669.347745870888,10220.782196601316,72.07821966013162,0.0,12741.42596553102,15.62,0.78,0.0,0.0,7.0,1.8968592631667593
1203,8,train_0078,12359.821870900743,10591.2720837622,109.12720837622001,0.0,12468.949079276963,14.16,0.74,0.0,0.0,7.0,1.8968592631667593
1204,8,train_0121,12416.25607384936,9948.411920306418,44.841192030641835,0.0,12461.097265880002,14.64,0.78,0.0,0.0,7.0,1.8968592631667593
1205,8,train_0112,12670.938681415279,9978.486445515398,47.84864455153984,0.0,12718.787325966818,16.6,0.72,0.0,0.0,7.0,1.8968592631667593
1206,8,train_0405,12647.684415460419,10824.023132528511,132.40231325285114,0.0,12780.08672871327,16.52,0.64,0.0,0.0,7.0,1.8968592631667593
1207,8,train_0519,12544.102164341417,10710.645917382339,121.06459173823387,0.0,12665.16675607965,16.2,0.7,0.0,0.0,7.0,1.8968592631667593
1208,8,train_0536,12377.044297331031,10409.283336273413,90.92833362734127,0.0,12467.972630958373,16.06,0.72,0.0,0.0,7.0,1.8968592631667593
1209,8,train_0140,12276.906509774704,10502.806856034276,100.28068560342763,0.0,12377.187195378132,15.52,0.76,0.0,0.0,7.0,1.8968592631667593
1210,8,train_0387,12132.914997360442,10051.56505150276,55.15650515027592,0.0,12188.071502510718,16.54,0.56,0.0,0.0,7.0,1.8968592631667593
1211,8,train_0226,12034.373547172536,10212.52036200104,71.25203620010397,0.0,12105.625583372639,13.58,0.68,0.0,0.0,7.0,1.8968592631667593
1212,8,train_0160,12573.773891659392,10281.043097650861,78.10430976508616,0.0,12651.878201424477,15.9,0.6,0.0,0.0,7.0,1.8968592631667593
1213,8,train_0272,12467.297343832059,10427.953969141141,92.79539691411411,0.0,12560.092740746173,14.8,0.68,0.0,0.0,7.0,1.8968592631667593
1214,8,train_0482,12025.172428570011,10004.438694989432,50.44386949894324,0.0,12075.616298068955,14.06,0.7,0.0,0.0,7.0,1.8968592631667593
1215,8,train_0253,12143.917472521258,10038.004495529214,53.80044955292142,0.0,12197.71792207418,17.1,0.74,0.0,0.0,7.0,1.8968592631667593
1216,8,train_0246,12308.463400190452,10209.190019697704,70.9190019697704,0.0,12379.382402160223,16.42,0.78,0.0,0.0,7.0,1.8968592631667593
1217,8,train_0028,12611.638911730812,10336.489836494184,83.64898364941837,0.0,12695.28789538023,18.4,0.68,0.0,0.0,7.0,1.8968592631667593
1218,8,train_0379,13200.883205339827,10872.918327362066,137.29183273620657,0.0,13338.175038076033,15.2,0.7,0.0,0.0,7.0,1.8968592631667593
1219,8,train_0046,12282.328394855349,9925.26099301414,42.52609930141407,0.0,12324.854494156763,16.32,0.76,0.0,0.0,7.0,1.8968592631667593
1220,8,train_0311,12673.712027424805,10099.994433037278,59.99944330372782,0.0,12733.711470728533,17.92,0.72,0.0,0.0,7.0,1.8968592631667593
1221,8,train_0096,12715.694316399753,10278.220138751065,77.8220138751065,0.0,12793.516330274859,17.82,0.74,0.0,0.0,7.0,1.8968592631667593
1222,8,train_0292,12487.920630642875,10442.501844252649,94.25018442526489,0.0,12582.17081506814,17.38,0.76,0.0,0.0,7.0,1.8968592631667593
1223,8,train_0545,12299.169753684639,10291.262233484782,79.1262233484782,0.0,12378.295977033116,17.68,0.68,0.0,0.0,7.0,1.8968592631667593
1224,8,train_0156,12355.54239108966,10320.848480109971,82.08484801099712,0.0,12437.627239100657,16.98,0.64,0.0,0.0,7.0,1.8968592631667593
1225,8,train_0508,12861.372818408166,10655.392782108986,115.53927821089856,0.0,12976.912096619066,14.92,0.66,0.0,0.0,7.0,1.8968592631667593
1226,8,train_0220,12362.338482681203,10381.0018956632,88.10018956631994,0.0,12450.438672247523,17.08,0.7,0.0,0.0,7.0,1.8968592631667593
1227,8,train_0358,12532.28573949924,10456.384330297464,95.63843302974638,0.0,12627.924172528987,15.88,0.72,0.0,0.0,7.0,1.8968592631667593
1228,8,train_0578,12267.203151434818,10098.986222928692,59.89862229286919,0.0,12327.101773727687,16.84,0.62,0.0,0.0,7.0,1.8968592631667593
1229,8,train_0358,12686.785487340028,10373.175229372373,87.3175229372373,0.0,12774.103010277266,16.16,0.8,0.0,0.0,7.0,1.8968592631667593
1230,8,train_0151,12533.714561586878,10658.804720696751,115.88047206967514,0.0,12649.595033656553,16.0,0.6,0.0,0.0,7.0,1.8968592631667593
1231,8,train_0365,12823.325813862904,10511.34718022186,101.13471802218592,0.0,12924.46053188509,16.76,0.7,0.0,0.0,7.0,1.8968592631667593
1232,8,train_0274,12793.632536519452,10480.2442138191,98.02442138191,0.0,12891.656957901361,16.88,0.68,0.0,0.0,7.0,1.8968592631667593
1233,8,train_0154,12577.669065789558,10726.107971522031,122.61079715220313,0.0,12700.279862941761,19.02,0.52,0.0,0.0,7.0,1.8968592631667593
1234,8,train_0352,12459.857000632506,9763.135772317859,26.313577231785896,0.0,12486.170577864292,16.38,0.6,0.0,0.0,7.0,1.8968592631667593
1235,8,train_0416,12145.407736244935,10596.054825050942,109.60548250509419,0.0,12255.01321875003,16.84,0.46,0.0,0.0,7.0,1.8968592631667593
1236,8,train_0260,12014.057127587446,10368.755479744019,86.8755479744019,0.0,12100.932675561848,17.06,0.76,0.0,0.0,7.0,1.8968592631667593
1237,8,train_0595,12161.887543621315,9928.647822563926,42.86478225639257,0.0,12204.752325877707,14.44,0.6,0.0,0.0,7.0,1.8968592631667593
1238,8,train_0261,12639.38722466593,10467.051548568208,96.70515485682081,0.0,12736.092379522752,17.66,0.76,0.0,0.0,7.0,1.8968592631667593
1239,8,train_0033,12674.960393566329,10482.949661281236,98.29496612812363,0.0,12773.255359694453,15.5,0.52,0.0,0.0,7.0,1.8968592631667593
1240,8,train_0164,12213.976387673785,10375.156698724515,87.51566987245151,0.0,12301.492057546237,14.28,0.74,0.0,0.0,7.0,1.8968592631667593
1241,8,train_0396,12564.072514883213,10232.089832043515,73.20898320435154,0.0,12637.281498087565,13.12,0.72,0.0,0.0,7.0,1.8968592631667593
1242,8,train_0395,12522.02327186073,10168.759038252338,66.87590382523376,0.0,12588.899175685963,15.52,0.7,0.0,0.0,7.0,1.8968592631667593
1243,8,train_0175,11978.297707413949,10466.563193670852,96.65631936708525,0.0,12074.954026781033,16.46,0.64,0.0,0.0,7.0,1.8968592631667593
1244,8,train_0270,12348.413400735764,9996.95692093084,49.69569209308393,0.0,12398.109092828849,16.06,0.62,0.0,0.0,7.0,1.8968592631667593
1245,8,train_0010,12130.828797483942,10668.686538477523,116.86865384775228,0.0,12247.697451331695,16.4,0.64,0.0,0.0,7.0,1.8968592631667593
1246,8,train_0172,12312.633552458741,10365.989343099849,86.59893430998491,0.0,12399.232486768726,15.56,0.7,0.0,0.0,7.0,1.8968592631667593
1247,8,train_0375,12569.893899863619,10351.853374173344,85.18533741733445,0.0,12655.079237280954,15.02,0.64,0.0,0.0,7.0,1.8968592631667593
1248,8,train_0404,13238.206190006873,10476.416261034123,97.64162610341228,0.0,13335.847816110285,16.22,0.68,0.0,0.0,7.0,1.8968592631667593
1249,8,train_0242,12753.01538669263,10317.285945561067,81.7285945561067,0.0,12834.743981248737,14.62,0.72,0.0,0.0,7.0,1.8968592631667593
1250,8,train_0562,12450.371642237702,10193.846595558249,69.38465955582488,0.0,12519.756301793526,15.5,0.7,0.0,0.0,7.0,1.8968592631667593
1251,8,train_0176,12913.33257302315,10423.219354106463,92.32193541064626,0.0,13005.654508433796,15.28,0.7,0.0,0.0,7.0,1.8968592631667593
1252,8,train_0023,12196.47285046615,10036.242121881005,53.6242121881005,0.0,12250.097062654251,13.62,0.7,0.0,0.0,7.0,1.8968592631667593
1253,8,train_0157,12442.612799469947,10342.125718427082,84.21257184270817,0.0,12526.825371312656,15.28,0.54,0.0,0.0,7.0,1.8968592631667593
1254,8,train_0436,12749.067671420944,10458.717619997093,95.87176199970928,0.0,12844.939433420654,14.86,0.66,0.0,0.0,7.0,1.8968592631667593
1255,8,train_0217,12627.56736621177,10218.391957760034,71.83919577600336,0.0,12699.406561987773,16.48,0.74,0.0,0.0,7.0,1.8968592631667593
1256,8,train_0343,12862.928458793926,10752.583046297987,125.25830462979866,0.0,12988.186763423724,17.7,0.56,0.0,0.0,7.0,1.8968592631667593
1257,8,train_0436,12703.49546151294,10443.847067835864,94.38470678358645,0.0,12797.880168296528,15.94,0.7,0.0,0.0,7.0,1.8968592631667593
1258,8,train_0571,12409.954847913672,10226.19142783582,72.61914278358199,0.0,12482.573990697254,14.94,0.76,0.0,0.0,7.0,1.8968592631667593
1259,8,train_0224,12702.346314180646,10576.322215690616,107.63222156906158,0.0,12809.978535749708,14.32,0.68,0.0,0.0,7.0,1.8968592631667593
1260,8,train_0081,12539.233316316175,10088.166467492034,58.81664674920339,0.0,12598.049963065378,17.76,0.72,0.0,0.0,7.0,1.8968592631667593
1261,8,train_0205,12543.042379109342,10329.640178777034,82.96401787770338,0.0,12626.006396987044,16.58,0.76,0.0,0.0,7.0,1.8968592631667593
1262,8,train_0227,12774.96822071763,10511.065493572036,101.10654935720359,0.0,12876.074770074834,16.92,0.62,0.0,0.0,7.0,1.8968592631667593
1263,8,train_0547,12987.9798824853,10471.868185315885,97.18681853158851,0.0,13085.16670101689,17.32,0.76,0.0,0.0,7.0,1.8968592631667593
1264,8,train_0442,12384.435560419839,10797.80605467135,129.78060546713496,0.0,12514.216165886974,13.9,0.6,0.0,0.0,7.0,1.8968592631667593
1265,8,train_0351,13342.316092880163,10037.218460921464,53.72184609214637,0.0,13396.03793897231,15.46,0.6,0.0,0.0,7.0,1.8968592631667593
1266,8,train_0375,12458.87088379523,10413.268151022308,91.32681510223084,0.0,12550.197698897462,15.24,0.68,0.0,0.0,7.0,1.8968592631667593
1267,8,train_0461,12392.659601628557,10531.655503754275,103.16555037542749,0.0,12495.825152003985,13.82,0.7,0.0,0.0,7.0,1.8968592631667593
1268,8,train_0391,12699.950727941603,10088.937359900974,58.89373599009741,0.0,12758.8444639317,15.84,0.78,0.0,0.0,7.0,1.8968592631667593
1269,8,train_0580,13043.259806813376,10537.136514628637,103.71365146286371,0.0,13146.97345827624,16.2,0.74,0.0,0.0,7.0,1.8968592631667593
1270,8,train_0530,13009.568422306254,10157.40833480359,65.74083348035893,0.0,13075.309255786613,16.4,0.72,0.0,0.0,7.0,1.8968592631667593
1271,8,train_0490,12316.926824020826,10014.159930642742,51.415993064274154,0.0,12368.3428170851,15.72,0.72,0.0,0.0,7.0,1.8968592631667593
1272,8,train_0436,12791.144496006893,10416.952706471347,91.69527064713475,0.0,12882.839766654028,17.54,0.7,0.0,0.0,7.0,1.8968592631667593
1273,8,train_0330,12205.007193834881,9855.529592224217,35.55295922242167,0.0,12240.560153057302,15.32,0.74,0.0,0.0,7.0,1.8968592631667593
1274,8,train_0044,12665.8703099987,10636.839380782327,113.68393807823269,0.0,12779.554248076933,16.6,0.74,0.0,0.0,7.0,1.8968592631667593
1275,8,train_0446,12436.165904237321,10077.611640927511,57.7611640927511,0.0,12493.927068330073,14.84,0.58,0.0,0.0,7.0,1.8968592631667593
1276,8,train_0365,12755.007179977016,10555.801794688052,105.58017946880518,0.0,12860.58735944582,16.34,0.6,0.0,0.0,7.0,1.8968592631667593
1277,8,train_0543,12790.871435439112,10357.01655285156,85.7016552851561,0.0,12876.573090724269,15.9,0.6,0.0,0.0,7.0,1.8968592631667593
1278,8,train_0324,12182.063665093838,10657.142400527684,115.7142400527684,0.0,12297.777905146606,15.2,0.64,0.0,0.0,7.0,1.8968592631667593
1279,8,train_0398,11949.49673025121,10114.191999119788,61.419199911978836,0.0,12010.91593016319,16.14,0.7,0.0,0.0,7.0,1.8968592631667593
1280,8,train_0145,12412.172034002095,10202.4088798901,70.24088798900993,0.0,12482.412921991105,15.16,0.64,0.0,0.0,7.0,1.8968592631667593
1281,8,train_0488,12621.35462379099,10087.57526553786,58.757526553786015,0.0,12680.112150344776,14.66,0.64,0.0,0.0,7.0,1.8968592631667593
1282,8,train_0274,12819.129950078555,10581.367347040583,108.1367347040583,0.0,12927.266684782613,14.56,0.6,0.0,0.0,7.0,1.8968592631667593
1283,8,train_0319,12134.311409924809,10586.143798364059,108.6143798364059,0.0,12242.925789761215,16.54,0.68,0.0,0.0,7.0,1.8968592631667593
1284,8,train_0475,12126.73245598207,10086.941579118025,58.69415791180254,0.0,12185.426613893873,16.38,0.78,0.0,0.0,7.0,1.8968592631667593
1285,8,train_0436,13059.040782587246,9925.913448199288,42.591344819928786,0.0,13101.632127407174,16.52,0.74,0.0,0.0,7.0,1.8968592631667593
1286,8,train_0203,12929.486801385532,10448.879758917406,94.88797589174065,0.0,13024.374777277273,14.2,0.7,0.0,0.0,7.0,1.8968592631667593
1287,8,train_0140,12048.466178724093,10657.973788325888,115.79737883258878,0.0,12164.263557556682,15.38,0.58,0.0,0.0,7.0,1.8968592631667593
1288,8,train_0408,11848.734183978315,10097.602633309627,59.7602633309627,0.0,11908.494447309278,14.38,0.74,0.0,0.0,7.0,1.8968592631667593
1289,8,train_0591,12695.026999380345,10307.12700324617,80.71270032461707,0.0,12775.739699704962,18.2,0.62,0.0,0.0,7.0,1.8968592631667593
1290,8,train_0305,12094.525605761999,10633.304360539096,113.33043605390958,0.0,12207.856041815909,15.46,0.76,0.0,0.0,7.0,1.8968592631667593
1291,8,train_0263,12137.697652164421,9961.325317888015,46.1325317888015,0.0,12183.830183953223,16.96,0.66,0.0,0.0,7.0,1.8968592631667593
1292,8,train_0541,12851.362127042481,10248.873846754072,74.88738467540716,0.0,12926.249511717888,16.78,0.7,0.0,0.0,7.0,1.8968592631667593
1293,8,train_0247,12743.980452574298,10238.686173668804,73.86861736688043,0.0,12817.84906994118,16.54,0.58,0.0,0.0,7.0,1.8968592631667593
1294,8,train_0505,12907.81407638861,10338.016479401982,83.80164794019821,0.0,12991.615724328807,16.28,0.72,0.0,0.0,7.0,1.8968592631667593
1295,8,train_0180,13012.039475297828,10137.663200475745,63.76632004757448,0.0,13075.805795345403,18.22,0.7,0.0,0.0,7.0,1.8968592631667593
1296,8,train_0521,12546.87800238439,10104.277656853807,60.427765685380656,0.0,12607.305768069771,17.7,0.74,0.0,0.0,7.0,1.8968592631667593
1297,8,train_0228,12552.489990581254,10145.462313043994,64.54623130439941,0.0,12617.036221885654,15.88,0.64,0.0,0.0,7.0,1.8968592631667593
1298,8,train_0136,12455.334585313407,10229.436874610894,72.9436874610894,0.0,12528.278272774496,17.52,0.68,0.0,0.0,7.0,1.8968592631667593
1299,8,train_0437,11285.154135863726,9828.021996234913,32.80219962349129,0.0,11317.956335487217,15.3,0.62,0.0,0.0,7.0,1.8968592631667593
1300,8,train_0474,12798.97269695293,10572.624355983568,107.26243559835676,0.0,12906.235132551286,15.26,0.7,0.0,0.0,7.0,1.8968592631667593
1301,8,train_0554,12489.915266623499,9918.333794567814,41.83337945678141,0.0,12531.74864608028,13.86,0.7,0.0,0.0,7.0,1.8968592631667593
1302,8,train_0510,12811.800192991508,10619.243251993295,111.92432519932954,0.0,12923.724518190838,14.88,0.66,0.0,0.0,7.0,1.8968592631667593
1303,8,train_0552,12408.051193709722,10220.530160264996,72.0530160264996,0.0,12480.10420973622,15.58,0.68,0.0,0.0,7.0,1.8968592631667593
1304,8,train_0191,12497.925450727558,10551.119790336128,105.11197903361281,0.0,12603.03742976117,16.34,0.76,0.0,0.0,7.0,1.8968592631667593
1305,8,train_0238,12675.944333128811,10001.050801610676,50.105080161067605,0.0,12726.049413289878,16.28,0.7,0.0,0.0,7.0,1.8968592631667593
1306,8,train_0325,12686.709892789348,9969.91172369471,46.99117236947095,0.0,12733.701065158819,13.64,0.76,0.0,0.0,7.0,1.8968592631667593
1307,8,train_0147,12973.454375436619,10259.5108075277,75.95108075277004,0.0,13049.405456189388,16.24,0.72,0.0,0.0,7.0,1.8968592631667593
1308,8,train_0453,12606.526454384257,10141.992353937534,64.19923539375341,0.0,12670.72568977801,17.7,0.54,0.0,0.0,7.0,1.8968592631667593
1309,8,train_0455,12794.502447164474,10818.131054307682,131.81310543076816,0.0,12926.315552595242,17.14,0.62,0.0,0.0,7.0,1.8968592631667593
1310,8,train_0330,12274.71354278217,9776.855860302774,27.68558603027741,0.0,12302.399128812447,14.88,0.64,0.0,0.0,7.0,1.8968592631667593
1311,8,train_0573,12015.070819507979,10111.49298669591,61.14929866959101,0.0,12076.220118177569,16.76,0.66,0.0,0.0,7.0,1.8968592631667593
1312,9,train_0102,12645.746840915766,9964.722718133384,46.47227181333838,0.0,12692.219112729104,14.08,0.7,0.0,0.0,7.0,1.8968592631667593
1313,9,train_0522,12632.163238659741,10395.972378912495,89.59723789124946,0.0,12721.760476550991,16.54,0.58,0.0,0.0,7.0,1.8968592631667593
1314,9,train_0062,12282.031240749835,10117.466991978294,61.74669919782937,0.0,12343.777939947664,13.88,0.54,0.0,0.0,7.0,1.8968592631667593
1315,9,train_0439,12635.972146651591,10221.987561919823,72.19875619198228,0.0,12708.170902843573,15.2,0.6,0.0,0.0,7.0,1.8968592631667593
1316,9,train_0158,12613.053392578415,10543.726298944766,104.37262989447663,0.0,12717.426022472891,16.9,0.64,0.0,0.0,7.0,1.8968592631667593
1317,9,train_0034,12277.080688641925,10430.520561564055,93.05205615640553,0.0,12370.132744798331,15.04,0.58,0.0,0.0,7.0,1.8968592631667593
1318,9,train_0280,12234.236233350555,10766.546132488726,126.65461324887256,0.0,12360.890846599428,15.92,0.6,0.0,0.0,7.0,1.8968592631667593
1319,9,train_0291,12841.658517073773,10404.083323613166,90.40833236131658,0.0,12932.066849435088,15.02,0.66,0.0,0.0,7.0,1.8968592631667593
1320,9,train_0178,12229.111821417266,10064.550480301281,56.4550480301281,0.0,12285.566869447393,15.26,0.68,0.0,0.0,7.0,1.8968592631667593
1321,9,train_0495,12804.304926406308,10190.609057447335,69.06090574473346,0.0,12873.365832151041,17.8,0.66,0.0,0.0,7.0,1.8968592631667593
1322,9,train_0308,12342.90426080437,10109.624137437413,60.96241374374131,0.0,12403.86667454811,16.84,0.68,0.0,0.0,7.0,1.8968592631667593
1323,9,train_0132,12289.707069398664,10007.617700032233,50.76177000322332,0.0,12340.468839401889,18.22,0.66,0.0,0.0,7.0,1.8968592631667593
1324,9,train_0598,12425.571535277937,10228.010120538549,72.8010120538549,0.0,12498.372547331792,14.16,0.72,0.0,0.0,7.0,1.8968592631667593
1325,9,train_0218,12471.413746325667,10673.406746944987,117.34067469449874,0.0,12588.754421020165,16.72,0.68,0.0,0.0,7.0,1.8968592631667593
1326,9,train_0522,12867.625027236634,10286.645907104179,78.66459071041791,0.0,12946.289617947052,16.62,0.56,0.0,0.0,7.0,1.8968592631667593
1327,9,train_0072,12822.072329957915,10408.420359038362,90.84203590383623,0.0,12912.91436586175,15.86,0.62,0.0,0.0,7.0,1.8968592631667593
1328,9,train_0255,12094.24210575123,10186.04917026173,68.60491702617291,0.0,12162.847022777401,16.24,0.5,0.0,0.0,7.0,1.8968592631667593
1329,9,train_0447,12289.912685251356,10341.52525494833,84.15252549483303,0.0,12374.06521074619,17.0,0.6,0.0,0.0,7.0,1.8968592631667593
1330,9,train_0583,12176.760714029133,10521.441553474866,102.1441553474866,0.0,12278.90486937662,16.14,0.68,0.0,0.0,7.0,1.8968592631667593
1331,9,train_0157,12164.534340720496,10749.459972490771,124.94599724907712,0.0,12289.480337969573,16.24,0.7,0.0,0.0,7.0,1.8968592631667593
1332,9,train_0085,12489.136448503052,10377.014935996294,87.70149359962943,0.0,12576.83794210268,15.1,0.6,0.0,0.0,7.0,1.8968592631667593
1333,9,train_0101,12691.335248172465,10280.286102397782,78.02861023977822,0.0,12769.363858412244,16.42,0.62,0.0,0.0,7.0,1.8968592631667593
1334,9,train_0333,12723.17754755563,10552.399831527462,105.23998315274622,0.0,12828.417530708375,16.0,0.76,0.0,0.0,7.0,1.8968592631667593
1335,9,train_0473,12368.579969618542,10148.334655945935,64.8334655945935,0.0,12433.413435213135,18.32,0.66,0.0,0.0,7.0,1.8968592631667593
1336,9,train_0023,11948.766102725534,10180.560018876127,68.05600188761274,0.0,12016.822104613148,15.24,0.66,0.0,0.0,7.0,1.8968592631667593
1337,9,train_0070,11987.857331114923,9805.715525769421,30.571552576942125,0.0,12018.428883691866,15.8,0.58,0.0,0.0,7.0,1.8968592631667593
1338,9,train_0521,12276.551592643831,10490.58807940784,99.05880794078404,0.0,12375.610400584615,17.18,0.64,0.0,0.0,7.0,1.8968592631667593
1339,9,train_0110,12305.04303524155,10424.748876009202,92.4748876009202,0.0,12397.51792284247,17.02,0.72,0.0,0.0,7.0,1.8968592631667593
1340,9,train_0489,12335.469838811048,9951.690283747903,45.16902837479029,0.0,12380.638867185839,14.84,0.74,0.0,0.0,7.0,1.8968592631667593
1341,9,train_0089,12532.427804067192,10516.772708343458,101.67727083434585,0.0,12634.105074901538,16.2,0.68,0.0,0.0,7.0,1.8968592631667593
1342,9,train_0193,12475.58878142076,10292.830795425016,79.28307954250158,0.0,12554.871860963261,13.64,0.7,0.0,0.0,7.0,1.8968592631667593
1343,9,train_0040,12514.23548894484,10682.527747781765,118.25277477817654,0.0,12632.488263723017,16.16,0.68,0.0,0.0,7.0,1.8968592631667593
1344,9,train_0481,12492.003052601296,9782.551689222733,28.255168922273334,0.0,12520.258221523569,15.8,0.7,0.0,0.0,7.0,1.8968592631667593
1345,9,train_0575,12795.607383914048,10607.27960552707,110.72796055270702,0.0,12906.335344466755,16.8,0.7,0.0,0.0,7.0,1.8968592631667593
1346,9,train_0050,12510.827511271753,10344.046061449179,84.40460614491786,0.0,12595.23211741667,14.32,0.58,0.0,0.0,7.0,1.8968592631667593
1347,9,train_0221,12371.153994671686,10419.003857099759,91.90038570997586,0.0,12463.054380381662,16.92,0.62,0.0,0.0,7.0,1.8968592631667593
1348,9,train_0472,12507.00358906159,10540.906838415929,104.09068384159292,0.0,12611.094272903183,17.5,0.6,0.0,0.0,7.0,1.8968592631667593
1349,9,train_0137,12277.231163740587,10497.987982461862,99.79879824618621,0.0,12377.029961986773,15.34,0.62,0.0,0.0,7.0,1.8968592631667593
1350,9,train_0572,12550.859990033932,10313.187267778605,81.3187267778605,0.0,12632.178716811793,13.86,0.58,0.0,0.0,7.0,1.8968592631667593
1351,9,train_0562,12227.723394031924,10742.879200349258,124.28792003492582,0.0,12352.011314066849,16.98,0.6,0.0,0.0,7.0,1.8968592631667593
1352,9,train_0050,11881.239467790041,10606.755830361726,110.67558303617261,0.0,11991.915050826214,14.28,0.6,0.0,0.0,7.0,1.8968592631667593
1353,9,train_0123,12352.607828384746,10318.152678302846,81.81526783028458,0.0,12434.42309621503,14.1,0.58,0.0,0.0,7.0,1.8968592631667593
1354,9,train_0269,11894.912646963861,9731.643741370646,23.164374137064627,0.0,11918.077021100926,16.72,0.68,0.0,0.0,7.0,1.8968592631667593
1355,9,train_0247,12491.605001646589,10389.505541158942,88.95055411589419,0.0,12580.555555762483,16.36,0.52,0.0,0.0,7.0,1.8968592631667593
1356,9,train_0474,12504.083386964787,10389.660927133056,88.96609271330563,0.0,12593.049479678093,14.08,0.64,0.0,0.0,7.0,1.8968592631667593
1357,9,train_0044,12882.783092979638,10917.036735409207,141.70367354092068,0.0,13024.486766520558,16.12,0.54,0.0,0.0,7.0,1.8968592631667593
1358,9,train_0526,12397.833557019421,10696.61762118683,119.66176211868297,0.0,12517.495319138105,15.84,0.56,0.0,0.0,7.0,1.8968592631667593
1359,9,train_0408,11915.54765394837,10192.768770316125,69.27687703161246,0.0,11984.824530979982,14.12,0.58,0.0,0.0,7.0,1.8968592631667593
1360,9,train_0451,12842.766389111292,10420.817243257603,92.0817243257603,0.0,12934.848113437052,15.74,0.68,0.0,0.0,7.0,1.8968592631667593
1361,9,train_0160,12589.73878838983,10317.755082579606,81.77550825796061,0.0,12671.51429664779,16.82,0.64,0.0,0.0,7.0,1.8968592631667593
1362,9,train_0262,12566.188948748124,10415.519590125925,91.55195901259249,0.0,12657.740907760717,15.46,0.72,0.0,0.0,7.0,1.8968592631667593
1363,9,train_0236,12459.870184383057,10152.511977137274,65.25119771372738,0.0,12525.121382096784,18.18,0.54,0.0,0.0,7.0,1.8968592631667593
1364,9,train_0422,12812.143270659686,10180.841895202568,68.08418952025677,0.0,12880.227460179944,16.48,0.82,0.0,0.0,7.0,1.8968592631667593
1365,9,train_0560,12358.664288261856,10429.031100781096,92.9031100781096,0.0,12451.567398339967,17.52,0.62,0.0,0.0,7.0,1.8968592631667593
1366,9,train_0108,12640.190487989821,10210.015112999645,71.00151129996448,0.0,12711.191999289786,19.38,0.7,0.0,0.0,7.0,1.8968592631667593
1367,9,train_0447,12458.337432311646,10210.068405651698,71.00684056516984,0.0,12529.344272876815,16.98,0.72,0.0,0.0,7.0,1.8968592631667593
1368,9,train_0582,12765.11705010185,10356.0209804798,85.60209804797996,0.0,12850.71914814983,16.18,0.72,0.0,0.0,7.0,1.8968592631667593
1369,9,train_0523,12479.179768248494,9966.512206633557,46.65122066335571,0.0,12525.83098891185,15.92,0.62,0.0,0.0,7.0,1.8968592631667593
1370,9,train_0229,12870.143608780552,10727.472692931036,122.74726929310364,0.0,12992.890878073656,16.28,0.7,0.0,0.0,7.0,1.8968592631667593
1371,9,train_0069,12374.258799290017,10519.667422345417,101.96674223454175,0.0,12476.225541524558,18.16,0.6,0.0,0.0,7.0,1.8968592631667593
1372,9,train_0225,12447.858947628498,10572.80829123201,107.28082912320097,0.0,12555.1397767517,18.0,0.64,0.0,0.0,7.0,1.8968592631667593
1373,9,train_0073,12783.726604312511,9778.267084628133,27.826708462813258,0.0,12811.553312775324,15.62,0.74,0.0,0.0,7.0,1.8968592631667593
1374,9,train_0567,13168.66598717605,10778.694156537369,127.86941565373691,0.0,13296.535402829786,16.96,0.7,0.0,0.0,7.0,1.8968592631667593
1375,9,train_0003,12334.800894846503,10030.382076411204,53.03820764112043,0.0,12387.839102487624,15.66,0.78,0.0,0.0,7.0,1.8968592631667593
1376,9,train_0275,12577.572478903203,10170.75988376834,67.07598837683399,0.0,12644.648467280036,15.08,0.66,0.0,0.0,7.0,1.8968592631667593
1377,9,train_0548,12688.472823805396,10151.057915678257,65.10579156782569,0.0,12753.578615373222,15.46,0.76,0.0,0.0,7.0,1.8968592631667593
1378,9,train_0540,12812.358779618537,10579.273852231738,107.92738522317377,0.0,12920.286164841711,16.66,0.68,0.0,0.0,7.0,1.8968592631667593
1379,9,train_0332,12143.266743575263,9971.192448547768,47.119244854776845,0.0,12190.38598843004,17.0,0.72,0.0,0.0,7.0,1.8968592631667593
1380,9,train_0223,12369.469405735112,10222.695807396656,72.26958073966561,0.0,12441.738986474777,14.3,0.56,0.0,0.0,7.0,1.8968592631667593
1381,9,train_0071,12729.66236409692,10164.819254759987,66.48192547599865,0.0,12796.144289572918,13.78,0.52,0.0,0.0,7.0,1.8968592631667593
1382,9,train_0084,12064.76160199667,10410.5638624659,91.05638624659005,0.0,12155.81798824326,16.48,0.74,0.0,0.0,7.0,1.8968592631667593
1383,9,train_0516,13053.22646494857,10131.499801310762,63.149980131076155,0.0,13116.376445079646,14.74,0.66,0.0,0.0,7.0,1.8968592631667593
1384,9,train_0191,12562.723105839923,10454.28422686709,95.42842268670903,0.0,12658.151528526632,16.26,0.68,0.0,0.0,7.0,1.8968592631667593
1385,9,train_0567,13085.84820074296,11047.8122623803,154.78122623802994,0.0,13240.62942698099,16.42,0.7,0.0,0.0,7.0,1.8968592631667593
1386,9,train_0338,12359.67190678236,10457.41712938894,95.74171293889395,0.0,12455.413619721254,14.86,0.68,0.0,0.0,7.0,1.8968592631667593
1387,9,train_0235,12537.586349967787,10632.39302198721,113.23930219872109,0.0,12650.825652166508,14.82,0.7,0.0,0.0,7.0,1.8968592631667593
1388,9,train_0435,12216.320256706003,10024.621778260134,52.46217782601343,0.0,12268.782434532017,15.04,0.64,0.0,0.0,7.0,1.8968592631667593
1389,9,train_0388,12512.880439935607,10639.990307737567,113.99903077375676,0.0,12626.879470709364,14.8,0.64,0.0,0.0,7.0,1.8968592631667593
1390,9,train_0309,12579.775791856004,10581.110408145598,108.11104081455979,0.0,12687.886832670563,14.36,0.7,0.0,0.0,7.0,1.8968592631667593
1391,9,train_0099,12013.809049427236,10283.456944114692,78.34569441146924,0.0,12092.154743838706,17.76,0.6,0.0,0.0,7.0,1.8968592631667593
1392,9,train_0054,12162.352498947257,10315.394592227261,81.53945922272615,0.0,12243.891958169983,16.46,0.76,0.0,0.0,7.0,1.8968592631667593
1393,9,train_0202,12748.874162081782,10467.532205247891,96.75322052478914,0.0,12845.627382606572,14.88,0.66,0.0,0.0,7.0,1.8968592631667593
1394,9,train_0274,12695.593955457472,10304.821928170206,80.48219281702059,0.0,12776.076148274493,16.12,0.62,0.0,0.0,7.0,1.8968592631667593
1395,9,train_0311,12451.262201272042,10201.00602502568,70.10060250256792,0.0,12521.36280377461,16.38,0.58,0.0,0.0,7.0,1.8968592631667593
1396,9,train_0245,12049.685830375223,9967.527340284507,46.75273402845069,0.0,12096.438564403674,15.84,0.64,0.0,0.0,7.0,1.8968592631667593
1397,9,train_0319,12213.821423649426,10514.342116871529,101.43421168715287,0.0,12315.255635336578,14.94,0.62,0.0,0.0,7.0,1.8968592631667593
1398,9,train_0248,12504.546894676227,10286.240216547576,78.6240216547576,0.0,12583.170916330984,14.98,0.7,0.0,0.0,7.0,1.8968592631667593
1399,9,train_0169,12007.680580733271,10054.428871098331,55.4428871098331,0.0,12063.123467843105,16.42,0.6,0.0,0.0,7.0,1.8968592631667593
1400,9,train_0172,12334.546859836308,10332.092580824896,83.20925808248958,0.0,12417.756117918798,15.26,0.72,0.0,0.0,7.0,1.8968592631667593
1401,9,train_0479,12813.162680186917,10784.137629122624,128.41376291226243,0.0,12941.57644309918,16.22,0.64,0.0,0.0,7.0,1.8968592631667593
1402,9,train_0124,12843.908008409546,10545.588751061336,104.55887510613357,0.0,12948.466883515679,17.58,0.74,0.0,0.0,7.0,1.8968592631667593
1403,9,train_0144,13040.471454068917,10844.48983630263,134.44898363026297,0.0,13174.92043769918,15.52,0.68,0.0,0.0,7.0,1.8968592631667593
1404,9,train_0188,12650.220622625564,10235.522064849116,73.5522064849116,0.0,12723.772829110476,13.26,0.6,0.0,0.0,7.0,1.8968592631667593
1405,9,train_0222,12581.325117181343,10051.701013210502,55.17010132105025,0.0,12636.495218502392,17.86,0.64,0.0,0.0,7.0,1.8968592631667593
1406,9,train_0224,12512.295734719999,10133.047201204849,63.30472012048486,0.0,12575.600454840484,14.26,0.48,0.0,0.0,7.0,1.8968592631667593
1407,9,train_0062,12170.925115468252,10285.724654228965,78.5724654228965,0.0,12249.497580891148,15.56,0.68,0.0,0.0,7.0,1.8968592631667593
1408,9,train_0163,12662.444709268631,10494.402685898429,99.4402685898429,0.0,12761.884977858474,14.56,0.66,0.0,0.0,7.0,1.8968592631667593
1409,9,train_0522,12837.479060180824,10433.085470414466,93.30854704144659,0.0,12930.78760722227,16.96,0.62,0.0,0.0,7.0,1.8968592631667593
1410,9,train_0484,12604.409409319618,10245.57666775983,74.55766677598295,0.0,12678.967076095601,14.6,0.64,0.0,0.0,7.0,1.8968592631667593
1411,9,train_0529,12624.394415341143,10149.574628575938,64.95746285759378,0.0,12689.351878198737,16.74,0.66,0.0,0.0,7.0,1.8968592631667593
1412,9,train_0409,12626.119291288182,10812.390202585953,131.23902025859533,0.0,12757.358311546777,17.7,0.76,0.0,0.0,7.0,1.8968592631667593
1413,9,train_0301,12670.566574771494,10565.124751753483,106.5124751753483,0.0,12777.079049946842,16.74,0.72,0.0,0.0,7.0,1.8968592631667593
1414,9,train_0495,12511.82837188374,10401.78716504704,90.17871650470407,0.0,12602.007088388444,18.28,0.7,0.0,0.0,7.0,1.8968592631667593
1415,9,train_0465,12776.749916931876,10617.249335292548,111.72493352925486,0.0,12888.47485046113,16.66,0.74,0.0,0.0,7.0,1.8968592631667593
1416,9,train_0489,12209.223653176468,10045.309719664652,54.53097196646522,0.0,12263.754625142934,16.62,0.72,0.0,0.0,7.0,1.8968592631667593
1417,9,train_0397,12015.701575544168,10389.179902396092,88.91799023960921,0.0,12104.619565783778,13.76,0.68,0.0,0.0,7.0,1.8968592631667593
1418,9,train_0571,12196.897073838103,10397.845350614487,89.78453506144871,0.0,12286.681608899551,15.38,0.66,0.0,0.0,7.0,1.8968592631667593
1419,9,train_0097,12056.690168472363,10287.59104114353,78.75910411435308,0.0,12135.449272586717,16.9,0.74,0.0,0.0,7.0,1.8968592631667593
1420,9,train_0585,12668.895688590326,10402.109887668363,90.21098876683628,0.0,12759.106677357162,12.82,0.56,0.0,0.0,7.0,1.8968592631667593
1421,9,train_0042,12285.297727145886,10585.40429021088,108.54042902108796,0.0,12393.838156166974,16.96,0.72,0.0,0.0,7.0,1.8968592631667593
1422,9,train_0166,12120.224121571347,10118.587582175784,61.85875821757836,0.0,12182.082879788926,14.14,0.64,0.0,0.0,7.0,1.8968592631667593
1423,9,train_0579,12439.352157203559,10507.537800524631,100.75378005246313,0.0,12540.105937256021,16.96,0.62,0.0,0.0,7.0,1.8968592631667593
1424,9,train_0596,12417.062252353177,10325.859914023393,82.58599140233929,0.0,12499.648243755515,14.86,0.6,0.0,0.0,7.0,1.8968592631667593
1425,9,train_0544,12772.355204448208,10747.385139393315,124.73851393933147,0.0,12897.09371838754,16.28,0.66,0.0,0.0,7.0,1.8968592631667593
1426,9,train_0127,12563.853712413838,10445.891170451856,94.5891170451856,0.0,12658.442829459023,15.8,0.62,0.0,0.0,7.0,1.8968592631667593
1427,9,train_0510,12989.901147302804,10546.541147369804,104.65411473698042,0.0,13094.555262039785,16.4,0.66,0.0,0.0,7.0,1.8968592631667593
1428,9,train_0171,12910.777717713161,10835.259524054007,133.5259524054007,0.0,13044.303670118561,16.14,0.6,0.0,0.0,7.0,1.8968592631667593
1429,9,train_0227,12670.34829065189,10589.569707326675,108.95697073266747,0.0,12779.305261384558,16.3,0.56,0.0,0.0,7.0,1.8968592631667593
1430,9,train_0594,12255.95501061017,9908.652211980329,40.865221198032856,0.0,12296.820231808204,17.3,0.76,0.0,0.0,7.0,1.8968592631667593
1431,9,train_0327,12554.63458444198,10662.583440986786,116.25834409867858,0.0,12670.892928540658,16.62,0.74,0.0,0.0,7.0,1.8968592631667593
1432,9,train_0034,12758.96411820287,10174.71271411608,67.471271411608,0.0,12826.435389614478,15.18,0.7,0.0,0.0,7.0,1.8968592631667593
1433,9,train_0306,12398.874903484495,10611.064614655319,111.10646146553191,0.0,12509.981364950027,15.4,0.64,0.0,0.0,7.0,1.8968592631667593
1434,9,train_0189,12377.192553022825,10450.039701103613,95.00397011036131,0.0,12472.196523133187,16.02,0.7,0.0,0.0,7.0,1.8968592631667593
1435,9,train_0004,12581.3120074646,10345.442906228667,84.54429062286673,0.0,12665.856298087467,18.08,0.64,0.0,0.0,7.0,1.8968592631667593
1436,9,train_0031,12418.11158353922,10201.404970447296,70.14049704472964,0.0,12488.252080583949,18.84,0.68,0.0,0.0,7.0,1.8968592631667593
1437,9,train_0094,12109.768970698213,9923.879754046015,42.38797540460146,0.0,12152.156946102814,14.6,0.78,0.0,0.0,7.0,1.8968592631667593
1438,9,train_0170,12268.105349844609,9845.080926277555,34.50809262775547,0.0,12302.613442472364,17.96,0.56,0.0,0.0,7.0,1.8968592631667593
1439,9,train_0542,12163.061416866098,10134.116025003688,63.41160250036883,0.0,12226.473019366467,15.44,0.58,0.0,0.0,7.0,1.8968592631667593
1440,9,train_0199,12646.377569053991,10525.99015571012,102.59901557101203,0.0,12748.976584625003,16.88,0.66,0.0,0.0,7.0,1.8968592631667593
1441,9,train_0536,12308.798248815985,10388.929684235014,88.89296842350142,0.0,12397.691217239486,15.72,0.7,0.0,0.0,7.0,1.8968592631667593
1442,9,train_0301,12633.140433934004,10554.011566705103,105.40115667051032,0.0,12738.541590604515,15.14,0.62,0.0,0.0,7.0,1.8968592631667593
1443,9,train_0464,12451.877819681245,10092.235445940732,59.223544594073246,0.0,12511.101364275319,16.48,0.74,0.0,0.0,7.0,1.8968592631667593
1444,9,train_0179,12409.928500371643,9833.473235464386,33.34732354643857,0.0,12443.275823918082,15.72,0.78,0.0,0.0,7.0,1.8968592631667593
1445,9,train_0116,12378.942790664732,10185.414958134388,68.54149581343881,0.0,12447.484286478171,16.9,0.72,0.0,0.0,7.0,1.8968592631667593
1446,9,train_0555,12176.336657857046,10328.878516844175,82.88785168441756,0.0,12259.224509541464,16.18,0.7,0.0,0.0,7.0,1.8968592631667593
1447,9,train_0292,12666.256828668204,10471.985988376506,97.19859883765058,0.0,12763.455427505854,16.26,0.7,0.0,0.0,7.0,1.8968592631667593
1448,9,train_0060,12643.43165726725,10264.631677807673,76.46316778076725,0.0,12719.894825048017,17.66,0.62,0.0,0.0,7.0,1.8968592631667593
1449,9,train_0327,12619.656692782039,10558.9209394076,105.89209394076006,0.0,12725.548786722798,17.22,0.54,0.0,0.0,7.0,1.8968592631667593
1450,9,train_0257,12806.085884917264,10445.270548309047,94.52705483090467,0.0,12900.612939748169,16.54,0.62,0.0,0.0,7.0,1.8968592631667593
1451,9,train_0525,12365.413913300617,10151.277124875609,65.1277124875609,0.0,12430.541625788179,15.12,0.66,0.0,0.0,7.0,1.8968592631667593
1452,9,train_0123,12279.533976658971,10467.435506255213,96.74355062552132,0.0,12376.277527284492,15.46,0.62,0.0,0.0,7.0,1.8968592631667593
1453,9,train_0518,12415.256073790166,10312.164840597574,81.21648405975739,0.0,12496.472557849924,16.02,0.58,0.0,0.0,7.0,1.8968592631667593
1454,9,train_0444,12214.666831015853,10430.730942326883,93.07309423268835,0.0,12307.739925248541,16.92,0.7,0.0,0.0,7.0,1.8968592631667593
1455,9,train_0363,12701.473198951231,10276.486632627935,77.64866326279353,0.0,12779.121862214024,15.52,0.6,0.0,0.0,7.0,1.8968592631667593
1456,10,train_0480,12633.986137719903,10348.065114333931,84.8065114333931,0.0,12718.792649153296,16.0,0.6,0.0,0.0,7.0,1.8968592631667593
1457,10,train_0502,12715.891446814565,10606.161877188864,110.61618771888644,0.0,12826.507634533451,15.14,0.54,0.0,0.0,7.0,1.8968592631667593
1458,10,train_0390,12882.543782826267,10042.185273739065,54.21852737390655,0.0,12936.762310200174,17.58,0.68,0.0,0.0,7.0,1.8968592631667593
1459,10,train_0327,12751.842587228326,10871.617629104221,137.1617629104221,0.0,12889.004350138748,16.88,0.62,0.0,0.0,7.0,1.8968592631667593
1460,10,train_0127,12485.580034158387,10520.623698473762,102.06236984737626,0.0,12587.642404005763,15.02,0.72,0.0,0.0,7.0,1.8968592631667593
1461,10,train_0310,12005.662018285802,10081.644822119673,58.16448221196734,0.0,12063.82650049777,15.56,0.62,0.0,0.0,7.0,1.8968592631667593
1462,10,train_0017,12345.878755151447,10535.977543781493,103.59775437814933,0.0,12449.476509529597,13.12,0.62,0.0,0.0,7.0,1.8968592631667593
1463,10,train_0179,12442.55639404642,10046.473958754683,54.647395875468284,0.0,12497.203789921889,14.94,0.68,0.0,0.0,7.0,1.8968592631667593
1464,10,train_0343,12950.61899003531,10426.935537649932,92.69355376499317,0.0,13043.312543800303,16.76,0.64,0.0,0.0,7.0,1.8968592631667593
1465,10,train_0456,12322.07603776336,10366.553435702692,86.65534357026918,0.0,12408.73138133363,15.08,0.64,0.0,0.0,7.0,1.8968592631667593
1466,10,train_0258,12610.671123917182,10891.246627247298,139.12466272472975,0.0,12749.795786641911,15.36,0.58,0.0,0.0,7.0,1.8968592631667593
1467,10,train_0359,12676.008043377997,10627.576635136129,112.7576635136129,0.0,12788.765706891609,16.14,0.66,0.0,0.0,7.0,1.8968592631667593
1468,10,train_0193,12730.264290025822,10018.472028015978,51.84720280159782,0.0,12782.11149282742,14.64,0.62,0.0,0.0,7.0,1.8968592631667593
1469,10,train_0153,12223.354754146574,10550.515881087733,105.05158810877329,0.0,12328.406342255348,17.06,0.64,0.0,0.0,7.0,1.8968592631667593
1470,10,train_0004,12756.498374936164,10208.70978108425,70.87097810842498,0.0,12827.369353044589,16.28,0.74,0.0,0.0,7.0,1.8968592631667593
1471,10,train_0170,12288.38936266521,9944.263388530522,44.42633885305222,0.0,12332.815701518262,17.56,0.64,0.0,0.0,7.0,1.8968592631667593
1472,10,train_0011,11912.55768378863,10056.383691388943,55.63836913889427,0.0,11968.196052927524,14.86,0.6,0.0,0.0,7.0,1.8968592631667593
1473,10,train_0362,12081.367965082802,10085.076510996398,58.50765109963977,0.0,12139.875616182442,15.74,0.5,0.0,0.0,7.0,1.8968592631667593
1474,10,train_0154,13077.12299634617,10246.225939544618,74.6225939544618,0.0,13151.745590300632,16.88,0.52,0.0,0.0,7.0,1.8968592631667593
1475,10,train_0100,12180.206813615492,9749.133499496264,24.913349949626355,0.0,12205.120163565118,15.82,0.72,0.0,0.0,7.0,1.8968592631667593
1476,10,train_0049,12918.40050567403,10177.223494430498,67.72234944304982,0.0,12986.122855117079,13.44,0.72,0.0,0.0,7.0,1.8968592631667593
1477,10,train_0123,12477.291994639114,10177.212211329439,67.72122113294391,0.0,12545.013215772058,15.5,0.7,0.0,0.0,7.0,1.8968592631667593
1478,10,train_0225,12663.365368729854,10125.660605775025,62.566060577502505,0.0,12725.931429307357,16.82,0.72,0.0,0.0,7.0,1.8968592631667593
1479,10,train_0452,12293.533728670951,10263.161696814088,76.3161696814088,0.0,12369.84989835236,15.04,0.74,0.0,0.0,7.0,1.8968592631667593
1480,10,train_0375,12744.875272905783,10315.832308728513,81.58323087285135,0.0,12826.458503778635,15.58,0.68,0.0,0.0,7.0,1.8968592631667593
1481,10,train_0312,12218.103782028666,10384.665193516514,88.46651935165137,0.0,12306.570301380318,15.44,0.66,0.0,0.0,7.0,1.8968592631667593
1482,10,train_0032,12642.561659772353,10566.113512282776,106.61135122827764,0.0,12749.17301100063,17.26,0.74,0.0,0.0,7.0,1.8968592631667593
1483,10,train_0315,12810.457494002192,10566.676661406098,106.66766614060981,0.0,12917.125160142801,15.84,0.7,0.0,0.0,7.0,1.8968592631667593
1484,10,train_0352,12004.36583195463,10109.51492861307,60.95149286130709,0.0,12065.317324815936,16.34,0.68,0.0,0.0,7.0,1.8968592631667593
1485,10,train_0578,12402.603404942174,10302.563263236794,80.25632632367943,0.0,12482.859731265853,18.58,0.66,0.0,0.0,7.0,1.8968592631667593
1486,10,train_0494,12733.827152801074,10111.409140989666,61.14091409896665,0.0,12794.96806690004,16.04,0.66,0.0,0.0,7.0,1.8968592631667593
1487,10,train_0207,12085.018527113738,9991.404782372221,49.140478237222126,0.0,12134.15900535096,14.88,0.68,0.0,0.0,7.0,1.8968592631667593
1488,10,train_0056,11999.835672294881,9753.841613019966,25.384161301996574,0.0,12025.219833596877,18.16,0.66,0.0,0.0,7.0,1.8968592631667593
1489,10,train_0012,12857.462141872395,10457.719907691575,95.7719907691575,0.0,12953.234132641552,16.56,0.7,0.0,0.0,7.0,1.8968592631667593
1490,10,train_0087,13021.666289624256,10456.715059361051,95.67150593610513,0.0,13117.337795560361,15.46,0.66,0.0,0.0,7.0,1.8968592631667593
1491,10,train_0133,13036.238274886507,10570.59748435036,107.0597484350361,0.0,13143.298023321544,16.42,0.7,0.0,0.0,7.0,1.8968592631667593
1492,10,train_0031,12289.265915861983,10353.662890751224,85.36628907512241,0.0,12374.632204937105,16.76,0.62,0.0,0.0,7.0,1.8968592631667593
1493,10,train_0196,12199.917369678638,10257.874915321223,75.7874915321223,0.0,12275.704861210761,15.72,0.66,0.0,0.0,7.0,1.8968592631667593
1494,10,train_0315,13060.202930200183,10552.470640466126,105.24706404661265,0.0,13165.449994246796,16.28,0.62,0.0,0.0,7.0,1.8968592631667593
1495,10,train_0094,11942.71977104896,10027.805916768379,52.78059167683787,0.0,11995.500362725797,15.76,0.64,0.0,0.0,7.0,1.8968592631667593
1496,10,train_0091,12585.463171605927,10333.64009786028,83.36400978602796,0.0,12668.827181391955,15.1,0.68,0.0,0.0,7.0,1.8968592631667593
1497,10,train_0508,12695.16149029494,10452.040161468096,95.2040161468096,0.0,12790.36550644175,15.4,0.66,0.0,0.0,7.0,1.8968592631667593
1498,10,train_0584,11952.007309175136,10195.453553380516,69.54535533805156,0.0,12021.552664513189,15.1,0.68,0.0,0.0,7.0,1.8968592631667593
1499,10,train_0451,12520.110803729101,10748.152616999703,124.81526169997034,0.0,12644.926065429072,15.76,0.62,0.0,0.0,7.0,1.8968592631667593
1500,10,train_0047,12225.49421785925,10252.022523546806,75.20225235468061,0.0,12300.69647021393,13.56,0.64,0.0,0.0,7.0,1.8968592631667593
1501,10,train_0226,12187.8831046772,9889.408061532424,38.94080615324238,0.0,12226.823910830442,15.98,0.58,0.0,0.0,7.0,1.8968592631667593
1502,10,train_0102,12296.464121219064,10256.21809593468,75.62180959346806,0.0,12372.085930812531,14.7,0.54,0.0,0.0,7.0,1.8968592631667593
1503,10,train_0324,12319.618480007593,10271.549274290144,77.15492742901444,0.0,12396.773407436607,14.62,0.62,0.0,0.0,7.0,1.8968592631667593
1504,10,train_0099,12075.049184327436,10065.77105291638,56.57710529163796,0.0,12131.626289619075,15.48,0.66,0.0,0.0,7.0,1.8968592631667593
1505,10,train_0477,12357.235434089887,10052.757273052252,55.27572730522516,0.0,12412.511161395112,14.0,0.64,0.0,0.0,7.0,1.8968592631667593
1506,10,train_0233,12743.456804714053,10879.768494566924,137.97684945669243,0.0,12881.433654170745,16.96,0.6,0.0,0.0,7.0,1.8968592631667593
1507,10,train_0503,12501.873237599428,10902.104412177068,140.21044121770683,0.0,12642.083678817135,15.36,0.6,0.0,0.0,7.0,1.8968592631667593
1508,10,train_0408,12087.575713797352,10084.449318690866,58.44493186908658,0.0,12146.020645666438,14.08,0.76,0.0,0.0,7.0,1.8968592631667593
1509,10,train_0518,12564.019124184419,10261.776124922522,76.17761249225224,0.0,12640.196736676671,15.94,0.54,0.0,0.0,7.0,1.8968592631667593
1510,10,train_0235,12494.142525370662,10378.717964491207,87.87179644912067,0.0,12582.014321819783,15.18,0.6,0.0,0.0,7.0,1.8968592631667593
1511,10,train_0280,12604.510821477055,10374.633021385122,87.46330213851216,0.0,12691.974123615568,16.46,0.6,0.0,0.0,7.0,1.8968592631667593
1512,10,train_0189,12554.479599296921,10202.735033463412,70.2735033463412,0.0,12624.753102643263,15.62,0.52,0.0,0.0,7.0,1.8968592631667593
1513,10,train_0522,12473.159216308386,10794.75192438377,129.47519243837706,0.0,12602.634408746762,17.12,0.66,0.0,0.0,7.0,1.8968592631667593
1514,10,train_0143,12863.856315111156,10473.622750934806,97.36227509348065,0.0,12961.218590204637,15.28,0.58,0.0,0.0,7.0,1.8968592631667593
1515,10,train_0203,12691.938074347932,10477.653557249296,97.76535572492958,0.0,12789.703430072863,13.96,0.68,0.0,0.0,7.0,1.8968592631667593
1516,10,train_0447,12498.626494070886,10320.759770158878,82.07597701588784,0.0,12580.702471086774,15.52,0.66,0.0,0.0,7.0,1.8968592631667593
1517,10,train_0287,12385.884834699593,10615.970106218472,111.59701062184723,0.0,12497.48184532144,15.94,0.7,0.0,0.0,7.0,1.8968592631667593
1518,10,train_0146,12422.894458300496,10068.913783855034,56.891378385503415,0.0,12479.785836686,14.84,0.8,0.0,0.0,7.0,1.8968592631667593
1519,10,train_0008,12733.504879601522,10151.84439589359,65.18443958935896,0.0,12798.68931919088,14.28,0.64,0.0,0.0,7.0,1.8968592631667593
1520,10,train_0127,12545.198886491182,10415.526270788483,91.55262707884832,0.0,12636.75151357003,13.38,0.62,0.0,0.0,7.0,1.8968592631667593
1521,10,train_0461,12619.488979403935,10305.525395655332,80.55253956553315,0.0,12700.041518969469,14.24,0.64,0.0,0.0,7.0,1.8968592631667593
1522,10,train_0151,12579.67603711814,10393.585358597535,89.35853585975347,0.0,12669.034572977895,14.8,0.7,0.0,0.0,7.0,1.8968592631667593
1523,10,train_0550,12464.056878457155,10080.93681942741,58.09368194274103,0.0,12522.150560399896,17.42,0.72,0.0,0.0,7.0,1.8968592631667593
1524,10,train_0515,12349.51539849537,10326.516556582535,82.65165565825356,0.0,12432.167054153624,15.88,0.78,0.0,0.0,7.0,1.8968592631667593
1525,10,train_0488,12580.588751498373,10091.252568696305,59.12525686963054,0.0,12639.714008368004,15.98,0.56,0.0,0.0,7.0,1.8968592631667593
1526,10,train_0437,11484.904577834755,9589.20312500629,8.920312500629008,0.0,11493.824890335385,15.66,0.64,0.0,0.0,7.0,1.8968592631667593
1527,10,train_0012,13054.101955232276,10196.288171392542,69.62881713925417,0.0,13123.73077237153,15.42,0.7,0.0,0.0,7.0,1.8968592631667593
1528,10,train_0176,12901.86053588462,10722.96992285785,122.29699228578502,0.0,13024.157528170404,16.12,0.74,0.0,0.0,7.0,1.8968592631667593
1529,10,train_0340,12448.076971750354,10357.69617718377,85.76961771837705,0.0,12533.84658946873,15.38,0.62,0.0,0.0,7.0,1.8968592631667593
1530,10,train_0293,12187.815305066284,9914.440703279586,41.44407032795862,0.0,12229.259375394242,15.36,0.68,0.0,0.0,7.0,1.8968592631667593
1531,10,train_0445,13024.098327598642,11071.839431301443,157.18394313014434,0.0,13181.282270728787,18.1,0.72,0.0,0.0,7.0,1.8968592631667593
1532,10,train_0330,11992.554815525433,10012.078205739625,51.20782057396246,0.0,12043.762636099395,14.12,0.62,0.0,0.0,7.0,1.8968592631667593
1533,10,train_0145,12546.821902390056,10196.343627351733,69.63436273517327,0.0,12616.456265125229,15.24,0.6,0.0,0.0,7.0,1.8968592631667593
1534,10,train_0288,12119.581384813959,9928.780010195373,42.878001019537265,0.0,12162.459385833496,17.88,0.6,0.0,0.0,7.0,1.8968592631667593
1535,10,train_0051,12638.018471931051,10399.700470428419,89.97004704284191,0.0,12727.988518973892,18.24,0.68,0.0,0.0,7.0,1.8968592631667593
1536,10,train_0588,12326.449681253991,10314.128806546585,81.41288065465852,0.0,12407.862561908649,18.26,0.64,0.0,0.0,7.0,1.8968592631667593
1537,10,train_0179,12254.007953724795,10483.176521244837,98.31765212448373,0.0,12352.325605849279,14.64,0.68,0.0,0.0,7.0,1.8968592631667593
1538,10,train_0306,12807.832035171507,10373.873843605315,87.38738436053154,0.0,12895.219419532037,14.46,0.6,0.0,0.0,7.0,1.8968592631667593
1539,10,train_0059,12273.080161082591,10606.004570887146,110.60045708871458,0.0,12383.680618171305,15.52,0.72,0.0,0.0,7.0,1.8968592631667593
1540,10,train_0523,11870.107494652602,10285.668108483525,78.56681084835255,0.0,11948.674305500956,15.46,0.58,0.0,0.0,7.0,1.8968592631667593
1541,10,train_0032,12488.627761793154,10424.626583756084,92.46265837560841,0.0,12581.090420168763,17.72,0.68,0.0,0.0,7.0,1.8968592631667593
1542,10,train_0277,12672.960198427998,10251.770688525017,75.17706885250173,0.0,12748.1372672805,16.74,0.76,0.0,0.0,7.0,1.8968592631667593
1543,10,train_0520,11967.699237025596,9994.595750149809,49.45957501498088,0.0,12017.158812040576,14.32,0.5,0.0,0.0,7.0,1.8968592631667593
1544,10,train_0464,12336.529483669372,10465.333422266765,96.53334222667655,0.0,12433.062825896048,15.12,0.6,0.0,0.0,7.0,1.8968592631667593
1545,10,train_0385,12654.854737749696,10771.607673848073,127.16076738480734,0.0,12782.015505134503,14.74,0.72,0.0,0.0,7.0,1.8968592631667593
1546,10,train_0316,12290.560177386704,10416.047376956582,91.60473769565816,0.0,12382.164915082361,17.48,0.62,0.0,0.0,7.0,1.8968592631667593
1547,10,train_0591,12821.024298588723,10282.549716409785,78.25497164097851,0.0,12899.279270229701,15.74,0.52,0.0,0.0,7.0,1.8968592631667593
1548,10,train_0199,12937.397963558462,10253.723219050189,75.37232190501891,0.0,13012.77028546348,17.02,0.68,0.0,0.0,7.0,1.8968592631667593
1549,10,train_0310,11977.438908366701,10292.30037531832,79.23003753183202,0.0,12056.668945898533,15.6,0.54,0.0,0.0,7.0,1.8968592631667593
1550,10,train_0373,12985.007627467496,10228.345275179941,72.83452751799415,0.0,13057.84215498549,15.68,0.72,0.0,0.0,7.0,1.8968592631667593
1551,10,train_0219,12950.82439027485,9906.0517738533,40.605177385329995,0.0,12991.429567660181,16.24,0.72,0.0,0.0,7.0,1.8968592631667593
1552,10,train_0494,12183.787702093523,10286.559337740553,78.65593377405531,0.0,12262.443635867578,16.06,0.54,0.0,0.0,7.0,1.8968592631667593
1553,10,train_0497,12671.761520521832,10168.894035996498,66.88940359964981,0.0,12738.65092412148,14.98,0.6,0.0,0.0,7.0,1.8968592631667593
1554,10,train_0467,12975.262308794163,10850.924640676567,135.0924640676567,0.0,13110.35477286182,16.28,0.66,0.0,0.0,7.0,1.8968592631667593
1555,10,train_0506,12370.511167950946,10000.729887524298,50.07298875242978,0.0,12420.584156703377,15.1,0.56,0.0,0.0,7.0,1.8968592631667593
1556,10,train_0219,12878.598253390297,10047.974910886978,54.797491088697825,0.0,12933.395744478996,16.04,0.6,0.0,0.0,7.0,1.8968592631667593
1557,10,train_0573,12220.032165510827,10008.355028205573,50.83550282055731,0.0,12270.867668331384,16.22,0.6,0.0,0.0,7.0,1.8968592631667593
1558,10,train_0291,12599.54286544348,10691.299690363165,119.12996903631648,0.0,12718.672834479796,15.32,0.62,0.0,0.0,7.0,1.8968592631667593
1559,10,train_0058,12043.34472858726,10174.009775853252,67.40097758532521,0.0,12110.745706172585,14.5,0.64,0.0,0.0,7.0,1.8968592631667593
1560,10,train_0425,12864.55554449735,10549.796580761704,104.97965807617038,0.0,12969.535202573521,15.28,0.56,0.0,0.0,7.0,1.8968592631667593
1561,10,train_0489,12046.94197861521,10126.663981470349,62.666398147034855,0.0,12109.608376762246,15.98,0.68,0.0,0.0,7.0,1.8968592631667593
1562,10,train_0179,12164.33449538203,10121.248649567351,62.12486495673511,0.0,12226.459360338766,14.56,0.7,0.0,0.0,7.0,1.8968592631667593
1563,10,train_0182,12706.839473260487,10576.685605720588,107.66856057205878,0.0,12814.508033832546,14.86,0.7,0.0,0.0,7.0,1.8968592631667593
1564,10,train_0103,11852.818408787141,10208.05241049435,70.80524104943507,0.0,11923.623649836576,15.96,0.6,0.0,0.0,7.0,1.8968592631667593
1565,10,train_0553,11818.36431954386,9889.748687923362,38.9748687923362,0.0,11857.339188336196,15.16,0.6,0.0,0.0,7.0,1.8968592631667593
1566,10,train_0319,12807.576551983591,10362.477880122646,86.24778801226458,0.0,12893.824339995856,15.64,0.5,0.0,0.0,7.0,1.8968592631667593
1567,10,train_0373,12778.46204214148,10334.328523451055,83.4328523451055,0.0,12861.894894486586,15.78,0.68,0.0,0.0,7.0,1.8968592631667593
1568,10,train_0513,12433.866438518617,10106.710653393839,60.67106533938386,0.0,12494.537503858,16.66,0.7,0.0,0.0,7.0,1.8968592631667593
1569,10,train_0024,12095.46213022323,9956.402801036305,45.640280103630545,0.0,12141.102410326861,15.96,0.66,0.0,0.0,7.0,1.8968592631667593
1570,10,train_0584,12287.77561538274,10024.520779459246,52.452077945924614,0.0,12340.227693328665,15.5,0.6,0.0,0.0,7.0,1.8968592631667593
1571,10,train_0090,12459.272761490603,10083.96617668578,58.396617668578074,0.0,12517.669379159182,13.8,0.78,0.0,0.0,7.0,1.8968592631667593
1572,10,train_0575,12975.92344801635,10491.39568999987,99.13956899998703,0.0,13075.063017016337,14.28,0.76,0.0,0.0,7.0,1.8968592631667593
1573,10,train_0243,12439.9946419559,10506.276422899391,100.6276422899391,0.0,12540.62228424584,16.68,0.66,0.0,0.0,7.0,1.8968592631667593
1574,10,train_0114,12425.832585516651,9919.92251671325,41.99225167132499,0.0,12467.824837187976,15.42,0.54,0.0,0.0,7.0,1.8968592631667593
1575,10,train_0454,12755.030435996036,10768.054778797437,126.80547787974375,0.0,12881.835913875779,15.52,0.64,0.0,0.0,7.0,1.8968592631667593
1576,10,train_0553,11759.241250201962,9729.905304911274,22.99053049112736,0.0,11782.23178069309,16.12,0.72,0.0,0.0,7.0,1.8968592631667593
1577,10,train_0122,12247.3697167371,10262.38835891414,76.23883589141406,0.0,12323.608552628513,16.38,0.62,0.0,0.0,7.0,1.8968592631667593
1578,10,train_0386,12495.0569952378,10545.542059189864,104.55420591898638,0.0,12599.611201156786,14.78,0.6,0.0,0.0,7.0,1.8968592631667593
1579,10,train_0502,12559.19459310116,10568.75506531688,106.87550653168802,0.0,12666.070099632847,15.08,0.7,0.0,0.0,7.0,1.8968592631667593
1580,10,train_0154,12806.941858051714,10147.356721575394,64.73567215753938,0.0,12871.677530209254,17.6,0.64,0.0,0.0,7.0,1.8968592631667593
1581,10,train_0469,12550.440859735707,10596.442187203236,109.64421872032364,0.0,12660.08507845603,15.18,0.7,0.0,0.0,7.0,1.8968592631667593
1582,10,train_0134,12744.381493146175,10680.222320626883,118.02223206268827,0.0,12862.403725208864,13.64,0.62,0.0,0.0,7.0,1.8968592631667593
1583,10,train_0131,12875.313001054748,10774.038353588145,127.40383535881448,0.0,13002.716836413563,17.22,0.66,0.0,0.0,7.0,1.8968592631667593
1584,10,train_0561,12411.125239710433,10693.628729477587,119.36287294775866,0.0,12530.488112658191,17.02,0.62,0.0,0.0,7.0,1.8968592631667593
1585,10,train_0243,12521.257067750423,10262.554523909479,76.25545239094791,0.0,12597.51252014137,16.6,0.64,0.0,0.0,7.0,1.8968592631667593
1586,10,train_0545,12315.012517025485,10121.980145416876,62.198014541687556,0.0,12377.210531567172,17.58,0.56,0.0,0.0,7.0,1.8968592631667593
1587,10,train_0530,13062.679242120077,10435.08021571015,93.50802157101498,0.0,13156.187263691092,16.38,0.7,0.0,0.0,7.0,1.8968592631667593
1588,10,train_0228,12358.12477659895,10041.734086245939,54.17340862459387,0.0,12412.298185223544,14.98,0.84,0.0,0.0,7.0,1.8968592631667593
1589,10,train_0040,12698.836111225184,10698.6446216201,119.86446216201003,0.0,12818.700573387194,17.6,0.62,0.0,0.0,7.0,1.8968592631667593
1590,10,train_0529,12467.598040425553,10567.989344501464,106.79893445014642,0.0,12574.396974875699,16.16,0.64,0.0,0.0,7.0,1.8968592631667593
1591,10,train_0430,12624.237367599757,9906.658959213928,40.6658959213928,0.0,12664.90326352115,14.92,0.74,0.0,0.0,7.0,1.8968592631667593
1592,10,train_0272,12892.595133601535,10068.766990137407,56.876699013740655,0.0,12949.471832615276,15.04,0.6,0.0,0.0,7.0,1.8968592631667593
1593,10,train_0340,12395.384518265746,10091.596202444227,59.1596202444227,0.0,12454.54413851017,16.24,0.64,0.0,0.0,7.0,1.8968592631667593
1594,10,train_0567,12922.499116643812,10834.770355761477,133.4770355761477,0.0,13055.97615221996,17.34,0.44,0.0,0.0,7.0,1.8968592631667593
1595,10,train_0179,12358.1184780586,10067.159344924714,56.71593449247139,0.0,12414.834412551072,14.06,0.8,0.0,0.0,7.0,1.8968592631667593
1596,10,train_0058,11985.95560140306,9922.142837649571,42.214283764957145,0.0,12028.169885168018,15.4,0.68,0.0,0.0,7.0,1.8968592631667593
1597,10,train_0247,12480.54907877242,10504.381515818583,100.43815158185826,0.0,12580.987230354278,16.52,0.58,0.0,0.0,7.0,1.8968592631667593
1598,10,train_0100,12053.58685932734,9874.5702600223,37.457026002229945,0.0,12091.043885329571,16.22,0.66,0.0,0.0,7.0,1.8968592631667593
1599,10,train_0328,12892.491040596002,10174.905075290786,67.49050752907861,0.0,12959.98154812508,16.04,0.6,0.0,0.0,7.0,1.8968592631667593
1600,11,train_0315,12691.48994900854,10969.757110603965,146.9757110603965,0.0,12838.465660068938,16.94,0.58,0.0,0.0,7.0,1.8968592631667593
1601,11,train_0430,12319.64032138477,10262.801354576855,76.28013545768555,0.0,12395.920456842456,14.54,0.72,0.0,0.0,7.0,1.8968592631667593
1602,11,train_0088,12701.542386626767,10405.856655372132,90.58566553721322,0.0,12792.12805216398,17.08,0.52,0.0,0.0,7.0,1.8968592631667593
1603,11,train_0114,12135.133697528996,10290.977759057043,79.0977759057043,0.0,12214.2314734347,16.28,0.7,0.0,0.0,7.0,1.8968592631667593
1604,11,train_0435,12344.14412123673,10075.356969901593,57.535696990159344,0.0,12401.679818226889,15.94,0.72,0.0,0.0,7.0,1.8968592631667593
1605,11,train_0167,12199.32738202933,10229.367972235817,72.93679722358175,0.0,12272.264179252912,14.5,0.62,0.0,0.0,7.0,1.8968592631667593
1606,11,train_0180,12839.25201725529,10388.678150498152,88.86781504981519,0.0,12928.119832305105,16.48,0.78,0.0,0.0,7.0,1.8968592631667593
1607,11,train_0440,12715.664982498598,10707.564494315604,120.7564494315604,0.0,12836.421431930159,15.08,0.54,0.0,0.0,7.0,1.8968592631667593
1608,11,train_0456,12321.392207460074,10192.564419504517,69.2564419504517,0.0,12390.648649410527,15.02,0.7,0.0,0.0,7.0,1.8968592631667593
1609,11,train_0330,11905.22350920223,10304.749350565133,80.47493505651329,0.0,11985.698444258742,14.54,0.66,0.0,0.0,7.0,1.8968592631667593
1610,11,train_0236,12479.137517511324,10316.70344585535,81.67034458553499,0.0,12560.807862096859,18.82,0.68,0.0,0.0,7.0,1.8968592631667593
1611,11,train_0298,11809.18681776838,9903.751909415783,40.37519094157833,0.0,11849.562008709958,15.14,0.64,0.0,0.0,7.0,1.8968592631667593
1612,11,train_0412,12295.190387499222,10053.66463416081,55.366463416081025,0.0,12350.556850915304,15.28,0.8,0.0,0.0,7.0,1.8968592631667593
1613,11,train_0213,12324.031615487947,10251.986763662137,75.19867636621366,0.0,12399.23029185416,16.72,0.66,0.0,0.0,7.0,1.8968592631667593
1614,11,train_0559,12492.63605076887,10369.62367207379,86.96236720737907,0.0,12579.598417976249,17.32,0.8,0.0,0.0,7.0,1.8968592631667593
1615,11,train_0110,12803.083987413256,10057.526993334677,55.75269933346772,0.0,12858.836686746723,18.66,0.7,0.0,0.0,7.0,1.8968592631667593
1616,11,train_0260,12317.262011169929,9901.725231398723,40.17252313987228,0.0,12357.434534309801,16.3,0.66,0.0,0.0,7.0,1.8968592631667593
1617,11,train_0177,12387.186276778528,10289.288115489706,78.9288115489706,0.0,12466.115088327499,14.88,0.62,0.0,0.0,7.0,1.8968592631667593
1618,11,train_0326,12182.18630557201,9998.941110660116,49.89411106601165,0.0,12232.080416638022,15.22,0.72,0.0,0.0,7.0,1.8968592631667593
1619,11,train_0312,12176.613760038246,9918.643524873714,41.864352487371434,0.0,12218.478112525618,15.78,0.56,0.0,0.0,7.0,1.8968592631667593
1620,11,train_0332,12069.818841012138,10034.736447150108,53.47364471501078,0.0,12123.29248572715,16.5,0.66,0.0,0.0,7.0,1.8968592631667593
1621,11,train_0105,12877.499116348023,10354.831471785355,85.48314717853555,0.0,12962.98226352656,14.96,0.62,0.0,0.0,7.0,1.8968592631667593
1622,11,train_0591,12479.662917827976,10516.02703915816,101.602703915816,0.0,12581.265621743793,17.52,0.6,0.0,0.0,7.0,1.8968592631667593
1623,11,train_0593,12286.188438301378,10418.194804782579,91.8194804782579,0.0,12378.007918779636,15.52,0.72,0.0,0.0,7.0,1.8968592631667593
1624,11,train_0378,12593.679362787369,10537.362961333562,103.73629613335616,0.0,12697.415658920725,16.98,0.74,0.0,0.0,7.0,1.8968592631667593
1625,11,train_0565,12588.23076187944,10696.96382199429,119.696382199429,0.0,12707.927144078869,16.2,0.72,0.0,0.0,7.0,1.8968592631667593
1626,11,train_0572,12737.375661861224,10221.76015946368,72.176015946368,0.0,12809.551677807593,14.2,0.7,0.0,0.0,7.0,1.8968592631667593
1627,11,train_0273,12415.199194777957,10497.51836000029,99.75183600002893,0.0,12514.951030777986,17.34,0.68,0.0,0.0,7.0,1.8968592631667593
1628,11,train_0067,11990.973637379644,10360.589770407732,86.05897704077324,0.0,12077.032614420417,18.18,0.72,0.0,0.0,7.0,1.8968592631667593
1629,11,train_0534,12202.188758045966,10278.249623135678,77.82496231356782,0.0,12280.013720359533,16.64,0.58,0.0,0.0,7.0,1.8968592631667593
1630,11,train_0213,12203.463279430916,10709.833510328279,120.9833510328279,0.0,12324.446630463744,15.74,0.56,0.0,0.0,7.0,1.8968592631667593
1631,11,train_0107,12643.848639275224,10610.707086070637,111.07070860706372,0.0,12754.919347882287,15.4,0.68,0.0,0.0,7.0,1.8968592631667593
1632,11,train_0113,12292.406484457484,10087.348326868347,58.73483268683467,0.0,12351.141317144318,17.34,0.56,0.0,0.0,7.0,1.8968592631667593
1633,11,train_0277,12524.614081534783,10185.236442019597,68.52364420195973,0.0,12593.137725736742,16.26,0.62,0.0,0.0,7.0,1.8968592631667593
1634,11,train_0260,12147.930774022032,10179.161696020707,67.91616960207067,0.0,12215.846943624103,16.96,0.68,0.0,0.0,7.0,1.8968592631667593
1635,11,train_0513,12580.497854657337,10218.303686236177,71.83036862361769,0.0,12652.328223280954,14.82,0.62,0.0,0.0,7.0,1.8968592631667593
1636,11,train_0197,12825.873939933816,10856.992624763574,135.6992624763574,0.0,12961.573202410173,15.74,0.7,0.0,0.0,7.0,1.8968592631667593
1637,11,train_0570,12263.775328415006,10242.252679710084,74.22526797100836,0.0,12338.000596386015,13.3,0.76,0.0,0.0,7.0,1.8968592631667593
1638,11,train_0538,12799.469033768539,10652.570625562366,115.25706255623663,0.0,12914.726096324775,14.84,0.62,0.0,0.0,7.0,1.8968592631667593
1639,11,train_0051,12372.785499898517,10426.797764823456,92.67977648234556,0.0,12465.465276380863,18.26,0.58,0.0,0.0,7.0,1.8968592631667593
1640,11,train_0289,12581.308091325354,10793.79239413144,129.37923941314403,0.0,12710.687330738498,17.14,0.64,0.0,0.0,7.0,1.8968592631667593
1641,11,train_0589,12039.490047004012,10381.111631896072,88.11116318960723,0.0,12127.60121019362,16.36,0.62,0.0,0.0,7.0,1.8968592631667593
1642,11,train_0254,12561.94491782712,10380.400894268345,88.0400894268345,0.0,12649.985007253956,17.04,0.74,0.0,0.0,7.0,1.8968592631667593
1643,11,train_0184,12383.562712662562,10342.575749931377,84.25757499313768,0.0,12467.8202876557,14.64,0.66,0.0,0.0,7.0,1.8968592631667593
1644,11,train_0264,12290.579525489527,10025.572163796673,52.55721637966727,0.0,12343.136741869195,16.24,0.7,0.0,0.0,7.0,1.8968592631667593
1645,11,train_0033,12905.066819199346,10230.878327187369,73.0878327187369,0.0,12978.154651918083,14.92,0.56,0.0,0.0,7.0,1.8968592631667593
1646,11,train_0108,12427.589663407623,10374.498814221133,87.44988142211332,0.0,12515.039544829737,17.38,0.76,0.0,0.0,7.0,1.8968592631667593
1647,11,train_0058,11872.396281685296,9864.374502012917,36.437450201291725,0.0,11908.833731886589,14.16,0.56,0.0,0.0,7.0,1.8968592631667593
1648,11,train_0436,12602.143834614273,10664.446098454617,116.44460984546168,0.0,12718.588444459734,16.58,0.64,0.0,0.0,7.0,1.8968592631667593
1649,11,train_0226,11992.48348865327,9935.655404654737,43.56554046547372,0.0,12036.049029118743,14.18,0.64,0.0,0.0,7.0,1.8968592631667593
1650,11,train_0509,12400.270898559913,9897.21461799478,39.72146179947795,0.0,12439.99236035939,13.94,0.76,0.0,0.0,7.0,1.8968592631667593
1651,11,train_0250,12341.24884786058,10289.813647678648,78.98136476786476,0.0,12420.230212628445,16.32,0.74,0.0,0.0,7.0,1.8968592631667593
1652,11,train_0196,12198.961950629298,10500.740376359747,100.07403763597468,0.0,12299.035988265274,16.36,0.68,0.0,0.0,7.0,1.8968592631667593
1653,11,train_0363,12379.775772109202,10457.485495144902,95.74854951449015,0.0,12475.524321623692,17.52,0.72,0.0,0.0,7.0,1.8968592631667593
1654,11,train_0551,12345.001211035342,10016.305951338612,51.63059513386125,0.0,12396.631806169204,17.66,0.6,0.0,0.0,7.0,1.8968592631667593
1655,11,train_0161,12605.881057796481,10212.594570571979,71.25945705719788,0.0,12677.14051485368,13.96,0.58,0.0,0.0,7.0,1.8968592631667593
1656,11,train_0537,12342.299543782357,9990.885705237448,49.088570523744785,0.0,12391.388114306103,17.48,0.54,0.0,0.0,7.0,1.8968592631667593
1657,11,train_0103,12048.424709502946,10278.408335916469,77.84083359164688,0.0,12126.265543094592,16.12,0.72,0.0,0.0,7.0,1.8968592631667593
1658,11,train_0114,12264.263505666047,10518.061945693671,101.80619456936711,0.0,12366.069700235414,16.2,0.56,0.0,0.0,7.0,1.8968592631667593
1659,11,train_0519,12474.151681021918,10570.018095834752,107.0018095834752,0.0,12581.153490605393,17.84,0.52,0.0,0.0,7.0,1.8968592631667593
1660,11,train_0183,12679.377764528235,10085.51199506506,58.55119950650606,0.0,12737.928964034742,15.42,0.62,0.0,0.0,7.0,1.8968592631667593
1661,11,train_0260,12187.41485322061,10175.188600525733,67.51886005257329,0.0,12254.933713273183,16.88,0.62,0.0,0.0,7.0,1.8968592631667593
1662,11,train_0151,12509.189278834987,10595.152661977012,109.51526619770121,0.0,12618.704545032688,14.04,0.62,0.0,0.0,7.0,1.8968592631667593
1663,11,train_0105,12754.783249265533,10305.206811311624,80.52068113116239,0.0,12835.303930396694,15.2,0.72,0.0,0.0,7.0,1.8968592631667593
1664,11,train_0305,12383.1884488482,10342.738134038485,84.27381340384855,0.0,12467.462262252047,16.74,0.62,0.0,0.0,7.0,1.8968592631667593
1665,11,train_0488,12210.793891324227,10436.39118303682,93.63911830368198,0.0,12304.433009627908,15.24,0.62,0.0,0.0,7.0,1.8968592631667593
1666,11,train_0491,12457.760266652607,10491.027432522373,99.10274325223727,0.0,12556.863009904844,16.38,0.66,0.0,0.0,7.0,1.8968592631667593
1667,11,train_0258,12624.470087908998,10544.894910622392,104.48949106223918,0.0,12728.959578971237,15.0,0.78,0.0,0.0,7.0,1.8968592631667593
1668,11,train_0125,12522.74869620083,9854.48019920229,35.448019920228944,0.0,12558.19671612106,15.46,0.7,0.0,0.0,7.0,1.8968592631667593
1669,11,train_0168,13005.358465325688,10503.82681371176,100.38268137117593,0.0,13105.741146696864,17.78,0.7,0.0,0.0,7.0,1.8968592631667593
1670,11,train_0079,12590.330009321879,10247.11108893967,74.71110889396697,0.0,12665.041118215846,16.46,0.66,0.0,0.0,7.0,1.8968592631667593
1671,11,train_0298,12112.101135643365,9795.790648977254,29.579064897725402,0.0,12141.68020054109,16.32,0.58,0.0,0.0,7.0,1.8968592631667593
1672,11,train_0187,12304.988001001513,10314.141544673677,81.41415446736774,0.0,12386.40215546888,16.22,0.78,0.0,0.0,7.0,1.8968592631667593
1673,11,train_0490,12266.24861229347,10293.941833593339,79.39418335933388,0.0,12345.642795652804,15.44,0.72,0.0,0.0,7.0,1.8968592631667593
1674,11,train_0519,12618.918709546211,10481.074417405998,98.10744174059982,0.0,12717.026151286811,16.88,0.64,0.0,0.0,7.0,1.8968592631667593
1675,11,train_0267,12252.479333491967,10187.89049723318,68.78904972331803,0.0,12321.268383215285,15.42,0.66,0.0,0.0,7.0,1.8968592631667593
1676,11,train_0091,12358.013427106951,10628.336957028003,112.8336957028003,0.0,12470.847122809751,14.42,0.74,0.0,0.0,7.0,1.8968592631667593
1677,11,train_0321,12665.564613299219,10240.605826312032,74.06058263120322,0.0,12739.625195930423,19.22,0.62,0.0,0.0,7.0,1.8968592631667593
1678,11,train_0340,12487.511053607817,10544.512530079814,104.45125300798136,0.0,12591.962306615798,16.48,0.68,0.0,0.0,7.0,1.8968592631667593
1679,11,train_0482,12190.780428010798,10069.318118857253,56.93181188572526,0.0,12247.712239896522,15.46,0.6,0.0,0.0,7.0,1.8968592631667593
1680,11,train_0357,12253.265254231635,9940.977226230825,44.09772262308252,0.0,12297.362976854718,14.96,0.58,0.0,0.0,7.0,1.8968592631667593
1681,11,train_0577,13011.196187087939,10828.899349477271,132.88993494772714,0.0,13144.086122035666,15.04,0.7,0.0,0.0,7.0,1.8968592631667593
1682,11,train_0093,12201.233946132983,9929.067089243154,42.90670892431535,0.0,12244.140655057297,17.92,0.72,0.0,0.0,7.0,1.8968592631667593
1683,11,train_0373,12809.594422802413,10366.890877707661,86.68908777076614,0.0,12896.28351057318,14.6,0.66,0.0,0.0,7.0,1.8968592631667593
1684,11,train_0428,12702.185600867508,10222.583474729501,72.25834747295012,0.0,12774.443948340459,17.26,0.5,0.0,0.0,7.0,1.8968592631667593
1685,11,train_0280,12727.356215637175,10252.255416706923,75.2255416706923,0.0,12802.581757307868,16.2,0.68,0.0,0.0,7.0,1.8968592631667593
1686,11,train_0435,12160.684434861454,10119.551523389553,61.95515233895531,0.0,12222.639587200409,16.26,0.64,0.0,0.0,7.0,1.8968592631667593
1687,11,train_0512,12455.061474591392,10172.513697013641,67.2513697013641,0.0,12522.312844292755,16.2,0.58,0.0,0.0,7.0,1.8968592631667593
1688,11,train_0317,12111.495027043684,10270.162275907489,77.0162275907489,0.0,12188.511254634433,14.5,0.54,0.0,0.0,7.0,1.8968592631667593
1689,11,train_0525,12370.212061151276,10132.909281390414,63.290928139041355,0.0,12433.502989290319,14.32,0.66,0.0,0.0,7.0,1.8968592631667593
1690,11,train_0119,12435.42130100773,10339.342678460735,83.93426784607345,0.0,12519.355568853804,15.68,0.7,0.0,0.0,7.0,1.8968592631667593
1691,11,train_0469,12518.12080285317,10644.067026491124,114.40670264911242,0.0,12632.527505502281,15.38,0.68,0.0,0.0,7.0,1.8968592631667593
1692,11,train_0488,12595.639523048718,10144.341109242323,64.4341109242323,0.0,12660.07363397295,14.44,0.68,0.0,0.0,7.0,1.8968592631667593
1693,11,train_0554,12457.37666792198,10022.97132044714,52.29713204471409,0.0,12509.673799966695,13.8,0.54,0.0,0.0,7.0,1.8968592631667593
1694,11,train_0352,12190.087107238425,9968.025440412746,46.802544041274636,0.0,12236.8896512797,16.74,0.64,0.0,0.0,7.0,1.8968592631667593
1695,11,train_0547,12346.530587483605,10950.762944758688,145.0762944758688,0.0,12491.606881959473,17.34,0.68,0.0,0.0,7.0,1.8968592631667593
1696,11,train_0219,12801.521644016935,10273.153455117681,77.3153455117681,0.0,12878.836989528703,15.24,0.72,0.0,0.0,7.0,1.8968592631667593
1697,11,train_0358,12351.146870279617,10267.944172093874,76.79441720938739,0.0,12427.941287489004,16.88,0.8,0.0,0.0,7.0,1.8968592631667593
1698,11,train_0346,13289.431625206245,10087.168129238602,58.7168129238602,0.0,13348.148438130105,16.26,0.74,0.0,0.0,7.0,1.8968592631667593
1699,11,train_0569,12527.179395588857,9848.322144613938,34.83221446139378,0.0,12562.011610050251,16.62,0.66,0.0,0.0,7.0,1.8968592631667593
1700,11,train_0400,12804.375320782303,10488.662575791865,98.86625757918647,0.0,12903.241578361489,16.18,0.52,0.0,0.0,7.0,1.8968592631667593
1701,11,train_0420,12627.658992778266,10072.906261776294,57.290626177629385,0.0,12684.949618955896,15.76,0.7,0.0,0.0,7.0,1.8968592631667593
1702,11,train_0260,12345.451562650262,10085.025253555794,58.50252535557939,0.0,12403.954088005841,16.9,0.6,0.0,0.0,7.0,1.8968592631667593
1703,11,train_0032,12523.41734833837,10461.125723133795,96.1125723133795,0.0,12619.529920651748,17.6,0.46,0.0,0.0,7.0,1.8968592631667593
1704,11,train_0555,12467.118295531744,9939.802389716375,43.98023897163748,0.0,12511.09853450338,13.94,0.74,0.0,0.0,7.0,1.8968592631667593
1705,11,train_0084,12062.21735972897,10180.737805840692,68.07378058406921,0.0,12130.291140313038,17.02,0.64,0.0,0.0,7.0,1.8968592631667593
1706,11,train_0077,12227.637722109535,10194.717636595862,69.47176365958622,0.0,12297.109485769122,15.36,0.74,0.0,0.0,7.0,1.8968592631667593
1707,11,train_0320,12568.584247511066,10360.811477633597,86.0811477633597,0.0,12654.665395274425,16.22,0.8,0.0,0.0,7.0,1.8968592631667593
1708,11,train_0515,12461.92384293945,10396.81574622753,89.68157462275303,0.0,12551.605417562203,17.42,0.58,0.0,0.0,7.0,1.8968592631667593
1709,11,train_0554,12441.253345399939,10217.432996344076,71.74329963440759,0.0,12512.996645034345,13.86,0.62,0.0,0.0,7.0,1.8968592631667593
1710,11,train_0212,12310.943345468586,10331.421174471543,83.1421174471543,0.0,12394.08546291574,15.04,0.76,0.0,0.0,7.0,1.8968592631667593
1711,11,train_0097,11972.755154345161,10385.560814436016,88.55608144360158,0.0,12061.311235788762,17.54,0.54,0.0,0.0,7.0,1.8968592631667593
1712,11,train_0225,12449.161686381321,10200.93435032643,70.093435032643,0.0,12519.255121413964,17.06,0.66,0.0,0.0,7.0,1.8968592631667593
1713,11,train_0243,12630.895181797448,10239.889178352088,73.98891783520885,0.0,12704.884099632658,17.74,0.68,0.0,0.0,7.0,1.8968592631667593
1714,11,train_0385,12662.046881880775,10659.160866395596,115.91608663955958,0.0,12777.962968520334,16.5,0.6,0.0,0.0,7.0,1.8968592631667593
1715,11,train_0586,12549.426948065162,9968.45115049717,46.845115049717066,0.0,12596.272063114879,15.66,0.7,0.0,0.0,7.0,1.8968592631667593
1716,11,train_0544,12519.274722140695,11047.611287033633,154.76112870336328,0.0,12674.035850844059,14.62,0.54,0.0,0.0,7.0,1.8968592631667593
1717,11,train_0110,12597.388660115686,10076.43511835222,57.64351183522194,0.0,12655.032171950908,18.24,0.74,0.0,0.0,7.0,1.8968592631667593
1718,11,train_0145,12479.106701968703,10035.05368579926,53.50536857992593,0.0,12532.61207054863,15.44,0.44,0.0,0.0,7.0,1.8968592631667593
1719,11,train_0493,12185.077931398799,10122.104526687934,62.21045266879337,0.0,12247.288384067591,17.1,0.7,0.0,0.0,7.0,1.8968592631667593
1720,11,train_0531,12776.637135105913,10128.45712680567,62.845712680566976,0.0,12839.48284778648,17.5,0.72,0.0,0.0,7.0,1.8968592631667593
1721,11,train_0160,12681.258549649616,10025.800425688845,52.58004256888453,0.0,12733.8385922185,14.56,0.74,0.0,0.0,7.0,1.8968592631667593
1722,11,train_0158,12677.934556739543,10237.911205062079,73.79112050620789,0.0,12751.725677245751,17.32,0.72,0.0,0.0,7.0,1.8968592631667593
1723,11,train_0005,12000.11884165542,10159.831167523902,65.9831167523902,0.0,12066.10195840781,16.94,0.62,0.0,0.0,7.0,1.8968592631667593
1724,11,train_0258,12997.324610351992,10088.056717532545,58.8056717532545,0.0,13056.130282105247,14.16,0.74,0.0,0.0,7.0,1.8968592631667593
1725,11,train_0535,12446.39400658822,10073.296505447612,57.32965054476117,0.0,12503.723657132981,15.24,0.68,0.0,0.0,7.0,1.8968592631667593
1726,11,train_0468,12342.392291337252,9952.124209316815,45.212420931681486,0.0,12387.604712268932,14.54,0.8,0.0,0.0,7.0,1.8968592631667593
1727,11,train_0250,12431.478982508197,10197.013138517828,69.70131385178284,0.0,12501.18029635998,15.48,0.72,0.0,0.0,7.0,1.8968592631667593
1728,11,train_0263,12169.996458369325,9898.773287097463,39.87732870974633,0.0,12209.873787079072,16.02,0.66,0.0,0.0,7.0,1.8968592631667593
1729,11,train_0564,12453.527516139293,10421.391308242833,92.13913082428336,0.0,12545.666646963577,16.8,0.74,0.0,0.0,7.0,1.8968592631667593
1730,11,train_0111,12258.522708436489,10093.584459292932,59.35844592929316,0.0,12317.881154365781,15.38,0.8,0.0,0.0,7.0,1.8968592631667593
1731,11,train_0159,12159.341176606405,9838.890938048622,33.889093804862206,0.0,12193.230270411268,18.02,0.62,0.0,0.0,7.0,1.8968592631667593
1732,11,train_0118,12197.113536852066,10367.595491169828,86.75954911698283,0.0,12283.87308596905,14.54,0.86,0.0,0.0,7.0,1.8968592631667593
1733,11,train_0493,12291.065801023338,10094.19482836729,59.419482836729,0.0,12350.485283860067,17.3,0.46,0.0,0.0,7.0,1.8968592631667593
1734,11,train_0514,12319.623692148938,10291.458671641969,79.1458671641969,0.0,12398.769559313136,15.92,0.7,0.0,0.0,7.0,1.8968592631667593
1735,11,train_0371,12291.726210595298,10256.867116502628,75.68671165026281,0.0,12367.412922245561,16.3,0.58,0.0,0.0,7.0,1.8968592631667593
1736,11,train_0569,12108.632784681042,10182.603763982359,68.26037639823589,0.0,12176.893161079277,15.42,0.52,0.0,0.0,7.0,1.8968592631667593
1737,11,train_0403,12635.485498412098,10678.10300626964,117.81030062696409,0.0,12753.295799039062,13.9,0.7,0.0,0.0,7.0,1.8968592631667593
1738,11,train_0128,12235.375962829345,10141.188115048075,64.1188115048075,0.0,12299.494774334153,14.9,0.6,0.0,0.0,7.0,1.8968592631667593
1739,11,train_0544,12713.601703476317,10816.882743878661,131.68827438786613,0.0,12845.289977864184,15.02,0.7,0.0,0.0,7.0,1.8968592631667593
1740,11,train_0290,12620.881167454452,10122.255630969394,62.22556309693937,0.0,12683.106730551392,16.56,0.66,0.0,0.0,7.0,1.8968592631667593
1741,11,train_0405,12599.661999012056,10844.560273789553,134.45602737895533,0.0,12734.118026391012,16.16,0.64,0.0,0.0,7.0,1.8968592631667593
1742,11,train_0154,12871.322254468749,10211.843835666703,71.18438356667029,0.0,12942.506638035418,19.38,0.6,0.0,0.0,7.0,1.8968592631667593
1743,11,train_0086,12058.869446397466,9708.592256526725,20.859225652672468,0.0,12079.728672050138,16.94,0.56,0.0,0.0,7.0,1.8968592631667593
1744,12,train_0526,12605.603666104562,10153.129234372946,65.31292343729456,0.0,12670.916589541856,17.26,0.7,0.0,0.0,7.0,1.8968592631667593
1745,12,train_0174,12613.308879956181,10158.50083217756,65.85008321775604,0.0,12679.158963173937,16.7,0.74,0.0,0.0,7.0,1.8968592631667593
1746,12,train_0439,12409.795105946294,10325.884348072415,82.58843480724154,0.0,12492.383540753535,13.48,0.68,0.0,0.0,7.0,1.8968592631667593
1747,12,train_0222,12468.978134590705,10411.671377042025,91.16713770420247,0.0,12560.145272294907,18.34,0.76,0.0,0.0,7.0,1.8968592631667593
1748,12,train_0058,11954.956512052426,10197.427208261357,69.74272082613571,0.0,12024.699232878562,14.52,0.52,0.0,0.0,7.0,1.8968592631667593
1749,12,train_0523,12506.094401836854,9753.367229184925,25.336722918492526,0.0,12531.431124755347,15.88,0.68,0.0,0.0,7.0,1.8968592631667593
1750,12,train_0251,12545.426768713689,10262.092881187375,76.20928811873746,0.0,12621.636056832427,15.18,0.64,0.0,0.0,7.0,1.8968592631667593
1751,12,train_0447,12393.136692408565,10304.953818089205,80.49538180892051,0.0,12473.632074217485,14.66,0.64,0.0,0.0,7.0,1.8968592631667593
1752,12,train_0257,12487.923013719825,10261.97964080882,76.19796408088204,0.0,12564.120977800707,15.04,0.58,0.0,0.0,7.0,1.8968592631667593
1753,12,train_0052,12777.416472755449,10285.878979540048,78.5878979540048,0.0,12856.004370709454,16.18,0.64,0.0,0.0,7.0,1.8968592631667593
1754,12,train_0227,12707.666592670317,10936.085221244532,143.60852212445317,0.0,12851.275114794771,16.68,0.6,0.0,0.0,7.0,1.8968592631667593
1755,12,train_0145,12445.971810685063,10214.95628755795,71.49562875579504,0.0,12517.467439440858,14.58,0.56,0.0,0.0,7.0,1.8968592631667593
1756,12,train_0391,12465.348121621322,10159.174667784711,65.91746677847114,0.0,12531.265588399794,16.06,0.68,0.0,0.0,7.0,1.8968592631667593
1757,12,train_0185,12470.602613958283,10529.56686456444,102.956686456444,0.0,12573.559300414727,15.08,0.72,0.0,0.0,7.0,1.8968592631667593
1758,12,train_0155,12420.151826139761,10644.10031357834,114.41003135783394,0.0,12534.561857497596,16.42,0.68,0.0,0.0,7.0,1.8968592631667593
1759,12,train_0434,12836.603241798246,10702.872099047221,120.28720990472212,0.0,12956.890451702968,15.88,0.62,0.0,0.0,7.0,1.8968592631667593
1760,12,train_0053,12832.021880582528,9869.877319073785,36.987731907378475,0.0,12869.009612489906,16.32,0.72,0.0,0.0,7.0,1.8968592631667593
1761,12,train_0000,12647.19709390712,9741.736608784682,24.17366087846822,0.0,12671.370754785588,15.5,0.66,0.0,0.0,7.0,1.8968592631667593
1762,12,train_0209,12005.678341503142,10545.285979544631,104.52859795446312,0.0,12110.206939457605,17.04,0.64,0.0,0.0,7.0,1.8968592631667593
1763,12,train_0424,12808.253170589902,10372.872327282348,87.28723272823481,0.0,12895.540403318137,17.76,0.72,0.0,0.0,7.0,1.8968592631667593
1764,12,train_0404,13031.731818751043,10675.155770296971,117.51557702969713,0.0,13149.24739578074,16.06,0.74,0.0,0.0,7.0,1.8968592631667593
1765,12,train_0534,12375.060023509257,10576.42870651969,107.64287065196896,0.0,12482.702894161226,14.22,0.66,0.0,0.0,7.0,1.8968592631667593
1766,12,train_0276,12419.67245205159,9910.459818733587,41.04598187335869,0.0,12460.718433924949,14.34,0.62,0.0,0.0,7.0,1.8968592631667593
1767,12,train_0336,12063.9499087915,10350.24115436722,85.02411543672207,0.0,12148.97402422822,15.76,0.58,0.0,0.0,7.0,1.8968592631667593
1768,12,train_0532,12326.415031870674,10309.107645715598,80.91076457155978,0.0,12407.325796442234,14.72,0.72,0.0,0.0,7.0,1.8968592631667593
1769,12,train_0255,12185.95575662692,9986.458150725153,48.645815072515326,0.0,12234.601571699435,17.14,0.7,0.0,0.0,7.0,1.8968592631667593
1770,12,train_0201,12079.237309179302,10586.896650681443,108.68966506814432,0.0,12187.926974247446,17.2,0.7,0.0,0.0,7.0,1.8968592631667593
1771,12,train_0463,12066.898565127236,9980.650357394163,48.065035739416274,0.0,12114.963600866653,16.04,0.72,0.0,0.0,7.0,1.8968592631667593
1772,12,train_0451,12925.774900510409,10353.021194098019,85.30211940980189,0.0,13011.07701992021,16.46,0.76,0.0,0.0,7.0,1.8968592631667593
1773,12,train_0297,12645.085620961632,9824.799303053605,32.47993030536054,0.0,12677.565551266993,14.32,0.8,0.0,0.0,7.0,1.8968592631667593
1774,12,train_0511,12672.5713234471,9721.382766101731,22.138276610173126,0.0,12694.709600057273,16.12,0.64,0.0,0.0,7.0,1.8968592631667593
1775,12,train_0013,12160.154272962074,10391.10745957516,89.11074595751597,0.0,12249.26501891959,14.54,0.68,0.0,0.0,7.0,1.8968592631667593
1776,12,train_0117,11978.532735035518,10194.945351949373,69.49453519493727,0.0,12048.027270230456,15.46,0.58,0.0,0.0,7.0,1.8968592631667593
1777,12,train_0178,12454.55013502366,10023.580865244683,52.35808652446831,0.0,12506.908221548127,14.32,0.66,0.0,0.0,7.0,1.8968592631667593
1778,12,train_0138,12265.401371099091,10354.08210831213,85.40821083121301,0.0,12350.809581930303,17.62,0.68,0.0,0.0,7.0,1.8968592631667593
1779,12,train_0360,12222.451683969586,10226.348272819563,72.63482728195632,0.0,12295.086511251542,14.92,0.62,0.0,0.0,7.0,1.8968592631667593
1780,12,train_0275,12463.57921174067,10396.304635147522,89.63046351475224,0.0,12553.209675255423,14.28,0.68,0.0,0.0,7.0,1.8968592631667593
1781,12,train_0543,12602.186719894853,10324.500823237708,82.45008232377077,0.0,12684.636802218623,15.86,0.72,0.0,0.0,7.0,1.8968592631667593
1782,12,train_0065,12497.680086770659,10489.552486714772,98.95524867147725,0.0,12596.635335442135,14.74,0.64,0.0,0.0,7.0,1.8968592631667593
1783,12,train_0554,12268.280026885202,10130.625084573687,63.06250845736868,0.0,12331.342535342572,12.9,0.66,0.0,0.0,7.0,1.8968592631667593
1784,12,train_0217,12607.33952818345,10463.82968928339,96.38296892833897,0.0,12703.722497111788,17.32,0.64,0.0,0.0,7.0,1.8968592631667593
1785,12,train_0483,12875.626847412484,10530.683977977667,103.06839779776675,0.0,12978.69524521025,14.9,0.68,0.0,0.0,7.0,1.8968592631667593
1786,12,train_0476,12277.878103381321,10248.355980315202,74.8355980315202,0.0,12352.713701412842,18.54,0.7,0.0,0.0,7.0,1.8968592631667593
1787,12,train_0452,12664.721969273072,9973.798014345535,47.37980143455352,0.0,12712.101770707626,14.46,0.84,0.0,0.0,7.0,1.8968592631667593
1788,12,train_0218,12820.812322358284,10203.095984098958,70.30959840989581,0.0,12891.12192076818,16.68,0.68,0.0,0.0,7.0,1.8968592631667593
1789,12,train_0372,12629.077280501271,10471.673111866989,97.16731118669887,0.0,12726.24459168797,17.16,0.72,0.0,0.0,7.0,1.8968592631667593
1790,12,train_0166,12484.80826569986,9919.16955594096,41.916955594096,0.0,12526.725221293955,14.5,0.6,0.0,0.0,7.0,1.8968592631667593
1791,12,train_0329,12610.363427101573,10080.115720938853,58.0115720938853,0.0,12668.374999195457,18.28,0.7,0.0,0.0,7.0,1.8968592631667593
1792,12,train_0161,12538.048163971554,10360.069495439639,86.00694954396386,0.0,12624.055113515518,14.96,0.72,0.0,0.0,7.0,1.8968592631667593
1793,12,train_0371,12324.912387067081,10144.204407637248,64.42044076372477,0.0,12389.332827830805,16.02,0.68,0.0,0.0,7.0,1.8968592631667593
1794,12,train_0206,12843.014340968617,10691.944410052467,119.1944410052467,0.0,12962.208781973864,14.2,0.56,0.0,0.0,7.0,1.8968592631667593
1795,12,train_0356,12734.942551648026,10404.664282816277,90.46642828162767,0.0,12825.408979929654,15.84,0.64,0.0,0.0,7.0,1.8968592631667593
1796,12,train_0462,12486.77085932147,10618.439262435757,111.84392624357571,0.0,12598.614785565045,16.76,0.68,0.0,0.0,7.0,1.8968592631667593
1797,12,train_0236,12556.758412145857,10328.25555412925,82.82555541292496,0.0,12639.583967558781,17.8,0.56,0.0,0.0,7.0,1.8968592631667593
1798,12,train_0581,12341.272512420712,10127.465395140962,62.746539514096185,0.0,12404.019051934807,17.02,0.62,0.0,0.0,7.0,1.8968592631667593
1799,12,train_0134,12879.58678460285,10501.204871510809,100.12048715108085,0.0,12979.70727175393,13.48,0.6,0.0,0.0,7.0,1.8968592631667593
1800,12,train_0182,12922.250510559099,10340.309598944594,84.03095989445939,0.0,13006.281470453558,14.06,0.64,0.0,0.0,7.0,1.8968592631667593
1801,12,train_0367,12803.447826017888,9754.780164726639,25.478016472663878,0.0,12828.925842490551,15.18,0.54,0.0,0.0,7.0,1.8968592631667593
1802,12,train_0034,12548.899308721317,10273.460858719323,77.34608587193235,0.0,12626.245394593248,15.42,0.68,0.0,0.0,7.0,1.8968592631667593
1803,12,train_0306,12484.967434081485,10360.88796327047,86.08879632704702,0.0,12571.056230408532,14.3,0.8,0.0,0.0,7.0,1.8968592631667593
1804,12,train_0015,12357.804919601484,10499.659672607715,99.9659672607715,0.0,12457.770886862256,14.06,0.78,0.0,0.0,7.0,1.8968592631667593
1805,12,train_0574,12376.385154976702,10558.465152835932,105.84651528359319,0.0,12482.231670260295,14.48,0.7,0.0,0.0,7.0,1.8968592631667593
1806,12,train_0189,12305.030500504407,10197.243231355684,69.72432313556838,0.0,12374.754823639974,15.72,0.58,0.0,0.0,7.0,1.8968592631667593
1807,12,train_0261,12354.638807544405,10391.126211806839,89.1126211806839,0.0,12443.751428725089,15.54,0.84,0.0,0.0,7.0,1.8968592631667593
1808,12,train_0154,12274.756137135453,10897.2026542024,139.72026542023997,0.0,12414.476402555692,19.02,0.68,0.0,0.0,7.0,1.8968592631667593
1809,12,train_0296,12942.95089753078,10040.905928277614,54.090592827761434,0.0,12997.04149035854,15.3,0.58,0.0,0.0,7.0,1.8968592631667593
1810,12,train_0262,12428.780642261572,10665.474250326797,116.54742503267971,0.0,12545.328067294253,15.24,0.64,0.0,0.0,7.0,1.8968592631667593
1811,12,train_0554,12451.230960856838,10187.26885876679,68.72688587667908,0.0,12519.957846733516,14.86,0.74,0.0,0.0,7.0,1.8968592631667593
1812,12,train_0495,12714.499136301423,10169.003148877846,66.90031488778459,0.0,12781.399451189209,17.66,0.64,0.0,0.0,7.0,1.8968592631667593
1813,12,train_0282,12074.267465823625,10354.861281201715,85.48612812017146,0.0,12159.753593943797,17.02,0.6,0.0,0.0,7.0,1.8968592631667593
1814,12,train_0121,12115.855301106483,10472.391806296539,97.23918062965386,0.0,12213.094481736138,14.42,0.7,0.0,0.0,7.0,1.8968592631667593
1815,12,train_0398,12099.700951634328,9769.565637909214,26.95656379092143,0.0,12126.65751542525,14.12,0.58,0.0,0.0,7.0,1.8968592631667593
1816,12,train_0148,12464.924563767654,10525.365548812624,102.53655488126242,0.0,12567.461118648916,17.58,0.76,0.0,0.0,7.0,1.8968592631667593
1817,12,train_0343,13214.282955269275,10571.998705755803,107.19987057558029,0.0,13321.482825844854,18.22,0.6,0.0,0.0,7.0,1.8968592631667593
1818,12,train_0012,12900.348639596874,10472.772698243047,97.27726982430468,0.0,12997.625909421178,16.68,0.72,0.0,0.0,7.0,1.8968592631667593
1819,12,train_0535,12460.37032532963,10143.345531889263,64.3345531889263,0.0,12524.704878518556,14.44,0.62,0.0,0.0,7.0,1.8968592631667593
1820,12,train_0347,12488.065313536506,10107.56874690615,60.75687469061504,0.0,12548.822188227121,17.08,0.66,0.0,0.0,7.0,1.8968592631667593
1821,12,train_0214,12284.789691114405,10059.76308884978,55.97630888497807,0.0,12340.765999999383,14.32,0.6,0.0,0.0,7.0,1.8968592631667593
1822,12,train_0590,12433.53507992721,10212.528923630234,71.25289236302342,0.0,12504.787972290233,17.76,0.6,0.0,0.0,7.0,1.8968592631667593
1823,12,train_0570,12586.108638301197,9894.080700360742,39.40807003607424,0.0,12625.51670833727,14.66,0.8,0.0,0.0,7.0,1.8968592631667593
1824,12,train_0313,12235.409288778606,10566.146835821826,106.61468358218264,0.0,12342.023972360788,15.38,0.6,0.0,0.0,7.0,1.8968592631667593
1825,12,train_0110,12292.008660211086,10423.205264684428,92.32052646844278,0.0,12384.329186679528,16.22,0.72,0.0,0.0,7.0,1.8968592631667593
1826,12,train_0568,13134.115268926775,10386.154188634417,88.61541886344168,0.0,13222.730687790216,14.98,0.56,0.0,0.0,7.0,1.8968592631667593
1827,12,train_0009,12169.993127136653,10517.045703922384,101.7045703922384,0.0,12271.69769752889,15.6,0.68,0.0,0.0,7.0,1.8968592631667593
1828,12,train_0032,12500.982465973842,10404.572486896275,90.45724868962753,0.0,12591.43971466347,16.44,0.68,0.0,0.0,7.0,1.8968592631667593
1829,12,train_0380,12233.386812476398,9965.293348511446,46.52933485114463,0.0,12279.916147327542,16.78,0.66,0.0,0.0,7.0,1.8968592631667593
1830,12,train_0494,12300.16904862778,10207.464398330554,70.74643983305542,0.0,12370.915488460836,16.66,0.62,0.0,0.0,7.0,1.8968592631667593
1831,12,train_0523,12344.11188444594,9995.372732782555,49.537273278255455,0.0,12393.649157724196,16.08,0.64,0.0,0.0,7.0,1.8968592631667593
1832,12,train_0319,12574.848287714063,10339.757409560334,83.9757409560334,0.0,12658.824028670097,15.48,0.54,0.0,0.0,7.0,1.8968592631667593
1833,12,train_0414,12247.89703718368,10259.938796440421,75.99387964404214,0.0,12323.890916827722,15.6,0.7,0.0,0.0,7.0,1.8968592631667593
1834,12,train_0127,12436.538639019582,10224.010909327817,72.4010909327817,0.0,12508.939729952363,15.32,0.6,0.0,0.0,7.0,1.8968592631667593
1835,12,train_0592,12539.311970099607,10406.404114297853,90.64041142978532,0.0,12629.952381529392,15.32,0.7,0.0,0.0,7.0,1.8968592631667593
1836,12,train_0148,12458.221008226752,10634.426701458497,113.44267014584966,0.0,12571.663678372603,16.2,0.74,0.0,0.0,7.0,1.8968592631667593
1837,12,train_0560,12620.064340032071,10251.366766974908,75.13667669749084,0.0,12695.201016729563,17.88,0.74,0.0,0.0,7.0,1.8968592631667593
1838,12,train_0082,12594.678537309617,10543.638633303846,104.36386333038463,0.0,12699.042400640003,16.52,0.6,0.0,0.0,7.0,1.8968592631667593
1839,12,train_0402,12950.634400260536,10079.632703846682,57.96327038466825,0.0,13008.597670645206,16.92,0.7,0.0,0.0,7.0,1.8968592631667593
1840,12,train_0235,12524.067329543246,10454.148963201267,95.41489632012673,0.0,12619.482225863372,15.3,0.62,0.0,0.0,7.0,1.8968592631667593
1841,12,train_0225,12442.808445971652,10272.23780866552,77.22378086655209,0.0,12520.032226838204,16.4,0.74,0.0,0.0,7.0,1.8968592631667593
1842,12,train_0253,11984.966492871768,10272.555299403097,77.25552994030969,0.0,12062.222022812079,17.26,0.52,0.0,0.0,7.0,1.8968592631667593
1843,12,train_0438,12257.082966010692,10312.889832588222,81.2889832588222,0.0,12338.371949269515,16.22,0.7,0.0,0.0,7.0,1.8968592631667593
1844,12,train_0163,13019.764753556003,10162.284185969194,66.22841859691944,0.0,13085.993172152923,14.7,0.76,0.0,0.0,7.0,1.8968592631667593
1845,12,train_0385,13061.463514840209,10263.17263577338,76.31726357733805,0.0,13137.780778417546,16.66,0.76,0.0,0.0,7.0,1.8968592631667593
1846,12,train_0586,12292.933465170798,10446.314661850285,94.63146618502851,0.0,12387.564931355826,16.72,0.6,0.0,0.0,7.0,1.8968592631667593
1847,12,train_0330,12260.17946894739,9870.91045009999,37.09104500999893,0.0,12297.270513957388,14.32,0.66,0.0,0.0,7.0,1.8968592631667593
1848,12,train_0400,12601.382923928824,10616.996189133992,111.69961891339918,0.0,12713.082542842223,15.58,0.7,0.0,0.0,7.0,1.8968592631667593
1849,12,train_0142,12746.823924863364,10377.306375212847,87.73063752128473,0.0,12834.554562384648,15.12,0.7,0.0,0.0,7.0,1.8968592631667593
1850,12,train_0218,12947.279247065891,10305.643118467782,80.56431184677822,0.0,13027.84355891267,17.18,0.7,0.0,0.0,7.0,1.8968592631667593
1851,12,train_0083,12251.784733834957,10237.392073252817,73.73920732528168,0.0,12325.523941160238,16.8,0.7,0.0,0.0,7.0,1.8968592631667593
1852,12,train_0083,12000.752205988772,10242.504213747316,74.25042137473156,0.0,12075.002627363505,14.38,0.66,0.0,0.0,7.0,1.8968592631667593
1853,12,train_0035,13281.719951727688,10652.529189203804,115.25291892038041,0.0,13396.972870648067,16.18,0.6,0.0,0.0,7.0,1.8968592631667593
1854,12,train_0006,12701.769652067196,9997.14355980786,49.71435598078606,0.0,12751.484008047983,15.94,0.6,0.0,0.0,7.0,1.8968592631667593
1855,12,train_0081,12323.342322353117,10096.098758632379,59.6098758632379,0.0,12382.952198216355,16.82,0.7,0.0,0.0,7.0,1.8968592631667593
1856,12,train_0554,12197.64935700412,10235.43483836716,73.54348383671605,0.0,12271.192840840837,14.12,0.62,0.0,0.0,7.0,1.8968592631667593
1857,12,train_0599,12299.316810110067,9894.020639797342,39.40206397973416,0.0,12338.718874089802,17.16,0.78,0.0,0.0,7.0,1.8968592631667593
1858,12,train_0179,12140.927229595061,10450.282363847822,95.02823638478222,0.0,12235.955465979843,14.48,0.62,0.0,0.0,7.0,1.8968592631667593
1859,12,train_0270,12209.201952344643,10351.50419160892,85.15041916089194,0.0,12294.352371505534,14.98,0.58,0.0,0.0,7.0,1.8968592631667593
1860,12,train_0121,12314.286042910635,10305.413981951055,80.54139819510547,0.0,12394.827441105741,14.2,0.6,0.0,0.0,7.0,1.8968592631667593
1861,12,train_0539,12239.754825318547,10134.785934521753,63.4785934521753,0.0,12303.233418770722,14.1,0.56,0.0,0.0,7.0,1.8968592631667593
1862,12,train_0154,13020.52371403997,10456.087050002994,95.60870500029942,0.0,13116.132419040268,19.82,0.54,0.0,0.0,7.0,1.8968592631667593
1863,12,train_0437,11612.37808226871,9700.792631503833,20.079263150383305,0.0,11632.457345419092,15.8,0.72,0.0,0.0,7.0,1.8968592631667593
1864,12,train_0075,12649.779717768412,10415.225856530498,91.52258565304983,0.0,12741.302303421462,16.54,0.7,0.0,0.0,7.0,1.8968592631667593
1865,12,train_0070,11654.203180184057,10007.674564160749,50.76745641607486,0.0,11704.970636600132,15.44,0.74,0.0,0.0,7.0,1.8968592631667593
1866,12,train_0501,12446.449291453062,10561.452779527795,106.14527795277955,0.0,12552.594569405841,17.36,0.5,0.0,0.0,7.0,1.8968592631667593
1867,12,train_0239,12504.603192317994,10396.995746694998,89.69957466949982,0.0,12594.302766987494,14.16,0.54,0.0,0.0,7.0,1.8968592631667593
1868,12,train_0473,12311.158462711126,10228.98360741041,72.89836074104096,0.0,12384.056823452167,17.3,0.62,0.0,0.0,7.0,1.8968592631667593
1869,12,train_0141,13088.871583760349,10176.038100375834,67.60381003758339,0.0,13156.475393797931,14.28,0.72,0.0,0.0,7.0,1.8968592631667593
1870,12,train_0270,12325.34664359286,10375.22183433559,87.52218343355908,0.0,12412.86882702642,17.12,0.58,0.0,0.0,7.0,1.8968592631667593
1871,12,train_0327,12756.554402716612,10340.070341267594,84.0070341267594,0.0,12840.561436843373,17.32,0.6,0.0,0.0,7.0,1.8968592631667593
1872,12,train_0535,12208.363292988826,10370.812642770037,87.08126427700373,0.0,12295.44455726583,14.42,0.58,0.0,0.0,7.0,1.8968592631667593
1873,12,train_0047,12061.351969361252,10374.907631646634,87.49076316466345,0.0,12148.842732525916,14.64,0.68,0.0,0.0,7.0,1.8968592631667593
1874,12,train_0299,12456.562689189346,10321.436847530043,82.14368475300435,0.0,12538.70637394235,13.74,0.76,0.0,0.0,7.0,1.8968592631667593
1875,12,train_0266,12768.647055044032,10436.393764298165,93.63937642981655,0.0,12862.286431473849,14.64,0.66,0.0,0.0,7.0,1.8968592631667593
1876,12,train_0276,12346.803360063968,9985.50559842394,48.55055984239407,0.0,12395.353919906362,15.16,0.6,0.0,0.0,7.0,1.8968592631667593
1877,12,train_0129,13163.911453214449,10380.725318789575,88.07253187895749,0.0,13251.983985093406,15.26,0.64,0.0,0.0,7.0,1.8968592631667593
1878,12,train_0050,12366.027922271856,10181.843599328304,68.18435993283038,0.0,12434.212282204688,15.48,0.82,0.0,0.0,7.0,1.8968592631667593
1879,12,train_0175,12637.999459494766,10015.687086242633,51.56870862426331,0.0,12689.568168119029,17.42,0.7,0.0,0.0,7.0,1.8968592631667593
1880,12,train_0086,11945.964417313488,9798.417550625227,29.84175506252268,0.0,11975.806172376011,18.1,0.5,0.0,0.0,7.0,1.8968592631667593
1881,12,train_0371,12329.055824500916,10251.884144540589,75.18841445405887,0.0,12404.244238954974,14.3,0.76,0.0,0.0,7.0,1.8968592631667593
1882,12,train_0081,12521.338494177604,10367.566258563445,86.75662585634456,0.0,12608.095120033948,17.44,0.68,0.0,0.0,7.0,1.8968592631667593
1883,12,train_0127,12731.984841854566,10177.43444872058,67.74344487205799,0.0,12799.728286726624,15.64,0.7,0.0,0.0,7.0,1.8968592631667593
1884,12,train_0155,12342.367580269092,10517.456275273531,101.74562752735311,0.0,12444.113207796445,15.96,0.7,0.0,0.0,7.0,1.8968592631667593
1885,12,train_0017,12520.879830529779,10302.697084465177,80.2697084465177,0.0,12601.149538976297,15.04,0.7,0.0,0.0,7.0,1.8968592631667593
1886,12,train_0373,12813.816934749462,10223.877176384183,72.38771763841832,0.0,12886.20465238788,16.58,0.54,0.0,0.0,7.0,1.8968592631667593
1887,12,train_0422,12815.129122314585,10074.738113270476,57.47381132704759,0.0,12872.602933641632,16.4,0.58,0.0,0.0,7.0,1.8968592631667593
1888,13,train_0428,12499.667629774454,10589.190217879157,108.91902178791571,0.0,12608.58665156237,16.18,0.68,0.0,0.0,7.0,1.8968592631667593
1889,13,train_0278,12338.859129855613,10307.36079581275,80.73607958127505,0.0,12419.595209436888,16.14,0.7,0.0,0.0,7.0,1.8968592631667593
1890,13,train_0082,12819.66825586803,10220.981160334357,72.09811603343569,0.0,12891.766371901465,15.9,0.64,0.0,0.0,7.0,1.8968592631667593
1891,13,train_0466,12569.173345618397,10433.018291578144,93.30182915781444,0.0,12662.475174776211,17.16,0.7,0.0,0.0,7.0,1.8968592631667593
1892,13,train_0585,12518.38498457563,10456.654305265896,95.66543052658963,0.0,12614.05041510222,13.6,0.66,0.0,0.0,7.0,1.8968592631667593
1893,13,train_0334,12686.43970342294,10208.919169463503,70.89191694635029,0.0,12757.33162036929,16.32,0.5,0.0,0.0,7.0,1.8968592631667593
1894,13,train_0034,12283.906427199054,10280.14704177424,78.01470417742404,0.0,12361.921131376477,15.08,0.62,0.0,0.0,7.0,1.8968592631667593
1895,13,train_0286,12767.195450847532,10232.36058584139,73.23605858413903,0.0,12840.431509431672,16.0,0.74,0.0,0.0,7.0,1.8968592631667593
1896,13,train_0445,12713.262801148347,10862.802763787295,136.28027637872947,0.0,12849.543077527076,18.0,0.62,0.0,0.0,7.0,1.8968592631667593
1897,13,train_0012,13083.242215750659,10539.46210884281,103.94621088428103,0.0,13187.18842663494,15.4,0.66,0.0,0.0,7.0,1.8968592631667593
1898,13,train_0544,12542.434659983233,10759.660473546039,125.96604735460387,0.0,12668.400707337838,16.74,0.68,0.0,0.0,7.0,1.8968592631667593
1899,13,train_0355,12591.104206630294,10250.923512164538,75.09235121645379,0.0,12666.196557846748,16.82,0.72,0.0,0.0,7.0,1.8968592631667593
1900,13,train_0408,12027.692270403597,10030.848747465217,53.08487474652175,0.0,12080.77714515012,15.58,0.66,0.0,0.0,7.0,1.8968592631667593
1901,13,train_0491,12494.429427710664,10477.057974942432,97.70579749424324,0.0,12592.135225204907,16.26,0.64,0.0,0.0,7.0,1.8968592631667593
1902,13,train_0558,13182.61528344146,10385.052995343134,88.50529953431342,0.0,13271.120582975775,13.94,0.6,0.0,0.0,7.0,1.8968592631667593
1903,13,train_0367,12251.692537639854,10269.06493765804,76.90649376580404,0.0,12328.599031405658,15.8,0.66,0.0,0.0,7.0,1.8968592631667593
1904,13,train_0160,12435.337623563113,10249.653321191967,74.96533211919669,0.0,12510.30295568231,17.28,0.72,0.0,0.0,7.0,1.8968592631667593
1905,13,train_0207,12029.04132616155,10170.483712680474,67.04837126804742,0.0,12096.089697429597,15.38,0.76,0.0,0.0,7.0,1.8968592631667593
1906,13,train_0105,12768.416861477785,10459.645274851262,95.96452748512621,0.0,12864.381388962911,15.68,0.56,0.0,0.0,7.0,1.8968592631667593
1907,13,train_0160,12479.595344574534,10408.580799722582,90.85807997225821,0.0,12570.453424546793,16.16,0.56,0.0,0.0,7.0,1.8968592631667593
1908,13,train_0294,12339.811247885387,9994.454206812516,49.44542068125156,0.0,12389.256668566639,14.92,0.52,0.0,0.0,7.0,1.8968592631667593
1909,13,train_0455,12888.553360249418,10421.788382165678,92.17883821656778,0.0,12980.732198465987,17.0,0.64,0.0,0.0,7.0,1.8968592631667593
1910,13,train_0486,12433.433593300113,10667.995084625929,116.7995084625929,0.0,12550.233101762706,15.22,0.6,0.0,0.0,7.0,1.8968592631667593
1911,13,train_0272,12714.285698500731,10233.25946516436,73.32594651643595,0.0,12787.611645017167,15.38,0.68,0.0,0.0,7.0,1.8968592631667593
1912,13,train_0210,12227.203154030778,10098.726459140616,59.87264591406165,0.0,12287.07579994484,14.4,0.64,0.0,0.0,7.0,1.8968592631667593
1913,13,train_0067,12141.101460152227,9980.723656098278,48.072365609827834,0.0,12189.173825762055,17.32,0.7,0.0,0.0,7.0,1.8968592631667593
1914,13,train_0166,12347.180288971464,10167.111732967325,66.71117329673253,0.0,12413.891462268197,14.7,0.6,0.0,0.0,7.0,1.8968592631667593
1915,13,train_0448,12685.975907216998,10122.493799368196,62.24937993681961,0.0,12748.225287153818,16.18,0.68,0.0,0.0,7.0,1.8968592631667593
1916,13,train_0529,12759.193686193921,10119.877908712797,61.987790871279685,0.0,12821.181477065202,17.22,0.56,0.0,0.0,7.0,1.8968592631667593
1917,13,train_0190,12713.504216595618,10529.906505607196,102.99065056071959,0.0,12816.494867156338,16.94,0.64,0.0,0.0,7.0,1.8968592631667593
1918,13,train_0243,12483.695704365822,10380.70202782678,88.07020278267792,0.0,12571.7659071485,17.8,0.8,0.0,0.0,7.0,1.8968592631667593
1919,13,train_0340,12626.872115783202,10128.0206993061,62.80206993061002,0.0,12689.674185713813,17.6,0.6,0.0,0.0,7.0,1.8968592631667593
1920,13,train_0497,12530.11074347108,10304.78015430062,80.47801543006209,0.0,12610.588758901142,15.62,0.6,0.0,0.0,7.0,1.8968592631667593
1921,13,train_0413,12822.106943382714,10668.26206899935,116.82620689993492,0.0,12938.93315028265,15.4,0.68,0.0,0.0,7.0,1.8968592631667593
1922,13,train_0561,12829.724595724994,10219.120565865756,71.91205658657564,0.0,12901.63665231157,17.74,0.64,0.0,0.0,7.0,1.8968592631667593
1923,13,train_0565,12605.121241051424,10652.620158590395,115.26201585903947,0.0,12720.383256910463,16.08,0.76,0.0,0.0,7.0,1.8968592631667593
1924,13,train_0321,12356.10542033211,10461.548267023416,96.15482670234161,0.0,12452.26024703445,18.66,0.68,0.0,0.0,7.0,1.8968592631667593
1925,13,train_0195,12619.43123567387,10299.008780278658,79.90087802786584,0.0,12699.332113701736,17.98,0.6,0.0,0.0,7.0,1.8968592631667593
1926,13,train_0273,12512.202468162723,10418.688000305603,91.86880003056031,0.0,12604.071268193284,15.3,0.74,0.0,0.0,7.0,1.8968592631667593
1927,13,train_0231,12621.01926864,10289.920975218407,78.9920975218407,0.0,12700.011366161842,16.1,0.6,0.0,0.0,7.0,1.8968592631667593
1928,13,train_0110,12584.728998077324,10120.897301685334,62.08973016853343,0.0,12646.818728245857,17.96,0.62,0.0,0.0,7.0,1.8968592631667593
1929,13,train_0029,12104.56040322811,10091.766324122167,59.17663241221672,0.0,12163.737035640326,15.56,0.7,0.0,0.0,7.0,1.8968592631667593
1930,13,train_0472,12476.20844013086,10233.69003693297,73.36900369329706,0.0,12549.577443824157,16.44,0.74,0.0,0.0,7.0,1.8968592631667593
1931,13,train_0007,13122.998610161878,10664.00147750439,116.40014775043892,0.0,13239.398757912317,15.0,0.52,0.0,0.0,7.0,1.8968592631667593
1932,13,train_0009,12322.02027590286,10208.781499487857,70.87814994878572,0.0,12392.898425851645,15.76,0.72,0.0,0.0,7.0,1.8968592631667593
1933,13,train_0050,12474.927867006028,10258.668533322172,75.86685333221722,0.0,12550.794720338246,15.66,0.72,0.0,0.0,7.0,1.8968592631667593
1934,13,train_0583,12620.48560093267,9962.630152499247,46.263015249924685,0.0,12666.748616182595,15.98,0.6,0.0,0.0,7.0,1.8968592631667593
1935,13,train_0476,12441.187999371949,10051.025617307663,55.102561730766325,0.0,12496.290561102714,17.46,0.74,0.0,0.0,7.0,1.8968592631667593
1936,13,train_0502,12449.120654787868,10642.580342818597,114.25803428185974,0.0,12563.378689069728,14.26,0.74,0.0,0.0,7.0,1.8968592631667593
1937,13,train_0025,12647.901336623778,10358.238123852461,85.82381238524613,0.0,12733.725149009024,15.26,0.56,0.0,0.0,7.0,1.8968592631667593
1938,13,train_0598,12584.454870191817,9860.56017350153,36.05601735015298,0.0,12620.51088754197,14.76,0.7,0.0,0.0,7.0,1.8968592631667593
1939,13,train_0106,12710.67827634114,10840.9824661594,134.09824661593993,0.0,12844.77652295708,16.24,0.68,0.0,0.0,7.0,1.8968592631667593
1940,13,train_0157,12464.50213345114,10326.679357524326,82.66793575243264,0.0,12547.170069203574,14.64,0.6,0.0,0.0,7.0,1.8968592631667593
1941,13,train_0554,12426.117193645272,9976.180586241113,47.61805862411129,0.0,12473.735252269384,13.34,0.68,0.0,0.0,7.0,1.8968592631667593
1942,13,train_0487,12809.364912231693,9865.48686434159,36.54868643415903,0.0,12845.913598665851,14.44,0.68,0.0,0.0,7.0,1.8968592631667593
1943,13,train_0159,12191.978688832656,9796.895332309465,29.689533230946473,0.0,12221.668222063603,17.8,0.54,0.0,0.0,7.0,1.8968592631667593
1944,13,train_0228,12629.473762738517,10069.491045735727,56.94910457357273,0.0,12686.422867312089,15.04,0.72,0.0,0.0,7.0,1.8968592631667593
1945,13,train_0283,12337.98623570618,10385.580285318074,88.5580285318074,0.0,12426.544264237986,15.3,0.68,0.0,0.0,7.0,1.8968592631667593
1946,13,train_0064,12797.307367864134,10181.818662848978,68.18186628489785,0.0,12865.489234149032,15.76,0.68,0.0,0.0,7.0,1.8968592631667593
1947,13,train_0471,12487.578680478315,10543.247323329857,104.3247323329857,0.0,12591.9034128113,15.9,0.64,0.0,0.0,7.0,1.8968592631667593
1948,13,train_0542,12261.122370782849,10069.30136134741,56.93013613474105,0.0,12318.05250691759,16.54,0.6,0.0,0.0,7.0,1.8968592631667593
1949,13,train_0010,12141.557378849284,10630.400108041038,113.04001080410382,0.0,12254.597389653387,16.72,0.6,0.0,0.0,7.0,1.8968592631667593
1950,13,train_0496,12796.276292750272,9968.068233918586,46.8068233918586,0.0,12843.08311614213,15.4,0.72,0.0,0.0,7.0,1.8968592631667593
1951,13,train_0486,12694.294287971275,10555.662443038862,105.56624430388621,0.0,12799.860532275161,14.98,0.5,0.0,0.0,7.0,1.8968592631667593
1952,13,train_0419,12336.570848115363,10456.084987624077,95.60849876240773,0.0,12432.17934687777,16.0,0.66,0.0,0.0,7.0,1.8968592631667593
1953,13,train_0268,12472.140770747052,10369.368280391081,86.93682803910815,0.0,12559.07759878616,16.2,0.62,0.0,0.0,7.0,1.8968592631667593
1954,13,train_0132,12161.80701548727,10337.232482021656,83.72324820216564,0.0,12245.530263689436,17.62,0.68,0.0,0.0,7.0,1.8968592631667593
1955,13,train_0387,12042.854445507948,10034.007474631684,53.400747463168415,0.0,12096.255192971117,16.5,0.62,0.0,0.0,7.0,1.8968592631667593
1956,13,train_0166,12282.99502971766,10014.149542559457,51.41495425594567,0.0,12334.409983973606,14.94,0.66,0.0,0.0,7.0,1.8968592631667593
1957,13,train_0147,12880.68610781404,10327.489221712585,82.74892217125853,0.0,12963.435029985298,15.92,0.62,0.0,0.0,7.0,1.8968592631667593
1958,13,train_0256,12299.669137629025,10675.149118794492,117.51491187944922,0.0,12417.184049508474,15.8,0.62,0.0,0.0,7.0,1.8968592631667593
1959,13,train_0114,12281.175207329146,10016.444818802818,51.64448188028182,0.0,12332.819689209427,17.0,0.64,0.0,0.0,7.0,1.8968592631667593
1960,13,train_0397,12432.760127556821,10113.103876281399,61.31038762813987,0.0,12494.070515184962,15.84,0.62,0.0,0.0,7.0,1.8968592631667593
1961,13,train_0187,12566.507378058464,9900.441929896415,40.04419298964149,0.0,12606.551571048105,14.4,0.58,0.0,0.0,7.0,1.8968592631667593
1962,13,train_0454,13021.806207390544,10335.133786410752,83.51337864107518,0.0,13105.31958603162,16.94,0.62,0.0,0.0,7.0,1.8968592631667593
1963,13,train_0308,12654.875042202868,9907.488206040509,40.74882060405089,0.0,12695.623862806919,17.56,0.64,0.0,0.0,7.0,1.8968592631667593
1964,13,train_0162,11871.71840949772,9888.798854726345,38.87988547263449,0.0,11910.598294970354,16.08,0.76,0.0,0.0,7.0,1.8968592631667593
1965,13,train_0073,12472.059714252026,10022.688288229994,52.268828822999424,0.0,12524.328543075026,15.32,0.52,0.0,0.0,7.0,1.8968592631667593
1966,13,train_0440,12731.066176012455,10284.902014438603,78.49020144386031,0.0,12809.556377456316,17.0,0.56,0.0,0.0,7.0,1.8968592631667593
1967,13,train_0192,12595.171182936294,10591.422333552768,109.14223335527677,0.0,12704.31341629157,17.94,0.66,0.0,0.0,7.0,1.8968592631667593
1968,13,train_0055,12522.881664992896,10147.16195541727,64.71619554172703,0.0,12587.597860534623,14.74,0.82,0.0,0.0,7.0,1.8968592631667593
1969,13,train_0078,12478.327799295977,10135.435237677662,63.54352376776624,0.0,12541.871323063744,14.52,0.56,0.0,0.0,7.0,1.8968592631667593
1970,13,train_0225,12396.192745217159,10397.734074013513,89.77340740135134,0.0,12485.96615261851,16.88,0.7,0.0,0.0,7.0,1.8968592631667593
1971,13,train_0364,12448.613712964541,10269.684821150011,76.96848211500111,0.0,12525.582195079542,17.98,0.66,0.0,0.0,7.0,1.8968592631667593
1972,13,train_0298,11937.498946009277,9899.227346583912,39.922734658391164,0.0,11977.421680667667,15.92,0.56,0.0,0.0,7.0,1.8968592631667593
1973,13,train_0370,12408.098613687594,10575.072611840378,107.50726118403782,0.0,12515.605874871631,16.18,0.7,0.0,0.0,7.0,1.8968592631667593
1974,13,train_0152,12439.853058643424,10504.891639787711,100.4891639787711,0.0,12540.342222622196,15.56,0.62,0.0,0.0,7.0,1.8968592631667593
1975,13,train_0024,12021.344441656442,10117.02613479354,61.702613479353936,0.0,12083.047055135796,15.58,0.56,0.0,0.0,7.0,1.8968592631667593
1976,13,train_0443,12663.544601685007,10573.62453355741,107.36245335574095,0.0,12770.907055040749,17.22,0.66,0.0,0.0,7.0,1.8968592631667593
1977,13,train_0174,12573.957487193811,10223.40205276557,72.34020527655703,0.0,12646.297692470369,15.64,0.82,0.0,0.0,7.0,1.8968592631667593
1978,13,train_0109,13025.907700658636,10028.636951650371,52.8636951650371,0.0,13078.771395823673,17.04,0.6,0.0,0.0,7.0,1.8968592631667593
1979,13,train_0460,12459.74097654971,10176.270881188593,67.62708811885932,0.0,12527.36806466857,14.52,0.66,0.0,0.0,7.0,1.8968592631667593
1980,13,train_0298,11909.028958931009,9832.000875996104,33.20008759961038,0.0,11942.22904653062,15.3,0.72,0.0,0.0,7.0,1.8968592631667593
1981,13,train_0148,12628.41303457796,10173.632695970091,67.3632695970091,0.0,12695.776304174968,16.5,0.66,0.0,0.0,7.0,1.8968592631667593
1982,13,train_0502,12622.867569434304,10560.555033623965,106.0555033623965,0.0,12728.9230727967,14.98,0.56,0.0,0.0,7.0,1.8968592631667593
1983,13,train_0044,12976.010984976841,10567.5219967667,106.75219967666999,0.0,13082.763184653511,16.34,0.66,0.0,0.0,7.0,1.8968592631667593
1984,13,train_0506,12103.45152041425,10205.913767834796,70.59137678347962,0.0,12174.042897197729,15.42,0.64,0.0,0.0,7.0,1.8968592631667593
1985,13,train_0135,12734.050793506874,10305.762441535735,80.5762441535735,0.0,12814.627037660448,16.58,0.56,0.0,0.0,7.0,1.8968592631667593
1986,13,train_0457,12249.892050929968,10547.77002404749,104.77700240474897,0.0,12354.669053334717,16.24,0.78,0.0,0.0,7.0,1.8968592631667593
1987,13,train_0452,12584.193586886187,9963.502494227101,46.350249422710114,0.0,12630.543836308898,14.06,0.6,0.0,0.0,7.0,1.8968592631667593
1988,13,train_0266,12837.415239836479,10300.722340525619,80.07223405256191,0.0,12917.487473889041,16.72,0.66,0.0,0.0,7.0,1.8968592631667593
1989,13,train_0376,12269.338032087766,10018.77283894325,51.877283894325046,0.0,12321.215315982092,16.24,0.74,0.0,0.0,7.0,1.8968592631667593
1990,13,train_0238,12570.675954754643,10277.35876536358,77.73587653635805,0.0,12648.411831291001,15.42,0.84,0.0,0.0,7.0,1.8968592631667593
1991,13,train_0264,12322.10227761736,9909.66529819239,40.96652981923908,0.0,12363.068807436599,14.74,0.76,0.0,0.0,7.0,1.8968592631667593
1992,13,train_0295,12427.19045569535,10084.630043569705,58.46300435697049,0.0,12485.653460052321,16.48,0.52,0.0,0.0,7.0,1.8968592631667593
1993,13,train_0422,12670.549928150387,10319.627093517027,81.9627093517027,0.0,12752.51263750209,15.76,0.66,0.0,0.0,7.0,1.8968592631667593
1994,13,train_0517,12748.190951834757,10349.754098178413,84.97540981784132,0.0,12833.166361652598,18.34,0.64,0.0,0.0,7.0,1.8968592631667593
1995,13,train_0309,12607.29388739715,10191.932114576586,69.19321145765862,0.0,12676.48709885481,15.26,0.58,0.0,0.0,7.0,1.8968592631667593
1996,13,train_0203,12885.030026686873,10554.025833808908,105.4025833808908,0.0,12990.432610067763,13.12,0.76,0.0,0.0,7.0,1.8968592631667593
1997,13,train_0061,12601.384023192108,10211.105325717828,71.11053257178283,0.0,12672.494555763891,14.22,0.64,0.0,0.0,7.0,1.8968592631667593
1998,13,train_0276,12485.22346934957,9905.347497963425,40.53474979634248,0.0,12525.758219145913,15.14,0.62,0.0,0.0,7.0,1.8968592631667593
1999,13,train_0033,12549.590816752638,10538.333843969172,103.83338439691725,0.0,12653.424201149555,15.76,0.64,0.0,0.0,7.0,1.8968592631667593
2000,13,train_0246,12376.815246099355,10179.354341014789,67.93543410147886,0.0,12444.750680200834,16.38,0.54,0.0,0.0,7.0,1.8968592631667593
2001,13,train_0353,12167.883913771471,10101.168813394866,60.116881339486646,0.0,12228.000795110958,15.92,0.66,0.0,0.0,7.0,1.8968592631667593
2002,13,train_0113,12414.679084422685,10114.724727884131,61.47247278841314,0.0,12476.151557211098,15.94,0.56,0.0,0.0,7.0,1.8968592631667593
2003,13,train_0480,12754.342349764467,10265.029837914353,76.50298379143533,0.0,12830.845333555902,15.16,0.52,0.0,0.0,7.0,1.8968592631667593
2004,13,train_0335,12909.039850610587,10481.440419576811,98.14404195768111,0.0,13007.183892568268,18.62,0.7,0.0,0.0,7.0,1.8968592631667593
2005,13,train_0508,12694.612960067956,10500.371135889525,100.03711358895254,0.0,12794.650073656909,13.12,0.74,0.0,0.0,7.0,1.8968592631667593
2006,13,train_0167,12127.54049885118,10169.366333197373,66.93663331973731,0.0,12194.477132170918,14.6,0.72,0.0,0.0,7.0,1.8968592631667593
2007,13,train_0518,12709.557548088214,10202.008330699118,70.20083306991182,0.0,12779.758381158126,15.84,0.74,0.0,0.0,7.0,1.8968592631667593
2008,13,train_0501,12868.554008149651,10246.06804754834,74.60680475483404,0.0,12943.160812904485,18.94,0.6,0.0,0.0,7.0,1.8968592631667593
2009,13,train_0465,13075.72941306984,10504.98871072942,100.498871072942,0.0,13176.22828414278,16.96,0.72,0.0,0.0,7.0,1.8968592631667593
2010,13,train_0098,12491.666915957303,9943.63367406376,44.363367406375986,0.0,12536.03028336368,14.22,0.6,0.0,0.0,7.0,1.8968592631667593
2011,13,train_0523,12280.50780012219,10108.498120670847,60.84981206708471,0.0,12341.357612189275,16.68,0.64,0.0,0.0,7.0,1.8968592631667593
2012,13,train_0076,12725.451652376116,10063.915522440082,56.3915522440082,0.0,12781.843204620123,15.68,0.5,0.0,0.0,7.0,1.8968592631667593
2013,13,train_0204,12658.739063355682,10543.256609176457,104.32566091764566,0.0,12763.064724273328,17.94,0.76,0.0,0.0,7.0,1.8968592631667593
2014,13,train_0072,12834.89381240798,10217.39033917778,71.73903391777803,0.0,12906.632846325758,16.24,0.68,0.0,0.0,7.0,1.8968592631667593
2015,13,train_0279,12426.136363263207,10129.228093853584,62.92280938535842,0.0,12489.059172648565,16.94,0.7,0.0,0.0,7.0,1.8968592631667593
2016,13,train_0293,12105.94361625292,10068.39488187054,56.839488187053945,0.0,12162.783104439974,15.36,0.66,0.0,0.0,7.0,1.8968592631667593
2017,13,train_0333,12580.834165889708,10729.827875763109,122.98278757631088,0.0,12703.81695346602,16.42,0.7,0.0,0.0,7.0,1.8968592631667593
2018,13,train_0221,12509.627572525831,10288.576603788368,78.85766037883678,0.0,12588.485232904668,17.14,0.74,0.0,0.0,7.0,1.8968592631667593
2019,13,train_0098,12350.46149502005,10104.628706163861,60.46287061638614,0.0,12410.924365636436,14.06,0.78,0.0,0.0,7.0,1.8968592631667593
2020,13,train_0156,12413.96183141377,10034.073890663736,53.40738906637362,0.0,12467.369220480143,15.82,0.6,0.0,0.0,7.0,1.8968592631667593
2021,13,train_0527,12645.169488221825,10065.401808233404,56.54018082334042,0.0,12701.709669045165,15.36,0.64,0.0,0.0,7.0,1.8968592631667593
2022,13,train_0297,12448.338842987563,10013.599958754314,51.35999587543138,0.0,12499.698838862994,12.32,0.66,0.0,0.0,7.0,1.8968592631667593
2023,13,train_0419,12654.073630290164,10433.929280717155,93.39292807171552,0.0,12747.466558361879,15.38,0.76,0.0,0.0,7.0,1.8968592631667593
2024,13,train_0035,13256.140831661189,10841.433274140769,134.14332741407688,0.0,13390.284159075265,16.06,0.62,0.0,0.0,7.0,1.8968592631667593
2025,13,train_0329,12496.668180332268,10513.841464193605,101.38414641936052,0.0,12598.05232675163,16.82,0.82,0.0,0.0,7.0,1.8968592631667593
2026,13,train_0044,12743.764662766302,10276.169980701925,77.6169980701925,0.0,12821.381660836494,14.78,0.6,0.0,0.0,7.0,1.8968592631667593
2027,13,train_0042,12680.146759055675,10339.30974745797,83.930974745797,0.0,12764.077733801472,13.82,0.52,0.0,0.0,7.0,1.8968592631667593
2028,13,train_0075,12403.747619284048,10502.616389005245,100.26163890052449,0.0,12504.009258184573,17.56,0.62,0.0,0.0,7.0,1.8968592631667593
2029,13,train_0252,12333.800598516096,10035.669636255436,53.56696362554358,0.0,12387.36756214164,15.4,0.64,0.0,0.0,7.0,1.8968592631667593
2030,13,train_0102,12336.531918622497,10284.76177417612,78.47617741761206,0.0,12415.008096040108,14.2,0.62,0.0,0.0,7.0,1.8968592631667593
2031,13,train_0403,12624.890796128988,10619.540012270712,111.95400122707125,0.0,12736.84479735606,13.56,0.68,0.0,0.0,7.0,1.8968592631667593
2032,13,train_0450,12238.884216038761,10427.861346164984,92.78613461649839,0.0,12331.67035065526,14.94,0.74,0.0,0.0,7.0,1.8968592631667593
2033,13,train_0142,12399.522693248617,10638.234350989092,113.82343509890926,0.0,12513.346128347526,15.82,0.74,0.0,0.0,7.0,1.8968592631667593
2034,13,train_0079,12362.682550599897,10590.657491176004,109.06574911760036,0.0,12471.748299717498,14.46,0.66,0.0,0.0,7.0,1.8968592631667593
2035,13,train_0219,12391.103639234016,10239.28820808635,73.92882080863492,0.0,12465.03246004265,16.38,0.78,0.0,0.0,7.0,1.8968592631667593
2036,13,train_0052,12718.60220685704,10368.215085975686,86.82150859756858,0.0,12805.423715454608,14.42,0.72,0.0,0.0,7.0,1.8968592631667593
2037,13,train_0368,12740.128404048359,10241.101991121728,74.11019911217282,0.0,12814.238603160531,15.98,0.68,0.0,0.0,7.0,1.8968592631667593
2038,13,train_0089,12517.701825700824,10871.790039815327,137.1790039815327,0.0,12654.880829682357,16.38,0.58,0.0,0.0,7.0,1.8968592631667593
2039,13,train_0581,12439.280346191414,10253.509545884677,75.35095458846773,0.0,12514.631300779882,16.12,0.7,0.0,0.0,7.0,1.8968592631667593
2040,13,train_0425,12378.349132525136,11041.922629891367,154.19226298913674,0.0,12532.541395514272,14.5,0.66,0.0,0.0,7.0,1.8968592631667593
2041,13,train_0109,12708.122550740944,10234.038807001922,73.40388070019218,0.0,12781.526431441136,16.52,0.64,0.0,0.0,7.0,1.8968592631667593
2042,13,train_0194,12608.341308738301,10103.552638778741,60.35526387787414,0.0,12668.696572616176,16.06,0.78,0.0,0.0,7.0,1.8968592631667593
2043,13,train_0249,12372.020200467436,10494.979067695604,99.49790676956036,0.0,12471.518107236996,16.16,0.62,0.0,0.0,7.0,1.8968592631667593
2044,13,train_0371,12348.756361144617,10114.682531760642,61.468253176064174,0.0,12410.224614320681,15.76,0.62,0.0,0.0,7.0,1.8968592631667593
2045,13,train_0000,12168.844251873521,10327.655089203941,82.76550892039414,0.0,12251.609760793915,15.58,0.54,0.0,0.0,7.0,1.8968592631667593
2046,13,train_0385,12933.230192685438,10779.120417828693,127.91204178286935,0.0,13061.142234468307,17.26,0.58,0.0,0.0,7.0,1.8968592631667593
2047,13,train_0252,12171.341173661542,10015.272449943499,51.5272449943499,0.0,12222.868418655891,15.4,0.56,0.0,0.0,7.0,1.8968592631667593
2048,14,train_0495,12699.381051878541,10354.57376713915,85.45737671391508,0.0,12784.838428592457,17.28,0.72,0.0,0.0,7.0,1.8968592631667593
2049,14,train_0101,12392.8951069095,10397.522610144533,89.75226101445332,0.0,12482.647367923953,16.58,0.56,0.0,0.0,7.0,1.8968592631667593
2050,14,train_0052,12838.999440450663,10677.287669503383,117.7287669503383,0.0,12956.728207401002,15.14,0.76,0.0,0.0,7.0,1.8968592631667593
2051,14,train_0427,12418.098270638995,10166.985548050747,66.69855480507468,0.0,12484.79682544407,15.5,0.56,0.0,0.0,7.0,1.8968592631667593
2052,14,train_0129,13103.490386319896,10374.601572013009,87.4601572013009,0.0,13190.950543521198,15.34,0.58,0.0,0.0,7.0,1.8968592631667593
2053,14,train_0375,12720.820330836534,10265.896075611356,76.58960756113557,0.0,12797.40993839767,15.06,0.6,0.0,0.0,7.0,1.8968592631667593
2054,14,train_0327,12928.271283266784,10152.73429698337,65.27342969833698,0.0,12993.54471296512,15.88,0.62,0.0,0.0,7.0,1.8968592631667593
2055,14,train_0024,12337.20466904351,9589.886875413751,8.988687541375112,0.0,12346.193356584887,15.48,0.74,0.0,0.0,7.0,1.8968592631667593
2056,14,train_0289,12746.733353182573,10799.594457830966,129.95944578309664,0.0,12876.69279896567,17.66,0.64,0.0,0.0,7.0,1.8968592631667593
2057,14,train_0503,13063.931259790155,10369.70806067936,86.97080606793607,0.0,13150.902065858092,15.58,0.62,0.0,0.0,7.0,1.8968592631667593
2058,14,train_0295,12374.902626294504,9932.44877696845,43.244877696844924,0.0,12418.14750399135,16.22,0.6,0.0,0.0,7.0,1.8968592631667593
2059,14,train_0082,12536.65586346966,10561.039874099104,106.10398740991042,0.0,12642.759850879569,17.32,0.68,0.0,0.0,7.0,1.8968592631667593
2060,14,train_0276,12503.419432121576,9957.657504969673,45.76575049696731,0.0,12549.185182618543,14.74,0.62,0.0,0.0,7.0,1.8968592631667593
2061,14,train_0585,12924.137754800624,10057.137457172923,55.7137457172923,0.0,12979.851500517916,13.86,0.64,0.0,0.0,7.0,1.8968592631667593
2062,14,train_0045,12390.340626624744,10239.572443809753,73.95724438097533,0.0,12464.29787100572,13.96,0.66,0.0,0.0,7.0,1.8968592631667593
2063,14,train_0411,13340.822871847624,10279.323721692359,77.9323721692359,0.0,13418.75524401686,15.76,0.5,0.0,0.0,7.0,1.8968592631667593
2064,14,train_0366,12303.611077144435,10305.963616379271,80.59636163792712,0.0,12384.207438782361,15.5,0.58,0.0,0.0,7.0,1.8968592631667593
2065,14,train_0400,12784.198562811642,10568.360144089209,106.8360144089209,0.0,12891.034577220562,14.5,0.66,0.0,0.0,7.0,1.8968592631667593
2066,14,train_0169,12109.322687855205,10018.486843199058,51.84868431990581,0.0,12161.171372175111,15.24,0.62,0.0,0.0,7.0,1.8968592631667593
2067,14,train_0365,12761.819070945345,10462.105056333183,96.21050563331829,0.0,12858.029576578663,16.58,0.7,0.0,0.0,7.0,1.8968592631667593
2068,14,train_0292,12628.42389014844,10302.923184117837,80.29231841178371,0.0,12708.716208560225,19.28,0.7,0.0,0.0,7.0,1.8968592631667593
2069,14,train_0146,12286.78875818417,10406.636378409974,90.66363784099741,0.0,12377.452396025166,15.94,0.8,0.0,0.0,7.0,1.8968592631667593
2070,14,train_0237,12536.771575978444,10142.563615417366,64.25636154173662,0.0,12601.02793752018,15.08,0.8,0.0,0.0,7.0,1.8968592631667593
2071,14,train_0165,12138.24476119179,10132.810773761681,63.281077376168106,0.0,12201.525838567959,17.06,0.5,0.0,0.0,7.0,1.8968592631667593
2072,14,train_0338,12498.155473192348,10059.261128822427,55.926112882242705,0.0,12554.08158607459,15.12,0.68,0.0,0.0,7.0,1.8968592631667593
2073,14,train_0473,12285.22299156268,10247.685289187022,74.76852891870222,0.0,12359.991520481382,17.56,0.58,0.0,0.0,7.0,1.8968592631667593
2074,14,train_0171,13179.34755329123,10497.305400951122,99.73054009511216,0.0,13279.078093386343,16.8,0.66,0.0,0.0,7.0,1.8968592631667593
2075,14,train_0406,12505.340781513385,10285.781043896375,78.57810438963753,0.0,12583.918885903022,17.82,0.6,0.0,0.0,7.0,1.8968592631667593
2076,14,train_0335,12915.625372515302,10345.422967180722,84.54229671807225,0.0,13000.167669233375,16.56,0.64,0.0,0.0,7.0,1.8968592631667593
2077,14,train_0289,12486.493424967657,10432.722035894869,93.27220358948689,0.0,12579.765628557145,16.74,0.7,0.0,0.0,7.0,1.8968592631667593
2078,14,train_0273,12439.930406452835,10311.764128719846,81.17641287198458,0.0,12521.10681932482,16.24,0.54,0.0,0.0,7.0,1.8968592631667593
2079,14,train_0507,12598.050986437933,10442.31690764314,94.23169076431405,0.0,12692.282677202247,15.96,0.56,0.0,0.0,7.0,1.8968592631667593
2080,14,train_0334,12291.633323383649,10251.182840089265,75.11828400892647,0.0,12366.751607392574,15.92,0.58,0.0,0.0,7.0,1.8968592631667593
2081,14,train_0275,12599.556012132616,10172.482085268206,67.2482085268206,0.0,12666.804220659436,14.72,0.72,0.0,0.0,7.0,1.8968592631667593
2082,14,train_0504,12649.44709370835,10036.593136046014,53.65931360460145,0.0,12703.106407312951,14.02,0.64,0.0,0.0,7.0,1.8968592631667593
2083,14,train_0550,12453.921818513405,10083.976417725942,58.39764177259422,0.0,12512.319460285999,16.0,0.7,0.0,0.0,7.0,1.8968592631667593
2084,14,train_0173,12467.704646973554,10721.406804769525,122.14068047695255,0.0,12589.845327450506,17.86,0.66,0.0,0.0,7.0,1.8968592631667593
2085,14,train_0342,12402.828990193271,10308.621677629613,80.86216776296133,0.0,12483.691157956233,18.52,0.68,0.0,0.0,7.0,1.8968592631667593
2086,14,train_0146,12281.727935567784,10404.601447734552,90.46014477345526,0.0,12372.188080341239,16.62,0.72,0.0,0.0,7.0,1.8968592631667593
2087,14,train_0401,12076.435163835391,10097.701888115382,59.770188811538176,0.0,12136.20535264693,17.9,0.58,0.0,0.0,7.0,1.8968592631667593
2088,14,train_0449,12644.863844109812,10463.842308617915,96.38423086179155,0.0,12741.248074971603,18.76,0.76,0.0,0.0,7.0,1.8968592631667593
2089,14,train_0053,12375.561595828123,10561.248663428849,106.1248663428849,0.0,12481.686462171008,17.24,0.64,0.0,0.0,7.0,1.8968592631667593
2090,14,train_0429,12868.862982811666,10610.637014688002,111.06370146880018,0.0,12979.926684280466,16.18,0.7,0.0,0.0,7.0,1.8968592631667593
2091,14,train_0447,12367.07387759121,10156.336259149011,65.63362591490113,0.0,12432.707503506112,17.06,0.66,0.0,0.0,7.0,1.8968592631667593
2092,14,train_0097,12606.162844850469,10008.313720645518,50.831372064551765,0.0,12656.99421691502,17.98,0.6,0.0,0.0,7.0,1.8968592631667593
2093,14,train_0111,12596.226375241778,9977.658961397094,47.76589613970937,0.0,12643.992271381489,14.5,0.78,0.0,0.0,7.0,1.8968592631667593
2094,14,train_0051,12469.869564815479,10286.62600481508,78.66260048150798,0.0,12548.532165296987,15.84,0.66,0.0,0.0,7.0,1.8968592631667593
2095,14,train_0343,13217.542702118208,10775.555168597783,127.55551685977827,0.0,13345.098218977986,16.34,0.8,0.0,0.0,7.0,1.8968592631667593
2096,14,train_0275,12729.072306987744,9963.843673348245,46.384367334824496,0.0,12775.456674322568,14.38,0.66,0.0,0.0,7.0,1.8968592631667593
2097,14,train_0568,13018.926040889255,10679.889387822812,117.9889387822812,0.0,13136.914979671536,15.94,0.72,0.0,0.0,7.0,1.8968592631667593
2098,14,train_0332,12271.698719534415,10217.808818255085,71.78088182550856,0.0,12343.479601359924,14.84,0.66,0.0,0.0,7.0,1.8968592631667593
2099,14,train_0050,12268.085858759241,10010.648964323129,51.06489643231289,0.0,12319.150755191555,16.06,0.54,0.0,0.0,7.0,1.8968592631667593
2100,14,train_0153,12495.971391665154,10091.965708152948,59.19657081529476,0.0,12555.16796248045,17.96,0.7,0.0,0.0,7.0,1.8968592631667593
2101,14,train_0126,12406.674799835897,10355.488855460042,85.54888554600421,0.0,12492.223685381901,16.74,0.62,0.0,0.0,7.0,1.8968592631667593
2102,14,train_0451,12540.331998617086,10537.187604276438,103.7187604276438,0.0,12644.05075904473,16.42,0.76,0.0,0.0,7.0,1.8968592631667593
2103,14,train_0559,12584.505842936538,10123.212548978892,62.32125489788923,0.0,12646.827097834428,18.48,0.58,0.0,0.0,7.0,1.8968592631667593
2104,14,train_0203,12969.139862454424,10508.486356817946,100.84863568179463,0.0,13069.988498136217,14.42,0.72,0.0,0.0,7.0,1.8968592631667593
2105,14,train_0195,12518.111340487003,10661.63168303595,116.16316830359501,0.0,12634.274508790599,16.2,0.62,0.0,0.0,7.0,1.8968592631667593
2106,14,train_0317,12248.701555143274,10288.364964692326,78.8364964692326,0.0,12327.538051612506,15.4,0.62,0.0,0.0,7.0,1.8968592631667593
2107,14,train_0314,12086.441757178623,10143.726559642844,64.37265596428442,0.0,12150.814413142907,15.76,0.72,0.0,0.0,7.0,1.8968592631667593
2108,14,train_0377,12173.97949757271,10162.484404315972,66.24844043159719,0.0,12240.227938004307,16.62,0.66,0.0,0.0,7.0,1.8968592631667593
2109,14,train_0542,12258.073623931574,10025.736346503665,52.573634650366515,0.0,12310.647258581941,16.68,0.62,0.0,0.0,7.0,1.8968592631667593
2110,14,train_0536,12500.853247787827,10231.729203562498,73.17292035624978,0.0,12574.026168144077,14.86,0.62,0.0,0.0,7.0,1.8968592631667593
2111,14,train_0561,12731.578903268315,10448.009890141526,94.80098901415259,0.0,12826.379892282468,17.8,0.64,0.0,0.0,7.0,1.8968592631667593
2112,14,train_0474,12409.672668251445,10548.352422156175,104.83524221561748,0.0,12514.507910467062,16.18,0.68,0.0,0.0,7.0,1.8968592631667593
2113,14,train_0439,12690.450642561718,10074.497609464564,57.44976094645645,0.0,12747.900403508174,14.32,0.64,0.0,0.0,7.0,1.8968592631667593
2114,14,train_0018,12640.394452594803,10262.579251166768,76.25792511667679,0.0,12716.65237771148,15.56,0.72,0.0,0.0,7.0,1.8968592631667593
2115,14,train_0276,12310.487540414128,10311.857192245043,81.18571922450428,0.0,12391.673259638632,15.64,0.7,0.0,0.0,7.0,1.8968592631667593
2116,14,train_0330,11933.03825360327,9961.351143124015,46.1351143124015,0.0,11979.173367915671,14.48,0.52,0.0,0.0,7.0,1.8968592631667593
2117,14,train_0359,12545.142122565718,10469.720242093586,96.97202420935865,0.0,12642.114146775077,16.7,0.54,0.0,0.0,7.0,1.8968592631667593
2118,14,train_0485,12167.446322252927,10311.737588529973,81.17375885299735,0.0,12248.620081105924,17.28,0.56,0.0,0.0,7.0,1.8968592631667593
2119,14,train_0138,12414.825005951,10266.977449351518,76.69774493515179,0.0,12491.522750886152,17.36,0.66,0.0,0.0,7.0,1.8968592631667593
2120,14,train_0475,12436.348861228136,10118.047586007611,61.804758600761126,0.0,12498.153619828898,15.7,0.64,0.0,0.0,7.0,1.8968592631667593
2121,14,train_0382,12769.881488400344,10310.122570677508,81.01225706775077,0.0,12850.893745468094,14.06,0.58,0.0,0.0,7.0,1.8968592631667593
2122,14,train_0087,12895.547081377648,9892.945677993586,39.29456779935863,0.0,12934.841649177008,15.54,0.76,0.0,0.0,7.0,1.8968592631667593
2123,14,train_0014,12604.204646304028,10303.945130056969,80.39451300569691,0.0,12684.599159309724,17.26,0.64,0.0,0.0,7.0,1.8968592631667593
2124,14,train_0205,12446.69175200931,10456.85687578062,95.68568757806207,0.0,12542.377439587372,15.38,0.76,0.0,0.0,7.0,1.8968592631667593
2125,14,train_0523,12428.612195813006,9831.462222588052,33.14622225880521,0.0,12461.758418071811,16.16,0.64,0.0,0.0,7.0,1.8968592631667593
2126,14,train_0026,12043.686072088683,9908.663042846794,40.86630428467943,0.0,12084.552376373364,15.02,0.6,0.0,0.0,7.0,1.8968592631667593
2127,14,train_0308,12449.491976236981,9946.530022304722,44.65300223047216,0.0,12494.144978467453,17.76,0.8,0.0,0.0,7.0,1.8968592631667593
2128,14,train_0551,12313.097719131765,10100.062652926106,60.00626529261063,0.0,12373.103984424375,16.12,0.64,0.0,0.0,7.0,1.8968592631667593
2129,14,train_0452,12027.486777252225,10432.8416717291,93.28416717291003,0.0,12120.770944425134,15.82,0.56,0.0,0.0,7.0,1.8968592631667593
2130,14,train_0057,12089.01420986818,10314.096442218153,81.40964422181533,0.0,12170.423854089997,13.06,0.6,0.0,0.0,7.0,1.8968592631667593
2131,14,train_0171,13369.482401654972,10292.300274590545,79.23002745905451,0.0,13448.712429114026,16.92,0.68,0.0,0.0,7.0,1.8968592631667593
2132,14,train_0240,12812.180449408082,10569.646653552263,106.96466535522632,0.0,12919.145114763309,16.04,0.68,0.0,0.0,7.0,1.8968592631667593
2133,14,train_0296,12746.485422727998,10100.961034804874,60.096103480487365,0.0,12806.581526208485,15.46,0.6,0.0,0.0,7.0,1.8968592631667593
2134,14,train_0386,12390.03400234865,10319.182908750558,81.91829087505576,0.0,12471.952293223705,15.18,0.6,0.0,0.0,7.0,1.8968592631667593
2135,14,train_0379,12971.922344900262,10783.851424174918,128.3851424174918,0.0,13100.307487317754,13.9,0.56,0.0,0.0,7.0,1.8968592631667593
2136,14,train_0407,12325.138474685049,10587.800133944562,108.78001339445619,0.0,12433.918488079506,17.04,0.68,0.0,0.0,7.0,1.8968592631667593
2137,14,train_0255,11793.805717737108,10271.538002859908,77.15380028599084,0.0,11870.959518023099,15.6,0.56,0.0,0.0,7.0,1.8968592631667593
2138,14,train_0447,12362.401995803677,10467.586212741586,96.75862127415859,0.0,12459.160617077836,16.66,0.72,0.0,0.0,7.0,1.8968592631667593
2139,14,train_0478,12725.229775571239,10563.506747036201,106.3506747036201,0.0,12831.58045027486,15.36,0.7,0.0,0.0,7.0,1.8968592631667593
2140,14,train_0067,12231.525203725005,10062.31230230994,56.23123023099397,0.0,12287.756433956,17.54,0.76,0.0,0.0,7.0,1.8968592631667593
2141,14,train_0424,12524.239458112474,10747.607738349023,124.7607738349023,0.0,12649.000231947375,17.46,0.7,0.0,0.0,7.0,1.8968592631667593
2142,14,train_0467,12886.500443365108,10993.21152182227,149.321152182227,0.0,13035.821595547335,15.62,0.72,0.0,0.0,7.0,1.8968592631667593
2143,14,train_0596,12162.449300783768,10355.120810075709,85.51208100757086,0.0,12247.96138179134,14.22,0.54,0.0,0.0,7.0,1.8968592631667593
2144,14,train_0377,12416.779018544603,10045.784195467611,54.57841954676115,0.0,12471.357438091363,17.34,0.68,0.0,0.0,7.0,1.8968592631667593
2145,14,train_0377,12313.121438364924,10418.581497272218,91.85814972722183,0.0,12404.979588092147,17.72,0.78,0.0,0.0,7.0,1.8968592631667593
2146,14,train_0597,12405.820436747394,10487.388042140177,98.73880421401773,0.0,12504.559240961411,16.46,0.64,0.0,0.0,7.0,1.8968592631667593
2147,14,train_0375,12328.167718063238,10534.597005414937,103.45970054149366,0.0,12431.627418604732,14.78,0.7,0.0,0.0,7.0,1.8968592631667593
2148,14,train_0256,12279.477400555901,10476.413139489654,97.6413139489654,0.0,12377.118714504866,16.76,0.58,0.0,0.0,7.0,1.8968592631667593
2149,14,train_0390,12678.408291112812,10344.653161969894,84.46531619698945,0.0,12762.8736073098,18.12,0.62,0.0,0.0,7.0,1.8968592631667593
2150,14,train_0146,12443.193444464312,10186.989395911623,68.69893959116234,0.0,12511.892384055474,15.76,0.76,0.0,0.0,7.0,1.8968592631667593
2151,14,train_0072,12429.550708862029,10408.743247091325,90.87432470913245,0.0,12520.425033571162,15.54,0.66,0.0,0.0,7.0,1.8968592631667593
2152,14,train_0071,12532.160967455115,10759.865860350044,125.98658603500445,0.0,12658.147553490118,13.94,0.8,0.0,0.0,7.0,1.8968592631667593
2153,14,train_0176,12663.66333255879,10511.714843961307,101.17148439613067,0.0,12764.83481695492,14.98,0.76,0.0,0.0,7.0,1.8968592631667593
2154,14,train_0556,12624.968236506575,10085.523880535398,58.552388053539836,0.0,12683.520624560115,14.52,0.64,0.0,0.0,7.0,1.8968592631667593
2155,14,train_0262,12425.002896737506,10519.648086016274,101.96480860162738,0.0,12526.967705339133,14.3,0.48,0.0,0.0,7.0,1.8968592631667593
2156,14,train_0053,12456.560559277375,10399.625215674087,89.96252156740866,0.0,12546.523080844785,16.44,0.72,0.0,0.0,7.0,1.8968592631667593
2157,14,train_0490,12554.223938838772,10016.426376811169,51.64263768111687,0.0,12605.86657651989,14.16,0.64,0.0,0.0,7.0,1.8968592631667593
2158,14,train_0058,12214.221691908486,9981.143147814399,48.114314781439866,0.0,12262.336006689926,16.04,0.6,0.0,0.0,7.0,1.8968592631667593
2159,14,train_0052,12947.607644130594,10304.642364464326,80.46423644643255,0.0,13028.071880577027,15.22,0.7,0.0,0.0,7.0,1.8968592631667593
2160,14,train_0186,12428.883521630809,10244.237715942363,74.42377159423631,0.0,12503.307293225045,14.98,0.62,0.0,0.0,7.0,1.8968592631667593
2161,14,train_0538,12994.037888148689,10146.2736249795,64.62736249794999,0.0,13058.665250646638,13.74,0.66,0.0,0.0,7.0,1.8968592631667593
2162,14,train_0202,12699.216955727232,10273.692891543062,77.36928915430617,0.0,12776.586244881539,15.84,0.74,0.0,0.0,7.0,1.8968592631667593
2163,14,train_0110,12368.825096366356,10605.577837693229,110.55778376932285,0.0,12479.38288013568,16.98,0.68,0.0,0.0,7.0,1.8968592631667593
2164,14,train_0325,12630.260206516345,10199.305685053765,69.93056850537651,0.0,12700.190775021721,12.84,0.64,0.0,0.0,7.0,1.8968592631667593
2165,14,train_0242,12805.907908316694,10199.781284604187,69.9781284604187,0.0,12875.886036777112,13.52,0.66,0.0,0.0,7.0,1.8968592631667593
2166,14,train_0041,12448.044879236337,10244.494544592995,74.44945445929953,0.0,12522.494333695637,14.0,0.74,0.0,0.0,7.0,1.8968592631667593
2167,14,train_0423,12526.143558675598,9906.966882576377,40.69668825763765,0.0,12566.840246933236,18.66,0.66,0.0,0.0,7.0,1.8968592631667593
2168,14,train_0367,12580.686732458933,9954.342799201379,45.434279920137854,0.0,12626.121012379072,15.12,0.62,0.0,0.0,7.0,1.8968592631667593
2169,14,train_0530,12779.057093264302,10635.986413321332,113.59864133213324,0.0,12892.655734596436,15.08,0.66,0.0,0.0,7.0,1.8968592631667593
2170,14,train_0163,12732.876311159433,10508.71518890324,100.87151889032394,0.0,12833.747830049757,14.52,0.58,0.0,0.0,7.0,1.8968592631667593
2171,14,train_0310,12166.493268775495,10056.081146041884,55.60811460418845,0.0,12222.101383379684,15.26,0.7,0.0,0.0,7.0,1.8968592631667593
2172,14,train_0225,12445.224678459337,10360.435995137559,86.04359951375591,0.0,12531.268277973093,17.5,0.58,0.0,0.0,7.0,1.8968592631667593
2173,14,train_0249,12543.823745925689,10560.646144692502,106.06461446925023,0.0,12649.88836039494,15.36,0.74,0.0,0.0,7.0,1.8968592631667593
2174,14,train_0369,12357.384514337356,10263.238543295036,76.32385432950359,0.0,12433.70836866686,12.56,0.76,0.0,0.0,7.0,1.8968592631667593
2175,14,train_0255,12353.482979287439,9748.145345185403,24.814534518540313,0.0,12378.29751380598,17.04,0.7,0.0,0.0,7.0,1.8968592631667593
2176,14,train_0426,12562.319208965066,9935.59142713363,43.55914271336297,0.0,12605.878351678428,17.3,0.7,0.0,0.0,7.0,1.8968592631667593
2177,14,train_0324,12522.298928611895,10532.926826424042,103.29268264240419,0.0,12625.5916112543,15.04,0.66,0.0,0.0,7.0,1.8968592631667593
2178,14,train_0313,12541.876859754184,10164.19755780113,66.41975578011298,0.0,12608.296615534297,18.08,0.7,0.0,0.0,7.0,1.8968592631667593
2179,14,train_0149,12957.461341788274,10229.217125763416,72.92171257634163,0.0,13030.383054364615,17.58,0.68,0.0,0.0,7.0,1.8968592631667593
2180,14,train_0584,12217.32480841412,10000.43536441721,50.043536441720974,0.0,12267.36834485584,14.62,0.68,0.0,0.0,7.0,1.8968592631667593
2181,14,train_0391,12739.155556572343,10068.100971862248,56.810097186224816,0.0,12795.965653758567,15.14,0.76,0.0,0.0,7.0,1.8968592631667593
2182,14,train_0467,12831.045801161956,10578.494279348684,107.84942793486844,0.0,12938.895229096825,15.74,0.56,0.0,0.0,7.0,1.8968592631667593
2183,14,train_0538,12687.050524679584,10588.158249489745,108.81582494897448,0.0,12795.866349628559,14.7,0.68,0.0,0.0,7.0,1.8968592631667593
2184,14,train_0595,12038.467092795094,9981.90430034673,48.19043003467305,0.0,12086.657522829766,16.18,0.58,0.0,0.0,7.0,1.8968592631667593
2185,14,train_0062,12124.485001101144,10120.183320367978,62.0183320367978,0.0,12186.503333137942,15.18,0.66,0.0,0.0,7.0,1.8968592631667593
2186,14,train_0507,12573.434838836904,10070.493225445874,57.049322544587454,0.0,12630.484161381492,16.26,0.72,0.0,0.0,7.0,1.8968592631667593
2187,14,train_0131,12909.834311472698,10598.45328525469,109.84532852546909,0.0,13019.679639998167,15.04,0.66,0.0,0.0,7.0,1.8968592631667593
2188,14,train_0251,12820.500653715211,9925.875565559209,42.587556555920855,0.0,12863.088210271133,16.18,0.76,0.0,0.0,7.0,1.8968592631667593
2189,14,train_0232,12535.197247641578,10138.145413296876,63.814541329687565,0.0,12599.011788971266,16.12,0.68,0.0,0.0,7.0,1.8968592631667593
2190,14,train_0473,12446.75106700057,9984.302378610839,48.43023786108388,0.0,12495.181304861655,18.88,0.54,0.0,0.0,7.0,1.8968592631667593
2191,14,train_0412,12359.379276699443,10062.882283668192,56.288228366819204,0.0,12415.667505066262,14.36,0.74,0.0,0.0,7.0,1.8968592631667593
2192,15,train_0105,12616.70991137737,10497.240053211259,99.72400532112589,0.0,12716.433916698496,14.58,0.68,0.0,0.0,7.0,1.8968592631667593
2193,15,train_0489,12049.110789935374,10099.382103392763,59.93821033927634,0.0,12109.04900027465,16.42,0.66,0.0,0.0,7.0,1.8968592631667593
2194,15,train_0554,12528.37170388973,10027.818313965192,52.781831396519195,0.0,12581.15353528625,13.34,0.64,0.0,0.0,7.0,1.8968592631667593
2195,15,train_0259,12780.927668913808,10095.633403851889,59.563340385188894,0.0,12840.491009298996,15.04,0.64,0.0,0.0,7.0,1.8968592631667593
2196,15,train_0075,12492.443589297356,10394.583180040536,89.45831800405358,0.0,12581.90190730141,17.94,0.5,0.0,0.0,7.0,1.8968592631667593
2197,15,train_0342,12478.74542206445,10129.407571899352,62.94075718993518,0.0,12541.686179254386,17.94,0.64,0.0,0.0,7.0,1.8968592631667593
2198,15,train_0098,12831.049864407843,9775.21349899492,27.52134989949209,0.0,12858.571214307336,14.28,0.62,0.0,0.0,7.0,1.8968592631667593
2199,15,train_0151,12783.10710967322,10395.10565564366,89.51056556436598,0.0,12872.617675237585,14.72,0.64,0.0,0.0,7.0,1.8968592631667593
2200,15,train_0365,12951.81260112508,10572.486753778148,107.24867537781483,0.0,13059.061276502896,15.7,0.6,0.0,0.0,7.0,1.8968592631667593
2201,15,train_0272,12500.07503839556,10232.99842849189,73.299842849189,0.0,12573.374881244748,14.82,0.54,0.0,0.0,7.0,1.8968592631667593
2202,15,train_0228,12557.680972002167,9914.986896481372,41.49868964813723,0.0,12599.179661650303,14.9,0.76,0.0,0.0,7.0,1.8968592631667593
2203,15,train_0327,12864.641471098057,10306.00065468649,80.60006546864898,0.0,12945.241536566706,16.78,0.66,0.0,0.0,7.0,1.8968592631667593
2204,15,train_0182,12841.13282995812,10353.839293236939,85.38392932369389,0.0,12926.516759281814,16.38,0.62,0.0,0.0,7.0,1.8968592631667593
2205,15,train_0555,12238.22956693469,10132.944534460035,63.29445344600354,0.0,12301.524020380693,17.54,0.54,0.0,0.0,7.0,1.8968592631667593
2206,15,train_0520,11902.328415164167,10042.570857720071,54.25708577200712,0.0,11956.585500936175,17.0,0.66,0.0,0.0,7.0,1.8968592631667593
2207,15,train_0518,12577.647367109654,10496.483914029493,99.64839140294936,0.0,12677.295758512602,15.98,0.68,0.0,0.0,7.0,1.8968592631667593
2208,15,train_0124,12605.625256715046,10292.546861507926,79.25468615079262,0.0,12684.879942865839,17.16,0.56,0.0,0.0,7.0,1.8968592631667593
2209,15,train_0344,12379.979025411694,10385.54190295469,88.55419029546903,0.0,12468.533215707163,15.24,0.58,0.0,0.0,7.0,1.8968592631667593
2210,15,train_0596,12528.726279429284,10079.297152878506,57.92971528785056,0.0,12586.655994717134,14.88,0.62,0.0,0.0,7.0,1.8968592631667593
2211,15,train_0169,12024.651878290359,9996.175188705354,49.61751887053543,0.0,12074.269397160893,17.1,0.62,0.0,0.0,7.0,1.8968592631667593
2212,15,train_0397,12335.991833033664,10083.88086380394,58.38808638039409,0.0,12394.379919414057,15.32,0.66,0.0,0.0,7.0,1.8968592631667593
2213,15,train_0350,12188.472291013299,10236.312279338956,73.63122793389557,0.0,12262.103518947195,17.04,0.72,0.0,0.0,7.0,1.8968592631667593
2214,15,train_0130,12134.017387429984,10294.039188726816,79.40391887268161,0.0,12213.421306302665,15.68,0.68,0.0,0.0,7.0,1.8968592631667593
2215,15,train_0066,12603.4475007344,10473.974067965351,97.39740679653515,0.0,12700.844907530936,17.92,0.7,0.0,0.0,7.0,1.8968592631667593
2216,15,train_0558,13051.173467251188,10244.898273288718,74.4898273288718,0.0,13125.66329458006,16.02,0.7,0.0,0.0,7.0,1.8968592631667593
2217,15,train_0549,12659.165860209983,10110.14660488972,61.014660488972005,0.0,12720.180520698956,16.74,0.6,0.0,0.0,7.0,1.8968592631667593
2218,15,train_0253,12263.198119327126,9973.454772835848,47.34547728358484,0.0,12310.54359661071,16.6,0.74,0.0,0.0,7.0,1.8968592631667593
2219,15,train_0038,12685.51009763829,10121.864686010245,62.186468601024536,0.0,12747.696566239314,16.44,0.72,0.0,0.0,7.0,1.8968592631667593
2220,15,train_0479,12909.23203013469,10604.604787807779,110.46047878077789,0.0,13019.692508915468,17.06,0.68,0.0,0.0,7.0,1.8968592631667593
2221,15,train_0382,12608.564281448516,10498.185927442795,99.81859274427953,0.0,12708.382874192795,16.36,0.58,0.0,0.0,7.0,1.8968592631667593
2222,15,train_0236,12416.379511363899,10432.590978602479,93.25909786024786,0.0,12509.638609224146,17.48,0.58,0.0,0.0,7.0,1.8968592631667593
2223,15,train_0553,11851.530457078006,9876.87681805809,37.68768180580901,0.0,11889.218138883814,16.78,0.54,0.0,0.0,7.0,1.8968592631667593
2224,15,train_0054,12868.493106111904,10016.309143558337,51.63091435583374,0.0,12920.124020467738,16.08,0.66,0.0,0.0,7.0,1.8968592631667593
2225,15,train_0401,12016.873493164083,10052.964902225853,55.29649022258528,0.0,12072.169983386668,16.38,0.68,0.0,0.0,7.0,1.8968592631667593
2226,15,train_0312,11897.790329270812,9923.939017060078,42.393901706007824,0.0,11940.18423097682,16.62,0.58,0.0,0.0,7.0,1.8968592631667593
2227,15,train_0465,12588.561550873754,10834.114407469664,133.4114407469664,0.0,12721.97299162072,15.76,0.62,0.0,0.0,7.0,1.8968592631667593
2228,15,train_0023,12270.788151484236,10182.358648246593,68.23586482465926,0.0,12339.024016308895,14.52,0.62,0.0,0.0,7.0,1.8968592631667593
2229,15,train_0475,12344.656905165015,9914.150968561356,41.41509685613565,0.0,12386.07200202115,15.02,0.74,0.0,0.0,7.0,1.8968592631667593
2230,15,train_0337,12110.798890734874,9958.44895574657,45.84489557465695,0.0,12156.64378630953,14.64,0.66,0.0,0.0,7.0,1.8968592631667593
2231,15,train_0205,12606.11310030981,10376.20645931016,87.62064593101604,0.0,12693.733746240827,15.3,0.66,0.0,0.0,7.0,1.8968592631667593
2232,15,train_0442,12618.43480796949,10257.978399625314,75.79783996253137,0.0,12694.232647932022,14.86,0.7,0.0,0.0,7.0,1.8968592631667593
2233,15,train_0147,12852.56665077731,10495.352160901813,99.53521609018135,0.0,12952.101866867491,14.12,0.6,0.0,0.0,7.0,1.8968592631667593
2234,15,train_0312,12293.532861724725,10032.49717299255,53.24971729925492,0.0,12346.78257902398,16.5,0.62,0.0,0.0,7.0,1.8968592631667593
2235,15,train_0329,12331.636686108679,10565.979024954231,106.59790249542311,0.0,12438.234588604102,17.16,0.62,0.0,0.0,7.0,1.8968592631667593
2236,15,train_0296,12756.561285180378,10191.988700101401,69.19887001014013,0.0,12825.760155190517,15.86,0.66,0.0,0.0,7.0,1.8968592631667593
2237,15,train_0247,12839.42432748423,10320.605580039639,82.06055800396389,0.0,12921.484885488195,16.92,0.64,0.0,0.0,7.0,1.8968592631667593
2238,15,train_0311,12693.974535197038,9972.305321103175,47.230532110317476,0.0,12741.205067307355,14.88,0.62,0.0,0.0,7.0,1.8968592631667593
2239,15,train_0337,12132.84622337422,10271.898865017101,77.18988650171013,0.0,12210.03610987593,16.7,0.54,0.0,0.0,7.0,1.8968592631667593
2240,15,train_0019,12655.58628540974,10376.681690441947,87.66816904419466,0.0,12743.254454453934,15.16,0.6,0.0,0.0,7.0,1.8968592631667593
2241,15,train_0191,12680.536809309604,10237.80410718633,73.780410718633,0.0,12754.317220028237,16.74,0.68,0.0,0.0,7.0,1.8968592631667593
2242,15,train_0494,12275.149475197915,10243.002071628629,74.3002071628629,0.0,12349.449682360779,16.26,0.58,0.0,0.0,7.0,1.8968592631667593
2243,15,train_0522,12774.476635288378,10554.663550953901,105.4663550953901,0.0,12879.942990383768,17.3,0.66,0.0,0.0,7.0,1.8968592631667593
2244,15,train_0213,12624.070382489608,10123.193148533424,62.31931485334244,0.0,12686.389697342951,17.64,0.64,0.0,0.0,7.0,1.8968592631667593
2245,15,train_0348,12650.610245795591,10216.682571952893,71.66825719528934,0.0,12722.278502990881,16.96,0.64,0.0,0.0,7.0,1.8968592631667593
2246,15,train_0411,12936.064719489914,10673.784800407278,117.37848004072785,0.0,13053.443199530642,14.8,0.52,0.0,0.0,7.0,1.8968592631667593
2247,15,train_0121,12608.703799450535,10096.218744418806,59.62187444188058,0.0,12668.325673892416,15.26,0.62,0.0,0.0,7.0,1.8968592631667593
2248,15,train_0451,12630.713351268501,10451.514389528347,95.15143895283472,0.0,12725.864790221336,15.84,0.6,0.0,0.0,7.0,1.8968592631667593
2249,15,train_0151,12854.78886960217,10444.907675851711,94.49076758517113,0.0,12949.279637187341,14.64,0.56,0.0,0.0,7.0,1.8968592631667593
2250,15,train_0392,12659.577269631685,10000.988094404107,50.0988094404107,0.0,12709.676079072096,17.16,0.68,0.0,0.0,7.0,1.8968592631667593
2251,15,train_0362,12420.812802826611,10139.194820125122,63.91948201251216,0.0,12484.732284839123,14.2,0.64,0.0,0.0,7.0,1.8968592631667593
2252,15,train_0026,12462.855109215598,9848.979402231065,34.897940223106524,0.0,12497.753049438705,15.66,0.72,0.0,0.0,7.0,1.8968592631667593
2253,15,train_0526,12484.487245890185,10681.94004418073,118.19400441807302,0.0,12602.681250308258,16.12,0.74,0.0,0.0,7.0,1.8968592631667593
2254,15,train_0304,12863.512809244003,10619.538562276128,111.95385622761279,0.0,12975.466665471615,16.58,0.58,0.0,0.0,7.0,1.8968592631667593
2255,15,train_0171,13181.334761312644,10660.946547352156,116.0946547352156,0.0,13297.42941604786,16.48,0.6,0.0,0.0,7.0,1.8968592631667593
2256,15,train_0580,12563.24477120138,10755.502553178401,125.55025531784014,0.0,12688.79502651922,17.34,0.64,0.0,0.0,7.0,1.8968592631667593
2257,15,train_0570,12368.935482096229,10075.9791453478,57.597914534779925,0.0,12426.533396631008,14.76,0.64,0.0,0.0,7.0,1.8968592631667593
2258,15,train_0381,12188.224538896735,10127.85974365083,62.785974365082986,0.0,12251.010513261817,15.74,0.62,0.0,0.0,7.0,1.8968592631667593
2259,15,train_0036,12319.447340457902,9865.588717100534,36.55887171005343,0.0,12356.006212167955,16.18,0.62,0.0,0.0,7.0,1.8968592631667593
2260,15,train_0466,12600.931227233588,10431.587718798419,93.15877187984188,0.0,12694.08999911343,16.36,0.68,0.0,0.0,7.0,1.8968592631667593
2261,15,train_0460,12921.889571292008,9913.365740729365,41.33657407293649,0.0,12963.226145364944,15.38,0.56,0.0,0.0,7.0,1.8968592631667593
2262,15,train_0024,12092.433365624482,9951.326585006473,45.13265850064727,0.0,12137.566024125128,16.96,0.76,0.0,0.0,7.0,1.8968592631667593
2263,15,train_0541,12617.223908981554,10372.166320864357,87.21663208643568,0.0,12704.44054106799,15.62,0.72,0.0,0.0,7.0,1.8968592631667593
2264,15,train_0006,12413.124315770565,10101.4409954666,60.14409954666007,0.0,12473.268415317225,14.34,0.72,0.0,0.0,7.0,1.8968592631667593
2265,15,train_0211,12595.390974868735,10333.787299739912,83.37872997399118,0.0,12678.769704842725,17.38,0.76,0.0,0.0,7.0,1.8968592631667593
2266,15,train_0302,12993.529423775568,9962.418843516974,46.24188435169745,0.0,13039.771308127265,15.96,0.58,0.0,0.0,7.0,1.8968592631667593
2267,15,train_0246,12298.22977224356,10344.231367011587,84.42313670115874,0.0,12382.652908944718,15.16,0.52,0.0,0.0,7.0,1.8968592631667593
2268,15,train_0017,12619.15760422682,10263.177900198736,76.31779001987361,0.0,12695.475394246694,14.7,0.7,0.0,0.0,7.0,1.8968592631667593
2269,15,train_0141,12746.830247704878,10610.08338639629,111.00833863962907,0.0,12857.838586344507,13.44,0.64,0.0,0.0,7.0,1.8968592631667593
2270,15,train_0186,12324.350208930524,10423.974970877443,92.39749708774434,0.0,12416.747706018268,14.36,0.68,0.0,0.0,7.0,1.8968592631667593
2271,15,train_0197,12717.462920636588,10621.510897827093,112.15108978270928,0.0,12829.614010419296,16.74,0.7,0.0,0.0,7.0,1.8968592631667593
2272,15,train_0330,11900.293044139567,10245.87904767718,74.58790476771792,0.0,11974.880948907285,14.0,0.66,0.0,0.0,7.0,1.8968592631667593
2273,15,train_0530,12734.546431781027,10585.440309159436,108.5440309159436,0.0,12843.090462696971,15.34,0.6,0.0,0.0,7.0,1.8968592631667593
2274,15,train_0463,12094.666016916788,9906.344934704475,40.634493470447524,0.0,12135.300510387235,16.3,0.68,0.0,0.0,7.0,1.8968592631667593
2275,15,train_0210,12187.083230221564,10248.47094486906,74.84709448690592,0.0,12261.93032470847,14.64,0.6,0.0,0.0,7.0,1.8968592631667593
2276,15,train_0505,12586.52048456895,10391.855241193407,89.1855241193407,0.0,12675.70600868829,18.14,0.62,0.0,0.0,7.0,1.8968592631667593
2277,15,train_0048,12603.520881793014,10041.54211710067,54.154211710066924,0.0,12657.675093503081,16.48,0.68,0.0,0.0,7.0,1.8968592631667593
2278,15,train_0341,12696.277480050729,10577.422042527167,107.7422042527167,0.0,12804.019684303445,16.46,0.68,0.0,0.0,7.0,1.8968592631667593
2279,15,train_0321,12701.233839984903,9968.364969071947,46.83649690719467,0.0,12748.070336892099,18.34,0.54,0.0,0.0,7.0,1.8968592631667593
2280,15,train_0449,12585.766120847988,10241.219956957095,74.12199569570949,0.0,12659.888116543698,17.34,0.6,0.0,0.0,7.0,1.8968592631667593
2281,15,train_0432,12206.01102963728,10577.634010410286,107.76340104102856,0.0,12313.77443067831,13.92,0.56,0.0,0.0,7.0,1.8968592631667593
2282,15,train_0048,12541.88985336899,10335.681493680418,83.56814936804186,0.0,12625.458002737032,15.8,0.7,0.0,0.0,7.0,1.8968592631667593
2283,15,train_0177,12561.176838956771,10513.15713472333,101.31571347233294,0.0,12662.492552429105,13.24,0.66,0.0,0.0,7.0,1.8968592631667593
2284,15,train_0432,12428.38699949237,10141.705164885301,64.17051648853013,0.0,12492.5575159809,15.82,0.56,0.0,0.0,7.0,1.8968592631667593
2285,15,train_0340,12464.32368249899,10336.737749653654,83.67377496536538,0.0,12547.997457464357,17.88,0.6,0.0,0.0,7.0,1.8968592631667593
2286,15,train_0453,12580.797734568587,10115.297614606821,61.52976146068213,0.0,12642.32749602927,15.1,0.64,0.0,0.0,7.0,1.8968592631667593
2287,15,train_0492,12425.456838798931,10088.01303325181,58.801303325180925,0.0,12484.258142124112,16.86,0.56,0.0,0.0,7.0,1.8968592631667593
2288,15,train_0599,12569.957192154397,9795.154599892248,29.515459989224837,0.0,12599.472652143622,18.24,0.52,0.0,0.0,7.0,1.8968592631667593
2289,15,train_0306,12539.339965917745,10366.784860090647,86.67848600906473,0.0,12626.01845192681,14.82,0.64,0.0,0.0,7.0,1.8968592631667593
2290,15,train_0500,12238.793460930254,10027.759019346962,52.775901934696236,0.0,12291.56936286495,14.76,0.66,0.0,0.0,7.0,1.8968592631667593
2291,15,train_0392,12851.346696349312,10076.036530114769,57.60365301147686,0.0,12908.950349360788,16.96,0.6,0.0,0.0,7.0,1.8968592631667593
2292,15,train_0288,12284.102621049358,9962.569153206772,46.25691532067722,0.0,12330.359536370035,16.34,0.6,0.0,0.0,7.0,1.8968592631667593
2293,15,train_0449,12838.90071623854,10656.155373176505,115.61553731765053,0.0,12954.51625355619,14.64,0.72,0.0,0.0,7.0,1.8968592631667593
2294,15,train_0343,13227.164035515647,10556.27995376557,105.62799537655701,0.0,13332.792030892204,16.64,0.72,0.0,0.0,7.0,1.8968592631667593
2295,15,train_0386,12785.173925862786,10010.17456390775,51.01745639077508,0.0,12836.19138225356,14.68,0.64,0.0,0.0,7.0,1.8968592631667593
2296,15,train_0163,13000.879829913074,10350.850079568476,85.08500795684759,0.0,13085.964837869922,14.6,0.64,0.0,0.0,7.0,1.8968592631667593
2297,15,train_0584,12506.662259955048,9584.687409437567,8.468740943756712,0.0,12515.131000898806,15.08,0.54,0.0,0.0,7.0,1.8968592631667593
2298,15,train_0319,12613.251443929856,10461.660229462877,96.16602294628774,0.0,12709.417466876144,15.24,0.7,0.0,0.0,7.0,1.8968592631667593
2299,15,train_0599,12232.717600683698,10409.716714866998,90.97167148669979,0.0,12323.689272170397,16.6,0.74,0.0,0.0,7.0,1.8968592631667593
2300,15,train_0037,13036.020820016296,10596.831795816857,109.68317958168574,0.0,13145.703999597981,17.42,0.72,0.0,0.0,7.0,1.8968592631667593
2301,15,train_0547,13056.222367463357,10498.703950106265,99.87039501062645,0.0,13156.092762473983,16.32,0.46,0.0,0.0,7.0,1.8968592631667593
2302,15,train_0550,12512.082656810217,10100.285105920018,60.028510592001844,0.0,12572.111167402218,16.16,0.6,0.0,0.0,7.0,1.8968592631667593
2303,15,train_0497,12612.96775205684,10355.572016920632,85.55720169206324,0.0,12698.524953748903,15.56,0.68,0.0,0.0,7.0,1.8968592631667593
2304,15,train_0347,12531.614220631498,10037.405578628088,53.740557862808785,0.0,12585.354778494308,17.04,0.56,0.0,0.0,7.0,1.8968592631667593
2305,15,train_0347,12322.267191450072,10405.142703811953,90.51427038119527,0.0,12412.781461831266,17.7,0.74,0.0,0.0,7.0,1.8968592631667593
2306,15,train_0490,12119.736427189287,10114.210031939536,61.42100319395359,0.0,12181.15743038324,15.04,0.72,0.0,0.0,7.0,1.8968592631667593
2307,15,train_0089,12533.493158471103,10643.030013201744,114.30300132017437,0.0,12647.796159791278,16.8,0.74,0.0,0.0,7.0,1.8968592631667593
2308,15,train_0240,13140.319744128392,10419.678602406715,91.96786024067151,0.0,13232.287604369063,16.02,0.66,0.0,0.0,7.0,1.8968592631667593
2309,15,train_0485,12154.827484913507,9944.403680114567,44.44036801145667,0.0,12199.267852924964,17.04,0.7,0.0,0.0,7.0,1.8968592631667593
2310,15,train_0109,12514.832066726329,10318.859095560862,81.88590955608616,0.0,12596.717976282414,17.42,0.6,0.0,0.0,7.0,1.8968592631667593
2311,15,train_0521,12781.649318499345,10048.277468101613,54.827746810161266,0.0,12836.477065309506,17.62,0.68,0.0,0.0,7.0,1.8968592631667593
2312,15,train_0298,12139.952563582217,9928.908143387085,42.890814338708516,0.0,12182.843377920926,15.74,0.78,0.0,0.0,7.0,1.8968592631667593
2313,15,train_0314,12292.195610245959,10376.037375247128,87.60373752471278,0.0,12379.799347770671,16.44,0.56,0.0,0.0,7.0,1.8968592631667593
2314,15,train_0274,12729.01032517505,10076.352648580623,57.63526485806233,0.0,12786.645590033113,14.9,0.64,0.0,0.0,7.0,1.8968592631667593
2315,15,train_0371,12520.178976858082,10078.312208874759,57.831220887475865,0.0,12578.010197745558,13.96,0.66,0.0,0.0,7.0,1.8968592631667593
2316,15,train_0512,12477.959205971145,10156.06382787712,65.60638278771204,0.0,12543.565588758856,16.06,0.62,0.0,0.0,7.0,1.8968592631667593
2317,15,train_0314,12222.04001471648,10198.25787335103,69.82578733510309,0.0,12291.865802051583,16.02,0.6,0.0,0.0,7.0,1.8968592631667593
2318,15,train_0433,12189.542406958783,10446.298131461332,94.62981314613317,0.0,12284.172220104916,14.76,0.62,0.0,0.0,7.0,1.8968592631667593
2319,15,train_0554,12471.466521983377,10042.176744978262,54.217674497826195,0.0,12525.684196481203,14.84,0.62,0.0,0.0,7.0,1.8968592631667593
2320,15,train_0486,12547.605918069716,10568.32832255739,106.83283225573905,0.0,12654.438750325455,15.04,0.72,0.0,0.0,7.0,1.8968592631667593
2321,15,train_0188,12644.006889144803,10196.026086541027,69.60260865410274,0.0,12713.609497798905,15.32,0.6,0.0,0.0,7.0,1.8968592631667593
2322,15,train_0370,13065.483753467184,10130.82980579956,63.082980579955986,0.0,13128.566734047141,15.7,0.72,0.0,0.0,7.0,1.8968592631667593
2323,15,train_0491,12392.976797110685,10329.39631879652,82.93963187965201,0.0,12475.916428990336,15.06,0.66,0.0,0.0,7.0,1.8968592631667593
2324,15,train_0095,12585.087299464834,10291.185634775626,79.11856347756257,0.0,12664.205862942397,17.18,0.64,0.0,0.0,7.0,1.8968592631667593
2325,15,train_0265,12432.085763774194,10089.187502523586,58.91875025235859,0.0,12491.004514026552,16.0,0.6,0.0,0.0,7.0,1.8968592631667593
2326,15,train_0229,12577.082474074912,10849.484270747187,134.94842707471872,0.0,12712.03090114963,15.84,0.72,0.0,0.0,7.0,1.8968592631667593
2327,15,train_0538,12549.622527308115,10670.953296349075,117.09532963490747,0.0,12666.717856943022,14.96,0.58,0.0,0.0,7.0,1.8968592631667593
2328,15,train_0357,12319.815671777722,10038.822224834803,53.88222248348029,0.0,12373.697894261202,14.86,0.66,0.0,0.0,7.0,1.8968592631667593
2329,15,train_0278,12498.642668577506,10387.055193335913,88.7055193335913,0.0,12587.348187911097,16.82,0.76,0.0,0.0,7.0,1.8968592631667593
2330,15,train_0042,12966.654422324476,9644.069579654628,14.406957965462789,0.0,12981.061380289939,13.7,0.58,0.0,0.0,7.0,1.8968592631667593
2331,15,train_0488,12536.399074991543,10124.448183631313,62.44481836313135,0.0,12598.843893354675,15.74,0.68,0.0,0.0,7.0,1.8968592631667593
2332,15,train_0522,12859.400005913165,10161.946445325288,66.19464453252877,0.0,12925.594650445693,16.96,0.6,0.0,0.0,7.0,1.8968592631667593
2333,15,train_0071,12777.499185036595,10366.26394628675,86.62639462867502,0.0,12864.12557966527,14.64,0.72,0.0,0.0,7.0,1.8968592631667593
2334,15,train_0154,12684.396141558616,10465.45561697627,96.5455616976271,0.0,12780.941703256243,17.7,0.62,0.0,0.0,7.0,1.8968592631667593
2335,15,train_0151,12717.411766207448,10482.001798766989,98.2001798766989,0.0,12815.611946084147,13.24,0.54,0.0,0.0,7.0,1.8968592631667593
2336,16,train_0247,12360.010405112993,10556.640923207277,105.66409232072766,0.0,12465.67449743372,17.2,0.56,0.0,0.0,7.0,1.8968592631667593
2337,16,train_0450,12086.360116329863,10229.66481704513,72.96648170451299,0.0,12159.326598034375,14.72,0.66,0.0,0.0,7.0,1.8968592631667593
2338,16,train_0547,12688.272439265322,10717.55155213842,121.75515521384204,0.0,12810.027594479165,15.92,0.68,0.0,0.0,7.0,1.8968592631667593
2339,16,train_0277,12592.685874365974,9988.510480505643,48.85104805056435,0.0,12641.536922416539,16.84,0.7,0.0,0.0,7.0,1.8968592631667593
2340,16,train_0130,12192.272528914127,10247.452360628296,74.74523606282965,0.0,12267.017764976958,16.06,0.7,0.0,0.0,7.0,1.8968592631667593
2341,16,train_0338,12430.184406340955,10274.262476356478,77.42624763564783,0.0,12507.610653976602,15.0,0.64,0.0,0.0,7.0,1.8968592631667593
2342,16,train_0143,12789.836786247975,10369.08084195412,86.90808419541209,0.0,12876.744870443388,14.68,0.54,0.0,0.0,7.0,1.8968592631667593
2343,16,train_0472,12495.046307751969,10490.102137906222,99.01021379062223,0.0,12594.05652154259,15.68,0.62,0.0,0.0,7.0,1.8968592631667593
2344,16,train_0512,12379.777292373958,10166.208564244747,66.62085642447474,0.0,12446.398148798433,15.76,0.6,0.0,0.0,7.0,1.8968592631667593
2345,16,train_0326,12368.947825022187,9819.771412837148,31.97714128371481,0.0,12400.924966305902,16.64,0.54,0.0,0.0,7.0,1.8968592631667593
2346,16,train_0198,11962.406131520185,9739.090656543369,23.909065654336885,0.0,11986.315197174523,15.12,0.68,0.0,0.0,7.0,1.8968592631667593
2347,16,train_0456,12412.11387624297,10193.678296001366,69.36782960013662,0.0,12481.481705843105,15.68,0.58,0.0,0.0,7.0,1.8968592631667593
2348,16,train_0114,12360.075149762646,9845.5497935056,34.55497935055992,0.0,12394.630129113206,14.96,0.64,0.0,0.0,7.0,1.8968592631667593
2349,16,train_0130,12353.159288013325,10051.137288950049,55.1137288950049,0.0,12408.27301690833,14.78,0.66,0.0,0.0,7.0,1.8968592631667593
2350,16,train_0293,12074.250060384431,9972.34180533843,47.23418053384303,0.0,12121.484240918275,15.1,0.6,0.0,0.0,7.0,1.8968592631667593
2351,16,train_0209,11983.71559075186,10275.621588885222,77.56215888852222,0.0,12061.277749640383,15.04,0.64,0.0,0.0,7.0,1.8968592631667593
2352,16,train_0465,12703.776395450735,10909.380106869503,140.9380106869503,0.0,12844.714406137686,17.32,0.72,0.0,0.0,7.0,1.8968592631667593
2353,16,train_0597,12609.69482297489,10221.565190415591,72.15651904155912,0.0,12681.851342016449,17.22,0.48,0.0,0.0,7.0,1.8968592631667593
2354,16,train_0210,12545.928009186091,9920.278334116716,42.0278334116716,0.0,12587.955842597763,16.18,0.76,0.0,0.0,7.0,1.8968592631667593
2355,16,train_0540,12587.000641988656,10393.435178415328,89.34351784153279,0.0,12676.344159830189,14.1,0.72,0.0,0.0,7.0,1.8968592631667593
2356,16,train_0217,12305.037265221628,10709.0947682287,120.90947682287006,0.0,12425.946742044498,16.62,0.68,0.0,0.0,7.0,1.8968592631667593
2357,16,train_0440,13131.256099205144,10192.768794047062,69.27687940470624,0.0,13200.53297860985,15.14,0.64,0.0,0.0,7.0,1.8968592631667593
2358,16,train_0232,12457.959356795545,10159.429919336086,65.94299193360858,0.0,12523.902348729154,15.92,0.6,0.0,0.0,7.0,1.8968592631667593
2359,16,train_0454,12708.146103431984,10669.691399173695,116.96913991736947,0.0,12825.115243349353,16.74,0.66,0.0,0.0,7.0,1.8968592631667593
2360,16,train_0194,12648.109087108616,10124.757035971528,62.47570359715283,0.0,12710.584790705769,15.96,0.7,0.0,0.0,7.0,1.8968592631667593
2361,16,train_0460,12848.309369645016,9824.173123467077,32.417312346707696,0.0,12880.726681991724,14.86,0.42,0.0,0.0,7.0,1.8968592631667593
2362,16,train_0322,12364.472735018637,10026.925871219013,52.69258712190131,0.0,12417.165322140538,15.9,0.62,0.0,0.0,7.0,1.8968592631667593
2363,16,train_0342,12394.778308212968,10344.067222208025,84.40672222080248,0.0,12479.185030433771,18.48,0.6,0.0,0.0,7.0,1.8968592631667593
2364,16,train_0565,12819.772618658413,10581.779110816475,108.17791108164748,0.0,12927.950529740061,15.64,0.76,0.0,0.0,7.0,1.8968592631667593
2365,16,train_0134,13094.185333612564,10032.39757453219,53.23975745321896,0.0,13147.425091065783,14.12,0.64,0.0,0.0,7.0,1.8968592631667593
2366,16,train_0412,12374.958768364198,10093.429236950684,59.342923695068386,0.0,12434.301692059267,14.72,0.68,0.0,0.0,7.0,1.8968592631667593
2367,16,train_0273,12756.582620951944,10298.643129279764,79.86431292797643,0.0,12836.44693387992,18.28,0.68,0.0,0.0,7.0,1.8968592631667593
2368,16,train_0491,12534.129253296793,10201.737761028664,70.1737761028664,0.0,12604.30302939966,15.9,0.64,0.0,0.0,7.0,1.8968592631667593
2369,16,train_0206,12414.003405265485,10696.79697635358,119.67969763535802,0.0,12533.683102900843,13.9,0.78,0.0,0.0,7.0,1.8968592631667593
2370,16,train_0359,12873.713595234156,10130.737170277911,63.073717027791105,0.0,12936.787312261948,17.02,0.6,0.0,0.0,7.0,1.8968592631667593
2371,16,train_0285,12199.053820286139,10649.89296065018,114.98929606501807,0.0,12314.043116351157,15.08,0.6,0.0,0.0,7.0,1.8968592631667593
2372,16,train_0325,12608.591826875894,10054.49748934536,55.449748934536004,0.0,12664.04157581043,13.38,0.74,0.0,0.0,7.0,1.8968592631667593
2373,16,train_0492,12573.044354906422,10158.69392144313,65.86939214431295,0.0,12638.913747050736,16.42,0.54,0.0,0.0,7.0,1.8968592631667593
2374,16,train_0488,12376.554722634668,10335.479451153587,83.54794511535874,0.0,12460.102667750027,15.22,0.7,0.0,0.0,7.0,1.8968592631667593
2375,16,train_0473,12510.369971723794,10001.552453538534,50.15524535385339,0.0,12560.525217077648,18.82,0.76,0.0,0.0,7.0,1.8968592631667593
2376,16,train_0014,12598.507961376987,10513.084023107887,101.30840231078874,0.0,12699.816363687776,17.68,0.7,0.0,0.0,7.0,1.8968592631667593
2377,16,train_0411,13004.699675405727,10693.25993897963,119.32599389796306,0.0,13124.02566930369,15.92,0.6,0.0,0.0,7.0,1.8968592631667593
2378,16,train_0081,12162.63836162389,10331.668485641294,83.1668485641294,0.0,12245.80521018802,17.22,0.58,0.0,0.0,7.0,1.8968592631667593
2379,16,train_0352,12123.464871498012,10024.787501238587,52.47875012385867,0.0,12175.943621621871,16.94,0.58,0.0,0.0,7.0,1.8968592631667593
2380,16,train_0230,12337.960572095591,10531.294333939764,103.12943339397644,0.0,12441.090005489568,15.4,0.74,0.0,0.0,7.0,1.8968592631667593
2381,16,train_0285,12170.904015599364,10533.221645257854,103.32216452578541,0.0,12274.22618012515,15.24,0.7,0.0,0.0,7.0,1.8968592631667593
2382,16,train_0473,12241.472584873885,10215.065712259164,71.50657122591637,0.0,12312.979156099802,18.28,0.62,0.0,0.0,7.0,1.8968592631667593
2383,16,train_0372,12412.072326858684,10481.947320635078,98.19473206350777,0.0,12510.267058922193,17.02,0.7,0.0,0.0,7.0,1.8968592631667593
2384,16,train_0313,12742.49496518782,10242.291882116311,74.22918821163113,0.0,12816.724153399451,16.42,0.54,0.0,0.0,7.0,1.8968592631667593
2385,16,train_0002,12595.569041991273,10032.91871494979,53.29187149497903,0.0,12648.860913486253,13.94,0.58,0.0,0.0,7.0,1.8968592631667593
2386,16,train_0455,12872.505055380225,10715.749908462822,121.57499084628216,0.0,12994.080046226507,17.96,0.66,0.0,0.0,7.0,1.8968592631667593
2387,16,train_0117,12156.342079063419,9920.522670083668,42.05226700836684,0.0,12198.394346071786,16.38,0.68,0.0,0.0,7.0,1.8968592631667593
2388,16,train_0033,12664.923654147487,10359.125778654252,85.91257786542519,0.0,12750.836232012913,14.78,0.62,0.0,0.0,7.0,1.8968592631667593
2389,16,train_0578,12348.512705400075,10363.28139619268,86.32813961926804,0.0,12434.840845019344,18.02,0.62,0.0,0.0,7.0,1.8968592631667593
2390,16,train_0009,12409.252920530804,10333.557117574866,83.35571175748665,0.0,12492.608632288291,14.1,0.58,0.0,0.0,7.0,1.8968592631667593
2391,16,train_0508,12805.35216220889,10495.079227243601,99.50792272436011,0.0,12904.86008493325,13.86,0.56,0.0,0.0,7.0,1.8968592631667593
2392,16,train_0560,12855.631715481908,9899.629424372328,39.96294243723278,0.0,12895.59465791914,17.78,0.6,0.0,0.0,7.0,1.8968592631667593
2393,16,train_0188,12490.950375375187,10166.120151210582,66.61201512105818,0.0,12557.562390496245,14.06,0.62,0.0,0.0,7.0,1.8968592631667593
2394,16,train_0592,12780.905666882893,10413.178110783025,91.31781107830248,0.0,12872.223477961195,15.64,0.58,0.0,0.0,7.0,1.8968592631667593
2395,16,train_0472,12428.65878099102,10778.79774373617,127.87977437361697,0.0,12556.538555364637,16.08,0.64,0.0,0.0,7.0,1.8968592631667593
2396,16,train_0484,12873.004428816981,9887.244541004493,38.72445410044929,0.0,12911.72888291743,13.48,0.56,0.0,0.0,7.0,1.8968592631667593
2397,16,train_0105,12575.449631685095,10366.711146767277,86.67111467672767,0.0,12662.120746361823,14.7,0.74,0.0,0.0,7.0,1.8968592631667593
2398,16,train_0056,12030.260801998425,9696.922094740421,19.6922094740421,0.0,12049.953011472468,17.38,0.7,0.0,0.0,7.0,1.8968592631667593
2399,16,train_0278,12777.964916487803,9906.834413915227,40.683441391522685,0.0,12818.648357879325,16.28,0.66,0.0,0.0,7.0,1.8968592631667593
2400,16,train_0344,12713.602569830782,10168.77592784736,66.87759278473605,0.0,12780.480162615519,15.86,0.68,0.0,0.0,7.0,1.8968592631667593
2401,16,train_0364,12390.430059453938,10408.082530895867,90.80825308958666,0.0,12481.238312543524,15.32,0.64,0.0,0.0,7.0,1.8968592631667593
2402,16,train_0275,12225.71253226242,10434.979073256232,93.49790732562325,0.0,12319.210439588043,13.94,0.54,0.0,0.0,7.0,1.8968592631667593
2403,16,train_0356,12868.140563365603,10121.292964672211,62.12929646722114,0.0,12930.269859832824,15.32,0.66,0.0,0.0,7.0,1.8968592631667593
2404,16,train_0223,12234.039871613864,10255.107904483491,75.51079044834914,0.0,12309.550662062213,13.16,0.68,0.0,0.0,7.0,1.8968592631667593
2405,16,train_0580,12744.490831385985,10532.403655476723,103.24036554767227,0.0,12847.731196933657,16.2,0.62,0.0,0.0,7.0,1.8968592631667593
2406,16,train_0510,12774.056963951338,10557.566217478055,105.75662174780555,0.0,12879.813585699143,14.1,0.58,0.0,0.0,7.0,1.8968592631667593
2407,16,train_0294,12151.076517933576,9991.94287906546,49.194287906546016,0.0,12200.270805840122,14.48,0.68,0.0,0.0,7.0,1.8968592631667593
2408,16,train_0241,12228.27702622993,10199.883008432967,69.98830084329676,0.0,12298.265327073226,15.34,0.54,0.0,0.0,7.0,1.8968592631667593
2409,16,train_0365,12699.285132503439,10641.473892933282,114.14738929332816,0.0,12813.432521796767,17.12,0.62,0.0,0.0,7.0,1.8968592631667593
2410,16,train_0131,12783.885940319342,10513.098216514727,101.3098216514727,0.0,12885.195761970816,16.0,0.62,0.0,0.0,7.0,1.8968592631667593
2411,16,train_0069,12329.964729633397,10511.597669229024,101.15976692290242,0.0,12431.1244965563,16.64,0.66,0.0,0.0,7.0,1.8968592631667593
2412,16,train_0034,12365.487838094365,10335.233754063585,83.52337540635854,0.0,12449.011213500724,15.7,0.68,0.0,0.0,7.0,1.8968592631667593
2413,16,train_0218,12622.529185999043,10436.154935404367,93.61549354043673,0.0,12716.14467953948,15.8,0.68,0.0,0.0,7.0,1.8968592631667593
2414,16,train_0021,12894.631374026358,10390.378403280663,89.03784032806635,0.0,12983.669214354424,17.76,0.66,0.0,0.0,7.0,1.8968592631667593
2415,16,train_0460,12780.808354883793,9946.875425283466,44.687542528346604,0.0,12825.49589741214,14.64,0.48,0.0,0.0,7.0,1.8968592631667593
2416,16,train_0274,12983.175712730706,10178.285446412394,67.82854464123939,0.0,13051.004257371946,16.58,0.54,0.0,0.0,7.0,1.8968592631667593
2417,16,train_0548,12582.06159630748,10671.829319023145,117.18293190231452,0.0,12699.244528209794,16.08,0.7,0.0,0.0,7.0,1.8968592631667593
2418,16,train_0267,12464.425693222758,9864.592962998831,36.459296299883135,0.0,12500.884989522641,16.22,0.66,0.0,0.0,7.0,1.8968592631667593
2419,16,train_0114,12199.552685295164,10419.25120816346,91.92512081634595,0.0,12291.47780611151,15.34,0.54,0.0,0.0,7.0,1.8968592631667593
2420,16,train_0453,12589.87436353052,10277.956186859046,77.79561868590463,0.0,12667.669982216425,16.96,0.68,0.0,0.0,7.0,1.8968592631667593
2421,16,train_0311,12311.149589330285,10345.692876495901,84.56928764959012,0.0,12395.718876979876,15.88,0.66,0.0,0.0,7.0,1.8968592631667593
2422,16,train_0322,12592.507620496317,9975.033111648165,47.50331116481648,0.0,12640.010931661134,14.8,0.66,0.0,0.0,7.0,1.8968592631667593
2423,16,train_0456,12520.654233731295,9918.766655768544,41.876665576854435,0.0,12562.530899308149,15.06,0.72,0.0,0.0,7.0,1.8968592631667593
2424,16,train_0060,12607.337183410025,10168.36439482654,66.83643948265399,0.0,12674.173622892678,17.0,0.64,0.0,0.0,7.0,1.8968592631667593
2425,16,train_0197,12983.373088215298,10209.44474836129,70.94447483612895,0.0,13054.317563051427,15.9,0.66,0.0,0.0,7.0,1.8968592631667593
2426,16,train_0397,12115.69328384656,10303.059753946443,80.30597539464435,0.0,12195.999259241204,16.14,0.48,0.0,0.0,7.0,1.8968592631667593
2427,16,train_0287,12732.042256845358,10089.354211802749,58.9354211802749,0.0,12790.977678025632,16.84,0.56,0.0,0.0,7.0,1.8968592631667593
2428,16,train_0535,12361.367203989907,10123.06964954724,62.30696495472403,0.0,12423.67416894463,14.4,0.6,0.0,0.0,7.0,1.8968592631667593
2429,16,train_0497,12683.751910184077,10440.876770092927,94.08767700929275,0.0,12777.83958719337,14.8,0.6,0.0,0.0,7.0,1.8968592631667593
2430,16,train_0425,12625.671549533581,10934.806616096965,143.48066160969648,0.0,12769.152211143277,14.28,0.58,0.0,0.0,7.0,1.8968592631667593
2431,16,train_0254,12656.003188679475,10092.110906368223,59.21109063682234,0.0,12715.214279316297,17.14,0.68,0.0,0.0,7.0,1.8968592631667593
2432,16,train_0118,12487.224544050954,10261.38064114995,76.138064114995,0.0,12563.36260816595,14.56,0.54,0.0,0.0,7.0,1.8968592631667593
2433,16,train_0266,12627.529325227186,10425.379969711325,92.53799697113246,0.0,12720.067322198318,16.02,0.58,0.0,0.0,7.0,1.8968592631667593
2434,16,train_0512,12428.167039035863,10060.05437797053,56.00543779705295,0.0,12484.172476832917,16.04,0.7,0.0,0.0,7.0,1.8968592631667593
2435,16,train_0065,12479.051110668073,10330.316443303778,83.03164433037783,0.0,12562.082754998451,13.42,0.62,0.0,0.0,7.0,1.8968592631667593
2436,16,train_0367,12365.467919691895,10178.06899448682,67.80689944868209,0.0,12433.274819140577,13.14,0.62,0.0,0.0,7.0,1.8968592631667593
2437,16,train_0079,12736.861874476592,9934.080739998983,43.408073999898264,0.0,12780.26994847649,17.1,0.72,0.0,0.0,7.0,1.8968592631667593
2438,16,train_0081,12575.21775738304,9945.497381597059,44.54973815970589,0.0,12619.767495542745,17.78,0.64,0.0,0.0,7.0,1.8968592631667593
2439,16,train_0459,12309.580524260171,10469.308442549727,96.93084425497273,0.0,12406.511368515145,15.82,0.68,0.0,0.0,7.0,1.8968592631667593
2440,16,train_0018,12441.946715659178,10353.21870724297,85.32187072429697,0.0,12527.268586383476,15.76,0.68,0.0,0.0,7.0,1.8968592631667593
2441,16,train_0210,12386.983715306473,10379.59461079043,87.95946107904292,0.0,12474.943176385515,14.44,0.64,0.0,0.0,7.0,1.8968592631667593
2442,16,train_0476,12186.303942510833,10361.947072050702,86.19470720507016,0.0,12272.498649715903,18.0,0.62,0.0,0.0,7.0,1.8968592631667593
2443,16,train_0506,12245.794050260352,10220.561238297667,72.05612382976669,0.0,12317.85017409012,14.32,0.56,0.0,0.0,7.0,1.8968592631667593
2444,16,train_0262,12414.765089453293,10486.796559341637,98.67965593416375,0.0,12513.444745387456,16.22,0.72,0.0,0.0,7.0,1.8968592631667593
2445,16,train_0063,12377.142810825411,10306.001926405075,80.60019264050753,0.0,12457.74300346592,15.54,0.58,0.0,0.0,7.0,1.8968592631667593
2446,16,train_0493,12278.935745480538,9870.827333223137,37.08273332231365,0.0,12316.018478802851,16.7,0.8,0.0,0.0,7.0,1.8968592631667593
2447,16,train_0408,11995.865510514854,9891.418171470992,39.14181714709921,0.0,12035.007327661953,14.3,0.66,0.0,0.0,7.0,1.8968592631667593
2448,16,train_0214,12240.166254494925,9892.488325851824,39.24883258518239,0.0,12279.415087080108,15.66,0.54,0.0,0.0,7.0,1.8968592631667593
2449,16,train_0027,12385.066606594994,10567.140241726625,106.71402417266255,0.0,12491.780630767656,15.78,0.6,0.0,0.0,7.0,1.8968592631667593
2450,16,train_0140,12291.717043674798,10311.10245744803,81.11024574480308,0.0,12372.827289419602,14.72,0.62,0.0,0.0,7.0,1.8968592631667593
2451,16,train_0056,12127.694740881125,9616.188555799486,11.61885557994865,0.0,12139.313596461074,17.18,0.54,0.0,0.0,7.0,1.8968592631667593
2452,16,train_0500,12494.868817380524,10187.080364072728,68.70803640727281,0.0,12563.576853787798,15.52,0.68,0.0,0.0,7.0,1.8968592631667593
2453,16,train_0071,12824.997592496584,10249.100769404522,74.9100769404522,0.0,12899.907669437036,14.6,0.62,0.0,0.0,7.0,1.8968592631667593
2454,16,train_0438,12452.429124813334,10223.425092406347,72.34250924063473,0.0,12524.771634053968,16.86,0.58,0.0,0.0,7.0,1.8968592631667593
2455,16,train_0223,12162.826938484737,10389.209370376575,88.9209370376575,0.0,12251.747875522395,15.36,0.62,0.0,0.0,7.0,1.8968592631667593
2456,16,train_0326,12070.471680951712,10012.48646544679,51.24864654467893,0.0,12121.72032749639,16.04,0.64,0.0,0.0,7.0,1.8968592631667593
2457,16,train_0463,12006.545172751245,10050.437759670272,55.04377596702725,0.0,12061.588948718272,16.6,0.66,0.0,0.0,7.0,1.8968592631667593
2458,16,train_0542,12232.934199667685,10224.398384217708,72.43983842177077,0.0,12305.374038089456,15.0,0.76,0.0,0.0,7.0,1.8968592631667593
2459,16,train_0070,11879.151896338028,10003.127048548238,50.31270485482383,0.0,11929.46460119285,15.48,0.6,0.0,0.0,7.0,1.8968592631667593
2460,16,train_0556,12481.480554775615,10487.564249992527,98.75642499925272,0.0,12580.236979774867,14.32,0.66,0.0,0.0,7.0,1.8968592631667593
2461,16,train_0392,12491.951969601632,10428.108031276779,92.8108031276779,0.0,12584.762772729311,13.78,0.6,0.0,0.0,7.0,1.8968592631667593
2462,16,train_0311,12481.481248583295,10296.59693268123,79.65969326812302,0.0,12561.140941851418,15.8,0.58,0.0,0.0,7.0,1.8968592631667593
2463,16,train_0107,12785.517371418558,10288.850978206505,78.88509782065049,0.0,12864.402469239209,16.44,0.62,0.0,0.0,7.0,1.8968592631667593
2464,16,train_0549,12596.724717532445,10093.642612312187,59.364261231218734,0.0,12656.088978763662,15.74,0.66,0.0,0.0,7.0,1.8968592631667593
2465,16,train_0341,12676.031272949876,10462.840850844439,96.28408508444392,0.0,12772.31535803432,15.52,0.62,0.0,0.0,7.0,1.8968592631667593
2466,16,train_0472,12487.841495964465,10590.932342221207,109.09323422212074,0.0,12596.934730186586,17.28,0.7,0.0,0.0,7.0,1.8968592631667593
2467,16,train_0127,12733.733375271655,10187.899728311775,68.78997283117751,0.0,12802.523348102832,14.84,0.72,0.0,0.0,7.0,1.8968592631667593
2468,16,train_0479,13065.342335594278,10459.24315932639,95.924315932639,0.0,13161.266651526917,16.4,0.74,0.0,0.0,7.0,1.8968592631667593
2469,16,train_0303,12218.809833291589,9943.092253244733,44.3092253244733,0.0,12263.119058616063,14.5,0.66,0.0,0.0,7.0,1.8968592631667593
2470,16,train_0341,12767.247089000295,10423.041385036637,92.30413850366368,0.0,12859.551227503958,17.5,0.64,0.0,0.0,7.0,1.8968592631667593
2471,16,train_0331,12567.684715654395,10296.800377976315,79.68003779763148,0.0,12647.364753452028,18.32,0.5,0.0,0.0,7.0,1.8968592631667593
2472,16,train_0337,12141.871074861283,9823.713636561482,32.37136365614824,0.0,12174.24243851743,15.86,0.7,0.0,0.0,7.0,1.8968592631667593
2473,16,train_0571,12673.006707057844,9927.424174266085,42.74241742660852,0.0,12715.749124484453,15.96,0.76,0.0,0.0,7.0,1.8968592631667593
2474,16,train_0364,12460.104261283654,10531.780108045394,103.17801080453938,0.0,12563.282272088192,16.58,0.6,0.0,0.0,7.0,1.8968592631667593
2475,16,train_0418,12829.147977072316,10401.54855816556,90.15485581655594,0.0,12919.302832888872,16.1,0.66,0.0,0.0,7.0,1.8968592631667593
2476,16,train_0464,12486.117003962227,10028.60720452579,52.860720452578974,0.0,12538.977724414806,15.06,0.64,0.0,0.0,7.0,1.8968592631667593
2477,16,train_0104,12429.696210446267,10345.892573212153,84.58925732121534,0.0,12514.285467767482,17.14,0.64,0.0,0.0,7.0,1.8968592631667593
2478,16,train_0386,13037.859164542444,9853.46474517912,35.346474517912064,0.0,13073.205639060356,14.98,0.62,0.0,0.0,7.0,1.8968592631667593
2479,16,train_0471,12569.966611440228,10664.435265434307,116.44352654343075,0.0,12686.41013798366,14.96,0.64,0.0,0.0,7.0,1.8968592631667593
2480,17,train_0575,12721.52338509441,10615.558250202545,111.55582502025446,0.0,12833.079210114664,13.68,0.64,0.0,0.0,7.0,1.8968592631667593
2481,17,train_0056,11836.29636236286,9777.328005590061,27.732800559006137,0.0,11864.029162921866,16.14,0.68,0.0,0.0,7.0,1.8968592631667593
2482,17,train_0352,12212.479409196078,9876.400615598674,37.640061559867355,0.0,12250.119470755944,15.54,0.64,0.0,0.0,7.0,1.8968592631667593
2483,17,train_0148,12626.519115809926,10478.844205887412,97.88442058874116,0.0,12724.403536398668,16.96,0.62,0.0,0.0,7.0,1.8968592631667593
2484,17,train_0536,12690.295289700967,10025.223846507983,52.52238465079827,0.0,12742.817674351765,14.74,0.62,0.0,0.0,7.0,1.8968592631667593
2485,17,train_0013,12163.243316676126,10197.32732967415,69.732732967415,0.0,12232.976049643541,14.9,0.6,0.0,0.0,7.0,1.8968592631667593
2486,17,train_0341,12824.101824831218,10338.114428010365,83.81144280103655,0.0,12907.913267632253,16.1,0.6,0.0,0.0,7.0,1.8968592631667593
2487,17,train_0044,13032.18483668095,10393.602507638025,89.36025076380247,0.0,13121.545087444752,16.58,0.76,0.0,0.0,7.0,1.8968592631667593
2488,17,train_0596,12550.16335293266,10101.168751142548,60.1168751142548,0.0,12610.280228046913,15.32,0.76,0.0,0.0,7.0,1.8968592631667593
2489,17,train_0558,12881.490146864102,10508.67043402754,100.86704340275392,0.0,12982.357190266855,14.34,0.64,0.0,0.0,7.0,1.8968592631667593
2490,17,train_0171,13258.82806282368,10497.646833664454,99.7646833664454,0.0,13358.592746190126,18.32,0.66,0.0,0.0,7.0,1.8968592631667593
2491,17,train_0534,12497.619833907987,10291.086091178044,79.10860911780438,0.0,12576.728443025791,16.08,0.7,0.0,0.0,7.0,1.8968592631667593
2492,17,train_0418,12522.310363123372,10349.097140275859,84.90971402758588,0.0,12607.220077150958,17.64,0.6,0.0,0.0,7.0,1.8968592631667593
2493,17,train_0562,12373.033916481276,10330.307710277999,83.0307710277999,0.0,12456.064687509075,15.4,0.6,0.0,0.0,7.0,1.8968592631667593
2494,17,train_0049,12784.178745683947,10255.511605633455,75.55116056334555,0.0,12859.729906247292,14.8,0.58,0.0,0.0,7.0,1.8968592631667593
2495,17,train_0202,12423.086549918411,10489.452179467116,98.94521794671164,0.0,12522.031767865123,14.82,0.72,0.0,0.0,7.0,1.8968592631667593
2496,17,train_0264,12218.750795698772,9975.943703140563,47.59437031405633,0.0,12266.345166012828,14.62,0.82,0.0,0.0,7.0,1.8968592631667593
2497,17,train_0205,12607.948505486176,10437.00259020146,93.70025902014605,0.0,12701.648764506323,15.08,0.66,0.0,0.0,7.0,1.8968592631667593
2498,17,train_0348,12410.10345405677,10317.726586246115,81.77265862461155,0.0,12491.876112681382,14.32,0.6,0.0,0.0,7.0,1.8968592631667593
2499,17,train_0355,12472.15822817547,10294.750825148563,79.47508251485634,0.0,12551.633310690328,16.24,0.56,0.0,0.0,7.0,1.8968592631667593
2500,17,train_0405,12647.83120853264,10495.539408479071,99.55394084790714,0.0,12747.385149380547,16.6,0.6,0.0,0.0,7.0,1.8968592631667593
2501,17,train_0002,12548.907914324722,10149.471400881439,64.9471400881439,0.0,12613.855054412867,12.88,0.68,0.0,0.0,7.0,1.8968592631667593
2502,17,train_0410,12846.122609051123,10300.27655630713,80.02765563071299,0.0,12926.150264681835,17.64,0.58,0.0,0.0,7.0,1.8968592631667593
2503,17,train_0433,12389.873699412396,10047.11444310522,54.71144431052198,0.0,12444.585143722918,13.48,0.62,0.0,0.0,7.0,1.8968592631667593
2504,17,train_0236,12525.705819553965,10036.408005070296,53.6408005070296,0.0,12579.346620060995,18.82,0.58,0.0,0.0,7.0,1.8968592631667593
2505,17,train_0276,12412.816194780018,10146.415365495523,64.64153654955226,0.0,12477.45773132957,16.3,0.68,0.0,0.0,7.0,1.8968592631667593
2506,17,train_0416,12133.537479912888,10217.730718139908,71.77307181399082,0.0,12205.310551726878,18.4,0.54,0.0,0.0,7.0,1.8968592631667593
2507,17,train_0043,12125.819731786301,10054.018764505247,55.401876450524654,0.0,12181.221608236827,17.0,0.74,0.0,0.0,7.0,1.8968592631667593
2508,17,train_0168,12376.976534705169,10900.537899275409,140.05378992754086,0.0,12517.03032463271,17.38,0.62,0.0,0.0,7.0,1.8968592631667593
2509,17,train_0088,12667.397590894205,10233.172826304444,73.31728263044442,0.0,12740.714873524648,15.58,0.66,0.0,0.0,7.0,1.8968592631667593
2510,17,train_0299,12648.089156856773,10160.445322809694,66.04453228096936,0.0,12714.133689137743,13.3,0.74,0.0,0.0,7.0,1.8968592631667593
2511,17,train_0294,12359.536575630693,10009.160553245167,50.91605532451668,0.0,12410.45263095521,13.92,0.66,0.0,0.0,7.0,1.8968592631667593
2512,17,train_0266,12534.853184413934,10491.353879065318,99.13538790653183,0.0,12633.988572320466,14.96,0.64,0.0,0.0,7.0,1.8968592631667593
2513,17,train_0366,12495.738600315022,10104.805324542212,60.48053245422125,0.0,12556.219132769244,15.12,0.74,0.0,0.0,7.0,1.8968592631667593
2514,17,train_0067,12081.864334454454,10193.745289196044,69.37452891960439,0.0,12151.23886337406,17.76,0.64,0.0,0.0,7.0,1.8968592631667593
2515,17,train_0024,12407.279448291476,9604.940111151675,10.494011115167451,0.0,12417.773459406644,17.26,0.7,0.0,0.0,7.0,1.8968592631667593
2516,17,train_0592,12405.433875647199,10451.655807743342,95.1655807743342,0.0,12500.599456421533,15.1,0.66,0.0,0.0,7.0,1.8968592631667593
2517,17,train_0101,12853.118742825533,10239.943249063599,73.9943249063599,0.0,12927.113067731892,16.46,0.54,0.0,0.0,7.0,1.8968592631667593
2518,17,train_0079,12388.075674531769,10595.005832060204,109.5005832060204,0.0,12497.576257737788,16.68,0.6,0.0,0.0,7.0,1.8968592631667593
2519,17,train_0139,12435.101699925373,10120.167274083578,62.01672740835784,0.0,12497.118427333731,15.38,0.68,0.0,0.0,7.0,1.8968592631667593
2520,17,train_0599,12151.92985918262,10061.107513909283,56.11075139092827,0.0,12208.040610573547,16.58,0.62,0.0,0.0,7.0,1.8968592631667593
2521,17,train_0522,12845.454860504773,10481.107719326441,98.1107719326441,0.0,12943.565632437418,16.06,0.72,0.0,0.0,7.0,1.8968592631667593
2522,17,train_0396,12490.00105398097,10210.904686711485,71.09046867114849,0.0,12561.09152265212,13.82,0.74,0.0,0.0,7.0,1.8968592631667593
2523,17,train_0001,12377.184088858741,9866.238726051713,36.62387260517135,0.0,12413.807961463912,13.22,0.52,0.0,0.0,7.0,1.8968592631667593
2524,17,train_0533,12129.35817231313,9960.037248327106,46.00372483271058,0.0,12175.36189714584,16.68,0.72,0.0,0.0,7.0,1.8968592631667593
2525,17,train_0036,12273.500422007888,10319.606756850248,81.96067568502477,0.0,12355.461097692913,15.44,0.6,0.0,0.0,7.0,1.8968592631667593
2526,17,train_0290,12229.40657953955,10685.432740914019,118.54327409140188,0.0,12347.949853630953,16.58,0.72,0.0,0.0,7.0,1.8968592631667593
2527,17,train_0214,12223.955065876227,9913.55970898483,41.355970898483065,0.0,12265.31103677471,14.74,0.58,0.0,0.0,7.0,1.8968592631667593
2528,17,train_0501,12664.772709502671,10357.730964911687,85.7730964911687,0.0,12750.54580599384,17.54,0.66,0.0,0.0,7.0,1.8968592631667593
2529,17,train_0325,12373.116205355816,10387.373709141368,88.73737091413678,0.0,12461.853576269954,12.92,0.6,0.0,0.0,7.0,1.8968592631667593
2530,17,train_0502,12486.619204324383,10536.154691780921,103.6154691780921,0.0,12590.234673502475,14.4,0.62,0.0,0.0,7.0,1.8968592631667593
2531,17,train_0491,12420.238504509243,10227.907871369714,72.79078713697145,0.0,12493.029291646215,15.74,0.58,0.0,0.0,7.0,1.8968592631667593
2532,17,train_0178,12553.545925560358,9764.362819084718,26.436281908471756,0.0,12579.98220746883,15.32,0.6,0.0,0.0,7.0,1.8968592631667593
2533,17,train_0527,12306.647577702173,10330.44299443625,83.04429944362492,0.0,12389.691877145799,16.72,0.56,0.0,0.0,7.0,1.8968592631667593
2534,17,train_0238,12661.123348568566,10118.77733595132,61.87773359513194,0.0,12723.001082163699,17.8,0.6,0.0,0.0,7.0,1.8968592631667593
2535,17,train_0393,12562.993163798306,10102.270232201925,60.2270232201925,0.0,12623.220187018498,13.66,0.68,0.0,0.0,7.0,1.8968592631667593
2536,17,train_0392,12552.231190448341,10413.91729812518,91.39172981251795,0.0,12643.62292026086,16.3,0.72,0.0,0.0,7.0,1.8968592631667593
2537,17,train_0118,12375.280303294374,10221.019437741881,72.10194377418811,0.0,12447.382247068563,14.98,0.7,0.0,0.0,7.0,1.8968592631667593
2538,17,train_0317,12148.42182171369,10199.997811366262,69.9997811366262,0.0,12218.421602850316,15.24,0.62,0.0,0.0,7.0,1.8968592631667593
2539,17,train_0317,12208.95597945284,10212.870107816396,71.28701078163958,0.0,12280.24299023448,15.18,0.56,0.0,0.0,7.0,1.8968592631667593
2540,17,train_0058,11879.141048418012,9862.483500434559,36.248350043455865,0.0,11915.389398461468,15.28,0.64,0.0,0.0,7.0,1.8968592631667593
2541,17,train_0537,12384.098253102013,9937.957548088725,43.795754808872516,0.0,12427.894007910885,17.88,0.66,0.0,0.0,7.0,1.8968592631667593
2542,17,train_0129,12928.520747491631,10521.3111562046,102.13111562045998,0.0,13030.65186311209,14.58,0.7,0.0,0.0,7.0,1.8968592631667593
2543,17,train_0128,12337.939609699704,9942.284662921327,44.22846629213273,0.0,12382.168075991836,12.82,0.64,0.0,0.0,7.0,1.8968592631667593
2544,17,train_0349,12296.037242123046,9983.794112933574,48.37941129335741,0.0,12344.416653416403,16.4,0.68,0.0,0.0,7.0,1.8968592631667593
2545,17,train_0575,13057.665650180881,10421.317137007194,92.13171370071942,0.0,13149.7973638816,16.76,0.6,0.0,0.0,7.0,1.8968592631667593
2546,17,train_0006,12060.666997420716,10575.17660040925,107.51766004092497,0.0,12168.184657461641,14.78,0.6,0.0,0.0,7.0,1.8968592631667593
2547,17,train_0131,13240.161285895698,10331.265817126772,83.12658171267722,0.0,13323.287867608375,16.54,0.64,0.0,0.0,7.0,1.8968592631667593
2548,17,train_0108,12563.84623476964,10308.685720857375,80.86857208573747,0.0,12644.714806855378,16.92,0.64,0.0,0.0,7.0,1.8968592631667593
2549,17,train_0394,12598.86425018186,10443.012735331762,94.30127353317621,0.0,12693.165523715035,14.2,0.68,0.0,0.0,7.0,1.8968592631667593
2550,17,train_0144,12866.911215884093,10683.575746698536,118.3575746698536,0.0,12985.268790553946,15.52,0.64,0.0,0.0,7.0,1.8968592631667593
2551,17,train_0464,12609.699021517432,9835.780801209909,33.578080120990855,0.0,12643.277101638423,15.66,0.58,0.0,0.0,7.0,1.8968592631667593
2552,17,train_0092,12614.222759753344,10307.423360662826,80.74233606628259,0.0,12694.965095819627,17.62,0.56,0.0,0.0,7.0,1.8968592631667593
2553,17,train_0366,12664.688613794811,9926.437913363174,42.64379133631738,0.0,12707.332405131128,16.32,0.68,0.0,0.0,7.0,1.8968592631667593
2554,17,train_0441,12455.17302883545,10519.75935791431,101.97593579143104,0.0,12557.148964626882,15.96,0.6,0.0,0.0,7.0,1.8968592631667593
2555,17,train_0135,12428.294754635808,10490.203008062672,99.02030080626719,0.0,12527.315055442075,16.98,0.64,0.0,0.0,7.0,1.8968592631667593
2556,17,train_0036,12391.63907011106,10191.069817620491,69.10698176204914,0.0,12460.74605187311,15.88,0.66,0.0,0.0,7.0,1.8968592631667593
2557,17,train_0416,12055.896288416205,10409.832239868181,90.98322398681813,0.0,12146.879512403022,17.24,0.64,0.0,0.0,7.0,1.8968592631667593
2558,17,train_0196,12651.01769928103,9892.001553623832,39.20015536238316,0.0,12690.217854643413,14.86,0.64,0.0,0.0,7.0,1.8968592631667593
2559,17,train_0059,12978.775687895626,10279.93433456805,77.99343345680501,0.0,13056.76912135243,14.78,0.62,0.0,0.0,7.0,1.8968592631667593
2560,17,train_0061,12376.501327691232,10227.774910820095,72.77749108200952,0.0,12449.278818773242,14.34,0.62,0.0,0.0,7.0,1.8968592631667593
2561,17,train_0161,12458.75050699426,10520.157102159199,102.01571021591991,0.0,12560.76621721018,15.2,0.6,0.0,0.0,7.0,1.8968592631667593
2562,17,train_0462,12725.847009844148,9970.54262084815,47.05426208481495,0.0,12772.901271928964,16.4,0.64,0.0,0.0,7.0,1.8968592631667593
2563,17,train_0482,12145.619271790696,9874.64050999453,37.46405099945296,0.0,12183.08332279015,15.52,0.68,0.0,0.0,7.0,1.8968592631667593
2564,17,train_0387,11952.19034626938,10187.833079867,68.78330798669995,0.0,12020.97365425608,15.14,0.7,0.0,0.0,7.0,1.8968592631667593
2565,17,train_0444,12370.359909473493,10083.606053509451,58.36060535094512,0.0,12428.720514824437,16.26,0.58,0.0,0.0,7.0,1.8968592631667593
2566,17,train_0022,12413.965376637942,10223.665360889363,72.3665360889363,0.0,12486.331912726877,16.46,0.6,0.0,0.0,7.0,1.8968592631667593
2567,17,train_0132,12524.003260562336,10211.554269421064,71.15542694210636,0.0,12595.158687504443,17.2,0.58,0.0,0.0,7.0,1.8968592631667593
2568,17,train_0309,12705.042372064767,10431.161462016596,93.11614620165966,0.0,12798.158518266426,13.44,0.6,0.0,0.0,7.0,1.8968592631667593
2569,17,train_0215,12558.326669963406,10465.192630355828,96.51926303558285,0.0,12654.84593299899,16.44,0.56,0.0,0.0,7.0,1.8968592631667593
2570,17,train_0465,13179.755005845573,10082.123776622702,58.21237766227023,0.0,13237.967383507843,15.8,0.56,0.0,0.0,7.0,1.8968592631667593
2571,17,train_0012,12849.553845154833,10625.299979949723,112.52999799497229,0.0,12962.083843149805,15.92,0.58,0.0,0.0,7.0,1.8968592631667593
2572,17,train_0080,12743.146164249758,10358.930060915802,85.89300609158018,0.0,12829.039170341339,15.82,0.62,0.0,0.0,7.0,1.8968592631667593
2573,17,train_0072,12640.811542417972,10583.532999144605,108.35329991446052,0.0,12749.164842332433,15.64,0.66,0.0,0.0,7.0,1.8968592631667593
2574,17,train_0519,12329.822659672049,10910.4158878299,141.04158878299003,0.0,12470.864248455038,15.44,0.6,0.0,0.0,7.0,1.8968592631667593
2575,17,train_0277,12611.420926538587,10316.901502573613,81.69015025736135,0.0,12693.111076795949,16.42,0.7,0.0,0.0,7.0,1.8968592631667593
2576,17,train_0179,12201.881459392453,9996.464660326244,49.64646603262445,0.0,12251.527925425076,13.88,0.7,0.0,0.0,7.0,1.8968592631667593
2577,17,train_0590,12457.006361862266,10167.742674373454,66.77426743734542,0.0,12523.780629299612,16.96,0.66,0.0,0.0,7.0,1.8968592631667593
2578,17,train_0023,12266.883314783572,9928.327387370147,42.832738737014736,0.0,12309.716053520588,15.4,0.6,0.0,0.0,7.0,1.8968592631667593
2579,17,train_0231,13030.077429603953,10084.158295793874,58.415829579387356,0.0,13088.49325918334,14.82,0.66,0.0,0.0,7.0,1.8968592631667593
2580,17,train_0412,12078.867246817594,10178.09134008401,67.80913400840109,0.0,12146.676380825995,16.7,0.74,0.0,0.0,7.0,1.8968592631667593
2581,17,train_0519,12867.454125036227,10531.791934146771,103.17919341467714,0.0,12970.633318450904,17.62,0.66,0.0,0.0,7.0,1.8968592631667593
2582,17,train_0197,12810.045685275949,10306.559279583702,80.6559279583702,0.0,12890.70161323432,16.02,0.7,0.0,0.0,7.0,1.8968592631667593
2583,17,train_0174,12415.328277085297,10345.270963420822,84.52709634208223,0.0,12499.85537342738,16.0,0.56,0.0,0.0,7.0,1.8968592631667593
2584,17,train_0517,12572.145212381327,10469.58779955603,96.95877995560295,0.0,12669.10399233693,17.2,0.54,0.0,0.0,7.0,1.8968592631667593
2585,17,train_0403,12790.772353139877,10541.132797494207,104.1132797494207,0.0,12894.885632889298,12.98,0.6,0.0,0.0,7.0,1.8968592631667593
2586,17,train_0194,12737.501465576926,10346.795379941059,84.67953799410589,0.0,12822.181003571033,16.34,0.66,0.0,0.0,7.0,1.8968592631667593
2587,17,train_0097,12377.041438737797,9983.996988826602,48.39969888266023,0.0,12425.441137620457,16.74,0.6,0.0,0.0,7.0,1.8968592631667593
2588,17,train_0392,12140.371775778956,10585.773915457936,108.57739154579359,0.0,12248.94916732475,14.72,0.64,0.0,0.0,7.0,1.8968592631667593
2589,17,train_0468,12184.947970412846,10066.335284328039,56.63352843280391,0.0,12241.58149884565,15.26,0.72,0.0,0.0,7.0,1.8968592631667593
2590,17,train_0448,12275.860787783233,10267.01724366525,76.70172436652501,0.0,12352.562512149758,14.46,0.68,0.0,0.0,7.0,1.8968592631667593
2591,17,train_0104,12509.26990516155,10054.035781388331,55.40357813883311,0.0,12564.673483300383,16.78,0.68,0.0,0.0,7.0,1.8968592631667593
2592,17,train_0569,12195.913785843308,10038.606506962828,53.86065069628276,0.0,12249.77443653959,15.76,0.66,0.0,0.0,7.0,1.8968592631667593
2593,17,train_0356,12834.07688408004,10363.200464363854,86.32004643638538,0.0,12920.396930516425,15.88,0.56,0.0,0.0,7.0,1.8968592631667593
2594,17,train_0011,12490.752009066822,9808.364555496893,30.836455549689347,0.0,12521.588464616512,14.9,0.82,0.0,0.0,7.0,1.8968592631667593
2595,17,train_0005,12257.022251406925,9936.958645263108,43.695864526310835,0.0,12300.718115933236,18.4,0.68,0.0,0.0,7.0,1.8968592631667593
2596,17,train_0549,12536.993512715959,10550.772219404498,105.07722194044982,0.0,12642.070734656409,15.64,0.64,0.0,0.0,7.0,1.8968592631667593
2597,17,train_0362,12295.201413501678,9778.036805217036,27.803680521703612,0.0,12323.005094023381,15.88,0.68,0.0,0.0,7.0,1.8968592631667593
2598,17,train_0052,12748.980774304506,10388.826556471173,88.88265564711729,0.0,12837.863429951623,15.48,0.62,0.0,0.0,7.0,1.8968592631667593
2599,17,train_0326,12343.947371610733,9921.96549189328,42.196549189327925,0.0,12386.143920800061,16.02,0.68,0.0,0.0,7.0,1.8968592631667593
2600,17,train_0380,12118.222899158052,10252.279910795041,75.22799107950414,0.0,12193.450890237556,17.32,0.6,0.0,0.0,7.0,1.8968592631667593
2601,17,train_0432,12584.415314989705,9982.86971433202,48.286971433202055,0.0,12632.702286422907,15.34,0.74,0.0,0.0,7.0,1.8968592631667593
2602,17,train_0098,12354.722736517344,9964.175976422239,46.41759764222388,0.0,12401.140334159569,13.88,0.74,0.0,0.0,7.0,1.8968592631667593
2603,17,train_0196,12057.90820469282,10580.019910100353,108.00199101003528,0.0,12165.910195702854,15.32,0.74,0.0,0.0,7.0,1.8968592631667593
2604,17,train_0339,12955.83874074136,10417.796412453026,91.77964124530263,0.0,13047.618381986662,15.8,0.64,0.0,0.0,7.0,1.8968592631667593
2605,17,train_0396,12656.435080164065,10271.410956230598,77.14109562305985,0.0,12733.576175787124,14.24,0.66,0.0,0.0,7.0,1.8968592631667593
2606,17,train_0464,12833.615366591303,9898.695029501272,39.86950295012721,0.0,12873.48486954143,15.72,0.6,0.0,0.0,7.0,1.8968592631667593
2607,17,train_0250,12612.241801327265,10050.856815213569,55.08568152135686,0.0,12667.327482848623,16.44,0.58,0.0,0.0,7.0,1.8968592631667593
2608,17,train_0411,13119.068786823891,10647.012779306431,114.70127793064313,0.0,13233.770064754533,15.14,0.6,0.0,0.0,7.0,1.8968592631667593
2609,17,train_0200,12648.75479043529,10066.872632532533,56.687263253253334,0.0,12705.442053688545,15.24,0.68,0.0,0.0,7.0,1.8968592631667593
2610,17,train_0380,12148.817459973001,10360.749791041126,86.07497910411257,0.0,12234.892439077114,16.98,0.64,0.0,0.0,7.0,1.8968592631667593
2611,17,train_0401,12256.973235311933,9943.663934575627,44.366393457562666,0.0,12301.339628769496,15.9,0.7,0.0,0.0,7.0,1.8968592631667593
2612,17,train_0260,12107.257584437197,10032.394827873606,53.239482787360615,0.0,12160.497067224558,16.92,0.54,0.0,0.0,7.0,1.8968592631667593
2613,17,train_0250,12589.377467684302,10145.423639263396,64.54236392633958,0.0,12653.919831610641,16.84,0.66,0.0,0.0,7.0,1.8968592631667593
2614,17,train_0032,12659.507192205787,10185.663907773123,68.56639077731234,0.0,12728.0735829831,17.18,0.7,0.0,0.0,7.0,1.8968592631667593
2615,17,train_0541,12758.703659105948,10360.888071285206,86.08880712852061,0.0,12844.792466234469,16.02,0.68,0.0,0.0,7.0,1.8968592631667593
2616,17,train_0546,12686.823907044381,10109.70514419465,60.97051441946496,0.0,12747.794421463846,18.8,0.6,0.0,0.0,7.0,1.8968592631667593
2617,17,train_0065,12641.309309714627,10297.031933930577,79.7031933930577,0.0,12721.012503107684,14.78,0.62,0.0,0.0,7.0,1.8968592631667593
2618,17,train_0023,12141.840963468114,10107.93293313126,60.793293313126014,0.0,12202.634256781239,15.22,0.68,0.0,0.0,7.0,1.8968592631667593
2619,17,train_0236,12706.145000629553,9821.303489357135,32.130348935713485,0.0,12738.275349565267,19.84,0.64,0.0,0.0,7.0,1.8968592631667593
2620,17,train_0152,12150.127032989029,10464.267757149973,96.42677571499735,0.0,12246.553808704026,15.64,0.54,0.0,0.0,7.0,1.8968592631667593
2621,17,train_0479,12855.79022221903,10863.460620826205,136.34606208262048,0.0,12992.13628430165,16.86,0.7,0.0,0.0,7.0,1.8968592631667593
2622,17,train_0177,12721.485050532963,10263.016419009333,76.30164190093329,0.0,12797.786692433896,14.12,0.74,0.0,0.0,7.0,1.8968592631667593
2623,17,train_0218,12875.855098444026,10247.144438978059,74.71444389780591,0.0,12950.569542341833,17.34,0.74,0.0,0.0,7.0,1.8968592631667593
2624,18,train_0364,12616.641279925636,10225.637594831835,72.56375948318346,0.0,12689.20503940882,17.68,0.64,0.0,0.0,7.0,1.8968592631667593
2625,18,train_0230,12435.664642907293,9916.873452543548,41.687345254354845,0.0,12477.351988161648,15.22,0.66,0.0,0.0,7.0,1.8968592631667593
2626,18,train_0146,12338.132968235073,10313.427706588092,81.34277065880924,0.0,12419.475738893883,16.66,0.64,0.0,0.0,7.0,1.8968592631667593
2627,18,train_0222,12540.664347279519,10060.010600539717,56.00106005397174,0.0,12596.66540733349,17.76,0.62,0.0,0.0,7.0,1.8968592631667593
2628,18,train_0126,12759.554046594696,9866.880975551114,36.68809755511138,0.0,12796.242144149808,15.54,0.62,0.0,0.0,7.0,1.8968592631667593
2629,18,train_0355,12606.062201693403,10315.882946611693,81.58829466116931,0.0,12687.650496354572,15.82,0.66,0.0,0.0,7.0,1.8968592631667593
2630,18,train_0571,12361.747840854845,10412.91792483126,91.29179248312595,0.0,12453.03963333797,14.78,0.66,0.0,0.0,7.0,1.8968592631667593
2631,18,train_0034,12304.094335849692,10298.440335820997,79.84403358209966,0.0,12383.938369431791,16.36,0.54,0.0,0.0,7.0,1.8968592631667593
2632,18,train_0534,12170.912978072538,10537.230803196378,103.72308031963786,0.0,12274.636058392176,14.46,0.7,0.0,0.0,7.0,1.8968592631667593
2633,18,train_0186,13003.959587120245,9822.97923622961,32.29792362296103,0.0,13036.257510743206,14.62,0.6,0.0,0.0,7.0,1.8968592631667593
2634,18,train_0273,12899.18788544073,10472.285255986493,97.22852559864933,0.0,12996.41641103938,17.34,0.6,0.0,0.0,7.0,1.8968592631667593
2635,18,train_0159,12084.285409661217,9920.663761467655,42.06637614676547,0.0,12126.351785807983,17.38,0.7,0.0,0.0,7.0,1.8968592631667593
2636,18,train_0250,12326.671427350146,10278.245665889019,77.82456658890187,0.0,12404.495993939048,15.86,0.66,0.0,0.0,7.0,1.8968592631667593
2637,18,train_0127,12473.271458974963,10556.751224660053,105.67512246600528,0.0,12578.946581440969,16.0,0.62,0.0,0.0,7.0,1.8968592631667593
2638,18,train_0431,12517.113797940976,9967.30631160087,46.73063116008707,0.0,12563.844429101064,17.12,0.62,0.0,0.0,7.0,1.8968592631667593
2639,18,train_0476,12301.21960498233,10199.191972869561,69.91919728695612,0.0,12371.138802269286,18.86,0.66,0.0,0.0,7.0,1.8968592631667593
2640,18,train_0475,12233.45195115487,9837.007184261513,33.700718426151255,0.0,12267.15266958102,14.52,0.7,0.0,0.0,7.0,1.8968592631667593
2641,18,train_0082,12912.359158710668,10281.555384541236,78.1555384541236,0.0,12990.514697164792,16.08,0.8,0.0,0.0,7.0,1.8968592631667593
2642,18,train_0444,12476.008840765315,10423.65828061708,92.3658280617081,0.0,12568.374668827022,16.64,0.6,0.0,0.0,7.0,1.8968592631667593
2643,18,train_0011,11855.802525192514,10101.347132898349,60.13471328983488,0.0,11915.93723848235,16.08,0.64,0.0,0.0,7.0,1.8968592631667593
2644,18,train_0463,12079.931669967755,10104.77820964438,60.477820964438074,0.0,12140.409490932192,17.04,0.68,0.0,0.0,7.0,1.8968592631667593
2645,18,train_0124,12598.085138814056,10513.948580756947,101.39485807569473,0.0,12699.479996889751,16.28,0.6,0.0,0.0,7.0,1.8968592631667593
2646,18,train_0047,12532.63311385304,9987.330868734913,48.73308687349127,0.0,12581.366200726532,14.82,0.66,0.0,0.0,7.0,1.8968592631667593
2647,18,train_0156,12639.20888320504,10081.443599362301,58.1443599362301,0.0,12697.35324314127,16.06,0.72,0.0,0.0,7.0,1.8968592631667593
2648,18,train_0279,12461.839342265608,10308.505750481607,80.85057504816069,0.0,12542.689917313768,15.44,0.6,0.0,0.0,7.0,1.8968592631667593
2649,18,train_0031,12417.379219647726,10128.96138565343,62.896138565343065,0.0,12480.27535821307,17.36,0.62,0.0,0.0,7.0,1.8968592631667593
2650,18,train_0292,12133.06037558485,10642.185324855049,114.21853248550488,0.0,12247.278908070355,17.2,0.6,0.0,0.0,7.0,1.8968592631667593
2651,18,train_0345,12695.701568415803,10120.292906957693,62.029290695769305,0.0,12757.730859111572,14.78,0.6,0.0,0.0,7.0,1.8968592631667593
2652,18,train_0281,12613.249141161614,10629.275794202793,112.9275794202793,0.0,12726.176720581892,16.8,0.64,0.0,0.0,7.0,1.8968592631667593
2653,18,train_0429,12733.744575679339,10634.550800395224,113.45508003952237,0.0,12847.199655718861,15.8,0.54,0.0,0.0,7.0,1.8968592631667593
2654,18,train_0403,12910.628655955163,10323.019378973191,82.30193789731912,0.0,12992.930593852481,13.58,0.56,0.0,0.0,7.0,1.8968592631667593
2655,18,train_0048,12481.358403777795,10237.453949401066,73.7453949401066,0.0,12555.1037987179,17.12,0.58,0.0,0.0,7.0,1.8968592631667593
2656,18,train_0332,12267.845602768193,9989.3256786975,48.93256786974999,0.0,12316.778170637943,17.88,0.56,0.0,0.0,7.0,1.8968592631667593
2657,18,train_0295,12649.24197590983,9875.493144269803,37.549314426980345,0.0,12686.79129033681,16.58,0.64,0.0,0.0,7.0,1.8968592631667593
2658,18,train_0203,12314.272837459743,10910.35649402459,141.03564940245906,0.0,12455.308486862203,13.44,0.64,0.0,0.0,7.0,1.8968592631667593
2659,18,train_0329,12532.398984231064,10241.586196942291,74.15861969422913,0.0,12606.557603925294,17.2,0.64,0.0,0.0,7.0,1.8968592631667593
2660,18,train_0258,13127.286641703886,10226.078096651121,72.60780966511211,0.0,13199.894451368998,14.32,0.8,0.0,0.0,7.0,1.8968592631667593
2661,18,train_0535,12583.677170585874,10178.192861736296,67.81928617362955,0.0,12651.496456759503,13.58,0.54,0.0,0.0,7.0,1.8968592631667593
2662,18,train_0542,12351.922203783342,10260.266739342227,76.02667393422271,0.0,12427.948877717565,15.34,0.62,0.0,0.0,7.0,1.8968592631667593
2663,18,train_0397,12523.563548356411,10135.928399583321,63.59283995833212,0.0,12587.156388314743,15.88,0.76,0.0,0.0,7.0,1.8968592631667593
2664,18,train_0146,12454.723069017218,10486.68902305294,98.66890230529407,0.0,12553.391971322511,15.8,0.66,0.0,0.0,7.0,1.8968592631667593
2665,18,train_0051,12685.72085767216,10157.85895951524,65.78589595152407,0.0,12751.506753623684,17.66,0.64,0.0,0.0,7.0,1.8968592631667593
2666,18,train_0518,12511.39784365722,10350.673931555826,85.06739315558262,0.0,12596.465236812803,16.32,0.66,0.0,0.0,7.0,1.8968592631667593
2667,18,train_0099,12420.835843418707,9663.96208427658,16.396208427657985,0.0,12437.232051846364,15.66,0.6,0.0,0.0,7.0,1.8968592631667593
2668,18,train_0392,12896.596718911593,10263.926869254628,76.39268692546284,0.0,12972.989405837056,15.42,0.58,0.0,0.0,7.0,1.8968592631667593
2669,18,train_0336,12549.59362819686,9965.908248537626,46.59082485376257,0.0,12596.184453050624,16.54,0.56,0.0,0.0,7.0,1.8968592631667593
2670,18,train_0251,12523.881111912586,10165.581363186884,66.55813631868841,0.0,12590.439248231274,15.72,0.72,0.0,0.0,7.0,1.8968592631667593
2671,18,train_0498,12509.080296919274,10571.352745674001,107.13527456740013,0.0,12616.215571486673,15.94,0.58,0.0,0.0,7.0,1.8968592631667593
2672,18,train_0157,12742.982430301441,10131.300583232263,63.130058323226336,0.0,12806.112488624667,15.64,0.66,0.0,0.0,7.0,1.8968592631667593
2673,18,train_0084,12283.40281445727,10023.355189027896,52.335518902789595,0.0,12335.73833336006,16.66,0.62,0.0,0.0,7.0,1.8968592631667593
2674,18,train_0550,12543.163427216068,10158.86431290974,65.886431290974,0.0,12609.049858507042,17.5,0.52,0.0,0.0,7.0,1.8968592631667593
2675,18,train_0168,12905.051611534138,10459.915490430825,95.99154904308253,0.0,13001.043160577221,15.08,0.58,0.0,0.0,7.0,1.8968592631667593
2676,18,train_0187,12535.152260672063,10142.192716583955,64.21927165839553,0.0,12599.371532330459,15.0,0.58,0.0,0.0,7.0,1.8968592631667593
2677,18,train_0177,12456.835004669452,10156.201983914416,65.62019839144159,0.0,12522.455203060894,14.92,0.66,0.0,0.0,7.0,1.8968592631667593
2678,18,train_0182,12879.079710307158,10567.07730127336,106.70773012733608,0.0,12985.787440434495,16.74,0.64,0.0,0.0,7.0,1.8968592631667593
2679,18,train_0334,12893.703339854957,9795.788670981645,29.578867098164483,0.0,12923.282206953121,16.2,0.66,0.0,0.0,7.0,1.8968592631667593
2680,18,train_0308,12250.892564796435,10247.002795624741,74.70027956247414,0.0,12325.59284435891,14.88,0.72,0.0,0.0,7.0,1.8968592631667593
2681,18,train_0418,12802.826101998413,9986.599373025598,48.659937302559776,0.0,12851.486039300973,16.72,0.76,0.0,0.0,7.0,1.8968592631667593
2682,18,train_0339,12610.954082107157,10475.32157919689,97.53215791968906,0.0,12708.486240026847,18.7,0.66,0.0,0.0,7.0,1.8968592631667593
2683,18,train_0036,12422.569359342982,10178.41079485694,67.841079485694,0.0,12490.410438828676,16.7,0.76,0.0,0.0,7.0,1.8968592631667593
2684,18,train_0138,12491.026675188048,10083.236093780966,58.32360937809663,0.0,12549.350284566144,16.82,0.58,0.0,0.0,7.0,1.8968592631667593
2685,18,train_0454,12849.236376071429,10515.757697712903,101.5757697712903,0.0,12950.81214584272,15.7,0.72,0.0,0.0,7.0,1.8968592631667593
2686,18,train_0468,12400.123644722697,10071.406748358153,57.140674835815304,0.0,12457.264319558511,14.84,0.72,0.0,0.0,7.0,1.8968592631667593
2687,18,train_0440,12680.281783884928,10421.576331044584,92.15763310445837,0.0,12772.439416989386,16.52,0.62,0.0,0.0,7.0,1.8968592631667593
2688,18,train_0167,12046.843288952827,10349.265598727583,84.9265598727583,0.0,12131.769848825585,14.3,0.62,0.0,0.0,7.0,1.8968592631667593
2689,18,train_0056,11989.808246081906,9978.316845221654,47.83168452216542,0.0,12037.639930604071,16.18,0.58,0.0,0.0,7.0,1.8968592631667593
2690,18,train_0202,12690.674141603628,10317.89662913561,81.78966291356102,0.0,12772.463804517189,15.58,0.74,0.0,0.0,7.0,1.8968592631667593
2691,18,train_0430,12639.901672096486,9964.500625799683,46.45006257996829,0.0,12686.351734676455,15.06,0.7,0.0,0.0,7.0,1.8968592631667593
2692,18,train_0301,12765.686240321429,10483.54500866054,98.35450086605397,0.0,12864.040741187484,15.42,0.72,0.0,0.0,7.0,1.8968592631667593
2693,18,train_0288,11891.171483611814,10209.006776037102,70.90067760371021,0.0,11962.072161215523,18.38,0.76,0.0,0.0,7.0,1.8968592631667593
2694,18,train_0579,12389.2279767607,10333.92973214772,83.39297321477207,0.0,12472.620949975471,16.64,0.66,0.0,0.0,7.0,1.8968592631667593
2695,18,train_0153,12403.019813357061,10131.215571200319,63.121557120031866,0.0,12466.141370477093,16.1,0.68,0.0,0.0,7.0,1.8968592631667593
2696,18,train_0002,12494.60895209686,10132.386843708813,63.238684370881316,0.0,12557.84763646774,13.98,0.64,0.0,0.0,7.0,1.8968592631667593
2697,18,train_0219,12380.681123738203,10520.175291734326,102.01752917343256,0.0,12482.698652911635,17.28,0.6,0.0,0.0,7.0,1.8968592631667593
2698,18,train_0237,12428.022566391071,10188.070674624134,68.8070674624134,0.0,12496.829633853486,14.96,0.68,0.0,0.0,7.0,1.8968592631667593
2699,18,train_0064,12728.936701493334,10372.205888929617,87.22058889296169,0.0,12816.157290386296,16.76,0.64,0.0,0.0,7.0,1.8968592631667593
2700,18,train_0346,12792.750501280385,10584.908494751511,108.49084947515112,0.0,12901.241350755536,16.04,0.56,0.0,0.0,7.0,1.8968592631667593
2701,18,train_0009,12338.667439802774,10325.72856850431,82.57285685043098,0.0,12421.240296653204,15.26,0.68,0.0,0.0,7.0,1.8968592631667593
2702,18,train_0304,12939.605466996307,10592.092501514417,109.20925015144167,0.0,13048.814717147749,17.14,0.58,0.0,0.0,7.0,1.8968592631667593
2703,18,train_0513,12481.56861529361,10277.415854624756,77.74158546247564,0.0,12559.310200756086,14.5,0.72,0.0,0.0,7.0,1.8968592631667593
2704,18,train_0222,12377.01206649788,10149.914127152657,64.9914127152657,0.0,12442.003479213146,18.32,0.7,0.0,0.0,7.0,1.8968592631667593
2705,18,train_0481,12458.815101585693,10124.645423290653,62.46454232906527,0.0,12521.279643914759,16.32,0.62,0.0,0.0,7.0,1.8968592631667593
2706,18,train_0013,12339.586695814804,10129.325209193805,62.93252091938048,0.0,12402.519216734185,15.92,0.66,0.0,0.0,7.0,1.8968592631667593
2707,18,train_0086,12053.832782804457,9690.681917184538,19.068191718453818,0.0,12072.90097452291,16.36,0.52,0.0,0.0,7.0,1.8968592631667593
2708,18,train_0376,12235.639275694517,10312.333793970227,81.2333793970227,0.0,12316.87265509154,16.7,0.58,0.0,0.0,7.0,1.8968592631667593
2709,18,train_0090,12619.553547364125,10262.274765774331,76.22747657743312,0.0,12695.781023941558,14.58,0.58,0.0,0.0,7.0,1.8968592631667593
2710,18,train_0091,12765.20843679085,10340.336258655603,84.03362586556032,0.0,12849.24206265641,15.82,0.58,0.0,0.0,7.0,1.8968592631667593
2711,18,train_0184,12370.025631841087,10341.264609960697,84.12646099606974,0.0,12454.152092837156,14.98,0.66,0.0,0.0,7.0,1.8968592631667593
2712,18,train_0128,11912.487248152507,10166.612073668464,66.66120736684643,0.0,11979.148455519353,13.94,0.7,0.0,0.0,7.0,1.8968592631667593
2713,18,train_0594,12238.519403637107,9886.015196480686,38.601519648068646,0.0,12277.120923285176,16.88,0.8,0.0,0.0,7.0,1.8968592631667593
2714,18,train_0104,12665.517519167952,10256.079070325159,75.60790703251587,0.0,12741.125426200468,16.9,0.66,0.0,0.0,7.0,1.8968592631667593
2715,18,train_0067,12247.243770697733,9934.089583765159,43.408958376515876,0.0,12290.652729074249,17.3,0.72,0.0,0.0,7.0,1.8968592631667593
2716,18,train_0391,12525.077978570498,10277.343417775812,77.73434177758118,0.0,12602.812320348079,15.34,0.6,0.0,0.0,7.0,1.8968592631667593
2717,18,train_0278,12578.990352929064,10285.742661008073,78.5742661008073,0.0,12657.564619029872,16.04,0.66,0.0,0.0,7.0,1.8968592631667593
2718,18,train_0156,12451.645765395646,9836.343476259819,33.6343476259819,0.0,12485.280113021628,15.28,0.76,0.0,0.0,7.0,1.8968592631667593
2719,18,train_0408,12155.672186349297,9893.026235501504,39.302623550150386,0.0,12194.974809899448,15.14,0.7,0.0,0.0,7.0,1.8968592631667593
2720,18,train_0080,12859.842831979196,10240.787822960934,74.07878229609342,0.0,12933.92161427529,15.2,0.76,0.0,0.0,7.0,1.8968592631667593
2721,18,train_0500,12386.63529513747,9741.098060419361,24.1098060419361,0.0,12410.745101179406,14.82,0.6,0.0,0.0,7.0,1.8968592631667593
2722,18,train_0295,12395.626159383186,10120.83154265607,62.083154265606936,0.0,12457.709313648793,15.66,0.72,0.0,0.0,7.0,1.8968592631667593
2723,18,train_0534,12480.760542507534,10339.774622398054,83.97746223980539,0.0,12564.73800474734,14.18,0.56,0.0,0.0,7.0,1.8968592631667593
2724,18,train_0574,12482.327506757027,10303.61845647372,80.36184564737196,0.0,12562.689352404399,14.56,0.68,0.0,0.0,7.0,1.8968592631667593
2725,18,train_0093,12277.244317394072,9933.274941103247,43.327494110324736,0.0,12320.571811504396,18.36,0.62,0.0,0.0,7.0,1.8968592631667593
2726,18,train_0141,13199.336994620706,10106.187030000758,60.61870300007577,0.0,13259.955697620782,13.44,0.74,0.0,0.0,7.0,1.8968592631667593
2727,18,train_0452,12539.660553751763,10040.823817173681,54.08238171736812,0.0,12593.74293546913,16.04,0.72,0.0,0.0,7.0,1.8968592631667593
2728,18,train_0108,12427.876884916248,10538.66720175345,103.86672017534494,0.0,12531.743605091593,18.34,0.68,0.0,0.0,7.0,1.8968592631667593
2729,18,train_0292,12704.795038533768,10165.611790269048,66.56117902690475,0.0,12771.356217560673,16.32,0.6,0.0,0.0,7.0,1.8968592631667593
2730,18,train_0055,12651.727407163497,10293.326897895342,79.3326897895342,0.0,12731.060096953031,14.04,0.76,0.0,0.0,7.0,1.8968592631667593
2731,18,train_0483,12980.203776413837,10718.321321113994,121.83213211139937,0.0,13102.035908525237,15.58,0.72,0.0,0.0,7.0,1.8968592631667593
2732,18,train_0159,12078.320647274246,9883.377696335363,38.337769633536304,0.0,12116.658416907781,18.12,0.58,0.0,0.0,7.0,1.8968592631667593
2733,18,train_0222,12674.400612145688,9871.510378330551,37.15103783305513,0.0,12711.551649978743,16.8,0.66,0.0,0.0,7.0,1.8968592631667593
2734,18,train_0469,12585.827026791652,10615.67723308639,111.56772330863896,0.0,12697.394750100291,16.76,0.62,0.0,0.0,7.0,1.8968592631667593
2735,18,train_0331,12119.745621432588,10308.787103620267,80.8787103620267,0.0,12200.624331794616,18.32,0.66,0.0,0.0,7.0,1.8968592631667593
2736,18,train_0313,12667.406385434411,10429.425783917728,92.94257839177281,0.0,12760.348963826184,16.16,0.64,0.0,0.0,7.0,1.8968592631667593
2737,18,train_0462,12522.277090202278,10252.739713419363,75.27397134193635,0.0,12597.551061544214,16.1,0.6,0.0,0.0,7.0,1.8968592631667593
2738,18,train_0598,12294.443013534703,10093.484208129903,59.3484208129903,0.0,12353.791434347693,14.12,0.68,0.0,0.0,7.0,1.8968592631667593
2739,18,train_0413,13570.818394698956,9928.974455475984,42.897445547598366,0.0,13613.715840246554,15.3,0.62,0.0,0.0,7.0,1.8968592631667593
2740,18,train_0504,12552.161924455113,10212.372817925227,71.23728179252267,0.0,12623.399206247635,15.58,0.56,0.0,0.0,7.0,1.8968592631667593
2741,18,train_0333,12535.962500047088,10524.122219693105,102.4122219693105,0.0,12638.374722016399,15.86,0.56,0.0,0.0,7.0,1.8968592631667593
2742,18,train_0414,12494.102281310472,10116.755656628455,61.67556566284548,0.0,12555.777846973317,15.22,0.62,0.0,0.0,7.0,1.8968592631667593
2743,18,train_0472,12656.920011552687,10085.072762745296,58.507276274529616,0.0,12715.427287827217,15.38,0.72,0.0,0.0,7.0,1.8968592631667593
2744,18,train_0015,12336.370364420425,10098.596041178489,59.8596041178489,0.0,12396.229968538275,14.7,0.68,0.0,0.0,7.0,1.8968592631667593
2745,18,train_0162,11826.872563633768,10072.312313444403,57.23123134444032,0.0,11884.103794978208,15.66,0.7,0.0,0.0,7.0,1.8968592631667593
2746,18,train_0012,13094.905099119862,10563.359949571437,106.33599495714371,0.0,13201.241094077006,16.9,0.66,0.0,0.0,7.0,1.8968592631667593
2747,18,train_0444,12368.164541872178,10425.808532663208,92.58085326632082,0.0,12460.7453951385,14.72,0.7,0.0,0.0,7.0,1.8968592631667593
2748,18,train_0228,12373.435789167735,10436.280304991455,93.62803049914547,0.0,12467.06381966688,15.48,0.64,0.0,0.0,7.0,1.8968592631667593
2749,18,train_0393,12483.411502393516,10459.408201365086,95.94082013650859,0.0,12579.352322530023,13.86,0.72,0.0,0.0,7.0,1.8968592631667593
2750,18,train_0388,12872.20379484792,10457.696893600823,95.76968936008234,0.0,12967.973484208002,14.42,0.68,0.0,0.0,7.0,1.8968592631667593
2751,18,train_0023,12247.56490498229,10008.684695426356,50.86846954263565,0.0,12298.433374524926,12.98,0.56,0.0,0.0,7.0,1.8968592631667593
2752,18,train_0116,12409.47760307278,10048.7091299292,54.87091299292006,0.0,12464.3485160657,17.02,0.7,0.0,0.0,7.0,1.8968592631667593
2753,18,train_0386,12750.993104701,10278.064107433793,77.80641074337927,0.0,12828.799515444378,15.8,0.62,0.0,0.0,7.0,1.8968592631667593
2754,18,train_0280,12623.10673563375,10414.231289928022,91.42312899280223,0.0,12714.529864626553,16.12,0.7,0.0,0.0,7.0,1.8968592631667593
2755,18,train_0158,12709.276597733598,10354.415968316414,85.44159683164145,0.0,12794.71819456524,17.44,0.7,0.0,0.0,7.0,1.8968592631667593
2756,18,train_0493,12145.1836787369,10074.558115027434,57.45581150274339,0.0,12202.639490239642,17.12,0.66,0.0,0.0,7.0,1.8968592631667593
2757,18,train_0007,12831.675152158154,11269.392989632204,176.93929896322044,0.0,13008.614451121373,14.4,0.66,0.0,0.0,7.0,1.8968592631667593
2758,18,train_0009,12485.87695732078,10125.899522978201,62.58995229782013,0.0,12548.466909618599,15.58,0.7,0.0,0.0,7.0,1.8968592631667593
2759,18,train_0025,12949.139718748906,10213.893084016092,71.3893084016092,0.0,13020.529027150515,15.42,0.8,0.0,0.0,7.0,1.8968592631667593
2760,18,train_0377,12388.52784884105,10089.057283766087,58.90572837660875,0.0,12447.433577217658,17.26,0.6,0.0,0.0,7.0,1.8968592631667593
2761,18,train_0497,12447.96385057093,10336.263751457414,83.62637514574145,0.0,12531.59022571667,15.04,0.72,0.0,0.0,7.0,1.8968592631667593
2762,18,train_0124,12653.60653629219,10345.114611763187,84.5114611763187,0.0,12738.11799746851,17.98,0.56,0.0,0.0,7.0,1.8968592631667593
2763,18,train_0495,12763.515728507557,10273.079984444601,77.30799844446011,0.0,12840.823726952016,18.72,0.7,0.0,0.0,7.0,1.8968592631667593
2764,18,train_0171,13263.957672465634,10344.990228789775,84.49902287897748,0.0,13348.456695344612,17.74,0.62,0.0,0.0,7.0,1.8968592631667593
2765,18,train_0158,12480.335221412455,10537.397914864363,103.7397914864363,0.0,12584.075012898891,17.14,0.72,0.0,0.0,7.0,1.8968592631667593
2766,18,train_0245,12028.231805436548,10008.182988980028,50.81829889800284,0.0,12079.05010433455,15.04,0.68,0.0,0.0,7.0,1.8968592631667593
2767,18,train_0570,12435.012739323405,9870.561849585705,37.05618495857052,0.0,12472.068924281975,15.26,0.66,0.0,0.0,7.0,1.8968592631667593
2768,19,train_0335,12787.674670789711,10393.551009244053,89.35510092440528,0.0,12877.029771714117,18.66,0.68,0.0,0.0,7.0,1.8968592631667593
2769,19,train_0104,12141.201438319662,10232.708691582806,73.27086915828059,0.0,12214.472307477943,16.88,0.6,0.0,0.0,7.0,1.8968592631667593
2770,19,train_0386,12908.782342789113,10101.5734939655,60.15734939654995,0.0,12968.939692185662,15.08,0.66,0.0,0.0,7.0,1.8968592631667593
2771,19,train_0057,12364.845445858191,9877.429400047109,37.74294000471091,0.0,12402.588385862902,15.1,0.6,0.0,0.0,7.0,1.8968592631667593
2772,19,train_0013,12209.285157484846,10287.780539604202,78.77805396042022,0.0,12288.063211445267,14.22,0.66,0.0,0.0,7.0,1.8968592631667593
2773,19,train_0074,12784.050470239505,10226.060695148664,72.60606951486643,0.0,12856.65653975437,15.4,0.66,0.0,0.0,7.0,1.8968592631667593
2774,19,train_0485,12056.327445904208,9948.101337176242,44.8101337176242,0.0,12101.137579621833,16.16,0.58,0.0,0.0,7.0,1.8968592631667593
2775,19,train_0491,12861.607654432817,9886.39801624279,38.639801624279066,0.0,12900.247456057095,15.48,0.68,0.0,0.0,7.0,1.8968592631667593
2776,19,train_0138,12570.864181413981,10076.422790233586,57.64227902335861,0.0,12628.50646043734,16.26,0.68,0.0,0.0,7.0,1.8968592631667593
2777,19,train_0145,12602.69652541856,10166.376055765446,66.6376055765446,0.0,12669.334130995105,15.06,0.64,0.0,0.0,7.0,1.8968592631667593
2778,19,train_0039,12581.528602669803,10412.635639228421,91.26356392284215,0.0,12672.792166592646,17.28,0.68,0.0,0.0,7.0,1.8968592631667593
2779,19,train_0400,12852.409859209292,10428.245490735935,92.82454907359352,0.0,12945.234408282886,15.12,0.62,0.0,0.0,7.0,1.8968592631667593
2780,19,train_0180,12879.02049235654,10109.87733907469,60.987733907469014,0.0,12940.008226264008,16.0,0.66,0.0,0.0,7.0,1.8968592631667593
2781,19,train_0177,12645.456979182687,10172.104443770573,67.21044437705733,0.0,12712.667423559744,14.8,0.76,0.0,0.0,7.0,1.8968592631667593
2782,19,train_0525,12344.603700201453,10040.6520334718,54.06520334718007,0.0,12398.668903548632,14.18,0.58,0.0,0.0,7.0,1.8968592631667593
2783,19,train_0391,12420.528263401337,10323.444999409361,82.34449994093612,0.0,12502.872763342273,15.04,0.68,0.0,0.0,7.0,1.8968592631667593
2784,19,train_0437,11554.475986727863,9648.742761867372,14.87427618673719,0.0,11569.3502629146,16.4,0.82,0.0,0.0,7.0,1.8968592631667593
2785,19,train_0594,12115.776056862065,9968.379334902904,46.83793349029038,0.0,12162.613990352356,17.98,0.66,0.0,0.0,7.0,1.8968592631667593
2786,19,train_0033,12793.569337943594,10282.866272645015,78.28662726450148,0.0,12871.855965208095,14.96,0.62,0.0,0.0,7.0,1.8968592631667593
2787,19,train_0298,11766.710217877286,9984.834646804244,48.48346468042437,0.0,11815.19368255771,15.78,0.62,0.0,0.0,7.0,1.8968592631667593
2788,19,train_0596,12274.317515865441,10279.64714696306,77.96471469630598,0.0,12352.282230561746,16.82,0.68,0.0,0.0,7.0,1.8968592631667593
2789,19,train_0387,12020.765994075893,10218.045724714397,71.80457247143968,0.0,12092.570566547332,16.1,0.52,0.0,0.0,7.0,1.8968592631667593
2790,19,train_0382,12452.224627421083,10638.524965264747,113.85249652647472,0.0,12566.077123947558,16.5,0.68,0.0,0.0,7.0,1.8968592631667593
2791,19,train_0393,12428.875901784626,10471.508796739246,97.15087967392465,0.0,12526.026781458551,13.04,0.74,0.0,0.0,7.0,1.8968592631667593
2792,19,train_0393,12319.038329350224,10448.651278573372,94.86512785733721,0.0,12413.903457207562,14.18,0.64,0.0,0.0,7.0,1.8968592631667593
2793,19,train_0560,12519.861575044852,10189.197245390387,68.91972453903873,0.0,12588.78129958389,18.3,0.6,0.0,0.0,7.0,1.8968592631667593
2794,19,train_0259,12513.74306003161,10284.765883029297,78.47658830292967,0.0,12592.21964833454,13.84,0.68,0.0,0.0,7.0,1.8968592631667593
2795,19,train_0421,12800.792788567542,10458.638133203018,95.86381332030179,0.0,12896.656601887844,15.46,0.66,0.0,0.0,7.0,1.8968592631667593
2796,19,train_0316,12507.537022148661,10014.985796016386,51.49857960163863,0.0,12559.0356017503,14.4,0.78,0.0,0.0,7.0,1.8968592631667593
2797,19,train_0533,12051.225507100717,10423.347671809985,92.33476718099847,0.0,12143.560274281715,17.46,0.58,0.0,0.0,7.0,1.8968592631667593
2798,19,train_0000,12327.493324493775,9947.016913634652,44.701691363465216,0.0,12372.19501585724,16.42,0.6,0.0,0.0,7.0,1.8968592631667593
2799,19,train_0128,12058.271981351667,10005.39913245445,50.53991324544495,0.0,12108.811894597111,15.34,0.62,0.0,0.0,7.0,1.8968592631667593
2800,19,train_0219,12461.905989640061,10454.164793260978,95.41647932609777,0.0,12557.322468966158,16.04,0.62,0.0,0.0,7.0,1.8968592631667593
2801,19,train_0401,11994.563490757748,10112.819638076948,61.28196380769478,0.0,12055.845454565442,15.26,0.68,0.0,0.0,7.0,1.8968592631667593
2802,19,train_0424,12764.113203371184,10486.016097336105,98.60160973361053,0.0,12862.714813104794,19.14,0.56,0.0,0.0,7.0,1.8968592631667593
2803,19,train_0348,12405.060431953485,10486.64566737456,98.66456673745597,0.0,12503.724998690941,17.56,0.68,0.0,0.0,7.0,1.8968592631667593
2804,19,train_0349,12229.724198894837,10116.293252045833,61.62932520458326,0.0,12291.35352409942,15.62,0.74,0.0,0.0,7.0,1.8968592631667593
2805,19,train_0454,12749.396860629353,10707.723366948298,120.77233669482976,0.0,12870.169197324183,16.34,0.64,0.0,0.0,7.0,1.8968592631667593
2806,19,train_0139,12352.086929972664,10028.781830605614,52.878183060561426,0.0,12404.965113033226,14.1,0.7,0.0,0.0,7.0,1.8968592631667593
2807,19,train_0323,13004.61405964837,10315.54002577106,81.55400257710608,0.0,13086.168062225475,14.9,0.62,0.0,0.0,7.0,1.8968592631667593
2808,19,train_0526,12798.818574105375,9854.841582005945,35.48415820059454,0.0,12834.302732305969,17.0,0.72,0.0,0.0,7.0,1.8968592631667593
2809,19,train_0203,12677.903612025617,10737.97029395905,123.79702939590499,0.0,12801.700641421521,14.14,0.54,0.0,0.0,7.0,1.8968592631667593
2810,19,train_0393,12529.279464986934,10385.43015308604,88.54301530860394,0.0,12617.822480295537,13.22,0.8,0.0,0.0,7.0,1.8968592631667593
2811,19,train_0124,12659.998688487525,10432.852358284586,93.28523582845865,0.0,12753.283924315983,15.58,0.6,0.0,0.0,7.0,1.8968592631667593
2812,19,train_0332,12143.037127681597,10110.428737606679,61.04287376066787,0.0,12204.080001442264,15.64,0.56,0.0,0.0,7.0,1.8968592631667593
2813,19,train_0164,12492.39255433634,10099.203427662866,59.92034276628656,0.0,12552.312897102627,14.02,0.64,0.0,0.0,7.0,1.8968592631667593
2814,19,train_0015,12231.966818242094,10387.100344039696,88.71003440396963,0.0,12320.676852646064,16.38,0.58,0.0,0.0,7.0,1.8968592631667593
2815,19,train_0148,12526.570617649446,10557.238526508178,105.72385265081776,0.0,12632.294470300263,17.5,0.68,0.0,0.0,7.0,1.8968592631667593
2816,19,train_0252,12032.271203686545,10612.369340366062,111.23693403660619,0.0,12143.50813772315,14.0,0.66,0.0,0.0,7.0,1.8968592631667593
2817,19,train_0272,12567.921823875744,10102.26259480301,60.22625948030109,0.0,12628.148083356045,14.64,0.76,0.0,0.0,7.0,1.8968592631667593
2818,19,train_0091,12560.928502886723,10069.975994498858,56.997599449885826,0.0,12617.926102336609,15.56,0.66,0.0,0.0,7.0,1.8968592631667593
2819,19,train_0179,12112.769712232119,10302.093230890645,80.2093230890645,0.0,12192.979035321183,13.84,0.74,0.0,0.0,7.0,1.8968592631667593
2820,19,train_0132,12572.058682327839,10084.85986955872,58.48598695587207,0.0,12630.54466928371,18.5,0.82,0.0,0.0,7.0,1.8968592631667593
2821,19,train_0387,12223.849422535706,9914.832350622011,41.48323506220113,0.0,12265.332657597908,15.46,0.72,0.0,0.0,7.0,1.8968592631667593
2822,19,train_0369,12545.140782475602,10041.598428304922,54.1598428304922,0.0,12599.300625306094,14.4,0.62,0.0,0.0,7.0,1.8968592631667593
2823,19,train_0250,12282.270969999363,10202.31397641156,70.23139764115604,0.0,12352.502367640518,16.04,0.7,0.0,0.0,7.0,1.8968592631667593
2824,19,train_0453,12340.522464102487,10494.86914164025,99.48691416402508,0.0,12440.009378266512,17.64,0.72,0.0,0.0,7.0,1.8968592631667593
2825,19,train_0270,12666.258986864694,10250.372104413567,75.03721044135673,0.0,12741.29619730605,15.7,0.56,0.0,0.0,7.0,1.8968592631667593
2826,19,train_0110,12492.530274795927,10125.473842152005,62.54738421520051,0.0,12555.077659011127,17.48,0.62,0.0,0.0,7.0,1.8968592631667593
2827,19,train_0354,12117.941832358469,9907.844898844334,40.78448988443343,0.0,12158.726322242903,14.14,0.76,0.0,0.0,7.0,1.8968592631667593
2828,19,train_0038,12622.05449225333,10290.521319783134,79.05213197831345,0.0,12701.106624231643,18.94,0.48,0.0,0.0,7.0,1.8968592631667593
2829,19,train_0556,12829.622869128789,10107.79140654526,60.77914065452606,0.0,12890.402009783314,14.02,0.68,0.0,0.0,7.0,1.8968592631667593
2830,19,train_0261,12584.01617329945,10514.18366230607,101.41836623060699,0.0,12685.434539530057,15.38,0.6,0.0,0.0,7.0,1.8968592631667593
2831,19,train_0083,12333.840449177582,9952.868120813993,45.28681208139933,0.0,12379.127261258982,15.46,0.7,0.0,0.0,7.0,1.8968592631667593
2832,19,train_0309,12400.774398960868,10337.298448460777,83.7298448460777,0.0,12484.504243806945,12.88,0.72,0.0,0.0,7.0,1.8968592631667593
2833,19,train_0048,12694.39106693972,10122.928318324908,62.29283183249081,0.0,12756.68389877221,16.3,0.6,0.0,0.0,7.0,1.8968592631667593
2834,19,train_0269,12153.18440465096,9719.650146884127,21.965014688412705,0.0,12175.149419339372,15.86,0.5,0.0,0.0,7.0,1.8968592631667593
2835,19,train_0446,12076.912404981453,10211.957047263022,71.19570472630221,0.0,12148.108109707755,15.62,0.78,0.0,0.0,7.0,1.8968592631667593
2836,19,train_0257,12729.974489995493,10600.98928485456,110.09892848545606,0.0,12840.07341848095,14.62,0.52,0.0,0.0,7.0,1.8968592631667593
2837,19,train_0144,12945.958173323987,10688.580933872061,118.85809338720611,0.0,13064.816266711192,15.04,0.6,0.0,0.0,7.0,1.8968592631667593
2838,19,train_0522,12793.950613014582,10369.841626368947,86.9841626368947,0.0,12880.934775651476,15.9,0.66,0.0,0.0,7.0,1.8968592631667593
2839,19,train_0371,12224.24296130142,10338.034490159207,83.8034490159207,0.0,12308.04641031734,15.36,0.68,0.0,0.0,7.0,1.8968592631667593
2840,19,train_0183,12767.476612108227,10219.847874270901,71.98478742709013,0.0,12839.461399535317,14.24,0.64,0.0,0.0,7.0,1.8968592631667593
2841,19,train_0334,12540.797166975184,10288.355216948574,78.83552169485739,0.0,12619.63268867004,16.04,0.66,0.0,0.0,7.0,1.8968592631667593
2842,19,train_0010,12318.91669737369,10478.897807250178,97.88978072501777,0.0,12416.806478098708,17.0,0.64,0.0,0.0,7.0,1.8968592631667593
2843,19,train_0488,12578.395899107865,10185.614637272894,68.56146372728945,0.0,12646.957362835155,15.04,0.62,0.0,0.0,7.0,1.8968592631667593
2844,19,train_0595,12142.562765108214,10043.554837086936,54.35548370869365,0.0,12196.918248816908,16.28,0.6,0.0,0.0,7.0,1.8968592631667593
2845,19,train_0353,12238.541601964866,9951.938633361382,45.19386333613821,0.0,12283.735465301004,17.54,0.6,0.0,0.0,7.0,1.8968592631667593
2846,19,train_0305,12853.870165081376,9693.120734346283,19.312073434628292,0.0,12873.182238516005,15.5,0.66,0.0,0.0,7.0,1.8968592631667593
2847,19,train_0320,12440.592944246895,10346.829838389982,84.6829838389982,0.0,12525.275928085894,14.96,0.54,0.0,0.0,7.0,1.8968592631667593
2848,19,train_0079,12534.447993847654,10189.339995938732,68.93399959387317,0.0,12603.381993441528,16.28,0.64,0.0,0.0,7.0,1.8968592631667593
2849,19,train_0123,12564.718695475154,10262.06037633802,76.20603763380204,0.0,12640.924733108955,16.68,0.7,0.0,0.0,7.0,1.8968592631667593
2850,19,train_0092,12802.538438614069,10367.499230120478,86.74992301204784,0.0,12889.288361626117,16.66,0.62,0.0,0.0,7.0,1.8968592631667593
2851,19,train_0042,12371.365508654279,10319.605858977211,81.9605858977211,0.0,12453.326094552,15.66,0.66,0.0,0.0,7.0,1.8968592631667593
2852,19,train_0462,12394.528471221893,10285.66757723471,78.56675772347099,0.0,12473.095228945363,16.34,0.76,0.0,0.0,7.0,1.8968592631667593
2853,19,train_0527,12381.519538393328,9986.951961383518,48.695196138351825,0.0,12430.214734531679,15.96,0.58,0.0,0.0,7.0,1.8968592631667593
2854,19,train_0216,12223.446201351528,10052.383427035924,55.238342703592394,0.0,12278.68454405512,16.06,0.54,0.0,0.0,7.0,1.8968592631667593
2855,19,train_0459,12414.533041373648,10729.16815428733,122.91681542873303,0.0,12537.449856802381,17.4,0.66,0.0,0.0,7.0,1.8968592631667593
2856,19,train_0277,12720.458842134412,10201.48289571482,70.14828957148202,0.0,12790.607131705894,16.38,0.66,0.0,0.0,7.0,1.8968592631667593
2857,19,train_0108,12831.377755905087,10141.791568690129,64.17915686901289,0.0,12895.5569127741,18.8,0.72,0.0,0.0,7.0,1.8968592631667593
2858,19,train_0229,12722.020936692265,10813.914168168929,131.3914168168929,0.0,12853.412353509157,16.06,0.82,0.0,0.0,7.0,1.8968592631667593
2859,19,train_0060,12300.229260837492,10827.19672514133,132.71967251413298,0.0,12432.948933351625,16.2,0.72,0.0,0.0,7.0,1.8968592631667593
2860,19,train_0563,12687.66757894298,10108.694634768131,60.869463476813145,0.0,12748.537042419792,14.8,0.56,0.0,0.0,7.0,1.8968592631667593
2861,19,train_0339,12466.987115488793,10655.388155982026,115.53881559820258,0.0,12582.525931086995,16.72,0.66,0.0,0.0,7.0,1.8968592631667593
2862,19,train_0366,12389.016088007116,10320.866054636408,82.08660546364081,0.0,12471.102693470757,15.48,0.64,0.0,0.0,7.0,1.8968592631667593
2863,19,train_0127,12607.308451717661,10162.839351113169,66.2839351113169,0.0,12673.592386828977,14.86,0.56,0.0,0.0,7.0,1.8968592631667593
2864,19,train_0545,12733.530564916302,9813.068562385706,31.306856238570617,0.0,12764.837421154873,19.02,0.8,0.0,0.0,7.0,1.8968592631667593
2865,19,train_0391,12385.033896762594,10358.59892306499,85.85989230649903,0.0,12470.893789069092,15.12,0.6,0.0,0.0,7.0,1.8968592631667593
2866,19,train_0407,12444.622963872807,10280.334012878617,78.03340128786168,0.0,12522.656365160668,16.88,0.68,0.0,0.0,7.0,1.8968592631667593
2867,19,train_0502,12813.479438110804,10171.746764220123,67.17467642201227,0.0,12880.654114532816,14.98,0.72,0.0,0.0,7.0,1.8968592631667593
2868,19,train_0323,12868.125850735276,10314.821657451375,81.48216574513754,0.0,12949.608016480413,17.44,0.66,0.0,0.0,7.0,1.8968592631667593
2869,19,train_0585,12743.659794274517,10322.241017674392,82.22410176743925,0.0,12825.883896041956,14.58,0.7,0.0,0.0,7.0,1.8968592631667593
2870,19,train_0177,12245.392392098009,10346.681146181225,84.6681146181225,0.0,12330.06050671613,12.96,0.54,0.0,0.0,7.0,1.8968592631667593
2871,19,train_0157,12436.162816935775,10285.325775410694,78.53257754106944,0.0,12514.695394476845,15.22,0.7,0.0,0.0,7.0,1.8968592631667593
2872,19,train_0453,12335.882121253686,10529.74327752243,102.97432775224297,0.0,12438.856449005929,17.24,0.68,0.0,0.0,7.0,1.8968592631667593
2873,19,train_0559,12625.111257972148,10359.46579302273,85.94657930227295,0.0,12711.057837274422,18.38,0.62,0.0,0.0,7.0,1.8968592631667593
2874,19,train_0357,12208.316423828011,10355.340306242495,85.53403062424951,0.0,12293.85045445226,14.98,0.74,0.0,0.0,7.0,1.8968592631667593
2875,19,train_0115,12718.277695153045,10426.52185931129,92.65218593112895,0.0,12810.929881084174,15.24,0.68,0.0,0.0,7.0,1.8968592631667593
2876,19,train_0385,12813.858672861685,10699.450187439423,119.94501874394228,0.0,12933.803691605626,16.22,0.66,0.0,0.0,7.0,1.8968592631667593
2877,19,train_0154,12671.716834062783,10444.310267395787,94.43102673957874,0.0,12766.147860802363,17.88,0.48,0.0,0.0,7.0,1.8968592631667593
2878,19,train_0029,12311.293984051092,10013.20798464366,51.32079846436609,0.0,12362.614782515459,16.46,0.62,0.0,0.0,7.0,1.8968592631667593
2879,19,train_0137,12091.89251005575,10279.172589620672,77.91725896206718,0.0,12169.809769017817,16.34,0.54,0.0,0.0,7.0,1.8968592631667593
2880,19,train_0207,12159.573148035666,10064.76925263443,56.476925263443086,0.0,12216.05007329911,14.3,0.76,0.0,0.0,7.0,1.8968592631667593
2881,19,train_0408,12156.163243175084,10164.653510820803,66.46535108208028,0.0,12222.628594257165,13.96,0.76,0.0,0.0,7.0,1.8968592631667593
2882,19,train_0024,12103.383481794535,10005.934978391932,50.593497839193155,0.0,12153.976979633728,15.48,0.66,0.0,0.0,7.0,1.8968592631667593
2883,19,train_0105,12534.213098359407,10303.488125701228,80.34881257012276,0.0,12614.56191092953,14.6,0.72,0.0,0.0,7.0,1.8968592631667593
2884,19,train_0184,12322.06608715367,10251.977961795048,75.1977961795048,0.0,12397.263883333175,15.72,0.64,0.0,0.0,7.0,1.8968592631667593
2885,19,train_0125,12448.241469771949,9960.484770440533,46.04847704405329,0.0,12494.289946816001,17.26,0.7,0.0,0.0,7.0,1.8968592631667593
2886,19,train_0339,12684.145043040153,10731.714190918854,123.17141909188541,0.0,12807.316462132037,16.8,0.76,0.0,0.0,7.0,1.8968592631667593
2887,19,train_0134,12550.70630992247,10715.422491663488,121.54224916634885,0.0,12672.24855908882,13.3,0.72,0.0,0.0,7.0,1.8968592631667593
2888,19,train_0278,12430.716255777188,10010.39856649763,51.03985664976299,0.0,12481.75611242695,16.94,0.64,0.0,0.0,7.0,1.8968592631667593
2889,19,train_0394,12470.566439778957,10361.934860151712,86.19348601517123,0.0,12556.759925794127,15.34,0.58,0.0,0.0,7.0,1.8968592631667593
2890,19,train_0360,12433.901631496716,9868.342658387277,36.834265838727696,0.0,12470.735897335444,17.68,0.68,0.0,0.0,7.0,1.8968592631667593
2891,19,train_0519,12857.169039077453,10759.75215962959,125.97521596295901,0.0,12983.144255040412,17.88,0.52,0.0,0.0,7.0,1.8968592631667593
2892,19,train_0199,12805.033557487044,10301.251734325388,80.12517343253876,0.0,12885.158730919582,15.64,0.82,0.0,0.0,7.0,1.8968592631667593
2893,19,train_0197,12738.047350861096,10438.829219403844,93.8829219403844,0.0,12831.93027280148,14.88,0.6,0.0,0.0,7.0,1.8968592631667593
2894,19,train_0332,12120.723912799054,10368.735137261821,86.87351372618214,0.0,12207.597426525237,15.08,0.64,0.0,0.0,7.0,1.8968592631667593
2895,19,train_0343,13150.323920536914,10532.703995260947,103.27039952609466,0.0,13253.594320063008,17.14,0.66,0.0,0.0,7.0,1.8968592631667593
2896,19,train_0512,12406.317798917215,10222.99197721664,72.29919772166396,0.0,12478.616996638879,16.14,0.72,0.0,0.0,7.0,1.8968592631667593
2897,19,train_0551,12343.945011930891,10045.935952768214,54.59359527682136,0.0,12398.538607207713,16.14,0.68,0.0,0.0,7.0,1.8968592631667593
2898,19,train_0587,11974.167080615036,10465.608505586855,96.56085055868553,0.0,12070.727931173722,17.82,0.58,0.0,0.0,7.0,1.8968592631667593
2899,19,train_0513,12278.073500375374,10251.889322621957,75.1889322621957,0.0,12353.26243263757,16.2,0.66,0.0,0.0,7.0,1.8968592631667593
2900,19,train_0450,12326.313490876135,9988.77198662637,48.877198662637056,0.0,12375.190689538773,14.9,0.68,0.0,0.0,7.0,1.8968592631667593
2901,19,train_0199,12728.989126158733,10240.21979386461,74.02197938646096,0.0,12803.011105545194,14.6,0.62,0.0,0.0,7.0,1.8968592631667593
2902,19,train_0296,12538.183032672827,10605.749758170345,110.57497581703447,0.0,12648.758008489862,13.06,0.64,0.0,0.0,7.0,1.8968592631667593
2903,19,train_0352,12031.884830830713,10113.191157244806,61.31911572448062,0.0,12093.203946555193,16.2,0.66,0.0,0.0,7.0,1.8968592631667593
2904,19,train_0195,12811.328667624843,10590.307851391815,109.03078513918155,0.0,12920.359452764023,17.5,0.7,0.0,0.0,7.0,1.8968592631667593
2905,19,train_0291,12365.371714108709,10522.120082531714,102.21200825317138,0.0,12467.58372236188,16.96,0.7,0.0,0.0,7.0,1.8968592631667593
2906,19,train_0500,12291.826987410357,10050.138221055848,55.01382210558477,0.0,12346.840809515941,15.9,0.66,0.0,0.0,7.0,1.8968592631667593
2907,19,train_0275,12387.152323081053,10298.472717705677,79.84727177056776,0.0,12466.99959485162,14.86,0.6,0.0,0.0,7.0,1.8968592631667593
2908,19,train_0307,12331.040718591152,10399.157728434595,89.9157728434595,0.0,12420.956491434612,16.54,0.68,0.0,0.0,7.0,1.8968592631667593
2909,19,train_0439,12360.847322079087,10260.11058022552,76.01105802255206,0.0,12436.85838010164,13.78,0.7,0.0,0.0,7.0,1.8968592631667593
2910,19,train_0228,12598.714273647049,9985.654556895814,48.56545568958136,0.0,12647.27972933663,15.62,0.7,0.0,0.0,7.0,1.8968592631667593
2911,19,train_0267,12494.157800079218,10342.973862935918,84.29738629359181,0.0,12578.45518637281,15.14,0.6,0.0,0.0,7.0,1.8968592631667593
2912,20,train_0038,12724.141470880688,10088.617677246599,58.86176772465988,0.0,12783.003238605348,18.66,0.74,0.0,0.0,7.0,1.8968592631667593
2913,20,train_0336,12633.729449170063,9988.982134055219,48.89821340552189,0.0,12682.627662575585,16.6,0.62,0.0,0.0,7.0,1.8968592631667593
2914,20,train_0479,12883.880720540787,10556.93182915218,105.69318291521796,0.0,12989.573903456005,17.32,0.64,0.0,0.0,7.0,1.8968592631667593
2915,20,train_0111,12222.406313277153,10233.29469663585,73.32946966358504,0.0,12295.73578294074,14.54,0.74,0.0,0.0,7.0,1.8968592631667593
2916,20,train_0482,11897.314792271307,10154.777942397912,65.47779423979118,0.0,11962.792586511097,15.78,0.54,0.0,0.0,7.0,1.8968592631667593
2917,20,train_0258,12941.586708098297,10453.657988170864,95.3657988170864,0.0,13036.952506915384,15.8,0.78,0.0,0.0,7.0,1.8968592631667593
2918,20,train_0122,12496.69285553525,9952.284050237027,45.22840502370273,0.0,12541.921260558953,15.96,0.72,0.0,0.0,7.0,1.8968592631667593
2919,20,train_0115,12772.759148330828,10601.74289229927,110.17428922992696,0.0,12882.933437560754,16.6,0.68,0.0,0.0,7.0,1.8968592631667593
2920,20,train_0492,12513.009276801866,9976.736480557662,47.67364805576617,0.0,12560.682924857632,17.24,0.6,0.0,0.0,7.0,1.8968592631667593
2921,20,train_0167,12298.75507201584,10020.32148959479,52.032148959478945,0.0,12350.787220975319,15.68,0.84,0.0,0.0,7.0,1.8968592631667593
2922,20,train_0575,12870.729527170333,10546.266830892557,104.62668308925568,0.0,12975.35621025959,17.08,0.6,0.0,0.0,7.0,1.8968592631667593
2923,20,train_0543,12744.40688631232,10406.323352766247,90.6323352766247,0.0,12835.039221588944,16.16,0.8,0.0,0.0,7.0,1.8968592631667593
2924,20,train_0232,12559.258516738473,10051.74156162401,55.174156162401054,0.0,12614.432672900874,16.24,0.56,0.0,0.0,7.0,1.8968592631667593
2925,20,train_0012,12622.181562547776,10863.404731490748,136.34047314907477,0.0,12758.522035696851,16.18,0.68,0.0,0.0,7.0,1.8968592631667593
2926,20,train_0506,12103.802930375614,10143.701565612393,64.37015656123931,0.0,12168.173086936853,14.78,0.72,0.0,0.0,7.0,1.8968592631667593
2927,20,train_0478,12646.441582066254,10290.647333996545,79.06473339965451,0.0,12725.50631546591,15.24,0.7,0.0,0.0,7.0,1.8968592631667593
2928,20,train_0275,12689.475261764721,10138.549268574472,63.85492685744721,0.0,12753.330188622169,15.06,0.7,0.0,0.0,7.0,1.8968592631667593
2929,20,train_0233,13148.492639082846,10568.75267524963,106.87526752496306,0.0,13255.36790660781,15.3,0.56,0.0,0.0,7.0,1.8968592631667593
2930,20,train_0417,12420.556007020132,10110.846798633153,61.08467986331525,0.0,12481.640686883447,15.14,0.7,0.0,0.0,7.0,1.8968592631667593
2931,20,train_0125,12143.330957136941,10216.392786090171,71.63927860901713,0.0,12214.970235745957,16.3,0.72,0.0,0.0,7.0,1.8968592631667593
2932,20,train_0093,12094.197201144943,10029.596856349513,52.95968563495135,0.0,12147.156886779894,17.4,0.82,0.0,0.0,7.0,1.8968592631667593
2933,20,train_0316,12289.641339772013,10260.99771652956,76.09977165295605,0.0,12365.74111142497,15.56,0.74,0.0,0.0,7.0,1.8968592631667593
2934,20,train_0488,12637.005401616636,10197.15716936946,69.71571693694605,0.0,12706.721118553582,14.68,0.6,0.0,0.0,7.0,1.8968592631667593
2935,20,train_0331,12306.542330175238,10147.416677199377,64.7416677199377,0.0,12371.283997895176,17.58,0.68,0.0,0.0,7.0,1.8968592631667593
2936,20,train_0022,12795.007235414116,10111.7816165451,61.17816165451004,0.0,12856.185397068626,16.26,0.8,0.0,0.0,7.0,1.8968592631667593
2937,20,train_0502,12996.928078607769,10223.580911619929,72.35809116199289,0.0,13069.286169769763,14.2,0.74,0.0,0.0,7.0,1.8968592631667593
2938,20,train_0185,12378.3433843162,10370.5312025303,87.05312025302993,0.0,12465.39650456923,15.92,0.76,0.0,0.0,7.0,1.8968592631667593
2939,20,train_0388,12523.239898948028,10500.687917208728,100.06879172087284,0.0,12623.3086906689,14.44,0.74,0.0,0.0,7.0,1.8968592631667593
2940,20,train_0048,12672.576146010819,10228.900229047436,72.89002290474365,0.0,12745.466168915562,15.9,0.68,0.0,0.0,7.0,1.8968592631667593
2941,20,train_0453,12525.915852905215,10303.45821236265,80.34582123626497,0.0,12606.26167414148,17.48,0.72,0.0,0.0,7.0,1.8968592631667593
2942,20,train_0412,12169.076698905923,10313.044417307741,81.30444173077413,0.0,12250.381140636697,15.98,0.7,0.0,0.0,7.0,1.8968592631667593
2943,20,train_0062,12305.127445617698,10271.057391654758,77.10573916547582,0.0,12382.233184783174,15.62,0.62,0.0,0.0,7.0,1.8968592631667593
2944,20,train_0100,11968.905558675506,9989.084376834218,48.90843768342184,0.0,12017.813996358927,14.52,0.68,0.0,0.0,7.0,1.8968592631667593
2945,20,train_0000,12592.63882233308,9750.18494673448,25.018494673448004,0.0,12617.657317006528,15.82,0.64,0.0,0.0,7.0,1.8968592631667593
2946,20,train_0148,12493.459295527387,10480.840027447488,98.0840027447488,0.0,12591.543298272136,16.36,0.66,0.0,0.0,7.0,1.8968592631667593
2947,20,train_0571,12279.14350564819,10287.665544368545,78.7665544368545,0.0,12357.910060085043,16.5,0.68,0.0,0.0,7.0,1.8968592631667593
2948,20,train_0088,12565.14970455601,10287.040154197914,78.70401541979136,0.0,12643.853719975801,17.08,0.62,0.0,0.0,7.0,1.8968592631667593
2949,20,train_0198,12134.666311019551,9688.736865205265,18.873686520526462,0.0,12153.539997540078,16.54,0.74,0.0,0.0,7.0,1.8968592631667593
2950,20,train_0586,12364.098028473154,10373.752804480722,87.37528044807223,0.0,12451.473308921226,16.18,0.6,0.0,0.0,7.0,1.8968592631667593
2951,20,train_0314,12226.3683177478,10060.147224716933,56.01472247169332,0.0,12282.383040219493,15.92,0.68,0.0,0.0,7.0,1.8968592631667593
2952,20,train_0102,12252.428056690303,10375.865278923084,87.58652789230837,0.0,12340.014584582612,14.1,0.64,0.0,0.0,7.0,1.8968592631667593
2953,20,train_0042,12483.904828205694,10438.039642757507,93.8039642757507,0.0,12577.708792481444,16.1,0.54,0.0,0.0,7.0,1.8968592631667593
2954,20,train_0595,12269.740655219244,9836.045680172221,33.60456801722212,0.0,12303.345223236467,15.32,0.66,0.0,0.0,7.0,1.8968592631667593
2955,20,train_0434,12598.635740810789,10466.100600410458,96.61006004104584,0.0,12695.245800851835,15.46,0.6,0.0,0.0,7.0,1.8968592631667593
2956,20,train_0089,12356.077442717098,10566.553262503807,106.65532625038068,0.0,12462.732768967478,15.9,0.68,0.0,0.0,7.0,1.8968592631667593
2957,20,train_0403,12740.540702999431,10590.877342520209,109.0877342520209,0.0,12849.628437251453,13.78,0.7,0.0,0.0,7.0,1.8968592631667593
2958,20,train_0544,12668.634119488204,10849.605463167387,134.9605463167387,0.0,12803.594665804943,14.62,0.68,0.0,0.0,7.0,1.8968592631667593
2959,20,train_0544,12849.708368803706,10507.720374154014,100.77203741540143,0.0,12950.480406219107,15.46,0.64,0.0,0.0,7.0,1.8968592631667593
2960,20,train_0230,12457.607457426051,10354.758494665286,85.4758494665286,0.0,12543.08330689258,15.76,0.66,0.0,0.0,7.0,1.8968592631667593
2961,20,train_0262,12453.209450964392,10834.351884521277,133.43518845212768,0.0,12586.64463941652,15.28,0.72,0.0,0.0,7.0,1.8968592631667593
2962,20,train_0403,12758.178719811232,10295.852709264786,79.58527092647856,0.0,12837.76399073771,14.0,0.54,0.0,0.0,7.0,1.8968592631667593
2963,20,train_0458,13016.303022099142,10373.650723835453,87.36507238354534,0.0,13103.668094482688,15.58,0.78,0.0,0.0,7.0,1.8968592631667593
2964,20,train_0342,12280.242967209382,10201.1551176118,70.11551176117992,0.0,12350.358478970562,17.92,0.76,0.0,0.0,7.0,1.8968592631667593
2965,20,train_0060,12772.162583511676,10214.119197660348,71.41191976603477,0.0,12843.57450327771,15.84,0.74,0.0,0.0,7.0,1.8968592631667593
2966,20,train_0572,12655.594845927735,10336.466469101191,83.64664691011913,0.0,12739.241492837855,14.64,0.7,0.0,0.0,7.0,1.8968592631667593
2967,20,train_0036,12192.905875004217,10303.340891234726,80.3340891234726,0.0,12273.23996412769,16.86,0.72,0.0,0.0,7.0,1.8968592631667593
2968,20,train_0239,12727.82400166969,10241.399986106144,74.13999861061438,0.0,12801.964000280303,14.0,0.62,0.0,0.0,7.0,1.8968592631667593
2969,20,train_0477,12296.677585470201,9805.282170565011,30.528217056501127,0.0,12327.205802526702,14.42,0.68,0.0,0.0,7.0,1.8968592631667593
2970,20,train_0413,13009.101946884997,10718.226906895832,121.82269068958323,0.0,13130.92463757458,15.3,0.54,0.0,0.0,7.0,1.8968592631667593
2971,20,train_0279,12704.202161972113,10214.282144501303,71.42821445013033,0.0,12775.630376422243,15.94,0.66,0.0,0.0,7.0,1.8968592631667593
2972,20,train_0080,12718.517543282673,10373.062042310994,87.3062042310994,0.0,12805.823747513772,16.0,0.72,0.0,0.0,7.0,1.8968592631667593
2973,20,train_0520,12032.26320830849,10122.639132300763,62.26391323007629,0.0,12094.527121538566,15.14,0.64,0.0,0.0,7.0,1.8968592631667593
2974,20,train_0193,12659.33285962263,10255.900785285332,75.5900785285332,0.0,12734.922938151163,13.88,0.76,0.0,0.0,7.0,1.8968592631667593
2975,20,train_0367,12508.215233948089,10068.211177062221,56.82111770622214,0.0,12565.036351654311,13.96,0.66,0.0,0.0,7.0,1.8968592631667593
2976,20,train_0055,12447.700919427842,10524.752721153605,102.47527211536054,0.0,12550.176191543202,13.98,0.8,0.0,0.0,7.0,1.8968592631667593
2977,20,train_0596,12399.78782333692,10193.839817646412,69.38398176464125,0.0,12469.17180510156,17.66,0.62,0.0,0.0,7.0,1.8968592631667593
2978,20,train_0189,12230.636911437257,10184.321604067682,68.43216040676816,0.0,12299.069071844026,15.34,0.62,0.0,0.0,7.0,1.8968592631667593
2979,20,train_0219,12240.18025695657,10489.30221395898,98.93022139589795,0.0,12339.110478352468,15.84,0.68,0.0,0.0,7.0,1.8968592631667593
2980,20,train_0566,12174.420748247805,10073.473198932637,57.347319893263744,0.0,12231.76806814107,15.08,0.7,0.0,0.0,7.0,1.8968592631667593
2981,20,train_0577,13126.548350457124,10769.457648172924,126.94576481729237,0.0,13253.494115274416,15.06,0.76,0.0,0.0,7.0,1.8968592631667593
2982,20,train_0196,12082.690182602233,10445.581196436586,94.55811964365859,0.0,12177.248302245891,14.42,0.7,0.0,0.0,7.0,1.8968592631667593
2983,20,train_0553,11965.467228771739,9678.69824042651,17.86982404265109,0.0,11983.33705281439,16.4,0.82,0.0,0.0,7.0,1.8968592631667593
2984,20,train_0231,12423.528792729043,10433.787185265704,93.37871852657045,0.0,12516.907511255613,15.56,0.6,0.0,0.0,7.0,1.8968592631667593
2985,20,train_0042,12158.014550121405,10480.711828254052,98.07118282540523,0.0,12256.085732946809,15.24,0.68,0.0,0.0,7.0,1.8968592631667593
2986,20,train_0172,12348.292221831161,10212.788219820799,71.2788219820799,0.0,12419.571043813241,17.14,0.82,0.0,0.0,7.0,1.8968592631667593
2987,20,train_0381,12159.069578209606,9975.560406441975,47.556040644197495,0.0,12206.625618853805,15.24,0.66,0.0,0.0,7.0,1.8968592631667593
2988,20,train_0276,12560.175037146222,9996.185546101031,49.6185546101031,0.0,12609.793591756325,15.46,0.74,0.0,0.0,7.0,1.8968592631667593
2989,20,train_0405,12673.249965439896,10099.831881984455,59.98318819844553,0.0,12733.233153638343,16.24,0.74,0.0,0.0,7.0,1.8968592631667593
2990,20,train_0046,12174.341196548601,9851.491149737727,35.149114973772704,0.0,12209.490311522373,16.98,0.64,0.0,0.0,7.0,1.8968592631667593
2991,20,train_0054,12765.23315746145,10045.182561655205,54.51825616552051,0.0,12819.751413626971,16.82,0.64,0.0,0.0,7.0,1.8968592631667593
2992,20,train_0318,12382.92534512026,10382.995360951565,88.29953609515651,0.0,12471.224881215418,17.76,0.68,0.0,0.0,7.0,1.8968592631667593
2993,20,train_0305,12450.049277215472,10155.20622014861,65.52062201486096,0.0,12515.569899230333,17.1,0.72,0.0,0.0,7.0,1.8968592631667593
2994,20,train_0127,12653.253324564012,10326.04191831443,82.60419183144296,0.0,12735.857516395454,15.78,0.54,0.0,0.0,7.0,1.8968592631667593
2995,20,train_0229,12915.45608988425,10343.684285728174,84.36842857281736,0.0,12999.824518457068,15.3,0.66,0.0,0.0,7.0,1.8968592631667593
2996,20,train_0188,12614.075825237542,10228.64912958361,72.86491295836095,0.0,12686.940738195903,14.38,0.74,0.0,0.0,7.0,1.8968592631667593
2997,20,train_0300,12275.613469041247,9848.791203841793,34.87912038417926,0.0,12310.492589425427,14.78,0.76,0.0,0.0,7.0,1.8968592631667593
2998,20,train_0375,12630.95270065746,10301.030550890318,80.10305508903184,0.0,12711.055755746493,15.68,0.7,0.0,0.0,7.0,1.8968592631667593
2999,20,train_0117,11889.398594104743,10195.595854989257,69.55958549892567,0.0,11958.95817960367,16.94,0.66,0.0,0.0,7.0,1.8968592631667593
3000,20,train_0060,12728.080924991325,10163.539709461478,66.35397094614783,0.0,12794.434895937473,17.3,0.58,0.0,0.0,7.0,1.8968592631667593
3001,20,train_0164,12214.604561748629,10239.164157099323,73.91641570993234,0.0,12288.520977458562,13.78,0.74,0.0,0.0,7.0,1.8968592631667593
3002,20,train_0551,12028.29351942457,10115.346916301885,61.53469163018854,0.0,12089.828211054757,15.9,0.72,0.0,0.0,7.0,1.8968592631667593
3003,20,train_0239,12306.222909743541,10522.012536669716,102.20125366697158,0.0,12408.424163410513,14.46,0.68,0.0,0.0,7.0,1.8968592631667593
3004,20,train_0126,12562.99823504114,10227.838188617709,72.78381886177085,0.0,12635.78205390291,15.78,0.6,0.0,0.0,7.0,1.8968592631667593
3005,20,train_0126,12327.623516417567,10446.855756261688,94.6855756261688,0.0,12422.309092043735,16.72,0.72,0.0,0.0,7.0,1.8968592631667593
3006,20,train_0558,13181.43121150208,10413.913583006903,91.39135830069027,0.0,13272.82256980277,14.84,0.68,0.0,0.0,7.0,1.8968592631667593
3007,20,train_0132,12180.09662313541,10271.829718056035,77.18297180560349,0.0,12257.279594941014,16.18,0.74,0.0,0.0,7.0,1.8968592631667593
