episode,update,scenario_id,electricity_cost,carbon_emissions_kg,carbon_trading_cost,carbon_trading_revenue,system_cost,mean_start_delay_slots,remote_subtask_fraction,fallback_actions,capacity_violations,decision_epochs
0,0,train_0511,12365.04593062155,10195.480019012062,69.54800190120623,0.0,12434.593932522757,15.16,0.6,0.0,0.0,5.0
1,0,train_0107,12678.622646357646,10366.867956002752,86.68679560027522,0.0,12765.309441957921,16.4,0.62,0.0,0.0,5.0
2,0,train_0015,12399.216724677064,10258.554655134607,75.8554655134607,0.0,12475.072190190525,15.34,0.76,0.0,0.0,5.0
3,0,train_0383,12055.572998900254,10097.946418864925,59.79464188649254,0.0,12115.367640786746,16.48,0.78,0.0,0.0,5.0
4,0,train_0219,12303.248827401225,10505.38000970172,100.53800097017194,0.0,12403.786828371396,16.98,0.72,0.0,0.0,5.0
5,0,train_0280,12651.283608646661,10316.749549378017,81.67495493780172,0.0,12732.958563584463,16.68,0.66,0.0,0.0,5.0
6,0,train_0047,12354.693583549875,10080.941435813707,58.09414358137074,0.0,12412.787727131246,14.74,0.7,0.0,0.0,5.0
7,0,train_0222,12673.302247628999,10374.51194987372,87.45119498737205,0.0,12760.753442616371,17.52,0.6,0.0,0.0,5.0
8,0,train_0386,12427.21338652777,10450.029695793466,95.00296957934661,0.0,12522.216356107117,13.56,0.58,0.0,0.0,5.0
9,0,train_0212,12135.471156914784,10324.099859145928,82.40998591459284,0.0,12217.881142829377,15.08,0.56,0.0,0.0,5.0
10,0,train_0498,12300.435626842785,10573.845692066556,107.38456920665558,0.0,12407.82019604944,14.92,0.58,0.0,0.0,5.0
11,0,train_0474,12404.6081832738,10760.106404427788,126.01064044277882,0.0,12530.618823716579,15.06,0.52,0.0,0.0,5.0
12,0,train_0422,12460.560060703974,10687.804761733938,118.78047617339381,0.0,12579.340536877367,15.14,0.54,0.0,0.0,5.0
13,0,train_0543,12648.065670971962,10637.286972921767,113.72869729217673,0.0,12761.79436826414,16.2,0.5,0.0,0.0,5.0
14,0,train_0432,12369.681423453483,10271.734577267971,77.1734577267971,0.0,12446.85488118028,15.4,0.82,0.0,0.0,5.0
15,0,train_0106,12634.16852500708,10787.47726265248,128.7477262652479,0.0,12762.916251272329,18.04,0.52,0.0,0.0,5.0
16,0,train_0515,12029.031422250708,10541.53205902404,104.15320590240408,0.0,12133.184628153112,17.46,0.62,0.0,0.0,5.0
17,0,train_0391,12281.899954382543,10380.953841073639,88.09538410736387,0.0,12369.995338489907,15.36,0.7,0.0,0.0,5.0
18,0,train_0059,12484.806904328514,10683.85623111252,118.38562311125207,0.0,12603.192527439765,14.6,0.7,0.0,0.0,5.0
19,0,train_0178,12224.804638355004,10184.204792925231,68.42047929252313,0.0,12293.225117647527,15.78,0.58,0.0,0.0,5.0
20,0,train_0099,12158.218815035281,9968.20549076097,46.82054907609709,0.0,12205.039364111379,16.84,0.52,0.0,0.0,5.0
21,0,train_0580,12849.396202332495,10584.32805980145,108.43280598014499,0.0,12957.82900831264,16.1,0.66,0.0,0.0,5.0
22,0,train_0436,12427.789288634565,10586.78755812954,108.67875581295394,0.0,12536.46804444752,16.62,0.8,0.0,0.0,5.0
23,0,train_0551,12059.413095800319,10160.930315288177,66.09303152881766,0.0,12125.506127329136,14.96,0.62,0.0,0.0,5.0
24,0,train_0169,12082.59958005872,10202.135940736542,70.21359407365416,0.0,12152.813174132374,15.96,0.64,0.0,0.0,5.0
25,0,train_0381,12037.432963427571,10251.973389135044,75.19733891350442,0.0,12112.630302341075,15.52,0.64,0.0,0.0,5.0
26,0,train_0362,12106.13962174869,10256.924517395515,75.69245173955152,0.0,12181.832073488242,15.78,0.66,0.0,0.0,5.0
27,0,train_0451,12885.792911882687,10424.216200054365,92.4216200054365,0.0,12978.214531888123,17.48,0.74,0.0,0.0,5.0
28,0,train_0070,11781.172322616832,10096.45471046647,59.645471046647074,0.0,11840.81779366348,14.86,0.54,0.0,0.0,5.0
29,0,train_0309,12390.343968546007,10439.716303943986,93.97163039439857,0.0,12484.315598940406,14.44,0.66,0.0,0.0,5.0
30,0,train_0386,12388.876761070347,10326.29636820436,82.62963682043592,0.0,12471.506397890784,15.1,0.62,0.0,0.0,5.0
31,0,train_0495,12069.658884074812,10619.687985594277,111.96879855942771,0.0,12181.62768263424,19.12,0.82,0.0,0.0,5.0
32,0,train_0393,12195.160680697945,10608.190627609638,110.81906276096379,0.0,12305.979743458909,13.52,0.54,0.0,0.0,5.0
33,0,train_0269,11904.085872218377,9822.672243333673,32.26722433336727,0.0,11936.353096551744,14.62,0.56,0.0,0.0,5.0
34,0,train_0276,12086.314598332332,10330.819922444978,83.08199224449783,0.0,12169.39659057683,13.42,0.72,0.0,0.0,5.0
35,0,train_0203,12688.793426520984,10869.30296576551,136.93029657655097,0.0,12825.723723097535,14.56,0.56,0.0,0.0,5.0
36,0,train_0094,11951.986650949435,9912.706329386569,41.27063293865686,0.0,11993.257283888091,18.14,0.58,0.0,0.0,5.0
37,0,train_0166,12192.770483783195,10296.87301188532,79.687301188532,0.0,12272.457784971728,14.64,0.64,0.0,0.0,5.0
38,0,train_0087,12548.711739591716,10731.319079411722,123.13190794117219,0.0,12671.843647532887,15.6,0.62,0.0,0.0,5.0
39,0,train_0135,12409.085839197267,10484.849208089056,98.48492080890556,0.0,12507.570760006172,16.44,0.62,0.0,0.0,5.0
40,0,train_0512,12503.674275541915,10173.911061701132,67.3911061701132,0.0,12571.065381712027,15.66,0.6,0.0,0.0,5.0
41,0,train_0315,12855.858803321671,10466.706546666715,96.67065466667155,0.0,12952.529457988343,17.3,0.76,0.0,0.0,5.0
42,0,train_0054,12515.677725906895,10210.441982761724,71.0441982761724,0.0,12586.721924183068,16.54,0.68,0.0,0.0,5.0
43,0,train_0258,12609.327254271411,11033.513645335292,153.35136453352916,0.0,12762.678618804941,15.26,0.62,0.0,0.0,5.0
44,0,train_0162,11757.824536290784,9948.072096121408,44.80720961214084,0.0,11802.631745902925,16.62,0.6,0.0,0.0,5.0
45,0,train_0397,12072.348763247057,10496.33391359218,99.63339135921797,0.0,12171.982154606274,15.88,0.66,0.0,0.0,5.0
46,0,train_0498,12450.334174812546,10778.607517481283,127.86075174812832,0.0,12578.194926560675,16.08,0.66,0.0,0.0,5.0
47,0,train_0007,13240.379406333013,11367.76820408411,186.77682040841103,0.0,13427.156226741425,15.54,0.56,0.0,0.0,5.0
48,0,train_0279,12175.86672674672,10349.024794205401,84.90247942054012,0.0,12260.76920616726,17.58,0.68,0.0,0.0,5.0
49,0,train_0268,12316.615156628959,10737.397186883387,123.7397186883387,0.0,12440.354875317298,15.78,0.7,0.0,0.0,5.0
50,0,train_0594,12291.1901932178,9959.241992307396,45.92419923073958,0.0,12337.11439244854,18.02,0.68,0.0,0.0,5.0
51,0,train_0219,12540.387408839359,10504.193926264532,100.4193926264532,0.0,12640.806801465811,15.9,0.62,0.0,0.0,5.0
52,0,train_0099,11675.95552201006,10291.866840662055,79.18668406620546,0.0,11755.142206076265,18.74,0.62,0.0,0.0,5.0
53,0,train_0117,12178.2873035983,9905.69293587606,40.56929358760608,0.0,12218.856597185906,15.82,0.68,0.0,0.0,5.0
54,0,train_0286,12796.149022626949,10855.838020695497,135.5838020695497,0.0,12931.732824696499,15.6,0.64,0.0,0.0,5.0
55,0,train_0356,12793.623227361466,10218.08309593986,71.8083095939861,0.0,12865.431536955452,16.08,0.62,0.0,0.0,5.0
56,0,train_0195,12703.66593805734,10837.235418476444,133.72354184764444,0.0,12837.389479904985,19.22,0.62,0.0,0.0,5.0
57,0,train_0261,12336.606742947351,10574.481823751994,107.4481823751994,0.0,12444.05492532255,16.32,0.84,0.0,0.0,5.0
58,0,train_0397,11837.27315305468,10548.586124304029,104.8586124304029,0.0,11942.131765485083,15.02,0.68,0.0,0.0,5.0
59,0,train_0179,12346.546285071792,10353.250914908216,85.32509149082162,0.0,12431.871376562614,14.5,0.6,0.0,0.0,5.0
60,0,train_0578,12270.824209488572,10201.638629001509,70.16386290015089,0.0,12340.988072388722,19.48,0.58,0.0,0.0,5.0
61,0,train_0125,11758.96056814225,10361.067208639222,86.10672086392225,0.0,11845.067289006172,16.76,0.54,0.0,0.0,5.0
62,0,train_0561,12380.098874963314,10808.671458860683,130.8671458860683,0.0,12510.966020849382,14.8,0.6,0.0,0.0,5.0
63,0,train_0524,11942.681175502392,10305.568782913953,80.55687829139534,0.0,12023.238053793788,17.44,0.6,0.0,0.0,5.0
64,0,train_0574,12472.094986282726,10580.230245629358,108.02302456293583,0.0,12580.118010845661,14.04,0.72,0.0,0.0,5.0
65,0,train_0478,12460.823509739865,10316.970161982663,81.69701619826628,0.0,12542.520525938131,16.32,0.58,0.0,0.0,5.0
66,0,train_0317,12470.324014878077,10225.475354691347,72.54753546913471,0.0,12542.871550347212,14.06,0.6,0.0,0.0,5.0
67,0,train_0364,12580.498374327679,10416.531328304964,91.65313283049636,0.0,12672.151507158174,18.36,0.58,0.0,0.0,5.0
68,0,train_0124,12320.641766389661,10955.338458020422,145.5338458020422,0.0,12466.175612191702,17.4,0.74,0.0,0.0,5.0
69,0,train_0207,11658.616628761321,10269.921000500566,76.99210005005662,0.0,11735.608728811378,13.8,0.68,0.0,0.0,5.0
70,0,train_0277,12211.21389994381,10362.140360812095,86.21403608120946,0.0,12297.42793602502,15.46,0.68,0.0,0.0,5.0
71,0,train_0568,12788.65745965816,10879.654943893154,137.96549438931544,0.0,12926.622954047474,17.44,0.54,0.0,0.0,5.0
72,0,train_0476,12271.942994318739,10499.107600607482,99.91076006074819,0.0,12371.853754379486,18.52,0.64,0.0,0.0,5.0
73,0,train_0338,12298.063576610584,10606.119000530187,110.6119000530187,0.0,12408.675476663602,15.46,0.64,0.0,0.0,5.0
74,0,train_0357,12148.811409214773,10084.410267703515,58.44102677035153,0.0,12207.252435985125,15.68,0.72,0.0,0.0,5.0
75,0,train_0259,12460.925404264151,10722.489904942315,122.24899049423148,0.0,12583.174394758384,15.3,0.66,0.0,0.0,5.0
76,0,train_0251,12375.758943693934,10421.454499174559,92.14544991745589,0.0,12467.90439361139,13.9,0.66,0.0,0.0,5.0
77,0,train_0540,12429.36725052563,10561.108372409633,106.11083724096335,0.0,12535.478087766594,15.48,0.62,0.0,0.0,5.0
78,0,train_0002,12600.580509550913,10029.325999656201,52.932599965620106,0.0,12653.513109516532,13.84,0.66,0.0,0.0,5.0
79,0,train_0191,12380.304624389679,10699.382547242869,119.93825472428689,0.0,12500.242879113966,15.14,0.6,0.0,0.0,5.0
80,0,train_0245,12292.515268781855,10011.462544297854,51.14625442978541,0.0,12343.66152321164,15.78,0.58,0.0,0.0,5.0
81,0,train_0417,12166.134429388705,10207.929290541064,70.7929290541064,0.0,12236.927358442812,15.26,0.64,0.0,0.0,5.0
82,0,train_0247,12365.832966065303,10794.195051980389,129.41950519803888,0.0,12495.252471263342,16.26,0.6,0.0,0.0,5.0
83,0,train_0188,12653.24992328398,10440.069727533119,94.00697275331186,0.0,12747.256896037292,15.42,0.56,0.0,0.0,5.0
84,0,train_0047,12325.139638208677,10093.197576388018,59.319757638801825,0.0,12384.459395847478,14.2,0.66,0.0,0.0,5.0
85,0,train_0156,12405.918366333026,10428.77932239751,92.87793223975096,0.0,12498.796298572777,17.24,0.58,0.0,0.0,5.0
86,0,train_0063,12334.851035668538,10898.573587279727,139.8573587279727,0.0,12474.708394396512,16.18,0.62,0.0,0.0,5.0
87,0,train_0420,12464.65747255321,10415.946808165678,91.59468081656779,0.0,12556.252153369778,15.34,0.6,0.0,0.0,5.0
88,0,train_0256,12605.92222419553,10433.387701981817,93.33877019818175,0.0,12699.260994393711,16.06,0.68,0.0,0.0,5.0
89,0,train_0136,12227.94868657885,10488.991854979073,98.89918549790728,0.0,12326.847872076756,17.86,0.7,0.0,0.0,5.0
90,0,train_0324,12366.125631403604,10247.806624073382,74.78066240733824,0.0,12440.906293810942,14.28,0.64,0.0,0.0,5.0
91,0,train_0295,12460.079986410303,10087.253644340624,58.725364434062435,0.0,12518.805350844365,16.72,0.58,0.0,0.0,5.0
92,0,train_0283,12502.696140567015,10360.856805437776,86.08568054377757,0.0,12588.781821110793,15.9,0.7,0.0,0.0,5.0
93,0,train_0348,12733.794350051865,10404.097811289586,90.40978112895864,0.0,12824.204131180824,16.74,0.72,0.0,0.0,5.0
94,0,train_0375,12492.04682874039,10543.462607266425,104.34626072664251,0.0,12596.393089467032,15.36,0.64,0.0,0.0,5.0
95,0,train_0113,12184.831895722036,10321.9931563804,82.19931563804003,0.0,12267.031211360076,16.46,0.72,0.0,0.0,5.0
96,0,train_0093,12041.509289950423,10066.835934294697,56.683593429469695,0.0,12098.192883379894,18.54,0.68,0.0,0.0,5.0
97,0,train_0438,12311.175164834653,10226.913942190213,72.69139421902128,0.0,12383.866559053673,16.4,0.62,0.0,0.0,5.0
98,0,train_0583,12240.690794372633,10419.027080106976,91.90270801069765,0.0,12332.59350238333,16.04,0.56,0.0,0.0,5.0
99,0,train_0329,12378.08413875695,10338.995625166062,83.89956251660624,0.0,12461.983701273557,16.9,0.68,0.0,0.0,5.0
100,0,train_0270,12404.856377150338,10449.467519983353,94.94675199833529,0.0,12499.803129148673,16.56,0.7,0.0,0.0,5.0
101,0,train_0372,12609.750496527962,10700.870220294582,120.08702202945824,0.0,12729.83751855742,16.84,0.7,0.0,0.0,5.0
102,0,train_0020,12791.235961829989,10701.46184015856,120.14618401585595,0.0,12911.382145845844,15.56,0.56,0.0,0.0,5.0
103,0,train_0223,12259.975388261882,10439.271038140774,93.92710381407743,0.0,12353.90249207596,14.62,0.56,0.0,0.0,5.0
104,0,train_0215,12416.595842003107,10719.073081803184,121.90730818031844,0.0,12538.503150183426,16.54,0.68,0.0,0.0,5.0
105,0,train_0252,12087.940379818456,10390.318438535445,89.03184385354453,0.0,12176.972223672,14.46,0.7,0.0,0.0,5.0
106,0,train_0446,11991.711326273202,10330.50739321192,83.05073932119194,0.0,12074.762065594394,16.6,0.68,0.0,0.0,5.0
107,0,train_0296,12646.345613921943,10387.764738001068,88.77647380010677,0.0,12735.12208772205,15.96,0.68,0.0,0.0,5.0
108,0,train_0513,12301.101154710086,10290.695882083226,79.06958820832261,0.0,12380.170742918408,15.78,0.62,0.0,0.0,5.0
109,0,train_0281,12747.425251661061,10611.703280676573,111.1703280676573,0.0,12858.595579728719,16.1,0.7,0.0,0.0,5.0
110,0,train_0020,12762.81708904805,10859.97101768334,135.99710176833398,0.0,12898.814190816385,13.46,0.64,0.0,0.0,5.0
111,0,train_0405,12771.302692022447,10828.0713650558,132.8071365055799,0.0,12904.109828528028,15.76,0.6,0.0,0.0,5.0
112,0,train_0478,12324.838728358887,10603.883444402378,110.38834444023779,0.0,12435.227072799125,16.64,0.66,0.0,0.0,5.0
113,0,train_0346,12650.851533830457,10733.309374629354,123.33093746293544,0.0,12774.182471293392,15.98,0.62,0.0,0.0,5.0
114,0,train_0562,12144.336330196618,10814.049818415278,131.40498184152784,0.0,12275.741312038146,14.18,0.58,0.0,0.0,5.0
115,0,train_0249,12400.345150824947,10639.656123211722,113.9656123211722,0.0,12514.310763146119,16.0,0.52,0.0,0.0,5.0
116,0,train_0478,12637.778022605764,10253.104383648773,75.31043836487734,0.0,12713.08846097064,16.34,0.68,0.0,0.0,5.0
117,0,train_0001,12343.678341285384,10027.656328663958,52.765632866395755,0.0,12396.44397415178,13.58,0.6,0.0,0.0,5.0
118,0,train_0023,12331.970714804738,9918.659562461924,41.865956246192404,0.0,12373.83667105093,15.7,0.68,0.0,0.0,5.0
119,0,train_0476,12209.038725194252,10531.996420297079,103.19964202970787,0.0,12312.23836722396,18.84,0.64,0.0,0.0,5.0
120,0,train_0524,11911.13898500173,9967.464373533478,46.74643735334776,0.0,11957.885422355077,17.02,0.66,0.0,0.0,5.0
121,0,train_0311,12560.103200884909,10657.303205563,115.73032055629993,0.0,12675.833521441209,15.86,0.68,0.0,0.0,5.0
122,0,train_0451,12352.451098268957,10865.01079302109,136.50107930210908,0.0,12488.952177571065,16.46,0.56,0.0,0.0,5.0
123,0,train_0195,12685.259432926887,10780.253817553368,128.02538175533684,0.0,12813.284814682223,18.44,0.72,0.0,0.0,5.0
124,0,train_0436,12732.720236493464,10624.454567147794,112.44545671477937,0.0,12845.165693208242,16.4,0.6,0.0,0.0,5.0
125,0,train_0299,12306.915609456773,10340.84535719073,84.08453571907303,0.0,12391.000145175847,14.06,0.64,0.0,0.0,5.0
126,0,train_0182,12646.135982132007,10956.224405408637,145.6224405408637,0.0,12791.75842267287,16.46,0.66,0.0,0.0,5.0
127,0,train_0056,11892.440214252363,10200.833556546486,70.08335565464859,0.0,11962.52356990701,17.06,0.68,0.0,0.0,5.0
128,0,train_0104,12308.739905785227,10434.03195005868,93.40319500586793,0.0,12402.143100791094,17.06,0.6,0.0,0.0,5.0
129,0,train_0542,12026.338979964316,10482.451720997948,98.24517209979477,0.0,12124.58415206411,14.96,0.68,0.0,0.0,5.0
130,0,train_0266,12615.7335069306,10507.636338423563,100.76363384235628,0.0,12716.497140772955,15.98,0.66,0.0,0.0,5.0
131,0,train_0593,12162.831949817848,10533.937576636697,103.39375766366976,0.0,12266.225707481517,14.08,0.66,0.0,0.0,5.0
132,0,train_0211,12326.88177761326,10574.079762178424,107.40797621784242,0.0,12434.289753831103,17.28,0.7,0.0,0.0,5.0
133,0,train_0035,12870.937899748626,10845.428802365115,134.54288023651154,0.0,13005.480779985137,17.8,0.6,0.0,0.0,5.0
134,0,train_0153,12133.258675267942,10517.870671771569,101.78706717715687,0.0,12235.045742445098,17.98,0.56,0.0,0.0,5.0
135,0,train_0214,12221.944924004005,10083.896842242564,58.38968422425642,0.0,12280.33460822826,16.02,0.62,0.0,0.0,5.0
136,0,train_0420,12261.33954085815,10468.475097935385,96.84750979353849,0.0,12358.187050651688,15.56,0.8,0.0,0.0,5.0
137,0,train_0438,11961.670384557317,10688.40437452804,118.84043745280397,0.0,12080.510822010121,17.48,0.66,0.0,0.0,5.0
138,0,train_0442,12669.65990431113,10746.460849112356,124.64608491123563,0.0,12794.305989222365,14.84,0.68,0.0,0.0,5.0
139,0,train_0188,12422.205530784764,10540.545964793075,104.05459647930748,0.0,12526.260127264071,15.22,0.74,0.0,0.0,5.0
140,0,train_0228,12489.59301473103,10138.589599327799,63.85895993277991,0.0,12553.45197466381,14.48,0.68,0.0,0.0,5.0
141,0,train_0340,12538.922656581217,10087.478241631663,58.7478241631663,0.0,12597.670480744384,16.62,0.58,0.0,0.0,5.0
142,0,train_0363,12613.569184111791,10413.583735471891,91.35837354718916,0.0,12704.92755765898,15.48,0.6,0.0,0.0,5.0
143,0,train_0249,12237.385717787445,10755.403189265138,125.54031892651383,0.0,12362.92603671396,16.8,0.52,0.0,0.0,5.0
144,0,train_0114,12408.318665924055,10406.754579888042,90.6754579888042,0.0,12498.994123912858,16.1,0.66,0.0,0.0,5.0
145,0,train_0464,12389.16886032627,10457.641674996486,95.76416749964865,0.0,12484.933027825919,15.86,0.6,0.0,0.0,5.0
146,0,train_0312,11977.150375506837,10321.864347263796,82.1864347263796,0.0,12059.336810233217,15.8,0.7,0.0,0.0,5.0
147,0,train_0575,12914.555196248553,10473.112922416663,97.31129224166635,0.0,13011.86648849022,17.0,0.62,0.0,0.0,5.0
148,0,train_0567,13196.454516975904,10862.330600878595,136.23306008785949,0.0,13332.687577063763,16.92,0.58,0.0,0.0,5.0
149,0,train_0533,12221.709981815868,10015.238538520905,51.52385385209055,0.0,12273.233835667957,17.16,0.7,0.0,0.0,5.0
150,0,train_0576,12402.681155281018,10054.305351097739,55.430535109773885,0.0,12458.111690390791,14.22,0.6,0.0,0.0,5.0
151,0,train_0372,12640.027904059758,10610.247316791,111.02473167909994,0.0,12751.052635738857,16.86,0.66,0.0,0.0,5.0
152,0,train_0178,12427.312623525322,10260.55616165338,76.05561616533797,0.0,12503.36823969066,14.36,0.76,0.0,0.0,5.0
153,0,train_0096,12735.790739189315,10326.359307560126,82.63593075601257,0.0,12818.426669945327,16.14,0.66,0.0,0.0,5.0
154,0,train_0063,12594.246972547846,10613.556730859831,111.35567308598311,0.0,12705.60264563383,15.58,0.48,0.0,0.0,5.0
155,0,train_0568,12754.82749339271,10587.83231124069,108.78323112406906,0.0,12863.610724516779,17.18,0.7,0.0,0.0,5.0
156,0,train_0162,11799.42433462429,10029.514746041856,52.95147460418557,0.0,11852.375809228475,16.64,0.6,0.0,0.0,5.0
157,0,train_0014,12326.88347809959,10613.224226773571,111.32242267735711,0.0,12438.205900776946,18.06,0.6,0.0,0.0,5.0
158,0,train_0022,12410.076044859648,10616.991935525493,111.69919355254933,0.0,12521.775238412198,17.12,0.58,0.0,0.0,5.0
159,0,train_0178,12213.343362543888,10297.010060712111,79.70100607121113,0.0,12293.0443686151,13.92,0.66,0.0,0.0,5.0
160,0,train_0587,12385.08888734957,10216.907099792897,71.69070997928975,0.0,12456.77959732886,16.8,0.6,0.0,0.0,5.0
161,0,train_0168,12431.739108588608,10899.19515783317,139.919515783317,0.0,12571.658624371925,15.68,0.72,0.0,0.0,5.0
162,0,train_0061,12228.494414482406,10675.83781411188,117.58378141118793,0.0,12346.078195893593,16.74,0.5,0.0,0.0,5.0
163,0,train_0403,12794.510669875777,10717.221875434458,121.72218754344577,0.0,12916.232857419223,13.74,0.7,0.0,0.0,5.0
164,0,train_0035,12930.336919586513,11082.00420846363,158.200420846363,0.0,13088.537340432875,16.88,0.7,0.0,0.0,5.0
165,0,train_0292,12484.974062354471,10401.8377171283,90.18377171282992,0.0,12575.1578340673,16.76,0.56,0.0,0.0,5.0
166,0,train_0051,12692.431725757462,10305.877239638041,80.5877239638041,0.0,12773.019449721267,16.28,0.66,0.0,0.0,5.0
167,0,train_0055,12639.690425436762,10372.759553600501,87.2759553600501,0.0,12726.966380796812,14.88,0.66,0.0,0.0,5.0
168,0,train_0216,12164.462814912436,10100.298218435291,60.029821843529135,0.0,12224.492636755966,18.9,0.76,0.0,0.0,5.0
169,0,train_0007,13025.022653717831,10995.495854277779,149.54958542777786,0.0,13174.57223914561,14.78,0.68,0.0,0.0,5.0
170,0,train_0510,12959.915557033273,10540.602950350996,104.06029503509963,0.0,13063.975852068374,16.74,0.66,0.0,0.0,5.0
171,0,train_0362,12100.116249978317,10337.176243609681,83.71762436096816,0.0,12183.833874339285,16.56,0.6,0.0,0.0,5.0
172,0,train_0560,12203.265831915225,10593.30931887147,109.33093188714702,0.0,12312.596763802372,17.56,0.64,0.0,0.0,5.0
173,0,train_0294,12171.850235954105,10329.585462730742,82.95854627307418,0.0,12254.80878222718,14.7,0.6,0.0,0.0,5.0
174,0,train_0333,12560.866591978356,10779.156617596456,127.91566175964563,0.0,12688.782253738002,15.32,0.74,0.0,0.0,5.0
175,0,train_0360,12397.98528265121,10076.779295603828,57.677929560382836,0.0,12455.663212211593,15.06,0.64,0.0,0.0,5.0
176,0,train_0279,12457.144285478777,10536.328365917758,103.63283659177578,0.0,12560.777122070553,15.74,0.7,0.0,0.0,5.0
177,0,train_0338,12503.2969180408,10404.433141340545,90.44331413405453,0.0,12593.740232174854,15.92,0.66,0.0,0.0,5.0
178,0,train_0343,13070.146788170248,10740.095696918863,124.00956969188628,0.0,13194.156357862135,17.04,0.62,0.0,0.0,5.0
179,0,train_0534,12108.59963833578,10453.346917868072,95.33469178680717,0.0,12203.934330122587,15.98,0.74,0.0,0.0,5.0
180,0,train_0182,12833.967492815309,10550.50590319532,105.05059031953206,0.0,12939.01808313484,14.78,0.64,0.0,0.0,5.0
181,0,train_0551,12056.769931615134,10217.091354609169,71.70913546091688,0.0,12128.47906707605,16.0,0.7,0.0,0.0,5.0
182,0,train_0103,12164.479532890757,10347.892339320675,84.78923393206752,0.0,12249.268766822825,16.24,0.76,0.0,0.0,5.0
183,0,train_0112,12491.982642320228,10397.546601272028,89.75466012720281,0.0,12581.737302447431,15.92,0.72,0.0,0.0,5.0
184,0,train_0153,12195.921553605538,10513.14493036078,101.31449303607806,0.0,12297.236046641616,16.84,0.58,0.0,0.0,5.0
185,0,train_0565,12706.939878957033,10598.346017430524,109.83460174305237,0.0,12816.774480700085,15.9,0.6,0.0,0.0,5.0
186,0,train_0146,12212.570591390286,10340.010207926714,84.00102079267145,0.0,12296.571612182957,15.02,0.74,0.0,0.0,5.0
187,0,train_0472,12579.33136155991,10305.03507406591,80.50350740659105,0.0,12659.834868966502,16.52,0.7,0.0,0.0,5.0
188,0,train_0349,12134.889215267382,10196.688282441712,69.66882824417117,0.0,12204.558043511553,16.84,0.58,0.0,0.0,5.0
189,0,train_0383,12125.030661742003,10199.128436460433,69.91284364604326,0.0,12194.943505388046,15.72,0.56,0.0,0.0,5.0
190,0,train_0046,12134.523338392217,10229.56762011838,72.95676201183797,0.0,12207.480100404055,16.64,0.64,0.0,0.0,5.0
191,0,train_0395,12115.166807082212,10433.760965872898,93.3760965872898,0.0,12208.542903669502,15.66,0.62,0.0,0.0,5.0
192,1,train_0041,12305.388602028683,10381.585332187933,88.15853321879331,0.0,12393.547135247476,14.0,0.68,0.0,0.0,5.0
193,1,train_0327,12786.387661445395,10259.201026519082,75.92010265190821,0.0,12862.307764097302,16.54,0.62,0.0,0.0,5.0
194,1,train_0472,12589.09128691374,10995.309566088688,149.53095660886885,0.0,12738.622243522608,15.98,0.64,0.0,0.0,5.0
195,1,train_0550,12369.383299475498,10285.842643052829,78.58426430528289,0.0,12447.967563780781,17.32,0.64,0.0,0.0,5.0
196,1,train_0593,12523.932724886787,9985.199752984332,48.5199752984332,0.0,12572.45270018522,13.86,0.82,0.0,0.0,5.0
197,1,train_0139,12391.181002460005,10090.12789870234,59.01278987023397,0.0,12450.19379233024,14.44,0.72,0.0,0.0,5.0
198,1,train_0460,12817.886374870877,10031.622392944228,53.16223929442276,0.0,12871.0486141653,15.3,0.64,0.0,0.0,5.0
199,1,train_0359,12294.626083791572,10673.621655376319,117.36216553763188,0.0,12411.988249329204,15.24,0.72,0.0,0.0,5.0
200,1,train_0440,12756.310723077366,10802.847950861877,130.28479508618767,0.0,12886.595518163553,15.92,0.72,0.0,0.0,5.0
201,1,train_0488,12307.77381965682,10637.833984423058,113.78339844230578,0.0,12421.557218099126,14.46,0.46,0.0,0.0,5.0
202,1,train_0284,12191.40625724371,10748.890036626763,124.88900366267626,0.0,12316.295260906387,15.32,0.44,0.0,0.0,5.0
203,1,train_0080,12568.903642360532,10589.01637269737,108.90163726973697,0.0,12677.805279630269,16.28,0.66,0.0,0.0,5.0
204,1,train_0473,12135.218553918188,10356.897437468428,85.68974374684277,0.0,12220.908297665032,18.18,0.6,0.0,0.0,5.0
205,1,train_0369,12206.344027321276,10437.36082921095,93.73608292109493,0.0,12300.080110242372,14.92,0.64,0.0,0.0,5.0
206,1,train_0080,12713.995500011868,10736.091368264031,123.60913682640313,0.0,12837.60463683827,13.76,0.66,0.0,0.0,5.0
207,1,train_0241,12321.66254966386,10212.97605401919,71.29760540191891,0.0,12392.960155065779,15.38,0.58,0.0,0.0,5.0
208,1,train_0087,12390.768220571743,11215.73706581572,171.57370658157197,0.0,12562.341927153315,15.74,0.58,0.0,0.0,5.0
209,1,train_0459,12390.01178968901,10628.905863899783,112.89058638997831,0.0,12502.902376078988,16.56,0.78,0.0,0.0,5.0
210,1,train_0200,12500.377478617385,10342.481825830346,84.24818258303458,0.0,12584.62566120042,16.7,0.7,0.0,0.0,5.0
211,1,train_0040,12598.034239384528,10686.644817378094,118.66448173780937,0.0,12716.698721122337,17.32,0.7,0.0,0.0,5.0
212,1,train_0170,11988.595422837263,10324.038582804618,82.40385828046183,0.0,12070.999281117725,17.04,0.66,0.0,0.0,5.0
213,1,train_0364,12161.379921388974,10781.998237898337,128.1998237898337,0.0,12289.579745178808,18.82,0.7,0.0,0.0,5.0
214,1,train_0354,11981.346858718724,10195.59422757891,69.55942275789094,0.0,12050.906281476615,16.26,0.68,0.0,0.0,5.0
215,1,train_0514,12077.735095193204,10708.6449155201,120.86449155201008,0.0,12198.599586745215,14.4,0.5,0.0,0.0,5.0
216,1,train_0216,12071.525568090576,10533.638568754512,103.36385687545118,0.0,12174.889424966026,17.54,0.74,0.0,0.0,5.0
217,1,train_0377,11942.618672131455,10865.27028323818,136.52702832381803,0.0,12079.145700455274,18.08,0.62,0.0,0.0,5.0
218,1,train_0566,12341.986465129146,10048.051470854807,54.80514708548071,0.0,12396.791612214627,13.46,0.72,0.0,0.0,5.0
219,1,train_0192,12629.835007311107,10343.486582439016,84.34865824390164,0.0,12714.183665555009,17.18,0.74,0.0,0.0,5.0
220,1,train_0018,12608.963471940126,10432.70504628923,93.27050462892294,0.0,12702.233976569049,16.08,0.7,0.0,0.0,5.0
221,1,train_0393,12279.974577132514,10520.61060210962,102.06106021096203,0.0,12382.035637343477,13.52,0.56,0.0,0.0,5.0
222,1,train_0360,12402.956929001139,10389.946342467649,88.99463424676487,0.0,12491.951563247903,15.7,0.7,0.0,0.0,5.0
223,1,train_0202,12462.07509317763,10577.849510697215,107.7849510697215,0.0,12569.86004424735,15.52,0.6,0.0,0.0,5.0
224,1,train_0337,11977.090321429223,10338.94612856696,83.89461285669604,0.0,12060.98493428592,18.04,0.6,0.0,0.0,5.0
225,1,train_0401,12022.260860191866,10042.975918687665,54.297591868766546,0.0,12076.558452060632,17.06,0.62,0.0,0.0,5.0
226,1,train_0490,12166.557855434687,10325.831993893124,82.58319938931237,0.0,12249.141054823998,13.96,0.76,0.0,0.0,5.0
227,1,train_0077,11969.215226388715,10421.8548721774,92.18548721774005,0.0,12061.400713606454,15.9,0.6,0.0,0.0,5.0
228,1,train_0282,12060.692282396189,10259.425238275513,75.94252382755131,0.0,12136.63480622374,16.18,0.72,0.0,0.0,5.0
229,1,train_0167,12254.414079952858,10345.463283732151,84.54632837321515,0.0,12338.960408326073,15.2,0.62,0.0,0.0,5.0
230,1,train_0200,12504.877891489577,10318.177234133713,81.81772341337128,0.0,12586.695614902948,16.64,0.72,0.0,0.0,5.0
231,1,train_0019,12412.544387439691,10687.47869963269,118.74786996326894,0.0,12531.29225740296,15.34,0.64,0.0,0.0,5.0
232,1,train_0253,11849.775417749093,10310.370605767279,81.0370605767279,0.0,11930.81247832582,17.5,0.7,0.0,0.0,5.0
233,1,train_0050,12366.513393220797,10292.30893433711,79.23089343371103,0.0,12445.744286654508,15.7,0.56,0.0,0.0,5.0
234,1,train_0555,12096.059380492836,10327.544978395284,82.75449783952845,0.0,12178.813878332365,17.06,0.58,0.0,0.0,5.0
235,1,train_0332,12132.744755731981,10094.47920726309,59.447920726308986,0.0,12192.19267645829,16.66,0.7,0.0,0.0,5.0
236,1,train_0252,12102.091693429651,10617.874391977497,111.7874391977497,0.0,12213.8791326274,15.06,0.72,0.0,0.0,5.0
237,1,train_0139,12111.925579924915,10434.5446327854,93.45446327854006,0.0,12205.380043203455,14.22,0.7,0.0,0.0,5.0
238,1,train_0563,12347.986442089137,10454.594619751364,95.4594619751364,0.0,12443.445904064274,15.78,0.66,0.0,0.0,5.0
239,1,train_0309,12588.591122154168,10240.025153839131,74.00251538391312,0.0,12662.59363753808,13.72,0.54,0.0,0.0,5.0
240,1,train_0591,12456.364761855528,10561.016294501278,106.1016294501278,0.0,12562.466391305656,15.74,0.72,0.0,0.0,5.0
241,1,train_0395,11918.122479934467,10388.020357978134,88.80203579781337,0.0,12006.92451573228,15.92,0.72,0.0,0.0,5.0
242,1,train_0596,12546.415027530085,10155.726166069875,65.57261660698751,0.0,12611.987644137072,14.64,0.74,0.0,0.0,5.0
243,1,train_0528,12289.47614077651,10650.12984720737,115.01298472073705,0.0,12404.489125497248,15.84,0.78,0.0,0.0,5.0
244,1,train_0445,12796.523097656982,11114.733843203863,161.47338432038634,0.0,12957.996481977369,18.88,0.66,0.0,0.0,5.0
245,1,train_0213,12148.3295820603,10585.053847128194,108.50538471281943,0.0,12256.83496677312,16.6,0.62,0.0,0.0,5.0
246,1,train_0466,12600.374891468084,10392.975308348017,89.29753083480173,0.0,12689.672422302885,18.12,0.62,0.0,0.0,5.0
247,1,train_0191,12568.586201587892,10556.798972053031,105.67989720530313,0.0,12674.266098793196,15.52,0.68,0.0,0.0,5.0
248,1,train_0515,12451.895599243553,10490.870047173932,99.08700471739321,0.0,12550.982603960947,15.8,0.72,0.0,0.0,5.0
249,1,train_0188,12398.635624796989,10667.611316612594,116.76113166125943,0.0,12515.396756458249,14.7,0.52,0.0,0.0,5.0
250,1,train_0046,12225.369005543898,9963.007025342198,46.30070253421982,0.0,12271.669708078118,17.94,0.74,0.0,0.0,5.0
251,1,train_0070,11896.872936068305,10195.014514084458,69.50145140844579,0.0,11966.37438747675,15.0,0.64,0.0,0.0,5.0
252,1,train_0272,12318.066724782155,10404.847684500692,90.48476845006917,0.0,12408.551493232224,15.86,0.72,0.0,0.0,5.0
253,1,train_0397,12280.074650665276,10208.236233479107,70.8236233479107,0.0,12350.898274013187,15.22,0.68,0.0,0.0,5.0
254,1,train_0173,12614.460664252396,10531.08219494559,103.10821949455895,0.0,12717.568883746955,17.64,0.74,0.0,0.0,5.0
255,1,train_0491,12213.900370324583,10503.773197397055,100.3773197397055,0.0,12314.27769006429,15.46,0.56,0.0,0.0,5.0
256,1,train_0153,12328.360704843984,10316.86669188108,81.68666918810796,0.0,12410.047374032092,16.06,0.6,0.0,0.0,5.0
257,1,train_0283,12415.574296167379,10537.93244813532,103.79324481353197,0.0,12519.367540980911,16.56,0.64,0.0,0.0,5.0
258,1,train_0201,12394.714393881914,10406.905854573837,90.69058545738372,0.0,12485.404979339297,17.42,0.7,0.0,0.0,5.0
259,1,train_0334,12477.586580661851,10427.595805566165,92.7595805566165,0.0,12570.346161218467,17.24,0.58,0.0,0.0,5.0
260,1,train_0113,12190.615820058842,10444.507557378469,94.45075573784689,0.0,12285.066575796689,17.82,0.58,0.0,0.0,5.0
261,1,train_0575,12880.732523845012,10678.327413770283,117.8327413770283,0.0,12998.56526522204,18.16,0.7,0.0,0.0,5.0
262,1,train_0555,12282.774175646322,10310.703252315472,81.07032523154722,0.0,12363.844500877869,15.92,0.72,0.0,0.0,5.0
263,1,train_0419,12479.128128998062,10456.199488513983,95.6199488513983,0.0,12574.74807784946,15.72,0.66,0.0,0.0,5.0
264,1,train_0318,12144.273683060634,10648.01098921074,114.80109892107394,0.0,12259.074781981708,15.72,0.7,0.0,0.0,5.0
265,1,train_0447,12268.03220559552,10436.109540535335,93.61095405353353,0.0,12361.643159649055,16.28,0.6,0.0,0.0,5.0
266,1,train_0281,12379.343463308764,10891.047005088845,139.10470050888452,0.0,12518.448163817648,15.52,0.72,0.0,0.0,5.0
267,1,train_0533,12094.308968665136,10211.549859957931,71.15498599579314,0.0,12165.463954660929,15.72,0.64,0.0,0.0,5.0
268,1,train_0039,12362.703539272708,10964.324345251713,146.43243452517126,0.0,12509.13597379788,16.4,0.7,0.0,0.0,5.0
269,1,train_0129,12978.869678080147,10583.500403186352,108.3500403186352,0.0,13087.219718398783,14.96,0.66,0.0,0.0,5.0
270,1,train_0273,12567.116622385192,10468.135223774243,96.8135223774243,0.0,12663.930144762617,16.94,0.68,0.0,0.0,5.0
271,1,train_0390,12547.506281934615,10625.538179741447,112.55381797414466,0.0,12660.06009990876,18.2,0.68,0.0,0.0,5.0
272,1,train_0424,12622.372415392192,10996.909110278506,149.6909110278506,0.0,12772.063326420042,17.2,0.68,0.0,0.0,5.0
273,1,train_0430,12170.537413477774,10538.609008983087,103.86090089830869,0.0,12274.398314376083,14.28,0.62,0.0,0.0,5.0
274,1,train_0564,12236.775597320624,10652.260304661162,115.22603046611621,0.0,12352.00162778674,16.84,0.72,0.0,0.0,5.0
275,1,train_0505,12663.927173860728,10269.766311065481,76.97663110654813,0.0,12740.903804967276,14.52,0.68,0.0,0.0,5.0
276,1,train_0549,12547.465338346461,10396.268278582946,89.62682785829458,0.0,12637.092166204755,18.4,0.76,0.0,0.0,5.0
277,1,train_0206,12822.124480003735,10462.986635241847,96.29866352418468,0.0,12918.42314352792,14.48,0.64,0.0,0.0,5.0
278,1,train_0417,12291.56362089278,10428.967488660219,92.89674886602188,0.0,12384.460369758803,15.48,0.66,0.0,0.0,5.0
279,1,train_0413,13080.281330264961,10302.972432059838,80.2972432059838,0.0,13160.578573470944,15.46,0.66,0.0,0.0,5.0
280,1,train_0362,11990.206882791343,10316.51318518943,81.65131851894294,0.0,12071.858201310286,15.52,0.62,0.0,0.0,5.0
281,1,train_0362,12217.81589770878,10103.416063951168,60.341606395116834,0.0,12278.157504103898,16.52,0.52,0.0,0.0,5.0
282,1,train_0315,12670.334143931137,10934.072658135494,143.4072658135494,0.0,12813.741409744687,15.42,0.68,0.0,0.0,5.0
283,1,train_0245,12077.254733713757,9985.958458137604,48.59584581376039,0.0,12125.850579527518,15.84,0.64,0.0,0.0,5.0
284,1,train_0082,12646.681282593096,10347.93059543809,84.79305954380908,0.0,12731.474342136904,16.34,0.58,0.0,0.0,5.0
285,1,train_0061,12572.749023494447,10098.09268283809,59.809268283809075,0.0,12632.558291778256,13.92,0.56,0.0,0.0,5.0
286,1,train_0001,12243.434696820765,10113.718248049485,61.37182480494849,0.0,12304.806521625713,13.28,0.68,0.0,0.0,5.0
287,1,train_0211,12324.195852179273,10904.833317480192,140.4833317480192,0.0,12464.679183927292,16.96,0.82,0.0,0.0,5.0
288,1,train_0223,12207.493113200055,10423.976316480504,92.39763164805045,0.0,12299.890744848106,16.28,0.68,0.0,0.0,5.0
289,1,train_0578,12310.175664571736,10438.084100670483,93.80841006704833,0.0,12403.984074638784,16.92,0.7,0.0,0.0,5.0
290,1,train_0145,12446.38127453807,10365.110132511432,86.51101325114324,0.0,12532.892287789213,14.5,0.64,0.0,0.0,5.0
291,1,train_0129,12965.483704307455,10549.171899183355,104.91718991833551,0.0,13070.40089422579,15.8,0.52,0.0,0.0,5.0
292,1,train_0026,12021.716441466044,10209.055580572534,70.90555805725344,0.0,12092.621999523297,15.22,0.52,0.0,0.0,5.0
293,1,train_0068,12539.011077130097,10484.058102217137,98.40581022171374,0.0,12637.41688735181,14.44,0.58,0.0,0.0,5.0
294,1,train_0394,12364.921826411872,10840.585052046728,134.05850520467285,0.0,12498.980331616545,15.72,0.62,0.0,0.0,5.0
295,1,train_0220,12484.922817547887,10276.85340681445,77.6853406814451,0.0,12562.608158229332,16.56,0.72,0.0,0.0,5.0
296,1,train_0371,12382.913058962047,10156.123205787551,65.61232057875513,0.0,12448.525379540803,15.58,0.68,0.0,0.0,5.0
297,1,train_0060,12266.181725251045,10626.204914060032,112.62049140600321,0.0,12378.802216657048,16.86,0.6,0.0,0.0,5.0
298,1,train_0457,12503.082089329258,10357.64502595528,85.76450259552803,0.0,12588.846591924786,16.44,0.64,0.0,0.0,5.0
299,1,train_0160,12515.058712938393,10282.494694721805,78.24946947218051,0.0,12593.308182410574,16.46,0.64,0.0,0.0,5.0
300,1,train_0035,12750.944916845216,10937.747773823197,143.77477738231974,0.0,12894.719694227535,17.76,0.66,0.0,0.0,5.0
301,1,train_0548,12660.615194711478,10309.68763137274,80.96876313727408,0.0,12741.583957848752,16.52,0.62,0.0,0.0,5.0
302,1,train_0215,12642.181845729523,10840.314543942804,134.03145439428044,0.0,12776.213300123803,15.48,0.56,0.0,0.0,5.0
303,1,train_0191,12526.928484226875,10393.594391928807,89.35943919288076,0.0,12616.287923419755,15.88,0.6,0.0,0.0,5.0
304,1,train_0028,12318.830926057148,10736.443583423283,123.64435834232827,0.0,12442.475284399476,17.9,0.7,0.0,0.0,5.0
305,1,train_0351,12804.48221035732,10519.738428686735,101.97384286867346,0.0,12906.456053225995,16.2,0.7,0.0,0.0,5.0
306,1,train_0167,12176.70158068261,10332.17266646028,83.21726664602794,0.0,12259.918847328638,16.28,0.54,0.0,0.0,5.0
307,1,train_0143,12571.77574022462,10526.929063173407,102.69290631734076,0.0,12674.468646541962,15.14,0.66,0.0,0.0,5.0
308,1,train_0405,12693.842198143317,10578.22453066671,107.82245306667102,0.0,12801.664651209987,16.48,0.62,0.0,0.0,5.0
309,1,train_0400,12703.001946175458,11183.745348461645,168.37453484616455,0.0,12871.376481021623,16.56,0.62,0.0,0.0,5.0
310,1,train_0087,12765.64236199547,10363.608003692454,86.36080036924541,0.0,12852.003162364716,16.78,0.72,0.0,0.0,5.0
311,1,train_0076,12562.55493515693,10228.443894779903,72.84438947799026,0.0,12635.39932463492,16.62,0.56,0.0,0.0,5.0
312,1,train_0145,12581.760772314537,10300.641176562141,80.06411765621415,0.0,12661.824889970752,13.54,0.6,0.0,0.0,5.0
313,1,train_0473,12343.030133611028,10339.908221474969,83.99082214749689,0.0,12427.020955758524,19.16,0.66,0.0,0.0,5.0
314,1,train_0159,12130.459863582893,10028.883549624978,52.888354962497765,0.0,12183.34821854539,16.46,0.64,0.0,0.0,5.0
315,1,train_0253,12050.474399056811,10161.999468523984,66.19994685239836,0.0,12116.67434590921,17.84,0.72,0.0,0.0,5.0
316,1,train_0077,12028.419433602496,10245.70541577518,74.57054157751809,0.0,12102.989975180013,14.88,0.56,0.0,0.0,5.0
317,1,train_0110,12257.29638029865,10405.986729672113,90.59867296721131,0.0,12347.895053265862,17.52,0.68,0.0,0.0,5.0
318,1,train_0399,12493.978545320444,10752.73278938637,125.27327893863695,0.0,12619.251824259081,12.68,0.48,0.0,0.0,5.0
319,1,train_0454,12716.035129071504,10704.831997978188,120.48319979781883,0.0,12836.518328869322,17.6,0.64,0.0,0.0,5.0
320,1,train_0519,12809.857050808168,10875.705165070689,137.5705165070689,0.0,12947.427567315237,17.8,0.6,0.0,0.0,5.0
321,1,train_0332,12048.69307007422,10263.077449076438,76.3077449076438,0.0,12125.000814981864,14.72,0.58,0.0,0.0,5.0
322,1,train_0166,12160.402498776752,10272.588684367636,77.25886843676363,0.0,12237.661367213515,14.2,0.7,0.0,0.0,5.0
323,1,train_0262,12637.697665712367,10524.13044851322,102.41304485132206,0.0,12740.11071056369,15.88,0.64,0.0,0.0,5.0
324,1,train_0093,12255.599414181659,9831.43100054819,33.14310005481894,0.0,12288.742514236477,17.86,0.74,0.0,0.0,5.0
325,1,train_0144,12764.957029655287,11099.379816751374,159.93798167513742,0.0,12924.895011330424,16.22,0.58,0.0,0.0,5.0
326,1,train_0288,11746.799774544439,10429.761612186325,92.97616121863248,0.0,11839.775935763071,16.92,0.58,0.0,0.0,5.0
327,1,train_0468,12059.002046844813,10382.045842897041,88.20458428970414,0.0,12147.206631134517,15.5,0.66,0.0,0.0,5.0
328,1,train_0155,12387.614644285086,10582.105533412296,108.21055334122957,0.0,12495.825197626316,17.1,0.54,0.0,0.0,5.0
329,1,train_0219,12222.360256282695,10746.558392550667,124.65583925506672,0.0,12347.016095537761,17.02,0.66,0.0,0.0,5.0
330,1,train_0022,12405.938304501484,10349.89416323807,84.98941632380702,0.0,12490.927720825292,17.14,0.64,0.0,0.0,5.0
331,1,train_0025,12480.394622306649,10748.097687373032,124.80976873730324,0.0,12605.204391043952,15.36,0.58,0.0,0.0,5.0
332,1,train_0327,12361.931092551771,10594.714657386747,109.47146573867468,0.0,12471.402558290445,17.36,0.72,0.0,0.0,5.0
333,1,train_0579,12512.047943068052,10404.725060786717,90.47250607867173,0.0,12602.520449146723,15.6,0.72,0.0,0.0,5.0
334,1,train_0345,12517.507135394211,10325.719370003888,82.5719370003888,0.0,12600.0790723946,16.1,0.68,0.0,0.0,5.0
335,1,train_0018,12204.726533686098,10387.151073391822,88.71510733918223,0.0,12293.44164102528,15.82,0.74,0.0,0.0,5.0
336,1,train_0344,12245.689993807,10640.44596944892,114.04459694489196,0.0,12359.734590751892,16.36,0.6,0.0,0.0,5.0
337,1,train_0072,12544.982922278683,10634.67940995588,113.46794099558792,0.0,12658.45086327427,16.72,0.7,0.0,0.0,5.0
338,1,train_0415,12764.693002322621,10639.459993373184,113.94599933731843,0.0,12878.63900165994,13.88,0.62,0.0,0.0,5.0
339,1,train_0279,12347.43772753774,10764.701328027451,126.47013280274514,0.0,12473.907860340485,17.64,0.66,0.0,0.0,5.0
340,1,train_0218,12347.662288427055,11057.87596720222,155.78759672022207,0.0,12503.449885147276,15.12,0.5,0.0,0.0,5.0
341,1,train_0124,12266.349946982096,10697.464162424176,119.74641624241758,0.0,12386.096363224515,17.98,0.68,0.0,0.0,5.0
342,1,train_0105,12447.085287514317,10613.569743952321,111.3569743952321,0.0,12558.44226190955,15.44,0.7,0.0,0.0,5.0
343,1,train_0201,12497.85149915687,10431.65805244417,93.16580524441707,0.0,12591.017304401286,16.78,0.64,0.0,0.0,5.0
344,1,train_0270,12322.781952317957,10575.004436480769,107.50044364807691,0.0,12430.282395966035,14.94,0.5,0.0,0.0,5.0
345,1,train_0340,12465.487069888992,10579.487497553953,107.94874975539534,0.0,12573.435819644386,16.9,0.48,0.0,0.0,5.0
346,1,train_0413,12870.075814617328,10592.955725237589,109.29557252375889,0.0,12979.371387141087,14.18,0.72,0.0,0.0,5.0
347,1,train_0574,12279.72528779204,10683.403499326967,118.34034993269671,0.0,12398.065637724736,14.24,0.66,0.0,0.0,5.0
348,1,train_0019,12658.511626359534,10486.592452249271,98.65924522492715,0.0,12757.170871584462,14.88,0.66,0.0,0.0,5.0
349,1,train_0561,12712.565276445104,10416.686799729412,91.66867997294122,0.0,12804.233956418046,18.84,0.64,0.0,0.0,5.0
350,1,train_0336,12341.43188989982,10373.409511765389,87.34095117653888,0.0,12428.77284107636,15.44,0.52,0.0,0.0,5.0
351,1,train_0044,12734.826208911803,10552.95272010523,105.29527201052298,0.0,12840.121480922326,16.44,0.62,0.0,0.0,5.0
352,1,train_0520,12285.0818130462,9915.728058614955,41.572805861495546,0.0,12326.654618907694,17.18,0.56,0.0,0.0,5.0
353,1,train_0511,12073.443263627152,10479.818492473092,97.98184924730923,0.0,12171.425112874462,15.8,0.68,0.0,0.0,5.0
354,1,train_0172,12357.037330249841,10385.572752750892,88.55727527508917,0.0,12445.59460552493,16.74,0.72,0.0,0.0,5.0
355,1,train_0100,12165.188598131548,10140.236620019707,64.02366200197066,0.0,12229.21226013352,15.3,0.72,0.0,0.0,5.0
356,1,train_0180,12397.995742536248,10890.774793916979,139.07747939169786,0.0,12537.073221927945,18.16,0.66,0.0,0.0,5.0
357,1,train_0486,12401.123502233902,10787.21918727733,128.7219187277329,0.0,12529.845420961636,14.92,0.6,0.0,0.0,5.0
358,1,train_0551,12100.689646929675,10243.860577775136,74.38605777751364,0.0,12175.07570470719,17.02,0.74,0.0,0.0,5.0
359,1,train_0177,12408.270513852738,10629.133567347777,112.91335673477771,0.0,12521.183870587516,14.18,0.64,0.0,0.0,5.0
360,1,train_0285,12212.004595612549,10631.766334105787,113.17663341057869,0.0,12325.181229023128,14.76,0.64,0.0,0.0,5.0
361,1,train_0430,12266.700723591923,10299.19857445459,79.91985744545892,0.0,12346.620581037381,15.66,0.7,0.0,0.0,5.0
362,1,train_0108,12195.718802489637,10776.415366307821,127.64153663078214,0.0,12323.36033912042,18.6,0.74,0.0,0.0,5.0
363,1,train_0431,12327.299114702093,10281.289570811983,78.12895708119832,0.0,12405.428071783292,16.34,0.6,0.0,0.0,5.0
364,1,train_0135,12673.198697811778,10374.502116935368,87.45021169353677,0.0,12760.648909505315,17.54,0.66,0.0,0.0,5.0
365,1,train_0510,12571.08072023174,10793.42182459325,129.342182459325,0.0,12700.422902691063,15.22,0.62,0.0,0.0,5.0
366,1,train_0080,12498.746708008173,10823.912049959095,132.39120499590953,0.0,12631.137913004082,16.24,0.7,0.0,0.0,5.0
367,1,train_0587,12475.618837270475,10079.64835151452,57.96483515145192,0.0,12533.583672421926,18.12,0.74,0.0,0.0,5.0
368,1,train_0432,11959.166235475384,10682.435065135152,118.24350651351524,0.0,12077.4097419889,14.22,0.56,0.0,0.0,5.0
369,1,train_0165,12065.299909904847,10186.982901666928,68.69829016669283,0.0,12133.998200071539,16.84,0.74,0.0,0.0,5.0
370,1,train_0484,12491.755213965609,10113.715185911102,61.37151859111018,0.0,12553.126732556719,12.82,0.54,0.0,0.0,5.0
371,1,train_0376,12234.375297293584,10184.481364335737,68.44813643357375,0.0,12302.823433727157,14.88,0.58,0.0,0.0,5.0
372,1,train_0285,12509.33842197678,10311.00737316884,81.10073731688408,0.0,12590.439159293663,14.76,0.7,0.0,0.0,5.0
373,1,train_0443,12726.26507663097,10986.125809063535,148.6125809063535,0.0,12874.877657537325,17.84,0.54,0.0,0.0,5.0
374,1,train_0413,12688.00153856649,10757.235438160908,125.72354381609075,0.0,12813.725082382582,16.54,0.78,0.0,0.0,5.0
375,1,train_0047,12268.629219850793,10144.352448728565,64.4352448728565,0.0,12333.06446472365,15.14,0.76,0.0,0.0,5.0
376,1,train_0137,12061.88616235526,10377.610612307817,87.7610612307817,0.0,12149.647223586042,15.58,0.82,0.0,0.0,5.0
377,1,train_0397,12044.730196999226,10505.088126797546,100.50881267975456,0.0,12145.23900967898,16.14,0.72,0.0,0.0,5.0
378,1,train_0243,12473.477308985734,10650.132795284779,115.01327952847788,0.0,12588.49058851421,16.94,0.74,0.0,0.0,5.0
379,1,train_0192,12436.507490712636,10602.59468015996,110.25946801599603,0.0,12546.766958728633,17.94,0.72,0.0,0.0,5.0
380,1,train_0327,12213.604169813694,10874.83049132675,137.48304913267495,0.0,12351.08721894637,16.76,0.62,0.0,0.0,5.0
381,1,train_0096,12679.297250810534,10440.296258228202,94.02962582282017,0.0,12773.326876633355,16.36,0.7,0.0,0.0,5.0
382,1,train_0589,12170.3865055942,10091.607412192585,59.16074121925849,0.0,12229.54724681346,16.36,0.68,0.0,0.0,5.0
383,1,train_0329,12253.64207687826,10416.10429211791,91.61042921179106,0.0,12345.25250609005,17.08,0.68,0.0,0.0,5.0
384,1,train_0004,12406.812747689535,10547.107675069834,104.7107675069834,0.0,12511.523515196519,18.5,0.68,0.0,0.0,5.0
385,1,train_0277,12332.232337844154,10496.212186973611,99.62121869736112,0.0,12431.853556541515,15.38,0.8,0.0,0.0,5.0
386,1,train_0446,12295.744991788568,10082.4999828435,58.249998284349935,0.0,12353.994990072917,15.7,0.54,0.0,0.0,5.0
387,1,train_0346,12870.338469098184,10610.735297745292,111.0735297745292,0.0,12981.411998872713,17.38,0.66,0.0,0.0,5.0
388,1,train_0305,12102.168137344814,10784.424365555098,128.44243655550983,0.0,12230.610573900323,16.82,0.62,0.0,0.0,5.0
389,1,train_0385,12732.250872531986,10817.696489212503,131.76964892125034,0.0,12864.020521453236,16.02,0.7,0.0,0.0,5.0
390,1,train_0015,12323.776255920486,10320.136583733496,82.01365837334961,0.0,12405.789914293835,15.84,0.6,0.0,0.0,5.0
391,1,train_0299,12307.557524437623,10391.572416643448,89.15724166434484,0.0,12396.714766101968,14.92,0.76,0.0,0.0,5.0
392,1,train_0241,12141.445887318843,10503.962622951363,100.39626229513634,0.0,12241.84214961398,14.14,0.64,0.0,0.0,5.0
393,1,train_0543,12611.57210610812,10673.704392355572,117.37043923555721,0.0,12728.942545343678,15.74,0.62,0.0,0.0,5.0
394,1,train_0350,12170.43475406161,10264.279566156369,76.42795661563687,0.0,12246.862710677247,16.68,0.74,0.0,0.0,5.0
395,1,train_0106,12437.455514193955,11025.117321019443,152.5117321019443,0.0,12589.967246295899,16.28,0.68,0.0,0.0,5.0
396,1,train_0512,12747.556796471199,10057.487103056998,55.74871030569975,0.0,12803.305506776898,15.68,0.66,0.0,0.0,5.0
397,1,train_0173,12499.87944445184,10600.782855676538,110.07828556765381,0.0,12609.957730019494,17.84,0.58,0.0,0.0,5.0
398,1,train_0597,12245.467543952176,10179.147653474993,67.91476534749927,0.0,12313.382309299675,17.76,0.56,0.0,0.0,5.0
399,1,train_0213,12573.474001611978,10252.72570740598,75.27257074059798,0.0,12648.746572352575,15.1,0.76,0.0,0.0,5.0
400,2,train_0508,12768.78848818241,10398.52510875315,89.85251087531506,0.0,12858.640999057725,14.52,0.56,0.0,0.0,5.0
401,2,train_0464,12625.299080151595,10181.825375778626,68.1825375778626,0.0,12693.481617729458,16.52,0.68,0.0,0.0,5.0
402,2,train_0433,12252.266294293404,10303.058499137125,80.30584991371252,0.0,12332.572144207117,15.18,0.68,0.0,0.0,5.0
403,2,train_0391,12285.008554475138,10559.949310519485,105.99493105194853,0.0,12391.003485527086,15.56,0.5,0.0,0.0,5.0
404,2,train_0013,12247.082294636686,10249.796629531316,74.97966295313164,0.0,12322.061957589818,14.2,0.58,0.0,0.0,5.0
405,2,train_0123,12342.990212538985,10333.81097821422,83.38109782142202,0.0,12426.371310360408,15.32,0.7,0.0,0.0,5.0
406,2,train_0523,11961.47004088365,10283.41241753146,78.34124175314592,0.0,12039.811282636796,15.52,0.66,0.0,0.0,5.0
407,2,train_0446,12396.795593846331,10152.991044819453,65.29910448194532,0.0,12462.094698328276,16.88,0.68,0.0,0.0,5.0
408,2,train_0277,12589.80129438021,10220.964448340546,72.09644483405464,0.0,12661.897739214264,15.52,0.62,0.0,0.0,5.0
409,2,train_0462,12368.693601040392,10448.83596499082,94.88359649908199,0.0,12463.577197539473,15.5,0.56,0.0,0.0,5.0
410,2,train_0394,12300.961902398627,10693.195148852883,119.3195148852883,0.0,12420.281417283915,14.7,0.66,0.0,0.0,5.0
411,2,train_0462,12398.031765278147,10555.945451034062,105.5945451034062,0.0,12503.626310381553,17.26,0.72,0.0,0.0,5.0
412,2,train_0319,12287.915335275244,10567.757946503412,106.77579465034124,0.0,12394.691129925584,15.86,0.72,0.0,0.0,5.0
413,2,train_0047,12303.531214088991,10126.281739082153,62.62817390821529,0.0,12366.159387997206,16.16,0.78,0.0,0.0,5.0
414,2,train_0244,12629.766113115114,10420.364194000325,92.03641940003254,0.0,12721.802532515147,15.32,0.66,0.0,0.0,5.0
415,2,train_0127,12579.555680447049,10296.602702698085,79.66027026980846,0.0,12659.215950716858,15.72,0.66,0.0,0.0,5.0
416,2,train_0517,12795.043659931129,10266.144908264057,76.61449082640574,0.0,12871.658150757534,17.3,0.6,0.0,0.0,5.0
417,2,train_0537,11983.567308670808,10244.990039059197,74.49900390591975,0.0,12058.066312576728,16.02,0.64,0.0,0.0,5.0
418,2,train_0121,12387.790647940496,10137.289666919663,63.72896669196635,0.0,12451.519614632462,16.18,0.62,0.0,0.0,5.0
419,2,train_0527,12452.686776866996,10081.424609941523,58.142460994152316,0.0,12510.829237861148,14.88,0.58,0.0,0.0,5.0
420,2,train_0197,12289.445457889202,11123.616437020091,162.36164370200913,0.0,12451.80710159121,15.82,0.68,0.0,0.0,5.0
421,2,train_0123,12252.937861839011,10645.979419578473,114.59794195784725,0.0,12367.535803796858,15.52,0.6,0.0,0.0,5.0
422,2,train_0163,12976.099568134294,10737.31133227094,123.73113322709396,0.0,13099.830701361388,14.74,0.74,0.0,0.0,5.0
423,2,train_0330,12038.916929452687,10188.615110352952,68.8615110352952,0.0,12107.778440487982,16.02,0.66,0.0,0.0,5.0
424,2,train_0143,12498.256164137381,10636.94542973531,113.69454297353096,0.0,12611.950707110913,14.4,0.54,0.0,0.0,5.0
425,2,train_0157,12218.47092996863,10443.700505622674,94.37005056226735,0.0,12312.840980530897,14.78,0.64,0.0,0.0,5.0
426,2,train_0419,12158.064733718902,10471.387539052534,97.13875390525337,0.0,12255.203487624156,14.28,0.66,0.0,0.0,5.0
427,2,train_0249,12225.06059726169,10726.931034849955,122.69310348499549,0.0,12347.753700746685,16.34,0.7,0.0,0.0,5.0
428,2,train_0418,12231.477882509276,10928.722207021317,142.87222070213176,0.0,12374.350103211407,17.96,0.54,0.0,0.0,5.0
429,2,train_0012,12955.051058837831,10683.753719144192,118.37537191441916,0.0,13073.42643075225,14.78,0.64,0.0,0.0,5.0
430,2,train_0058,11877.087064490464,9907.799682590154,40.77996825901537,0.0,11917.86703274948,14.46,0.64,0.0,0.0,5.0
431,2,train_0169,12010.192644501763,10149.014135046997,64.90141350469968,0.0,12075.094058006463,16.74,0.52,0.0,0.0,5.0
432,2,train_0217,12553.699708044278,10520.529671321317,102.05296713213176,0.0,12655.752675176409,17.44,0.6,0.0,0.0,5.0
433,2,train_0162,11717.434668938167,9916.190984442386,41.61909844423863,0.0,11759.053767382406,17.36,0.56,0.0,0.0,5.0
434,2,train_0237,11951.520140307115,10480.741440265638,98.07414402656377,0.0,12049.594284333678,16.26,0.62,0.0,0.0,5.0
435,2,train_0551,12022.08809969313,10306.816149652528,80.68161496525282,0.0,12102.769714658383,16.12,0.68,0.0,0.0,5.0
436,2,train_0276,12214.56276252575,10483.864139947585,98.38641399475856,0.0,12312.949176520508,14.76,0.7,0.0,0.0,5.0
437,2,train_0352,12193.694948780461,9906.208659529122,40.62086595291221,0.0,12234.315814733374,16.78,0.64,0.0,0.0,5.0
438,2,train_0473,12065.980682424024,10319.707804887656,81.97078048876557,0.0,12147.95146291279,17.2,0.66,0.0,0.0,5.0
439,2,train_0106,12920.309816244953,10409.447862112036,90.94478621120362,0.0,13011.254602456156,16.94,0.74,0.0,0.0,5.0
440,2,train_0086,11773.093608916568,10066.016328935539,56.60163289355387,0.0,11829.695241810121,16.86,0.62,0.0,0.0,5.0
441,2,train_0256,12343.272583858517,10473.120589182206,97.31205891822066,0.0,12440.584642776737,15.68,0.82,0.0,0.0,5.0
442,2,train_0372,12480.151289747555,10950.941423024173,145.09414230241728,0.0,12625.245432049973,16.08,0.68,0.0,0.0,5.0
443,2,train_0295,12396.28598714528,10097.216076441124,59.721607644112375,0.0,12456.007594789393,16.08,0.58,0.0,0.0,5.0
444,2,train_0071,12434.215050417952,10315.201253449293,81.52012534492934,0.0,12515.73517576288,13.9,0.74,0.0,0.0,5.0
445,2,train_0382,12893.544793702624,10599.641729567375,109.96417295673746,0.0,13003.508966659361,15.68,0.66,0.0,0.0,5.0
446,2,train_0554,12354.231048737933,10405.661238904255,90.56612389042549,0.0,12444.797172628358,13.66,0.62,0.0,0.0,5.0
447,2,train_0319,12449.328685642711,10612.588525667277,111.25885256672774,0.0,12560.587538209438,15.48,0.58,0.0,0.0,5.0
448,2,train_0539,12567.012313709865,10126.05652060968,62.60565206096799,0.0,12629.617965770833,14.82,0.54,0.0,0.0,5.0
449,2,train_0252,12092.687013571132,10188.78024082516,68.87802408251592,0.0,12161.565037653649,15.76,0.76,0.0,0.0,5.0
450,2,train_0240,12724.414012170088,10672.575692833301,117.25756928333013,0.0,12841.671581453418,14.7,0.68,0.0,0.0,5.0
451,2,train_0186,12323.385456965992,10688.10356007262,118.8103560072621,0.0,12442.195812973254,14.16,0.6,0.0,0.0,5.0
452,2,train_0312,11938.89674568603,10108.91833237737,60.891833237737046,0.0,11999.788578923766,15.84,0.54,0.0,0.0,5.0
453,2,train_0344,12483.99806840113,10122.451918420322,62.245191842032185,0.0,12546.243260243162,15.18,0.62,0.0,0.0,5.0
454,2,train_0063,12102.137314781212,10600.535921401573,110.05359214015735,0.0,12212.190906921369,15.88,0.78,0.0,0.0,5.0
455,2,train_0585,12491.418401863635,10426.275987356443,92.62759873564428,0.0,12584.046000599279,14.6,0.72,0.0,0.0,5.0
456,2,train_0091,12560.615308553004,10375.060061218679,87.50600612186791,0.0,12648.121314674872,17.1,0.64,0.0,0.0,5.0
457,2,train_0331,12167.722227343875,10398.144570044598,89.81445700445984,0.0,12257.536684348335,16.8,0.66,0.0,0.0,5.0
458,2,train_0186,12162.347888650249,10472.31673012716,97.23167301271606,0.0,12259.579561662966,13.98,0.64,0.0,0.0,5.0
459,2,train_0532,12392.48679173728,10298.014272441284,79.80142724412836,0.0,12472.288218981408,15.82,0.66,0.0,0.0,5.0
460,2,train_0386,12162.273283006456,10587.307657552628,108.73076575526284,0.0,12271.004048761719,14.06,0.58,0.0,0.0,5.0
461,2,train_0009,12405.448551517205,10399.251558301627,89.92515583016267,0.0,12495.373707347368,17.06,0.66,0.0,0.0,5.0
462,2,train_0016,12325.832306583541,10649.410785579272,114.94107855792718,0.0,12440.773385141469,16.74,0.66,0.0,0.0,5.0
463,2,train_0121,12204.106953582874,10307.40924517726,80.74092451772594,0.0,12284.8478781006,15.4,0.68,0.0,0.0,5.0
464,2,train_0492,12222.273959498289,10257.401543022137,75.74015430221371,0.0,12298.014113800502,16.2,0.64,0.0,0.0,5.0
465,2,train_0518,12409.743857920754,10448.409631637336,94.84096316373362,0.0,12504.584821084487,15.52,0.64,0.0,0.0,5.0
466,2,train_0330,12177.356083719695,9952.225993505077,45.2225993505077,0.0,12222.578683070202,15.84,0.64,0.0,0.0,5.0
467,2,train_0341,12689.527941875316,10438.39446839784,93.83944683978407,0.0,12783.3673887151,16.22,0.7,0.0,0.0,5.0
468,2,train_0388,12654.032509058108,10536.508866699958,103.65088666999583,0.0,12757.683395728103,15.04,0.72,0.0,0.0,5.0
469,2,train_0292,12392.252261310856,10567.674698190916,106.76746981909164,0.0,12499.019731129947,16.54,0.6,0.0,0.0,5.0
470,2,train_0306,12300.90283362458,10702.722239573195,120.27222395731951,0.0,12421.175057581899,15.56,0.7,0.0,0.0,5.0
471,2,train_0221,12081.256316049461,10572.170575924334,107.21705759243342,0.0,12188.473373641895,16.32,0.6,0.0,0.0,5.0
472,2,train_0294,12355.290745580398,9990.389496446624,49.03894964466235,0.0,12404.32969522506,16.68,0.76,0.0,0.0,5.0
473,2,train_0177,12480.704848487487,10401.465402730068,90.14654027300676,0.0,12570.851388760493,14.14,0.58,0.0,0.0,5.0
474,2,train_0448,12253.746114670237,10598.73918512503,109.87391851250305,0.0,12363.62003318274,14.92,0.78,0.0,0.0,5.0
475,2,train_0407,12434.030822023895,10599.937221662538,109.9937221662538,0.0,12544.024544190148,16.32,0.7,0.0,0.0,5.0
476,2,train_0430,12016.19697925476,10441.9067445385,94.19067445385008,0.0,12110.38765370861,14.78,0.52,0.0,0.0,5.0
477,2,train_0219,12324.371475563868,10601.436038638545,110.14360386385452,0.0,12434.515079427723,15.06,0.78,0.0,0.0,5.0
478,2,train_0237,12186.318924132436,10317.416075991829,81.74160759918287,0.0,12268.060531731619,17.22,0.64,0.0,0.0,5.0
479,2,train_0261,12449.934219995466,10536.68078227226,103.66807822722603,0.0,12553.602298222693,16.58,0.7,0.0,0.0,5.0
480,2,train_0361,12323.659774700718,10756.269406325348,125.62694063253475,0.0,12449.286715333254,15.76,0.66,0.0,0.0,5.0
481,2,train_0466,12348.831302617862,10734.174664423503,123.41746644235027,0.0,12472.248769060212,18.02,0.74,0.0,0.0,5.0
482,2,train_0005,11943.62026281927,10312.063956264301,81.2063956264301,0.0,12024.8266584457,18.24,0.74,0.0,0.0,5.0
483,2,train_0567,13403.656366376981,10846.890548096453,134.6890548096453,0.0,13538.345421186626,15.94,0.58,0.0,0.0,5.0
484,2,train_0517,12357.058128124758,10756.091194713457,125.60911947134574,0.0,12482.667247596104,18.26,0.74,0.0,0.0,5.0
485,2,train_0596,12374.062248446106,10427.421985957422,92.74219859574224,0.0,12466.804447041848,16.3,0.62,0.0,0.0,5.0
486,2,train_0166,11981.133984492011,10320.012285802704,82.00122858027044,0.0,12063.13521307228,14.38,0.84,0.0,0.0,5.0
487,2,train_0290,12269.56546267288,10491.41688536614,99.14168853661396,0.0,12368.707151209494,16.76,0.68,0.0,0.0,5.0
488,2,train_0327,12538.774400960077,10672.359018357733,117.23590183577326,0.0,12656.01030279585,16.28,0.5,0.0,0.0,5.0
489,2,train_0082,12571.35521792411,10712.771660584967,121.27716605849673,0.0,12692.632383982607,16.38,0.6,0.0,0.0,5.0
490,2,train_0214,12073.002605202553,10296.420486021305,79.6420486021305,0.0,12152.644653804684,15.2,0.66,0.0,0.0,5.0
491,2,train_0014,12311.891909354492,10621.207974838457,112.12079748384568,0.0,12424.012706838337,17.36,0.7,0.0,0.0,5.0
492,2,train_0071,12394.178368749617,10782.044544400134,128.20445444001345,0.0,12522.382823189631,14.72,0.62,0.0,0.0,5.0
493,2,train_0296,12524.760888548619,10496.819409835703,99.68194098357036,0.0,12624.442829532189,16.06,0.64,0.0,0.0,5.0
494,2,train_0189,12511.596935170495,10456.587833137313,95.65878331373133,0.0,12607.255718484226,15.98,0.62,0.0,0.0,5.0
495,2,train_0045,12258.894182723028,10434.644343255603,93.46443432556026,0.0,12352.358617048589,14.44,0.58,0.0,0.0,5.0
496,2,train_0501,12727.13641380709,10610.180415112505,111.01804151125053,0.0,12838.15445531834,17.5,0.7,0.0,0.0,5.0
497,2,train_0070,11655.279314771655,10180.453652084787,68.04536520847869,0.0,11723.324679980133,15.12,0.64,0.0,0.0,5.0
498,2,train_0138,12307.01312206038,10207.367540340627,70.73675403406268,0.0,12377.749876094442,16.94,0.64,0.0,0.0,5.0
499,2,train_0140,12291.144316747868,10493.249833535581,99.32498335355814,0.0,12390.469300101426,15.66,0.6,0.0,0.0,5.0
500,2,train_0309,12498.80539037165,10703.600694681078,120.36006946810777,0.0,12619.165459839758,12.26,0.66,0.0,0.0,5.0
501,2,train_0595,11764.872108940166,10218.22315428024,71.82231542802401,0.0,11836.69442436819,16.28,0.72,0.0,0.0,5.0
502,2,train_0016,12577.88335116902,10274.089635964028,77.40896359640283,0.0,12655.292314765424,16.84,0.74,0.0,0.0,5.0
503,2,train_0097,12014.191945101345,10234.738121284787,73.47381212847868,0.0,12087.665757229825,15.94,0.54,0.0,0.0,5.0
504,2,train_0199,12229.56982968004,10795.852540739412,129.58525407394117,0.0,12359.155083753982,14.64,0.48,0.0,0.0,5.0
505,2,train_0066,12472.206911735464,10615.37106322627,111.53710632262701,0.0,12583.74401805809,17.42,0.68,0.0,0.0,5.0
506,2,train_0004,12475.505442300157,10478.717817879744,97.8717817879744,0.0,12573.377224088132,19.08,0.58,0.0,0.0,5.0
507,2,train_0549,12311.5485754178,10588.503237019779,108.85032370197787,0.0,12420.398899119778,17.38,0.84,0.0,0.0,5.0
508,2,train_0134,12755.879664728349,10816.202701973896,131.62027019738963,0.0,12887.499934925738,13.74,0.62,0.0,0.0,5.0
509,2,train_0373,12394.584118435334,10732.683567566623,123.26835675666226,0.0,12517.852475191996,16.14,0.76,0.0,0.0,5.0
510,2,train_0530,12631.767287340292,10750.346918884956,125.03469188849559,0.0,12756.801979228787,15.96,0.64,0.0,0.0,5.0
511,2,train_0443,12890.999667041344,10665.410365125565,116.54103651255646,0.0,13007.540703553901,18.54,0.66,0.0,0.0,5.0
512,2,train_0025,12365.98080838181,10872.574186610353,137.25741866103527,0.0,12503.238227042844,15.18,0.62,0.0,0.0,5.0
513,2,train_0212,12394.412558337794,10287.407573547576,78.74075735475763,0.0,12473.15331569255,14.76,0.5,0.0,0.0,5.0
514,2,train_0030,12362.443627052518,10267.66795347386,76.76679534738597,0.0,12439.210422399905,17.36,0.52,0.0,0.0,5.0
515,2,train_0560,12239.093406363529,10659.533760061015,115.95337600610146,0.0,12355.04678236963,16.74,0.66,0.0,0.0,5.0
516,2,train_0278,12210.759381667754,10574.156503794336,107.41565037943366,0.0,12318.175032047187,18.72,0.72,0.0,0.0,5.0
517,2,train_0585,12204.750426524373,10947.067386735613,144.70673867356126,0.0,12349.457165197935,12.42,0.84,0.0,0.0,5.0
518,2,train_0240,12717.892021952883,10772.162152271809,127.21621522718088,0.0,12845.108237180064,16.04,0.76,0.0,0.0,5.0
519,2,train_0335,12415.929029411658,10734.991367215986,123.49913672159856,0.0,12539.428166133257,18.02,0.66,0.0,0.0,5.0
520,2,train_0037,12940.902794939753,10808.438307487719,130.84383074877186,0.0,13071.746625688525,17.94,0.5,0.0,0.0,5.0
521,2,train_0592,12477.435232322912,10399.10280510907,89.91028051090707,0.0,12567.34551283382,14.1,0.6,0.0,0.0,5.0
522,2,train_0514,12563.219724909422,10120.719981699956,62.071998169995645,0.0,12625.291723079417,13.88,0.62,0.0,0.0,5.0
523,2,train_0303,12158.61343837708,10371.362009561566,87.13620095615661,0.0,12245.749639333237,15.5,0.68,0.0,0.0,5.0
524,2,train_0139,12481.476054209124,9966.38755370357,46.638755370356925,0.0,12528.114809579482,15.12,0.68,0.0,0.0,5.0
525,2,train_0263,11926.154375349633,10144.256833700158,64.42568337001576,0.0,11990.58005871965,14.94,0.76,0.0,0.0,5.0
526,2,train_0262,12628.768204082675,10501.168621317585,100.11686213175854,0.0,12728.885066214434,15.56,0.66,0.0,0.0,5.0
527,2,train_0471,12325.080195219527,10505.683988198318,100.56839881983178,0.0,12425.64859403936,14.5,0.64,0.0,0.0,5.0
528,2,train_0178,12148.65927338356,10188.6165914396,68.86165914396007,0.0,12217.520932527521,14.66,0.62,0.0,0.0,5.0
529,2,train_0386,12598.635363408925,10348.704111011371,84.87041110113715,0.0,12683.505774510062,14.5,0.72,0.0,0.0,5.0
530,2,train_0485,11857.659801448974,10260.26596898014,76.02659689801403,0.0,11933.686398346988,17.1,0.74,0.0,0.0,5.0
531,2,train_0120,12242.762334313533,10133.949453852638,63.39494538526378,0.0,12306.157279698797,17.16,0.74,0.0,0.0,5.0
532,2,train_0466,12512.12277412498,10569.729396725465,106.97293967254646,0.0,12619.095713797527,17.74,0.72,0.0,0.0,5.0
533,2,train_0308,12174.200303230527,10259.724841701705,75.97248417017055,0.0,12250.172787400697,17.04,0.72,0.0,0.0,5.0
534,2,train_0122,12310.301175939596,10153.60099513546,65.36009951354609,0.0,12375.661275453142,16.68,0.64,0.0,0.0,5.0
535,2,train_0009,12568.81980629171,10473.125753690249,97.31257536902486,0.0,12666.132381660736,14.12,0.66,0.0,0.0,5.0
536,2,train_0530,12414.165511954494,10871.127616540372,137.11276165403726,0.0,12551.278273608532,15.98,0.66,0.0,0.0,5.0
537,2,train_0525,12215.922365986096,10680.955377304606,118.09553773046065,0.0,12334.017903716556,15.04,0.66,0.0,0.0,5.0
538,2,train_0037,12839.90924676467,11319.338836546991,181.93388365469912,0.0,13021.84313041937,15.78,0.66,0.0,0.0,5.0
539,2,train_0325,12242.31343679163,10597.026823784614,109.7026823784614,0.0,12352.016119170092,13.78,0.68,0.0,0.0,5.0
540,2,train_0056,11843.090209017784,10112.761328257367,61.27613282573675,0.0,11904.36634184352,16.48,0.72,0.0,0.0,5.0
541,2,train_0027,12368.375711388988,10765.695763288986,126.56957632889862,0.0,12494.945287717886,14.68,0.72,0.0,0.0,5.0
542,2,train_0034,12379.44074852725,10321.365081310607,82.1365081310607,0.0,12461.577256658311,14.66,0.56,0.0,0.0,5.0
543,2,train_0562,12563.950061592068,10274.04914201509,77.40491420150903,0.0,12641.354975793576,15.5,0.72,0.0,0.0,5.0
544,2,train_0304,12901.346811102729,10539.478685774247,103.94786857742474,0.0,13005.294679680153,16.24,0.58,0.0,0.0,5.0
545,2,train_0599,12132.399032308178,10461.1372808527,96.11372808526994,0.0,12228.512760393449,16.98,0.66,0.0,0.0,5.0
546,2,train_0463,12205.136594746155,10333.746470858148,83.37464708581484,0.0,12288.51124183197,15.92,0.64,0.0,0.0,5.0
547,2,train_0442,12551.689967830624,10212.172788256114,71.21727882561136,0.0,12622.907246656236,15.18,0.56,0.0,0.0,5.0
548,2,train_0064,12850.307823961306,10701.817431263451,120.18174312634511,0.0,12970.48956708765,17.06,0.72,0.0,0.0,5.0
549,2,train_0258,12699.523434280745,10507.777703110365,100.77777031103652,0.0,12800.301204591782,13.66,0.78,0.0,0.0,5.0
550,2,train_0337,12155.695473238758,9924.455902849622,42.445590284962236,0.0,12198.14106352372,16.46,0.72,0.0,0.0,5.0
551,2,train_0354,11954.217422262544,10144.549653144968,64.4549653144968,0.0,12018.67238757704,15.08,0.62,0.0,0.0,5.0
552,2,train_0083,12057.509386472671,10523.040959612106,102.30409596121063,0.0,12159.813482433881,15.06,0.64,0.0,0.0,5.0
553,2,train_0006,12029.998069019663,10552.17909945817,105.21790994581698,0.0,12135.21597896548,16.38,0.68,0.0,0.0,5.0
554,2,train_0367,12427.831186985726,10413.362621029228,91.33626210292277,0.0,12519.167449088649,14.36,0.56,0.0,0.0,5.0
555,2,train_0065,12677.006468532403,10437.140442017346,93.71404420173458,0.0,12770.720512734139,14.68,0.56,0.0,0.0,5.0
556,2,train_0561,12380.418226711972,10865.740222470264,136.57402224702636,0.0,12516.992248958999,17.82,0.56,0.0,0.0,5.0
557,2,train_0198,12026.934952446278,10108.027241098012,60.80272410980124,0.0,12087.737676556078,15.74,0.74,0.0,0.0,5.0
558,2,train_0556,12738.758341671457,10598.908191970633,109.89081919706332,0.0,12848.649160868521,13.98,0.72,0.0,0.0,5.0
559,2,train_0246,12301.539287428095,10362.321764572564,86.23217645725636,0.0,12387.771463885352,16.04,0.74,0.0,0.0,5.0
560,2,train_0253,12141.515988754007,9988.567237712756,48.856723771275576,0.0,12190.372712525283,17.5,0.7,0.0,0.0,5.0
561,2,train_0453,12440.828301732621,10367.296704563088,86.72967045630885,0.0,12527.55797218893,15.94,0.72,0.0,0.0,5.0
562,2,train_0539,12391.923526003451,10187.878290602112,68.78782906021115,0.0,12460.711355063662,14.88,0.62,0.0,0.0,5.0
563,2,train_0102,12528.485217128824,10311.289137464304,81.12891374643041,0.0,12609.614130875254,13.24,0.66,0.0,0.0,5.0
564,2,train_0265,12368.337427825609,10305.644682011478,80.5644682011478,0.0,12448.901896026757,12.7,0.78,0.0,0.0,5.0
565,2,train_0069,11971.134027389546,10641.034399749045,114.10343997490455,0.0,12085.23746736445,17.92,0.66,0.0,0.0,5.0
566,2,train_0420,12070.742540290441,10541.875072720039,104.18750727200387,0.0,12174.930047562444,15.28,0.7,0.0,0.0,5.0
567,2,train_0418,12927.750646505474,10292.365903920305,79.2365903920305,0.0,13006.987236897505,17.14,0.62,0.0,0.0,5.0
568,2,train_0084,11960.479926485878,10548.155654574388,104.8155654574388,0.0,12065.295491943316,15.34,0.54,0.0,0.0,5.0
569,2,train_0532,11980.457611546597,10349.058396035178,84.90583960351779,0.0,12065.363451150115,15.74,0.62,0.0,0.0,5.0
570,2,train_0588,12187.724427079866,10237.54737709467,73.75473770946701,0.0,12261.479164789333,17.48,0.72,0.0,0.0,5.0
571,2,train_0527,12393.639164777644,10358.10828993782,85.81082899378198,0.0,12479.449993771426,15.98,0.66,0.0,0.0,5.0
572,2,train_0481,12309.126641487393,10398.663530236414,89.8663530236414,0.0,12398.992994511034,17.42,0.64,0.0,0.0,5.0
573,2,train_0445,12981.59147482669,11120.700590411836,162.0700590411836,0.0,13143.661533867873,18.76,0.66,0.0,0.0,5.0
574,2,train_0167,12024.821748715152,10195.75370382806,69.57537038280607,0.0,12094.39711909796,14.28,0.64,0.0,0.0,5.0
575,2,train_0590,12582.808491234298,10065.03493349835,56.50349334983494,0.0,12639.311984584134,17.28,0.56,0.0,0.0,5.0
576,2,train_0184,12644.634920911369,10308.196909516633,80.81969095166333,0.0,12725.454611863031,16.62,0.7,0.0,0.0,5.0
577,2,train_0313,12123.383201664106,10715.45227834404,121.54522783440407,0.0,12244.92842949851,15.86,0.62,0.0,0.0,5.0
578,2,train_0421,12891.743045007515,10529.579707079758,102.9579707079758,0.0,12994.701015715491,16.1,0.58,0.0,0.0,5.0
579,2,train_0464,12165.741894176594,10389.05080795542,88.90508079554202,0.0,12254.646974972136,15.52,0.62,0.0,0.0,5.0
580,2,train_0195,12763.013913849389,11280.503639392417,178.05036393924166,0.0,12941.06427778863,17.94,0.76,0.0,0.0,5.0
581,2,train_0250,12746.88158101168,10193.972156403452,69.39721564034517,0.0,12816.278796652025,16.58,0.62,0.0,0.0,5.0
582,2,train_0285,12087.613924559892,10468.607017368602,96.86070173686022,0.0,12184.474626296751,14.78,0.7,0.0,0.0,5.0
583,2,train_0211,12217.330556879968,10628.62801307282,112.86280130728193,0.0,12330.193358187249,17.74,0.6,0.0,0.0,5.0
584,2,train_0196,12111.10491354931,10834.213844613787,133.4213844613787,0.0,12244.526298010689,16.54,0.64,0.0,0.0,5.0
585,2,train_0546,12545.031742611343,10534.094145303183,103.40941453031829,0.0,12648.441157141662,19.96,0.56,0.0,0.0,5.0
586,2,train_0145,12328.949056304798,10476.06646113692,97.60664611369194,0.0,12426.555702418491,15.1,0.62,0.0,0.0,5.0
587,2,train_0258,12449.355196117442,10882.632840533242,138.26328405332424,0.0,12587.618480170766,15.94,0.58,0.0,0.0,5.0
588,2,train_0089,12419.054244755236,10774.77584442106,127.47758444210595,0.0,12546.531829197342,16.68,0.6,0.0,0.0,5.0
589,2,train_0447,12457.907862965982,10298.274648897557,79.82746488975573,0.0,12537.735327855737,15.12,0.72,0.0,0.0,5.0
590,2,train_0483,13001.21985454683,10372.043944713994,87.20439447139944,0.0,13088.42424901823,15.88,0.72,0.0,0.0,5.0
591,2,train_0298,11873.70237669702,9911.402875188425,41.14028751884253,0.0,11914.842664215863,15.78,0.62,0.0,0.0,5.0
592,2,train_0037,13076.807964402964,10737.623478306232,123.76234783062318,0.0,13200.570312233587,17.62,0.68,0.0,0.0,5.0
593,2,train_0067,11948.67239335262,10193.623407315243,69.36234073152427,0.0,12018.034734084144,15.86,0.5,0.0,0.0,5.0
594,2,train_0152,12226.274905042166,10499.417325840386,99.94173258403862,0.0,12326.216637626205,15.72,0.56,0.0,0.0,5.0
595,2,train_0076,12531.66635156547,10103.781242651025,60.37812426510246,0.0,12592.044475830573,16.16,0.56,0.0,0.0,5.0
596,2,train_0135,12454.989808345457,10465.296051189913,96.52960511899128,0.0,12551.519413464448,16.8,0.6,0.0,0.0,5.0
597,2,train_0306,12542.631098372878,10629.96019416137,112.99601941613692,0.0,12655.627117789016,14.48,0.74,0.0,0.0,5.0
598,2,train_0350,12146.888880122471,10272.486631626263,77.24866316262633,0.0,12224.137543285098,17.24,0.64,0.0,0.0,5.0
599,2,train_0424,12389.612079393117,10669.164565942487,116.91645659424867,0.0,12506.528535987365,17.12,0.7,0.0,0.0,5.0
600,2,train_0559,12350.80930461519,10390.175064726991,89.0175064726991,0.0,12439.826811087889,18.2,0.74,0.0,0.0,5.0
601,2,train_0445,12919.177094922483,10635.569689753822,113.55696897538219,0.0,13032.734063897866,18.08,0.68,0.0,0.0,5.0
602,2,train_0284,12123.90914177806,10679.268354573702,117.92683545737019,0.0,12241.83597723543,16.5,0.6,0.0,0.0,5.0
603,2,train_0201,12270.57329506465,10454.850232115019,95.48502321150191,0.0,12366.058318276153,15.1,0.72,0.0,0.0,5.0
604,2,train_0521,12720.939598528857,10148.028802546407,64.8028802546407,0.0,12785.742478783499,17.92,0.76,0.0,0.0,5.0
605,2,train_0005,12020.034895969984,9949.945707018633,44.99457070186327,0.0,12065.029466671847,18.44,0.54,0.0,0.0,5.0
606,2,train_0438,12243.998333150015,10474.885686908088,97.48856869080883,0.0,12341.486901840824,17.44,0.6,0.0,0.0,5.0
607,2,train_0320,12307.514002056992,10607.583703993958,110.7583703993958,0.0,12418.272372456388,15.26,0.74,0.0,0.0,5.0
608,3,train_0295,12100.341262678001,10593.499644140627,109.34996441406275,0.0,12209.691227092064,15.3,0.68,0.0,0.0,5.0
609,3,train_0113,12324.0856107782,10150.457235286913,65.04572352869127,0.0,12389.13133430689,16.8,0.66,0.0,0.0,5.0
610,3,train_0170,11938.601084004957,10227.366409908169,72.7366409908169,0.0,12011.337724995774,16.14,0.56,0.0,0.0,5.0
611,3,train_0192,12674.91001544565,10685.372138608102,118.53721386081016,0.0,12793.447229306461,16.5,0.56,0.0,0.0,5.0
612,3,train_0024,12187.954649550305,9933.92715356806,43.39271535680601,0.0,12231.347364907111,16.0,0.68,0.0,0.0,5.0
613,3,train_0339,12671.790065954934,10651.83351832729,115.18335183272903,0.0,12786.973417787663,16.82,0.76,0.0,0.0,5.0
614,3,train_0341,12721.698076073155,10353.366397699694,85.33663976996941,0.0,12807.034715843125,17.28,0.68,0.0,0.0,5.0
615,3,train_0235,12571.179728832085,10421.912169121593,92.19121691215933,0.0,12663.370945744244,15.28,0.62,0.0,0.0,5.0
616,3,train_0540,12414.92404535195,10625.521866351957,112.55218663519572,0.0,12527.476231987146,16.16,0.52,0.0,0.0,5.0
617,3,train_0275,12158.532743592656,10591.838934756857,109.18389347568574,0.0,12267.71663706834,16.22,0.66,0.0,0.0,5.0
618,3,train_0043,12226.839953102668,10341.76637564287,84.17663756428702,0.0,12311.016590666955,16.82,0.68,0.0,0.0,5.0
619,3,train_0030,12181.288818172412,10384.807799612045,88.48077996120446,0.0,12269.769598133616,17.04,0.62,0.0,0.0,5.0
620,3,train_0220,12408.41093577363,10574.30999058927,107.43099905892706,0.0,12515.841934832557,16.92,0.56,0.0,0.0,5.0
621,3,train_0109,12900.248632130966,10191.679290696891,69.16792906968912,0.0,12969.416561200655,19.0,0.7,0.0,0.0,5.0
622,3,train_0516,12366.61915003362,10656.822350209586,115.68223502095861,0.0,12482.30138505458,14.72,0.56,0.0,0.0,5.0
623,3,train_0505,12386.432738706082,10790.953460256762,129.0953460256762,0.0,12515.528084731759,16.44,0.64,0.0,0.0,5.0
624,3,train_0578,12336.948822558476,10308.70108224294,80.87010822429403,0.0,12417.818930782769,19.06,0.62,0.0,0.0,5.0
625,3,train_0307,12283.068209641371,10433.726138532871,93.37261385328712,0.0,12376.440823494659,16.26,0.6,0.0,0.0,5.0
626,3,train_0293,12139.73084632123,10441.268273413703,94.12682734137034,0.0,12233.8576736626,15.1,0.72,0.0,0.0,5.0
627,3,train_0531,12262.750364281103,10462.678472020041,96.26784720200413,0.0,12359.018211483106,17.84,0.62,0.0,0.0,5.0
628,3,train_0381,11941.92011419982,10441.013938819904,94.10139388199042,0.0,12036.02150808181,14.88,0.56,0.0,0.0,5.0
629,3,train_0514,12028.941785401272,10457.950985179546,95.79509851795466,0.0,12124.736883919226,15.04,0.72,0.0,0.0,5.0
630,3,train_0116,12282.990666411923,10388.132822629426,88.81328226294264,0.0,12371.803948674866,16.48,0.76,0.0,0.0,5.0
631,3,train_0115,12634.937215642702,11133.125831827976,163.31258318279762,0.0,12798.2497988255,14.88,0.68,0.0,0.0,5.0
632,3,train_0033,12333.379984665815,10658.834919397752,115.8834919397752,0.0,12449.26347660559,16.0,0.64,0.0,0.0,5.0
633,3,train_0239,12459.392627242656,10486.799353315442,98.67993533154423,0.0,12558.0725625742,15.3,0.56,0.0,0.0,5.0
634,3,train_0472,12243.0646991835,11000.693926969318,150.06939269693177,0.0,12393.134091880433,14.08,0.62,0.0,0.0,5.0
635,3,train_0315,12587.919799428584,11128.853437345351,162.88534373453513,0.0,12750.80514316312,16.62,0.7,0.0,0.0,5.0
636,3,train_0329,12232.12310702201,10558.289290678513,105.82892906785128,0.0,12337.95203608986,17.74,0.66,0.0,0.0,5.0
637,3,train_0058,11907.338619157716,10120.419724241412,62.04197242414121,0.0,11969.380591581858,15.38,0.72,0.0,0.0,5.0
638,3,train_0076,12669.904920451085,10108.753309460828,60.8753309460828,0.0,12730.780251397167,16.7,0.78,0.0,0.0,5.0
639,3,train_0051,12376.794591747235,10679.432328112773,117.94323281127727,0.0,12494.737824558513,17.48,0.7,0.0,0.0,5.0
640,3,train_0220,12485.152829472405,10390.155205092626,89.01552050926257,0.0,12574.168349981668,15.94,0.66,0.0,0.0,5.0
641,3,train_0504,12171.756240229084,10458.725596843273,95.87255968432729,0.0,12267.628799913411,14.44,0.56,0.0,0.0,5.0
642,3,train_0443,12534.756866633887,10983.063836693305,148.30638366933053,0.0,12683.063250303218,17.9,0.68,0.0,0.0,5.0
643,3,train_0496,12406.318915058559,10224.64725991504,72.46472599150403,0.0,12478.783641050062,17.6,0.58,0.0,0.0,5.0
644,3,train_0178,12127.728516233185,10490.860271287544,99.08602712875437,0.0,12226.81454336194,13.72,0.66,0.0,0.0,5.0
645,3,train_0229,12568.119276987163,10632.70373241976,113.27037324197609,0.0,12681.389650229139,14.82,0.68,0.0,0.0,5.0
646,3,train_0575,12982.656720943389,10462.766049856978,96.27660498569786,0.0,13078.933325929087,17.14,0.62,0.0,0.0,5.0
647,3,train_0423,12062.935683702928,10361.657337639566,86.16573376395664,0.0,12149.101417466885,16.48,0.72,0.0,0.0,5.0
648,3,train_0413,12848.813402417625,10625.159076301097,112.51590763010972,0.0,12961.329310047735,14.48,0.56,0.0,0.0,5.0
649,3,train_0310,11981.383729297015,10272.875891675396,77.2875891675396,0.0,12058.671318464554,15.96,0.56,0.0,0.0,5.0
650,3,train_0063,12305.438069941492,10606.172084390539,110.61720843905387,0.0,12416.055278380547,15.48,0.6,0.0,0.0,5.0
651,3,train_0448,12333.9609463958,10248.37728869473,74.837728869473,0.0,12408.798675265274,15.24,0.6,0.0,0.0,5.0
652,3,train_0221,12319.870619176969,10549.015606000014,104.90156060000136,0.0,12424.77217977697,15.7,0.72,0.0,0.0,5.0
653,3,train_0189,12114.144298035495,10508.115517349783,100.81155173497828,0.0,12214.955849770473,15.72,0.76,0.0,0.0,5.0
654,3,train_0434,12749.192403161094,10621.996236549101,112.19962365491011,0.0,12861.392026816004,15.82,0.6,0.0,0.0,5.0
655,3,train_0284,12301.312329185226,10523.899116091794,102.3899116091794,0.0,12403.702240794406,16.68,0.68,0.0,0.0,5.0
656,3,train_0101,12703.739682433723,10239.196961793885,73.91969617938848,0.0,12777.65937861311,17.96,0.66,0.0,0.0,5.0
657,3,train_0535,12510.490670281257,10307.583858107031,80.75838581070312,0.0,12591.24905609196,14.62,0.7,0.0,0.0,5.0
658,3,train_0236,12137.764483841423,10525.12962364757,102.51296236475702,0.0,12240.27744620618,17.74,0.58,0.0,0.0,5.0
659,3,train_0489,12188.518922430825,10018.899566807882,51.88995668078824,0.0,12240.408879111614,16.8,0.68,0.0,0.0,5.0
660,3,train_0243,12455.294156701992,10500.251668231056,100.02516682310562,0.0,12555.319323525096,17.18,0.72,0.0,0.0,5.0
661,3,train_0185,12455.67735251899,10549.954631352404,104.99546313524043,0.0,12560.67281565423,16.3,0.64,0.0,0.0,5.0
662,3,train_0481,12036.071923476291,10343.740463630544,84.37404636305438,0.0,12120.445969839346,16.72,0.56,0.0,0.0,5.0
663,3,train_0529,12380.197997329637,10618.774979414336,111.87749794143366,0.0,12492.07549527107,16.94,0.76,0.0,0.0,5.0
664,3,train_0188,12319.687804013978,10575.34193734083,107.53419373408306,0.0,12427.221997748062,14.74,0.68,0.0,0.0,5.0
665,3,train_0239,12153.637701829364,10709.456872011004,120.94568720110038,0.0,12274.583389030464,13.62,0.66,0.0,0.0,5.0
666,3,train_0331,12018.458547136855,10730.38221383267,123.03822138326706,0.0,12141.496768520123,18.42,0.7,0.0,0.0,5.0
667,3,train_0409,12656.225325092568,11079.481389535937,157.94813895359368,0.0,12814.173464046162,17.9,0.68,0.0,0.0,5.0
668,3,train_0301,12795.75107636679,10613.605726026337,111.3605726026337,0.0,12907.111648969425,15.16,0.78,0.0,0.0,5.0
669,3,train_0426,12262.857153736779,10716.480643600618,121.64806436006184,0.0,12384.505218096841,16.8,0.66,0.0,0.0,5.0
670,3,train_0496,12274.554820362318,10340.874515930958,84.08745159309584,0.0,12358.642271955414,17.92,0.72,0.0,0.0,5.0
671,3,train_0241,12080.933201431904,10221.464697639314,72.14646976393142,0.0,12153.079671195836,14.98,0.56,0.0,0.0,5.0
672,3,train_0507,12501.206083177916,10435.566291218624,93.55662912186236,0.0,12594.762712299778,16.58,0.7,0.0,0.0,5.0
673,3,train_0496,12234.85826722919,10370.790850774585,87.07908507745852,0.0,12321.93735230665,17.98,0.62,0.0,0.0,5.0
674,3,train_0586,12070.539424371356,10518.198934615077,101.81989346150768,0.0,12172.359317832865,15.84,0.62,0.0,0.0,5.0
675,3,train_0279,12664.318931275395,10180.961198568111,68.09611985681113,0.0,12732.415051132206,17.02,0.58,0.0,0.0,5.0
676,3,train_0507,12701.621202833569,10177.948705781504,67.79487057815041,0.0,12769.41607341172,16.16,0.74,0.0,0.0,5.0
677,3,train_0576,12026.40367926358,10456.202946282796,95.6202946282796,0.0,12122.023973891859,15.36,0.62,0.0,0.0,5.0
678,3,train_0564,12438.93180148461,10567.546254970694,106.75462549706936,0.0,12545.68642698168,16.12,0.62,0.0,0.0,5.0
679,3,train_0562,12052.766617351674,10698.86033307984,119.88603330798396,0.0,12172.652650659658,15.5,0.66,0.0,0.0,5.0
680,3,train_0234,12209.441243294645,10306.283466598947,80.62834665989467,0.0,12290.069589954539,16.32,0.6,0.0,0.0,5.0
681,3,train_0540,12394.611667097513,10614.136246205264,111.41362462052639,0.0,12506.02529171804,16.54,0.58,0.0,0.0,5.0
682,3,train_0262,12441.630416395994,10597.399084020311,109.73990840203115,0.0,12551.370324798025,15.96,0.68,0.0,0.0,5.0
683,3,train_0545,12269.015398562726,10263.987543064217,76.3987543064217,0.0,12345.414152869147,18.34,0.76,0.0,0.0,5.0
684,3,train_0485,12097.211943305976,10343.240585325813,84.32405853258133,0.0,12181.536001838558,16.88,0.74,0.0,0.0,5.0
685,3,train_0088,12499.603620332124,10460.052052151024,96.00520521510244,0.0,12595.608825547226,16.38,0.7,0.0,0.0,5.0
686,3,train_0076,12628.609758948318,9895.354249035954,39.53542490359541,0.0,12668.145183851913,16.16,0.64,0.0,0.0,5.0
687,3,train_0389,12167.251203982927,10629.327916495666,112.93279164956658,0.0,12280.183995632493,16.1,0.68,0.0,0.0,5.0
688,3,train_0147,12773.503951948904,10530.860461141125,103.08604611411248,0.0,12876.589998063017,17.58,0.7,0.0,0.0,5.0
689,3,train_0444,12384.192505594514,10673.277854185022,117.32778541850222,0.0,12501.520291013016,16.58,0.58,0.0,0.0,5.0
690,3,train_0468,12142.638762384484,10174.280492721999,67.42804927219986,0.0,12210.066811656683,15.12,0.58,0.0,0.0,5.0
691,3,train_0317,12390.610950275866,10203.852698336432,70.38526983364318,0.0,12460.99622010951,16.6,0.58,0.0,0.0,5.0
692,3,train_0467,12748.50445422498,10836.718770553205,133.67187705532052,0.0,12882.1763312803,15.94,0.54,0.0,0.0,5.0
693,3,train_0317,12032.361315560709,10274.69014238902,77.46901423890195,0.0,12109.830329799612,15.32,0.62,0.0,0.0,5.0
694,3,train_0341,12591.10880452886,10904.09202382583,140.40920238258295,0.0,12731.518006911443,16.98,0.66,0.0,0.0,5.0
695,3,train_0120,12090.245322045383,10177.153272431995,67.7153272431995,0.0,12157.960649288581,17.56,0.6,0.0,0.0,5.0
696,3,train_0351,12348.744339448112,11036.615419431939,153.6615419431939,0.0,12502.405881391307,15.32,0.6,0.0,0.0,5.0
697,3,train_0096,12418.27501804458,10482.782280457966,98.27822804579665,0.0,12516.553246090376,17.72,0.72,0.0,0.0,5.0
698,3,train_0372,12483.993619562265,10547.049356143043,104.7049356143043,0.0,12588.698555176568,17.28,0.58,0.0,0.0,5.0
699,3,train_0469,12668.024074553967,10935.050986836754,143.50509868367536,0.0,12811.529173237643,15.36,0.52,0.0,0.0,5.0
700,3,train_0460,12587.915141488984,10056.022178486412,55.60221784864116,0.0,12643.517359337626,14.44,0.66,0.0,0.0,5.0
701,3,train_0089,12497.97886954168,10963.913684505522,146.3913684505522,0.0,12644.37023799223,16.98,0.72,0.0,0.0,5.0
702,3,train_0473,12177.137563825654,10253.560857629167,75.3560857629167,0.0,12252.49364958857,18.1,0.8,0.0,0.0,5.0
703,3,train_0436,12497.10348922393,10548.724958725707,104.87249587257065,0.0,12601.9759850965,16.98,0.52,0.0,0.0,5.0
704,3,train_0089,12479.218625896227,10829.553082001152,132.95530820011518,0.0,12612.173934096341,16.94,0.6,0.0,0.0,5.0
705,3,train_0046,11914.699896442768,10250.686584118936,75.06865841189357,0.0,11989.768554854661,17.14,0.64,0.0,0.0,5.0
706,3,train_0390,12784.898146471874,10478.54567139805,97.85456713980494,0.0,12882.752713611679,16.06,0.72,0.0,0.0,5.0
707,3,train_0247,12240.561928807392,10786.34111617411,128.63411161741098,0.0,12369.196040424804,16.08,0.54,0.0,0.0,5.0
708,3,train_0298,11797.612846443211,10127.609676346445,62.76096763464448,0.0,11860.373814077855,16.1,0.54,0.0,0.0,5.0
709,3,train_0014,12483.068970189837,10891.394269392498,139.13942693924983,0.0,12622.208397129087,16.46,0.58,0.0,0.0,5.0
710,3,train_0143,12616.237858370954,10592.3938831639,109.23938831639008,0.0,12725.477246687344,14.46,0.62,0.0,0.0,5.0
711,3,train_0396,12310.844958585663,10663.122357423861,116.31223574238612,0.0,12427.157194328049,13.16,0.5,0.0,0.0,5.0
712,3,train_0379,12880.817109683128,10823.613589764167,132.3613589764167,0.0,13013.178468659546,14.88,0.66,0.0,0.0,5.0
713,3,train_0175,12214.523592070376,10482.126783487976,98.21267834879764,0.0,12312.736270419175,17.14,0.68,0.0,0.0,5.0
714,3,train_0205,12623.698245752978,10756.30027854886,125.63002785488607,0.0,12749.328273607864,16.74,0.68,0.0,0.0,5.0
715,3,train_0280,12696.021170406762,10487.886424017155,98.78864240171552,0.0,12794.809812808478,15.6,0.68,0.0,0.0,5.0
716,3,train_0204,12514.291991739581,10697.868156074295,119.78681560742953,0.0,12634.07880734701,16.1,0.82,0.0,0.0,5.0
717,3,train_0171,12866.341093610688,10897.180519800528,139.71805198005276,0.0,13006.059145590742,17.54,0.62,0.0,0.0,5.0
718,3,train_0187,12207.333168195639,10526.886254418974,102.68862544189743,0.0,12310.021793637536,14.5,0.62,0.0,0.0,5.0
719,3,train_0309,12413.141704745776,10527.848868431374,102.78488684313743,0.0,12515.926591588914,14.12,0.52,0.0,0.0,5.0
720,3,train_0332,11943.919433082336,10580.02654714432,108.002654714432,0.0,12051.922087796767,14.86,0.78,0.0,0.0,5.0
721,3,train_0394,12316.339580294562,10478.675095130428,97.86750951304276,0.0,12414.207089807604,17.4,0.7,0.0,0.0,5.0
722,3,train_0149,12400.63550045821,10679.251036763308,117.92510367633076,0.0,12518.56060413454,16.38,0.64,0.0,0.0,5.0
723,3,train_0100,12042.813350769653,10187.032244725408,68.70322447254075,0.0,12111.516575242194,16.3,0.76,0.0,0.0,5.0
724,3,train_0188,12322.930752293616,10399.151175805957,89.91511758059569,0.0,12412.845869874212,13.04,0.7,0.0,0.0,5.0
725,3,train_0466,12394.061282712722,10502.646845175455,100.26468451754555,0.0,12494.325967230268,17.38,0.76,0.0,0.0,5.0
726,3,train_0501,12525.409369037989,10676.491003377958,117.6491003377958,0.0,12643.058469375785,18.02,0.82,0.0,0.0,5.0
727,3,train_0469,12713.53605170061,10944.869348454169,144.48693484541693,0.0,12858.022986546028,14.62,0.6,0.0,0.0,5.0
728,3,train_0235,12290.080242747084,10815.366493267684,131.53664932676838,0.0,12421.616892073853,15.34,0.64,0.0,0.0,5.0
729,3,train_0565,12540.586489251695,10805.219773992243,130.5219773992243,0.0,12671.10846665092,16.4,0.64,0.0,0.0,5.0
730,3,train_0342,12344.500562316043,10372.659394532722,87.26593945327222,0.0,12431.766501769316,18.58,0.7,0.0,0.0,5.0
731,3,train_0228,12119.268125606382,10525.286788105615,102.52867881056154,0.0,12221.796804416945,15.2,0.64,0.0,0.0,5.0
732,3,train_0350,12191.67945132048,10255.411149427695,75.5411149427695,0.0,12267.22056626325,16.04,0.64,0.0,0.0,5.0
733,3,train_0523,12016.80111517835,10281.9702845227,78.19702845227003,0.0,12094.99814363062,15.76,0.7,0.0,0.0,5.0
734,3,train_0260,12065.873029623323,10424.845293712115,92.48452937121147,0.0,12158.357558994534,16.14,0.58,0.0,0.0,5.0
735,3,train_0056,11602.295709061871,10138.824057133388,63.88240571333881,0.0,11666.17811477521,17.38,0.62,0.0,0.0,5.0
736,3,train_0183,12436.75265098347,10764.072312754035,126.4072312754035,0.0,12563.159882258873,14.22,0.58,0.0,0.0,5.0
737,3,train_0596,12158.843950355173,10236.075008584261,73.6075008584261,0.0,12232.4514512136,16.44,0.8,0.0,0.0,5.0
738,3,train_0278,12281.50553207942,10381.896512133626,88.1896512133626,0.0,12369.695183292783,16.68,0.54,0.0,0.0,5.0
739,3,train_0127,12497.593715975596,10766.363312060064,126.63633120600645,0.0,12624.230047181602,16.28,0.84,0.0,0.0,5.0
740,3,train_0528,12628.648215098423,10244.980874964018,74.4980874964018,0.0,12703.146302594825,14.2,0.54,0.0,0.0,5.0
741,3,train_0224,12194.767406687915,10591.528699324917,109.15286993249174,0.0,12303.920276620407,13.84,0.74,0.0,0.0,5.0
742,3,train_0191,12376.771282009853,10812.144911666257,131.21449116662572,0.0,12507.985773176479,17.1,0.72,0.0,0.0,5.0
743,3,train_0056,11862.01732388186,10071.687188548949,57.168718854894905,0.0,11919.186042736756,17.2,0.7,0.0,0.0,5.0
744,3,train_0567,12864.991600614007,11108.050551997936,160.80505519979363,0.0,13025.7966558138,16.46,0.54,0.0,0.0,5.0
745,3,train_0501,12457.57520422558,10593.122991103894,109.31229911038936,0.0,12566.88750333597,18.9,0.58,0.0,0.0,5.0
746,3,train_0233,12825.034531685043,11014.461888721544,151.44618887215438,0.0,12976.480720557198,17.16,0.7,0.0,0.0,5.0
747,3,train_0291,12549.587757689651,10696.399367596408,119.63993675964085,0.0,12669.227694449291,14.48,0.74,0.0,0.0,5.0
748,3,train_0152,12120.564139207578,10724.67093143332,122.46709314333202,0.0,12243.03123235091,14.4,0.72,0.0,0.0,5.0
749,3,train_0577,12581.147102561117,11303.199143740598,180.31991437405978,0.0,12761.467016935178,15.28,0.68,0.0,0.0,5.0
750,3,train_0551,11969.07371380672,10324.898820620727,82.4898820620727,0.0,12051.563595868793,16.64,0.56,0.0,0.0,5.0
751,3,train_0086,11727.4042534713,10036.455415775992,53.64554157759922,0.0,11781.0497950489,15.82,0.66,0.0,0.0,5.0
752,3,train_0145,12144.848894162546,10401.980332604231,90.19803326042312,0.0,12235.046927422969,15.12,0.66,0.0,0.0,5.0
753,3,train_0535,12450.408713952447,10395.034215850745,89.50342158507448,0.0,12539.912135537521,13.82,0.58,0.0,0.0,5.0
754,3,train_0130,12081.821823659948,10366.046560832254,86.6046560832254,0.0,12168.426479743173,16.36,0.66,0.0,0.0,5.0
755,3,train_0215,12805.117746489479,10353.002303445002,85.30023034450024,0.0,12890.41797683398,15.64,0.74,0.0,0.0,5.0
756,3,train_0485,12025.777117396743,10400.381883473634,90.0381883473634,0.0,12115.815305744107,16.2,0.62,0.0,0.0,5.0
757,3,train_0141,12705.955197331925,10685.21279729074,118.52127972907402,0.0,12824.476477060998,14.64,0.58,0.0,0.0,5.0
758,3,train_0507,12400.779097257026,10533.670371990374,103.36703719903744,0.0,12504.146134456063,17.12,0.62,0.0,0.0,5.0
759,3,train_0394,12283.030776942229,10604.642840094079,110.46428400940786,0.0,12393.495060951636,16.58,0.64,0.0,0.0,5.0
760,3,train_0111,12310.564525818725,10276.302159496285,77.63021594962848,0.0,12388.194741768353,15.16,0.7,0.0,0.0,5.0
761,3,train_0018,12365.562191906873,10673.332125875375,117.3332125875375,0.0,12482.89540449441,14.88,0.6,0.0,0.0,5.0
762,3,train_0103,12011.807927537786,10163.312198847569,66.33121988475686,0.0,12078.139147422542,16.62,0.62,0.0,0.0,5.0
763,3,train_0315,12694.849055012732,10980.556022006804,148.05560220068037,0.0,12842.904657213412,16.94,0.64,0.0,0.0,5.0
764,3,train_0575,12784.574021535598,10531.14206218388,103.11420621838806,0.0,12887.688227753986,17.24,0.52,0.0,0.0,5.0
765,3,train_0284,12148.740400887356,10523.64263248261,102.36426324826098,0.0,12251.104664135617,17.0,0.66,0.0,0.0,5.0
766,3,train_0077,12515.445477485911,10147.372835028455,64.73728350284546,0.0,12580.182760988757,15.6,0.7,0.0,0.0,5.0
767,3,train_0029,12168.360562196058,10463.16477709683,96.31647770968303,0.0,12264.67703990574,16.16,0.72,0.0,0.0,5.0
768,3,train_0112,12444.98274829872,10374.199611595144,87.41996115951443,0.0,12532.402709458234,16.32,0.56,0.0,0.0,5.0
769,3,train_0260,12246.133323981394,10129.669401375213,62.966940137521306,0.0,12309.100264118915,16.84,0.6,0.0,0.0,5.0
770,3,train_0265,12377.388657894016,10231.579570981885,73.15795709818849,0.0,12450.546614992205,14.66,0.68,0.0,0.0,5.0
771,3,train_0182,12618.485558519744,10679.273207749404,117.92732077494038,0.0,12736.412879294685,14.4,0.62,0.0,0.0,5.0
772,3,train_0372,12383.401359948595,10954.187114092096,145.41871140920958,0.0,12528.820071357804,17.18,0.7,0.0,0.0,5.0
773,3,train_0149,12728.091202885214,10476.747240568977,97.67472405689769,0.0,12825.765926942113,16.32,0.64,0.0,0.0,5.0
774,3,train_0152,12371.074812507199,10565.66557491861,106.56655749186103,0.0,12477.641369999059,15.62,0.66,0.0,0.0,5.0
775,3,train_0558,12768.763516547087,10708.847597879807,120.8847597879807,0.0,12889.648276335069,14.72,0.6,0.0,0.0,5.0
776,3,train_0320,12508.651068841931,10857.954632745925,135.7954632745925,0.0,12644.446532116524,14.96,0.56,0.0,0.0,5.0
777,3,train_0358,12404.980374281622,10502.248912807929,100.22489128079287,0.0,12505.205265562416,16.74,0.66,0.0,0.0,5.0
778,3,train_0343,13132.98685843403,10725.431328814488,122.54313288144877,0.0,13255.529991315478,16.98,0.7,0.0,0.0,5.0
779,3,train_0092,12722.160728888812,10577.584239372005,107.7584239372005,0.0,12829.919152826013,16.54,0.66,0.0,0.0,5.0
780,3,train_0349,12270.25465504397,10142.831981524849,64.28319815248487,0.0,12334.537853196454,15.6,0.74,0.0,0.0,5.0
781,3,train_0454,12654.339530461879,10850.242303715575,135.0242303715575,0.0,12789.363760833436,15.6,0.6,0.0,0.0,5.0
782,3,train_0025,12588.386519733975,10452.34351598801,95.23435159880101,0.0,12683.620871332776,15.04,0.6,0.0,0.0,5.0
783,3,train_0221,12317.412569209762,10752.207800440745,125.2207800440745,0.0,12442.633349253836,15.86,0.58,0.0,0.0,5.0
784,3,train_0167,12001.616515472575,10458.053839605023,95.80538396050234,0.0,12097.421899433077,16.88,0.64,0.0,0.0,5.0
785,3,train_0359,12818.666177633142,10517.019323489829,101.7019323489829,0.0,12920.368109982124,15.4,0.68,0.0,0.0,5.0
786,3,train_0543,12557.498945739299,10560.85625025774,106.08562502577406,0.0,12663.584570765073,16.2,0.68,0.0,0.0,5.0
787,3,train_0227,12835.02478736178,10444.980001486198,94.49800014861977,0.0,12929.522787510401,17.2,0.66,0.0,0.0,5.0
788,3,train_0039,12350.843065628962,10844.543685150778,134.45436851507785,0.0,12485.29743414404,16.66,0.7,0.0,0.0,5.0
789,3,train_0383,12048.39461488906,10311.250133511287,81.12501335112866,0.0,12129.51962824019,15.2,0.7,0.0,0.0,5.0
790,3,train_0185,12247.411776306866,10352.627300299922,85.26273002999224,0.0,12332.674506336858,15.82,0.54,0.0,0.0,5.0
791,3,train_0409,12555.18612124089,10910.464122405005,141.04641224050047,0.0,12696.23253348139,16.64,0.66,0.0,0.0,5.0
792,3,train_0084,12026.633365507494,10050.308605047721,55.030860504772136,0.0,12081.664226012266,16.62,0.62,0.0,0.0,5.0
793,3,train_0170,12043.72360143022,10158.326468239122,65.83264682391219,0.0,12109.556248254132,17.68,0.68,0.0,0.0,5.0
794,3,train_0232,12642.192992411581,10041.87265843114,54.187265843114076,0.0,12696.380258254696,16.32,0.54,0.0,0.0,5.0
795,3,train_0498,12570.455320183568,10491.966808153065,99.19668081530654,0.0,12669.652000998874,15.38,0.64,0.0,0.0,5.0
796,3,train_0330,12029.641696810617,10077.672286154266,57.767228615426575,0.0,12087.408925426043,15.88,0.52,0.0,0.0,5.0
797,3,train_0370,12562.515659078585,10792.342782978598,129.2342782978598,0.0,12691.749937376444,16.8,0.72,0.0,0.0,5.0
798,3,train_0423,12251.777784837694,10342.04680354584,84.20468035458399,0.0,12335.982465192277,16.48,0.58,0.0,0.0,5.0
799,3,train_0363,12546.175312601898,10364.304138939355,86.43041389393548,0.0,12632.605726495833,17.48,0.66,0.0,0.0,5.0
800,3,train_0529,12611.46601577508,10291.833587753074,79.18335877530735,0.0,12690.649374550389,14.84,0.56,0.0,0.0,5.0
801,3,train_0130,12133.222392259184,10367.814404764531,86.7814404764531,0.0,12220.003832735638,15.42,0.72,0.0,0.0,5.0
802,3,train_0382,12286.920719501823,10928.372504546704,142.83725045467037,0.0,12429.757969956492,15.76,0.66,0.0,0.0,5.0
803,3,train_0152,12330.53305672899,10464.506052511715,96.45060525117151,0.0,12426.98366198016,15.58,0.68,0.0,0.0,5.0
804,3,train_0334,12298.603376045798,10748.64265745347,124.86426574534708,0.0,12423.467641791145,16.64,0.74,0.0,0.0,5.0
805,3,train_0237,12108.29911627457,10545.812263435266,104.58122634352658,0.0,12212.880342618097,17.0,0.7,0.0,0.0,5.0
806,3,train_0550,12151.260145799666,10467.693713670415,96.76937136704146,0.0,12248.029517166708,16.46,0.64,0.0,0.0,5.0
807,3,train_0020,12954.762514045326,10876.645248097164,137.6645248097164,0.0,13092.427038855041,14.9,0.64,0.0,0.0,5.0
808,3,train_0329,12185.39225482523,10672.63518168297,117.26351816829703,0.0,12302.655772993527,15.9,0.64,0.0,0.0,5.0
809,3,train_0032,12552.782377659843,10643.984913330325,114.39849133303251,0.0,12667.180868992877,18.12,0.7,0.0,0.0,5.0
810,3,train_0218,12629.1764818821,10675.359924162181,117.53599241621815,0.0,12746.712474298318,16.74,0.58,0.0,0.0,5.0
811,3,train_0397,12134.30273772394,10228.605764205518,72.86057642055185,0.0,12207.16331414449,14.7,0.64,0.0,0.0,5.0
812,3,train_0143,12461.82416064258,10682.631156643836,118.26311566438363,0.0,12580.087276306964,15.58,0.66,0.0,0.0,5.0
813,3,train_0189,12146.280955363189,10290.821844036374,79.08218440363744,0.0,12225.363139766827,15.16,0.62,0.0,0.0,5.0
814,3,train_0405,12524.331479617946,10688.495814895161,118.8495814895161,0.0,12643.181061107462,16.22,0.76,0.0,0.0,5.0
815,3,train_0432,12277.665119219786,10541.966020892414,104.19660208924142,0.0,12381.861721309027,14.32,0.56,0.0,0.0,5.0
816,4,train_0387,12140.820733721872,10096.02403440501,59.60240344050108,0.0,12200.423137162374,16.04,0.58,0.0,0.0,5.0
817,4,train_0044,12565.604540032518,11151.444729326016,165.14447293260164,0.0,12730.74901296512,16.56,0.7,0.0,0.0,5.0
818,4,train_0203,12789.183119891906,10535.21305841624,103.52130584162406,0.0,12892.704425733531,13.46,0.68,0.0,0.0,5.0
819,4,train_0444,12476.530582522963,10261.83972015752,76.18397201575208,0.0,12552.714554538714,15.68,0.56,0.0,0.0,5.0
820,4,train_0517,12562.252964375695,10746.778722079947,124.67787220799474,0.0,12686.93083658369,16.74,0.66,0.0,0.0,5.0
821,4,train_0128,12043.495150626039,10165.969229683156,66.59692296831564,0.0,12110.092073594355,14.38,0.64,0.0,0.0,5.0
822,4,train_0236,11975.04277089677,10515.95951260757,101.59595126075692,0.0,12076.638722157528,17.08,0.78,0.0,0.0,5.0
823,4,train_0521,12210.78498602713,10712.836421736012,121.28364217360122,0.0,12332.068628200732,16.9,0.7,0.0,0.0,5.0
824,4,train_0074,12484.667469710108,10678.338923300398,117.83389233003982,0.0,12602.501362040148,15.56,0.78,0.0,0.0,5.0
825,4,train_0543,12942.935301866419,10186.136633052076,68.6136633052076,0.0,13011.548965171627,14.6,0.6,0.0,0.0,5.0
826,4,train_0225,12235.626217949757,10431.759903915325,93.17599039153248,0.0,12328.802208341289,18.2,0.64,0.0,0.0,5.0
827,4,train_0413,12393.636578316871,10861.161946912143,136.11619469121433,0.0,12529.752773008086,16.66,0.58,0.0,0.0,5.0
828,4,train_0263,12170.770261552378,9938.732151625514,43.873215162551425,0.0,12214.64347671493,16.0,0.74,0.0,0.0,5.0
829,4,train_0236,12339.522426814652,10653.21754308152,115.32175430815205,0.0,12454.844181122804,18.26,0.74,0.0,0.0,5.0
830,4,train_0225,12367.092267643855,10582.992127346199,108.29921273461987,0.0,12475.391480378476,17.2,0.72,0.0,0.0,5.0
831,4,train_0015,11933.241664768006,10410.831076414732,91.08310764147319,0.0,12024.324772409478,15.92,0.56,0.0,0.0,5.0
832,4,train_0546,12704.040120366493,10258.198487681952,75.81984876819516,0.0,12779.859969134688,19.06,0.66,0.0,0.0,5.0
833,4,train_0456,12027.072267265708,10759.623956455835,125.96239564558346,0.0,12153.034662911292,15.78,0.72,0.0,0.0,5.0
834,4,train_0553,11775.15553285595,10059.100311224869,55.91003112248691,0.0,11831.065563978436,16.6,0.58,0.0,0.0,5.0
835,4,train_0337,11956.54020338207,10143.8803920178,64.38803920177997,0.0,12020.92824258385,17.3,0.58,0.0,0.0,5.0
836,4,train_0576,12014.46180371059,10458.338250831974,95.83382508319738,0.0,12110.295628793787,14.4,0.6,0.0,0.0,5.0
837,4,train_0049,12504.987665611852,10600.62804465695,110.06280446569508,0.0,12615.050470077547,15.12,0.74,0.0,0.0,5.0
838,4,train_0214,12046.614645631245,10126.377515741442,62.637751574144204,0.0,12109.25239720539,14.54,0.66,0.0,0.0,5.0
839,4,train_0342,12184.425764557958,10425.590365490174,92.5590365490174,0.0,12276.984801106975,19.42,0.72,0.0,0.0,5.0
840,4,train_0288,11661.485185730678,10262.280968740095,76.2280968740095,0.0,11737.713282604687,16.3,0.66,0.0,0.0,5.0
841,4,train_0003,12086.5681775396,10268.994715254004,76.89947152540044,0.0,12163.467649065002,16.82,0.62,0.0,0.0,5.0
842,4,train_0061,12263.83547036893,10424.180965829588,92.4180965829588,0.0,12356.253566951887,15.86,0.7,0.0,0.0,5.0
843,4,train_0270,12435.305727096056,10340.173881579329,84.01738815793288,0.0,12519.323115253988,16.08,0.52,0.0,0.0,5.0
844,4,train_0496,12381.556969858673,10368.920343237533,86.89203432375325,0.0,12468.449004182427,17.76,0.82,0.0,0.0,5.0
845,4,train_0367,12145.738664429779,10318.606541908139,81.86065419081388,0.0,12227.599318620592,15.48,0.72,0.0,0.0,5.0
846,4,train_0171,13043.856940392501,10618.75433226291,111.875433226291,0.0,13155.732373618792,17.42,0.86,0.0,0.0,5.0
847,4,train_0481,12030.655834326993,10379.586272492885,87.95862724928848,0.0,12118.614461576282,16.28,0.66,0.0,0.0,5.0
848,4,train_0533,12122.642602685999,10498.059686437495,99.80596864374948,0.0,12222.448571329749,17.26,0.58,0.0,0.0,5.0
849,4,train_0174,12497.564434588981,10321.259488702455,82.12594887024552,0.0,12579.690383459227,16.72,0.76,0.0,0.0,5.0
850,4,train_0551,12070.522071792695,10362.355826010355,86.23558260103546,0.0,12156.75765439373,16.44,0.6,0.0,0.0,5.0
851,4,train_0139,12142.442772399736,10516.372122353383,101.63721223533831,0.0,12244.079984635075,14.12,0.62,0.0,0.0,5.0
852,4,train_0345,12594.08210108718,10230.48971127016,73.04897112701602,0.0,12667.131072214197,15.52,0.5,0.0,0.0,5.0
853,4,train_0198,11371.382398394493,10108.461546205635,60.84615462056354,0.0,11432.228553015057,16.54,0.72,0.0,0.0,5.0
854,4,train_0431,12576.25331480089,9919.481643132098,41.94816431320979,0.0,12618.2014791141,17.48,0.68,0.0,0.0,5.0
855,4,train_0035,12674.866733117538,11174.082060165103,167.40820601651032,0.0,12842.27493913405,17.08,0.52,0.0,0.0,5.0
856,4,train_0032,12228.313551126934,10650.952509554061,115.09525095540613,0.0,12343.40880208234,16.3,0.6,0.0,0.0,5.0
857,4,train_0558,12529.497392583104,11011.728438014856,151.17284380148558,0.0,12680.670236384589,15.42,0.72,0.0,0.0,5.0
858,4,train_0106,13068.870084940772,10525.3597424592,102.53597424592009,0.0,13171.406059186693,17.72,0.58,0.0,0.0,5.0
859,4,train_0528,12562.154938820728,10460.485326937589,96.0485326937589,0.0,12658.203471514487,15.02,0.78,0.0,0.0,5.0
860,4,train_0400,12407.894624720462,11228.204297785218,172.8204297785218,0.0,12580.715054498984,15.12,0.74,0.0,0.0,5.0
861,4,train_0361,12726.579943276975,10519.381899891534,101.9381899891534,0.0,12828.518133266129,16.46,0.6,0.0,0.0,5.0
862,4,train_0435,11887.78707717156,10488.945383453833,98.89453834538327,0.0,11986.681615516944,15.84,0.78,0.0,0.0,5.0
863,4,train_0044,12854.43490279625,10413.454046327899,91.34540463278991,0.0,12945.78030742904,15.4,0.72,0.0,0.0,5.0
864,4,train_0030,12091.707913296557,10330.745754931831,83.07457549318315,0.0,12174.78248878974,16.88,0.72,0.0,0.0,5.0
865,4,train_0050,12166.720833343656,10489.196044316242,98.91960443162425,0.0,12265.64043777528,15.46,0.56,0.0,0.0,5.0
866,4,train_0012,12802.303857982559,10459.228909052867,95.92289090528666,0.0,12898.226748887846,15.32,0.66,0.0,0.0,5.0
867,4,train_0559,12406.923434054883,10531.248505105543,103.12485051055428,0.0,12510.048284565437,17.0,0.72,0.0,0.0,5.0
868,4,train_0268,12565.855134669699,10434.31362687111,93.43136268711096,0.0,12659.28649735681,17.04,0.66,0.0,0.0,5.0
869,4,train_0074,12518.888885519753,10637.634802248787,113.76348022487873,0.0,12632.652365744632,17.14,0.68,0.0,0.0,5.0
870,4,train_0189,12174.098326740197,10379.253592133078,87.92535921330783,0.0,12262.023685953505,16.82,0.58,0.0,0.0,5.0
871,4,train_0087,12715.605074404131,10856.940980022631,135.69409800226313,0.0,12851.299172406394,14.76,0.56,0.0,0.0,5.0
872,4,train_0542,11939.74761013517,10330.314378106352,83.03143781063518,0.0,12022.779047945805,15.4,0.62,0.0,0.0,5.0
873,4,train_0471,12323.563609398418,10720.281534992073,122.02815349920729,0.0,12445.591762897624,14.78,0.64,0.0,0.0,5.0
874,4,train_0004,12476.721294277006,10304.9388995325,80.49388995325008,0.0,12557.215184230256,17.78,0.66,0.0,0.0,5.0
875,4,train_0180,12633.577365428275,10436.436036657271,93.6436036657271,0.0,12727.220969094002,17.18,0.76,0.0,0.0,5.0
876,4,train_0393,12417.164903188675,10478.536064808613,97.85360648086134,0.0,12515.018509669537,13.48,0.76,0.0,0.0,5.0
877,4,train_0246,11991.294704416221,10525.178817722639,102.5178817722639,0.0,12093.812586188486,17.86,0.6,0.0,0.0,5.0
878,4,train_0134,12553.675807164369,10774.153929395052,127.41539293950518,0.0,12681.091200103874,13.52,0.58,0.0,0.0,5.0
879,4,train_0246,12177.416782071454,10240.690567168018,74.0690567168018,0.0,12251.485838788256,15.98,0.74,0.0,0.0,5.0
880,4,train_0255,12047.88669873587,10023.985718782493,52.39857187824928,0.0,12100.28527061412,15.54,0.72,0.0,0.0,5.0
881,4,train_0420,12363.944091607806,10257.923251096672,75.79232510966722,0.0,12439.736416717473,16.08,0.64,0.0,0.0,5.0
882,4,train_0332,11976.65951196753,10345.428709376729,84.54287093767289,0.0,12061.202382905201,15.28,0.72,0.0,0.0,5.0
883,4,train_0283,12254.339194945089,10585.069752923278,108.50697529232785,0.0,12362.846170237417,15.54,0.62,0.0,0.0,5.0
884,4,train_0368,12557.106678833106,10588.938634632479,108.89386346324791,0.0,12666.000542296355,16.06,0.74,0.0,0.0,5.0
885,4,train_0487,12394.408525635636,10668.094283756314,116.80942837563144,0.0,12511.217954011267,15.5,0.7,0.0,0.0,5.0
886,4,train_0055,12550.821898051601,10404.305701929345,90.43057019293447,0.0,12641.252468244536,13.68,0.76,0.0,0.0,5.0
887,4,train_0297,11878.968738851348,10540.772213816894,104.07722138168938,0.0,11983.045960233037,13.36,0.66,0.0,0.0,5.0
888,4,train_0453,12483.245541681466,10340.767513799063,84.07675137990628,0.0,12567.322293061372,17.94,0.62,0.0,0.0,5.0
889,4,train_0174,12224.90209909449,10563.650688429268,106.36506884292686,0.0,12331.267167937416,16.54,0.56,0.0,0.0,5.0
890,4,train_0520,11835.247837963301,10396.46892414787,89.646892414787,0.0,11924.894730378088,16.06,0.6,0.0,0.0,5.0
891,4,train_0116,12199.901034741388,10343.041661085805,84.30416610858047,0.0,12284.205200849969,16.12,0.76,0.0,0.0,5.0
892,4,train_0020,12575.975273751439,10641.921287107049,114.19212871070486,0.0,12690.167402462144,15.32,0.7,0.0,0.0,5.0
893,4,train_0453,12467.571686475152,10221.056377688032,72.10563776880318,0.0,12539.677324243956,16.68,0.72,0.0,0.0,5.0
894,4,train_0458,12437.89878681059,10808.929396529598,130.89293965295983,0.0,12568.79172646355,15.68,0.64,0.0,0.0,5.0
895,4,train_0131,13015.207872011746,10722.631596739338,122.26315967393384,0.0,13137.47103168568,16.38,0.66,0.0,0.0,5.0
896,4,train_0596,12212.695748168331,10278.329856202396,77.83298562023957,0.0,12290.528733788571,16.42,0.56,0.0,0.0,5.0
897,4,train_0365,12698.862791489184,10612.246466160974,111.22464661609739,0.0,12810.087438105282,15.76,0.68,0.0,0.0,5.0
898,4,train_0021,12197.756421008184,10916.759489332386,141.67594893323857,0.0,12339.432369941422,16.96,0.66,0.0,0.0,5.0
899,4,train_0360,12155.085322385168,10344.310222283635,84.43102222836352,0.0,12239.516344613532,17.04,0.64,0.0,0.0,5.0
900,4,train_0209,11950.387105031417,10725.638352843935,122.56383528439346,0.0,12072.950940315812,15.7,0.56,0.0,0.0,5.0
901,4,train_0577,12947.43655041022,11227.932091662806,172.79320916628058,0.0,13120.229759576501,15.66,0.56,0.0,0.0,5.0
902,4,train_0164,11982.62718340554,10457.571846447308,95.75718464473084,0.0,12078.384368050272,14.78,0.58,0.0,0.0,5.0
903,4,train_0053,12453.225021710723,10416.377415578934,91.63774155789343,0.0,12544.862763268617,16.64,0.76,0.0,0.0,5.0
904,4,train_0525,12114.763103657799,10353.04347955399,85.30434795539895,0.0,12200.067451613199,13.94,0.64,0.0,0.0,5.0
905,4,train_0124,12330.430298695806,10761.20477099419,126.12047709941908,0.0,12456.550775795225,17.94,0.7,0.0,0.0,5.0
906,4,train_0196,12039.729566297607,10624.439910936291,112.44399109362912,0.0,12152.173557391236,15.52,0.68,0.0,0.0,5.0
907,4,train_0396,12220.786109333101,10739.261712756921,123.92617127569211,0.0,12344.712280608794,13.48,0.64,0.0,0.0,5.0
908,4,train_0196,12072.274851877522,10319.665672737554,81.9665672737554,0.0,12154.241419151278,15.5,0.68,0.0,0.0,5.0
909,4,train_0198,11630.07762682288,10125.67033888916,62.567033888916015,0.0,11692.644660711796,15.3,0.66,0.0,0.0,5.0
910,4,train_0297,12116.990657140746,10596.034328613416,109.60343286134157,0.0,12226.594090002089,14.0,0.64,0.0,0.0,5.0
911,4,train_0077,12067.578205583117,10278.920886180917,77.89208861809166,0.0,12145.470294201208,16.38,0.7,0.0,0.0,5.0
912,4,train_0325,12384.153928730017,10281.22869571982,78.12286957198194,0.0,12462.276798301998,13.46,0.68,0.0,0.0,5.0
913,4,train_0537,12293.319962821806,10155.743521555032,65.57435215550322,0.0,12358.89431497731,15.98,0.6,0.0,0.0,5.0
914,4,train_0595,12135.305194161798,10340.13816273031,84.01381627303108,0.0,12219.319010434829,15.24,0.76,0.0,0.0,5.0
915,4,train_0438,11953.154130484174,10312.89919511395,81.28991951139506,0.0,12034.444049995569,15.8,0.64,0.0,0.0,5.0
916,4,train_0356,12646.182112678147,10690.764183392863,119.07641833928629,0.0,12765.258531017433,15.38,0.56,0.0,0.0,5.0
917,4,train_0133,12285.840895330497,10593.093114360374,109.30931143603739,0.0,12395.150206766535,17.32,0.78,0.0,0.0,5.0
918,4,train_0523,12203.055531809436,10037.292067147557,53.729206714755676,0.0,12256.784738524191,16.46,0.76,0.0,0.0,5.0
919,4,train_0057,11936.97507846043,10567.287524335954,106.7287524335954,0.0,12043.703830894025,14.66,0.78,0.0,0.0,5.0
920,4,train_0426,12023.307142466074,10401.406030569517,90.14060305695166,0.0,12113.447745523026,16.66,0.7,0.0,0.0,5.0
921,4,train_0505,12553.331127736285,10574.498047056153,107.44980470561532,0.0,12660.7809324419,17.72,0.64,0.0,0.0,5.0
922,4,train_0278,12031.044149729194,10607.675668339216,110.76756683392159,0.0,12141.811716563116,15.82,0.6,0.0,0.0,5.0
923,4,train_0341,12498.986345838375,10806.520795013312,130.65207950133117,0.0,12629.638425339706,16.6,0.56,0.0,0.0,5.0
924,4,train_0486,12621.533475313205,10644.892306995547,114.48923069955472,0.0,12736.02270601276,14.92,0.64,0.0,0.0,5.0
925,4,train_0557,12362.868949087171,10060.20658373272,56.02065837327209,0.0,12418.889607460444,16.42,0.64,0.0,0.0,5.0
926,4,train_0019,12330.664161241031,10572.962921507227,107.29629215072273,0.0,12437.960453391754,15.94,0.7,0.0,0.0,5.0
927,4,train_0310,12135.716378573445,10204.470866009055,70.44708660090546,0.0,12206.16346517435,15.5,0.62,0.0,0.0,5.0
928,4,train_0245,11917.579941754939,10030.790866030527,53.07908660305275,0.0,11970.659028357992,15.0,0.62,0.0,0.0,5.0
929,4,train_0138,12529.22141441237,10226.446676466601,72.64466764666012,0.0,12601.86608205903,17.0,0.48,0.0,0.0,5.0
930,4,train_0518,12344.844112983388,10674.638229525945,117.46382295259446,0.0,12462.307935935984,15.66,0.7,0.0,0.0,5.0
931,4,train_0080,12576.948958097293,10754.152969013068,125.41529690130683,0.0,12702.3642549986,15.42,0.62,0.0,0.0,5.0
932,4,train_0201,12342.83758801386,10512.615240141706,101.26152401417058,0.0,12444.09911202803,17.08,0.76,0.0,0.0,5.0
933,4,train_0250,12583.222234122426,10376.806922981541,87.6806922981541,0.0,12670.90292642058,16.5,0.68,0.0,0.0,5.0
934,4,train_0136,12226.92857744073,10430.771178794877,93.07711787948774,0.0,12320.005695320218,18.78,0.56,0.0,0.0,5.0
935,4,train_0410,12817.127068551865,10331.526817052443,83.15268170524433,0.0,12900.279750257108,17.94,0.66,0.0,0.0,5.0
936,4,train_0383,12008.381249361055,10183.327842015538,68.33278420155385,0.0,12076.714033562608,16.26,0.72,0.0,0.0,5.0
937,4,train_0002,12076.919145266347,10423.266875151226,92.32668751512266,0.0,12169.24583278147,13.6,0.84,0.0,0.0,5.0
938,4,train_0093,12001.542506163616,10113.173645128081,61.317364512808126,0.0,12062.859870676424,18.46,0.6,0.0,0.0,5.0
939,4,train_0237,12028.794881216185,10207.077136658148,70.70771366581485,0.0,12099.502594882,16.68,0.72,0.0,0.0,5.0
940,4,train_0528,12487.778828695806,10389.808827686627,88.98088276866275,0.0,12576.759711464469,14.86,0.6,0.0,0.0,5.0
941,4,train_0242,12465.773040677652,11081.76569354489,158.17656935448906,0.0,12623.949610032141,16.14,0.64,0.0,0.0,5.0
942,4,train_0255,12227.948855965351,10191.561598393142,69.15615983931421,0.0,12297.105015804666,17.94,0.72,0.0,0.0,5.0
943,4,train_0402,12322.851163750398,10657.624493742047,115.7624493742047,0.0,12438.613613124602,16.46,0.64,0.0,0.0,5.0
944,4,train_0472,12525.86663970828,10968.529819866366,146.8529819866366,0.0,12672.719621694916,16.56,0.56,0.0,0.0,5.0
945,4,train_0116,12482.376980599909,10269.068846715123,76.90688467151232,0.0,12559.283865271422,16.4,0.64,0.0,0.0,5.0
946,4,train_0402,12506.079238760129,10520.79647350089,102.079647350089,0.0,12608.158886110217,17.4,0.62,0.0,0.0,5.0
947,4,train_0525,12037.951863874208,10094.318631875172,59.43186318751723,0.0,12097.383727061726,14.62,0.58,0.0,0.0,5.0
948,4,train_0533,12089.770984651477,10460.24443326284,96.02444332628403,0.0,12185.79542797776,18.36,0.6,0.0,0.0,5.0
949,4,train_0195,12513.9923573712,10700.997137454215,120.09971374542147,0.0,12634.092071116622,16.7,0.76,0.0,0.0,5.0
950,4,train_0461,12331.152714563326,10773.79776702587,127.37977670258698,0.0,12458.532491265913,14.16,0.72,0.0,0.0,5.0
951,4,train_0496,12375.2284198107,10279.565514768758,77.95655147687576,0.0,12453.184971287577,16.6,0.76,0.0,0.0,5.0
952,4,train_0091,12310.975100036854,10560.654707875934,106.06547078759341,0.0,12417.040570824447,15.24,0.66,0.0,0.0,5.0
953,4,train_0496,12488.656552543067,10055.13092831209,55.513092831209,0.0,12544.169645374275,17.08,0.62,0.0,0.0,5.0
954,4,train_0556,11978.183449783719,10957.67666868928,145.76766686892807,0.0,12123.951116652646,14.0,0.66,0.0,0.0,5.0
955,4,train_0530,12550.888081527908,10491.470482710909,99.14704827109091,0.0,12650.035129798998,14.76,0.56,0.0,0.0,5.0
956,4,train_0522,12316.083227190828,10867.526183382404,136.75261833824044,0.0,12452.835845529067,16.56,0.64,0.0,0.0,5.0
957,4,train_0155,12374.467335863643,10725.84973194685,122.58497319468498,0.0,12497.052309058328,15.16,0.7,0.0,0.0,5.0
958,4,train_0299,12561.821243491097,10337.307516881998,83.73075168819979,0.0,12645.551995179296,14.12,0.64,0.0,0.0,5.0
959,4,train_0503,12532.568787268498,10835.616970383478,133.56169703834786,0.0,12666.130484306845,16.2,0.68,0.0,0.0,5.0
960,4,train_0053,12266.430134504535,10313.099174143952,81.30991741439522,0.0,12347.74005191893,17.02,0.68,0.0,0.0,5.0
961,4,train_0138,12009.256863152004,10708.339125386741,120.83391253867413,0.0,12130.090775690678,18.02,0.72,0.0,0.0,5.0
962,4,train_0124,12437.183182805651,10692.59037435193,119.25903743519302,0.0,12556.442220240844,18.24,0.7,0.0,0.0,5.0
963,4,train_0239,12392.459945804012,10525.118291275769,102.51182912757686,0.0,12494.97177493159,14.02,0.64,0.0,0.0,5.0
964,4,train_0068,12400.730438475615,10726.459953348562,122.64599533485617,0.0,12523.376433810472,14.86,0.6,0.0,0.0,5.0
965,4,train_0106,12689.684525839864,10886.303054170403,138.6303054170403,0.0,12828.314831256905,15.58,0.56,0.0,0.0,5.0
966,4,train_0591,12570.414294768885,10552.050966914052,105.2050966914052,0.0,12675.61939146029,16.4,0.72,0.0,0.0,5.0
967,4,train_0290,12354.998253904854,10503.206330046385,100.32063300463852,0.0,12455.318886909492,17.32,0.58,0.0,0.0,5.0
968,4,train_0489,11990.140800025121,10268.45325496488,76.84532549648793,0.0,12066.98612552161,16.92,0.8,0.0,0.0,5.0
969,4,train_0045,12656.572788641426,10438.94886099605,93.894886099605,0.0,12750.46767474103,14.38,0.6,0.0,0.0,5.0
970,4,train_0030,12232.45251783259,10447.453200962615,94.74532009626147,0.0,12327.19783792885,16.52,0.74,0.0,0.0,5.0
971,4,train_0574,12278.254778368866,10340.52541737224,84.05254173722406,0.0,12362.30732010609,14.52,0.66,0.0,0.0,5.0
972,4,train_0576,12387.791061369822,10268.099800081414,76.80998000814144,0.0,12464.601041377964,14.96,0.68,0.0,0.0,5.0
973,4,train_0007,12932.501567995343,11089.655244318623,158.9655244318623,0.0,13091.467092427205,14.7,0.7,0.0,0.0,5.0
974,4,train_0146,12387.429644973156,10708.537493740241,120.85374937402412,0.0,12508.28339434718,14.6,0.58,0.0,0.0,5.0
975,4,train_0297,12384.423334124866,10130.780610300433,63.07806103004332,0.0,12447.501395154908,13.52,0.68,0.0,0.0,5.0
976,4,train_0385,13060.026014057916,10532.263407192893,103.22634071928934,0.0,13163.252354777205,15.56,0.64,0.0,0.0,5.0
977,4,train_0502,12672.196893403172,10639.140818583124,113.91408185831243,0.0,12786.110975261485,14.54,0.64,0.0,0.0,5.0
978,4,train_0005,11763.552353407395,10311.45670045254,81.14567004525398,0.0,11844.698023452649,16.16,0.62,0.0,0.0,5.0
979,4,train_0079,12450.840319694464,10393.772728265658,89.37727282656579,0.0,12540.217592521029,16.08,0.6,0.0,0.0,5.0
980,4,train_0013,12051.973974814042,10399.812400133254,89.98124001332545,0.0,12141.955214827367,14.38,0.78,0.0,0.0,5.0
981,4,train_0358,12238.497883805776,10589.3370326829,108.93370326829009,0.0,12347.431587074067,16.08,0.66,0.0,0.0,5.0
982,4,train_0324,12271.941061766174,10388.818354227566,88.88183542275657,0.0,12360.822897188931,14.46,0.66,0.0,0.0,5.0
983,4,train_0318,12596.087294678855,10266.384489667755,76.63844896677547,0.0,12672.725743645631,16.98,0.64,0.0,0.0,5.0
984,4,train_0120,12200.303877833097,10304.179720576656,80.41797205766562,0.0,12280.721849890762,17.0,0.74,0.0,0.0,5.0
985,4,train_0454,12678.653523410147,11022.604734628228,152.26047346282286,0.0,12830.913996872969,16.78,0.66,0.0,0.0,5.0
986,4,train_0548,12419.236135845376,10410.039470166943,91.0039470166943,0.0,12510.24008286207,16.58,0.74,0.0,0.0,5.0
987,4,train_0419,12338.999870897678,10235.509926421852,73.55099264218516,0.0,12412.550863539864,16.28,0.7,0.0,0.0,5.0
988,4,train_0590,11979.546162844472,10670.130325166214,117.0130325166214,0.0,12096.559195361093,17.52,0.6,0.0,0.0,5.0
989,4,train_0495,12497.175400927925,10505.950989001321,100.59509890013214,0.0,12597.770499828057,16.9,0.68,0.0,0.0,5.0
990,4,train_0050,12079.537372365256,10805.604933355111,130.5604933355111,0.0,12210.097865700767,15.76,0.64,0.0,0.0,5.0
991,4,train_0475,12080.163577773788,10270.072534920844,77.00725349208443,0.0,12157.170831265872,15.76,0.56,0.0,0.0,5.0
992,4,train_0371,12126.555707459367,10369.868903125305,86.98689031253053,0.0,12213.542597771897,15.46,0.68,0.0,0.0,5.0
993,4,train_0349,12167.611389683723,10106.336551360173,60.633655136017296,0.0,12228.245044819741,15.96,0.64,0.0,0.0,5.0
994,4,train_0120,11885.269803439547,10465.8431307727,96.58431307727005,0.0,11981.854116516817,15.48,0.7,0.0,0.0,5.0
995,4,train_0209,11868.366217886289,10483.133496019735,98.31334960197347,0.0,11966.679567488261,16.32,0.62,0.0,0.0,5.0
996,4,train_0213,12218.92816947214,10364.848884816109,86.48488848161088,0.0,12305.41305795375,15.66,0.64,0.0,0.0,5.0
997,4,train_0064,12582.71950058656,10682.055363268631,118.20553632686315,0.0,12700.925036913422,15.84,0.58,0.0,0.0,5.0
998,4,train_0200,11921.982588349398,10440.470922921986,94.04709229219861,0.0,12016.029680641597,16.34,0.66,0.0,0.0,5.0
999,4,train_0098,12375.158773563278,10420.275881203677,92.02758812036774,0.0,12467.186361683645,14.22,0.54,0.0,0.0,5.0
1000,4,train_0273,12453.062965794908,10854.217853971608,135.4217853971608,0.0,12588.484751192069,16.24,0.66,0.0,0.0,5.0
1001,4,train_0522,12529.579848473088,10703.045785704644,120.3045785704644,0.0,12649.884427043551,17.04,0.6,0.0,0.0,5.0
1002,4,train_0445,12638.326908139563,10899.396482377027,139.93964823770276,0.0,12778.266556377266,17.82,0.66,0.0,0.0,5.0
1003,4,train_0159,11954.357948488709,10116.133092141386,61.613309214138646,0.0,12015.971257702848,16.98,0.7,0.0,0.0,5.0
1004,4,train_0349,12015.441838791237,10392.068123547682,89.20681235476823,0.0,12104.648651146006,15.58,0.6,0.0,0.0,5.0
1005,4,train_0536,12276.409623895102,10622.772164461276,112.27721644612757,0.0,12388.68684034123,14.66,0.68,0.0,0.0,5.0
1006,4,train_0569,12192.303387372986,10213.82344096428,71.38234409642791,0.0,12263.685731469413,16.5,0.64,0.0,0.0,5.0
1007,4,train_0183,12604.377262424961,10554.662654553862,105.4662654553862,0.0,12709.843527880348,15.52,0.66,0.0,0.0,5.0
1008,4,train_0184,12211.920806090282,10386.629004399663,88.66290043996634,0.0,12300.583706530248,16.06,0.68,0.0,0.0,5.0
1009,4,train_0034,12328.377533891891,10292.481549678796,79.2481549678796,0.0,12407.62568885977,16.06,0.6,0.0,0.0,5.0
1010,4,train_0459,11945.975198154818,10654.649319307478,115.46493193074785,0.0,12061.440130085566,17.34,0.62,0.0,0.0,5.0
1011,4,train_0173,12732.976981907395,10365.081604810963,86.50816048109628,0.0,12819.485142388492,18.34,0.6,0.0,0.0,5.0
1012,4,train_0213,12302.408779783525,10426.728559517385,92.67285595173854,0.0,12395.081635735263,17.2,0.74,0.0,0.0,5.0
1013,4,train_0230,12580.894341857229,10313.602156397865,81.36021563978647,0.0,12662.254557497015,13.92,0.66,0.0,0.0,5.0
1014,4,train_0059,12478.64907576992,10568.017413759251,106.80174137592513,0.0,12585.450817145844,15.84,0.84,0.0,0.0,5.0
1015,4,train_0062,12136.653078541654,10171.066241398552,67.1066241398552,0.0,12203.75970268151,16.52,0.68,0.0,0.0,5.0
1016,4,train_0349,11863.684733038805,10440.282130174655,94.02821301746553,0.0,11957.71294605627,14.88,0.62,0.0,0.0,5.0
1017,4,train_0257,12549.79051204547,10602.888174191756,110.28881741917559,0.0,12660.079329464646,16.0,0.6,0.0,0.0,5.0
1018,4,train_0197,12285.074526865395,11235.65462693538,173.56546269353805,0.0,12458.639989558933,15.9,0.76,0.0,0.0,5.0
1019,4,train_0478,12269.898884786664,10647.252631364569,114.72526313645686,0.0,12384.624147923121,16.22,0.6,0.0,0.0,5.0
1020,4,train_0129,12780.530827010734,10997.609579387328,149.76095793873284,0.0,12930.291784949468,14.38,0.76,0.0,0.0,5.0
1021,4,train_0248,12228.952620184089,10586.507699693038,108.65076996930384,0.0,12337.603390153392,16.16,0.7,0.0,0.0,5.0
1022,4,train_0189,12416.553574627995,10205.938668936778,70.59386689367784,0.0,12487.147441521673,15.36,0.7,0.0,0.0,5.0
1023,4,train_0296,12513.578322251524,10544.880664110136,104.48806641101365,0.0,12618.066388662537,15.76,0.54,0.0,0.0,5.0
1024,5,train_0079,12469.675207978624,10406.587793543193,90.65877935431928,0.0,12560.333987332942,16.14,0.64,0.0,0.0,5.0
1025,5,train_0599,12341.607022538334,10013.507583503411,51.35075835034113,0.0,12392.957780888675,17.24,0.52,0.0,0.0,5.0
1026,5,train_0175,12016.370771501104,10544.515271700495,104.45152717004949,0.0,12120.822298671153,18.08,0.56,0.0,0.0,5.0
1027,5,train_0129,12661.483444800851,10774.805017704732,127.48050177047317,0.0,12788.963946571324,13.5,0.68,0.0,0.0,5.0
1028,5,train_0419,12321.816980975824,10640.373188600906,114.03731886009064,0.0,12435.854299835915,14.5,0.7,0.0,0.0,5.0
1029,5,train_0326,12217.310035759365,10022.536670655194,52.25366706551941,0.0,12269.563702824884,15.56,0.58,0.0,0.0,5.0
1030,5,train_0446,12256.304571945107,10451.279634761015,95.12796347610147,0.0,12351.432535421209,16.24,0.7,0.0,0.0,5.0
1031,5,train_0592,12259.026264748174,10752.025198245787,125.20251982457867,0.0,12384.228784572753,15.48,0.72,0.0,0.0,5.0
1032,5,train_0418,12543.819225309886,10516.770867601377,101.67708676013773,0.0,12645.496312070023,14.96,0.62,0.0,0.0,5.0
1033,5,train_0297,12123.505875346062,10734.262290880557,123.4262290880557,0.0,12246.932104434118,12.32,0.6,0.0,0.0,5.0
1034,5,train_0193,12499.110395674972,10785.290941888328,128.52909418883283,0.0,12627.639489863805,14.34,0.58,0.0,0.0,5.0
1035,5,train_0354,11864.805484954504,10281.412764121738,78.14127641217384,0.0,11942.946761366678,14.44,0.66,0.0,0.0,5.0
1036,5,train_0546,12392.565763118382,10550.796875247095,105.07968752470953,0.0,12497.645450643091,20.28,0.66,0.0,0.0,5.0
1037,5,train_0328,12362.451756620965,10444.562670489686,94.45626704896858,0.0,12456.908023669934,16.08,0.66,0.0,0.0,5.0
1038,5,train_0331,12452.828495009448,10077.05657028314,57.70565702831409,0.0,12510.534152037762,17.68,0.82,0.0,0.0,5.0
1039,5,train_0069,12321.188870068723,10206.627738050836,70.66277380508363,0.0,12391.851643873806,17.06,0.62,0.0,0.0,5.0
1040,5,train_0263,11911.638637906522,10278.124816521406,77.81248165214056,0.0,11989.451119558664,15.46,0.72,0.0,0.0,5.0
1041,5,train_0429,12469.997505384285,10726.67896476558,122.66789647655806,0.0,12592.665401860842,15.52,0.7,0.0,0.0,5.0
1042,5,train_0492,12288.606751296547,10228.858426825771,72.88584268257709,0.0,12361.492593979125,15.72,0.58,0.0,0.0,5.0
1043,5,train_0547,12909.295665624835,10443.314583937456,94.33145839374556,0.0,13003.627124018582,18.22,0.66,0.0,0.0,5.0
1044,5,train_0389,12109.792295980462,10313.44049293498,81.34404929349803,0.0,12191.13634527396,16.74,0.68,0.0,0.0,5.0
1045,5,train_0555,12338.90279924807,10211.78475322499,71.17847532249907,0.0,12410.081274570568,17.44,0.66,0.0,0.0,5.0
1046,5,train_0037,12758.953992276107,10872.674257030412,137.26742570304123,0.0,12896.221417979148,16.5,0.7,0.0,0.0,5.0
1047,5,train_0352,11917.684686358753,10050.369346372208,55.03693463722084,0.0,11972.721620995973,16.5,0.76,0.0,0.0,5.0
1048,5,train_0154,12359.702420722759,10985.134375603437,148.51343756034368,0.0,12508.215858283102,18.6,0.78,0.0,0.0,5.0
1049,5,train_0211,12025.504980903777,10708.465996029208,120.84659960292083,0.0,12146.351580506698,17.46,0.74,0.0,0.0,5.0
1050,5,train_0567,13247.399297619851,10842.293837410816,134.22938374108162,0.0,13381.628681360933,16.6,0.58,0.0,0.0,5.0
1051,5,train_0405,12281.37006662515,10825.856115057319,132.58561150573186,0.0,12413.955678130882,16.06,0.64,0.0,0.0,5.0
1052,5,train_0266,12702.635959693194,10255.61856693893,75.56185669389306,0.0,12778.197816387088,15.16,0.62,0.0,0.0,5.0
1053,5,train_0566,11942.893360327276,10015.477337091053,51.547733709105344,0.0,11994.441094036381,14.8,0.56,0.0,0.0,5.0
1054,5,train_0238,12162.78491297258,10338.67551745997,83.86755174599693,0.0,12246.652464718576,17.22,0.58,0.0,0.0,5.0
1055,5,train_0586,12083.448768631195,10530.742332169157,103.07423321691567,0.0,12186.52300184811,15.02,0.7,0.0,0.0,5.0
1056,5,train_0175,12044.04185879392,10401.594228719767,90.15942287197669,0.0,12134.201281665897,17.44,0.78,0.0,0.0,5.0
1057,5,train_0169,11966.190261677304,10104.778933685637,60.47789336856368,0.0,12026.668155045867,16.88,0.62,0.0,0.0,5.0
1058,5,train_0385,12655.458065441719,10853.201343504743,135.3201343504743,0.0,12790.778199792192,16.68,0.68,0.0,0.0,5.0
1059,5,train_0561,12279.7588404203,10798.328404245192,129.83284042451925,0.0,12409.591680844818,17.38,0.56,0.0,0.0,5.0
1060,5,train_0047,12200.801401427845,10304.037194382132,80.4037194382132,0.0,12281.205120866058,15.36,0.68,0.0,0.0,5.0
1061,5,train_0438,12025.81118181411,10340.370947735651,84.03709477356516,0.0,12109.848276587674,15.32,0.7,0.0,0.0,5.0
1062,5,train_0248,12719.836582013013,10145.188103934104,64.51881039341042,0.0,12784.355392406424,16.26,0.56,0.0,0.0,5.0
1063,5,train_0523,11760.381629841855,10573.66566145632,107.36656614563199,0.0,11867.748195987488,15.86,0.68,0.0,0.0,5.0
1064,5,train_0467,12618.917266126075,10751.292146524567,125.12921465245672,0.0,12744.046480778532,14.14,0.6,0.0,0.0,5.0
1065,5,train_0100,11921.033515423756,10254.451230650355,75.44512306503547,0.0,11996.478638488792,14.64,0.64,0.0,0.0,5.0
1066,5,train_0402,12205.207997383357,10951.988645146777,145.19886451467775,0.0,12350.406861898035,16.8,0.62,0.0,0.0,5.0
1067,5,train_0585,12548.577031223576,10449.174450765675,94.9174450765675,0.0,12643.494476300144,14.22,0.52,0.0,0.0,5.0
1068,5,train_0088,12438.859837864304,10739.599233534567,123.95992335345673,0.0,12562.819761217761,17.4,0.58,0.0,0.0,5.0
1069,5,train_0452,12212.186913697125,10655.563676017504,115.5563676017504,0.0,12327.743281298875,14.36,0.64,0.0,0.0,5.0
1070,5,train_0065,12375.384306257205,10684.160059406526,118.41600594065258,0.0,12493.800312197858,13.46,0.6,0.0,0.0,5.0
1071,5,train_0099,11625.228465107075,10457.416067402883,95.74160674028826,0.0,11720.970071847363,17.48,0.54,0.0,0.0,5.0
1072,5,train_0156,12142.473158606617,10545.180366870354,104.51803668703542,0.0,12246.991195293653,15.9,0.68,0.0,0.0,5.0
1073,5,train_0324,12173.49419986408,10634.277364093812,113.42773640938123,0.0,12286.921936273462,14.86,0.62,0.0,0.0,5.0
1074,5,train_0470,11985.718638069844,10339.754800765986,83.97548007659861,0.0,12069.694118146443,16.02,0.46,0.0,0.0,5.0
1075,5,train_0066,12421.59761252407,10343.4979559238,84.34979559238,0.0,12505.94740811645,17.34,0.58,0.0,0.0,5.0
1076,5,train_0023,11755.575539999467,10282.87085019539,78.28708501953898,0.0,11833.862625019006,15.2,0.66,0.0,0.0,5.0
1077,5,train_0434,12615.822061250532,10646.784754412645,114.67847544126454,0.0,12730.500536691796,15.9,0.62,0.0,0.0,5.0
1078,5,train_0194,12420.8136260281,10599.235010831428,109.92350108314277,0.0,12530.737127111244,16.74,0.62,0.0,0.0,5.0
1079,5,train_0357,12041.088570005671,10371.693223071226,87.16932230712264,0.0,12128.257892312795,15.94,0.56,0.0,0.0,5.0
1080,5,train_0254,12371.424837581013,10498.589968984845,99.85899689848448,0.0,12471.283834479498,16.48,0.72,0.0,0.0,5.0
1081,5,train_0346,12494.815843733486,11027.3301631689,152.73301631688992,0.0,12647.548860050376,15.36,0.6,0.0,0.0,5.0
1082,5,train_0198,11939.314398219933,9799.907651223053,29.990765122305312,0.0,11969.305163342238,16.38,0.6,0.0,0.0,5.0
1083,5,train_0508,12407.972224485646,10688.843226890522,118.88432268905217,0.0,12526.856547174699,12.76,0.62,0.0,0.0,5.0
1084,5,train_0069,12219.917173805201,10194.028037898592,69.40280378985918,0.0,12289.31997759506,16.12,0.64,0.0,0.0,5.0
1085,5,train_0461,12183.402830733705,10395.373481669056,89.53734816690559,0.0,12272.94017890061,14.26,0.68,0.0,0.0,5.0
1086,5,train_0256,12460.21386544084,10285.068934863411,78.50689348634114,0.0,12538.720758927182,16.14,0.66,0.0,0.0,5.0
1087,5,train_0055,12312.367590161783,10316.70411645071,81.670411645071,0.0,12394.038001806854,14.28,0.5,0.0,0.0,5.0
1088,5,train_0540,12451.232353542378,10667.837615335657,116.78376153356567,0.0,12568.016115075945,16.66,0.48,0.0,0.0,5.0
1089,5,train_0457,12269.715988307331,10379.013134607452,87.90131346074523,0.0,12357.617301768076,14.94,0.66,0.0,0.0,5.0
1090,5,train_0092,12523.165225432776,10452.6879497258,95.26879497257997,0.0,12618.434020405357,16.34,0.74,0.0,0.0,5.0
1091,5,train_0324,12579.493048567787,10241.824193492143,74.18241934921426,0.0,12653.675467917,14.82,0.7,0.0,0.0,5.0
1092,5,train_0093,12047.317812867375,10132.819007770548,63.281900777054766,0.0,12110.59971364443,18.04,0.62,0.0,0.0,5.0
1093,5,train_0113,12104.729613216226,10278.321117265807,77.83211172658066,0.0,12182.561724942807,17.16,0.58,0.0,0.0,5.0
1094,5,train_0177,12202.352977307619,10481.113386787463,98.11133867874634,0.0,12300.464315986364,14.1,0.58,0.0,0.0,5.0
1095,5,train_0208,12365.140068215633,10296.260918886872,79.6260918886872,0.0,12444.76616010432,14.46,0.62,0.0,0.0,5.0
1096,5,train_0590,11900.990880094254,10722.946672252609,122.29466722526087,0.0,12023.285547319514,16.78,0.64,0.0,0.0,5.0
1097,5,train_0305,12315.717640475195,10395.674899296107,89.56748992961076,0.0,12405.285130404805,15.4,0.62,0.0,0.0,5.0
1098,5,train_0251,11982.363578364479,10547.289221735653,104.72892217356531,0.0,12087.092500538043,13.72,0.6,0.0,0.0,5.0
1099,5,train_0515,12493.028870580772,10297.289627809578,79.72896278095777,0.0,12572.757833361731,15.54,0.72,0.0,0.0,5.0
1100,5,train_0022,12175.128123098613,10700.710677120833,120.07106771208328,0.0,12295.199190810697,16.88,0.64,0.0,0.0,5.0
1101,5,train_0529,12394.968570463803,10464.53135192133,96.45313519213306,0.0,12491.421705655936,15.82,0.66,0.0,0.0,5.0
1102,5,train_0022,12226.127980387068,10580.251761009898,108.02517610098985,0.0,12334.153156488057,15.96,0.64,0.0,0.0,5.0
1103,5,train_0061,12176.793559868907,10478.712452604657,97.87124526046574,0.0,12274.664805129372,15.0,0.62,0.0,0.0,5.0
1104,5,train_0019,12476.130493480308,10568.90318831517,106.89031883151694,0.0,12583.020812311825,14.76,0.7,0.0,0.0,5.0
1105,5,train_0265,12412.342083090363,10499.400850208029,99.94008502080288,0.0,12512.282168111165,15.74,0.7,0.0,0.0,5.0
1106,5,train_0587,12293.625557880521,10176.669538763981,67.66695387639811,0.0,12361.29251175692,16.84,0.62,0.0,0.0,5.0
1107,5,train_0506,12327.544164479112,9924.285080331472,42.42850803314723,0.0,12369.972672512258,15.16,0.62,0.0,0.0,5.0
1108,5,train_0042,11928.353921560984,10763.908914668329,126.39089146683291,0.0,12054.744813027817,16.18,0.64,0.0,0.0,5.0
1109,5,train_0361,12456.646827266175,10717.850933923566,121.78509339235661,0.0,12578.431920658531,16.9,0.8,0.0,0.0,5.0
1110,5,train_0562,12077.199064402419,10769.898445797826,126.98984457978258,0.0,12204.188908982202,14.88,0.6,0.0,0.0,5.0
1111,5,train_0513,12136.612578744162,10422.824930667595,92.28249306675953,0.0,12228.89507181092,15.44,0.68,0.0,0.0,5.0
1112,5,train_0168,12546.240442505423,10852.766767941881,135.2766767941881,0.0,12681.517119299611,17.9,0.7,0.0,0.0,5.0
1113,5,train_0358,12584.177909141214,10366.528010748661,86.65280107486615,0.0,12670.83071021608,16.52,0.72,0.0,0.0,5.0
1114,5,train_0211,12331.377819344621,10629.337384715376,112.93373847153762,0.0,12444.31155781616,16.28,0.66,0.0,0.0,5.0
1115,5,train_0133,12516.178514641535,10389.96403964603,88.99640396460309,0.0,12605.174918606139,17.9,0.54,0.0,0.0,5.0
1116,5,train_0529,12383.031592589763,10496.175997833321,99.61759978333212,0.0,12482.649192373096,17.4,0.54,0.0,0.0,5.0
1117,5,train_0301,12530.460883435373,10819.808081636616,131.98080816366164,0.0,12662.441691599035,15.62,0.74,0.0,0.0,5.0
1118,5,train_0285,11992.827090958654,10590.410357156648,109.04103571566485,0.0,12101.868126674319,14.58,0.64,0.0,0.0,5.0
1119,5,train_0309,12252.22802451037,10648.55336731628,114.85533673162809,0.0,12367.083361242,13.94,0.76,0.0,0.0,5.0
1120,5,train_0126,12556.597862992829,10209.148595074077,70.91485950740771,0.0,12627.512722500236,16.84,0.78,0.0,0.0,5.0
1121,5,train_0536,12183.834013936088,10740.864347841105,124.08643478411051,0.0,12307.920448720199,14.88,0.7,0.0,0.0,5.0
1122,5,train_0358,12030.149491662587,10810.990339753018,131.0990339753018,0.0,12161.24852563789,15.6,0.6,0.0,0.0,5.0
1123,5,train_0213,12318.825623993498,10130.980727495727,63.09807274957275,0.0,12381.923696743072,16.52,0.56,0.0,0.0,5.0
1124,5,train_0359,12580.769677022512,10413.28255192722,91.32825519272193,0.0,12672.097932215234,15.74,0.74,0.0,0.0,5.0
1125,5,train_0140,12279.626360063212,10325.501708744569,82.55017087445685,0.0,12362.176530937668,15.96,0.66,0.0,0.0,5.0
1126,5,train_0292,12674.441159590802,10236.198101025948,73.61981010259478,0.0,12748.060969693397,17.9,0.56,0.0,0.0,5.0
1127,5,train_0449,12328.217462552695,10607.089653698447,110.70896536984475,0.0,12438.926427922539,18.18,0.58,0.0,0.0,5.0
1128,5,train_0497,12426.620727200818,10697.612792753382,119.76127927533817,0.0,12546.382006476157,15.8,0.62,0.0,0.0,5.0
1129,5,train_0251,12249.832182137317,10530.460761599048,103.04607615990481,0.0,12352.878258297222,14.32,0.74,0.0,0.0,5.0
1130,5,train_0429,12788.46908886102,10703.7380721094,120.37380721093996,0.0,12908.842896071961,16.6,0.68,0.0,0.0,5.0
1131,5,train_0290,12343.844216981646,10595.716761517473,109.57167615174731,0.0,12453.415893133393,16.98,0.74,0.0,0.0,5.0
1132,5,train_0046,12264.862575682037,10157.28108820676,65.72810882067607,0.0,12330.590684502713,18.04,0.68,0.0,0.0,5.0
1133,5,train_0585,12319.419870581387,10769.551563149147,126.95515631491472,0.0,12446.375026896301,13.14,0.68,0.0,0.0,5.0
1134,5,train_0521,12211.080891172893,10470.725934383529,97.07259343835285,0.0,12308.153484611246,17.7,0.6,0.0,0.0,5.0
1135,5,train_0404,13064.697484813674,11059.075041838647,155.90750418386472,0.0,13220.604988997538,15.68,0.7,0.0,0.0,5.0
1136,5,train_0030,12159.123521447305,10432.25681682424,93.22568168242397,0.0,12252.34920312973,15.82,0.58,0.0,0.0,5.0
1137,5,train_0403,12646.486421113636,10561.843262887913,106.18432628879128,0.0,12752.670747402426,13.86,0.7,0.0,0.0,5.0
1138,5,train_0142,12704.392379230025,10598.5230470061,109.85230470060998,0.0,12814.244683930634,15.34,0.6,0.0,0.0,5.0
1139,5,train_0560,12028.728045256928,10558.38490389759,105.83849038975896,0.0,12134.566535646687,18.3,0.7,0.0,0.0,5.0
1140,5,train_0053,12353.01972777419,10316.391177154348,81.63911771543481,0.0,12434.658845489625,15.66,0.68,0.0,0.0,5.0
1141,5,train_0429,12798.867774972132,10739.68394493223,123.96839449322306,0.0,12922.836169465354,15.22,0.66,0.0,0.0,5.0
1142,5,train_0234,12314.27669526435,10230.934416103959,73.0934416103959,0.0,12387.370136874746,15.22,0.74,0.0,0.0,5.0
1143,5,train_0572,12247.741078140816,10425.817915515328,92.58179155153285,0.0,12340.322869692349,13.66,0.66,0.0,0.0,5.0
1144,5,train_0469,12602.995939434586,10866.712683284479,136.6712683284479,0.0,12739.667207763034,15.74,0.8,0.0,0.0,5.0
1145,5,train_0379,12955.738816619956,10769.53329502869,126.95332950286902,0.0,13082.692146122825,13.86,0.66,0.0,0.0,5.0
1146,5,train_0312,12066.808130579127,10234.293040858576,73.42930408585762,0.0,12140.237434664985,15.76,0.54,0.0,0.0,5.0
1147,5,train_0352,11716.938835686451,10413.85893261332,91.38589326133206,0.0,11808.324728947784,16.72,0.7,0.0,0.0,5.0
1148,5,train_0367,12484.696920921935,10077.139827034107,57.71398270341069,0.0,12542.410903625347,15.02,0.56,0.0,0.0,5.0
1149,5,train_0170,11739.578699386177,10285.602152404268,78.56021524042681,0.0,11818.138914626603,17.7,0.66,0.0,0.0,5.0
1150,5,train_0321,12324.630071196036,10540.81678376384,104.08167837638393,0.0,12428.71174957242,17.5,0.68,0.0,0.0,5.0
1151,5,train_0138,12395.382176211577,10181.403577927162,68.14035779271617,0.0,12463.522534004293,17.32,0.58,0.0,0.0,5.0
1152,5,train_0164,12120.97487840649,10448.595268258654,94.8595268258654,0.0,12215.834405232355,14.3,0.78,0.0,0.0,5.0
1153,5,train_0318,12208.583955249382,10405.712986668408,90.57129866684082,0.0,12299.155253916222,17.64,0.62,0.0,0.0,5.0
1154,5,train_0380,12221.15703824348,10390.286810958778,89.0286810958778,0.0,12310.185719339359,16.1,0.58,0.0,0.0,5.0
1155,5,train_0035,12765.892562779207,10790.981649126654,129.0981649126654,0.0,12894.990727691873,17.0,0.68,0.0,0.0,5.0
1156,5,train_0589,11992.975854612567,10459.817027774501,95.98170277745012,0.0,12088.957557390017,15.46,0.54,0.0,0.0,5.0
1157,5,train_0100,11906.827839926778,10352.498464711152,85.24984647111523,0.0,11992.077686397894,13.74,0.58,0.0,0.0,5.0
1158,5,train_0331,12457.530191986787,10262.452733090755,76.2452733090755,0.0,12533.775465295863,15.06,0.72,0.0,0.0,5.0
1159,5,train_0425,12582.557633632787,10941.988436398951,144.19884363989513,0.0,12726.756477272682,14.98,0.7,0.0,0.0,5.0
1160,5,train_0161,12194.048169791991,10712.477895221535,121.24778952215348,0.0,12315.295959314144,16.72,0.54,0.0,0.0,5.0
1161,5,train_0407,12386.304162812608,10259.09446580886,75.90944658088593,0.0,12462.213609393495,16.62,0.56,0.0,0.0,5.0
1162,5,train_0304,12557.917715973406,10891.750164513014,139.17501645130142,0.0,12697.092732424708,16.04,0.66,0.0,0.0,5.0
1163,5,train_0017,12139.007325812725,10611.256385851295,111.1256385851295,0.0,12250.132964397855,14.36,0.74,0.0,0.0,5.0
1164,5,train_0521,12572.946187010304,10104.163392052786,60.41633920527857,0.0,12633.362526215582,18.96,0.66,0.0,0.0,5.0
1165,5,train_0097,12110.974970973628,10543.669214252464,104.36692142524645,0.0,12215.341892398874,17.16,0.66,0.0,0.0,5.0
1166,5,train_0072,12359.648954090884,10651.326868671851,115.13268686718511,0.0,12474.78164095807,16.04,0.62,0.0,0.0,5.0
1167,5,train_0370,12009.099338127755,10815.063263736094,131.50632637360943,0.0,12140.605664501365,15.78,0.64,0.0,0.0,5.0
1168,5,train_0114,11926.118936101764,10499.124006813712,99.91240068137122,0.0,12026.031336783135,16.26,0.64,0.0,0.0,5.0
1169,5,train_0244,12228.449398417863,10409.228591838684,90.92285918386843,0.0,12319.372257601732,16.5,0.68,0.0,0.0,5.0
1170,5,train_0020,12646.207709799775,10646.385851797899,114.63858517978989,0.0,12760.846294979565,14.84,0.68,0.0,0.0,5.0
1171,5,train_0353,11952.454161420106,10337.443740225526,83.74437402255262,0.0,12036.198535442658,15.52,0.62,0.0,0.0,5.0
1172,5,train_0525,11885.325979704057,10404.944897935937,90.49448979359369,0.0,11975.82046949765,15.96,0.56,0.0,0.0,5.0
1173,5,train_0077,12030.531315155738,10185.00388480864,68.50038848086406,0.0,12099.031703636603,16.6,0.6,0.0,0.0,5.0
1174,5,train_0343,12921.94502742611,10849.552824408833,134.95528244088328,0.0,13056.900309866995,16.74,0.72,0.0,0.0,5.0
1175,5,train_0517,12415.175459730699,10737.832578718282,123.78325787182821,0.0,12538.958717602527,16.12,0.64,0.0,0.0,5.0
1176,5,train_0128,11760.172138814882,10347.491203649508,84.7491203649508,0.0,11844.921259179833,13.8,0.58,0.0,0.0,5.0
1177,5,train_0155,12487.515349281088,10530.548038040868,103.05480380408682,0.0,12590.570153085175,15.9,0.64,0.0,0.0,5.0
1178,5,train_0275,12067.198816760687,10620.13908731486,112.01390873148594,0.0,12179.212725492172,14.0,0.52,0.0,0.0,5.0
1179,5,train_0224,12183.064767635411,10664.902066342058,116.49020663420579,0.0,12299.554974269617,15.06,0.56,0.0,0.0,5.0
1180,5,train_0050,11964.92986809141,10522.04446693845,102.20444669384506,0.0,12067.134314785257,15.34,0.56,0.0,0.0,5.0
1181,5,train_0269,11697.662729352374,10441.945013044195,94.19450130441948,0.0,11791.857230656793,15.2,0.64,0.0,0.0,5.0
1182,5,train_0549,12548.203492923105,10688.402118639544,118.8402118639544,0.0,12667.04370478706,14.16,0.68,0.0,0.0,5.0
1183,5,train_0355,12282.290054607849,10380.189551870506,88.01895518705061,0.0,12370.309009794899,17.4,0.66,0.0,0.0,5.0
1184,5,train_0190,13028.944904563512,10371.680347938633,87.16803479386327,0.0,13116.112939357376,15.86,0.52,0.0,0.0,5.0
1185,5,train_0588,12288.225908262366,10230.877594820045,73.08775948200456,0.0,12361.31366774437,18.12,0.76,0.0,0.0,5.0
1186,5,train_0052,12660.06676942592,10548.493022289746,104.84930222897457,0.0,12764.916071654894,15.46,0.68,0.0,0.0,5.0
1187,5,train_0125,12181.577324004324,10138.21839621483,63.821839621483015,0.0,12245.399163625807,16.6,0.68,0.0,0.0,5.0
1188,5,train_0592,12109.038993062299,10760.468897567003,126.04688975670034,0.0,12235.085882819,15.62,0.62,0.0,0.0,5.0
1189,5,train_0097,12091.19020173795,10387.16375110577,88.71637511057708,0.0,12179.906576848527,15.34,0.66,0.0,0.0,5.0
1190,5,train_0488,12381.955619672357,10582.518514627722,108.25185146277218,0.0,12490.207471135129,15.14,0.56,0.0,0.0,5.0
1191,5,train_0087,12492.148590882238,10849.588023594288,134.95880235942877,0.0,12627.107393241666,16.02,0.64,0.0,0.0,5.0
1192,5,train_0134,12483.933967040715,10908.523618760035,140.8523618760035,0.0,12624.786328916718,14.02,0.64,0.0,0.0,5.0
1193,5,train_0464,12361.313052481624,10344.802034949946,84.48020349499457,0.0,12445.79325597662,14.84,0.74,0.0,0.0,5.0
1194,5,train_0391,12156.888388826608,10584.440658693573,108.4440658693573,0.0,12265.332454695965,15.5,0.66,0.0,0.0,5.0
1195,5,train_0229,12686.02415996327,10640.224550999548,114.02245509995483,0.0,12800.046615063226,15.5,0.72,0.0,0.0,5.0
1196,5,train_0160,12158.440145041855,10795.169644877857,129.51696448778566,0.0,12287.957109529641,16.98,0.66,0.0,0.0,5.0
1197,5,train_0556,12532.840115693582,10404.18346756755,90.4183467567551,0.0,12623.258462450336,13.94,0.66,0.0,0.0,5.0
1198,5,train_0277,12196.201243116084,10491.979471779196,99.19794717791956,0.0,12295.399190294003,15.2,0.68,0.0,0.0,5.0
1199,5,train_0039,12395.556221466904,10737.207469475808,123.72074694758085,0.0,12519.276968414486,17.54,0.56,0.0,0.0,5.0
1200,5,train_0473,12190.099116660258,10188.484394149178,68.84843941491782,0.0,12258.947556075176,16.26,0.56,0.0,0.0,5.0
1201,5,train_0318,12171.844499693776,10181.755787309507,68.17557873095066,0.0,12240.020078424726,19.08,0.52,0.0,0.0,5.0
1202,5,train_0101,12704.559352375409,10285.650217951015,78.56502179510153,0.0,12783.124374170511,15.58,0.56,0.0,0.0,5.0
1203,5,train_0454,12837.173805825245,10449.955212539735,94.9955212539735,0.0,12932.169327079218,16.72,0.76,0.0,0.0,5.0
1204,5,train_0309,12439.340608116197,10577.00029239511,107.70002923951107,0.0,12547.040637355709,14.12,0.62,0.0,0.0,5.0
1205,5,train_0304,12758.804613172786,10840.75344733876,134.07534473387605,0.0,12892.879957906662,16.72,0.68,0.0,0.0,5.0
1206,5,train_0508,12507.505508013079,10726.16713999857,122.61671399985698,0.0,12630.122222012935,15.2,0.6,0.0,0.0,5.0
1207,5,train_0243,12531.40275779566,10281.309184419606,78.1309184419606,0.0,12609.533676237621,17.98,0.62,0.0,0.0,5.0
1208,5,train_0025,12235.584739853188,10633.474521450917,113.34745214509167,0.0,12348.93219199828,15.38,0.56,0.0,0.0,5.0
1209,5,train_0486,12541.730756094192,10999.231030346864,149.9231030346864,0.0,12691.653859128877,13.48,0.56,0.0,0.0,5.0
1210,5,train_0123,12272.747905808927,10398.923147597707,89.89231475977067,0.0,12362.640220568697,14.38,0.76,0.0,0.0,5.0
1211,5,train_0305,12339.357252669979,10590.620564596633,109.0620564596633,0.0,12448.419309129642,14.26,0.54,0.0,0.0,5.0
1212,5,train_0258,12384.351207189316,10863.54254455834,136.35425445583405,0.0,12520.70546164515,14.86,0.54,0.0,0.0,5.0
1213,5,train_0543,12719.481123141428,10136.448990051087,63.64489900510871,0.0,12783.126022146536,15.98,0.58,0.0,0.0,5.0
1214,5,train_0012,12629.342583815564,10977.246393081503,147.7246393081503,0.0,12777.067223123713,15.24,0.64,0.0,0.0,5.0
1215,5,train_0143,12732.806272861904,10521.084649136792,102.1084649136792,0.0,12834.914737775583,13.5,0.76,0.0,0.0,5.0
1216,6,train_0227,12690.301061220547,10505.332913737826,100.5332913737826,0.0,12790.83435259433,15.44,0.66,0.0,0.0,5.0
1217,6,train_0359,12607.090584714022,10447.746089596138,94.77460895961377,0.0,12701.865193673635,15.94,0.66,0.0,0.0,5.0
1218,6,train_0130,12221.784123803574,10471.345745999719,97.1345745999719,0.0,12318.918698403546,15.32,0.68,0.0,0.0,5.0
1219,6,train_0380,12005.033637827513,10400.623755760276,90.06237557602763,0.0,12095.096013403541,16.76,0.68,0.0,0.0,5.0
1220,6,train_0105,12192.349563116933,10724.537087545781,122.45370875457812,0.0,12314.803271871511,15.46,0.56,0.0,0.0,5.0
1221,6,train_0544,12864.783948572955,10519.413532358936,101.94135323589363,0.0,12966.725301808849,15.2,0.7,0.0,0.0,5.0
1222,6,train_0561,12396.75498032253,10580.272733768448,108.02727337684483,0.0,12504.782253699375,17.82,0.72,0.0,0.0,5.0
1223,6,train_0055,11922.737417180564,10775.149869120607,127.5149869120607,0.0,12050.252404092626,14.36,0.6,0.0,0.0,5.0
1224,6,train_0365,12511.337133401059,10753.009450541645,125.30094505416456,0.0,12636.638078455224,15.06,0.58,0.0,0.0,5.0
1225,6,train_0483,12685.465497319172,10595.211914007205,109.52119140072045,0.0,12794.986688719891,14.98,0.64,0.0,0.0,5.0
1226,6,train_0211,12231.299350732148,10497.224049454791,99.72240494547914,0.0,12331.021755677628,15.66,0.74,0.0,0.0,5.0
1227,6,train_0410,12391.353552279994,11055.125986357547,155.5125986357547,0.0,12546.866150915748,17.9,0.68,0.0,0.0,5.0
1228,6,train_0480,12668.745050783626,10535.63155480885,103.56315548088497,0.0,12772.30820626451,15.02,0.68,0.0,0.0,5.0
1229,6,train_0516,12514.561381863392,10451.311824408544,95.13118244085436,0.0,12609.692564304247,15.34,0.62,0.0,0.0,5.0
1230,6,train_0349,11971.09931248929,10151.125149395346,65.11251493953459,0.0,12036.211827428824,15.14,0.6,0.0,0.0,5.0
1231,6,train_0365,12559.635029005254,10839.177014880253,133.91770148802536,0.0,12693.55273049328,15.42,0.66,0.0,0.0,5.0
1232,6,train_0085,12328.569250698743,10409.138236178635,90.91382361786346,0.0,12419.483074316608,15.28,0.68,0.0,0.0,5.0
1233,6,train_0272,12478.908831263663,10461.278765932091,96.12787659320912,0.0,12575.036707856872,14.28,0.72,0.0,0.0,5.0
1234,6,train_0434,12429.880264303007,10652.279315612355,115.22793156123554,0.0,12545.108195864243,14.7,0.58,0.0,0.0,5.0
1235,6,train_0477,12119.045248577022,10294.692680857599,79.46926808575991,0.0,12198.514516662783,14.18,0.66,0.0,0.0,5.0
1236,6,train_0208,12564.717147938534,10240.943397760255,74.09433977602548,0.0,12638.81148771456,15.18,0.5,0.0,0.0,5.0
1237,6,train_0170,12007.64526162813,10155.706326907086,65.57063269070859,0.0,12073.215894318839,16.98,0.56,0.0,0.0,5.0
1238,6,train_0427,11994.859682724635,10731.606469927487,123.16064699274867,0.0,12118.020329717383,16.64,0.66,0.0,0.0,5.0
1239,6,train_0033,12627.52206362984,10693.447376890308,119.34473768903081,0.0,12746.86680131887,15.96,0.8,0.0,0.0,5.0
1240,6,train_0128,12075.084328420795,10152.02153413734,65.20215341373405,0.0,12140.28648183453,15.34,0.56,0.0,0.0,5.0
1241,6,train_0449,12395.568829314192,10777.082906301368,127.7082906301368,0.0,12523.277119944329,17.78,0.62,0.0,0.0,5.0
1242,6,train_0404,12688.783499252342,11197.752971642902,169.77529716429018,0.0,12858.558796416632,15.76,0.62,0.0,0.0,5.0
1243,6,train_0487,12668.250415390783,10274.594963127147,77.45949631271469,0.0,12745.709911703498,15.12,0.62,0.0,0.0,5.0
1244,6,train_0464,12513.101075152812,10352.034589908379,85.20345899083787,0.0,12598.30453414365,14.56,0.56,0.0,0.0,5.0
1245,6,train_0497,12424.633212026132,10583.138770923935,108.31387709239353,0.0,12532.947089118526,16.14,0.64,0.0,0.0,5.0
1246,6,train_0193,12366.240673651657,10597.609741174127,109.76097411741267,0.0,12476.00164776907,15.02,0.66,0.0,0.0,5.0
1247,6,train_0268,12123.226900574176,10786.247643041552,128.62476430415518,0.0,12251.851664878332,15.22,0.56,0.0,0.0,5.0
1248,6,train_0364,12004.302044198157,10589.66076648033,108.96607664803305,0.0,12113.26812084619,18.44,0.64,0.0,0.0,5.0
1249,6,train_0439,12038.051549667762,10538.629437972977,103.8629437972977,0.0,12141.91449346506,13.68,0.56,0.0,0.0,5.0
1250,6,train_0226,11945.11190307863,9987.909038701433,48.7909038701433,0.0,11993.902806948774,16.38,0.58,0.0,0.0,5.0
1251,6,train_0428,12641.803347231024,10476.334716876736,97.63347168767359,0.0,12739.436818918697,16.04,0.66,0.0,0.0,5.0
1252,6,train_0107,12617.642540776853,10379.952094440796,87.99520944407959,0.0,12705.637750220933,14.02,0.74,0.0,0.0,5.0
1253,6,train_0173,12531.393698482443,10901.113577920594,140.11135779205944,0.0,12671.505056274502,18.2,0.68,0.0,0.0,5.0
1254,6,train_0401,11791.718057371994,10285.594529452363,78.55945294523627,0.0,11870.27751031723,18.68,0.58,0.0,0.0,5.0
1255,6,train_0459,12279.582154578513,10709.608744633795,120.96087446337953,0.0,12400.543029041892,16.84,0.64,0.0,0.0,5.0
1256,6,train_0045,12258.960696263728,10762.439294554457,126.2439294554457,0.0,12385.204625719174,14.82,0.72,0.0,0.0,5.0
1257,6,train_0578,12050.442039213065,10382.38587383509,88.23858738350901,0.0,12138.680626596573,17.78,0.62,0.0,0.0,5.0
1258,6,train_0473,12014.463221166176,10611.403709190457,111.14037091904575,0.0,12125.603592085221,16.88,0.72,0.0,0.0,5.0
1259,6,train_0211,12202.520460974145,10645.46459972308,114.54645997230801,0.0,12317.066920946452,17.72,0.6,0.0,0.0,5.0
1260,6,train_0391,12193.312370573236,10407.043242031841,90.70432420318411,0.0,12284.01669477642,14.04,0.6,0.0,0.0,5.0
1261,6,train_0164,11924.707994104418,10251.130473428831,75.11304734288315,0.0,11999.821041447301,13.96,0.52,0.0,0.0,5.0
1262,6,train_0067,12132.393766846812,9930.344901603034,43.03449016030336,0.0,12175.428257007115,16.66,0.72,0.0,0.0,5.0
1263,6,train_0350,11928.244893607936,10683.120263435692,118.31202634356924,0.0,12046.556919951505,17.56,0.68,0.0,0.0,5.0
1264,6,train_0537,12208.519226500212,10306.370470516627,80.63704705166275,0.0,12289.156273551875,16.14,0.68,0.0,0.0,5.0
1265,6,train_0526,12245.869947924202,10332.268506113513,83.22685061135127,0.0,12329.096798535553,16.08,0.62,0.0,0.0,5.0
1266,6,train_0047,11938.71682851842,10416.139899372098,91.61398993720978,0.0,12030.33081845563,14.56,0.62,0.0,0.0,5.0
1267,6,train_0364,12167.12599437685,10452.910792941844,95.29107929418443,0.0,12262.417073671033,17.02,0.62,0.0,0.0,5.0
1268,6,train_0044,12683.62323420905,10779.799004248482,127.97990042484817,0.0,12811.603134633899,16.64,0.52,0.0,0.0,5.0
1269,6,train_0582,12503.002580619035,10480.711031807474,98.07110318074739,0.0,12601.073683799783,15.02,0.66,0.0,0.0,5.0
1270,6,train_0247,12270.639800688174,10589.22425533018,108.92242553301804,0.0,12379.562226221191,14.78,0.64,0.0,0.0,5.0
1271,6,train_0553,11846.708468139786,10051.978751049819,55.197875104981904,0.0,11901.90634324477,16.02,0.72,0.0,0.0,5.0
1272,6,train_0306,12363.861683701656,10620.570367003449,112.05703670034491,0.0,12475.918720402002,14.94,0.68,0.0,0.0,5.0
1273,6,train_0426,12183.831518005141,10266.82148235574,76.68214823557392,0.0,12260.513666240715,18.1,0.6,0.0,0.0,5.0
1274,6,train_0009,12289.383325985242,10439.730957414567,93.97309574145675,0.0,12383.356421726698,14.9,0.62,0.0,0.0,5.0
1275,6,train_0424,12344.234940118859,10939.228281388598,143.92282813885978,0.0,12488.157768257719,17.78,0.6,0.0,0.0,5.0
1276,6,train_0358,12310.766987357565,10475.950265466488,97.59502654664885,0.0,12408.362013904214,16.82,0.54,0.0,0.0,5.0
1277,6,train_0106,12390.930118750386,10842.39905517766,134.23990551776606,0.0,12525.170024268153,18.52,0.7,0.0,0.0,5.0
1278,6,train_0269,11694.10276616678,10118.939885084063,61.89398850840626,0.0,11755.996754675185,15.48,0.64,0.0,0.0,5.0
1279,6,train_0204,12189.917954010984,10760.57169418707,126.05716941870706,0.0,12315.975123429691,16.92,0.64,0.0,0.0,5.0
1280,6,train_0018,12316.419117763431,10402.561291607548,90.2561291607548,0.0,12406.675246924186,14.76,0.8,0.0,0.0,5.0
1281,6,train_0486,12379.175872791613,10739.805802139595,123.98058021395956,0.0,12503.156453005573,14.86,0.5,0.0,0.0,5.0
1282,6,train_0405,12331.49275469112,10831.379274970144,133.13792749701443,0.0,12464.630682188135,16.84,0.64,0.0,0.0,5.0
1283,6,train_0240,12649.492575303339,11004.775400595758,150.47754005957577,0.0,12799.970115362914,17.46,0.72,0.0,0.0,5.0
1284,6,train_0183,12393.359640999148,10632.365344138903,113.23653441389034,0.0,12506.596175413039,15.14,0.72,0.0,0.0,5.0
1285,6,train_0136,12243.437535165109,10364.239141187176,86.42391411871759,0.0,12329.861449283826,17.56,0.54,0.0,0.0,5.0
1286,6,train_0456,12105.039150158991,10680.444422930223,118.04444229302226,0.0,12223.083592452014,14.9,0.56,0.0,0.0,5.0
1287,6,train_0037,13014.124614619366,10448.833259032117,94.8833259032117,0.0,13109.007940522577,17.14,0.7,0.0,0.0,5.0
1288,6,train_0308,12173.347579921545,10371.90891693287,87.19089169328709,0.0,12260.538471614833,16.18,0.62,0.0,0.0,5.0
1289,6,train_0133,12437.00746747471,10495.585063356837,99.55850633568372,0.0,12536.565973810393,16.26,0.66,0.0,0.0,5.0
1290,6,train_0046,11853.40420882652,10561.535082988175,106.15350829881754,0.0,11959.557717125337,18.22,0.66,0.0,0.0,5.0
1291,6,train_0346,12703.733834390212,10691.687013058945,119.1687013058945,0.0,12822.902535696106,16.2,0.74,0.0,0.0,5.0
1292,6,train_0167,12307.292221092339,10010.493747693614,51.049374769361386,0.0,12358.3415958617,15.56,0.58,0.0,0.0,5.0
1293,6,train_0554,12158.585326745451,10393.886373826266,89.38863738262663,0.0,12247.973964128078,12.74,0.64,0.0,0.0,5.0
1294,6,train_0425,12857.448716108342,10726.382316419184,122.63823164191837,0.0,12980.08694775026,15.74,0.7,0.0,0.0,5.0
1295,6,train_0234,12208.33766017803,10605.611092999745,110.56110929997449,0.0,12318.898769478004,16.06,0.58,0.0,0.0,5.0
1296,6,train_0591,12249.871268488901,10687.152591392043,118.71525913920432,0.0,12368.586527628106,17.78,0.82,0.0,0.0,5.0
1297,6,train_0473,12253.571021590498,10393.603939412973,89.3603939412973,0.0,12342.931415531795,17.94,0.66,0.0,0.0,5.0
1298,6,train_0298,11944.725845105775,10175.378950391892,67.53789503918925,0.0,12012.263740144965,16.1,0.6,0.0,0.0,5.0
1299,6,train_0077,12177.724547618383,10346.525163325201,84.65251633252011,0.0,12262.377063950904,16.56,0.58,0.0,0.0,5.0
1300,6,train_0046,12080.624071261036,10321.659015335994,82.1659015335994,0.0,12162.789972794635,15.8,0.66,0.0,0.0,5.0
1301,6,train_0493,12018.944123033998,10440.239287316641,94.0239287316641,0.0,12112.968051765662,15.58,0.52,0.0,0.0,5.0
1302,6,train_0282,12135.43933703065,10245.089410743547,74.5089410743547,0.0,12209.948278105005,15.1,0.7,0.0,0.0,5.0
1303,6,train_0556,12500.872776611384,10572.960318975376,107.29603189753762,0.0,12608.168808508923,14.5,0.72,0.0,0.0,5.0
1304,6,train_0289,12682.155979068013,10787.878802719977,128.78788027199772,0.0,12810.94385934001,16.82,0.68,0.0,0.0,5.0
1305,6,train_0301,12772.510242252134,10820.454541754027,132.04545417540268,0.0,12904.555696427537,15.32,0.6,0.0,0.0,5.0
1306,6,train_0495,12472.930699990375,10454.543231293204,95.45432312932044,0.0,12568.385023119696,17.38,0.54,0.0,0.0,5.0
1307,6,train_0272,12038.883669505281,10755.104501369009,125.51045013690091,0.0,12164.394119642182,14.28,0.56,0.0,0.0,5.0
1308,6,train_0311,12290.552094330864,10598.142625049106,109.81426250491059,0.0,12400.366356835775,14.98,0.72,0.0,0.0,5.0
1309,6,train_0544,12454.813406788948,11029.005709133347,152.90057091333475,0.0,12607.713977702282,15.76,0.6,0.0,0.0,5.0
1310,6,train_0143,12675.610203517484,10271.659599775818,77.16595997758178,0.0,12752.776163495066,15.16,0.58,0.0,0.0,5.0
1311,6,train_0136,12143.049663720973,10510.923163399199,101.09231633991986,0.0,12244.141980060893,17.66,0.52,0.0,0.0,5.0
1312,6,train_0557,11940.621991730877,10282.246823495881,78.22468234958815,0.0,12018.846674080465,16.6,0.74,0.0,0.0,5.0
1313,6,train_0552,12036.25523800369,10491.901943038753,99.19019430387526,0.0,12135.445432307566,14.78,0.64,0.0,0.0,5.0
1314,6,train_0589,12028.87095725397,10195.02172042033,69.5021720420331,0.0,12098.373129296004,14.9,0.64,0.0,0.0,5.0
1315,6,train_0550,12098.632541643408,10377.8211048745,87.78211048744998,0.0,12186.414652130858,17.66,0.7,0.0,0.0,5.0
1316,6,train_0011,11795.47620312545,10379.732209388105,87.97322093881048,0.0,11883.449424064262,14.82,0.56,0.0,0.0,5.0
1317,6,train_0574,12140.842584735059,10495.932651321411,99.5932651321411,0.0,12240.4358498672,14.66,0.7,0.0,0.0,5.0
1318,6,train_0093,11943.678084084722,10185.387337837255,68.53873378372555,0.0,12012.216817868448,18.9,0.66,0.0,0.0,5.0
1319,6,train_0534,12396.353804596769,10583.588925914042,108.35889259140423,0.0,12504.712697188173,15.86,0.58,0.0,0.0,5.0
1320,6,train_0414,12307.659660719362,10229.828034546284,72.98280345462845,0.0,12380.64246417399,14.66,0.56,0.0,0.0,5.0
1321,6,train_0315,12450.543536408471,10956.694638041701,145.66946380417014,0.0,12596.213000212641,15.42,0.66,0.0,0.0,5.0
1322,6,train_0272,12501.690955658953,10702.786781726136,120.27867817261358,0.0,12621.969633831566,14.02,0.54,0.0,0.0,5.0
1323,6,train_0409,12736.111983904797,10731.508603252694,123.15086032526943,0.0,12859.262844230067,17.94,0.72,0.0,0.0,5.0
1324,6,train_0391,11996.166030558798,10451.53145392967,95.15314539296706,0.0,12091.319175951765,14.92,0.54,0.0,0.0,5.0
1325,6,train_0319,12144.087364062438,10747.922608065965,124.79226080659646,0.0,12268.879624869034,16.12,0.62,0.0,0.0,5.0
1326,6,train_0048,12407.202400195138,10462.669121340121,96.2669121340121,0.0,12503.469312329149,16.14,0.64,0.0,0.0,5.0
1327,6,train_0181,11443.571324821722,9783.73562500836,28.373562500835945,0.0,11471.944887322557,16.88,0.7,0.0,0.0,5.0
1328,6,train_0106,12648.299009507433,10654.735371794235,115.47353717942352,0.0,12763.772546686856,16.18,0.8,0.0,0.0,5.0
1329,6,train_0594,12016.3626753404,10124.354220553589,62.43542205535887,0.0,12078.79809739576,17.54,0.6,0.0,0.0,5.0
1330,6,train_0504,12360.608139902837,10488.962207529707,98.89622075297066,0.0,12459.504360655808,15.44,0.56,0.0,0.0,5.0
1331,6,train_0014,12350.35126868035,10543.115788756244,104.3115788756244,0.0,12454.662847555974,17.78,0.6,0.0,0.0,5.0
1332,6,train_0374,12470.334232512303,10870.913360497172,137.09133604971723,0.0,12607.425568562021,15.08,0.58,0.0,0.0,5.0
1333,6,train_0150,12103.874425291977,10356.6820622575,85.66820622574997,0.0,12189.542631517726,17.68,0.62,0.0,0.0,5.0
1334,6,train_0303,11898.280868748605,10464.112408885916,96.4112408885916,0.0,11994.692109637197,15.04,0.64,0.0,0.0,5.0
1335,6,train_0557,11999.04907650207,10293.508292548588,79.35082925485877,0.0,12078.399905756929,14.92,0.72,0.0,0.0,5.0
1336,6,train_0353,12029.79958454262,10343.488109520751,84.34881095207511,0.0,12114.148395494694,16.04,0.76,0.0,0.0,5.0
1337,6,train_0571,12024.47713304939,10669.904934007129,116.99049340071288,0.0,12141.467626450103,15.56,0.74,0.0,0.0,5.0
1338,6,train_0194,12364.575704249382,10737.990193525075,123.79901935250746,0.0,12488.37472360189,15.74,0.54,0.0,0.0,5.0
1339,6,train_0167,12187.975027993762,10227.80183623272,72.78018362327202,0.0,12260.755211617034,15.36,0.46,0.0,0.0,5.0
1340,6,train_0504,12295.247618867146,10603.361775689984,110.3361775689984,0.0,12405.583796436145,15.18,0.64,0.0,0.0,5.0
1341,6,train_0599,11971.050987314007,10293.157630806278,79.31576308062778,0.0,12050.366750394634,17.38,0.7,0.0,0.0,5.0
1342,6,train_0392,12447.563385934656,10626.993972210108,112.69939722101081,0.0,12560.262783155667,15.56,0.64,0.0,0.0,5.0
1343,6,train_0487,12529.514266662842,10430.635500330767,93.06355003307672,0.0,12622.577816695919,14.54,0.64,0.0,0.0,5.0
1344,6,train_0240,12769.932268351815,10816.266033119442,131.6266033119442,0.0,12901.55887166376,15.62,0.7,0.0,0.0,5.0
1345,6,train_0466,12332.439786879626,10687.97669557998,118.79766955799806,0.0,12451.237456437624,18.14,0.54,0.0,0.0,5.0
1346,6,train_0106,12470.090076198372,10952.052707799008,145.20527077990081,0.0,12615.295346978273,17.22,0.64,0.0,0.0,5.0
1347,6,train_0343,12957.032208407963,11087.365555100652,158.73655551006524,0.0,13115.76876391803,16.42,0.76,0.0,0.0,5.0
1348,6,train_0446,12104.196547428506,10287.325690030173,78.73256900301732,0.0,12182.929116431524,15.22,0.68,0.0,0.0,5.0
1349,6,train_0236,12056.512518806237,10751.819039807506,125.18190398075058,0.0,12181.694422786988,17.56,0.8,0.0,0.0,5.0
1350,6,train_0165,12087.159624790564,10188.054811593567,68.80548115935672,0.0,12155.965105949921,16.24,0.62,0.0,0.0,5.0
1351,6,train_0005,12162.655540720096,10250.330793135037,75.03307931350373,0.0,12237.6886200336,18.0,0.66,0.0,0.0,5.0
1352,6,train_0276,12241.823411386671,10355.024206756982,85.50242067569816,0.0,12327.32583206237,14.44,0.74,0.0,0.0,5.0
1353,6,train_0219,12174.718574661729,10569.810759055385,106.98107590553846,0.0,12281.699650567267,16.74,0.62,0.0,0.0,5.0
1354,6,train_0395,11738.022715430166,10227.36192319772,72.73619231977209,0.0,11810.758907749938,15.22,0.62,0.0,0.0,5.0
1355,6,train_0224,12275.322711679331,10408.999347625475,90.8999347625475,0.0,12366.222646441878,14.92,0.68,0.0,0.0,5.0
1356,6,train_0428,12454.20192725174,10562.955736550997,106.29557365509973,0.0,12560.497500906838,16.86,0.68,0.0,0.0,5.0
1357,6,train_0048,12337.149047661716,10474.629246952645,97.46292469526452,0.0,12434.611972356981,15.14,0.7,0.0,0.0,5.0
1358,6,train_0594,11754.363922423163,10516.23146449572,101.62314644957206,0.0,11855.987068872735,16.76,0.64,0.0,0.0,5.0
1359,6,train_0050,12155.686229397978,10314.678743758664,81.46787437586646,0.0,12237.154103773844,15.12,0.64,0.0,0.0,5.0
1360,6,train_0213,12480.126338518565,10312.27988757617,81.22798875761691,0.0,12561.354327276182,16.02,0.8,0.0,0.0,5.0
1361,6,train_0158,12303.471725646377,10816.236861277948,131.62368612779483,0.0,12435.095411774171,17.42,0.56,0.0,0.0,5.0
1362,6,train_0478,12355.395104296722,10345.99841408326,84.59984140832603,0.0,12439.994945705048,15.64,0.62,0.0,0.0,5.0
1363,6,train_0296,12368.633459680077,10690.335645202855,119.03356452028548,0.0,12487.667024200362,15.96,0.72,0.0,0.0,5.0
1364,6,train_0450,12184.70213121946,10225.86268304937,72.58626830493704,0.0,12257.288399524396,15.2,0.6,0.0,0.0,5.0
1365,6,train_0464,12217.341362739426,10691.75173202468,119.17517320246807,0.0,12336.516535941893,15.06,0.6,0.0,0.0,5.0
1366,6,train_0388,12500.278359620006,10642.434218914386,114.24342189143863,0.0,12614.521781511445,15.26,0.64,0.0,0.0,5.0
1367,6,train_0353,12184.91286833907,10132.44025075555,63.244025075554966,0.0,12248.156893414625,17.12,0.7,0.0,0.0,5.0
1368,6,train_0306,12641.510770847968,10575.810455158227,107.58104551582274,0.0,12749.09181636379,15.58,0.66,0.0,0.0,5.0
1369,6,train_0324,12242.840066725385,10558.217064208235,105.82170642082347,0.0,12348.661773146208,15.64,0.66,0.0,0.0,5.0
1370,6,train_0465,12731.019244690324,10589.194695683742,108.9194695683742,0.0,12839.938714258698,15.5,0.74,0.0,0.0,5.0
1371,6,train_0477,12474.922676003956,9862.684510113191,36.26845101131912,0.0,12511.191127015276,14.86,0.64,0.0,0.0,5.0
1372,6,train_0273,12573.303389344597,10404.475092339828,90.44750923398279,0.0,12663.75089857858,17.68,0.66,0.0,0.0,5.0
1373,6,train_0508,12519.327807474834,10526.69954907594,102.669954907594,0.0,12621.997762382429,14.68,0.66,0.0,0.0,5.0
1374,6,train_0011,12034.74299150551,10205.389932610326,70.53899326103256,0.0,12105.281984766543,15.98,0.7,0.0,0.0,5.0
1375,6,train_0263,11866.499336931258,10210.860092474877,71.08600924748771,0.0,11937.585346178745,15.3,0.74,0.0,0.0,5.0
1376,6,train_0412,12081.129440581477,10513.345474321915,101.33454743219154,0.0,12182.46398801367,14.96,0.6,0.0,0.0,5.0
1377,6,train_0364,12086.632818492777,10665.952262025989,116.59522620259887,0.0,12203.228044695376,17.52,0.7,0.0,0.0,5.0
1378,6,train_0244,12282.455583663595,10478.066586563064,97.80665865630635,0.0,12380.262242319903,15.28,0.68,0.0,0.0,5.0
1379,6,train_0552,12165.142440015952,10436.659398061982,93.6659398061982,0.0,12258.80837982215,14.52,0.62,0.0,0.0,5.0
1380,6,train_0039,12449.967994849783,10655.373844640384,115.53738446403841,0.0,12565.505379313821,17.22,0.72,0.0,0.0,5.0
1381,6,train_0047,12040.532300757452,10453.56333580766,95.35633358076593,0.0,12135.888634338218,13.38,0.66,0.0,0.0,5.0
1382,6,train_0280,12392.2299852583,10514.887955173162,101.48879551731625,0.0,12493.718780775616,15.7,0.72,0.0,0.0,5.0
1383,6,train_0365,12598.93435827878,10742.38197634637,124.23819763463707,0.0,12723.172555913417,15.34,0.58,0.0,0.0,5.0
1384,6,train_0246,12032.82967255899,10631.92523343699,113.19252334369904,0.0,12146.02219590269,15.86,0.74,0.0,0.0,5.0
1385,6,train_0465,12772.948648648446,10833.809320024578,133.38093200245785,0.0,12906.329580650903,15.64,0.64,0.0,0.0,5.0
1386,6,train_0386,12394.069529454875,10612.41065543289,111.24106554328901,0.0,12505.310594998164,15.3,0.68,0.0,0.0,5.0
1387,6,train_0256,11948.788589986927,10762.69348841064,126.26934884106396,0.0,12075.057938827991,16.26,0.7,0.0,0.0,5.0
1388,6,train_0172,12281.401598392633,10499.479382675858,99.94793826758578,0.0,12381.349536660218,16.64,0.54,0.0,0.0,5.0
1389,6,train_0449,12709.707154928465,10705.257451567777,120.5257451567777,0.0,12830.232900085242,17.2,0.62,0.0,0.0,5.0
1390,6,train_0294,12234.315253357361,10251.046371193388,75.1046371193388,0.0,12309.4198904767,16.38,0.68,0.0,0.0,5.0
1391,6,train_0504,12274.198756959708,10543.418790798973,104.34187907989727,0.0,12378.540636039605,16.28,0.76,0.0,0.0,5.0
1392,6,train_0122,12266.693963433081,10223.30747380836,72.33074738083597,0.0,12339.024710813917,15.68,0.62,0.0,0.0,5.0
1393,6,train_0458,12559.023966589988,10784.593295959985,128.4593295959985,0.0,12687.483296185987,13.9,0.64,0.0,0.0,5.0
1394,6,train_0422,12556.741652632096,10463.471492960754,96.34714929607544,0.0,12653.088801928172,14.48,0.54,0.0,0.0,5.0
1395,6,train_0322,12083.794585687796,10314.15788126771,81.41578812677108,0.0,12165.210373814567,16.08,0.56,0.0,0.0,5.0
1396,6,train_0570,11680.565725687098,10609.775291237016,110.97752912370161,0.0,11791.5432548108,15.7,0.46,0.0,0.0,5.0
1397,6,train_0434,12581.204992970204,10914.600779012098,141.46007790120984,0.0,12722.665070871415,15.2,0.72,0.0,0.0,5.0
1398,6,train_0556,12733.849198366643,10277.858133546342,77.78581335463423,0.0,12811.635011721277,13.82,0.72,0.0,0.0,5.0
1399,6,train_0425,12351.920536403995,10924.106720855223,142.41067208552232,0.0,12494.331208489517,15.48,0.52,0.0,0.0,5.0
1400,6,train_0174,12405.468767031824,10581.406539157351,108.14065391573513,0.0,12513.60942094756,15.48,0.68,0.0,0.0,5.0
1401,6,train_0230,12065.172380587326,10548.0791936238,104.80791936238002,0.0,12169.980299949706,14.56,0.64,0.0,0.0,5.0
1402,6,train_0531,12149.758083311677,10757.120757647244,125.71207576472443,0.0,12275.470159076402,17.34,0.56,0.0,0.0,5.0
1403,6,train_0012,12877.377046034777,10407.715852749689,90.77158527496886,0.0,12968.148631309745,16.44,0.72,0.0,0.0,5.0
1404,6,train_0548,12565.749051125911,10684.07315087622,118.40731508762201,0.0,12684.156366213534,16.26,0.54,0.0,0.0,5.0
1405,6,train_0569,12117.848444570689,10277.648960902461,77.76489609024611,0.0,12195.613340660935,16.36,0.62,0.0,0.0,5.0
1406,6,train_0503,12639.357717609546,10791.806566805402,129.18065668054024,0.0,12768.538374290087,16.56,0.6,0.0,0.0,5.0
1407,6,train_0280,12363.661445093237,10652.844471934532,115.28444719345316,0.0,12478.94589228669,16.6,0.58,0.0,0.0,5.0
1408,6,train_0412,12327.025189182463,10309.437792894647,80.9437792894647,0.0,12407.968968471927,15.9,0.5,0.0,0.0,5.0
1409,6,train_0179,12061.132222935325,10272.660334382263,77.26603343822626,0.0,12138.398256373552,14.6,0.72,0.0,0.0,5.0
1410,6,train_0108,12418.711641627822,10644.142560804134,114.41425608041337,0.0,12533.125897708236,18.72,0.66,0.0,0.0,5.0
1411,6,train_0150,12222.035997121853,10464.296496359742,96.42964963597424,0.0,12318.465646757828,17.78,0.58,0.0,0.0,5.0
1412,6,train_0536,12104.285685331797,10816.549376777297,131.6549376777297,0.0,12235.940623009526,14.54,0.7,0.0,0.0,5.0
1413,6,train_0239,12253.487854017028,10595.499765296301,109.54997652963011,0.0,12363.037830546658,14.04,0.68,0.0,0.0,5.0
1414,6,train_0429,12782.555200050128,10710.580201467332,121.05802014673318,0.0,12903.613220196861,15.62,0.5,0.0,0.0,5.0
1415,6,train_0346,12632.219532623698,10691.775059626525,119.1775059626525,0.0,12751.39703858635,16.58,0.48,0.0,0.0,5.0
1416,6,train_0593,12203.060136873139,10469.761641556674,96.97616415566736,0.0,12300.036301028806,14.94,0.58,0.0,0.0,5.0
1417,6,train_0310,12032.522750785709,10124.225602941384,62.422560294138385,0.0,12094.945311079848,15.5,0.62,0.0,0.0,5.0
1418,6,train_0265,12348.816731273531,10346.0469643778,84.60469643777998,0.0,12433.421427711311,14.5,0.6,0.0,0.0,5.0
1419,6,train_0229,12685.732025712357,10953.144180912535,145.31441809125354,0.0,12831.04644380361,15.54,0.62,0.0,0.0,5.0
1420,6,train_0404,12717.322466880354,11124.98569770428,162.49856977042802,0.0,12879.821036650783,17.12,0.6,0.0,0.0,5.0
1421,6,train_0046,12214.973941804677,10108.633488579933,60.86334885799334,0.0,12275.83729066267,16.76,0.54,0.0,0.0,5.0
1422,6,train_0578,12270.5948735817,10302.116675945928,80.21166759459284,0.0,12350.806541176293,17.34,0.64,0.0,0.0,5.0
1423,6,train_0588,12265.384291669063,10384.46275527064,88.44627552706407,0.0,12353.830567196126,17.16,0.6,0.0,0.0,5.0
1424,7,train_0060,12122.794475610292,10817.121620070888,131.71216200708878,0.0,12254.50663761738,16.44,0.64,0.0,0.0,5.0
1425,7,train_0009,12074.413646948928,10393.318024268887,89.33180242688869,0.0,12163.745449375816,16.76,0.6,0.0,0.0,5.0
1426,7,train_0527,12309.165920561429,10487.090874894273,98.7090874894273,0.0,12407.875008050856,13.82,0.62,0.0,0.0,5.0
1427,7,train_0551,12143.484221200959,10394.274740828565,89.4274740828565,0.0,12232.911695283816,16.56,0.64,0.0,0.0,5.0
1428,7,train_0276,12051.004932887932,10255.973109193197,75.59731091931972,0.0,12126.602243807252,14.5,0.62,0.0,0.0,5.0
1429,7,train_0019,12595.695523953542,10563.944005610625,106.39440056106251,0.0,12702.089924514605,14.28,0.64,0.0,0.0,5.0
1430,7,train_0061,12305.467623142795,10319.874499509071,81.9874499509071,0.0,12387.455073093703,14.92,0.52,0.0,0.0,5.0
1431,7,train_0303,11921.56818019185,10273.296591802682,77.32965918026821,0.0,11998.897839372119,16.36,0.54,0.0,0.0,5.0
1432,7,train_0567,13085.22483293551,11053.830640786546,155.38306407865457,0.0,13240.607897014164,16.6,0.74,0.0,0.0,5.0
1433,7,train_0471,12334.921106968588,10511.074580790842,101.10745807908425,0.0,12436.028565047673,14.8,0.62,0.0,0.0,5.0
1434,7,train_0017,12192.210094634129,10541.837060089476,104.1837060089476,0.0,12296.393800643076,14.4,0.7,0.0,0.0,5.0
1435,7,train_0398,11820.845480393225,10084.428000380118,58.442800038011775,0.0,11879.288280431238,13.18,0.68,0.0,0.0,5.0
1436,7,train_0485,11839.624420001664,10563.7695315001,106.37695315001002,0.0,11946.001373151674,15.84,0.7,0.0,0.0,5.0
1437,7,train_0423,12332.355269148029,10307.579615318593,80.7579615318593,0.0,12413.113230679888,16.7,0.52,0.0,0.0,5.0
1438,7,train_0261,12304.468180576207,10608.775191088786,110.87751910887856,0.0,12415.345699685085,16.24,0.66,0.0,0.0,5.0
1439,7,train_0058,11967.875198469326,10004.756133176794,50.47561331767938,0.0,12018.350811787006,14.92,0.64,0.0,0.0,5.0
1440,7,train_0439,12428.032966822431,10431.298921025249,93.1298921025249,0.0,12521.162858924956,14.3,0.56,0.0,0.0,5.0
1441,7,train_0518,12438.180722060448,10690.86518023657,119.08651802365694,0.0,12557.267240084104,15.58,0.72,0.0,0.0,5.0
1442,7,train_0327,12738.441258037288,10679.589722489789,117.95897224897891,0.0,12856.400230286266,16.66,0.64,0.0,0.0,5.0
1443,7,train_0389,12541.51980973996,10116.517256185492,61.65172561854925,0.0,12603.17153535851,16.86,0.82,0.0,0.0,5.0
1444,7,train_0060,12695.96084187358,10450.017702659645,95.00177026596448,0.0,12790.962612139545,17.72,0.54,0.0,0.0,5.0
1445,7,train_0565,12506.105638664114,11119.07331005668,161.90733100566797,0.0,12668.012969669782,15.34,0.58,0.0,0.0,5.0
1446,7,train_0214,12074.817048736397,10048.442244686814,54.84422446868139,0.0,12129.661273205078,15.0,0.62,0.0,0.0,5.0
1447,7,train_0597,12336.041666124898,10312.876807158862,81.28768071588621,0.0,12417.329346840785,17.42,0.66,0.0,0.0,5.0
1448,7,train_0092,12481.888311780696,10591.0668112499,109.10668112499008,0.0,12590.994992905686,15.46,0.74,0.0,0.0,5.0
1449,7,train_0452,12294.921407607675,10253.688508807427,75.36885088074268,0.0,12370.290258488418,14.4,0.6,0.0,0.0,5.0
1450,7,train_0450,12068.802802135087,10374.690014501677,87.46900145016771,0.0,12156.271803585256,14.84,0.6,0.0,0.0,5.0
1451,7,train_0483,12738.85431541513,10822.520841278681,132.25208412786816,0.0,12871.106399542998,14.58,0.62,0.0,0.0,5.0
1452,7,train_0161,12311.22511138237,10670.108716950686,117.01087169506864,0.0,12428.235983077439,17.08,0.64,0.0,0.0,5.0
1453,7,train_0576,11944.742418401423,10735.455800817883,123.54558008178829,0.0,12068.287998483213,14.74,0.64,0.0,0.0,5.0
1454,7,train_0246,12066.093805485385,10381.573712616984,88.15737126169843,0.0,12154.251176747084,17.24,0.68,0.0,0.0,5.0
1455,7,train_0431,12376.628288527962,10249.231699197084,74.92316991970839,0.0,12451.55145844767,16.24,0.56,0.0,0.0,5.0
1456,7,train_0049,12236.452050157375,10583.736331950211,108.37363319502111,0.0,12344.825683352396,14.86,0.64,0.0,0.0,5.0
1457,7,train_0367,12131.769880042486,10434.566709160545,93.45667091605446,0.0,12225.226550958541,15.66,0.78,0.0,0.0,5.0
1458,7,train_0153,11978.01781538844,10491.789256349264,99.17892563492643,0.0,12077.196741023366,16.4,0.72,0.0,0.0,5.0
1459,7,train_0316,12340.116577096864,10279.69646006795,77.96964600679495,0.0,12418.086223103659,15.64,0.68,0.0,0.0,5.0
1460,7,train_0442,12368.654379427255,10632.508318260645,113.2508318260645,0.0,12481.905211253319,14.38,0.64,0.0,0.0,5.0
1461,7,train_0313,12383.886575114153,10569.811179781394,106.98111797813945,0.0,12490.867693092292,16.32,0.72,0.0,0.0,5.0
1462,7,train_0042,12253.453023060905,10487.638709054416,98.76387090544159,0.0,12352.216893966346,16.28,0.64,0.0,0.0,5.0
1463,7,train_0383,12094.97790394698,10279.421655204955,77.94216552049548,0.0,12172.920069467475,14.88,0.58,0.0,0.0,5.0
1464,7,train_0215,12686.001768119699,10901.900568752606,140.1900568752606,0.0,12826.19182499496,15.12,0.64,0.0,0.0,5.0
1465,7,train_0374,12096.213916027116,10743.578802980282,124.35788029802825,0.0,12220.571796325145,17.58,0.64,0.0,0.0,5.0
1466,7,train_0411,12702.023576687734,10996.632588548513,149.6632588548513,0.0,12851.686835542585,16.0,0.62,0.0,0.0,5.0
1467,7,train_0000,11918.36655877104,10376.788494897173,87.67884948971732,0.0,12006.045408260758,15.52,0.64,0.0,0.0,5.0
1468,7,train_0167,12263.185074188088,10341.36899909055,84.13689990905496,0.0,12347.321974097144,15.68,0.62,0.0,0.0,5.0
1469,7,train_0089,12359.44609752006,10882.59769501959,138.25976950195908,0.0,12497.70586702202,15.62,0.68,0.0,0.0,5.0
1470,7,train_0414,11960.11347385946,10500.75483482758,100.07548348275796,0.0,12060.188957342218,15.3,0.76,0.0,0.0,5.0
1471,7,train_0250,12224.056653268457,10672.108138206782,117.21081382067824,0.0,12341.267467089136,16.64,0.66,0.0,0.0,5.0
1472,7,train_0059,12632.66924620889,10495.835483219931,99.58354832199312,0.0,12732.252794530883,15.52,0.7,0.0,0.0,5.0
1473,7,train_0172,12191.447556485935,10593.973257166703,109.39732571667028,0.0,12300.844882202606,15.28,0.68,0.0,0.0,5.0
1474,7,train_0573,11933.157895511795,10060.942880061895,56.09428800618953,0.0,11989.252183517985,15.7,0.62,0.0,0.0,5.0
1475,7,train_0404,12863.008467610976,11241.038040059626,174.10380400596262,0.0,13037.11227161694,15.7,0.72,0.0,0.0,5.0
1476,7,train_0236,12077.293059841782,10693.016290570162,119.30162905701619,0.0,12196.594688898798,19.34,0.54,0.0,0.0,5.0
1477,7,train_0594,12020.553632234081,10121.061202858124,62.10612028581236,0.0,12082.659752519894,17.48,0.54,0.0,0.0,5.0
1478,7,train_0404,12591.972002776074,11204.529166537555,170.45291665375555,0.0,12762.42491942983,16.1,0.6,0.0,0.0,5.0
1479,7,train_0159,11962.77090910521,9900.925253283423,40.09252532834235,0.0,12002.863434433551,16.98,0.64,0.0,0.0,5.0
1480,7,train_0095,12140.590325983652,10443.088482409896,94.30884824098958,0.0,12234.899174224642,17.52,0.54,0.0,0.0,5.0
1481,7,train_0486,12427.88935576281,10500.147277191423,100.01472771914233,0.0,12527.904083481953,14.24,0.5,0.0,0.0,5.0
1482,7,train_0185,12174.971820551313,10873.617400449773,137.36174004497735,0.0,12312.33356059629,16.72,0.54,0.0,0.0,5.0
1483,7,train_0222,12485.491727174453,10421.02073714526,92.10207371452599,0.0,12577.593800888979,16.88,0.7,0.0,0.0,5.0
1484,7,train_0151,12159.550542111787,10851.514950446972,135.15149504469719,0.0,12294.702037156483,14.8,0.58,0.0,0.0,5.0
1485,7,train_0434,12700.256091031497,10547.099494645063,104.70994946450628,0.0,12804.966040496003,14.92,0.64,0.0,0.0,5.0
1486,7,train_0087,12666.251231951166,10907.094040353159,140.70940403531586,0.0,12806.960635986481,16.14,0.64,0.0,0.0,5.0
1487,7,train_0053,12079.082222272773,10717.521190996522,121.75211909965219,0.0,12200.834341372425,15.28,0.62,0.0,0.0,5.0
1488,7,train_0351,12680.379488044106,10547.260731060123,104.72607310601234,0.0,12785.105561150118,17.14,0.68,0.0,0.0,5.0
1489,7,train_0374,12677.71807206178,10307.272375030909,80.72723750309088,0.0,12758.445309564871,17.88,0.58,0.0,0.0,5.0
1490,7,train_0382,12559.248951972535,10890.553019277702,139.05530192777024,0.0,12698.304253900305,16.2,0.74,0.0,0.0,5.0
1491,7,train_0312,11885.424104525184,10410.010642529567,91.00106425295672,0.0,11976.42516877814,15.04,0.7,0.0,0.0,5.0
1492,7,train_0148,12312.22735055588,10923.318655685085,142.3318655685085,0.0,12454.55921612439,18.98,0.58,0.0,0.0,5.0
1493,7,train_0497,12542.77321645259,10679.423720287632,117.9423720287632,0.0,12660.715588481353,14.08,0.66,0.0,0.0,5.0
1494,7,train_0588,12312.794234383342,10458.037559587054,95.80375595870538,0.0,12408.597990342047,17.4,0.64,0.0,0.0,5.0
1495,7,train_0071,12461.059574189661,10776.043636786046,127.60436367860457,0.0,12588.663937868267,14.38,0.68,0.0,0.0,5.0
1496,7,train_0184,12336.99805189437,10361.944652553488,86.19446525534877,0.0,12423.192517149719,16.6,0.68,0.0,0.0,5.0
1497,7,train_0313,12353.841953457271,10550.111592303156,105.01115923031557,0.0,12458.853112687586,16.52,0.66,0.0,0.0,5.0
1498,7,train_0250,12213.96089509717,10520.16529766893,102.01652976689293,0.0,12315.977424864064,16.78,0.7,0.0,0.0,5.0
1499,7,train_0518,12412.556578597452,10392.400683064905,89.24006830649051,0.0,12501.796646903942,16.34,0.6,0.0,0.0,5.0
1500,7,train_0579,12414.492109321734,10550.75703215793,105.07570321579297,0.0,12519.567812537527,15.64,0.6,0.0,0.0,5.0
1501,7,train_0416,12198.388136194284,10406.299352916394,90.62993529163941,0.0,12289.018071485923,16.5,0.64,0.0,0.0,5.0
1502,7,train_0238,12258.4149897589,10735.364211375367,123.53642113753668,0.0,12381.951410896436,15.86,0.62,0.0,0.0,5.0
1503,7,train_0096,12495.834114511968,10483.530803769308,98.35308037693085,0.0,12594.187194888898,17.76,0.62,0.0,0.0,5.0
1504,7,train_0448,12241.110624614266,10280.346647323167,78.03466473231674,0.0,12319.145289346583,14.72,0.54,0.0,0.0,5.0
1505,7,train_0512,12175.081233349523,10405.206358202786,90.52063582027859,0.0,12265.601869169801,15.5,0.6,0.0,0.0,5.0
1506,7,train_0577,12782.868758388347,11227.163397188895,172.71633971888951,0.0,12955.585098107236,15.8,0.58,0.0,0.0,5.0
1507,7,train_0138,12193.843217079757,10379.544778001702,87.95447780017021,0.0,12281.797694879928,17.36,0.54,0.0,0.0,5.0
1508,7,train_0373,12317.85449065869,10555.78097855371,105.57809785537103,0.0,12423.43258851406,17.72,0.52,0.0,0.0,5.0
1509,7,train_0044,12722.843406761462,10881.335713205423,138.13357132054225,0.0,12860.976978082004,16.86,0.7,0.0,0.0,5.0
1510,7,train_0571,12117.973353389854,10528.731942493097,102.87319424930975,0.0,12220.846547639165,15.54,0.56,0.0,0.0,5.0
1511,7,train_0050,12172.665921796615,10354.106353740437,85.41063537404371,0.0,12258.07655717066,14.94,0.48,0.0,0.0,5.0
1512,7,train_0474,12489.510831993293,10502.366659190055,100.23666591900547,0.0,12589.747497912298,14.0,0.62,0.0,0.0,5.0
1513,7,train_0470,11968.506581722886,10350.354891422396,85.03548914223957,0.0,12053.542070865125,13.5,0.5,0.0,0.0,5.0
1514,7,train_0275,12156.549517638347,10581.38695800228,108.13869580022802,0.0,12264.688213438574,14.94,0.6,0.0,0.0,5.0
1515,7,train_0504,12433.826452739799,10318.18755770451,81.81875577045103,0.0,12515.64520851025,14.98,0.72,0.0,0.0,5.0
1516,7,train_0036,12338.020467582879,10396.815933802032,89.68159338020324,0.0,12427.702060963082,16.64,0.7,0.0,0.0,5.0
1517,7,train_0528,12169.382343051928,10492.559346470363,99.25593464703634,0.0,12268.638277698965,14.62,0.56,0.0,0.0,5.0
1518,7,train_0215,12062.939096584203,11195.635204618193,169.56352046181928,0.0,12232.502617046022,15.92,0.64,0.0,0.0,5.0
1519,7,train_0452,12184.510189168315,10413.714242754311,91.37142427543114,0.0,12275.881613443746,16.04,0.58,0.0,0.0,5.0
1520,7,train_0074,12440.441813346479,10436.299037601602,93.62990376016023,0.0,12534.071717106639,18.12,0.54,0.0,0.0,5.0
1521,7,train_0536,12239.727067361528,10719.206576631246,121.92065766312463,0.0,12361.647725024652,15.52,0.62,0.0,0.0,5.0
1522,7,train_0092,12722.43082209967,10574.841848537759,107.48418485377589,0.0,12829.915006953446,17.02,0.54,0.0,0.0,5.0
1523,7,train_0556,12268.29205391183,10905.238639547795,140.52386395477953,0.0,12408.815917866608,14.14,0.54,0.0,0.0,5.0
1524,7,train_0177,12148.1525814831,10504.1794979641,100.41794979641,0.0,12248.57053127951,14.02,0.62,0.0,0.0,5.0
1525,7,train_0322,12280.522331462093,10566.594072137006,106.65940721370062,0.0,12387.181738675794,15.44,0.76,0.0,0.0,5.0
1526,7,train_0412,12234.249091716443,10222.292515113431,72.22925151134314,0.0,12306.478343227787,13.36,0.72,0.0,0.0,5.0
1527,7,train_0379,13052.204306418986,10662.80268262354,116.28026826235401,0.0,13168.484574681339,15.22,0.66,0.0,0.0,5.0
1528,7,train_0334,12232.925506932595,10437.367820102205,93.7367820102205,0.0,12326.662288942816,16.8,0.6,0.0,0.0,5.0
1529,7,train_0572,12435.189049119013,10703.523509960645,120.35235099606453,0.0,12555.541400115078,13.06,0.68,0.0,0.0,5.0
1530,7,train_0361,12339.476357093801,11194.689145529956,169.46891455299556,0.0,12508.945271646797,16.14,0.68,0.0,0.0,5.0
1531,7,train_0308,12234.57397307679,10208.358191627565,70.83581916275652,0.0,12305.409792239545,17.66,0.56,0.0,0.0,5.0
1532,7,train_0044,12503.243124552355,11195.848664658126,169.5848664658126,0.0,12672.827991018168,16.54,0.58,0.0,0.0,5.0
1533,7,train_0144,12693.493293133823,10850.346499439618,135.03464994396182,0.0,12828.527943077785,15.44,0.64,0.0,0.0,5.0
1534,7,train_0275,12194.021554739174,10442.197596442275,94.21975964422745,0.0,12288.241314383402,15.34,0.5,0.0,0.0,5.0
1535,7,train_0563,12181.927082474824,10528.82321974255,102.88232197425496,0.0,12284.809404449079,15.32,0.48,0.0,0.0,5.0
1536,7,train_0313,12379.984846564497,10788.743737337283,128.87437373372833,0.0,12508.859220298225,15.9,0.58,0.0,0.0,5.0
1537,7,train_0030,12233.031819787686,10301.849192036,80.18491920359993,0.0,12313.216738991287,15.64,0.68,0.0,0.0,5.0
1538,7,train_0124,12103.135964065972,10602.96657476057,110.29665747605705,0.0,12213.43262154203,17.26,0.64,0.0,0.0,5.0
1539,7,train_0350,12179.243185139625,10281.699540413014,78.1699540413014,0.0,12257.413139180926,18.04,0.64,0.0,0.0,5.0
1540,7,train_0085,12515.82144065409,10267.01302308072,76.70130230807209,0.0,12592.522742962163,14.34,0.62,0.0,0.0,5.0
1541,7,train_0557,11833.801395718594,10145.902608965656,64.59026089656564,0.0,11898.39165661516,14.8,0.68,0.0,0.0,5.0
1542,7,train_0122,11967.89018342217,10524.20603377237,102.42060337723706,0.0,12070.310786799408,14.94,0.64,0.0,0.0,5.0
1543,7,train_0446,12074.809988487297,10317.42318241281,81.74231824128093,0.0,12156.552306728578,15.78,0.68,0.0,0.0,5.0
1544,7,train_0452,12280.123227201191,10407.771549799665,90.77715497996651,0.0,12370.900382181158,14.52,0.6,0.0,0.0,5.0
1545,7,train_0363,12419.170227149949,10725.65731458865,122.56573145886506,0.0,12541.735958608813,16.5,0.7,0.0,0.0,5.0
1546,7,train_0347,12062.641641173366,10870.26762653606,137.02676265360606,0.0,12199.668403826972,16.9,0.76,0.0,0.0,5.0
1547,7,train_0291,12587.60107816005,10612.21764047859,111.22176404785897,0.0,12698.82284220791,16.54,0.52,0.0,0.0,5.0
1548,7,train_0119,12078.041936053503,10471.862032103067,97.18620321030667,0.0,12175.22813926381,17.14,0.62,0.0,0.0,5.0
1549,7,train_0163,12247.572153290927,10998.81167006895,149.88116700689497,0.0,12397.453320297822,13.66,0.62,0.0,0.0,5.0
1550,7,train_0270,12040.41624267889,10586.006702220235,108.60067022202348,0.0,12149.016912900914,14.44,0.68,0.0,0.0,5.0
1551,7,train_0338,12373.73032860836,10688.334836547936,118.83348365479361,0.0,12492.563812263154,16.96,0.64,0.0,0.0,5.0
1552,7,train_0517,12339.804349292619,10676.134490386397,117.61344903863974,0.0,12457.417798331258,16.9,0.74,0.0,0.0,5.0
1553,7,train_0443,12672.168407240206,10847.765905610466,134.7765905610466,0.0,12806.944997801253,15.92,0.74,0.0,0.0,5.0
1554,7,train_0590,12195.708500825995,10353.935355021897,85.39353550218966,0.0,12281.102036328184,17.08,0.46,0.0,0.0,5.0
1555,7,train_0336,12130.838106795272,10421.778188524046,92.17781885240457,0.0,12223.015925647676,16.74,0.8,0.0,0.0,5.0
1556,7,train_0269,11978.411044497054,9821.990993643729,32.19909936437289,0.0,12010.610143861426,16.6,0.6,0.0,0.0,5.0
1557,7,train_0459,12392.123811854413,10476.422849921679,97.64228499216789,0.0,12489.76609684658,16.7,0.6,0.0,0.0,5.0
1558,7,train_0290,12357.041899011936,10460.44626192395,96.04462619239494,0.0,12453.086525204331,16.4,0.6,0.0,0.0,5.0
1559,7,train_0580,12376.687650162197,10782.195658655002,128.21956586550024,0.0,12504.907216027697,16.32,0.64,0.0,0.0,5.0
1560,7,train_0325,12120.279633022596,10769.877996425206,126.98779964252063,0.0,12247.267432665116,14.0,0.66,0.0,0.0,5.0
1561,7,train_0383,12190.76379228201,10134.761135726007,63.47611357260067,0.0,12254.23990585461,16.42,0.52,0.0,0.0,5.0
1562,7,train_0561,12165.709775606821,10853.788081545179,135.3788081545179,0.0,12301.088583761339,17.3,0.62,0.0,0.0,5.0
1563,7,train_0424,12487.565538183533,10774.59023681271,127.45902368127099,0.0,12615.024561864804,19.0,0.6,0.0,0.0,5.0
1564,7,train_0222,12313.447284825434,10491.014251473123,99.10142514731234,0.0,12412.548709972745,16.42,0.5,0.0,0.0,5.0
1565,7,train_0509,11909.227696708585,10596.55919287955,109.65591928795493,0.0,12018.88361599654,13.84,0.52,0.0,0.0,5.0
1566,7,train_0556,12286.462797375323,10646.041373590248,114.60413735902476,0.0,12401.066934734348,14.14,0.46,0.0,0.0,5.0
1567,7,train_0331,11966.85435986222,10459.590750620708,95.95907506207078,0.0,12062.81343492429,17.28,0.68,0.0,0.0,5.0
1568,7,train_0505,12252.502017283521,10772.370572772847,127.23705727728466,0.0,12379.739074560806,17.76,0.62,0.0,0.0,5.0
1569,7,train_0173,12677.735582898451,10441.601662133942,94.16016621339423,0.0,12771.895749111845,16.92,0.64,0.0,0.0,5.0
1570,7,train_0291,12605.64785868353,10655.90196816002,115.59019681600203,0.0,12721.23805549953,15.18,0.72,0.0,0.0,5.0
1571,7,train_0476,12468.115648968056,10322.644868961253,82.26448689612535,0.0,12550.380135864181,19.24,0.56,0.0,0.0,5.0
1572,7,train_0114,12297.967696993666,10261.582780072502,76.15827800725019,0.0,12374.125975000916,15.5,0.7,0.0,0.0,5.0
1573,7,train_0494,12075.836535058621,10194.757795595324,69.47577955953238,0.0,12145.312314618153,16.46,0.64,0.0,0.0,5.0
1574,7,train_0550,12381.518993807711,10297.634308535911,79.76343085359113,0.0,12461.282424661302,16.52,0.56,0.0,0.0,5.0
1575,7,train_0587,12144.83307747771,10302.16599961778,80.21659996177806,0.0,12225.049677439487,16.36,0.62,0.0,0.0,5.0
1576,7,train_0090,12332.388500510018,10490.914434908007,99.09144349080071,0.0,12431.47994400082,14.4,0.66,0.0,0.0,5.0
1577,7,train_0012,12511.933622682198,10985.557466571147,148.55574665711467,0.0,12660.489369339313,16.8,0.74,0.0,0.0,5.0
1578,7,train_0217,12613.367674430408,10451.701277658245,95.17012776582452,0.0,12708.537802196233,17.42,0.72,0.0,0.0,5.0
1579,7,train_0304,12742.984773539922,10905.045211536783,140.50452115367827,0.0,12883.4892946936,16.68,0.7,0.0,0.0,5.0
1580,7,train_0311,12240.069039675955,10621.533017483409,112.1533017483409,0.0,12352.222341424296,16.18,0.66,0.0,0.0,5.0
1581,7,train_0036,12235.538600701508,10065.720290156347,56.57202901563469,0.0,12292.110629717143,17.34,0.7,0.0,0.0,5.0
1582,7,train_0397,11859.543886185316,10558.68047463387,105.86804746338694,0.0,11965.411933648704,15.62,0.74,0.0,0.0,5.0
1583,7,train_0297,12250.930268777603,10199.987381803501,69.99873818035012,0.0,12320.929006957953,14.14,0.62,0.0,0.0,5.0
1584,7,train_0207,11951.670200130893,10276.963985514125,77.6963985514125,0.0,12029.366598682305,15.7,0.68,0.0,0.0,5.0
1585,7,train_0286,12119.9726101729,10840.243672679102,134.0243672679102,0.0,12253.99697744081,15.16,0.58,0.0,0.0,5.0
1586,7,train_0337,11860.074746852843,10358.582006372093,85.85820063720931,0.0,11945.932947490051,16.46,0.76,0.0,0.0,5.0
1587,7,train_0131,12570.912080146682,10876.12645720789,137.6126457207891,0.0,12708.52472586747,16.12,0.6,0.0,0.0,5.0
1588,7,train_0452,11815.643941424078,10635.295008218058,113.52950082180578,0.0,11929.173442245883,15.66,0.4,0.0,0.0,5.0
1589,7,train_0599,12385.01539379259,10104.201063029544,60.42010630295445,0.0,12445.435500095544,17.14,0.62,0.0,0.0,5.0
1590,7,train_0213,11989.962774287536,10707.711190377217,120.77111903772166,0.0,12110.733893325258,17.22,0.56,0.0,0.0,5.0
1591,7,train_0445,13011.127229953181,10640.158977191924,114.01589771919244,0.0,13125.143127672374,17.94,0.66,0.0,0.0,5.0
1592,7,train_0036,12174.86181372236,10197.781193252431,69.7781193252431,0.0,12244.639933047603,16.56,0.56,0.0,0.0,5.0
1593,7,train_0231,12215.793387307243,10686.92120102964,118.69212010296397,0.0,12334.485507410207,16.08,0.68,0.0,0.0,5.0
1594,7,train_0333,12573.447266093352,10735.08958724768,123.50895872476795,0.0,12696.95622481812,15.28,0.64,0.0,0.0,5.0
1595,7,train_0476,12367.17246882304,10273.271696484146,77.32716964841457,0.0,12444.499638471456,18.18,0.7,0.0,0.0,5.0
1596,7,train_0186,12298.794126952696,10321.801296814183,82.1801296814183,0.0,12380.974256634116,14.48,0.54,0.0,0.0,5.0
1597,7,train_0148,12576.54100390361,10495.71862793316,99.571862793316,0.0,12676.112866696927,17.8,0.6,0.0,0.0,5.0
1598,7,train_0519,12514.895759988154,10872.765845370363,137.27658453703626,0.0,12652.17234452519,17.72,0.62,0.0,0.0,5.0
1599,7,train_0170,11999.870101378983,10156.417627064999,65.64176270649988,0.0,12065.511864085483,17.14,0.7,0.0,0.0,5.0
1600,7,train_0125,11992.965163225539,10362.286365570413,86.22863655704133,0.0,12079.19379978258,16.82,0.6,0.0,0.0,5.0
1601,7,train_0465,12369.085951890622,10693.218864868479,119.32188648684787,0.0,12488.40783837747,16.72,0.58,0.0,0.0,5.0
1602,7,train_0053,12457.040845529456,10403.446773729906,90.34467737299056,0.0,12547.385522902447,16.06,0.6,0.0,0.0,5.0
1603,7,train_0417,12127.141012586555,10385.406417791977,88.54064177919773,0.0,12215.681654365753,15.08,0.64,0.0,0.0,5.0
1604,7,train_0280,12531.514416433907,10332.774294181087,83.27742941810867,0.0,12614.791845852016,15.94,0.7,0.0,0.0,5.0
1605,7,train_0470,12180.606162838876,10426.67260547261,92.66726054726097,0.0,12273.273423386137,15.98,0.54,0.0,0.0,5.0
1606,7,train_0512,12147.554232221948,10489.672933961876,98.9672933961876,0.0,12246.521525618136,16.08,0.58,0.0,0.0,5.0
1607,7,train_0233,12573.842353318525,10885.014226228748,138.50142262287483,0.0,12712.3437759414,15.5,0.64,0.0,0.0,5.0
1608,7,train_0148,12183.39261183068,10930.135706385101,143.01357063851012,0.0,12326.40618246919,17.34,0.56,0.0,0.0,5.0
1609,7,train_0110,12318.894594885161,10712.275198555755,121.22751985557552,0.0,12440.122114740738,17.08,0.8,0.0,0.0,5.0
1610,7,train_0432,12142.901625477702,10763.068270749538,126.3068270749538,0.0,12269.208452552655,14.8,0.66,0.0,0.0,5.0
1611,7,train_0260,12286.404403208646,10419.72771620076,91.97277162007595,0.0,12378.377174828722,17.68,0.6,0.0,0.0,5.0
1612,7,train_0481,12166.816463970878,10376.830625475468,87.6830625475468,0.0,12254.499526518424,16.14,0.46,0.0,0.0,5.0
1613,7,train_0444,12227.710450659317,10241.900042779544,74.19000427795436,0.0,12301.900454937271,17.24,0.6,0.0,0.0,5.0
1614,7,train_0598,12303.941725273362,10386.714945899794,88.67149458997937,0.0,12392.613219863342,14.22,0.56,0.0,0.0,5.0
1615,7,train_0507,12345.575296977733,10917.841515104044,141.78415151040446,0.0,12487.359448488138,16.26,0.54,0.0,0.0,5.0
1616,7,train_0549,12660.103426072706,10396.263992362035,89.62639923620355,0.0,12749.72982530891,16.58,0.66,0.0,0.0,5.0
1617,7,train_0541,12544.816706028354,10793.45366336941,129.34536633694097,0.0,12674.162072365296,16.52,0.74,0.0,0.0,5.0
1618,7,train_0546,12240.508868976183,10668.429499432455,116.84294994324556,0.0,12357.35181891943,19.98,0.7,0.0,0.0,5.0
1619,7,train_0595,11848.652958965115,10481.890655582249,98.18906555822487,0.0,11946.84202452334,15.42,0.78,0.0,0.0,5.0
1620,7,train_0226,11625.416163099087,10184.880950948867,68.48809509488675,0.0,11693.904258193974,14.72,0.54,0.0,0.0,5.0
1621,7,train_0187,12171.231168398432,10219.559166698647,71.95591666986475,0.0,12243.187085068297,14.16,0.7,0.0,0.0,5.0
1622,7,train_0357,12316.974654846845,10106.596786440627,60.659678644062666,0.0,12377.634333490907,14.76,0.62,0.0,0.0,5.0
1623,7,train_0502,12457.483461690606,10783.858645620752,128.38586456207523,0.0,12585.869326252681,14.48,0.54,0.0,0.0,5.0
1624,7,train_0108,12549.777498135572,10385.167647683927,88.51676476839276,0.0,12638.294262903964,18.64,0.6,0.0,0.0,5.0
1625,7,train_0599,11835.415760868098,10405.19511737198,90.51951173719809,0.0,11925.935272605297,15.44,0.66,0.0,0.0,5.0
1626,7,train_0180,12432.873885561265,10712.10959602375,121.21095960237508,0.0,12554.08484516364,16.4,0.72,0.0,0.0,5.0
1627,7,train_0167,12184.945471930492,10344.706991548552,84.47069915485518,0.0,12269.416171085348,15.34,0.6,0.0,0.0,5.0
1628,7,train_0238,12267.796397485683,10477.467895761676,97.74678957616761,0.0,12365.54318706185,15.5,0.58,0.0,0.0,5.0
1629,7,train_0003,12116.555316081889,10299.020871425153,79.90208714251531,0.0,12196.457403224404,16.6,0.56,0.0,0.0,5.0
1630,7,train_0237,12091.058317216708,10234.42258779664,73.44225877966402,0.0,12164.500575996371,16.86,0.72,0.0,0.0,5.0
1631,7,train_0085,11992.941553580078,10763.793775698701,126.37937756987013,0.0,12119.320931149949,13.86,0.6,0.0,0.0,5.0
1632,8,train_0480,12259.561249031201,10774.954941371005,127.49549413710048,0.0,12387.056743168301,16.06,0.72,0.0,0.0,5.0
1633,8,train_0466,11886.978617104232,10753.926828003172,125.3926828003172,0.0,12012.37129990455,16.04,0.64,0.0,0.0,5.0
1634,8,train_0379,12683.387913881961,10914.759390871892,141.47593908718918,0.0,12824.86385296915,14.72,0.6,0.0,0.0,5.0
1635,8,train_0482,11700.281213744069,10450.440720324143,95.04407203241426,0.0,11795.325285776484,14.88,0.7,0.0,0.0,5.0
1636,8,train_0098,12076.461241152389,10298.801146631042,79.88011466310418,0.0,12156.341355815493,14.52,0.66,0.0,0.0,5.0
1637,8,train_0155,12339.77626052776,10582.090518249845,108.20905182498446,0.0,12447.985312352745,16.9,0.74,0.0,0.0,5.0
1638,8,train_0529,12155.40016537041,10518.96384672925,101.89638467292498,0.0,12257.296550043337,17.4,0.52,0.0,0.0,5.0
1639,8,train_0564,12255.6279979397,10553.54584645549,105.35458464554904,0.0,12360.98258258525,16.7,0.72,0.0,0.0,5.0
1640,8,train_0162,11717.306965578533,10020.257156915432,52.025715691543155,0.0,11769.332681270076,15.52,0.62,0.0,0.0,5.0
1641,8,train_0141,12223.079022679956,10803.834309803573,130.3834309803573,0.0,12353.462453660313,13.84,0.56,0.0,0.0,5.0
1642,8,train_0069,12299.474062354517,10275.863591545767,77.58635915457671,0.0,12377.060421509093,17.12,0.7,0.0,0.0,5.0
1643,8,train_0437,11443.50166587116,9747.262475965254,24.726247596525354,0.0,11468.227913467685,16.38,0.68,0.0,0.0,5.0
1644,8,train_0396,11976.850345792067,10494.507383534452,99.4507383534452,0.0,12076.301084145513,13.66,0.64,0.0,0.0,5.0
1645,8,train_0110,12234.458403914123,10382.511671601384,88.25116716013837,0.0,12322.709571074261,17.12,0.62,0.0,0.0,5.0
1646,8,train_0369,12311.638649525827,10323.078696828166,82.30786968281664,0.0,12393.946519208643,13.6,0.62,0.0,0.0,5.0
1647,8,train_0454,12763.327674935692,10784.199557016856,128.41995570168567,0.0,12891.747630637377,16.34,0.6,0.0,0.0,5.0
1648,8,train_0178,11895.439814293957,10554.52212509546,105.45221250954602,0.0,12000.892026803504,16.24,0.62,0.0,0.0,5.0
1649,8,train_0030,11923.626498682128,10557.370146875199,105.73701468751989,0.0,12029.363513369648,16.86,0.62,0.0,0.0,5.0
1650,8,train_0132,12177.306791441071,10660.168921459832,116.01689214598319,0.0,12293.323683587054,18.12,0.52,0.0,0.0,5.0
1651,8,train_0354,12044.55363556189,10066.36508171892,56.63650817189191,0.0,12101.190143733782,14.62,0.48,0.0,0.0,5.0
1652,8,train_0310,11889.952184778838,10443.648968640066,94.36489686400655,0.0,11984.317081642845,15.42,0.46,0.0,0.0,5.0
1653,8,train_0209,12149.88823311535,10379.263182451714,87.92631824517139,0.0,12237.814551360523,15.86,0.52,0.0,0.0,5.0
1654,8,train_0333,12830.406692626071,10885.348196758778,138.53481967587777,0.0,12968.94151230195,14.88,0.7,0.0,0.0,5.0
1655,8,train_0395,12125.032542436475,10344.050389450098,84.4050389450098,0.0,12209.437581381484,16.54,0.7,0.0,0.0,5.0
1656,8,train_0570,11746.490806493512,10456.384797024097,95.63847970240968,0.0,11842.129286195921,13.28,0.54,0.0,0.0,5.0
1657,8,train_0532,12187.798223779411,10493.080396608715,99.30803966087151,0.0,12287.106263440282,15.14,0.62,0.0,0.0,5.0
1658,8,train_0409,12929.697777916712,10941.151675197718,144.1151675197718,0.0,13073.812945436484,18.74,0.58,0.0,0.0,5.0
1659,8,train_0193,12372.84788524263,10606.499420892524,110.64994208925236,0.0,12483.497827331883,14.52,0.46,0.0,0.0,5.0
1660,8,train_0239,12351.661378314762,10644.735660636914,114.47356606369141,0.0,12466.134944378453,16.08,0.68,0.0,0.0,5.0
1661,8,train_0570,11924.061567973762,10409.058800224615,90.9058800224615,0.0,12014.967447996223,15.42,0.66,0.0,0.0,5.0
1662,8,train_0198,11603.026306844338,10173.539810961436,67.35398109614361,0.0,11670.380287940481,14.9,0.68,0.0,0.0,5.0
1663,8,train_0271,11991.673336772503,10386.289696229025,88.62896962290252,0.0,12080.302306395406,14.74,0.66,0.0,0.0,5.0
1664,8,train_0594,12247.522385550968,10383.169615748373,88.31696157483731,0.0,12335.839347125806,17.22,0.52,0.0,0.0,5.0
1665,8,train_0239,12403.538625947378,10482.618365179125,98.26183651791253,0.0,12501.800462465291,14.02,0.62,0.0,0.0,5.0
1666,8,train_0472,12610.808170191543,10847.539662538084,134.75396625380836,0.0,12745.562136445351,16.34,0.62,0.0,0.0,5.0
1667,8,train_0122,11968.267082685075,10324.919017888918,82.49190178889185,0.0,12050.758984473967,15.98,0.6,0.0,0.0,5.0
1668,8,train_0239,12433.182429757851,10551.509535656824,105.15095356568236,0.0,12538.333383323534,15.42,0.6,0.0,0.0,5.0
1669,8,train_0033,12557.74087443835,10517.97066698323,101.79706669832304,0.0,12659.537941136674,15.32,0.56,0.0,0.0,5.0
1670,8,train_0505,12333.63018572471,10658.478710651667,115.8478710651667,0.0,12449.478056789878,16.44,0.7,0.0,0.0,5.0
1671,8,train_0036,12180.544129380862,10659.537695229814,115.95376952298139,0.0,12296.497898903843,16.18,0.58,0.0,0.0,5.0
1672,8,train_0494,12015.83330149959,10522.309324783655,102.2309324783655,0.0,12118.064233977955,16.54,0.58,0.0,0.0,5.0
1673,8,train_0510,12350.213688891672,10941.127451285163,144.11274512851634,0.0,12494.326434020188,16.54,0.54,0.0,0.0,5.0
1674,8,train_0097,12102.323875201357,10400.407765803908,90.04077658039078,0.0,12192.364651781747,16.66,0.66,0.0,0.0,5.0
1675,8,train_0004,12168.874799799689,10710.15066789448,121.01506678944807,0.0,12289.889866589137,17.9,0.74,0.0,0.0,5.0
1676,8,train_0577,13004.447758047738,11122.557461825952,162.25574618259526,0.0,13166.703504230332,16.14,0.48,0.0,0.0,5.0
1677,8,train_0388,12330.276544657663,10445.475346987612,94.54753469876124,0.0,12424.824079356424,15.22,0.66,0.0,0.0,5.0
1678,8,train_0349,11959.522616465574,10149.490020618894,64.9490020618894,0.0,12024.471618527463,16.1,0.5,0.0,0.0,5.0
1679,8,train_0365,12835.82151619813,10535.7728918881,103.57728918881003,0.0,12939.39880538694,16.34,0.62,0.0,0.0,5.0
1680,8,train_0453,12041.847971340521,10562.022827627257,106.20228276272574,0.0,12148.050254103247,17.56,0.66,0.0,0.0,5.0
1681,8,train_0352,11888.182677193188,10221.418964503773,72.14189645037732,0.0,11960.324573643566,17.14,0.76,0.0,0.0,5.0
1682,8,train_0455,12607.541724644372,10558.168948791423,105.81689487914228,0.0,12713.358619523515,18.46,0.56,0.0,0.0,5.0
1683,8,train_0275,12413.457676660113,10267.055770836765,76.70557708367652,0.0,12490.163253743789,15.2,0.64,0.0,0.0,5.0
1684,8,train_0013,12100.451362874555,10329.1183144702,82.91183144702009,0.0,12183.363194321575,15.48,0.76,0.0,0.0,5.0
1685,8,train_0038,12198.744037865876,10828.831100263267,132.88311002632673,0.0,12331.627147892203,17.82,0.62,0.0,0.0,5.0
1686,8,train_0452,11957.131723959443,10524.958548920149,102.4958548920149,0.0,12059.627578851458,15.62,0.68,0.0,0.0,5.0
1687,8,train_0115,12656.600309128264,11142.47481216823,164.24748121682296,0.0,12820.847790345088,15.46,0.68,0.0,0.0,5.0
1688,8,train_0060,12233.860784913766,10889.004110622744,138.90041106227437,0.0,12372.76119597604,17.0,0.62,0.0,0.0,5.0
1689,8,train_0416,12027.886840798901,10561.294047673791,106.12940476737913,0.0,12134.01624556628,16.9,0.6,0.0,0.0,5.0
1690,8,train_0095,12149.080045571318,10435.772321740846,93.57723217408457,0.0,12242.657277745402,17.1,0.7,0.0,0.0,5.0
1691,8,train_0534,12400.229567485501,10433.49956155511,93.34995615551107,0.0,12493.579523641012,17.0,0.64,0.0,0.0,5.0
1692,8,train_0187,12006.359367518868,10346.493790703538,84.64937907035383,0.0,12091.008746589221,14.76,0.62,0.0,0.0,5.0
1693,8,train_0289,12463.214331278916,11126.071103507098,162.60711035070983,0.0,12625.821441629625,16.6,0.58,0.0,0.0,5.0
1694,8,train_0260,12032.297491495554,10303.668943518045,80.36689435180452,0.0,12112.664385847358,17.36,0.7,0.0,0.0,5.0
1695,8,train_0234,12206.550586455252,10275.661724099173,77.56617240991727,0.0,12284.11675886517,16.28,0.5,0.0,0.0,5.0
1696,8,train_0369,12142.865340646907,10630.844880907462,113.08448809074616,0.0,12255.949828737654,13.58,0.56,0.0,0.0,5.0
1697,8,train_0500,11984.699163326508,10398.942385419292,89.8942385419292,0.0,12074.593401868437,16.04,0.64,0.0,0.0,5.0
1698,8,train_0146,12241.113822471463,10645.576428846533,114.55764288465326,0.0,12355.671465356116,14.78,0.72,0.0,0.0,5.0
1699,8,train_0024,11807.243268288858,10282.11379452255,78.21137945225492,0.0,11885.454647741113,16.68,0.62,0.0,0.0,5.0
1700,8,train_0436,12361.293068601462,10675.97757605758,117.59775760575795,0.0,12478.89082620722,15.64,0.54,0.0,0.0,5.0
1701,8,train_0359,12265.312905710345,10566.586272604309,106.65862726043088,0.0,12371.971532970776,15.42,0.68,0.0,0.0,5.0
1702,8,train_0269,11693.50670068978,10299.270682621442,79.92706826214418,0.0,11773.433768951925,15.22,0.68,0.0,0.0,5.0
1703,8,train_0582,12460.908118765388,10689.243693489916,118.9243693489916,0.0,12579.83248811438,14.96,0.66,0.0,0.0,5.0
1704,8,train_0202,12353.210872535616,10539.092872282059,103.90928722820591,0.0,12457.120159763821,15.96,0.62,0.0,0.0,5.0
1705,8,train_0258,12682.14593793781,10643.778851585292,114.37788515852918,0.0,12796.523823096339,16.14,0.6,0.0,0.0,5.0
1706,8,train_0516,12344.893555177421,11006.97520362064,150.69752036206393,0.0,12495.591075539485,14.92,0.6,0.0,0.0,5.0
1707,8,train_0181,11439.258193533402,9889.19108148567,38.91910814856692,0.0,11478.177301681968,16.48,0.58,0.0,0.0,5.0
1708,8,train_0594,12018.50692963541,10348.462172507221,84.84621725072212,0.0,12103.353146886133,17.48,0.52,0.0,0.0,5.0
1709,8,train_0223,12149.692831282428,10271.785605513933,77.17856055139328,0.0,12226.871391833822,14.8,0.7,0.0,0.0,5.0
1710,8,train_0440,12764.33184886357,10608.030819864973,110.80308198649728,0.0,12875.134930850068,16.04,0.8,0.0,0.0,5.0
1711,8,train_0344,12140.846205954404,10529.103925933261,102.91039259332611,0.0,12243.75659854773,15.3,0.64,0.0,0.0,5.0
1712,8,train_0466,12550.949612308512,10495.034608703798,99.5034608703798,0.0,12650.453073178891,17.46,0.52,0.0,0.0,5.0
1713,8,train_0529,12272.657462453004,10612.266677933036,111.22666779330358,0.0,12383.884130246308,16.78,0.58,0.0,0.0,5.0
1714,8,train_0093,11866.053464547002,10280.55502895782,78.05550289578206,0.0,11944.108967442784,18.46,0.58,0.0,0.0,5.0
1715,8,train_0437,11336.74956168646,9923.342027145085,42.33420271450851,0.0,11379.083764400968,16.02,0.58,0.0,0.0,5.0
1716,8,train_0251,12230.723678868208,10587.664544869298,108.7664544869298,0.0,12339.490133355137,15.56,0.54,0.0,0.0,5.0
1717,8,train_0205,12662.46157263235,10692.055559593238,119.20555595932383,0.0,12781.667128591675,16.62,0.62,0.0,0.0,5.0
1718,8,train_0459,12319.943958507687,10423.26244361871,92.32624436187108,0.0,12412.270202869558,16.82,0.56,0.0,0.0,5.0
1719,8,train_0229,12448.601337883789,10774.428698900821,127.44286989008215,0.0,12576.044207773872,15.3,0.62,0.0,0.0,5.0
1720,8,train_0099,11720.830320000394,10329.662861163493,82.96628611634934,0.0,11803.796606116743,17.36,0.6,0.0,0.0,5.0
1721,8,train_0381,12152.08128135126,10097.501907762058,59.75019077620582,0.0,12211.831472127466,15.02,0.6,0.0,0.0,5.0
1722,8,train_0568,12517.649128509867,10866.40839553973,136.6408395539729,0.0,12654.28996806384,15.68,0.6,0.0,0.0,5.0
1723,8,train_0376,11884.402990315391,10531.996858539733,103.19968585397328,0.0,11987.602676169365,16.78,0.56,0.0,0.0,5.0
1724,8,train_0188,12482.31999416441,10590.858386048161,109.08583860481613,0.0,12591.405832769227,13.5,0.6,0.0,0.0,5.0
1725,8,train_0068,12292.453334046553,10619.599439038453,111.95994390384531,0.0,12404.413277950398,15.42,0.46,0.0,0.0,5.0
1726,8,train_0157,12153.924300603852,10437.237642470358,93.7237642470358,0.0,12247.648064850888,14.72,0.64,0.0,0.0,5.0
1727,8,train_0346,12739.92508523145,10675.95734407395,117.59573440739496,0.0,12857.520819638845,17.58,0.52,0.0,0.0,5.0
1728,8,train_0161,12192.830340488708,10646.360156259287,114.63601562592868,0.0,12307.466356114637,15.84,0.62,0.0,0.0,5.0
1729,8,train_0448,12131.145724302192,10460.299885588745,96.02998855887455,0.0,12227.175712861066,14.62,0.56,0.0,0.0,5.0
1730,8,train_0223,12013.667702576504,10411.945577586135,91.19455775861353,0.0,12104.862260335118,14.94,0.62,0.0,0.0,5.0
1731,8,train_0076,12373.42825117855,10359.743420645207,85.97434206452073,0.0,12459.40259324307,17.08,0.64,0.0,0.0,5.0
1732,8,train_0388,12303.43171158313,10744.345438215092,124.43454382150922,0.0,12427.86625540464,15.94,0.62,0.0,0.0,5.0
1733,8,train_0465,12384.047702285477,10804.770803289392,130.47708032893917,0.0,12514.524782614417,16.58,0.64,0.0,0.0,5.0
1734,8,train_0533,12023.003492403699,9927.809795875914,42.78097958759136,0.0,12065.78447199129,15.64,0.6,0.0,0.0,5.0
1735,8,train_0089,12211.554245688963,10795.42090273328,129.542090273328,0.0,12341.096335962291,14.28,0.64,0.0,0.0,5.0
1736,8,train_0484,12171.771957332703,10496.170877734905,99.6170877734905,0.0,12271.389045106194,13.56,0.64,0.0,0.0,5.0
1737,8,train_0051,12110.49734533756,10758.115821203772,125.81158212037718,0.0,12236.308927457938,17.34,0.6,0.0,0.0,5.0
1738,8,train_0558,12759.526154546409,10789.67401226491,128.96740122649098,0.0,12888.4935557729,16.0,0.52,0.0,0.0,5.0
1739,8,train_0334,12354.84897087721,10481.670834007486,98.16708340074857,0.0,12453.01605427796,16.08,0.64,0.0,0.0,5.0
1740,8,train_0097,12074.393565750073,10658.5522602227,115.85522602226993,0.0,12190.248791772343,17.48,0.62,0.0,0.0,5.0
1741,8,train_0468,11954.774336993054,10336.565625370644,83.65656253706439,0.0,12038.430899530118,14.74,0.6,0.0,0.0,5.0
1742,8,train_0485,11948.905553323926,10093.454366038104,59.34543660381041,0.0,12008.250989927736,16.44,0.56,0.0,0.0,5.0
1743,8,train_0369,12086.317962452564,10527.140146851554,102.71401468515542,0.0,12189.03197713772,15.02,0.66,0.0,0.0,5.0
1744,8,train_0269,11795.449368676032,10239.59766542693,73.95976654269307,0.0,11869.409135218726,14.92,0.6,0.0,0.0,5.0
1745,8,train_0364,12277.297796392853,10440.723106347194,94.07231063471937,0.0,12371.370107027573,18.2,0.6,0.0,0.0,5.0
1746,8,train_0457,12333.34823497501,10613.026776488086,111.30267764880864,0.0,12444.65091262382,17.28,0.6,0.0,0.0,5.0
1747,8,train_0055,12479.657579175917,10449.160313822296,94.91603138222963,0.0,12574.573610558147,14.42,0.64,0.0,0.0,5.0
1748,8,train_0006,12164.246565439005,10443.826203897106,94.38262038971061,0.0,12258.629185828715,14.9,0.62,0.0,0.0,5.0
1749,8,train_0347,12402.923798829805,10398.496432246584,89.8496432246584,0.0,12492.773442054462,15.86,0.64,0.0,0.0,5.0
1750,8,train_0501,12308.69435058134,10595.928839141103,109.59288391411029,0.0,12418.28723449545,19.26,0.66,0.0,0.0,5.0
1751,8,train_0308,12190.379805176586,10187.005338873394,68.7005338873394,0.0,12259.080339063925,16.06,0.54,0.0,0.0,5.0
1752,8,train_0011,11825.286667181455,10488.326651888256,98.83266518882556,0.0,11924.119332370281,15.98,0.58,0.0,0.0,5.0
1753,8,train_0008,12114.835727645588,10789.647784506244,128.96477845062438,0.0,12243.800506096213,13.36,0.78,0.0,0.0,5.0
1754,8,train_0363,12418.230993033525,10599.67105371425,109.96710537142499,0.0,12528.19809840495,15.1,0.62,0.0,0.0,5.0
1755,8,train_0459,12034.88117535201,10789.41649186123,128.94164918612296,0.0,12163.822824538132,18.38,0.62,0.0,0.0,5.0
1756,8,train_0321,12153.17457165481,10481.145558034663,98.11455580346629,0.0,12251.289127458276,18.78,0.7,0.0,0.0,5.0
1757,8,train_0131,12696.319190892018,11025.384149167558,152.53841491675576,0.0,12848.857605808775,16.32,0.76,0.0,0.0,5.0
1758,8,train_0156,12219.799124187548,10326.487005971332,82.64870059713321,0.0,12302.447824784682,16.62,0.56,0.0,0.0,5.0
1759,8,train_0278,12430.386548232593,10324.679492495412,82.4679492495412,0.0,12512.854497482134,16.74,0.6,0.0,0.0,5.0
1760,8,train_0082,12364.701474614849,10939.65008538109,143.96500853810903,0.0,12508.666483152958,15.78,0.64,0.0,0.0,5.0
1761,8,train_0274,12096.134722764662,11048.789352566784,154.87893525667843,0.0,12251.01365802134,15.34,0.64,0.0,0.0,5.0
1762,8,train_0094,11979.139392860652,10201.578171252637,70.15781712526369,0.0,12049.297209985916,13.96,0.56,0.0,0.0,5.0
1763,8,train_0408,11796.287306090384,10366.433958052463,86.6433958052463,0.0,11882.93070189563,15.28,0.64,0.0,0.0,5.0
1764,8,train_0438,12192.80395637549,10556.737864601877,105.6737864601877,0.0,12298.477742835677,15.8,0.56,0.0,0.0,5.0
1765,8,train_0517,12377.18992992551,10660.707290882172,116.0707290882172,0.0,12493.260659013726,17.32,0.74,0.0,0.0,5.0
1766,8,train_0121,12188.84372312741,10474.359630127405,97.43596301274047,0.0,12286.27968614015,15.2,0.52,0.0,0.0,5.0
1767,8,train_0468,12181.239706251423,10122.368554974943,62.236855497494254,0.0,12243.476561748917,15.0,0.54,0.0,0.0,5.0
1768,8,train_0494,12137.84514939265,10310.005622830635,81.00056228306349,0.0,12218.845711675713,17.22,0.72,0.0,0.0,5.0
1769,8,train_0127,12279.066811205463,10497.942499289076,99.79424992890763,0.0,12378.86106113437,16.24,0.58,0.0,0.0,5.0
1770,8,train_0532,12089.693804416494,10291.883349012609,79.1883349012609,0.0,12168.882139317755,15.38,0.68,0.0,0.0,5.0
1771,8,train_0137,12134.420745522446,10247.487528664486,74.74875286644856,0.0,12209.169498388894,17.52,0.76,0.0,0.0,5.0
1772,8,train_0171,12438.860657992487,11070.819491947348,157.08194919473482,0.0,12595.942607187222,16.22,0.58,0.0,0.0,5.0
1773,8,train_0257,12249.381479844957,10731.257681186256,123.12576811862564,0.0,12372.507247963582,15.58,0.54,0.0,0.0,5.0
1774,8,train_0489,11736.865707648698,10325.662224174272,82.56622241742717,0.0,11819.431930066125,17.64,0.6,0.0,0.0,5.0
1775,8,train_0219,12229.183991265767,10405.277133460817,90.5277133460817,0.0,12319.71170461185,16.9,0.66,0.0,0.0,5.0
1776,8,train_0483,12578.216213145122,10999.490983047777,149.94909830477772,0.0,12728.1653114499,15.78,0.62,0.0,0.0,5.0
1777,8,train_0431,12099.514103018282,10364.275330650355,86.42753306503546,0.0,12185.941636083318,16.42,0.64,0.0,0.0,5.0
1778,8,train_0349,12092.636387565439,10258.1219988909,75.81219988908997,0.0,12168.448587454528,14.64,0.68,0.0,0.0,5.0
1779,8,train_0328,12035.598287584926,10747.63237604644,124.76323760464402,0.0,12160.36152518957,15.72,0.62,0.0,0.0,5.0
1780,8,train_0296,12377.465482002417,10776.540240618804,127.65402406188042,0.0,12505.119506064297,14.22,0.66,0.0,0.0,5.0
1781,8,train_0270,12250.259991023573,10494.330027578057,99.43300275780567,0.0,12349.692993781378,15.4,0.56,0.0,0.0,5.0
1782,8,train_0183,12325.186334448887,10366.154438711867,86.61544387118666,0.0,12411.801778320074,14.88,0.7,0.0,0.0,5.0
1783,8,train_0362,11868.409517872577,10610.80958633556,111.08095863355594,0.0,11979.490476506133,15.18,0.56,0.0,0.0,5.0
1784,8,train_0033,12549.173129203653,10835.613154266302,133.56131542663024,0.0,12682.734444630283,15.92,0.58,0.0,0.0,5.0
1785,8,train_0228,12188.028436858951,10143.176658122688,64.31766581226876,0.0,12252.34610267122,14.06,0.58,0.0,0.0,5.0
1786,8,train_0268,12400.727574187164,10683.405002363776,118.34050023637757,0.0,12519.068074423541,16.44,0.64,0.0,0.0,5.0
1787,8,train_0514,12317.123361539307,10217.627836257514,71.7627836257514,0.0,12388.886145165057,15.82,0.66,0.0,0.0,5.0
1788,8,train_0534,12257.300830470704,10335.64126779433,83.564126779433,0.0,12340.864957250136,14.58,0.6,0.0,0.0,5.0
1789,8,train_0448,12065.785763856347,10437.585822150035,93.75858221500349,0.0,12159.54434607135,14.7,0.62,0.0,0.0,5.0
1790,8,train_0107,12729.090286138535,10455.329952854738,95.53299528547377,0.0,12824.623281424008,15.36,0.58,0.0,0.0,5.0
1791,8,train_0477,12110.873314533124,10295.138478319634,79.51384783196336,0.0,12190.387162365088,14.6,0.5,0.0,0.0,5.0
1792,8,train_0473,12095.549850261776,10341.80135304846,84.18013530484605,0.0,12179.729985566622,17.36,0.56,0.0,0.0,5.0
1793,8,train_0594,11894.799236709552,10153.17866740061,65.31786674006108,0.0,11960.117103449613,17.14,0.66,0.0,0.0,5.0
1794,8,train_0363,12768.196220184458,10640.241668061699,114.02416680616989,0.0,12882.220386990628,14.78,0.66,0.0,0.0,5.0
1795,8,train_0412,12015.982396978325,10390.708278331342,89.07082783313417,0.0,12105.05322481146,14.74,0.64,0.0,0.0,5.0
1796,8,train_0189,12185.190847108646,10269.856496666212,76.98564966662126,0.0,12262.176496775268,14.52,0.68,0.0,0.0,5.0
1797,8,train_0391,11936.757780053249,10736.905612818911,123.69056128189114,0.0,12060.44834133514,14.18,0.62,0.0,0.0,5.0
1798,8,train_0300,11892.939963894636,10271.208624882373,77.12086248823726,0.0,11970.060826382873,14.66,0.58,0.0,0.0,5.0
1799,8,train_0459,12024.15777075104,10581.530268789717,108.15302687897166,0.0,12132.310797630013,17.16,0.54,0.0,0.0,5.0
1800,8,train_0035,12649.815800673714,11143.967974627962,164.39679746279617,0.0,12814.21259813651,16.18,0.6,0.0,0.0,5.0
1801,8,train_0379,12799.790773890372,10985.70737624976,148.57073762497603,0.0,12948.361511515348,13.52,0.52,0.0,0.0,5.0
1802,8,train_0353,11973.624707323448,10365.453719554185,86.54537195541853,0.0,12060.170079278867,16.08,0.5,0.0,0.0,5.0
1803,8,train_0573,11976.77261059873,10431.71229465923,93.17122946592299,0.0,12069.943840064652,17.08,0.7,0.0,0.0,5.0
1804,8,train_0594,11809.251537339824,10388.747669007738,88.87476690077384,0.0,11898.126304240597,18.84,0.52,0.0,0.0,5.0
1805,8,train_0243,12303.210045326172,10741.991445711685,124.19914457116847,0.0,12427.40918989734,18.38,0.78,0.0,0.0,5.0
1806,8,train_0315,12579.882266813622,11023.206126297388,152.32061262973875,0.0,12732.20287944336,15.9,0.62,0.0,0.0,5.0
1807,8,train_0221,12419.990162726128,10577.24662019376,107.72466201937605,0.0,12527.714824745504,15.5,0.66,0.0,0.0,5.0
1808,8,train_0029,12250.806582474077,10576.621471924094,107.66214719240944,0.0,12358.468729666487,16.36,0.56,0.0,0.0,5.0
1809,8,train_0051,12525.599944426112,10388.72980721371,88.87298072137092,0.0,12614.472925147484,17.96,0.62,0.0,0.0,5.0
1810,8,train_0055,12224.44043874774,10674.235550338375,117.42355503383752,0.0,12341.863993781579,14.8,0.52,0.0,0.0,5.0
1811,8,train_0565,12903.785287027978,10670.812251126006,117.08122511260063,0.0,13020.86651214058,15.42,0.64,0.0,0.0,5.0
1812,8,train_0248,12434.61368116344,10420.854969020384,92.08549690203836,0.0,12526.699178065479,15.7,0.7,0.0,0.0,5.0
1813,8,train_0049,12164.593237329129,10780.693532204865,128.06935322048648,0.0,12292.662590549615,14.96,0.66,0.0,0.0,5.0
1814,8,train_0164,11882.244668181456,10488.37403672035,98.83740367203501,0.0,11981.08207185349,13.78,0.62,0.0,0.0,5.0
1815,8,train_0546,12183.216938031352,10703.831706327892,120.38317063278919,0.0,12303.60010866414,18.68,0.66,0.0,0.0,5.0
1816,8,train_0448,12368.362694836103,10192.084808070638,69.20848080706382,0.0,12437.571175643166,15.06,0.66,0.0,0.0,5.0
1817,8,train_0212,12217.150510070853,10380.511494375614,88.05114943756143,0.0,12305.201659508413,15.64,0.68,0.0,0.0,5.0
1818,8,train_0209,11891.868181099966,10447.25480478433,94.72548047843303,0.0,11986.5936615784,16.32,0.52,0.0,0.0,5.0
1819,8,train_0594,11932.802443035906,10523.753066108919,102.37530661089187,0.0,12035.177749646797,18.52,0.64,0.0,0.0,5.0
1820,8,train_0250,12252.047898381305,10705.470214759898,120.54702147598982,0.0,12372.594919857294,15.72,0.6,0.0,0.0,5.0
1821,8,train_0078,12240.039572168505,10322.814994712098,82.28149947120983,0.0,12322.321071639715,13.9,0.72,0.0,0.0,5.0
1822,8,train_0402,12257.973415545242,10837.288435383656,133.72884353836562,0.0,12391.702259083608,18.16,0.68,0.0,0.0,5.0
1823,8,train_0145,12213.102344911564,10429.653676453025,92.96536764530248,0.0,12306.067712556865,13.86,0.66,0.0,0.0,5.0
1824,8,train_0381,11930.72633795975,10661.26290349956,116.12629034995608,0.0,12046.852628309705,16.04,0.7,0.0,0.0,5.0
1825,8,train_0474,12514.943420888892,10460.490795517175,96.04907955171748,0.0,12610.99250044061,15.52,0.52,0.0,0.0,5.0
1826,8,train_0340,12201.361133323815,10631.14554582883,113.11455458288293,0.0,12314.475687906697,16.62,0.72,0.0,0.0,5.0
1827,8,train_0233,12832.068573079128,10669.35672272394,116.93567227239402,0.0,12949.004245351522,16.46,0.56,0.0,0.0,5.0
1828,8,train_0366,12052.365897539152,10771.324156908831,127.13241569088314,0.0,12179.498313230035,16.52,0.64,0.0,0.0,5.0
1829,8,train_0264,12025.270341683361,10257.254135417515,75.72541354175155,0.0,12100.995755225113,15.64,0.66,0.0,0.0,5.0
1830,8,train_0363,12323.220152129747,10464.98338208747,96.49833820874701,0.0,12419.718490338493,16.36,0.7,0.0,0.0,5.0
1831,8,train_0120,11949.133064686766,10315.490990390477,81.54909903904773,0.0,12030.682163725814,17.08,0.6,0.0,0.0,5.0
1832,8,train_0456,12417.91350763511,10452.999160882802,95.29991608828023,0.0,12513.213423723391,14.86,0.62,0.0,0.0,5.0
1833,8,train_0093,11862.798606771014,10325.929352406161,82.59293524061614,0.0,11945.39154201163,18.26,0.66,0.0,0.0,5.0
1834,8,train_0171,12566.85084496019,11071.660327162117,157.1660327162117,0.0,12724.016877676402,17.52,0.64,0.0,0.0,5.0
1835,8,train_0515,12218.146333988243,10454.368289561622,95.43682895616222,0.0,12313.583162944406,18.56,0.58,0.0,0.0,5.0
1836,8,train_0318,12171.941798804142,10406.099371222263,90.60993712222626,0.0,12262.551735926369,17.42,0.72,0.0,0.0,5.0
1837,8,train_0355,12321.798710296527,10867.262163118048,136.72621631180482,0.0,12458.524926608332,16.22,0.66,0.0,0.0,5.0
1838,8,train_0413,12624.29681317111,10954.230395411028,145.42303954110284,0.0,12769.719852712213,16.0,0.58,0.0,0.0,5.0
1839,8,train_0471,12277.076648248556,10667.2958211968,116.72958211967999,0.0,12393.806230368236,15.8,0.82,0.0,0.0,5.0
1840,9,train_0048,12279.325692417213,10700.511520332715,120.0511520332715,0.0,12399.376844450484,14.06,0.62,0.0,0.0,5.0
1841,9,train_0219,12478.276676800218,10448.15267640935,94.81526764093506,0.0,12573.091944441154,16.68,0.66,0.0,0.0,5.0
1842,9,train_0441,12033.645907024766,10611.590583837187,111.15905838371873,0.0,12144.804965408484,16.42,0.62,0.0,0.0,5.0
1843,9,train_0292,12121.963183680367,10659.319915402175,115.9319915402175,0.0,12237.895175220585,17.18,0.64,0.0,0.0,5.0
1844,9,train_0274,12205.132471826899,10885.76461880935,138.57646188093494,0.0,12343.708933707834,17.0,0.78,0.0,0.0,5.0
1845,9,train_0549,12688.265288560313,10599.321799006848,109.93217990068479,0.0,12798.197468460998,16.94,0.64,0.0,0.0,5.0
1846,9,train_0579,12488.438774298553,10424.212289495823,92.4212289495823,0.0,12580.860003248135,16.7,0.72,0.0,0.0,5.0
1847,9,train_0543,12570.790201442709,10623.118768060318,112.3118768060318,0.0,12683.102078248741,15.56,0.66,0.0,0.0,5.0
1848,9,train_0031,12025.941300171591,10364.295560977953,86.42955609779528,0.0,12112.370856269386,16.76,0.66,0.0,0.0,5.0
1849,9,train_0357,11972.332104314384,10330.774306689655,83.07743066896546,0.0,12055.40953498335,15.54,0.52,0.0,0.0,5.0
1850,9,train_0080,12371.498409886917,10770.542853043418,127.05428530434183,0.0,12498.55269519126,13.78,0.66,0.0,0.0,5.0
1851,9,train_0408,12116.789847376604,10289.787134513095,78.97871345130953,0.0,12195.768560827913,15.2,0.58,0.0,0.0,5.0
1852,9,train_0149,12523.299132077635,10465.170325337363,96.51703253373636,0.0,12619.816164611371,15.88,0.64,0.0,0.0,5.0
1853,9,train_0044,12567.146747562365,10869.346986191209,136.9346986191209,0.0,12704.081446181486,16.08,0.64,0.0,0.0,5.0
1854,9,train_0390,12579.12677745936,10613.250070104374,111.32500701043737,0.0,12690.451784469797,16.72,0.62,0.0,0.0,5.0
1855,9,train_0206,12448.194547200663,10445.891630271257,94.5891630271257,0.0,12542.783710227788,13.52,0.56,0.0,0.0,5.0
1856,9,train_0557,12033.864596237003,10403.331592899514,90.33315928995144,0.0,12124.197755526955,15.46,0.62,0.0,0.0,5.0
1857,9,train_0340,12292.360647180805,10506.284208290048,100.6284208290048,0.0,12392.98906800981,16.56,0.7,0.0,0.0,5.0
1858,9,train_0060,12742.708177292065,10463.867663192115,96.38676631921153,0.0,12839.094943611277,17.56,0.66,0.0,0.0,5.0
1859,9,train_0265,12843.31488464674,9819.722358509198,31.972235850919787,0.0,12875.287120497658,15.74,0.58,0.0,0.0,5.0
1860,9,train_0501,12392.604369315502,10923.383463309743,142.3383463309743,0.0,12534.942715646477,17.88,0.66,0.0,0.0,5.0
1861,9,train_0184,11996.002860804485,10581.3595791585,108.13595791584994,0.0,12104.138818720336,16.76,0.62,0.0,0.0,5.0
1862,9,train_0401,12009.725629852654,10167.577069030136,66.75770690301361,0.0,12076.483336755668,17.64,0.58,0.0,0.0,5.0
1863,9,train_0421,12662.369283565766,10715.855623748523,121.58556237485227,0.0,12783.954845940618,14.36,0.76,0.0,0.0,5.0
1864,9,train_0175,11902.647187972438,10692.908562907061,119.29085629070615,0.0,12021.938044263145,16.52,0.74,0.0,0.0,5.0
1865,9,train_0141,12777.193603993856,10470.281182899178,97.02811828991781,0.0,12874.221722283773,14.28,0.62,0.0,0.0,5.0
1866,9,train_0445,13007.725569870454,10955.219143255896,145.52191432558956,0.0,13153.247484196043,19.24,0.64,0.0,0.0,5.0
1867,9,train_0546,12280.485676871524,10531.800278552693,103.18002785526933,0.0,12383.665704726793,20.32,0.76,0.0,0.0,5.0
1868,9,train_0241,12076.207838622988,10325.340901111986,82.53409011119857,0.0,12158.741928734187,14.34,0.74,0.0,0.0,5.0
1869,9,train_0124,12105.480838622283,10853.673620337795,135.3673620337795,0.0,12240.848200656063,16.94,0.74,0.0,0.0,5.0
1870,9,train_0312,12186.177709781805,10364.608917406713,86.46089174067129,0.0,12272.638601522476,17.16,0.6,0.0,0.0,5.0
1871,9,train_0430,12186.428761265614,10250.656299047903,75.06562990479033,0.0,12261.494391170403,14.5,0.66,0.0,0.0,5.0
1872,9,train_0357,11942.779820504798,10258.826894034526,75.8826894034526,0.0,12018.66250990825,13.52,0.72,0.0,0.0,5.0
1873,9,train_0296,12537.732306129841,10379.228765574047,87.92287655740475,0.0,12625.655182687246,15.86,0.58,0.0,0.0,5.0
1874,9,train_0118,12311.6743516381,10303.210005689944,80.32100056899435,0.0,12391.995352207094,14.52,0.58,0.0,0.0,5.0
1875,9,train_0439,12325.98259873259,10412.908768956133,91.2908768956133,0.0,12417.273475628203,14.38,0.64,0.0,0.0,5.0
1876,9,train_0337,11864.296444118208,10300.735020589938,80.07350205899384,0.0,11944.369946177203,18.1,0.52,0.0,0.0,5.0
1877,9,train_0243,12327.523899105961,10654.752149440985,115.47521494409848,0.0,12442.99911405006,18.2,0.62,0.0,0.0,5.0
1878,9,train_0397,12173.879673351148,10196.013853783552,69.60138537835519,0.0,12243.481058729503,15.02,0.6,0.0,0.0,5.0
1879,9,train_0212,11870.385406075588,10372.532513795208,87.25325137952078,0.0,11957.638657455109,14.18,0.54,0.0,0.0,5.0
1880,9,train_0101,12070.169508003102,10730.496292742748,123.04962927427478,0.0,12193.219137277378,16.92,0.74,0.0,0.0,5.0
1881,9,train_0386,12255.691440309944,10546.32260902366,104.63226090236604,0.0,12360.32370121231,13.24,0.58,0.0,0.0,5.0
1882,9,train_0162,11755.902655165944,10082.762915439482,58.276291543948176,0.0,11814.178946709893,15.0,0.72,0.0,0.0,5.0
1883,9,train_0577,12941.520724161051,10819.430648684829,131.9430648684829,0.0,13073.463789029534,16.3,0.48,0.0,0.0,5.0
1884,9,train_0194,12551.42205318458,10318.702964089414,81.87029640894144,0.0,12633.292349593521,16.28,0.56,0.0,0.0,5.0
1885,9,train_0413,12565.499704631817,10971.409287296674,147.1409287296674,0.0,12712.640633361483,15.42,0.74,0.0,0.0,5.0
1886,9,train_0117,11869.907599290524,10369.677106308953,86.96771063089528,0.0,11956.87530992142,17.76,0.6,0.0,0.0,5.0
1887,9,train_0009,12091.081211024179,10906.72362039537,140.6723620395371,0.0,12231.753573063716,16.78,0.64,0.0,0.0,5.0
1888,9,train_0590,12076.567269100658,10557.988656222082,105.79886562220818,0.0,12182.366134722866,17.16,0.54,0.0,0.0,5.0
1889,9,train_0018,12659.34856320044,10388.427683488495,88.8427683488495,0.0,12748.19133154929,16.7,0.62,0.0,0.0,5.0
1890,9,train_0003,11805.096913155121,10501.748990263435,100.17489902634352,0.0,11905.271812181465,16.7,0.58,0.0,0.0,5.0
1891,9,train_0127,12437.95785908866,10632.079255264947,113.20792552649473,0.0,12551.165784615154,14.38,0.68,0.0,0.0,5.0
1892,9,train_0047,11983.07032059838,10352.744517527326,85.2744517527326,0.0,12068.344772351113,15.26,0.68,0.0,0.0,5.0
1893,9,train_0211,12143.500595662555,10828.284192448455,132.82841924484546,0.0,12276.329014907402,15.92,0.8,0.0,0.0,5.0
1894,9,train_0454,12771.840452278928,11178.959158252532,167.89591582525318,0.0,12939.73636810418,16.16,0.7,0.0,0.0,5.0
1895,9,train_0095,12045.997205356995,10628.503600922562,112.85036009225624,0.0,12158.84756544925,16.64,0.74,0.0,0.0,5.0
1896,9,train_0598,12146.060152431199,10441.649272874785,94.16492728747853,0.0,12240.225079718677,14.08,0.54,0.0,0.0,5.0
1897,9,train_0572,12492.381728753156,10693.472610041066,119.34726100410663,0.0,12611.728989757263,12.94,0.62,0.0,0.0,5.0
1898,9,train_0236,11939.323801072418,10683.218911883825,118.32189118838251,0.0,12057.645692260801,18.82,0.78,0.0,0.0,5.0
1899,9,train_0159,11833.1453856094,9908.269751043928,40.826975104392844,0.0,11873.972360713793,16.36,0.74,0.0,0.0,5.0
1900,9,train_0060,12441.936455884843,10512.98305058511,101.29830505851096,0.0,12543.234760943355,15.42,0.66,0.0,0.0,5.0
1901,9,train_0275,12410.507965025652,10310.656013066951,81.06560130669514,0.0,12491.573566332347,14.62,0.62,0.0,0.0,5.0
1902,9,train_0337,11944.983514788437,10342.476303751268,84.24763037512676,0.0,12029.231145163563,16.82,0.52,0.0,0.0,5.0
1903,9,train_0084,11969.423564524872,10313.466675947522,81.34666759475222,0.0,12050.770232119625,16.26,0.62,0.0,0.0,5.0
1904,9,train_0580,12229.439923294845,11017.030615620315,151.7030615620315,0.0,12381.142984856877,14.98,0.72,0.0,0.0,5.0
1905,9,train_0183,12454.771919455425,10724.03414187838,122.40341418783792,0.0,12577.175333643263,15.22,0.7,0.0,0.0,5.0
1906,9,train_0361,12259.203762394842,10779.097915392042,127.90979153920416,0.0,12387.113553934047,17.06,0.6,0.0,0.0,5.0
1907,9,train_0327,12484.839007264865,10688.298068901302,118.82980689013021,0.0,12603.668814154995,18.16,0.66,0.0,0.0,5.0
1908,9,train_0413,12353.610276980062,10890.80917376082,139.08091737608194,0.0,12492.691194356144,15.32,0.66,0.0,0.0,5.0
1909,9,train_0251,12181.616224007354,10575.998137433597,107.59981374335968,0.0,12289.216037750713,14.72,0.78,0.0,0.0,5.0
1910,9,train_0515,12295.947272354406,10633.704216269933,113.37042162699328,0.0,12409.317693981398,16.24,0.74,0.0,0.0,5.0
1911,9,train_0053,12247.326086869907,10770.80640298759,127.08064029875896,0.0,12374.406727168665,15.8,0.76,0.0,0.0,5.0
1912,9,train_0388,12040.370699455492,10855.95249455222,135.59524945522207,0.0,12175.965948910714,14.68,0.5,0.0,0.0,5.0
1913,9,train_0448,12060.59841227617,10599.50676848794,109.95067684879396,0.0,12170.549089124963,14.5,0.52,0.0,0.0,5.0
1914,9,train_0467,12565.073761512787,11100.949048920265,160.09490489202653,0.0,12725.168666404814,15.82,0.62,0.0,0.0,5.0
1915,9,train_0581,12322.709631026826,10290.152157914086,79.01521579140864,0.0,12401.724846818235,17.02,0.72,0.0,0.0,5.0
1916,9,train_0550,12223.796110971523,10335.195726325648,83.51957263256482,0.0,12307.315683604089,17.16,0.76,0.0,0.0,5.0
1917,9,train_0141,12894.89882479508,10427.00551253746,92.70055125374603,0.0,12987.599376048825,13.26,0.66,0.0,0.0,5.0
1918,9,train_0224,12299.561824236269,10374.844930533507,87.48449305335072,0.0,12387.04631728962,15.62,0.72,0.0,0.0,5.0
1919,9,train_0132,11957.769021007394,10712.000247281023,121.20002472810229,0.0,12078.969045735497,17.0,0.5,0.0,0.0,5.0
1920,9,train_0062,11960.516966168867,10438.532131579479,93.8532131579479,0.0,12054.370179326816,13.62,0.68,0.0,0.0,5.0
1921,9,train_0453,12522.048622111248,9994.917220770152,49.491722077015226,0.0,12571.540344188263,16.5,0.74,0.0,0.0,5.0
1922,9,train_0553,11560.016993604839,9931.26970364401,43.126970364400954,0.0,11603.14396396924,15.1,0.68,0.0,0.0,5.0
1923,9,train_0272,12253.334161278855,10478.276388004688,97.82763880046878,0.0,12351.161800079324,14.54,0.58,0.0,0.0,5.0
1924,9,train_0540,12464.099855197861,10563.820903412021,106.3820903412021,0.0,12570.481945539063,16.0,0.56,0.0,0.0,5.0
1925,9,train_0024,11766.777520460331,10238.975049677672,73.89750496776723,0.0,11840.675025428098,16.28,0.6,0.0,0.0,5.0
1926,9,train_0455,12474.127001432385,10676.307182582195,117.63071825821953,0.0,12591.757719690606,17.1,0.6,0.0,0.0,5.0
1927,9,train_0028,12224.228848994386,10648.641540344648,114.86415403446482,0.0,12339.093003028851,17.72,0.64,0.0,0.0,5.0
1928,9,train_0381,12069.863647081165,10318.143671806103,81.81436718061032,0.0,12151.678014261775,15.26,0.6,0.0,0.0,5.0
1929,9,train_0588,12151.3614916468,10454.520030045174,95.45200300451744,0.0,12246.813494651316,17.28,0.62,0.0,0.0,5.0
1930,9,train_0236,11961.497567700644,10872.284629746027,137.22846297460273,0.0,12098.726030675247,18.0,0.88,0.0,0.0,5.0
1931,9,train_0434,12493.493949577807,10819.721714287949,131.9721714287949,0.0,12625.466121006602,14.18,0.58,0.0,0.0,5.0
1932,9,train_0468,11946.688172439977,10529.56582818093,102.95658281809301,0.0,12049.64475525807,15.3,0.66,0.0,0.0,5.0
1933,9,train_0309,12405.267594797671,10643.699228813866,114.36992288138663,0.0,12519.637517679057,14.0,0.6,0.0,0.0,5.0
1934,9,train_0251,11946.62910404606,10765.086134450372,126.5086134450372,0.0,12073.137717491098,14.56,0.52,0.0,0.0,5.0
1935,9,train_0094,11931.485148408472,9870.381400442031,37.038140044203104,0.0,11968.523288452676,14.58,0.6,0.0,0.0,5.0
1936,9,train_0422,12550.346071921906,10509.12540564004,100.91254056400395,0.0,12651.25861248591,15.9,0.74,0.0,0.0,5.0
1937,9,train_0546,12316.334709025728,10615.708522383215,111.57085223832146,0.0,12427.90556126405,20.2,0.68,0.0,0.0,5.0
1938,9,train_0225,12055.26465295108,10782.208785109826,128.2208785109826,0.0,12183.485531462064,17.84,0.66,0.0,0.0,5.0
1939,9,train_0225,12428.314209193033,10348.135196848656,84.81351968486561,0.0,12513.127728877898,17.0,0.62,0.0,0.0,5.0
1940,9,train_0107,12340.467991960526,10707.071552425316,120.70715524253156,0.0,12461.175147203057,17.0,0.62,0.0,0.0,5.0
1941,9,train_0196,12288.35151524497,10416.005286802529,91.60052868025286,0.0,12379.952043925223,15.66,0.6,0.0,0.0,5.0
1942,9,train_0375,12314.312646381208,10699.588214042382,119.9588214042382,0.0,12434.271467785446,14.28,0.58,0.0,0.0,5.0
1943,9,train_0474,12447.582353666263,10610.816990251882,111.08169902518821,0.0,12558.66405269145,14.98,0.54,0.0,0.0,5.0
1944,9,train_0561,12194.71008776953,10585.060266321296,108.50602663212959,0.0,12303.216114401659,17.7,0.6,0.0,0.0,5.0
1945,9,train_0490,12014.981794818495,10356.102168163285,85.61021681632847,0.0,12100.592011634824,15.36,0.54,0.0,0.0,5.0
1946,9,train_0304,12455.876332833144,10795.648784789159,129.56487847891586,0.0,12585.44121131206,17.16,0.62,0.0,0.0,5.0
1947,9,train_0011,11913.917449332448,10061.762066024088,56.176206602408826,0.0,11970.093655934857,16.22,0.7,0.0,0.0,5.0
1948,9,train_0115,12255.804926620498,10725.832304871088,122.58323048710882,0.0,12378.388157107607,16.0,0.6,0.0,0.0,5.0
1949,9,train_0330,12122.116712090788,10085.892124282744,58.58921242827437,0.0,12180.705924519063,15.36,0.62,0.0,0.0,5.0
1950,9,train_0376,11840.76128953551,10431.395566374305,93.13955663743054,0.0,11933.90084617294,17.0,0.66,0.0,0.0,5.0
1951,9,train_0210,11939.597829177232,10560.811879238901,106.08118792389014,0.0,12045.679017101122,15.08,0.62,0.0,0.0,5.0
1952,9,train_0350,11900.106607229534,10287.397130730038,78.73971307300381,0.0,11978.846320302539,17.32,0.6,0.0,0.0,5.0
1953,9,train_0582,12515.59023023735,10687.802764042855,118.78027640428554,0.0,12634.370506641637,15.94,0.74,0.0,0.0,5.0
1954,9,train_0445,12776.848040230783,10810.26493330027,131.02649333002702,0.0,12907.874533560811,20.1,0.56,0.0,0.0,5.0
1955,9,train_0188,12055.391894658314,10506.62367477178,100.66236747717795,0.0,12156.054262135493,15.38,0.72,0.0,0.0,5.0
1956,9,train_0588,11982.352085847673,10444.578490880624,94.45784908806236,0.0,12076.809934935736,17.22,0.68,0.0,0.0,5.0
1957,9,train_0180,12677.014001293472,10341.334772093876,84.13347720938765,0.0,12761.147478502859,16.98,0.6,0.0,0.0,5.0
1958,9,train_0085,12404.510450632093,10357.678277179184,85.76782771791841,0.0,12490.278278350012,14.72,0.6,0.0,0.0,5.0
1959,9,train_0395,12045.280643521932,10251.278945099952,75.12789450999517,0.0,12120.408538031927,14.68,0.72,0.0,0.0,5.0
1960,9,train_0439,12240.65501298961,10493.501892120274,99.35018921202737,0.0,12340.005202201637,14.12,0.7,0.0,0.0,5.0
1961,9,train_0542,12106.716158081965,10008.178640770233,50.8178640770233,0.0,12157.534022158989,15.8,0.5,0.0,0.0,5.0
1962,9,train_0054,12113.173541068809,10440.043007945533,94.00430079455327,0.0,12207.177841863362,16.28,0.68,0.0,0.0,5.0
1963,9,train_0385,12387.158512679394,10722.740611090318,122.27406110903176,0.0,12509.432573788426,15.4,0.66,0.0,0.0,5.0
1964,9,train_0578,12266.255714334626,10316.253128056564,81.62531280565636,0.0,12347.881027140282,17.46,0.66,0.0,0.0,5.0
1965,9,train_0335,12584.672734557378,10604.010350476525,110.40103504765248,0.0,12695.073769605031,17.86,0.64,0.0,0.0,5.0
1966,9,train_0518,12225.3900673148,10603.216961528993,110.32169615289932,0.0,12335.7117634677,16.28,0.54,0.0,0.0,5.0
1967,9,train_0072,12479.25191100759,10624.615316572457,112.46153165724573,0.0,12591.713442664835,16.52,0.58,0.0,0.0,5.0
1968,9,train_0007,12948.19064111793,11445.104845379119,194.5104845379119,0.0,13142.701125655842,14.48,0.6,0.0,0.0,5.0
1969,9,train_0154,12376.4868929135,10305.36073043512,80.53607304351209,0.0,12457.02296595701,19.18,0.8,0.0,0.0,5.0
1970,9,train_0546,12037.296124985078,10745.199870909506,124.51998709095061,0.0,12161.816112076029,19.88,0.64,0.0,0.0,5.0
1971,9,train_0479,12767.74887593612,10862.256560894091,136.22565608940914,0.0,12903.97453202553,15.72,0.6,0.0,0.0,5.0
1972,9,train_0440,12492.725634881572,10848.74591813279,134.87459181327904,0.0,12627.60022669485,16.0,0.72,0.0,0.0,5.0
1973,9,train_0081,12366.503872823223,10337.613425748277,83.76134257482772,0.0,12450.26521539805,15.2,0.62,0.0,0.0,5.0
1974,9,train_0563,12296.50001247958,10503.65105004834,100.365105004834,0.0,12396.865117484414,16.28,0.66,0.0,0.0,5.0
1975,9,train_0564,12378.732241823871,10472.149940947196,97.21499409471963,0.0,12475.947235918591,16.24,0.62,0.0,0.0,5.0
1976,9,train_0225,12064.54470350016,10659.535754700568,115.95357547005679,0.0,12180.498278970217,16.54,0.68,0.0,0.0,5.0
1977,9,train_0568,12534.781259240503,10897.724247612114,139.77242476121137,0.0,12674.553684001714,17.6,0.64,0.0,0.0,5.0
1978,9,train_0149,12780.598144167787,10384.169217737799,88.4169217737799,0.0,12869.015065941567,16.12,0.54,0.0,0.0,5.0
1979,9,train_0383,12003.338054927897,10348.105227651366,84.81052276513657,0.0,12088.148577693033,15.66,0.72,0.0,0.0,5.0
1980,9,train_0304,12703.71985943978,10885.929672428447,138.59296724284468,0.0,12842.312826682624,16.68,0.7,0.0,0.0,5.0
1981,9,train_0181,11196.291248783848,9985.814760887237,48.58147608872369,0.0,11244.872724872572,16.08,0.72,0.0,0.0,5.0
1982,9,train_0121,11874.930845479246,10433.203417007204,93.32034170072039,0.0,11968.251187179967,14.84,0.56,0.0,0.0,5.0
1983,9,train_0554,12193.547662539077,10353.109059123324,85.31090591233243,0.0,12278.85856845141,14.14,0.6,0.0,0.0,5.0
1984,9,train_0507,12237.275336995583,10874.84765736843,137.48476573684295,0.0,12374.760102732425,15.82,0.62,0.0,0.0,5.0
1985,9,train_0478,12309.264394909927,10415.834160152914,91.58341601529138,0.0,12400.84781092522,15.92,0.58,0.0,0.0,5.0
1986,9,train_0211,12423.063099058802,10274.174951562525,77.41749515625253,0.0,12500.480594215054,17.0,0.64,0.0,0.0,5.0
1987,9,train_0442,12168.321785007203,10755.471391240691,125.54713912406915,0.0,12293.868924131273,14.24,0.66,0.0,0.0,5.0
1988,9,train_0571,12217.89499407297,10463.559266587166,96.35592665871664,0.0,12314.250920731687,15.52,0.56,0.0,0.0,5.0
1989,9,train_0084,12030.981113150134,10340.74884555308,84.07488455530802,0.0,12115.055997705442,16.08,0.54,0.0,0.0,5.0
1990,9,train_0466,12338.800674890874,10510.017712513025,101.0017712513025,0.0,12439.802446142176,16.66,0.5,0.0,0.0,5.0
1991,9,train_0366,12454.08385724341,10344.115622577141,84.41156225771411,0.0,12538.495419501123,13.22,0.48,0.0,0.0,5.0
1992,9,train_0287,12608.504534864798,10483.214266058269,98.32142660582686,0.0,12706.825961470626,15.44,0.62,0.0,0.0,5.0
1993,9,train_0490,12046.409021198473,10366.361885766406,86.6361885766406,0.0,12133.045209775113,14.5,0.7,0.0,0.0,5.0
1994,9,train_0360,12236.297194152357,10507.183700385922,100.71837003859218,0.0,12337.01556419095,16.92,0.66,0.0,0.0,5.0
1995,9,train_0139,12286.881278904093,10202.124950658936,70.21249506589356,0.0,12357.093773969988,15.32,0.58,0.0,0.0,5.0
1996,9,train_0406,12412.505784205398,10180.07342872819,68.00734287281902,0.0,12480.513127078217,19.48,0.66,0.0,0.0,5.0
1997,9,train_0155,12267.82124882381,10584.827281971047,108.48272819710473,0.0,12376.303977020914,17.5,0.78,0.0,0.0,5.0
1998,9,train_0219,12306.605732308037,10686.020079358172,118.60200793581717,0.0,12425.207740243854,16.68,0.7,0.0,0.0,5.0
1999,9,train_0268,12063.471948225106,10583.608158879362,108.36081588793623,0.0,12171.832764113042,14.76,0.78,0.0,0.0,5.0
2000,9,train_0304,12611.072744222096,10823.168215962189,132.3168215962189,0.0,12743.389565818316,16.8,0.64,0.0,0.0,5.0
2001,9,train_0482,11927.048379226657,10067.135343456033,56.713534345603335,0.0,11983.76191357226,14.2,0.66,0.0,0.0,5.0
2002,9,train_0150,12397.316149587528,10349.019809630912,84.90198096309123,0.0,12482.21813055062,16.78,0.68,0.0,0.0,5.0
2003,9,train_0057,11845.362994800736,10481.01184301573,98.10118430157308,0.0,11943.46417910231,13.52,0.64,0.0,0.0,5.0
2004,9,train_0407,12411.733488878412,10704.632027232645,120.46320272326449,0.0,12532.196691601675,16.92,0.66,0.0,0.0,5.0
2005,9,train_0421,12553.126684094757,10942.408554788233,144.24085547882333,0.0,12697.36753957358,15.92,0.68,0.0,0.0,5.0
2006,9,train_0084,12345.901734442694,10400.009375433114,90.00093754331138,0.0,12435.902671986005,17.1,0.66,0.0,0.0,5.0
2007,9,train_0345,12322.657809434722,10310.60648125436,81.06064812543592,0.0,12403.718457560159,15.28,0.7,0.0,0.0,5.0
2008,9,train_0290,12168.857333558115,10539.141596658987,103.91415966589867,0.0,12272.771493224014,18.38,0.62,0.0,0.0,5.0
2009,9,train_0425,12414.628995375628,11158.395032748485,165.83950327484854,0.0,12580.468498650476,15.32,0.7,0.0,0.0,5.0
2010,9,train_0047,12295.192440056451,10286.206395700285,78.62063957002847,0.0,12373.81307962648,14.14,0.7,0.0,0.0,5.0
2011,9,train_0092,12347.954179985896,10486.462518988781,98.64625189887812,0.0,12446.600431884774,16.2,0.58,0.0,0.0,5.0
2012,9,train_0060,12182.894827016333,10583.42849969195,108.34284996919506,0.0,12291.237676985527,17.2,0.48,0.0,0.0,5.0
2013,9,train_0579,12307.173435384155,10593.570505081576,109.3570505081576,0.0,12416.530485892312,17.06,0.56,0.0,0.0,5.0
2014,9,train_0410,12534.394687174728,10858.839677624106,135.8839677624106,0.0,12670.27865493714,17.62,0.66,0.0,0.0,5.0
2015,9,train_0093,11900.439556848014,10307.097661133334,80.70976611333336,0.0,11981.149322961348,17.8,0.64,0.0,0.0,5.0
2016,9,train_0003,12022.094312451889,10350.472555696153,85.0472555696153,0.0,12107.141568021505,16.98,0.58,0.0,0.0,5.0
2017,9,train_0494,12152.062693539221,10198.534801145845,69.85348011458446,0.0,12221.916173653806,16.62,0.74,0.0,0.0,5.0
2018,9,train_0289,12415.498373446193,10892.607071923307,139.26070719233067,0.0,12554.759080638523,17.54,0.66,0.0,0.0,5.0
2019,9,train_0005,11919.435940303478,10440.142037980911,94.01420379809116,0.0,12013.45014410157,17.4,0.64,0.0,0.0,5.0
2020,9,train_0395,12206.87010207531,10426.050922741828,92.6050922741828,0.0,12299.475194349494,17.12,0.68,0.0,0.0,5.0
2021,9,train_0431,11921.023452812053,10828.672069301021,132.86720693010213,0.0,12053.890659742156,15.68,0.82,0.0,0.0,5.0
2022,9,train_0244,12380.161411841065,10586.677624734832,108.66776247348317,0.0,12488.82917431455,16.24,0.62,0.0,0.0,5.0
2023,9,train_0182,12565.010838801129,10910.738047828403,141.0738047828403,0.0,12706.084643583969,15.7,0.64,0.0,0.0,5.0
2024,9,train_0092,12388.344773792069,10632.743564949622,113.2743564949622,0.0,12501.61913028703,16.3,0.54,0.0,0.0,5.0
2025,9,train_0227,12615.921653592612,10700.207435076056,120.02074350760559,0.0,12735.942397100218,16.22,0.78,0.0,0.0,5.0
2026,9,train_0460,12024.767693829666,10691.04380901061,119.10438090106109,0.0,12143.872074730727,14.54,0.68,0.0,0.0,5.0
2027,9,train_0527,12189.097573887888,10479.668967497015,97.96689674970149,0.0,12287.06447063759,14.68,0.68,0.0,0.0,5.0
2028,9,train_0127,12135.48376578946,10637.545373540146,113.75453735401462,0.0,12249.238303143475,13.16,0.64,0.0,0.0,5.0
2029,9,train_0236,12394.100750788524,10326.300372051113,82.63003720511134,0.0,12476.730787993636,20.2,0.68,0.0,0.0,5.0
2030,9,train_0274,12085.309520590306,10934.586621391696,143.4586621391696,0.0,12228.768182729476,17.58,0.72,0.0,0.0,5.0
2031,9,train_0320,12453.57826522702,10506.150029438151,100.61500294381513,0.0,12554.193268170837,14.9,0.64,0.0,0.0,5.0
2032,9,train_0237,12132.978544941716,10418.373901800667,91.83739018006673,0.0,12224.815935121782,16.48,0.6,0.0,0.0,5.0
2033,9,train_0369,12297.243934470309,10312.210914207397,81.2210914207397,0.0,12378.465025891048,14.66,0.64,0.0,0.0,5.0
2034,9,train_0390,12434.31883308521,10518.20804647484,101.82080464748397,0.0,12536.139637732695,17.26,0.68,0.0,0.0,5.0
2035,9,train_0006,12074.502574314141,10436.730884558776,93.67308845587759,0.0,12168.17566277002,15.08,0.58,0.0,0.0,5.0
2036,9,train_0008,12546.801377544132,10711.650809943003,121.1650809943003,0.0,12667.966458538433,13.68,0.64,0.0,0.0,5.0
2037,9,train_0414,11992.960423814222,10575.594753271424,107.55947532714237,0.0,12100.519899141364,16.0,0.68,0.0,0.0,5.0
2038,9,train_0483,12464.433667863701,10839.957485627494,133.9957485627494,0.0,12598.42941642645,15.54,0.64,0.0,0.0,5.0
2039,9,train_0569,12099.110721733627,10163.423005993736,66.34230059937363,0.0,12165.453022333,16.46,0.62,0.0,0.0,5.0
2040,9,train_0318,12280.148534857934,10690.673978598481,119.0673978598481,0.0,12399.215932717781,17.56,0.52,0.0,0.0,5.0
2041,9,train_0241,12092.451488098373,10202.682115054964,70.26821150549641,0.0,12162.71969960387,15.32,0.64,0.0,0.0,5.0
2042,9,train_0112,12343.598633236179,10631.485257375878,113.14852573758782,0.0,12456.747158973767,17.84,0.66,0.0,0.0,5.0
2043,9,train_0505,12750.478146204081,10258.789635492289,75.87896354922887,0.0,12826.35710975331,17.08,0.68,0.0,0.0,5.0
2044,9,train_0070,11803.242471346824,9964.476211280902,46.44762112809022,0.0,11849.690092474915,15.7,0.64,0.0,0.0,5.0
2045,9,train_0137,12112.277599015426,10391.595409981033,89.15954099810334,0.0,12201.43714001353,16.88,0.62,0.0,0.0,5.0
2046,9,train_0285,12037.616137460907,10536.870414779074,103.68704147790741,0.0,12141.303178938815,15.9,0.68,0.0,0.0,5.0
2047,9,train_0327,12316.851864936365,10747.664843884297,124.76648438842967,0.0,12441.618349324795,16.86,0.72,0.0,0.0,5.0
2048,10,train_0340,12471.732194605744,10288.465332448653,78.84653324486536,0.0,12550.578727850609,17.18,0.66,0.0,0.0,5.0
2049,10,train_0147,12290.032020017792,10843.391651053887,134.33916510538876,0.0,12424.37118512318,16.22,0.64,0.0,0.0,5.0
2050,10,train_0146,12206.882636637565,10537.237338022212,103.72373380222126,0.0,12310.606370439786,16.34,0.78,0.0,0.0,5.0
2051,10,train_0124,12576.358156081302,10555.73806194557,105.57380619455708,0.0,12681.93196227586,18.5,0.62,0.0,0.0,5.0
2052,10,train_0184,12153.136650760962,10378.314993583774,87.83149935837737,0.0,12240.968150119339,17.04,0.72,0.0,0.0,5.0
2053,10,train_0382,12591.7898556896,10428.968895727547,92.89688957275467,0.0,12684.686745262354,14.24,0.64,0.0,0.0,5.0
2054,10,train_0129,12625.135806377551,10824.68263090044,132.4682630900439,0.0,12757.604069467596,13.96,0.7,0.0,0.0,5.0
2055,10,train_0017,12156.469248489442,10466.790127400523,96.67901274005236,0.0,12253.148261229495,15.22,0.7,0.0,0.0,5.0
2056,10,train_0389,12221.450374799024,10281.696909127519,78.16969091275188,0.0,12299.620065711775,16.56,0.54,0.0,0.0,5.0
2057,10,train_0593,12053.515100789347,10363.459916635718,86.34599166357185,0.0,12139.861092452918,13.76,0.66,0.0,0.0,5.0
2058,10,train_0447,12001.19155602641,10868.031223912572,136.80312239125723,0.0,12137.994678417666,15.12,0.6,0.0,0.0,5.0
2059,10,train_0420,12310.109989497694,10377.485152937752,87.7485152937752,0.0,12397.85850479147,15.28,0.62,0.0,0.0,5.0
2060,10,train_0239,12073.88402517568,10569.651300319241,106.96513003192413,0.0,12180.849155207603,14.04,0.6,0.0,0.0,5.0
2061,10,train_0161,12541.591985027708,10200.639448844515,70.06394488445149,0.0,12611.65592991216,16.42,0.66,0.0,0.0,5.0
2062,10,train_0393,12018.29115494647,10868.103415543454,136.81034155434537,0.0,12155.101496500814,12.74,0.64,0.0,0.0,5.0
2063,10,train_0362,12167.654707242053,10188.411693522012,68.84116935220118,0.0,12236.495876594254,15.14,0.56,0.0,0.0,5.0
2064,10,train_0452,12203.97628939229,10751.584285424422,125.15842854244221,0.0,12329.134717934732,15.96,0.56,0.0,0.0,5.0
2065,10,train_0032,12782.190979653453,10240.672806538963,74.06728065389635,0.0,12856.25826030735,17.36,0.6,0.0,0.0,5.0
2066,10,train_0142,12631.719002006366,10344.1206266926,84.41206266926002,0.0,12716.131064675626,14.98,0.78,0.0,0.0,5.0
2067,10,train_0398,11936.905085931885,10347.263489797378,84.72634897973785,0.0,12021.631434911622,14.3,0.72,0.0,0.0,5.0
2068,10,train_0546,12064.201526028028,10797.88352982993,129.7883529829929,0.0,12193.98987901102,18.06,0.78,0.0,0.0,5.0
2069,10,train_0506,11900.813003928153,10235.129012319416,73.51290123194158,0.0,11974.325905160094,15.6,0.58,0.0,0.0,5.0
2070,10,train_0447,12028.950281661753,10587.840761801766,108.78407618017664,0.0,12137.73435784193,16.18,0.64,0.0,0.0,5.0
2071,10,train_0484,12110.757962620055,10602.706156570785,110.27061565707845,0.0,12221.028578277133,13.26,0.72,0.0,0.0,5.0
2072,10,train_0561,12037.885044229939,10757.27999943433,125.72799994343296,0.0,12163.613044173371,16.22,0.74,0.0,0.0,5.0
2073,10,train_0077,11925.473751164873,10322.231765208675,82.2231765208675,0.0,12007.69692768574,15.36,0.54,0.0,0.0,5.0
2074,10,train_0470,12156.802597720774,10314.396785752533,81.43967857525331,0.0,12238.242276296027,15.4,0.66,0.0,0.0,5.0
2075,10,train_0088,12372.462761919836,10583.193903712761,108.31939037127614,0.0,12480.782152291113,16.72,0.66,0.0,0.0,5.0
2076,10,train_0268,12234.015065133204,10514.493411048843,101.4493411048843,0.0,12335.464406238088,15.42,0.72,0.0,0.0,5.0
2077,10,train_0394,12134.663838378805,10712.898945371631,121.28989453716314,0.0,12255.953732915968,14.98,0.62,0.0,0.0,5.0
2078,10,train_0205,12593.66767345778,10846.12204647596,134.6122046475961,0.0,12728.279878105375,15.9,0.66,0.0,0.0,5.0
2079,10,train_0171,12889.19231723207,10862.310101973242,136.23101019732422,0.0,13025.423327429393,17.14,0.68,0.0,0.0,5.0
2080,10,train_0141,12669.104399614102,10583.32913863251,108.3329138632511,0.0,12777.437313477352,14.12,0.6,0.0,0.0,5.0
2081,10,train_0557,12375.214454887711,9934.731295971083,43.47312959710835,0.0,12418.68758448482,15.72,0.64,0.0,0.0,5.0
2082,10,train_0017,12338.258816380536,10470.875459614472,97.08754596144718,0.0,12435.346362341983,13.94,0.72,0.0,0.0,5.0
2083,10,train_0342,12212.33655219511,10444.36754581819,94.43675458181897,0.0,12306.773306776928,19.54,0.76,0.0,0.0,5.0
2084,10,train_0071,12739.321394002252,10661.500980421504,116.15009804215043,0.0,12855.471492044402,13.68,0.68,0.0,0.0,5.0
2085,10,train_0338,12213.048378361844,10618.58752087248,111.85875208724792,0.0,12324.907130449092,16.2,0.56,0.0,0.0,5.0
2086,10,train_0442,12010.790198502487,10857.284724253936,135.72847242539356,0.0,12146.51867092788,15.7,0.58,0.0,0.0,5.0
2087,10,train_0455,12577.785130953307,11287.657795212106,178.76577952121062,0.0,12756.550910474518,17.5,0.64,0.0,0.0,5.0
2088,10,train_0115,12564.566379131371,11027.370173585265,152.73701735852646,0.0,12717.303396489897,14.4,0.58,0.0,0.0,5.0
2089,10,train_0529,12333.080741599788,10576.072368036941,107.60723680369411,0.0,12440.687978403483,17.22,0.54,0.0,0.0,5.0
2090,10,train_0197,12672.768843114118,10468.632485466693,96.86324854666928,0.0,12769.632091660787,15.36,0.68,0.0,0.0,5.0
2091,10,train_0277,12163.53827174959,10587.795072862398,108.77950728623983,0.0,12272.31777903583,15.5,0.62,0.0,0.0,5.0
2092,10,train_0544,12271.838654153842,11141.333959997588,164.13339599975882,0.0,12435.972050153601,14.24,0.54,0.0,0.0,5.0
2093,10,train_0337,11904.742223030116,10286.103277416847,78.61032774168471,0.0,11983.3525507718,14.84,0.6,0.0,0.0,5.0
2094,10,train_0506,11931.541315631328,10127.197401946189,62.719740194618865,0.0,11994.261055825948,15.1,0.62,0.0,0.0,5.0
2095,10,train_0046,11571.01858987872,10418.066057401515,91.80660574015147,0.0,11662.825195618872,17.4,0.56,0.0,0.0,5.0
2096,10,train_0505,12205.977643912262,10899.593001971876,139.95930019718762,0.0,12345.93694410945,16.3,0.62,0.0,0.0,5.0
2097,10,train_0554,12156.528351980825,10190.825595274866,69.0825595274866,0.0,12225.610911508313,12.82,0.62,0.0,0.0,5.0
2098,10,train_0082,12248.595940267573,10859.195240975227,135.91952409752267,0.0,12384.515464365095,16.18,0.54,0.0,0.0,5.0
2099,10,train_0536,12115.478869668854,10508.969078705974,100.89690787059736,0.0,12216.375777539452,15.48,0.66,0.0,0.0,5.0
2100,10,train_0333,12538.511977881157,10838.426741855259,133.8426741855259,0.0,12672.354652066682,16.38,0.6,0.0,0.0,5.0
2101,10,train_0032,12379.509740123347,10587.939311421647,108.79393114216474,0.0,12488.303671265512,16.72,0.64,0.0,0.0,5.0
2102,10,train_0435,11946.93858612635,10246.886113436147,74.68861134361468,0.0,12021.627197469965,15.32,0.72,0.0,0.0,5.0
2103,10,train_0210,12063.032633829476,10436.157982664694,93.6157982664694,0.0,12156.648432095946,13.52,0.68,0.0,0.0,5.0
2104,10,train_0142,12305.06049671298,10744.0957846086,124.40957846086003,0.0,12429.47007517384,16.84,0.46,0.0,0.0,5.0
2105,10,train_0535,11909.992600115185,10506.977663994303,100.6977663994303,0.0,12010.690366514616,13.78,0.56,0.0,0.0,5.0
2106,10,train_0172,12192.844313880203,10450.69263776498,95.06926377649798,0.0,12287.913577656702,15.22,0.7,0.0,0.0,5.0
2107,10,train_0351,12345.173359067852,10905.130268854327,140.51302688543274,0.0,12485.686385953286,16.66,0.66,0.0,0.0,5.0
2108,10,train_0183,12105.624506164819,10876.17913202104,137.61791320210395,0.0,12243.242419366923,13.62,0.56,0.0,0.0,5.0
2109,10,train_0191,12425.431263084949,10610.922549729743,111.0922549729743,0.0,12536.523518057924,16.86,0.68,0.0,0.0,5.0
2110,10,train_0334,12172.96181863553,10404.891455845256,90.48914558452562,0.0,12263.450964220056,14.82,0.48,0.0,0.0,5.0
2111,10,train_0211,11949.530704881738,10760.134875971798,126.01348759717985,0.0,12075.544192478917,15.76,0.66,0.0,0.0,5.0
2112,10,train_0308,12126.482808027657,10453.965614919063,95.39656149190633,0.0,12221.879369519564,17.38,0.56,0.0,0.0,5.0
2113,10,train_0398,11802.768608769147,10436.678723034032,93.66787230340324,0.0,11896.436481072551,15.04,0.78,0.0,0.0,5.0
2114,10,train_0313,12342.032146767626,10793.555779432547,129.3555779432547,0.0,12471.387724710881,15.2,0.7,0.0,0.0,5.0
2115,10,train_0413,12426.848906869152,10894.910896988467,139.49108969884674,0.0,12566.339996568,15.58,0.62,0.0,0.0,5.0
2116,10,train_0490,12249.556735602435,10245.062812850592,74.50628128505923,0.0,12324.063016887494,15.18,0.54,0.0,0.0,5.0
2117,10,train_0088,12474.34806803508,10587.509482420592,108.75094824205917,0.0,12583.09901627714,17.14,0.7,0.0,0.0,5.0
2118,10,train_0069,12138.006016835716,10416.098248047078,91.60982480470776,0.0,12229.615841640423,18.24,0.7,0.0,0.0,5.0
2119,10,train_0268,12372.137883641413,10608.48244639931,110.84824463993101,0.0,12482.986128281344,16.62,0.54,0.0,0.0,5.0
2120,10,train_0426,12018.094592969375,10408.80029270734,90.88002927073394,0.0,12108.97462224011,17.86,0.52,0.0,0.0,5.0
2121,10,train_0500,11986.072480716028,10488.667342178178,98.8667342178178,0.0,12084.939214933846,14.72,0.58,0.0,0.0,5.0
2122,10,train_0270,12167.186620525255,10605.794675603507,110.57946756035072,0.0,12277.766088085606,16.16,0.72,0.0,0.0,5.0
2123,10,train_0500,11914.917390919163,10364.557984563216,86.45579845632165,0.0,12001.373189375485,16.72,0.66,0.0,0.0,5.0
2124,10,train_0113,12116.904489042727,10091.41485265552,59.14148526555201,0.0,12176.04597430828,16.38,0.52,0.0,0.0,5.0
2125,10,train_0419,12161.895640630006,10577.907000557563,107.79070005575632,0.0,12269.686340685763,16.08,0.68,0.0,0.0,5.0
2126,10,train_0409,12874.216970563604,10739.841418281145,123.98414182811449,0.0,12998.201112391718,17.52,0.64,0.0,0.0,5.0
2127,10,train_0485,11912.604957347834,10239.33635272579,73.93363527257898,0.0,11986.538592620413,16.28,0.64,0.0,0.0,5.0
2128,10,train_0004,12635.206404390425,10724.25971589665,122.42597158966493,0.0,12757.632375980089,17.76,0.7,0.0,0.0,5.0
2129,10,train_0412,11843.5404677823,10447.907930012192,94.79079300121921,0.0,11938.33126078352,15.6,0.58,0.0,0.0,5.0
2130,10,train_0317,12005.357710823533,10343.131436722457,84.31314367224569,0.0,12089.670854495778,15.7,0.6,0.0,0.0,5.0
2131,10,train_0501,12395.747159484716,10484.025271193419,98.40252711934191,0.0,12494.149686604058,18.66,0.6,0.0,0.0,5.0
2132,10,train_0501,12477.72424747088,10400.818303563434,90.08183035634339,0.0,12567.806077827223,17.14,0.76,0.0,0.0,5.0
2133,10,train_0213,12020.656298114332,10558.305782178786,105.83057821787861,0.0,12126.486876332212,17.04,0.58,0.0,0.0,5.0
2134,10,train_0338,12557.114970113527,10511.753281627669,101.1753281627669,0.0,12658.290298276293,16.48,0.54,0.0,0.0,5.0
2135,10,train_0042,12084.265729329989,10685.752732677409,118.5752732677409,0.0,12202.84100259773,17.38,0.6,0.0,0.0,5.0
2136,10,train_0062,11884.492543075186,10262.34688572166,76.23468857216595,0.0,11960.727231647352,15.4,0.72,0.0,0.0,5.0
2137,10,train_0057,11929.293761134919,10293.433432907306,79.34334329073063,0.0,12008.63710442565,15.26,0.64,0.0,0.0,5.0
2138,10,train_0382,12511.079952967848,10657.46934257093,115.74693425709302,0.0,12626.826887224941,15.84,0.76,0.0,0.0,5.0
2139,10,train_0356,12416.294408872101,10712.165144450119,121.21651444501185,0.0,12537.510923317113,15.76,0.54,0.0,0.0,5.0
2140,10,train_0551,11999.591659841204,10266.004307376003,76.60043073760026,0.0,12076.192090578805,16.26,0.68,0.0,0.0,5.0
2141,10,train_0007,12933.763671993589,11060.584137470263,156.05841374702632,0.0,13089.822085740616,15.58,0.62,0.0,0.0,5.0
2142,10,train_0504,12385.401049366392,10438.874823785025,93.88748237850251,0.0,12479.288531744894,15.46,0.64,0.0,0.0,5.0
2143,10,train_0504,12187.77122244333,10529.026054309012,102.90260543090118,0.0,12290.673827874232,15.2,0.66,0.0,0.0,5.0
2144,10,train_0092,12415.737767477447,10715.09569045311,121.50956904531104,0.0,12537.247336522758,16.86,0.66,0.0,0.0,5.0
2145,10,train_0113,11959.448667639123,10245.575567589594,74.55755675895944,0.0,12034.006224398083,18.08,0.62,0.0,0.0,5.0
2146,10,train_0492,12403.927448458515,10244.531743252908,74.45317432529082,0.0,12478.380622783805,15.86,0.68,0.0,0.0,5.0
2147,10,train_0490,12169.249156036301,10349.394693131948,84.93946931319479,0.0,12254.188625349496,15.98,0.66,0.0,0.0,5.0
2148,10,train_0492,11909.15027839263,10300.876822670201,80.08768226702014,0.0,11989.23796065965,14.68,0.6,0.0,0.0,5.0
2149,10,train_0213,12158.694441702697,10801.433457140763,130.14334571407636,0.0,12288.837787416773,15.88,0.5,0.0,0.0,5.0
2150,10,train_0484,12033.636923944345,10602.852426668811,110.2852426668811,0.0,12143.922166611226,14.1,0.66,0.0,0.0,5.0
2151,10,train_0063,12393.991069947975,10603.329549095606,110.33295490956061,0.0,12504.324024857535,15.58,0.64,0.0,0.0,5.0
2152,10,train_0599,12421.130905297414,9898.5577728856,39.85577728856006,0.0,12460.986682585974,17.22,0.72,0.0,0.0,5.0
2153,10,train_0221,12154.565928053617,10733.387483751856,123.33874837518562,0.0,12277.904676428801,17.12,0.7,0.0,0.0,5.0
2154,10,train_0103,11994.847472193778,10116.66764406029,61.66676440602896,0.0,12056.514236599807,15.84,0.66,0.0,0.0,5.0
2155,10,train_0005,11881.453556503719,10386.308445658382,88.6308445658382,0.0,11970.084401069556,17.26,0.54,0.0,0.0,5.0
2156,10,train_0449,12331.893375381529,10689.631623210935,118.96316232109348,0.0,12450.856537702623,17.18,0.64,0.0,0.0,5.0
2157,10,train_0120,11970.213945375303,10208.512800884804,70.85128008848042,0.0,12041.065225463783,15.74,0.6,0.0,0.0,5.0
2158,10,train_0004,12500.15379250728,10583.89550590001,108.3895505900011,0.0,12608.543343097283,17.94,0.5,0.0,0.0,5.0
2159,10,train_0087,12508.274316296349,10939.655582567175,143.9655582567175,0.0,12652.239874553066,15.86,0.6,0.0,0.0,5.0
2160,10,train_0262,12252.010209054668,10663.60548799437,116.36054879943696,0.0,12368.370757854105,15.66,0.84,0.0,0.0,5.0
2161,10,train_0585,12311.509096718144,10658.318162615624,115.83181626156238,0.0,12427.340912979707,14.02,0.64,0.0,0.0,5.0
2162,10,train_0352,11922.804912555388,10078.835834854333,57.88358348543334,0.0,11980.68849604082,17.18,0.68,0.0,0.0,5.0
2163,10,train_0259,12609.064183784336,10502.6878931865,100.26878931864995,0.0,12709.332973102986,14.6,0.62,0.0,0.0,5.0
2164,10,train_0325,12359.756342434746,10289.962018832059,78.99620188320587,0.0,12438.752544317953,13.68,0.62,0.0,0.0,5.0
2165,10,train_0329,12332.057887516685,10398.60048168616,89.86004816861606,0.0,12421.9179356853,15.76,0.6,0.0,0.0,5.0
2166,10,train_0098,11954.89069315184,10364.72929449509,86.47292944950897,0.0,12041.363622601348,15.0,0.68,0.0,0.0,5.0
2167,10,train_0033,12535.260528428482,10719.63459832163,121.96345983216307,0.0,12657.223988260645,15.58,0.6,0.0,0.0,5.0
2168,10,train_0094,11486.751711248995,10174.639801510177,67.46398015101768,0.0,11554.215691400013,15.36,0.48,0.0,0.0,5.0
2169,10,train_0035,12838.67719749061,11022.51261469289,152.25126146928906,0.0,12990.9284589599,16.92,0.72,0.0,0.0,5.0
2170,10,train_0438,12395.124611293311,10383.479154640165,88.34791546401648,0.0,12483.472526757329,14.7,0.68,0.0,0.0,5.0
2171,10,train_0360,12062.622315968692,10393.982662616125,89.39826626161249,0.0,12152.020582230305,15.12,0.7,0.0,0.0,5.0
2172,10,train_0442,12237.752703696719,10739.845832660292,123.98458326602923,0.0,12361.737286962747,15.32,0.64,0.0,0.0,5.0
2173,10,train_0202,12292.929331463985,10803.437804375344,130.3437804375344,0.0,12423.273111901519,15.9,0.5,0.0,0.0,5.0
2174,10,train_0305,12167.40442171853,10426.985899583882,92.69858995838823,0.0,12260.103011676918,16.48,0.68,0.0,0.0,5.0
2175,10,train_0178,12070.45419619805,10263.558995805792,76.35589958057918,0.0,12146.81009577863,15.72,0.62,0.0,0.0,5.0
2176,10,train_0374,12378.292422123417,10625.188874879765,112.51888748797647,0.0,12490.811309611394,16.92,0.76,0.0,0.0,5.0
2177,10,train_0097,12023.906045903706,10402.15138170227,90.21513817022696,0.0,12114.121184073934,16.1,0.64,0.0,0.0,5.0
2178,10,train_0041,12168.045757363838,10407.65077000675,90.76507700067505,0.0,12258.810834364513,13.78,0.64,0.0,0.0,5.0
2179,10,train_0454,12421.683186528859,10841.171975242221,134.11719752422215,0.0,12555.80038405308,17.18,0.62,0.0,0.0,5.0
2180,10,train_0125,11990.369288094098,10355.750418034153,85.5750418034153,0.0,12075.944329897513,16.96,0.64,0.0,0.0,5.0
2181,10,train_0565,12831.738354657085,10591.820082657972,109.18200826579724,0.0,12940.920362922883,15.42,0.56,0.0,0.0,5.0
2182,10,train_0170,11888.667072007851,10366.32199440746,86.63219944074609,0.0,11975.299271448597,16.64,0.62,0.0,0.0,5.0
2183,10,train_0221,12214.741747210399,10522.964856447255,102.29648564472555,0.0,12317.038232855124,17.22,0.6,0.0,0.0,5.0
2184,10,train_0460,12134.807676697194,10493.609002292736,99.36090022927365,0.0,12234.168576926468,15.26,0.7,0.0,0.0,5.0
2185,10,train_0225,12346.200726043524,10646.194465171882,114.61944651718824,0.0,12460.820172560712,16.88,0.7,0.0,0.0,5.0
2186,10,train_0123,12330.100451384367,10704.82033169219,120.482033169219,0.0,12450.582484553586,15.28,0.62,0.0,0.0,5.0
2187,10,train_0175,12215.96252080214,10234.575259693464,73.45752596934635,0.0,12289.420046771487,17.98,0.64,0.0,0.0,5.0
2188,10,train_0465,12312.930431266488,11086.039821804025,158.60398218040245,0.0,12471.53441344689,16.02,0.66,0.0,0.0,5.0
2189,10,train_0104,12287.758111664494,10742.750888515933,124.27508885159332,0.0,12412.033200516087,16.88,0.62,0.0,0.0,5.0
2190,10,train_0275,12125.93683669585,10389.682691470633,88.96826914706327,0.0,12214.905105842912,15.2,0.7,0.0,0.0,5.0
2191,10,train_0188,12380.031885584938,10385.46321740179,88.54632174017898,0.0,12468.578207325118,14.76,0.62,0.0,0.0,5.0
2192,10,train_0239,12482.604399839413,10400.99717161452,90.09971716145192,0.0,12572.704117000865,13.86,0.7,0.0,0.0,5.0
2193,10,train_0493,12180.025898130862,10230.269015847283,73.02690158472834,0.0,12253.05279971559,16.18,0.64,0.0,0.0,5.0
2194,10,train_0381,12010.683327956856,10166.538827238664,66.65388272386645,0.0,12077.337210680722,16.94,0.7,0.0,0.0,5.0
2195,10,train_0050,12316.015438225611,10109.27272621298,60.92727262129793,0.0,12376.94271084691,16.7,0.48,0.0,0.0,5.0
2196,10,train_0417,12040.465147370582,10545.952251147583,104.59522511475825,0.0,12145.060372485339,12.8,0.58,0.0,0.0,5.0
2197,10,train_0491,12410.105780334148,10301.303664283078,80.13036642830775,0.0,12490.236146762456,15.48,0.5,0.0,0.0,5.0
2198,10,train_0390,12663.788341260897,10549.976633742412,104.99766337424117,0.0,12768.786004635138,16.9,0.7,0.0,0.0,5.0
2199,10,train_0033,12694.888884850929,10245.527336595733,74.55273365957328,0.0,12769.441618510502,15.38,0.66,0.0,0.0,5.0
2200,10,train_0306,12452.70796993414,10719.764087442369,121.97640874423688,0.0,12574.684378678376,14.52,0.68,0.0,0.0,5.0
2201,10,train_0322,12159.877523278687,10725.722593691631,122.57225936916312,0.0,12282.44978264785,15.02,0.62,0.0,0.0,5.0
2202,10,train_0018,12269.642702444607,10423.755145541392,92.37551455413923,0.0,12362.018216998747,16.62,0.7,0.0,0.0,5.0
2203,10,train_0459,12254.332611303036,10335.431250552858,83.54312505528578,0.0,12337.875736358323,17.24,0.68,0.0,0.0,5.0
2204,10,train_0088,12223.90575542905,10976.796616686277,147.67966166862772,0.0,12371.585417097678,17.7,0.7,0.0,0.0,5.0
2205,10,train_0203,12655.24550339648,10902.522363050517,140.2522363050517,0.0,12795.497739701532,13.36,0.66,0.0,0.0,5.0
2206,10,train_0191,12186.94766098577,10592.090653635387,109.20906536353868,0.0,12296.156726349309,16.46,0.6,0.0,0.0,5.0
2207,10,train_0525,11906.698753884299,10436.981343980866,93.6981343980866,0.0,12000.396888282385,15.22,0.62,0.0,0.0,5.0
2208,10,train_0566,11887.797115808251,10061.172961988825,56.11729619888247,0.0,11943.914412007134,13.28,0.58,0.0,0.0,5.0
2209,10,train_0457,12268.67541632102,10623.577434312683,112.35774343126832,0.0,12381.033159752289,16.62,0.7,0.0,0.0,5.0
2210,10,train_0213,11832.836485367076,10596.406328500478,109.64063285004778,0.0,11942.477118217123,17.32,0.56,0.0,0.0,5.0
2211,10,train_0384,11950.89743902335,10647.061162033355,114.70611620333548,0.0,12065.603555226686,16.5,0.66,0.0,0.0,5.0
2212,10,train_0390,12446.145265055227,10765.88999395375,126.58899939537497,0.0,12572.734264450602,17.18,0.7,0.0,0.0,5.0
2213,10,train_0215,12153.633728612851,10965.209142006559,146.5209142006559,0.0,12300.154642813506,16.82,0.68,0.0,0.0,5.0
2214,10,train_0153,12292.905177344588,10618.819744490382,111.88197444903818,0.0,12404.787151793626,15.92,0.66,0.0,0.0,5.0
2215,10,train_0081,12027.450055821386,10487.849327033278,98.78493270332784,0.0,12126.234988524713,17.88,0.6,0.0,0.0,5.0
2216,10,train_0273,12293.151601536858,10460.646925870275,96.06469258702747,0.0,12389.216294123886,17.74,0.6,0.0,0.0,5.0
2217,10,train_0357,12245.41758386671,10266.015180473605,76.60151804736051,0.0,12322.019101914071,15.94,0.64,0.0,0.0,5.0
2218,10,train_0433,12046.45731989053,10593.50816365748,109.35081636574796,0.0,12155.808136256277,14.7,0.6,0.0,0.0,5.0
2219,10,train_0122,12173.386180031863,10164.000424022022,66.40004240220223,0.0,12239.786222434064,15.48,0.7,0.0,0.0,5.0
2220,10,train_0384,12173.023946553476,10071.855058990886,57.18550589908864,0.0,12230.209452452564,14.9,0.7,0.0,0.0,5.0
2221,10,train_0527,12203.148743254173,10565.484855812301,106.54848558123012,0.0,12309.697228835403,14.7,0.58,0.0,0.0,5.0
2222,10,train_0462,11898.93776476878,10825.072528143563,132.50725281435626,0.0,12031.445017583135,16.18,0.6,0.0,0.0,5.0
2223,10,train_0527,12285.322573244232,10277.672506721501,77.76725067215011,0.0,12363.089823916382,15.24,0.68,0.0,0.0,5.0
2224,10,train_0477,11805.323850730709,10474.438936548186,97.44389365481857,0.0,11902.767744385528,15.06,0.68,0.0,0.0,5.0
2225,10,train_0297,12158.237651246365,10445.343165380677,94.53431653806766,0.0,12252.771967784432,13.38,0.68,0.0,0.0,5.0
2226,10,train_0596,12180.751435874174,10310.927045913399,81.09270459133987,0.0,12261.844140465513,15.44,0.56,0.0,0.0,5.0
2227,10,train_0413,12676.52583483535,10759.765068618495,125.97650686184953,0.0,12802.5023416972,15.76,0.62,0.0,0.0,5.0
2228,10,train_0276,11830.64152839824,10473.349783537134,97.33497835371345,0.0,11927.976506751955,14.98,0.72,0.0,0.0,5.0
2229,10,train_0436,12552.292741996425,10584.547004515745,108.45470045157454,0.0,12660.747442448,16.52,0.6,0.0,0.0,5.0
2230,10,train_0564,12513.6603071776,10585.33983485672,108.53398348567208,0.0,12622.194290663272,17.4,0.62,0.0,0.0,5.0
2231,10,train_0205,12229.687602933529,10809.500507559454,130.95005075594545,0.0,12360.637653689475,14.74,0.64,0.0,0.0,5.0
2232,10,train_0007,12815.301343418578,11266.589326958889,176.6589326958889,0.0,12991.960276114467,15.42,0.56,0.0,0.0,5.0
2233,10,train_0092,12266.47166816898,10804.468828847463,130.44688288474626,0.0,12396.918551053726,15.84,0.7,0.0,0.0,5.0
2234,10,train_0438,12287.380855259933,10250.134973600787,75.01349736007869,0.0,12362.394352620011,18.1,0.62,0.0,0.0,5.0
2235,10,train_0257,12201.701604089749,10381.605217512268,88.16052175122678,0.0,12289.862125840975,15.28,0.62,0.0,0.0,5.0
2236,10,train_0019,12334.300550984693,10926.671776205621,142.66717762056214,0.0,12476.967728605256,16.56,0.64,0.0,0.0,5.0
2237,10,train_0302,12258.088686318431,10531.897449115062,103.18974491150621,0.0,12361.278431229937,14.94,0.58,0.0,0.0,5.0
2238,10,train_0542,12042.524015111998,10609.755264824144,110.97552648241435,0.0,12153.499541594412,14.76,0.66,0.0,0.0,5.0
2239,10,train_0415,12644.480723584264,10705.153829442912,120.5153829442912,0.0,12764.996106528555,13.7,0.6,0.0,0.0,5.0
2240,11,train_0562,12135.308237559264,10358.802978629385,85.88029786293846,0.0,12221.188535422203,15.84,0.7,0.0,0.0,5.0
2241,11,train_0410,12636.904643767724,10756.251343155578,125.62513431555782,0.0,12762.529778083283,18.24,0.56,0.0,0.0,5.0
2242,11,train_0038,12465.767699268228,10595.98958532732,109.59895853273193,0.0,12575.36665780096,15.9,0.64,0.0,0.0,5.0
2243,11,train_0033,12523.4283064957,10848.46225780567,134.84622578056698,0.0,12658.274532276268,15.08,0.58,0.0,0.0,5.0
2244,11,train_0475,11932.366257016985,10267.100218110194,76.7100218110194,0.0,12009.076278828004,15.4,0.74,0.0,0.0,5.0
2245,11,train_0553,11749.914679677782,10018.076308163658,51.80763081636579,0.0,11801.722310494148,16.34,0.56,0.0,0.0,5.0
2246,11,train_0321,11883.12105264824,10957.733701219058,145.77337012190583,0.0,12028.894422770145,17.84,0.56,0.0,0.0,5.0
2247,11,train_0123,12297.977137383263,10809.294279720805,130.92942797208053,0.0,12428.906565355343,15.52,0.64,0.0,0.0,5.0
2248,11,train_0507,12290.373616359166,10658.913060343606,115.89130603436061,0.0,12406.264922393526,15.86,0.58,0.0,0.0,5.0
2249,11,train_0140,12014.587798017943,10608.840229826277,110.88402298262773,0.0,12125.47182100057,15.98,0.68,0.0,0.0,5.0
2250,11,train_0470,12047.02846425226,10346.785391899448,84.67853918994479,0.0,12131.707003442205,15.62,0.68,0.0,0.0,5.0
2251,11,train_0053,12253.131591037722,10327.439532296681,82.74395322966812,0.0,12335.87554426739,15.28,0.68,0.0,0.0,5.0
2252,11,train_0265,11919.00407383858,10784.257559923293,128.42575599232933,0.0,12047.42982983091,16.42,0.76,0.0,0.0,5.0
2253,11,train_0297,12275.906813513044,10323.682928422766,82.36829284227662,0.0,12358.27510635532,14.82,0.58,0.0,0.0,5.0
2254,11,train_0340,12201.429322149384,10313.884168739132,81.38841687391323,0.0,12282.817739023298,15.86,0.78,0.0,0.0,5.0
2255,11,train_0554,12169.656679457587,10278.121833837333,77.81218338373328,0.0,12247.46886284132,14.4,0.54,0.0,0.0,5.0
2256,11,train_0377,12037.50656313848,10812.652765457386,131.26527654573857,0.0,12168.77183968422,15.68,0.64,0.0,0.0,5.0
2257,11,train_0397,12324.05029841234,10367.769562480331,86.7769562480331,0.0,12410.827254660373,16.14,0.72,0.0,0.0,5.0
2258,11,train_0494,11885.057474551772,10501.706688456525,100.17066884565247,0.0,11985.228143397424,15.96,0.7,0.0,0.0,5.0
2259,11,train_0294,11924.451246452354,10421.231070859609,92.12310708596088,0.0,12016.574353538315,14.84,0.72,0.0,0.0,5.0
2260,11,train_0431,12195.326316500697,10399.53169258451,89.9531692584511,0.0,12285.279485759149,18.2,0.66,0.0,0.0,5.0
2261,11,train_0515,12223.297685412901,10799.353221576537,129.93532215765373,0.0,12353.233007570554,17.02,0.5,0.0,0.0,5.0
2262,11,train_0014,12447.899906721024,10579.710169774784,107.9710169774784,0.0,12555.870923698503,17.4,0.64,0.0,0.0,5.0
2263,11,train_0569,12010.632968114991,10329.90989032745,82.99098903274499,0.0,12093.623957147736,16.04,0.58,0.0,0.0,5.0
2264,11,train_0519,12099.602339071183,11052.411970377012,155.24119703770123,0.0,12254.843536108885,16.62,0.64,0.0,0.0,5.0
2265,11,train_0336,12304.748628329527,10110.03973302578,61.00397330257802,0.0,12365.752601632106,16.4,0.62,0.0,0.0,5.0
2266,11,train_0385,12826.42436139402,10837.260958972991,133.7260958972991,0.0,12960.150457291318,16.36,0.62,0.0,0.0,5.0
2267,11,train_0475,12204.37785650899,10481.794204142436,98.17942041424358,0.0,12302.557276923235,15.4,0.54,0.0,0.0,5.0
2268,11,train_0371,12366.956183053775,10334.453706278102,83.44537062781019,0.0,12450.401553681586,15.28,0.74,0.0,0.0,5.0
2269,11,train_0589,11694.625815097643,10591.769228597404,109.17692285974044,0.0,11803.802737957383,16.82,0.6,0.0,0.0,5.0
2270,11,train_0390,12314.068070965524,10580.94715902614,108.09471590261401,0.0,12422.162786868139,16.32,0.72,0.0,0.0,5.0
2271,11,train_0017,12399.227381923378,10506.90802592877,100.69080259287693,0.0,12499.918184516255,14.58,0.7,0.0,0.0,5.0
2272,11,train_0172,12291.008018835133,10554.446406389048,105.44464063890483,0.0,12396.452659474038,16.18,0.66,0.0,0.0,5.0
2273,11,train_0351,12219.50950176582,11172.843202229727,167.28432022297275,0.0,12386.793821988793,14.82,0.56,0.0,0.0,5.0
2274,11,train_0381,12104.973463195467,10165.189922998561,66.51899229985611,0.0,12171.492455495323,14.94,0.76,0.0,0.0,5.0
2275,11,train_0413,12566.64530501408,10840.155802741223,134.0155802741223,0.0,12700.660885288204,16.26,0.48,0.0,0.0,5.0
2276,11,train_0441,12228.064379587282,10441.490784466634,94.14907844666341,0.0,12322.213458033946,15.92,0.7,0.0,0.0,5.0
2277,11,train_0326,11882.124112194018,10298.486350745246,79.84863507452465,0.0,11961.972747268543,16.74,0.62,0.0,0.0,5.0
2278,11,train_0060,12163.661807277957,10811.902582043413,131.19025820434126,0.0,12294.852065482297,16.98,0.76,0.0,0.0,5.0
2279,11,train_0182,12471.233217056111,11022.801823624208,152.2801823624208,0.0,12623.513399418533,15.22,0.74,0.0,0.0,5.0
2280,11,train_0327,12088.870948593492,10710.581224377642,121.05812243776418,0.0,12209.929071031256,17.26,0.62,0.0,0.0,5.0
2281,11,train_0160,11949.529121369305,10773.695539803215,127.36955398032151,0.0,12076.898675349627,15.98,0.62,0.0,0.0,5.0
2282,11,train_0287,12307.000006758406,10533.641466062363,103.36414660623632,0.0,12410.364153364642,15.74,0.56,0.0,0.0,5.0
2283,11,train_0531,12229.16850016679,10549.64548209228,104.9645482092281,0.0,12334.133048376018,16.4,0.6,0.0,0.0,5.0
2284,11,train_0158,12382.855927800458,10684.322343604987,118.43223436049867,0.0,12501.288162160956,17.02,0.44,0.0,0.0,5.0
2285,11,train_0528,12305.601576605957,10561.251231590511,106.12512315905116,0.0,12411.726699765008,15.66,0.64,0.0,0.0,5.0
2286,11,train_0585,12157.568411992683,10598.063489665623,109.8063489665623,0.0,12267.374760959245,13.56,0.68,0.0,0.0,5.0
2287,11,train_0082,12488.623837788899,10612.20917494323,111.22091749432293,0.0,12599.844755283222,16.24,0.78,0.0,0.0,5.0
2288,11,train_0544,12328.512194492043,10904.169202046694,140.41692020466945,0.0,12468.929114696712,15.18,0.62,0.0,0.0,5.0
2289,11,train_0446,12181.871586666657,10322.873410287879,82.28734102878789,0.0,12264.158927695446,15.32,0.52,0.0,0.0,5.0
2290,11,train_0234,12161.596880104586,10436.907632077287,93.69076320772875,0.0,12255.287643312315,15.64,0.58,0.0,0.0,5.0
2291,11,train_0419,12404.393446103366,10420.682685276988,92.06826852769882,0.0,12496.461714631065,14.6,0.5,0.0,0.0,5.0
2292,11,train_0071,12297.117856808954,10554.836819805383,105.48368198053832,0.0,12402.601538789493,14.9,0.8,0.0,0.0,5.0
2293,11,train_0277,12188.831985281675,10350.530005830686,85.05300058306858,0.0,12273.884985864743,14.62,0.48,0.0,0.0,5.0
2294,11,train_0223,12026.142805409847,10265.385520786378,76.5385520786378,0.0,12102.681357488485,14.7,0.68,0.0,0.0,5.0
2295,11,train_0238,12047.73860690647,10536.821220749465,103.68212207494653,0.0,12151.420728981417,16.48,0.74,0.0,0.0,5.0
2296,11,train_0491,12564.020914687851,10468.14843027149,96.81484302714908,0.0,12660.835757715,15.74,0.64,0.0,0.0,5.0
2297,11,train_0194,12133.741437162575,10734.64133087092,123.46413308709198,0.0,12257.205570249667,16.78,0.62,0.0,0.0,5.0
2298,11,train_0346,12726.709028973179,10809.802177885209,130.9802177885209,0.0,12857.6892467617,16.0,0.54,0.0,0.0,5.0
2299,11,train_0430,12360.520243298397,10190.234855448169,69.02348554481686,0.0,12429.543728843213,14.96,0.66,0.0,0.0,5.0
2300,11,train_0473,12433.791343784382,10060.287058436035,56.02870584360353,0.0,12489.820049627986,18.6,0.6,0.0,0.0,5.0
2301,11,train_0271,11888.554837890273,10492.63037880697,99.26303788069708,0.0,11987.81787577097,15.98,0.56,0.0,0.0,5.0
2302,11,train_0469,12880.585144940767,10761.932425602034,126.19324256020337,0.0,13006.77838750097,15.56,0.54,0.0,0.0,5.0
2303,11,train_0406,12283.645102041857,10632.451287149745,113.24512871497446,0.0,12396.890230756831,17.98,0.7,0.0,0.0,5.0
2304,11,train_0105,12143.152944791396,10698.760794741782,119.8760794741782,0.0,12263.029024265574,14.54,0.58,0.0,0.0,5.0
2305,11,train_0419,12423.857698195643,10234.019549814113,73.4019549814113,0.0,12497.259653177054,13.98,0.72,0.0,0.0,5.0
2306,11,train_0217,12289.198106072694,10554.671621794749,105.46716217947488,0.0,12394.665268252169,18.16,0.64,0.0,0.0,5.0
2307,11,train_0588,12464.495255527778,10123.010870212513,62.30108702125126,0.0,12526.796342549029,16.92,0.66,0.0,0.0,5.0
2308,11,train_0483,12271.09116923147,11284.776223238787,178.47762232387868,0.0,12449.568791555348,15.0,0.68,0.0,0.0,5.0
2309,11,train_0410,12428.795299288726,10847.633367589553,134.76333675895532,0.0,12563.558636047681,18.8,0.66,0.0,0.0,5.0
2310,11,train_0417,12045.898006386997,10427.593013186588,92.7593013186588,0.0,12138.657307705656,15.7,0.52,0.0,0.0,5.0
2311,11,train_0047,11815.522626363778,10470.587362036818,97.05873620368185,0.0,11912.58136256746,13.22,0.58,0.0,0.0,5.0
2312,11,train_0491,12087.596780386024,10725.551749258633,122.55517492586333,0.0,12210.151955311887,15.84,0.6,0.0,0.0,5.0
2313,11,train_0133,12117.887053925886,10764.795214935395,126.47952149353951,0.0,12244.366575419426,17.46,0.54,0.0,0.0,5.0
2314,11,train_0452,12166.142564650268,10390.346188564094,89.03461885640937,0.0,12255.177183506677,15.16,0.62,0.0,0.0,5.0
2315,11,train_0353,12070.577734052824,10372.643954714666,87.26439547146657,0.0,12157.84212952429,16.46,0.58,0.0,0.0,5.0
2316,11,train_0591,12322.963283568199,10782.057589434313,128.20575894343128,0.0,12451.16904251163,17.1,0.66,0.0,0.0,5.0
2317,11,train_0014,12175.078543858897,10753.335567747858,125.33355677478576,0.0,12300.412100633683,16.5,0.48,0.0,0.0,5.0
2318,11,train_0395,11871.23018894719,10563.860378258385,106.38603782583851,0.0,11977.616226773027,14.1,0.54,0.0,0.0,5.0
2319,11,train_0272,12432.009954388912,10383.897421427853,88.38974214278534,0.0,12520.399696531696,15.8,0.58,0.0,0.0,5.0
2320,11,train_0338,12355.802079785439,10575.095773913756,107.50957739137557,0.0,12463.311657176815,14.96,0.58,0.0,0.0,5.0
2321,11,train_0183,12235.112272250932,10564.472977793928,106.44729777939284,0.0,12341.559570030324,15.14,0.66,0.0,0.0,5.0
2322,11,train_0408,11756.136081156095,10436.482758200074,93.64827582000744,0.0,11849.784356976103,15.16,0.54,0.0,0.0,5.0
2323,11,train_0107,12352.09376862475,10608.141326535853,110.81413265358533,0.0,12462.907901278337,16.22,0.7,0.0,0.0,5.0
2324,11,train_0085,11836.68696171354,10739.960267337208,123.99602673372084,0.0,11960.68298844726,13.38,0.78,0.0,0.0,5.0
2325,11,train_0027,12108.5765613514,10948.731612219439,144.8731612219439,0.0,12253.449722573343,13.82,0.56,0.0,0.0,5.0
2326,11,train_0056,12032.90793664676,9980.422579949216,48.042257994921606,0.0,12080.95019464168,13.84,0.64,0.0,0.0,5.0
2327,11,train_0010,12410.434652114074,10573.716771801994,107.37167718019937,0.0,12517.806329294273,16.48,0.76,0.0,0.0,5.0
2328,11,train_0208,12098.293367651502,10381.93088220842,88.19308822084204,0.0,12186.486455872344,14.64,0.58,0.0,0.0,5.0
2329,11,train_0101,12169.651031696829,10827.62243959876,132.76224395987592,0.0,12302.413275656705,16.48,0.72,0.0,0.0,5.0
2330,11,train_0408,11815.379033264831,10127.860344408,62.786034440799995,0.0,11878.165067705631,13.38,0.58,0.0,0.0,5.0
2331,11,train_0563,12276.521556295913,10459.837130134858,95.9837130134858,0.0,12372.505269309398,16.2,0.56,0.0,0.0,5.0
2332,11,train_0590,11917.871316072797,10572.616400728943,107.26164007289427,0.0,12025.132956145691,16.38,0.58,0.0,0.0,5.0
2333,11,train_0196,12162.740167456574,10508.358243490458,100.83582434904584,0.0,12263.57599180562,14.8,0.76,0.0,0.0,5.0
2334,11,train_0529,12047.292805389923,10700.418441162008,120.04184411620082,0.0,12167.334649506123,16.08,0.5,0.0,0.0,5.0
2335,11,train_0562,12168.261815212443,10754.682403769548,125.46824037695478,0.0,12293.730055589398,15.46,0.6,0.0,0.0,5.0
2336,11,train_0354,11793.00245903946,10303.39919850259,80.33991985025897,0.0,11873.34237888972,14.08,0.56,0.0,0.0,5.0
2337,11,train_0058,11683.908338289057,10249.585368184644,74.95853681846438,0.0,11758.86687510752,15.72,0.72,0.0,0.0,5.0
2338,11,train_0035,12625.082987722646,11075.055406943364,157.5055406943364,0.0,12782.588528416982,16.86,0.66,0.0,0.0,5.0
2339,11,train_0362,11917.434836018243,10453.379900485977,95.33799004859776,0.0,12012.772826066841,15.56,0.64,0.0,0.0,5.0
2340,11,train_0366,11649.121494436818,10604.681900527536,110.46819005275357,0.0,11759.589684489572,15.84,0.54,0.0,0.0,5.0
2341,11,train_0317,11973.8101359997,10565.090854649376,106.50908546493757,0.0,12080.319221464637,17.08,0.58,0.0,0.0,5.0
2342,11,train_0350,11859.228509079,10389.933301316147,88.99333013161468,0.0,11948.221839210613,17.78,0.76,0.0,0.0,5.0
2343,11,train_0380,11856.761084427118,10366.078296732885,86.6078296732885,0.0,11943.368914100407,16.02,0.68,0.0,0.0,5.0
2344,11,train_0219,12260.315329528119,10758.469341860911,125.84693418609113,0.0,12386.16226371421,16.36,0.64,0.0,0.0,5.0
2345,11,train_0508,12217.908560910084,10699.421980502964,119.94219805029644,0.0,12337.85075896038,14.86,0.7,0.0,0.0,5.0
2346,11,train_0436,12445.510400370142,10561.014163763113,106.10141637631132,0.0,12551.611816746454,16.9,0.52,0.0,0.0,5.0
2347,11,train_0233,12822.914248272107,11029.715478756509,152.97154787565088,0.0,12975.885796147759,15.64,0.74,0.0,0.0,5.0
2348,11,train_0434,12616.047134216333,10798.251127086125,129.82511270861252,0.0,12745.872246924946,15.46,0.62,0.0,0.0,5.0
2349,11,train_0399,11980.237383040841,10458.927942976872,95.89279429768722,0.0,12076.13017733853,15.3,0.66,0.0,0.0,5.0
2350,11,train_0177,12322.79951882191,10769.139316422592,126.9139316422592,0.0,12449.713450464169,13.9,0.56,0.0,0.0,5.0
2351,11,train_0126,12097.356708627522,10597.90036018411,109.79003601841106,0.0,12207.146744645932,16.82,0.74,0.0,0.0,5.0
2352,11,train_0176,12749.885971156593,10732.657657385054,123.26576573850544,0.0,12873.151736895099,15.48,0.64,0.0,0.0,5.0
2353,11,train_0471,12425.31680775974,10472.055070927228,97.20550709272284,0.0,12522.522314852464,13.34,0.66,0.0,0.0,5.0
2354,11,train_0091,12164.4613012698,10463.24759532863,96.32475953286303,0.0,12260.786060802662,16.72,0.66,0.0,0.0,5.0
2355,11,train_0320,12371.940633781447,10632.76634446399,113.27663444639893,0.0,12485.217268227847,14.7,0.6,0.0,0.0,5.0
2356,11,train_0575,12978.944417571647,10569.632047449115,106.9632047449115,0.0,13085.90762231656,17.9,0.66,0.0,0.0,5.0
2357,11,train_0048,12395.393312999677,10576.23315654848,107.62331565484801,0.0,12503.016628654525,16.46,0.78,0.0,0.0,5.0
2358,11,train_0328,12213.377082361832,10563.036247161526,106.30362471615263,0.0,12319.680707077985,14.18,0.68,0.0,0.0,5.0
2359,11,train_0175,12175.640347030821,10211.295357211387,71.12953572113875,0.0,12246.76988275196,16.7,0.66,0.0,0.0,5.0
2360,11,train_0500,12260.121580996034,10177.608390631616,67.76083906316163,0.0,12327.882420059195,15.52,0.5,0.0,0.0,5.0
2361,11,train_0080,12425.115574598887,10435.646218884476,93.56462188844762,0.0,12518.680196487334,14.78,0.72,0.0,0.0,5.0
2362,11,train_0358,12206.855371922053,10326.163584403934,82.61635844039338,0.0,12289.471730362446,15.32,0.54,0.0,0.0,5.0
2363,11,train_0447,12344.16368815645,10510.528599669098,101.05285996690982,0.0,12445.21654812336,16.8,0.6,0.0,0.0,5.0
2364,11,train_0078,12044.321340086346,10748.84713788936,124.88471378893593,0.0,12169.206053875281,15.96,0.72,0.0,0.0,5.0
2365,11,train_0242,12424.999181123676,10851.81101014959,135.18110101495895,0.0,12560.180282138635,15.78,0.72,0.0,0.0,5.0
2366,11,train_0086,11702.907947831221,10058.865907901365,55.88659079013651,0.0,11758.794538621358,15.64,0.58,0.0,0.0,5.0
2367,11,train_0314,12187.443300459907,10391.336070617144,89.13360706171443,0.0,12276.576907521621,16.56,0.72,0.0,0.0,5.0
2368,11,train_0001,11993.259060972905,10256.18248681501,75.61824868150107,0.0,12068.877309654406,14.14,0.68,0.0,0.0,5.0
2369,11,train_0365,12649.543214294466,10614.571763093136,111.45717630931358,0.0,12761.00039060378,16.5,0.62,0.0,0.0,5.0
2370,11,train_0178,11997.908267080824,10394.328588279302,89.43285882793026,0.0,12087.341125908753,14.98,0.54,0.0,0.0,5.0
2371,11,train_0223,12187.08226326283,10316.093231523122,81.60932315231221,0.0,12268.691586415142,14.58,0.56,0.0,0.0,5.0
2372,11,train_0473,11911.988829991638,10488.507920418619,98.85079204186187,0.0,12010.8396220335,18.2,0.7,0.0,0.0,5.0
2373,11,train_0591,12627.107740063444,10633.42095690234,113.34209569023406,0.0,12740.449835753678,18.46,0.72,0.0,0.0,5.0
2374,11,train_0293,11880.812178775366,10178.600738137535,67.86007381375349,0.0,11948.67225258912,13.88,0.54,0.0,0.0,5.0
2375,11,train_0451,12483.870706676244,10834.374683241753,133.43746832417528,0.0,12617.308175000418,15.46,0.54,0.0,0.0,5.0
2376,11,train_0233,12603.576894609247,10710.776526853952,121.07765268539515,0.0,12724.654547294642,16.66,0.7,0.0,0.0,5.0
2377,11,train_0389,11972.935994333213,10533.626616524376,103.36266165243761,0.0,12076.29865598565,16.96,0.66,0.0,0.0,5.0
2378,11,train_0234,12313.104305569876,10550.281536267195,105.02815362671954,0.0,12418.132459196595,15.68,0.6,0.0,0.0,5.0
2379,11,train_0091,12080.358341559666,10583.336857878949,108.33368578789486,0.0,12188.69202734756,16.38,0.64,0.0,0.0,5.0
2380,11,train_0520,11710.011246779715,10299.501346411767,79.95013464117675,0.0,11789.961381420891,14.76,0.64,0.0,0.0,5.0
2381,11,train_0222,12104.573954587622,10621.972470842247,112.19724708422473,0.0,12216.771201671847,18.3,0.6,0.0,0.0,5.0
2382,11,train_0215,12163.180016037131,11095.911631328887,159.5911631328887,0.0,12322.77117917002,16.58,0.68,0.0,0.0,5.0
2383,11,train_0227,12427.497310153889,10806.191541775928,130.61915417759283,0.0,12558.116464331482,18.04,0.6,0.0,0.0,5.0
2384,11,train_0485,12023.999073320589,10539.777254812852,103.97772548128523,0.0,12127.976798801874,15.92,0.68,0.0,0.0,5.0
2385,11,train_0422,12269.395445733666,10630.361629119598,113.03616291195976,0.0,12382.431608645626,13.38,0.62,0.0,0.0,5.0
2386,11,train_0105,12493.943387674379,10514.128578620725,101.41285786207246,0.0,12595.356245536452,15.18,0.64,0.0,0.0,5.0
2387,11,train_0048,12068.107389284363,10742.622814366361,124.26228143663612,0.0,12192.369670721,15.42,0.58,0.0,0.0,5.0
2388,11,train_0372,12451.85073873814,10712.95470735443,121.29547073544309,0.0,12573.146209473583,15.5,0.42,0.0,0.0,5.0
2389,11,train_0083,12068.388614239553,10268.739737652497,76.87397376524969,0.0,12145.262588004804,15.4,0.72,0.0,0.0,5.0
2390,11,train_0097,12106.93144981996,10460.77156570681,96.07715657068093,0.0,12203.008606390642,18.04,0.7,0.0,0.0,5.0
2391,11,train_0476,12251.90706286466,10475.589906827194,97.55899068271938,0.0,12349.46605354738,18.68,0.62,0.0,0.0,5.0
2392,11,train_0435,11819.486669383396,10425.838718299387,92.58387182993866,0.0,11912.070541213334,15.12,0.58,0.0,0.0,5.0
2393,11,train_0229,12260.47596499202,11049.73714513102,154.97371451310192,0.0,12415.449679505122,15.04,0.66,0.0,0.0,5.0
2394,11,train_0437,11320.856502800661,9883.26877604589,38.32687760458903,0.0,11359.183380405251,16.7,0.64,0.0,0.0,5.0
2395,11,train_0179,12136.545475437644,10430.320881571166,93.0320881571166,0.0,12229.577563594761,14.06,0.58,0.0,0.0,5.0
2396,11,train_0280,12157.65266701104,10791.269859017195,129.1269859017195,0.0,12286.779652912759,15.08,0.66,0.0,0.0,5.0
2397,11,train_0063,12109.478710855077,10811.156439296647,131.11564392966466,0.0,12240.594354784742,14.86,0.66,0.0,0.0,5.0
2398,11,train_0492,12338.48826553108,10516.077114553864,101.60771145538638,0.0,12440.095976986466,17.0,0.52,0.0,0.0,5.0
2399,11,train_0050,12192.216168934481,10438.435285155405,93.8435285155405,0.0,12286.059697450022,16.26,0.56,0.0,0.0,5.0
2400,11,train_0564,12222.236109150313,10539.748496085293,103.97484960852927,0.0,12326.210958758842,15.44,0.76,0.0,0.0,5.0
2401,11,train_0251,11991.884485747709,10920.764330221624,142.07643302216238,0.0,12133.960918769872,14.78,0.54,0.0,0.0,5.0
2402,11,train_0178,12019.209705579895,10173.59819140868,67.35981914086805,0.0,12086.569524720762,15.62,0.58,0.0,0.0,5.0
2403,11,train_0275,12040.6721519289,10690.98299914724,119.09829991472398,0.0,12159.770451843624,14.76,0.54,0.0,0.0,5.0
2404,11,train_0374,12301.563273394953,10842.496413930103,134.24964139301028,0.0,12435.812914787963,16.52,0.58,0.0,0.0,5.0
2405,11,train_0581,12134.604099006405,10417.316891530769,91.73168915307689,0.0,12226.335788159482,16.34,0.66,0.0,0.0,5.0
2406,11,train_0570,11935.30562999815,10542.005498739183,104.20054987391832,0.0,12039.506179872069,14.8,0.48,0.0,0.0,5.0
2407,11,train_0398,11796.491082052024,10013.052490616206,51.305249061620636,0.0,11847.796331113645,13.92,0.56,0.0,0.0,5.0
2408,11,train_0585,12575.212802189988,10523.292165967578,102.32921659675776,0.0,12677.542018786746,14.8,0.62,0.0,0.0,5.0
2409,11,train_0133,12449.99641544074,10521.43663056293,102.14366305629301,0.0,12552.140078497034,18.26,0.64,0.0,0.0,5.0
2410,11,train_0012,12520.9849156897,10729.813647824465,122.98136478244652,0.0,12643.966280472147,17.0,0.6,0.0,0.0,5.0
2411,11,train_0409,12804.408821219897,10743.741940624113,124.37419406241133,0.0,12928.783015282308,18.96,0.76,0.0,0.0,5.0
2412,11,train_0567,12988.59206945089,11093.74742429853,159.374742429853,0.0,13147.966811880742,16.62,0.48,0.0,0.0,5.0
2413,11,train_0007,12792.866169474892,11248.58128907315,174.85812890731506,0.0,12967.724298382207,16.6,0.56,0.0,0.0,5.0
2414,11,train_0531,12672.351932719706,10437.591718779538,93.75917187795386,0.0,12766.11110459766,17.68,0.72,0.0,0.0,5.0
2415,11,train_0446,12003.102966872877,10346.847042359235,84.68470423592353,0.0,12087.787671108801,14.72,0.6,0.0,0.0,5.0
2416,11,train_0448,12441.898799020484,10313.90196590234,81.39019659023398,0.0,12523.288995610717,13.84,0.6,0.0,0.0,5.0
2417,11,train_0187,12022.503146225185,10550.16816578723,105.01681657872305,0.0,12127.519962803908,14.0,0.64,0.0,0.0,5.0
2418,11,train_0494,12004.803259573746,10455.138692133218,95.51386921332178,0.0,12100.317128787068,15.24,0.66,0.0,0.0,5.0
2419,11,train_0407,12285.683621239255,10307.923350559964,80.79233505599642,0.0,12366.475956295251,16.92,0.58,0.0,0.0,5.0
2420,11,train_0492,12067.183238171172,10446.072746574999,94.60727465749989,0.0,12161.790512828671,14.94,0.7,0.0,0.0,5.0
2421,11,train_0573,11906.232972990461,10439.937663698282,93.99376636982817,0.0,12000.226739360289,15.48,0.68,0.0,0.0,5.0
2422,11,train_0312,11884.914610195841,10345.509579404577,84.55095794045775,0.0,11969.465568136298,16.8,0.66,0.0,0.0,5.0
2423,11,train_0593,11946.606203698087,10626.140000612573,112.61400006125733,0.0,12059.220203759345,14.7,0.68,0.0,0.0,5.0
2424,11,train_0200,12025.593642300384,10619.32762780889,111.93276278088906,0.0,12137.526405081273,16.76,0.62,0.0,0.0,5.0
2425,11,train_0333,12574.370501669266,10690.756774075355,119.07567740753548,0.0,12693.446179076802,15.54,0.6,0.0,0.0,5.0
2426,11,train_0550,12052.999253545175,10664.199824657546,116.41998246575459,0.0,12169.41923601093,17.5,0.58,0.0,0.0,5.0
2427,11,train_0041,12149.081947791521,10564.79024854569,106.47902485456908,0.0,12255.56097264609,15.12,0.54,0.0,0.0,5.0
2428,11,train_0155,12260.44087360719,10890.407391765038,139.04073917650385,0.0,12399.481612783693,16.72,0.54,0.0,0.0,5.0
2429,11,train_0037,12519.207202705184,11083.110445589882,158.31104455898821,0.0,12677.518247264172,17.92,0.6,0.0,0.0,5.0
2430,11,train_0423,12343.944435207011,10180.43735180848,68.04373518084795,0.0,12411.98817038786,17.9,0.68,0.0,0.0,5.0
2431,11,train_0162,11598.177247787633,10072.453100155646,57.24531001556461,0.0,11655.422557803198,16.12,0.68,0.0,0.0,5.0
2432,11,train_0096,12421.848435392421,10565.87432865796,106.58743286579593,0.0,12528.435868258217,17.78,0.64,0.0,0.0,5.0
2433,11,train_0056,11663.371452372892,10001.477750508515,50.14777505085149,0.0,11713.519227423743,16.52,0.62,0.0,0.0,5.0
2434,11,train_0443,12283.762768656563,11090.74481292206,159.07448129220595,0.0,12442.837249948769,16.88,0.68,0.0,0.0,5.0
2435,11,train_0172,11946.1369943738,10587.952379426986,108.79523794269863,0.0,12054.932232316498,17.72,0.56,0.0,0.0,5.0
2436,11,train_0564,12374.327150987694,10438.10783531867,93.81078353186695,0.0,12468.13793451956,15.98,0.66,0.0,0.0,5.0
2437,11,train_0531,12273.678749263276,10413.682439626358,91.36824396263583,0.0,12365.046993225911,17.2,0.68,0.0,0.0,5.0
2438,11,train_0203,12509.598574318918,10857.171605549875,135.71716055498746,0.0,12645.315734873904,12.68,0.64,0.0,0.0,5.0
2439,11,train_0184,12097.211046497316,10653.655303743686,115.36553037436862,0.0,12212.576576871685,17.18,0.68,0.0,0.0,5.0
2440,11,train_0529,12376.182440932032,10582.937200602462,108.29372006024624,0.0,12484.476160992279,16.22,0.74,0.0,0.0,5.0
2441,11,train_0197,12427.735964439926,10530.116017529428,103.01160175294281,0.0,12530.74756619287,15.64,0.66,0.0,0.0,5.0
2442,11,train_0348,12190.860622545406,10926.051805730931,142.6051805730931,0.0,12333.465803118499,15.1,0.6,0.0,0.0,5.0
2443,11,train_0498,12324.152613052953,10742.840412932888,124.28404129328884,0.0,12448.436654346242,14.54,0.64,0.0,0.0,5.0
2444,11,train_0514,11801.59409880278,10811.830292921088,131.18302929210878,0.0,11932.77712809489,15.02,0.6,0.0,0.0,5.0
2445,11,train_0456,12376.10391509154,10011.738326719056,51.17383267190562,0.0,12427.277747763446,15.1,0.62,0.0,0.0,5.0
2446,11,train_0365,12649.265303013945,10724.451652559197,122.44516525591972,0.0,12771.710468269865,15.26,0.6,0.0,0.0,5.0
2447,11,train_0193,12108.033418103138,10669.601220966775,116.96012209667752,0.0,12224.993540199815,14.4,0.64,0.0,0.0,5.0
2448,12,train_0144,12468.504868643755,11001.749477410423,150.17494774104236,0.0,12618.679816384798,14.14,0.68,0.0,0.0,5.0
2449,12,train_0301,12572.425839803114,10734.013715885583,123.40137158855833,0.0,12695.827211391672,15.94,0.62,0.0,0.0,5.0
2450,12,train_0594,12114.993637547888,10132.766215168183,63.276621516818345,0.0,12178.270259064706,18.1,0.62,0.0,0.0,5.0
2451,12,train_0336,12146.458818171363,10542.858389710265,104.28583897102654,0.0,12250.74465714239,15.86,0.7,0.0,0.0,5.0
2452,12,train_0239,12413.495046430395,10530.665072795979,103.06650727959787,0.0,12516.561553709993,14.56,0.58,0.0,0.0,5.0
2453,12,train_0433,12184.275124904296,10078.627410828865,57.86274108288654,0.0,12242.137865987183,16.12,0.6,0.0,0.0,5.0
2454,12,train_0090,12247.446317986773,10531.212665892966,103.12126658929665,0.0,12350.567584576069,14.32,0.54,0.0,0.0,5.0
2455,12,train_0080,12826.286485521736,10592.326101516188,109.2326101516188,0.0,12935.519095673355,14.28,0.56,0.0,0.0,5.0
2456,12,train_0220,12365.960803302714,10514.970879036478,101.49708790364785,0.0,12467.457891206363,16.76,0.7,0.0,0.0,5.0
2457,12,train_0452,12043.134653545534,10492.267387310862,99.22673873108616,0.0,12142.36139227662,15.64,0.58,0.0,0.0,5.0
2458,12,train_0507,11999.588919022794,10986.577838333047,148.6577838333047,0.0,12148.246702856099,16.2,0.58,0.0,0.0,5.0
2459,12,train_0058,12014.445898805312,9791.336333373361,29.133633337336143,0.0,12043.579532142649,14.4,0.66,0.0,0.0,5.0
2460,12,train_0084,11799.99934013288,10322.193536220873,82.21935362208734,0.0,11882.218693754967,17.46,0.68,0.0,0.0,5.0
2461,12,train_0352,11794.966584195865,10290.294138446654,79.0294138446654,0.0,11873.995998040531,16.08,0.58,0.0,0.0,5.0
2462,12,train_0443,12825.872188902465,10865.468494061624,136.54684940616244,0.0,12962.419038308628,16.36,0.6,0.0,0.0,5.0
2463,12,train_0567,12630.06038186186,11331.061488019017,183.1061488019017,0.0,12813.166530663762,16.36,0.72,0.0,0.0,5.0
2464,12,train_0248,12188.601873171518,10601.005605417951,110.10056054179513,0.0,12298.702433713313,17.3,0.52,0.0,0.0,5.0
2465,12,train_0102,12168.28207572428,10578.553391069116,107.85533910691157,0.0,12276.137414831192,13.92,0.62,0.0,0.0,5.0
2466,12,train_0151,12658.240092222673,10389.243879603226,88.92438796032258,0.0,12747.164480182995,14.06,0.64,0.0,0.0,5.0
2467,12,train_0464,12093.275911660694,10502.396078234744,100.2396078234744,0.0,12193.515519484168,15.6,0.64,0.0,0.0,5.0
2468,12,train_0394,12143.974988592301,10487.7353072137,98.77353072136994,0.0,12242.74851931367,14.62,0.6,0.0,0.0,5.0
2469,12,train_0234,12273.053437197645,10489.70977358563,98.97097735856296,0.0,12372.024414556208,15.08,0.54,0.0,0.0,5.0
2470,12,train_0335,12591.368614037887,10904.221494797788,140.42214947977882,0.0,12731.790763517665,18.18,0.54,0.0,0.0,5.0
2471,12,train_0139,12132.612744830309,10596.564976143594,109.65649761435944,0.0,12242.269242444669,14.08,0.64,0.0,0.0,5.0
2472,12,train_0338,12269.285575080336,10614.474499377005,111.44744993770055,0.0,12380.733025018037,17.88,0.64,0.0,0.0,5.0
2473,12,train_0308,12262.1817342231,10428.927742572178,92.89277425721775,0.0,12355.074508480318,16.44,0.62,0.0,0.0,5.0
2474,12,train_0097,12093.735112476359,10508.067892955853,100.80678929558526,0.0,12194.541901771945,16.92,0.66,0.0,0.0,5.0
2475,12,train_0114,12207.703862962619,10417.071391604797,91.70713916047971,0.0,12299.411002123099,15.22,0.7,0.0,0.0,5.0
2476,12,train_0483,12544.836480155971,10942.53735998041,144.25373599804098,0.0,12689.090216154013,16.66,0.66,0.0,0.0,5.0
2477,12,train_0267,12060.958231762257,10353.648267963366,85.36482679633664,0.0,12146.323058558593,16.16,0.7,0.0,0.0,5.0
2478,12,train_0080,12282.817493698281,10903.19805285705,140.31980528570494,0.0,12423.137298983986,15.56,0.58,0.0,0.0,5.0
2479,12,train_0351,12525.956302746152,10689.090584720921,118.90905847209216,0.0,12644.865361218244,16.06,0.6,0.0,0.0,5.0
2480,12,train_0299,12041.542201242695,10548.255448766875,104.8255448766875,0.0,12146.367746119382,13.76,0.62,0.0,0.0,5.0
2481,12,train_0462,12216.762877392062,10684.344904278665,118.43449042786652,0.0,12335.197367819928,16.74,0.4,0.0,0.0,5.0
2482,12,train_0090,12356.290503151256,10507.949838948374,100.79498389483743,0.0,12457.085487046093,14.84,0.62,0.0,0.0,5.0
2483,12,train_0488,12385.281662139594,10451.788062546679,95.17880625466788,0.0,12480.460468394262,14.54,0.56,0.0,0.0,5.0
2484,12,train_0545,12066.27931266415,10580.207016970988,108.02070169709879,0.0,12174.300014361248,17.3,0.58,0.0,0.0,5.0
2485,12,train_0533,11940.212195738055,10147.366747955486,64.73667479554861,0.0,12004.948870533604,15.74,0.56,0.0,0.0,5.0
2486,12,train_0092,12115.089725775222,10885.715525643533,138.57155256435325,0.0,12253.661278339576,16.16,0.66,0.0,0.0,5.0
2487,12,train_0291,12524.333019154703,10618.367278272532,111.83672782725317,0.0,12636.169746981956,15.34,0.58,0.0,0.0,5.0
2488,12,train_0209,12064.877693949296,10874.303054232485,137.4303054232485,0.0,12202.307999372544,16.68,0.56,0.0,0.0,5.0
2489,12,train_0548,12509.075422004345,10661.506182541403,116.15061825414033,0.0,12625.226040258485,16.0,0.64,0.0,0.0,5.0
2490,12,train_0537,12009.85244144789,10260.316709040875,76.03167090408752,0.0,12085.884112351978,15.74,0.58,0.0,0.0,5.0
2491,12,train_0537,11811.143111167556,10422.92017371062,92.29201737106196,0.0,11903.435128538618,17.46,0.7,0.0,0.0,5.0
2492,12,train_0518,12016.577054584457,10733.375282617819,123.33752826178188,0.0,12139.914582846239,14.2,0.72,0.0,0.0,5.0
2493,12,train_0293,11778.267668606986,10248.06354125086,74.806354125086,0.0,11853.074022732073,16.18,0.68,0.0,0.0,5.0
2494,12,train_0012,12781.483280693192,10818.314657612264,131.83146576122635,0.0,12913.314746454418,15.82,0.68,0.0,0.0,5.0
2495,12,train_0065,12466.794852251465,10629.338142670475,112.93381426704747,0.0,12579.728666518513,13.42,0.56,0.0,0.0,5.0
2496,12,train_0133,12213.453237058642,10695.215048420836,119.5215048420836,0.0,12332.974741900725,16.4,0.7,0.0,0.0,5.0
2497,12,train_0218,12539.156372771036,10777.8918321708,127.78918321708007,0.0,12666.945555988117,15.1,0.54,0.0,0.0,5.0
2498,12,train_0311,12222.07906721735,10677.296244551475,117.7296244551475,0.0,12339.808691672497,16.6,0.66,0.0,0.0,5.0
2499,12,train_0447,12238.428942919441,10359.920358437881,85.99203584378812,0.0,12324.42097876323,15.4,0.72,0.0,0.0,5.0
2500,12,train_0139,12093.61155474268,10438.129217906217,93.81292179062166,0.0,12187.424476533302,15.18,0.6,0.0,0.0,5.0
2501,12,train_0336,12010.118946080904,10670.793515304498,117.07935153044983,0.0,12127.198297611354,15.16,0.62,0.0,0.0,5.0
2502,12,train_0288,11829.284569557905,9888.586137497601,38.85861374976012,0.0,11868.143183307666,15.48,0.58,0.0,0.0,5.0
2503,12,train_0112,12112.827624628042,10792.50992104052,129.25099210405207,0.0,12242.078616732095,16.12,0.62,0.0,0.0,5.0
2504,12,train_0147,12427.668963035369,10803.520251544312,130.35202515443126,0.0,12558.020988189799,17.7,0.58,0.0,0.0,5.0
2505,12,train_0516,12452.292232259015,10600.49568404258,110.04956840425803,0.0,12562.341800663273,15.44,0.56,0.0,0.0,5.0
2506,12,train_0288,12040.65955183053,10055.474135853116,55.54741358531155,0.0,12096.20696541584,17.78,0.68,0.0,0.0,5.0
2507,12,train_0387,12150.898059532612,10113.488392940102,61.34883929401022,0.0,12212.246898826623,15.18,0.58,0.0,0.0,5.0
2508,12,train_0210,11857.652605087333,10441.512215418623,94.1512215418623,0.0,11951.803826629195,14.86,0.7,0.0,0.0,5.0
2509,12,train_0077,12122.066110085536,10327.4573052972,82.74573052971992,0.0,12204.811840615255,15.76,0.66,0.0,0.0,5.0
2510,12,train_0165,12253.405952643356,10263.671021980917,76.36710219809174,0.0,12329.773054841447,16.02,0.72,0.0,0.0,5.0
2511,12,train_0492,12129.813678784301,10630.75591832177,113.0755918321771,0.0,12242.889270616479,17.14,0.68,0.0,0.0,5.0
2512,12,train_0527,12220.37883291009,10334.894801122638,83.48948011226385,0.0,12303.868313022354,14.94,0.64,0.0,0.0,5.0
2513,12,train_0308,12077.353042772527,10632.495354413299,113.24953544132987,0.0,12190.602578213857,17.28,0.58,0.0,0.0,5.0
2514,12,train_0388,12204.35964934454,10780.44251235972,128.04425123597193,0.0,12332.403900580512,13.26,0.72,0.0,0.0,5.0
2515,12,train_0214,11970.576732437172,10266.328682126441,76.6328682126441,0.0,12047.209600649816,16.16,0.58,0.0,0.0,5.0
2516,12,train_0538,12368.968917449598,10745.203116547105,124.52031165471054,0.0,12493.489229104309,15.84,0.66,0.0,0.0,5.0
2517,12,train_0314,12096.684872086624,10573.119954478501,107.31199544785014,0.0,12203.996867534473,15.88,0.6,0.0,0.0,5.0
2518,12,train_0387,11898.041289425286,10087.796782418021,58.779678241802145,0.0,11956.820967667089,16.86,0.66,0.0,0.0,5.0
2519,12,train_0324,12289.694783716706,10319.46861569951,81.94686156995104,0.0,12371.641645286658,14.92,0.62,0.0,0.0,5.0
2520,12,train_0328,12350.38086722308,10683.175783934568,118.31757839345683,0.0,12468.698445616537,15.24,0.56,0.0,0.0,5.0
2521,12,train_0586,12075.591534623056,10682.698312293604,118.26983122936036,0.0,12193.861365852415,16.0,0.7,0.0,0.0,5.0
2522,12,train_0314,12264.663853545142,10376.579668249895,87.6579668249895,0.0,12352.32182037013,16.22,0.46,0.0,0.0,5.0
2523,12,train_0410,12360.068856810956,10773.88371793268,127.38837179326802,0.0,12487.457228604224,18.76,0.5,0.0,0.0,5.0
2524,12,train_0252,12258.571231328768,9988.29643722502,48.829643722502084,0.0,12307.40087505127,15.46,0.76,0.0,0.0,5.0
2525,12,train_0164,12024.010371869217,10276.70464780513,77.67046478051307,0.0,12101.68083664973,15.5,0.66,0.0,0.0,5.0
2526,12,train_0088,12251.442937069169,10613.74016026924,111.37401602692408,0.0,12362.816953096093,16.18,0.62,0.0,0.0,5.0
2527,12,train_0250,11923.81901591834,10425.444823894893,92.54448238948936,0.0,12016.363498307828,15.74,0.6,0.0,0.0,5.0
2528,12,train_0346,12633.343561070193,10757.994350281968,125.7994350281968,0.0,12759.14299609839,17.54,0.66,0.0,0.0,5.0
2529,12,train_0067,12192.245210887279,10114.040866041309,61.40408660413087,0.0,12253.649297491409,17.26,0.66,0.0,0.0,5.0
2530,12,train_0570,12100.489182209223,10410.17113588343,91.0171135883431,0.0,12191.506295797566,14.86,0.5,0.0,0.0,5.0
2531,12,train_0212,11962.668134298685,10755.287752099786,125.52877520997863,0.0,12088.196909508664,15.54,0.66,0.0,0.0,5.0
2532,12,train_0568,12330.915348716546,11166.533349941652,166.65333499416522,0.0,12497.568683710711,15.44,0.58,0.0,0.0,5.0
2533,12,train_0484,12567.723529981293,10532.51595037511,103.25159503751092,0.0,12670.975125018804,12.68,0.64,0.0,0.0,5.0
2534,12,train_0066,12124.208090111211,10786.779531247892,128.6779531247892,0.0,12252.886043236,17.3,0.52,0.0,0.0,5.0
2535,12,train_0242,12284.125939129093,10755.854479615195,125.58544796151946,0.0,12409.711387090612,14.68,0.54,0.0,0.0,5.0
2536,12,train_0080,12304.305289035825,10970.824914939545,147.0824914939545,0.0,12451.38778052978,16.08,0.68,0.0,0.0,5.0
2537,12,train_0485,12000.9634440527,10203.308879973887,70.33088799738871,0.0,12071.294332050089,16.62,0.64,0.0,0.0,5.0
2538,12,train_0202,12423.152323562093,10438.423106990102,93.84231069901017,0.0,12516.994634261104,16.18,0.6,0.0,0.0,5.0
2539,12,train_0188,12212.694303684297,10758.695786806085,125.86957868060854,0.0,12338.563882364906,15.36,0.64,0.0,0.0,5.0
2540,12,train_0469,12601.720870537909,10949.123278685413,144.91232786854127,0.0,12746.63319840645,15.46,0.54,0.0,0.0,5.0
2541,12,train_0373,12470.798011285427,10802.133556476047,130.21335564760466,0.0,12601.011366933031,16.58,0.72,0.0,0.0,5.0
2542,12,train_0006,12300.85766628906,10212.543406697589,71.25434066975886,0.0,12372.112006958818,15.92,0.66,0.0,0.0,5.0
2543,12,train_0044,12517.58134673316,10537.963362927369,103.79633629273685,0.0,12621.377683025898,16.82,0.56,0.0,0.0,5.0
2544,12,train_0016,12221.243285826513,10500.072044419141,100.00720444191411,0.0,12321.250490268427,17.34,0.72,0.0,0.0,5.0
2545,12,train_0080,12298.196852318899,10952.66836807279,145.26683680727893,0.0,12443.463689126178,15.02,0.64,0.0,0.0,5.0
2546,12,train_0258,12824.686314803817,10610.272097497771,111.02720974977711,0.0,12935.713524553594,14.62,0.66,0.0,0.0,5.0
2547,12,train_0245,11826.033756449928,10178.382055177626,67.83820551776262,0.0,11893.87196196769,15.0,0.74,0.0,0.0,5.0
2548,12,train_0212,12066.478175376955,10521.971332233465,102.19713322334647,0.0,12168.675308600301,15.0,0.66,0.0,0.0,5.0
2549,12,train_0550,12242.87821546581,10491.009196535362,99.10091965353622,0.0,12341.979135119345,18.06,0.6,0.0,0.0,5.0
2550,12,train_0338,12218.832320480742,10606.000146291495,110.60001462914953,0.0,12329.432335109892,16.52,0.54,0.0,0.0,5.0
2551,12,train_0427,12241.313506160575,10486.980909923084,98.69809099230844,0.0,12340.011597152883,16.56,0.68,0.0,0.0,5.0
2552,12,train_0104,12202.785071810427,10729.366816170754,122.93668161707538,0.0,12325.721753427502,17.56,0.58,0.0,0.0,5.0
2553,12,train_0132,12245.426116008672,10750.767052764544,125.07670527645442,0.0,12370.502821285127,17.14,0.52,0.0,0.0,5.0
2554,12,train_0150,12220.682200081912,10415.346942330008,91.53469423300085,0.0,12312.216894314914,16.26,0.6,0.0,0.0,5.0
2555,12,train_0178,12037.14011733744,10494.863061329137,99.48630613291371,0.0,12136.626423470354,15.58,0.78,0.0,0.0,5.0
2556,12,train_0435,11937.679272104058,10146.998051542645,64.69980515426451,0.0,12002.379077258323,15.66,0.64,0.0,0.0,5.0
2557,12,train_0026,11793.925274669096,10322.705543330176,82.27055433301757,0.0,11876.195829002114,15.34,0.52,0.0,0.0,5.0
2558,12,train_0044,12595.66395696357,11053.761984629447,155.37619846294476,0.0,12751.040155426515,16.66,0.6,0.0,0.0,5.0
2559,12,train_0384,11909.757190477721,10486.617653575033,98.66176535750328,0.0,12008.418955835225,15.08,0.62,0.0,0.0,5.0
2560,12,train_0081,12131.620182700579,10466.320461280857,96.63204612808568,0.0,12228.252228828664,16.64,0.66,0.0,0.0,5.0
2561,12,train_0568,12463.806620420404,11250.186914563248,175.01869145632483,0.0,12638.82531187673,14.1,0.52,0.0,0.0,5.0
2562,12,train_0016,12034.104310136861,10724.262456150504,122.42624561505036,0.0,12156.530555751911,15.76,0.64,0.0,0.0,5.0
2563,12,train_0385,12634.934494960344,11213.726555381683,171.37265553816835,0.0,12806.307150498513,16.04,0.66,0.0,0.0,5.0
2564,12,train_0239,12129.864870886631,10722.414158103362,122.24141581033619,0.0,12252.106286696968,14.94,0.76,0.0,0.0,5.0
2565,12,train_0453,12481.34893916158,10246.957450558499,74.69574505584988,0.0,12556.04468421743,16.86,0.58,0.0,0.0,5.0
2566,12,train_0543,12285.118755297972,10694.916193389481,119.49161933894811,0.0,12404.610374636919,14.66,0.64,0.0,0.0,5.0
2567,12,train_0227,12502.419759062714,10674.509924176637,117.45099241766366,0.0,12619.870751480377,16.66,0.62,0.0,0.0,5.0
2568,12,train_0368,12180.664328106162,10916.997758675778,141.69977586757778,0.0,12322.36410397374,14.96,0.64,0.0,0.0,5.0
2569,12,train_0468,12062.152962808377,10479.849164655276,97.98491646552758,0.0,12160.137879273905,15.2,0.74,0.0,0.0,5.0
2570,12,train_0280,12359.856736558622,10433.132203966908,93.31322039669085,0.0,12453.169956955313,15.52,0.58,0.0,0.0,5.0
2571,12,train_0293,12163.48151606715,10098.197688591554,59.819768859155374,0.0,12223.301284926305,16.92,0.66,0.0,0.0,5.0
2572,12,train_0226,11832.467864850869,10446.601321194474,94.66013211944738,0.0,11927.127996970316,15.86,0.62,0.0,0.0,5.0
2573,12,train_0426,11998.414848740096,10516.872065475545,101.68720654755452,0.0,12100.10205528765,17.9,0.58,0.0,0.0,5.0
2574,12,train_0580,12226.36964579979,11082.175920572976,158.2175920572976,0.0,12384.587237857088,15.88,0.62,0.0,0.0,5.0
2575,12,train_0155,12113.622256539424,10868.990913362832,136.89909133628316,0.0,12250.521347875707,14.78,0.62,0.0,0.0,5.0
2576,12,train_0166,12047.135564149901,10008.414332401808,50.84143324018078,0.0,12097.976997390082,14.22,0.74,0.0,0.0,5.0
2577,12,train_0422,12304.242481763065,10666.697665648611,116.66976656486113,0.0,12420.912248327926,14.9,0.7,0.0,0.0,5.0
2578,12,train_0224,12084.287479895185,10675.757689698521,117.5757689698521,0.0,12201.863248865036,14.74,0.64,0.0,0.0,5.0
2579,12,train_0140,12062.972003594658,10251.354798407683,75.13547984076831,0.0,12138.107483435426,14.1,0.6,0.0,0.0,5.0
2580,12,train_0039,12451.958482288097,10865.830456317932,136.58304563179317,0.0,12588.54152791989,17.56,0.68,0.0,0.0,5.0
2581,12,train_0201,12166.289517422347,10407.196583225403,90.71965832254028,0.0,12257.009175744886,16.2,0.68,0.0,0.0,5.0
2582,12,train_0302,12275.645451158594,10759.56572756224,125.95657275622398,0.0,12401.602023914818,15.04,0.68,0.0,0.0,5.0
2583,12,train_0170,11757.336847738858,10459.050681467885,95.90506814678848,0.0,11853.241915885646,17.2,0.6,0.0,0.0,5.0
2584,12,train_0428,12573.239804433611,10551.257469277327,105.12574692773269,0.0,12678.365551361345,16.74,0.6,0.0,0.0,5.0
2585,12,train_0262,12280.380920490905,10619.032192142342,111.9032192142342,0.0,12392.28413970514,16.02,0.66,0.0,0.0,5.0
2586,12,train_0197,12651.383850312177,10631.269565567647,113.12695655676471,0.0,12764.510806868942,16.16,0.64,0.0,0.0,5.0
2587,12,train_0129,12346.8590517277,11018.688996782286,151.86889967822864,0.0,12498.72795140593,15.42,0.6,0.0,0.0,5.0
2588,12,train_0242,12357.491710101101,11254.8290408697,175.48290408696994,0.0,12532.974614188071,15.32,0.62,0.0,0.0,5.0
2589,12,train_0362,12058.528978163284,10630.533337593519,113.05333375935189,0.0,12171.582311922635,16.28,0.66,0.0,0.0,5.0
2590,12,train_0358,12471.780104452288,10701.571478264093,120.15714782640936,0.0,12591.937252278696,15.98,0.66,0.0,0.0,5.0
2591,12,train_0387,12001.264125985228,10192.289671341423,69.2289671341423,0.0,12070.49309311937,16.22,0.58,0.0,0.0,5.0
2592,12,train_0227,12709.554071210565,10612.09484338905,111.20948433890499,0.0,12820.76355554947,16.82,0.58,0.0,0.0,5.0
2593,12,train_0136,12096.733326292,10503.339255791718,100.33392557917178,0.0,12197.067251871173,17.88,0.66,0.0,0.0,5.0
2594,12,train_0595,11697.946208716781,10339.965044679964,83.99650446799643,0.0,11781.942713184777,17.7,0.7,0.0,0.0,5.0
2595,12,train_0463,11917.44769840266,10178.231792806975,67.82317928069752,0.0,11985.270877683359,16.5,0.78,0.0,0.0,5.0
2596,12,train_0539,12040.602089516524,10382.794768513593,88.27947685135933,0.0,12128.881566367883,14.24,0.68,0.0,0.0,5.0
2597,12,train_0398,12028.37541169405,10239.110973157682,73.91109731576817,0.0,12102.286509009818,14.72,0.7,0.0,0.0,5.0
2598,12,train_0485,11612.436173833703,10481.012716010593,98.10127160105931,0.0,11710.537445434762,16.5,0.64,0.0,0.0,5.0
2599,12,train_0574,12295.13672577735,10570.956750718664,107.0956750718664,0.0,12402.232400849218,14.56,0.62,0.0,0.0,5.0
2600,12,train_0187,12171.383423958247,10397.612675823988,89.7612675823988,0.0,12261.144691540645,15.88,0.64,0.0,0.0,5.0
2601,12,train_0519,12604.883337501391,10796.257818163958,129.62578181639583,0.0,12734.509119317787,18.0,0.6,0.0,0.0,5.0
2602,12,train_0347,12370.678024527606,10229.59528210442,72.95952821044193,0.0,12443.637552738048,16.88,0.58,0.0,0.0,5.0
2603,12,train_0567,12903.380961666477,11148.23712425459,164.82371242545906,0.0,13068.204674091936,15.62,0.62,0.0,0.0,5.0
2604,12,train_0566,11972.85717839348,10181.274406232544,68.12744062325437,0.0,12040.984619016735,14.5,0.52,0.0,0.0,5.0
2605,12,train_0553,11623.037876781364,10069.85726899382,56.985726899381916,0.0,11680.023603680746,15.88,0.64,0.0,0.0,5.0
2606,12,train_0554,12097.342389645692,10491.222761664489,99.12227616644887,0.0,12196.46466581214,13.58,0.56,0.0,0.0,5.0
2607,12,train_0543,12301.63913587781,10663.627807498768,116.36278074987678,0.0,12418.001916627685,15.34,0.66,0.0,0.0,5.0
2608,12,train_0401,11773.375893181303,10433.22678445869,93.32267844586896,0.0,11866.698571627172,16.16,0.64,0.0,0.0,5.0
2609,12,train_0590,12178.09605826667,10527.437193323345,102.74371933233452,0.0,12280.839777599005,17.3,0.62,0.0,0.0,5.0
2610,12,train_0549,12428.327109588507,10398.877155729797,89.88771557297969,0.0,12518.214825161485,15.98,0.64,0.0,0.0,5.0
2611,12,train_0573,11759.908215122927,10178.20174151014,67.820174151014,0.0,11827.728389273942,15.54,0.68,0.0,0.0,5.0
2612,12,train_0309,12478.715736246479,10418.995263528073,91.89952635280734,0.0,12570.615262599285,13.18,0.58,0.0,0.0,5.0
2613,12,train_0213,11911.83699867622,10665.649103976464,116.56491039764643,0.0,12028.401909073868,16.74,0.6,0.0,0.0,5.0
2614,12,train_0102,12273.412270780578,10177.195950010571,67.71959500105713,0.0,12341.131865781635,14.0,0.6,0.0,0.0,5.0
2615,12,train_0079,12218.813347457482,10647.13813989462,114.71381398946197,0.0,12333.527161446944,15.88,0.7,0.0,0.0,5.0
2616,12,train_0403,12372.6273540644,10841.534134101941,134.15341341019413,0.0,12506.780767474595,14.2,0.66,0.0,0.0,5.0
2617,12,train_0558,12776.124303859095,10724.447656029799,122.4447656029799,0.0,12898.569069462075,15.08,0.54,0.0,0.0,5.0
2618,12,train_0394,12119.94919571207,10543.095499961582,104.30954999615824,0.0,12224.258745708228,15.08,0.5,0.0,0.0,5.0
2619,12,train_0187,12003.720927846727,10705.576808607279,120.55768086072786,0.0,12124.278608707455,15.88,0.62,0.0,0.0,5.0
2620,12,train_0112,12088.326145550429,10575.647491435027,107.56474914350275,0.0,12195.890894693932,16.68,0.66,0.0,0.0,5.0
2621,12,train_0519,12269.915059157116,10810.783090602283,131.0783090602283,0.0,12400.993368217345,18.12,0.64,0.0,0.0,5.0
2622,12,train_0024,11860.928816182448,10285.753517277084,78.57535172770841,0.0,11939.504167910156,15.7,0.66,0.0,0.0,5.0
2623,12,train_0597,12270.633852442495,10604.709400242653,110.4709400242653,0.0,12381.10479246676,16.14,0.66,0.0,0.0,5.0
2624,12,train_0106,12795.50056498863,10838.865141362103,133.88651413621028,0.0,12929.387079124841,16.98,0.52,0.0,0.0,5.0
2625,12,train_0372,12202.822232709448,10816.187061833476,131.6187061833476,0.0,12334.440938892796,16.42,0.62,0.0,0.0,5.0
2626,12,train_0504,12065.123081379777,10714.454941087915,121.44549410879154,0.0,12186.568575488569,15.28,0.68,0.0,0.0,5.0
2627,12,train_0171,12562.775032367073,10941.846950038582,144.1846950038582,0.0,12706.959727370931,15.98,0.58,0.0,0.0,5.0
2628,12,train_0040,12279.776375606441,10781.454882749234,128.14548827492345,0.0,12407.921863881365,17.76,0.7,0.0,0.0,5.0
2629,12,train_0398,11983.234293311281,10137.66772066508,63.766772066508025,0.0,12047.00106537779,13.44,0.62,0.0,0.0,5.0
2630,12,train_0539,11921.09369885248,10340.588393093489,84.05883930934888,0.0,12005.15253816183,15.28,0.66,0.0,0.0,5.0
2631,12,train_0506,12253.522974281223,10228.51357824167,72.85135782416693,0.0,12326.37433210539,15.58,0.62,0.0,0.0,5.0
2632,12,train_0254,12370.46147187917,10616.083730979008,111.60837309790077,0.0,12482.069844977072,16.16,0.58,0.0,0.0,5.0
2633,12,train_0102,12016.074455435228,10434.143582717905,93.41435827179049,0.0,12109.488813707017,14.34,0.6,0.0,0.0,5.0
2634,12,train_0115,12393.653730109447,10813.60352129038,131.3603521290381,0.0,12525.014082238486,15.56,0.7,0.0,0.0,5.0
2635,12,train_0526,12139.812704468493,10386.410414657614,88.64104146576138,0.0,12228.453745934255,14.06,0.62,0.0,0.0,5.0
2636,12,train_0318,12224.340783076812,10640.473810767104,114.04738107671038,0.0,12338.388164153523,18.04,0.58,0.0,0.0,5.0
2637,12,train_0431,12216.9241064115,10404.706656390594,90.47066563905938,0.0,12307.394772050558,15.2,0.66,0.0,0.0,5.0
2638,12,train_0483,13048.612141345744,10399.881375030076,89.98813750300761,0.0,13138.600278848751,13.62,0.62,0.0,0.0,5.0
2639,12,train_0553,11710.187465537963,10181.1608448382,68.11608448381995,0.0,11778.303550021783,16.46,0.62,0.0,0.0,5.0
2640,12,train_0170,12007.286734734575,10462.528567153728,96.25285671537277,0.0,12103.539591449948,17.76,0.56,0.0,0.0,5.0
2641,12,train_0207,11784.66319347731,10222.72908805276,72.27290880527599,0.0,11856.936102282587,15.54,0.54,0.0,0.0,5.0
2642,12,train_0360,11865.702843667721,10652.235157537041,115.22351575370413,0.0,11980.926359421424,16.42,0.58,0.0,0.0,5.0
2643,12,train_0546,12216.350156487577,10517.529469028861,101.75294690288611,0.0,12318.103103390464,19.5,0.76,0.0,0.0,5.0
2644,12,train_0501,12434.875184039352,10784.077466988027,128.40774669880267,0.0,12563.282930738154,18.28,0.62,0.0,0.0,5.0
2645,12,train_0110,12115.520116630687,10627.652339824159,112.7652339824159,0.0,12228.285350613103,17.78,0.62,0.0,0.0,5.0
2646,12,train_0530,12171.711867935683,11045.715885048654,154.57158850486542,0.0,12326.283456440548,16.4,0.42,0.0,0.0,5.0
2647,12,train_0435,11855.585119481177,10545.658738870708,104.56587388707085,0.0,11960.150993368248,15.92,0.72,0.0,0.0,5.0
2648,12,train_0495,12499.23181378487,10660.344282739428,116.03442827394284,0.0,12615.266242058813,17.96,0.62,0.0,0.0,5.0
2649,12,train_0558,12786.44650448783,10633.22616777506,113.32261677750594,0.0,12899.769121265337,15.74,0.74,0.0,0.0,5.0
2650,12,train_0032,12444.597408976197,10557.12652272145,105.712652272145,0.0,12550.310061248341,16.66,0.62,0.0,0.0,5.0
2651,12,train_0331,11946.008414885233,10628.321670464444,112.83216704644438,0.0,12058.840581931678,16.94,0.72,0.0,0.0,5.0
2652,12,train_0018,12216.326004216022,10596.18205527822,109.61820552782193,0.0,12325.944209743844,16.5,0.6,0.0,0.0,5.0
2653,12,train_0090,12339.069419063193,10442.270585793192,94.22705857931925,0.0,12433.296477642512,15.6,0.58,0.0,0.0,5.0
2654,12,train_0199,12265.85821502936,10710.692499262836,121.06924992628356,0.0,12386.927464955645,15.44,0.54,0.0,0.0,5.0
2655,12,train_0576,12011.667861220154,10272.950352844991,77.29503528449914,0.0,12088.962896504654,14.56,0.6,0.0,0.0,5.0
2656,13,train_0390,12200.624969513507,10730.340140682496,123.0340140682496,0.0,12323.658983581756,17.48,0.64,0.0,0.0,5.0
2657,13,train_0352,12128.241756412244,10160.84694654535,66.08469465453508,0.0,12194.32645106678,15.66,0.68,0.0,0.0,5.0
2658,13,train_0051,12323.208748228855,10717.351079040269,121.73510790402689,0.0,12444.943856132883,17.16,0.6,0.0,0.0,5.0
2659,13,train_0165,12008.464637362144,10558.753329114224,105.87533291142245,0.0,12114.339970273566,15.98,0.58,0.0,0.0,5.0
2660,13,train_0008,12173.513133394385,10740.904741840408,124.0904741840408,0.0,12297.603607578425,14.16,0.62,0.0,0.0,5.0
2661,13,train_0551,12244.380846138009,10172.975799186504,67.29757991865044,0.0,12311.678426056658,16.84,0.66,0.0,0.0,5.0
2662,13,train_0243,12339.192872968943,10853.179808981844,135.3179808981844,0.0,12474.510853867127,17.66,0.6,0.0,0.0,5.0
2663,13,train_0495,12141.079582244964,11009.48126519025,150.94812651902504,0.0,12292.027708763988,17.34,0.66,0.0,0.0,5.0
2664,13,train_0029,12149.865807435277,10471.850268956412,97.18502689564122,0.0,12247.050834330917,16.58,0.6,0.0,0.0,5.0
2665,13,train_0563,12320.556595053022,10558.96637483733,105.89663748373296,0.0,12426.453232536755,14.98,0.6,0.0,0.0,5.0
2666,13,train_0323,12430.559918181012,10713.460268410941,121.34602684109414,0.0,12551.905945022107,15.04,0.5,0.0,0.0,5.0
2667,13,train_0388,12391.812084985526,10431.067272227487,93.10672722274867,0.0,12484.918812208274,14.46,0.6,0.0,0.0,5.0
2668,13,train_0434,12303.257025091414,11015.507135628188,151.5507135628188,0.0,12454.807738654234,14.92,0.68,0.0,0.0,5.0
2669,13,train_0131,12655.11055434591,10807.539157597332,130.7539157597332,0.0,12785.864470105644,15.96,0.52,0.0,0.0,5.0
2670,13,train_0286,12787.217366830222,10281.709415463622,78.17094154636216,0.0,12865.388308376585,14.24,0.7,0.0,0.0,5.0
2671,13,train_0358,12018.187217005783,10829.288567143447,132.9288567143447,0.0,12151.116073720128,14.74,0.72,0.0,0.0,5.0
2672,13,train_0475,11854.574312449857,10344.989289696678,84.49892896966776,0.0,11939.073241419524,16.1,0.66,0.0,0.0,5.0
2673,13,train_0304,12790.528193397899,10965.952527756579,146.5952527756579,0.0,12937.123446173557,16.84,0.68,0.0,0.0,5.0
2674,13,train_0351,12368.308768018042,10939.286897325852,143.92868973258518,0.0,12512.237457750627,17.72,0.6,0.0,0.0,5.0
2675,13,train_0304,12692.55088378711,10679.610823103216,117.96108231032159,0.0,12810.51196609743,16.5,0.62,0.0,0.0,5.0
2676,13,train_0191,12360.798767546048,10653.533908658497,115.35339086584973,0.0,12476.152158411898,16.56,0.54,0.0,0.0,5.0
2677,13,train_0008,12176.247989127713,10756.877314224294,125.68773142242935,0.0,12301.935720550142,12.96,0.6,0.0,0.0,5.0
2678,13,train_0481,11941.627009472468,10467.410585311092,96.74105853110923,0.0,12038.368068003578,15.48,0.56,0.0,0.0,5.0
2679,13,train_0154,12594.934043961557,10407.91509279855,90.79150927985502,0.0,12685.725553241413,19.16,0.7,0.0,0.0,5.0
2680,13,train_0234,12128.841471037293,10785.114004442563,128.51140044425628,0.0,12257.35287148155,16.22,0.58,0.0,0.0,5.0
2681,13,train_0161,12243.55346289827,10628.857889500372,112.88578895003721,0.0,12356.439251848307,15.3,0.6,0.0,0.0,5.0
2682,13,train_0417,12014.680697706419,10432.11841882746,93.21184188274601,0.0,12107.892539589166,14.98,0.58,0.0,0.0,5.0
2683,13,train_0052,12493.349173856554,10690.474354664548,119.04743546645477,0.0,12612.396609323008,16.02,0.64,0.0,0.0,5.0
2684,13,train_0275,12150.94445251246,10601.512559234594,110.1512559234594,0.0,12261.09570843592,14.8,0.6,0.0,0.0,5.0
2685,13,train_0227,12716.080002419576,10698.637767347427,119.86377673474271,0.0,12835.943779154319,18.36,0.62,0.0,0.0,5.0
2686,13,train_0360,11912.653658126776,10619.109325967731,111.9109325967731,0.0,12024.564590723548,15.74,0.62,0.0,0.0,5.0
2687,13,train_0269,11555.318744431868,10132.017756953024,63.20177569530242,0.0,11618.520520127171,14.18,0.64,0.0,0.0,5.0
2688,13,train_0128,12104.298592405165,10233.169446972373,73.31694469723735,0.0,12177.615537102402,15.24,0.6,0.0,0.0,5.0
2689,13,train_0411,12732.736654376837,10805.722245323632,130.57222453236318,0.0,12863.3088789092,15.3,0.62,0.0,0.0,5.0
2690,13,train_0473,12195.663638224227,10246.797674491478,74.67976744914777,0.0,12270.343405673375,17.62,0.62,0.0,0.0,5.0
2691,13,train_0311,12258.050691976714,10433.46763039767,93.34676303976704,0.0,12351.39745501648,16.06,0.8,0.0,0.0,5.0
2692,13,train_0426,12064.154848420518,10469.328493881505,96.9328493881505,0.0,12161.087697808669,18.28,0.64,0.0,0.0,5.0
2693,13,train_0272,12639.409711504182,10365.878650348492,86.58786503484917,0.0,12725.997576539032,15.48,0.52,0.0,0.0,5.0
2694,13,train_0328,12476.115491316312,10432.679300477499,93.26793004774991,0.0,12569.383421364062,16.42,0.64,0.0,0.0,5.0
2695,13,train_0087,12532.815534132369,10844.122189629354,134.41221896293538,0.0,12667.227753095305,16.02,0.74,0.0,0.0,5.0
2696,13,train_0354,11856.47993409347,10161.332051281663,66.13320512816627,0.0,11922.613139221636,16.52,0.7,0.0,0.0,5.0
2697,13,train_0141,12341.69896284492,10811.1278068346,131.11278068346002,0.0,12472.811743528378,14.52,0.54,0.0,0.0,5.0
2698,13,train_0521,12202.143996267418,10572.157458893827,107.21574588938275,0.0,12309.359742156801,17.14,0.68,0.0,0.0,5.0
2699,13,train_0192,12414.371023207246,10721.180095181946,122.1180095181946,0.0,12536.489032725442,18.06,0.7,0.0,0.0,5.0
2700,13,train_0107,12356.154248750494,10834.543934662132,133.45439346621316,0.0,12489.608642216706,15.88,0.7,0.0,0.0,5.0
2701,13,train_0089,12136.276685854918,11154.96288024926,165.4962880249261,0.0,12301.772973879844,15.46,0.56,0.0,0.0,5.0
2702,13,train_0008,12702.788718939526,10438.130005749681,93.8130005749681,0.0,12796.601719514494,15.04,0.6,0.0,0.0,5.0
2703,13,train_0154,12639.564627620017,10532.60143883297,103.26014388329696,0.0,12742.824771503314,17.28,0.66,0.0,0.0,5.0
2704,13,train_0144,12543.611420887482,11138.90704498129,163.890704498129,0.0,12707.502125385612,15.08,0.52,0.0,0.0,5.0
2705,13,train_0242,12800.170042024994,10277.762513520804,77.77625135208037,0.0,12877.946293377076,16.06,0.68,0.0,0.0,5.0
2706,13,train_0012,12637.51395680974,10922.03679445937,142.2036794459371,0.0,12779.717636255677,15.36,0.54,0.0,0.0,5.0
2707,13,train_0138,12137.363151889327,10529.152220206779,102.9152220206779,0.0,12240.278373910005,16.58,0.6,0.0,0.0,5.0
2708,13,train_0525,11923.075015952661,10420.989407763374,92.09894077633744,0.0,12015.173956728999,15.0,0.56,0.0,0.0,5.0
2709,13,train_0153,12008.50841706086,10561.547630754107,106.15476307541067,0.0,12114.663180136271,16.86,0.62,0.0,0.0,5.0
2710,13,train_0541,12404.777266811469,10728.729171004348,122.87291710043483,0.0,12527.650183911903,16.18,0.58,0.0,0.0,5.0
2711,13,train_0470,12170.00698126909,10148.67514939938,64.86751493993798,0.0,12234.87449620903,15.44,0.72,0.0,0.0,5.0
2712,13,train_0048,12294.709292699696,10590.770085875574,109.07700858755743,0.0,12403.786301287253,16.76,0.64,0.0,0.0,5.0
2713,13,train_0217,12449.938497109317,10600.157433885137,110.0157433885137,0.0,12559.954240497831,17.92,0.72,0.0,0.0,5.0
2714,13,train_0019,12546.546682382737,10659.532537155623,115.95325371556228,0.0,12662.4999360983,13.38,0.56,0.0,0.0,5.0
2715,13,train_0229,12604.595073796236,10734.284883429997,123.42848834299967,0.0,12728.023562139235,15.82,0.7,0.0,0.0,5.0
2716,13,train_0241,12016.01832852761,10293.040077137779,79.3040077137779,0.0,12095.322336241388,15.14,0.7,0.0,0.0,5.0
2717,13,train_0469,12794.876993060163,10747.866271754065,124.78662717540647,0.0,12919.66362023557,15.8,0.56,0.0,0.0,5.0
2718,13,train_0211,12394.071825749877,10631.972479903505,113.19724799035049,0.0,12507.269073740228,16.08,0.62,0.0,0.0,5.0
2719,13,train_0460,12244.840116968136,10467.862873822844,96.78628738228436,0.0,12341.626404350422,14.38,0.62,0.0,0.0,5.0
2720,13,train_0309,12205.253838553934,11011.316503004928,151.13165030049277,0.0,12356.385488854427,13.54,0.52,0.0,0.0,5.0
2721,13,train_0429,12505.537545368337,10760.83132138129,126.08313213812909,0.0,12631.620677506466,14.02,0.64,0.0,0.0,5.0
2722,13,train_0197,12645.367112155696,10507.325429404755,100.73254294047547,0.0,12746.099655096172,14.62,0.54,0.0,0.0,5.0
2723,13,train_0348,12130.186467710704,10766.561654490704,126.65616544907044,0.0,12256.842633159775,15.48,0.64,0.0,0.0,5.0
2724,13,train_0017,12358.068486901713,10432.363659606932,93.23636596069319,0.0,12451.304852862406,15.22,0.72,0.0,0.0,5.0
2725,13,train_0037,12849.63699865552,11130.720578971755,163.07205789717557,0.0,13012.709056552696,17.02,0.6,0.0,0.0,5.0
2726,13,train_0442,12400.02788930367,10565.402368766452,106.54023687664522,0.0,12506.568126180315,14.7,0.6,0.0,0.0,5.0
2727,13,train_0516,12455.502401368543,10630.801410267552,113.08014102675516,0.0,12568.5825423953,14.66,0.68,0.0,0.0,5.0
2728,13,train_0047,12053.435630085436,10502.424887670237,100.24248876702369,0.0,12153.67811885246,14.16,0.54,0.0,0.0,5.0
2729,13,train_0376,12276.98724644147,10593.971614997976,109.39716149979759,0.0,12386.384407941267,17.26,0.6,0.0,0.0,5.0
2730,13,train_0068,12500.92863922329,10428.065418301907,92.8065418301907,0.0,12593.73518105348,16.48,0.6,0.0,0.0,5.0
2731,13,train_0564,12513.348888306642,10443.98443564701,94.39844356470094,0.0,12607.747331871344,16.62,0.62,0.0,0.0,5.0
2732,13,train_0039,12705.925580952658,10409.666142721966,90.96661427219661,0.0,12796.892195224855,15.96,0.64,0.0,0.0,5.0
2733,13,train_0108,12302.088201142004,10581.330946932469,108.13309469324686,0.0,12410.22129583525,17.86,0.68,0.0,0.0,5.0
2734,13,train_0493,11836.028817919758,10302.6183740597,80.26183740597008,0.0,11916.290655325727,16.92,0.66,0.0,0.0,5.0
2735,13,train_0070,11693.371784660016,10054.718677370043,55.471867737004324,0.0,11748.84365239702,14.88,0.52,0.0,0.0,5.0
2736,13,train_0099,11748.278199246117,10475.501523083884,97.55015230838836,0.0,11845.828351554504,16.2,0.66,0.0,0.0,5.0
2737,13,train_0541,12568.729029494782,10640.824174934103,114.08241749341033,0.0,12682.811446988191,16.98,0.52,0.0,0.0,5.0
2738,13,train_0047,12056.532640591893,10354.59423293269,85.459423293269,0.0,12141.992063885162,14.02,0.58,0.0,0.0,5.0
2739,13,train_0189,11987.87930851592,10336.23777187253,83.62377718725293,0.0,12071.503085703172,15.1,0.68,0.0,0.0,5.0
2740,13,train_0524,11684.41105529727,10135.377841332382,63.53778413323817,0.0,11747.948839430508,16.3,0.52,0.0,0.0,5.0
2741,13,train_0575,12401.213107201003,10833.596637887844,133.3596637887844,0.0,12534.572770989787,17.08,0.56,0.0,0.0,5.0
2742,13,train_0076,11929.961016361354,10648.201822811607,114.82018228116067,0.0,12044.781198642515,15.38,0.56,0.0,0.0,5.0
2743,13,train_0453,12226.746618969948,10509.7098588754,100.97098588753998,0.0,12327.717604857487,16.36,0.62,0.0,0.0,5.0
2744,13,train_0563,12291.696558456379,10474.869785188945,97.48697851889447,0.0,12389.183536975273,16.08,0.62,0.0,0.0,5.0
2745,13,train_0134,12712.932541117516,10453.01476283091,95.30147628309096,0.0,12808.234017400608,14.08,0.66,0.0,0.0,5.0
2746,13,train_0311,12275.544724935055,10539.8127567429,103.98127567429002,0.0,12379.526000609345,15.74,0.62,0.0,0.0,5.0
2747,13,train_0375,12477.701400319405,10768.979280371808,126.89792803718083,0.0,12604.599328356586,15.68,0.5,0.0,0.0,5.0
2748,13,train_0210,12042.317901714403,10454.754310723556,95.4754310723556,0.0,12137.793332786758,14.54,0.62,0.0,0.0,5.0
2749,13,train_0204,12428.12236909971,10837.511677468505,133.75116774685048,0.0,12561.87353684656,17.62,0.62,0.0,0.0,5.0
2750,13,train_0220,12389.78756988162,10607.67057829257,110.76705782925693,0.0,12500.554627710877,17.46,0.68,0.0,0.0,5.0
2751,13,train_0492,12162.301438895101,10331.889702113967,83.18897021139674,0.0,12245.490409106498,15.7,0.64,0.0,0.0,5.0
2752,13,train_0015,11838.15237259469,10558.010013349487,105.80100133494871,0.0,11943.953373929638,14.94,0.72,0.0,0.0,5.0
2753,13,train_0385,12783.00801555661,10754.939199890017,125.49391998900174,0.0,12908.501935545612,16.14,0.74,0.0,0.0,5.0
2754,13,train_0315,12330.141428162882,11265.11207788498,176.511207788498,0.0,12506.652635951381,15.34,0.74,0.0,0.0,5.0
2755,13,train_0437,11650.516296910788,9532.447386839882,3.24473868398818,0.0,11653.761035594776,14.72,0.72,0.0,0.0,5.0
2756,13,train_0437,11464.312828431575,9749.862623689172,24.986262368917235,0.0,11489.299090800492,15.12,0.64,0.0,0.0,5.0
2757,13,train_0171,12505.59262788913,11082.880711726211,158.28807117262113,0.0,12663.88069906175,17.1,0.78,0.0,0.0,5.0
2758,13,train_0270,12145.95641152779,10485.688159687936,98.56881596879357,0.0,12244.525227496584,15.4,0.68,0.0,0.0,5.0
2759,13,train_0013,12078.301669922366,10603.319319891107,110.33193198911067,0.0,12188.633601911477,14.86,0.68,0.0,0.0,5.0
2760,13,train_0285,11924.049395015802,10665.70271655456,116.57027165545605,0.0,12040.619666671257,15.92,0.66,0.0,0.0,5.0
2761,13,train_0247,12620.76870987663,10434.418821920488,93.44188219204881,0.0,12714.210592068677,17.18,0.66,0.0,0.0,5.0
2762,13,train_0487,12155.684686763314,10546.776110387815,104.67761103878148,0.0,12260.362297802096,15.24,0.76,0.0,0.0,5.0
2763,13,train_0430,12040.34771968125,10475.308836423685,97.53088364236847,0.0,12137.878603323617,15.5,0.46,0.0,0.0,5.0
2764,13,train_0224,12182.55214253685,10337.284291170767,83.72842911707667,0.0,12266.280571653926,12.86,0.66,0.0,0.0,5.0
2765,13,train_0547,12345.512174399926,11065.710996615246,156.57109966152458,0.0,12502.083274061451,16.98,0.6,0.0,0.0,5.0
2766,13,train_0301,12406.4604760766,10812.68635031264,131.26863503126407,0.0,12537.729111107863,15.78,0.64,0.0,0.0,5.0
2767,13,train_0184,12366.572922919047,10483.143352719686,98.3143352719686,0.0,12464.887258191016,17.04,0.66,0.0,0.0,5.0
2768,13,train_0383,11958.93329386296,10708.604073558614,120.8604073558614,0.0,12079.793701218821,14.96,0.62,0.0,0.0,5.0
2769,13,train_0275,12060.997087190226,10406.423223153235,90.64232231532351,0.0,12151.63940950555,16.16,0.62,0.0,0.0,5.0
2770,13,train_0576,12254.788582251645,10399.26600472838,89.92660047283808,0.0,12344.715182724483,14.26,0.46,0.0,0.0,5.0
2771,13,train_0528,12425.95832464085,10268.270627422295,76.82706274222947,0.0,12502.785387383079,14.86,0.62,0.0,0.0,5.0
2772,13,train_0005,12131.194643182625,9987.415375640201,48.74153756402011,0.0,12179.936180746645,16.22,0.6,0.0,0.0,5.0
2773,13,train_0150,12005.982459878513,10694.096836591696,119.40968365916962,0.0,12125.392143537681,16.64,0.52,0.0,0.0,5.0
2774,13,train_0242,12159.896206724086,11051.448274405968,155.1448274405968,0.0,12315.041034164684,14.86,0.7,0.0,0.0,5.0
2775,13,train_0408,11885.168372756398,10329.09287575996,82.90928757599596,0.0,11968.077660332394,14.9,0.64,0.0,0.0,5.0
2776,13,train_0366,12079.36859242185,10451.3157107234,95.13157107234002,0.0,12174.50016349419,14.8,0.7,0.0,0.0,5.0
2777,13,train_0530,12691.641546049821,10455.741273571914,95.57412735719136,0.0,12787.215673407012,15.58,0.64,0.0,0.0,5.0
2778,13,train_0094,11895.045578842179,9995.613263123018,49.56132631230176,0.0,11944.60690515448,17.06,0.64,0.0,0.0,5.0
2779,13,train_0378,12465.18383803228,10549.928320377287,104.99283203772866,0.0,12570.17667007001,17.92,0.54,0.0,0.0,5.0
2780,13,train_0547,12783.83644222753,10529.021841290465,102.90218412904652,0.0,12886.738626356577,16.52,0.74,0.0,0.0,5.0
2781,13,train_0069,11915.01808991154,10466.323027292274,96.63230272922738,0.0,12011.650392640768,18.34,0.74,0.0,0.0,5.0
2782,13,train_0403,12634.590357245788,10852.185646358304,135.21856463583046,0.0,12769.808921881619,13.04,0.68,0.0,0.0,5.0
2783,13,train_0391,12209.888191550106,10310.821676484922,81.08216764849222,0.0,12290.970359198598,14.68,0.58,0.0,0.0,5.0
2784,13,train_0024,11760.043705494827,10379.063962148388,87.9063962148388,0.0,11847.950101709666,16.62,0.58,0.0,0.0,5.0
2785,13,train_0024,12001.942766831158,10028.535992222012,52.85359922220123,0.0,12054.796366053359,16.3,0.62,0.0,0.0,5.0
2786,13,train_0032,12527.962665196568,10558.006211042066,105.80062110420658,0.0,12633.763286300775,15.64,0.6,0.0,0.0,5.0
2787,13,train_0169,11860.912959071917,10167.457863153319,66.74578631533187,0.0,11927.658745387249,16.94,0.66,0.0,0.0,5.0
2788,13,train_0412,12138.255529346046,10440.574773773213,94.05747737732128,0.0,12232.313006723367,15.2,0.64,0.0,0.0,5.0
2789,13,train_0530,12593.817197524082,10689.562046624902,118.95620466249021,0.0,12712.773402186573,16.24,0.68,0.0,0.0,5.0
2790,13,train_0410,12393.503494961207,10814.376585066966,131.4376585066966,0.0,12524.941153467904,17.3,0.68,0.0,0.0,5.0
2791,13,train_0428,12356.110100827153,10872.009755990004,137.20097559900043,0.0,12493.311076426153,15.18,0.72,0.0,0.0,5.0
2792,13,train_0238,12294.744173417315,10552.522788632528,105.25227886325284,0.0,12399.996452280568,15.76,0.68,0.0,0.0,5.0
2793,13,train_0129,12603.887775336512,10850.112143533497,135.01121435334971,0.0,12738.898989689862,15.74,0.56,0.0,0.0,5.0
2794,13,train_0333,12284.879797943748,10752.752720183582,125.2752720183582,0.0,12410.155069962106,15.94,0.46,0.0,0.0,5.0
2795,13,train_0415,12533.66262157629,11120.445203510022,162.04452035100223,0.0,12695.707141927292,14.18,0.58,0.0,0.0,5.0
2796,13,train_0518,12400.806061190058,10787.857379636942,128.7857379636942,0.0,12529.591799153752,16.22,0.64,0.0,0.0,5.0
2797,13,train_0344,12088.501652349263,10654.626329565266,115.46263295652662,0.0,12203.96428530579,14.36,0.68,0.0,0.0,5.0
2798,13,train_0583,11864.208436198067,10828.393149682324,132.83931496823243,0.0,11997.0477511663,15.76,0.56,0.0,0.0,5.0
2799,13,train_0485,11933.751917912039,10177.404563050151,67.74045630501514,0.0,12001.492374217054,15.18,0.62,0.0,0.0,5.0
2800,13,train_0567,13070.029053445052,11443.02804907292,194.30280490729203,0.0,13264.331858352345,15.96,0.6,0.0,0.0,5.0
2801,13,train_0403,12409.097764650038,10790.513593676798,129.05135936767985,0.0,12538.149124017718,14.04,0.62,0.0,0.0,5.0
2802,13,train_0142,12142.477501301977,11024.99199719867,152.49919971986694,0.0,12294.976701021844,16.42,0.46,0.0,0.0,5.0
2803,13,train_0495,12459.816231384866,10430.566797786149,93.05667977861486,0.0,12552.87291116348,17.24,0.68,0.0,0.0,5.0
2804,13,train_0379,12720.952544131842,11126.010213601821,162.60102136018213,0.0,12883.553565492024,14.32,0.62,0.0,0.0,5.0
2805,13,train_0437,11478.223148069403,9812.635257924248,31.263525792424844,0.0,11509.486673861828,16.88,0.52,0.0,0.0,5.0
2806,13,train_0170,12027.040846530299,10091.530068981981,59.15300689819815,0.0,12086.193853428496,16.4,0.68,0.0,0.0,5.0
2807,13,train_0049,12495.753976994554,10522.892083167142,102.28920831671422,0.0,12598.043185311268,14.62,0.64,0.0,0.0,5.0
2808,13,train_0581,12120.453700898212,10536.391816963614,103.63918169636145,0.0,12224.092882594574,16.12,0.66,0.0,0.0,5.0
2809,13,train_0284,12057.292926591972,10716.662588015608,121.6662588015608,0.0,12178.959185393533,16.4,0.56,0.0,0.0,5.0
2810,13,train_0357,11981.33258130709,10453.745253016967,95.37452530169668,0.0,12076.707106608786,15.16,0.72,0.0,0.0,5.0
2811,13,train_0036,12030.919547119884,10608.12710455796,110.81271045579598,0.0,12141.732257575679,16.76,0.66,0.0,0.0,5.0
2812,13,train_0520,11927.319199644582,10088.39639580726,58.839639580726,0.0,11986.158839225309,16.72,0.64,0.0,0.0,5.0
2813,13,train_0171,12528.403668001196,10994.97288343155,149.49728834315502,0.0,12677.90095634435,17.08,0.6,0.0,0.0,5.0
2814,13,train_0007,12638.950982608303,11088.095816827086,158.80958168270865,0.0,12797.760564291011,15.52,0.62,0.0,0.0,5.0
2815,13,train_0168,12319.011910014859,10719.468020541037,121.94680205410369,0.0,12440.958712068963,17.82,0.64,0.0,0.0,5.0
2816,13,train_0092,12239.481324942455,10895.982668756755,139.59826687567548,0.0,12379.07959181813,16.82,0.76,0.0,0.0,5.0
2817,13,train_0280,12038.287217817488,10829.622924721305,132.9622924721305,0.0,12171.249510289617,16.1,0.7,0.0,0.0,5.0
2818,13,train_0396,12175.488146441388,10764.062200399596,126.40622003995959,0.0,12301.894366481349,12.66,0.52,0.0,0.0,5.0
2819,13,train_0197,12404.8460501449,10815.599708139842,131.5599708139842,0.0,12536.406020958884,16.3,0.66,0.0,0.0,5.0
2820,13,train_0105,12273.06767236068,10643.604805924104,114.3604805924104,0.0,12387.428152953089,15.08,0.42,0.0,0.0,5.0
2821,13,train_0139,11868.451097174351,10650.591290489647,115.05912904896468,0.0,11983.510226223316,15.36,0.54,0.0,0.0,5.0
2822,13,train_0093,12015.59434534763,10221.490751442077,72.14907514420774,0.0,12087.743420491837,16.4,0.5,0.0,0.0,5.0
2823,13,train_0515,12427.693808494234,10721.099581381164,122.10995813811643,0.0,12549.80376663235,16.8,0.68,0.0,0.0,5.0
2824,13,train_0308,12032.119650835526,10303.968827278157,80.3968827278157,0.0,12112.516533563341,17.9,0.56,0.0,0.0,5.0
2825,13,train_0032,12087.90065345652,10666.099941184784,116.60999411847843,0.0,12204.510647574998,17.52,0.62,0.0,0.0,5.0
2826,13,train_0251,12079.145415249974,10700.344260010508,120.03442600105082,0.0,12199.179841251025,14.66,0.58,0.0,0.0,5.0
2827,13,train_0277,12156.358916525754,10444.464143905436,94.44641439054358,0.0,12250.805330916299,16.4,0.68,0.0,0.0,5.0
2828,13,train_0427,12155.19668451804,10352.969208274062,85.29692082740621,0.0,12240.493605345446,15.6,0.8,0.0,0.0,5.0
2829,13,train_0386,12431.893118116779,10620.45916784904,112.04591678490397,0.0,12543.939034901683,14.8,0.6,0.0,0.0,5.0
2830,13,train_0433,11959.589928106863,10382.423060869532,88.24230608695325,0.0,12047.832234193816,14.76,0.68,0.0,0.0,5.0
2831,13,train_0114,11772.111023711752,10557.763816653829,105.77638166538291,0.0,11877.887405377134,16.48,0.76,0.0,0.0,5.0
2832,13,train_0009,12084.710495835414,10646.259601814812,114.62596018148125,0.0,12199.336456016896,13.46,0.78,0.0,0.0,5.0
2833,13,train_0274,12142.652994255259,10840.897233109134,134.08972331091337,0.0,12276.742717566172,16.32,0.64,0.0,0.0,5.0
2834,13,train_0195,12395.071494220423,10763.013774851599,126.3013774851599,0.0,12521.372871705584,17.74,0.64,0.0,0.0,5.0
2835,13,train_0205,12096.836134008772,10594.613826731427,109.46138267314274,0.0,12206.297516681914,15.18,0.68,0.0,0.0,5.0
2836,13,train_0542,12051.081258208085,10281.32929995093,78.13292999509304,0.0,12129.21418820318,14.96,0.64,0.0,0.0,5.0
2837,13,train_0517,12596.449623905017,10675.06164479168,117.506164479168,0.0,12713.955788384184,17.42,0.68,0.0,0.0,5.0
2838,13,train_0468,12147.725330975141,10214.667824040185,71.46678240401853,0.0,12219.19211337916,14.66,0.68,0.0,0.0,5.0
2839,13,train_0030,12043.486223044012,10656.178897583826,115.61788975838263,0.0,12159.104112802395,14.92,0.66,0.0,0.0,5.0
2840,13,train_0123,11950.265807247737,10651.924582665648,115.1924582665648,0.0,12065.458265514302,15.94,0.64,0.0,0.0,5.0
2841,13,train_0036,12271.233093775882,10419.493758422355,91.94937584223554,0.0,12363.182469618117,17.46,0.72,0.0,0.0,5.0
2842,13,train_0163,12740.330344780225,10773.650571848451,127.36505718484514,0.0,12867.69540196507,15.74,0.7,0.0,0.0,5.0
2843,13,train_0282,11883.721232980959,10202.098692869435,70.20986928694347,0.0,11953.931102267903,14.58,0.68,0.0,0.0,5.0
2844,13,train_0177,12313.901984959313,10548.140683506303,104.81406835063027,0.0,12418.716053309943,14.02,0.56,0.0,0.0,5.0
2845,13,train_0424,12390.886382849854,10898.84587090537,139.88458709053702,0.0,12530.770969940391,17.12,0.68,0.0,0.0,5.0
2846,13,train_0053,12414.294661865184,10540.8042136115,104.08042136115,0.0,12518.375083226334,16.58,0.78,0.0,0.0,5.0
2847,13,train_0523,12062.591143893907,10324.849685948704,82.48496859487041,0.0,12145.076112488778,17.06,0.64,0.0,0.0,5.0
2848,13,train_0074,12334.047590583086,10945.603651993482,144.56036519934824,0.0,12478.607955782434,15.76,0.56,0.0,0.0,5.0
2849,13,train_0304,12615.908177050092,11055.144446385975,155.51444463859752,0.0,12771.42262168869,17.76,0.62,0.0,0.0,5.0
2850,13,train_0358,12225.848838126203,10305.75566888082,80.575566888082,0.0,12306.424405014284,16.94,0.62,0.0,0.0,5.0
2851,13,train_0578,12014.522639954868,10361.764956024374,86.17649560243736,0.0,12100.699135557306,18.2,0.56,0.0,0.0,5.0
2852,13,train_0010,12159.94841215326,10893.40285348192,139.34028534819208,0.0,12299.288697501452,15.78,0.5,0.0,0.0,5.0
2853,13,train_0402,12336.732968767232,10828.882230018662,132.8882230018662,0.0,12469.621191769098,17.62,0.7,0.0,0.0,5.0
2854,13,train_0516,12386.365315779332,10710.93017939896,121.09301793989599,0.0,12507.458333719229,15.42,0.68,0.0,0.0,5.0
2855,13,train_0571,12099.444294009316,10609.519810359026,110.95198103590265,0.0,12210.39627504522,15.34,0.62,0.0,0.0,5.0
2856,13,train_0470,11915.354655598516,10257.256269329462,75.72562693294621,0.0,11991.080282531462,14.78,0.66,0.0,0.0,5.0
2857,13,train_0513,12221.547838455066,10448.209647301344,94.82096473013445,0.0,12316.3688031852,16.26,0.56,0.0,0.0,5.0
2858,13,train_0007,12988.822175483183,11337.931614235176,183.79316142351763,0.0,13172.6153369067,15.0,0.68,0.0,0.0,5.0
2859,13,train_0537,11897.833467306667,10259.896348509756,75.98963485097556,0.0,11973.823102157643,16.54,0.64,0.0,0.0,5.0
2860,13,train_0195,12661.576078176535,10550.436444948014,105.04364449480146,0.0,12766.619722671336,16.98,0.78,0.0,0.0,5.0
2861,13,train_0018,12049.058598086573,10593.462523955786,109.34625239557863,0.0,12158.404850482151,16.04,0.5,0.0,0.0,5.0
2862,13,train_0001,12075.885481403147,10201.369173827165,70.13691738271646,0.0,12146.022398785864,14.24,0.58,0.0,0.0,5.0
2863,13,train_0528,12173.653013307476,10631.144158697134,113.11441586971341,0.0,12286.76742917719,15.78,0.68,0.0,0.0,5.0
2864,14,train_0232,12382.153738278997,10577.056262299322,107.70562622993221,0.0,12489.85936450893,17.28,0.6,0.0,0.0,5.0
2865,14,train_0394,12526.55588166177,10201.24561743985,70.12456174398504,0.0,12596.680443405756,16.4,0.78,0.0,0.0,5.0
2866,14,train_0322,11889.075423957907,10672.458165815184,117.24581658151838,0.0,12006.321240539426,16.0,0.66,0.0,0.0,5.0
2867,14,train_0085,12347.11333119555,10749.032641986556,124.9032641986556,0.0,12472.016595394205,13.68,0.56,0.0,0.0,5.0
2868,14,train_0551,11925.649137922135,10523.15349838012,102.31534983801194,0.0,12027.964487760148,17.62,0.62,0.0,0.0,5.0
2869,14,train_0050,12190.074463814588,10505.744243383553,100.57442433835531,0.0,12290.648888152944,15.46,0.54,0.0,0.0,5.0
2870,14,train_0027,12468.059893799427,10775.123098856699,127.51230988566986,0.0,12595.572203685097,13.9,0.64,0.0,0.0,5.0
2871,14,train_0070,11859.293084109573,10243.714780739825,74.37147807398252,0.0,11933.664562183556,14.58,0.64,0.0,0.0,5.0
2872,14,train_0263,11829.801519718882,10205.41455056275,70.54145505627494,0.0,11900.342974775156,15.84,0.7,0.0,0.0,5.0
2873,14,train_0293,12039.210652001475,10440.501205014898,94.0501205014898,0.0,12133.260772502965,14.98,0.62,0.0,0.0,5.0
2874,14,train_0464,12019.096488118836,10477.960993957215,97.79609939572147,0.0,12116.892587514558,15.36,0.6,0.0,0.0,5.0
2875,14,train_0040,12226.579653946195,10943.748243636102,144.37482436361026,0.0,12370.954478309806,16.5,0.68,0.0,0.0,5.0
2876,14,train_0591,12527.220986921471,10585.455770878132,108.54557708781323,0.0,12635.766564009284,16.44,0.58,0.0,0.0,5.0
2877,14,train_0250,12271.565921643389,10478.222398993918,97.82223989939176,0.0,12369.38816154278,16.14,0.66,0.0,0.0,5.0
2878,14,train_0535,12057.188158731044,10491.93468838057,99.19346883805702,0.0,12156.3816275691,13.58,0.66,0.0,0.0,5.0
2879,14,train_0097,11999.623655606567,10474.42035381067,97.44203538106704,0.0,12097.065690987634,16.66,0.62,0.0,0.0,5.0
2880,14,train_0220,12443.4811374671,10619.439338099965,111.94393380999645,0.0,12555.425071277097,15.46,0.58,0.0,0.0,5.0
2881,14,train_0026,12028.099222923942,10373.950401779213,87.39504017792133,0.0,12115.494263101864,16.6,0.64,0.0,0.0,5.0
2882,14,train_0275,12115.475256232416,10598.34718844225,109.83471884422507,0.0,12225.309975076641,15.32,0.58,0.0,0.0,5.0
2883,14,train_0065,12364.195699829354,10535.234593271254,103.52345932712542,0.0,12467.719159156479,13.26,0.6,0.0,0.0,5.0
2884,14,train_0262,12362.67246025895,10851.615987393254,135.1615987393254,0.0,12497.834058998274,15.0,0.74,0.0,0.0,5.0
2885,14,train_0052,12356.591100044403,10730.820463241602,123.08204632416019,0.0,12479.673146368563,14.54,0.62,0.0,0.0,5.0
2886,14,train_0267,11950.60480433079,10505.183192165934,100.51831921659341,0.0,12051.123123547382,15.0,0.66,0.0,0.0,5.0
2887,14,train_0540,12254.62024933015,10787.723265717126,128.77232657171263,0.0,12383.392575901862,15.96,0.54,0.0,0.0,5.0
2888,14,train_0012,12644.185392819883,10994.679922315216,149.46799223152158,0.0,12793.653385051404,17.24,0.6,0.0,0.0,5.0
2889,14,train_0395,11831.889398326053,10172.298765538542,67.22987655385423,0.0,11899.119274879908,14.8,0.7,0.0,0.0,5.0
2890,14,train_0329,12099.949243443294,10407.448326369198,90.74483263691982,0.0,12190.694076080214,18.06,0.54,0.0,0.0,5.0
2891,14,train_0383,12161.654723135172,10189.810054293564,68.98100542935644,0.0,12230.635728564528,16.62,0.74,0.0,0.0,5.0
2892,14,train_0078,12201.731653335204,10413.906771401133,91.39067714011327,0.0,12293.122330475317,14.86,0.62,0.0,0.0,5.0
2893,14,train_0588,11873.270459628733,10596.355637160555,109.63556371605556,0.0,11982.906023344789,15.84,0.72,0.0,0.0,5.0
2894,14,train_0432,12005.715484531636,10548.01630043334,104.80163004333409,0.0,12110.51711457497,15.32,0.5,0.0,0.0,5.0
2895,14,train_0335,12462.445429985053,10813.899709235662,131.3899709235662,0.0,12593.83540090862,18.24,0.7,0.0,0.0,5.0
2896,14,train_0096,12374.262636654572,10505.210063978822,100.52100639788223,0.0,12474.783643052455,18.3,0.6,0.0,0.0,5.0
2897,14,train_0559,12153.900920161213,10726.465991586736,122.64659915867361,0.0,12276.547519319887,17.62,0.56,0.0,0.0,5.0
2898,14,train_0134,12503.455398363374,11011.547400694722,151.15474006947224,0.0,12654.610138432847,12.94,0.68,0.0,0.0,5.0
2899,14,train_0391,12412.907595954712,10162.059473619633,66.20594736196327,0.0,12479.113543316675,15.56,0.68,0.0,0.0,5.0
2900,14,train_0113,11925.883903268028,10495.854932893835,99.58549328938352,0.0,12025.469396557412,17.38,0.54,0.0,0.0,5.0
2901,14,train_0268,12310.128614850722,10594.000392552818,109.40003925528181,0.0,12419.528654106005,16.38,0.66,0.0,0.0,5.0
2902,14,train_0014,12202.885958662984,10506.687194453527,100.66871944535269,0.0,12303.554678108338,17.26,0.78,0.0,0.0,5.0
2903,14,train_0419,11884.922571429854,10787.175568141645,128.71755681416454,0.0,12013.640128244018,15.66,0.62,0.0,0.0,5.0
2904,14,train_0501,12378.036521349431,10531.258715478594,103.12587154785943,0.0,12481.162392897291,20.08,0.54,0.0,0.0,5.0
2905,14,train_0259,12436.40189555035,10527.935332350544,102.79353323505438,0.0,12539.195428785406,14.86,0.62,0.0,0.0,5.0
2906,14,train_0490,11934.515389660235,10468.383001257764,96.83830012577637,0.0,12031.353689786012,15.08,0.54,0.0,0.0,5.0
2907,14,train_0115,12171.015301106465,10871.346589086297,137.13465890862972,0.0,12308.149960015095,15.12,0.7,0.0,0.0,5.0
2908,14,train_0029,12052.07455080515,10413.531644776718,91.35316447767183,0.0,12143.427715282822,16.02,0.54,0.0,0.0,5.0
2909,14,train_0033,12427.427822311813,11130.232381475238,163.0232381475238,0.0,12590.451060459336,15.44,0.76,0.0,0.0,5.0
2910,14,train_0021,12064.39158309017,11012.38394146187,151.23839414618706,0.0,12215.629977236356,18.32,0.56,0.0,0.0,5.0
2911,14,train_0554,12204.272194782998,10405.624596698057,90.56245966980569,0.0,12294.834654452803,13.7,0.7,0.0,0.0,5.0
2912,14,train_0327,12436.62734334664,10837.29772369213,133.72977236921307,0.0,12570.357115715853,16.9,0.72,0.0,0.0,5.0
2913,14,train_0220,12264.396455099479,10593.310575765481,109.33105757654812,0.0,12373.727512676027,17.44,0.68,0.0,0.0,5.0
2914,14,train_0147,12587.799255460692,10627.975069011094,112.79750690110941,0.0,12700.596762361802,16.6,0.62,0.0,0.0,5.0
2915,14,train_0502,12533.725276677065,10457.94531513984,95.79453151398394,0.0,12629.51980819105,15.42,0.7,0.0,0.0,5.0
2916,14,train_0273,12481.11994100887,10467.568023119467,96.75680231194674,0.0,12577.876743320818,17.4,0.66,0.0,0.0,5.0
2917,14,train_0260,12038.070552163685,10180.874256314142,68.08742563141423,0.0,12106.1579777951,16.1,0.7,0.0,0.0,5.0
2918,14,train_0161,12330.53301307321,10678.623937297296,117.8623937297296,0.0,12448.39540680294,16.26,0.66,0.0,0.0,5.0
2919,14,train_0040,12280.103100176832,10771.802911465955,127.1802911465955,0.0,12407.283391323426,17.12,0.68,0.0,0.0,5.0
2920,14,train_0348,12223.974514668142,10563.130423763536,106.3130423763536,0.0,12330.287557044496,16.46,0.5,0.0,0.0,5.0
2921,14,train_0333,12427.359241026546,10496.199019821832,99.6199019821832,0.0,12526.97914300873,13.6,0.6,0.0,0.0,5.0
2922,14,train_0491,12456.020787172358,10542.533821520832,104.25338215208322,0.0,12560.27416932444,15.32,0.56,0.0,0.0,5.0
2923,14,train_0053,12083.211966125116,10692.074521467835,119.20745214678355,0.0,12202.4194182719,16.2,0.64,0.0,0.0,5.0
2924,14,train_0527,12138.181879252083,10607.630867634918,110.76308676349181,0.0,12248.944966015575,13.9,0.68,0.0,0.0,5.0
2925,14,train_0435,12114.12082835846,10107.738269883237,60.77382698832371,0.0,12174.894655346783,15.28,0.62,0.0,0.0,5.0
2926,14,train_0435,12203.50285078085,10153.332328817456,65.33323288174562,0.0,12268.836083662594,15.44,0.66,0.0,0.0,5.0
2927,14,train_0235,12405.333585269278,10694.965781444767,119.49657814447674,0.0,12524.830163413755,14.5,0.62,0.0,0.0,5.0
2928,14,train_0279,12315.594899573247,10640.657113236168,114.06571132361678,0.0,12429.660610896864,15.62,0.6,0.0,0.0,5.0
2929,14,train_0479,12529.108124897815,10772.557605062539,127.25576050625386,0.0,12656.36388540407,16.9,0.72,0.0,0.0,5.0
2930,14,train_0224,12302.46771868588,10637.200691757866,113.72006917578656,0.0,12416.187787861667,14.26,0.62,0.0,0.0,5.0
2931,14,train_0062,11785.380772468532,10456.476283626784,95.64762836267838,0.0,11881.02840083121,15.72,0.74,0.0,0.0,5.0
2932,14,train_0199,12429.43884842622,10742.939404107034,124.29394041070337,0.0,12553.732788836924,16.26,0.58,0.0,0.0,5.0
2933,14,train_0015,12279.676276450275,10406.70370399348,90.67037039934803,0.0,12370.346646849623,15.08,0.66,0.0,0.0,5.0
2934,14,train_0097,11951.79706702242,10573.07852034001,107.30785203400102,0.0,12059.10491905642,16.32,0.62,0.0,0.0,5.0
2935,14,train_0073,12042.992850021577,10485.560207503873,98.55602075038733,0.0,12141.548870771965,15.42,0.58,0.0,0.0,5.0
2936,14,train_0455,12669.374105237897,10761.63930423735,126.16393042373494,0.0,12795.538035661632,17.26,0.52,0.0,0.0,5.0
2937,14,train_0565,12582.337741468105,10638.052165977846,113.80521659778461,0.0,12696.14295806589,16.16,0.62,0.0,0.0,5.0
2938,14,train_0208,12216.79303322724,10485.184701664304,98.51847016643042,0.0,12315.311503393672,14.52,0.56,0.0,0.0,5.0
2939,14,train_0164,12027.692730940113,10340.701209136903,84.07012091369035,0.0,12111.762851853802,14.56,0.58,0.0,0.0,5.0
2940,14,train_0466,12295.183345778856,10622.164046275719,112.21640462757188,0.0,12407.399750406428,17.6,0.54,0.0,0.0,5.0
2941,14,train_0353,12008.76550260538,10522.615994882226,102.2615994882226,0.0,12111.027102093602,16.08,0.64,0.0,0.0,5.0
2942,14,train_0216,12010.982721774832,10378.361576891477,87.8361576891477,0.0,12098.81887946398,18.62,0.66,0.0,0.0,5.0
2943,14,train_0234,12195.549467632263,10324.681797851576,82.46817978515756,0.0,12278.01764741742,15.54,0.58,0.0,0.0,5.0
2944,14,train_0580,12184.406291500723,10805.381367722191,130.53813677221916,0.0,12314.944428272942,14.0,0.58,0.0,0.0,5.0
2945,14,train_0129,12745.867817147231,10678.312836042991,117.8312836042991,0.0,12863.69910075153,14.84,0.56,0.0,0.0,5.0
2946,14,train_0297,12247.033678397791,10290.473315760353,79.04733157603533,0.0,12326.081009973826,13.38,0.62,0.0,0.0,5.0
2947,14,train_0095,11875.93676722564,10717.29071504894,121.72907150489391,0.0,11997.665838730532,15.34,0.62,0.0,0.0,5.0
2948,14,train_0395,12047.626517481749,10476.420437862247,97.64204378622472,0.0,12145.268561267974,15.54,0.6,0.0,0.0,5.0
2949,14,train_0356,12222.975548314924,10787.44128370583,128.74412837058298,0.0,12351.719676685507,13.44,0.74,0.0,0.0,5.0
2950,14,train_0141,12320.784860933256,10847.733996281084,134.7733996281084,0.0,12455.558260561364,15.44,0.6,0.0,0.0,5.0
2951,14,train_0278,12033.872395031809,10761.644674435172,126.16446744351725,0.0,12160.036862475326,16.0,0.62,0.0,0.0,5.0
2952,14,train_0051,12445.288563208169,10525.64345017364,102.56434501736403,0.0,12547.852908225534,16.84,0.58,0.0,0.0,5.0
2953,14,train_0575,12761.955993227693,10479.919930369006,97.99199303690057,0.0,12859.947986264593,17.06,0.62,0.0,0.0,5.0
2954,14,train_0505,12363.41990477703,10751.51547417818,125.15154741781808,0.0,12488.571452194848,16.86,0.62,0.0,0.0,5.0
2955,14,train_0497,12388.7313940846,10548.216523978459,104.82165239784591,0.0,12493.553046482446,16.06,0.64,0.0,0.0,5.0
2956,14,train_0191,12489.957019844049,10675.7000302138,117.57000302138005,0.0,12607.527022865428,16.44,0.68,0.0,0.0,5.0
2957,14,train_0491,12196.703266499742,10551.480241677406,105.14802416774056,0.0,12301.851290667482,15.86,0.6,0.0,0.0,5.0
2958,14,train_0166,12043.78809573086,10302.74093718277,80.27409371827707,0.0,12124.062189449138,14.86,0.7,0.0,0.0,5.0
2959,14,train_0039,12405.543629624979,10797.876483237913,129.7876483237913,0.0,12535.33127794877,16.44,0.52,0.0,0.0,5.0
2960,14,train_0100,11914.702855853237,10153.542510654654,65.35425106546536,0.0,11980.057106918703,15.36,0.62,0.0,0.0,5.0
2961,14,train_0270,12305.438219553627,10415.811750677565,91.58117506775653,0.0,12397.019394621384,15.3,0.74,0.0,0.0,5.0
2962,14,train_0310,12112.021384149135,9972.496880413146,47.249688041314585,0.0,12159.27107219045,14.56,0.54,0.0,0.0,5.0
2963,14,train_0001,12039.96382073012,10345.747523617,84.57475236169995,0.0,12124.538573091819,13.58,0.68,0.0,0.0,5.0
2964,14,train_0547,12134.445300746422,11067.545671046337,156.75456710463368,0.0,12291.199867851055,16.84,0.72,0.0,0.0,5.0
2965,14,train_0509,12174.20364893784,10338.80583238377,83.88058323837704,0.0,12258.084232176217,13.64,0.6,0.0,0.0,5.0
2966,14,train_0247,12146.808857848951,10813.646988409777,131.3646988409777,0.0,12278.17355668993,14.52,0.58,0.0,0.0,5.0
2967,14,train_0153,11963.289467876792,10609.744553938204,110.97445539382043,0.0,12074.263923270611,15.34,0.54,0.0,0.0,5.0
2968,14,train_0366,12092.221828104357,10436.55062082567,93.65506208256703,0.0,12185.876890186924,14.78,0.6,0.0,0.0,5.0
2969,14,train_0257,12290.014429708031,10762.000274166352,126.20002741663521,0.0,12416.214457124666,15.16,0.56,0.0,0.0,5.0
2970,14,train_0384,12009.93850160722,10389.055655677666,88.90556556776664,0.0,12098.844067174985,16.14,0.6,0.0,0.0,5.0
2971,14,train_0141,12589.170921398485,10495.415615587877,99.54156155878773,0.0,12688.712482957273,14.74,0.46,0.0,0.0,5.0
2972,14,train_0159,11662.94090952168,10240.491947464709,74.04919474647086,0.0,11736.99010426815,16.62,0.58,0.0,0.0,5.0
2973,14,train_0052,12148.288349508312,10892.938144034222,139.29381440342223,0.0,12287.582163911733,15.72,0.76,0.0,0.0,5.0
2974,14,train_0366,12163.155974274257,10585.5588764011,108.55588764011009,0.0,12271.711861914368,15.08,0.64,0.0,0.0,5.0
2975,14,train_0575,12714.679616038386,10600.842121638158,110.08421216381576,0.0,12824.763828202202,17.42,0.58,0.0,0.0,5.0
2976,14,train_0538,12382.035382359663,10881.50837662669,138.1508376626691,0.0,12520.186220022333,16.62,0.64,0.0,0.0,5.0
2977,14,train_0339,12530.638041165079,10730.559194581974,123.05591945819742,0.0,12653.693960623277,16.14,0.56,0.0,0.0,5.0
2978,14,train_0081,12132.556385415402,10527.53837897353,102.75383789735298,0.0,12235.310223312756,16.14,0.62,0.0,0.0,5.0
2979,14,train_0275,12186.208396233349,10460.062502923993,96.00625029239927,0.0,12282.214646525748,14.88,0.52,0.0,0.0,5.0
2980,14,train_0259,12549.812122394584,10771.074513213483,127.10745132134835,0.0,12676.919573715932,15.3,0.64,0.0,0.0,5.0
2981,14,train_0465,12489.233061060622,10754.710853228607,125.47108532286074,0.0,12614.704146383483,14.76,0.64,0.0,0.0,5.0
2982,14,train_0166,12054.252452793784,10123.273553915176,62.327355391517635,0.0,12116.5798081853,15.28,0.58,0.0,0.0,5.0
2983,14,train_0293,12117.309122416824,10097.443397531697,59.7443397531697,0.0,12177.053462169994,15.38,0.68,0.0,0.0,5.0
2984,14,train_0296,12273.626154344409,10795.131587306725,129.51315873067253,0.0,12403.139313075082,14.88,0.68,0.0,0.0,5.0
2985,14,train_0508,12604.976370060362,11035.258074190075,153.52580741900746,0.0,12758.50217747937,15.46,0.68,0.0,0.0,5.0
2986,14,train_0567,12796.38208188621,11477.345450524372,197.73454505243717,0.0,12994.116626938647,16.82,0.7,0.0,0.0,5.0
2987,14,train_0486,12338.059814271604,10698.796215481521,119.87962154815214,0.0,12457.939435819757,14.86,0.64,0.0,0.0,5.0
2988,14,train_0184,12000.362594736285,10618.064224012636,111.80642240126363,0.0,12112.169017137549,17.72,0.6,0.0,0.0,5.0
2989,14,train_0013,12274.395651875042,10333.729937737215,83.37299377372148,0.0,12357.768645648763,14.5,0.72,0.0,0.0,5.0
2990,14,train_0365,12701.103207370177,10679.898490908425,117.98984909084248,0.0,12819.093056461019,16.3,0.64,0.0,0.0,5.0
2991,14,train_0293,12217.326165539918,10167.63282885676,66.76328288567602,0.0,12284.089448425595,15.12,0.62,0.0,0.0,5.0
2992,14,train_0561,12620.523352131306,10325.973902928512,82.5973902928512,0.0,12703.120742424157,18.6,0.72,0.0,0.0,5.0
2993,14,train_0021,12475.570402315421,10731.222632700606,123.12226327006066,0.0,12598.692665585482,16.0,0.62,0.0,0.0,5.0
2994,14,train_0382,12235.824561305817,10751.354720821031,125.13547208210312,0.0,12360.96003338792,15.14,0.54,0.0,0.0,5.0
2995,14,train_0232,12291.882582092041,10764.714989939399,126.4714989939399,0.0,12418.354081085981,15.86,0.5,0.0,0.0,5.0
2996,14,train_0309,12242.636462906528,10550.888676980521,105.08886769805213,0.0,12347.72533060458,14.04,0.66,0.0,0.0,5.0
2997,14,train_0221,12127.84266883046,10587.971506756412,108.7971506756412,0.0,12236.639819506101,16.6,0.7,0.0,0.0,5.0
2998,14,train_0046,11972.974557973655,10247.50724779273,74.75072477927297,0.0,12047.725282752928,16.06,0.58,0.0,0.0,5.0
2999,14,train_0479,12902.255537687048,10860.546909766983,136.0546909766983,0.0,13038.310228663746,16.02,0.78,0.0,0.0,5.0
3000,14,train_0007,13120.93903954882,10897.685371334299,139.7685371334299,0.0,13260.70757668225,15.42,0.68,0.0,0.0,5.0
3001,14,train_0137,12073.90796058635,10331.076158487958,83.10761584879583,0.0,12157.015576435146,17.74,0.6,0.0,0.0,5.0
3002,14,train_0422,12314.52440339467,10621.488650553845,112.14886505538453,0.0,12426.673268450053,15.18,0.58,0.0,0.0,5.0
3003,14,train_0352,12063.608661847124,10065.23946851783,56.523946851782966,0.0,12120.132608698907,16.5,0.6,0.0,0.0,5.0
3004,14,train_0340,12162.32384494026,10568.794714350757,106.87947143507573,0.0,12269.203316375335,15.74,0.6,0.0,0.0,5.0
3005,14,train_0279,12209.64334079206,10426.18053137332,92.61805313733203,0.0,12302.261393929391,18.02,0.54,0.0,0.0,5.0
3006,14,train_0236,12109.059196528391,10767.399568092387,126.73995680923872,0.0,12235.79915333763,19.56,0.64,0.0,0.0,5.0
3007,14,train_0495,12465.780337580836,10417.861691751947,91.78616917519467,0.0,12557.566506756031,17.72,0.72,0.0,0.0,5.0
