episode,update,scenario_id,electricity_cost,carbon_emissions_kg,carbon_trading_cost,carbon_trading_revenue,system_cost,mean_start_delay_slots,remote_subtask_fraction,fallback_actions,capacity_violations,decision_epochs,carbon_lambda
0,0,train_0009,12221.586252947465,10614.073104875795,111.40731048757954,0.0,12332.993563435044,16.38,0.68,0.0,0.0,5.0,0.6449628755448891
1,0,train_0409,12644.60823985094,10898.012736042241,139.80127360422412,0.0,12784.409513455164,18.82,0.68,0.0,0.0,5.0,0.6449628755448891
2,0,train_0355,12518.044784493954,10535.052769758138,103.50527697581384,0.0,12621.550061469767,14.66,0.54,0.0,0.0,5.0,0.6449628755448891
3,0,train_0032,12571.974083176547,10470.973928202695,97.09739282026949,0.0,12669.071475996816,16.6,0.68,0.0,0.0,5.0,0.6449628755448891
4,0,train_0545,12205.583158284477,10125.117562590149,62.511756259014874,0.0,12268.094914543492,17.22,0.64,0.0,0.0,5.0,0.6449628755448891
5,0,train_0132,12397.979024956385,10441.76256261267,94.17625626126701,0.0,12492.155281217652,17.42,0.46,0.0,0.0,5.0,0.6449628755448891
6,0,train_0153,12237.7762781171,10467.267073978583,96.72670739785826,0.0,12334.502985514959,16.6,0.64,0.0,0.0,5.0,0.6449628755448891
7,0,train_0110,12300.81338832276,10479.175730908115,97.9175730908115,0.0,12398.730961413572,17.92,0.78,0.0,0.0,5.0,0.6449628755448891
8,0,train_0200,12476.788558074433,10305.17566445115,80.51756644511498,0.0,12557.306124519548,16.7,0.88,0.0,0.0,5.0,0.6449628755448891
9,0,train_0105,12455.163638275939,10666.994625782938,116.69946257829379,0.0,12571.863100854232,14.5,0.68,0.0,0.0,5.0,0.6449628755448891
10,0,train_0208,12529.084153977987,10578.11250172121,107.81125017212108,0.0,12636.895404150107,15.14,0.66,0.0,0.0,5.0,0.6449628755448891
11,0,train_0487,12716.935651142467,10256.886214235994,75.6886214235994,0.0,12792.624272566067,15.98,0.54,0.0,0.0,5.0,0.6449628755448891
12,0,train_0270,12476.590309740575,10357.374351161778,85.73743511617778,0.0,12562.327744856753,15.54,0.6,0.0,0.0,5.0,0.6449628755448891
13,0,train_0554,12306.3183726025,10135.778395921818,63.577839592181775,0.0,12369.896212194682,13.26,0.64,0.0,0.0,5.0,0.6449628755448891
14,0,train_0269,12003.687085102905,9771.924039190675,27.192403919067512,0.0,12030.879489021972,15.68,0.62,0.0,0.0,5.0,0.5877296053239955
15,0,train_0165,12170.932581537923,10234.580951281363,73.4580951281363,0.0,12244.39067666606,16.94,0.66,0.0,0.0,5.0,0.6449628755448891
16,0,train_0473,12048.290755588516,10356.224719943526,85.62247199435261,0.0,12133.913227582869,17.16,0.82,0.0,0.0,5.0,0.6449628755448891
17,0,train_0491,12493.940147804082,10381.381646678394,88.13816466783938,0.0,12582.078312471922,15.54,0.6,0.0,0.0,5.0,0.6449628755448891
18,0,train_0517,12679.20506683371,10482.580064499944,98.25800644999435,0.0,12777.463073283705,17.18,0.72,0.0,0.0,5.0,0.6449628755448891
19,0,train_0533,11849.822412778434,10449.467225320832,94.94672253208319,0.0,11944.769135310518,15.46,0.58,0.0,0.0,5.0,0.6449628755448891
20,0,train_0015,12504.43690094051,10225.861135524097,72.58611355240974,0.0,12577.023014492921,14.64,0.82,0.0,0.0,5.0,0.6449628755448891
21,0,train_0307,12164.902953886953,10440.556914248693,94.0556914248693,0.0,12258.958645311823,16.9,0.54,0.0,0.0,5.0,0.6449628755448891
22,0,train_0160,12368.157472752147,10433.63318859838,93.363318859838,0.0,12461.520791611985,16.74,0.56,0.0,0.0,5.0,0.6449628755448891
23,0,train_0146,12294.81363614685,10784.856951626778,128.4856951626778,0.0,12423.299331309527,15.02,0.54,0.0,0.0,5.0,0.6449628755448891
24,0,train_0144,12897.347726542652,11320.829838645965,182.08298386459649,0.0,13079.430710407249,14.08,0.64,0.0,0.0,5.0,0.6449628755448891
25,0,train_0494,12461.994657487918,10161.737986368298,66.17379863682982,0.0,12528.168456124748,16.34,0.58,0.0,0.0,5.0,0.6449628755448891
26,0,train_0475,11949.72168558528,10277.429240650366,77.74292406503665,0.0,12027.464609650317,14.88,0.58,0.0,0.0,5.0,0.6449628755448891
27,0,train_0128,12183.244047249715,10138.357364576801,63.835736457680106,0.0,12247.079783707395,14.9,0.66,0.0,0.0,5.0,0.6449628755448891
28,0,train_0245,12272.032903241496,9966.253718945562,46.62537189455616,0.0,12318.658275136051,14.94,0.62,0.0,0.0,5.0,0.6449628755448891
29,0,train_0444,12549.453927851555,10375.404437576759,87.5404437576759,0.0,12636.994371609231,16.94,0.64,0.0,0.0,5.0,0.6449628755448891
30,0,train_0088,12160.213638949708,10788.939558289068,128.89395582890685,0.0,12289.107594778616,14.86,0.76,0.0,0.0,5.0,0.6449628755448891
31,0,train_0377,12221.010749884914,10383.728480966203,88.37284809662033,0.0,12309.383597981534,17.16,0.74,0.0,0.0,5.0,0.6449628755448891
32,0,train_0263,12245.765153946542,9889.985829412628,38.9985829412628,0.0,12284.763736887806,16.14,0.64,0.0,0.0,5.0,0.6449628755448891
33,0,train_0556,12546.546168982939,10567.815465805888,106.78154658058884,0.0,12653.327715563528,14.4,0.64,0.0,0.0,5.0,0.6449628755448891
34,0,train_0443,12262.63177378855,11054.836022916441,155.4836022916441,0.0,12418.115376080194,15.74,0.62,0.0,0.0,5.0,0.6449628755448891
35,0,train_0139,12228.249903647342,10362.46601867762,86.24660186776201,0.0,12314.496505515104,13.86,0.66,0.0,0.0,5.0,0.6449628755448891
36,0,train_0501,12519.827858940305,10542.487090924238,104.24870909242382,0.0,12624.07656803273,17.46,0.7,0.0,0.0,5.0,0.6449628755448891
37,0,train_0479,12764.1184010791,11020.216787519737,152.02167875197375,0.0,12916.140079831073,16.72,0.46,0.0,0.0,5.0,0.6449628755448891
38,0,train_0127,12800.052376235184,10517.688895842666,101.76888958426662,0.0,12901.82126581945,15.7,0.6,0.0,0.0,5.0,0.6449628755448891
39,0,train_0310,12095.918549163162,10118.734762792126,61.87347627921263,0.0,12157.792025442373,15.04,0.82,0.0,0.0,5.0,0.6449628755448891
40,0,train_0476,12582.969550184538,10606.297266685237,110.62972666852366,0.0,12693.599276853061,17.96,0.64,0.0,0.0,5.0,0.6449628755448891
41,0,train_0138,12063.073428188975,10470.076864350247,97.00768643502471,0.0,12160.081114624,16.62,0.6,0.0,0.0,5.0,0.6449628755448891
42,0,train_0146,12414.235370013928,10401.011168718931,90.10111687189311,0.0,12504.33648688582,16.04,0.72,0.0,0.0,5.0,0.6449628755448891
43,0,train_0099,11780.101045196923,10120.65803086881,62.06580308688099,0.0,11842.166848283805,17.68,0.54,0.0,0.0,5.0,0.6449628755448891
44,0,train_0004,12574.687980068862,10595.332590932405,109.53325909324049,0.0,12684.221239162103,18.68,0.6,0.0,0.0,5.0,0.6449628755448891
45,0,train_0298,11564.469885045686,10348.202793030161,84.82027930301611,0.0,11649.290164348702,16.42,0.68,0.0,0.0,5.0,0.6449628755448891
46,0,train_0009,12479.184318009411,10547.224680137642,104.72246801376423,0.0,12583.906786023175,15.42,0.62,0.0,0.0,5.0,0.6449628755448891
47,0,train_0349,11834.317645195559,10464.860117779714,96.48601177797137,0.0,11930.80365697353,16.22,0.64,0.0,0.0,5.0,0.6449628755448891
48,0,train_0249,12520.247514526023,10565.587649617082,106.55876496170822,0.0,12626.806279487731,16.06,0.62,0.0,0.0,5.0,0.6449628755448891
49,0,train_0110,12423.68920888973,10555.280951479017,105.5280951479017,0.0,12529.217304037631,16.92,0.7,0.0,0.0,5.0,0.6449628755448891
50,0,train_0217,12097.106580510817,10713.700932875,121.37009328749991,0.0,12218.476673798317,17.22,0.7,0.0,0.0,5.0,0.6449628755448891
51,0,train_0008,12530.970260667746,10376.690463974865,87.66904639748645,0.0,12618.639307065232,13.86,0.7,0.0,0.0,5.0,0.6449628755448891
52,0,train_0086,11948.43183376785,9952.962737866728,45.29627378667283,0.0,11993.728107554523,15.82,0.62,0.0,0.0,5.0,0.6449628755448891
53,0,train_0282,11925.914334452058,10456.700143680115,95.67001436801148,0.0,12021.58434882007,15.7,0.7,0.0,0.0,5.0,0.6449628755448891
54,0,train_0046,12141.88337059335,10061.550791566257,56.15507915662565,0.0,12198.038449749976,16.22,0.68,0.0,0.0,5.0,0.6449628755448891
55,0,train_0436,12435.539411799955,10739.229205968859,123.92292059688589,0.0,12559.46233239684,17.18,0.5,0.0,0.0,5.0,0.6449628755448891
56,0,train_0154,12767.825113471376,10635.261044981631,113.52610449816312,0.0,12881.351217969539,18.16,0.68,0.0,0.0,5.0,0.6449628755448891
57,0,train_0551,12037.675690424447,9953.11756790971,45.31175679097105,0.0,12082.987447215417,15.38,0.76,0.0,0.0,5.0,0.6449628755448891
58,0,train_0101,12455.713561229917,10515.685798362862,101.56857983628616,0.0,12557.282141066204,16.56,0.58,0.0,0.0,5.0,0.6449628755448891
59,0,train_0375,12269.04693909232,10818.398518778486,131.83985187784856,0.0,12400.88679097017,16.12,0.68,0.0,0.0,5.0,0.6449628755448891
60,0,train_0309,12471.651491396588,10706.400949560291,120.64009495602915,0.0,12592.291586352616,14.82,0.7,0.0,0.0,5.0,0.6449628755448891
61,0,train_0550,12145.156077855412,10317.706098188628,81.7706098188628,0.0,12226.926687674275,18.2,0.62,0.0,0.0,5.0,0.6449628755448891
62,0,train_0370,12391.810223666478,10833.561932445238,133.35619324452384,0.0,12525.166416911003,16.84,0.66,0.0,0.0,5.0,0.6449628755448891
63,0,train_0518,12445.581094642977,10369.49306941552,86.94930694155192,0.0,12532.530401584529,15.48,0.66,0.0,0.0,5.0,0.6449628755448891
64,0,train_0278,12389.011122668395,10572.565284716266,107.25652847162655,0.0,12496.26765114002,17.82,0.74,0.0,0.0,5.0,0.6449628755448891
65,0,train_0130,11965.53569028994,10628.026236256595,112.80262362565955,0.0,12078.3383139156,14.16,0.68,0.0,0.0,5.0,0.6449628755448891
66,0,train_0113,12053.498527763692,10181.096060373915,68.1096060373915,0.0,12121.608133801083,17.52,0.54,0.0,0.0,5.0,0.6449628755448891
67,0,train_0519,12754.855130464697,10562.716285454702,106.27162854547024,0.0,12861.126759010167,17.62,0.74,0.0,0.0,5.0,0.6449628755448891
68,0,train_0121,12323.856077007014,10276.890612611407,77.68906126114071,0.0,12401.545138268155,15.68,0.58,0.0,0.0,5.0,0.6449628755448891
69,0,train_0438,12088.165058383496,10535.780709653527,103.57807096535271,0.0,12191.743129348848,15.56,0.64,0.0,0.0,5.0,0.6449628755448891
70,0,train_0316,12488.468457390347,10231.473960197472,73.14739601974725,0.0,12561.615853410094,17.5,0.68,0.0,0.0,5.0,0.6449628755448891
71,0,train_0166,11929.808249415604,10408.460889798022,90.84608897980216,0.0,12020.654338395407,15.58,0.76,0.0,0.0,5.0,0.6449628755448891
72,0,train_0246,12488.4963406913,10360.96602576779,86.09660257677898,0.0,12574.592943268079,15.0,0.52,0.0,0.0,5.0,0.6449628755448891
73,0,train_0478,12388.322930869666,10663.614025102002,116.36140251020025,0.0,12504.684333379866,16.32,0.6,0.0,0.0,5.0,0.6449628755448891
74,0,train_0271,12045.145748517156,10359.812124275013,85.9812124275013,0.0,12131.126960944657,15.62,0.64,0.0,0.0,5.0,0.6449628755448891
75,0,train_0519,12698.319181072322,10890.762524214722,139.07625242147225,0.0,12837.395433493793,17.18,0.54,0.0,0.0,5.0,0.6449628755448891
76,0,train_0567,13256.701980959944,10938.616642292436,143.86166422924362,0.0,13400.563645189188,16.64,0.7,0.0,0.0,5.0,0.6449628755448891
77,0,train_0179,12004.876444583397,10530.134874803376,103.01348748033762,0.0,12107.889932063734,15.6,0.48,0.0,0.0,5.0,0.6449628755448891
78,0,train_0315,12961.538098923806,10541.891166313853,104.18911663138533,0.0,13065.727215555191,17.22,0.66,0.0,0.0,5.0,0.6449628755448891
79,0,train_0316,12423.99395633203,10214.029764323144,71.40297643231443,0.0,12495.396932764344,15.64,0.6,0.0,0.0,5.0,0.6449628755448891
80,0,train_0325,12298.640548404237,10513.08013569524,101.30801356952398,0.0,12399.94856197376,14.34,0.76,0.0,0.0,5.0,0.6449628755448891
81,0,train_0042,12542.995503227063,10425.761751003643,92.57617510036435,0.0,12635.571678327427,16.2,0.54,0.0,0.0,5.0,0.6449628755448891
82,0,train_0221,12386.81501244588,10424.446958735112,92.44469587351124,0.0,12479.259708319392,16.66,0.7,0.0,0.0,5.0,0.6449628755448891
83,0,train_0349,12262.259023704992,9984.271419811,48.42714198110007,0.0,12310.686165686091,15.7,0.5,0.0,0.0,5.0,0.6449628755448891
84,0,train_0550,12322.220112125231,10197.131405636017,69.7131405636017,0.0,12391.933252688832,18.7,0.58,0.0,0.0,5.0,0.6449628755448891
85,0,train_0142,13025.114613164267,10289.159644560583,78.91596445605829,0.0,13104.030577620326,17.34,0.62,0.0,0.0,5.0,0.6449628755448891
86,0,train_0386,12434.910144496675,10594.54424619985,109.454424619985,0.0,12544.36456911666,14.04,0.56,0.0,0.0,5.0,0.6449628755448891
87,0,train_0458,12650.216135309614,10606.208191991074,110.62081919910743,0.0,12760.836954508723,15.4,0.64,0.0,0.0,5.0,0.6449628755448891
88,0,train_0554,12151.220003780261,10362.076663290514,86.20766632905143,0.0,12237.427670109313,13.36,0.62,0.0,0.0,5.0,0.6449628755448891
89,0,train_0104,12606.663340780748,10301.661875490849,80.16618754908487,0.0,12686.829528329832,17.56,0.72,0.0,0.0,5.0,0.6449628755448891
90,0,train_0404,12989.941850060071,10723.777811716798,122.37778117167983,0.0,13112.31963123175,18.38,0.74,0.0,0.0,5.0,0.6449628755448891
91,0,train_0187,12081.699921809202,10555.430195238216,105.54301952382157,0.0,12187.242941333025,15.2,0.64,0.0,0.0,5.0,0.6449628755448891
92,0,train_0264,12191.27639132128,10377.55155857743,87.75515585774302,0.0,12279.031547179024,14.94,0.62,0.0,0.0,5.0,0.6449628755448891
93,0,train_0008,12396.791779159317,10694.207316373038,119.42073163730385,0.0,12516.21251079662,13.82,0.76,0.0,0.0,5.0,0.6449628755448891
94,0,train_0433,12197.944706909846,10107.83759538507,60.783759538507006,0.0,12258.728466448352,15.32,0.56,0.0,0.0,5.0,0.6449628755448891
95,0,train_0019,12507.210507754195,10683.588577512535,118.35885775125354,0.0,12625.569365505447,15.68,0.7,0.0,0.0,5.0,0.6449628755448891
96,0,train_0224,12576.30679181702,10520.761844392717,102.07618443927169,0.0,12678.382976256291,14.38,0.64,0.0,0.0,5.0,0.6449628755448891
97,0,train_0298,12130.3983778334,10035.644170238374,53.56441702383745,0.0,12183.962794857238,14.62,0.6,0.0,0.0,5.0,0.6449628755448891
98,0,train_0401,11910.320557149818,10153.607599712435,65.36075997124354,0.0,11975.681317121062,17.26,0.66,0.0,0.0,5.0,0.6449628755448891
99,0,train_0280,12643.695209841124,10365.183797511403,86.51837975114032,0.0,12730.213589592264,15.88,0.64,0.0,0.0,5.0,0.6449628755448891
100,0,train_0503,12916.933888990128,10604.430487623737,110.44304876237366,0.0,13027.376937752502,16.78,0.64,0.0,0.0,5.0,0.6449628755448891
101,0,train_0076,12511.756367761125,10315.022891922796,81.50228919227958,0.0,12593.258656953405,15.54,0.66,0.0,0.0,5.0,0.6449628755448891
102,0,train_0157,12377.022029800115,10400.22526478652,90.02252647865208,0.0,12467.044556278766,16.32,0.56,0.0,0.0,5.0,0.6449628755448891
103,0,train_0154,12585.019295901435,11105.993908299528,160.5993908299528,0.0,12745.618686731388,19.72,0.6,0.0,0.0,5.0,0.6449628755448891
104,0,train_0227,12528.458210449518,10839.884807823355,133.9884807823355,0.0,12662.446691231853,16.58,0.64,0.0,0.0,5.0,0.6449628755448891
105,0,train_0001,11999.643258376938,10447.54565478448,94.75456547844806,0.0,12094.397823855386,13.8,0.72,0.0,0.0,5.0,0.6449628755448891
106,0,train_0257,12419.866881038106,10777.635176586173,127.76351765861727,0.0,12547.630398696723,16.26,0.62,0.0,0.0,5.0,0.6449628755448891
107,0,train_0228,11971.221370907753,10699.632052507684,119.96320525076845,0.0,12091.184576158521,15.62,0.64,0.0,0.0,5.0,0.6449628755448891
108,0,train_0351,12559.18477194721,10667.904505700466,116.7904505700466,0.0,12675.975222517256,17.88,0.58,0.0,0.0,5.0,0.6449628755448891
109,0,train_0345,12186.410401494953,10685.72271393759,118.57227139375901,0.0,12304.982672888713,15.32,0.68,0.0,0.0,5.0,0.6449628755448891
110,0,train_0168,12738.690364626536,10454.955191128356,95.49551911283561,0.0,12834.185883739372,17.84,0.6,0.0,0.0,5.0,0.6449628755448891
111,0,train_0256,12186.41050848537,10662.098042606664,116.20980426066636,0.0,12302.620312746038,16.52,0.68,0.0,0.0,5.0,0.6449628755448891
112,0,train_0301,12632.915369984323,10716.516341776301,121.65163417763016,0.0,12754.567004161952,15.7,0.76,0.0,0.0,5.0,0.6449628755448891
113,0,train_0501,12518.169269160418,10759.730721916178,125.97307219161776,0.0,12644.142341352037,18.0,0.64,0.0,0.0,5.0,0.6449628755448891
114,0,train_0046,12178.671070076973,10036.344288967499,53.63442889674989,0.0,12232.305498973723,18.44,0.62,0.0,0.0,5.0,0.6449628755448891
115,0,train_0369,12160.345227914222,10482.424033391988,98.2424033391988,0.0,12258.58763125342,14.44,0.82,0.0,0.0,5.0,0.6449628755448891
116,0,train_0048,12515.411463990633,10242.500604311594,74.25006043115937,0.0,12589.661524421792,16.54,0.7,0.0,0.0,5.0,0.6449628755448891
117,0,train_0159,11662.249933313058,10385.855575955044,88.58555759550437,0.0,11750.835490908563,17.64,0.72,0.0,0.0,5.0,0.6449628755448891
118,0,train_0266,12508.58338190577,10362.79484518665,86.27948451866506,0.0,12594.862866424435,15.4,0.68,0.0,0.0,5.0,0.6449628755448891
119,0,train_0486,12482.31977674022,11057.945105869709,155.7945105869709,0.0,12638.114287327191,13.98,0.68,0.0,0.0,5.0,0.6449628755448891
120,0,train_0202,12560.997726688442,10896.35879407204,139.6358794072041,0.0,12700.633606095646,16.54,0.72,0.0,0.0,5.0,0.6449628755448891
121,0,train_0299,12355.074117639435,10336.035921232506,83.60359212325056,0.0,12438.677709762685,14.94,0.6,0.0,0.0,5.0,0.6449628755448891
122,0,train_0347,12277.891430258187,10451.126528089757,95.1126528089757,0.0,12373.004083067162,15.78,0.64,0.0,0.0,5.0,0.6449628755448891
123,0,train_0455,12773.79067796469,10800.89688703863,130.08968870386306,0.0,12903.880366668553,17.7,0.68,0.0,0.0,5.0,0.6449628755448891
124,0,train_0237,12029.150289600875,10367.158848213645,86.7158848213645,0.0,12115.866174422239,17.3,0.66,0.0,0.0,5.0,0.6449628755448891
125,0,train_0339,12599.55450995974,10584.964300684478,108.49643006844781,0.0,12708.050940028188,15.16,0.62,0.0,0.0,5.0,0.6449628755448891
126,0,train_0503,12997.058224832836,10570.407619600595,107.04076196005954,0.0,13104.098986792895,15.62,0.72,0.0,0.0,5.0,0.6449628755448891
127,0,train_0262,12773.136251126803,10595.811252657397,109.58112526573969,0.0,12882.717376392544,16.1,0.66,0.0,0.0,5.0,0.6449628755448891
128,0,train_0562,12379.460213651397,10372.321721380036,87.23217213800363,0.0,12466.6923857894,17.06,0.58,0.0,0.0,5.0,0.6449628755448891
129,0,train_0237,12164.311133397485,10789.4050155029,128.94050155029,0.0,12293.251634947776,16.7,0.54,0.0,0.0,5.0,0.6449628755448891
130,0,train_0259,12803.528782866157,10385.069278902054,88.50692789020542,0.0,12892.035710756361,14.16,0.68,0.0,0.0,5.0,0.6449628755448891
131,0,train_0013,12044.267970187993,10632.94494026486,113.29449402648606,0.0,12157.56246421448,14.6,0.66,0.0,0.0,5.0,0.6449628755448891
132,0,train_0319,12522.736487675678,10736.190752238392,123.61907522383918,0.0,12646.355562899518,15.02,0.66,0.0,0.0,5.0,0.6449628755448891
133,0,train_0281,12368.294991864084,10689.541603038586,118.9541603038586,0.0,12487.249152167942,16.66,0.7,0.0,0.0,5.0,0.6449628755448891
134,0,train_0249,12037.426093242157,10585.661604031928,108.56616040319278,0.0,12145.992253645349,15.44,0.56,0.0,0.0,5.0,0.6449628755448891
135,0,train_0374,12515.965485815515,10484.103881046922,98.41038810469217,0.0,12614.375873920208,16.64,0.7,0.0,0.0,5.0,0.6449628755448891
136,0,train_0328,12663.982845167095,10492.712012530104,99.27120125301045,0.0,12763.254046420105,16.22,0.58,0.0,0.0,5.0,0.6449628755448891
137,0,train_0567,13421.243447580331,10770.028996282086,127.00289962820862,0.0,13548.24634720854,15.86,0.62,0.0,0.0,5.0,0.6449628755448891
138,0,train_0243,12633.804176296188,10472.950657061154,97.2950657061154,0.0,12731.099242002303,17.22,0.62,0.0,0.0,5.0,0.6449628755448891
139,0,train_0261,12464.807000937224,10551.815660222519,105.1815660222519,0.0,12569.988566959477,17.16,0.66,0.0,0.0,5.0,0.6449628755448891
140,0,train_0487,12378.586697553586,10594.910289374024,109.49102893740238,0.0,12488.077726490988,14.9,0.68,0.0,0.0,5.0,0.6449628755448891
141,0,train_0291,12590.843156797087,10549.79087308226,104.97908730822601,0.0,12695.822244105313,14.38,0.7,0.0,0.0,5.0,0.6449628755448891
142,0,train_0150,12203.190840506282,10396.575424988936,89.6575424988936,0.0,12292.848383005175,19.12,0.78,0.0,0.0,5.0,0.6449628755448891
143,0,train_0311,12346.3858515971,10483.845081226362,98.38450812263619,0.0,12444.770359719736,15.64,0.76,0.0,0.0,5.0,0.6449628755448891
144,0,train_0304,13191.841161262411,10627.457763038141,112.7457763038141,0.0,13304.586937566226,17.3,0.68,0.0,0.0,5.0,0.6449628755448891
145,0,train_0245,12065.116487783303,10218.625502735249,71.8625502735249,0.0,12136.979038056828,14.16,0.7,0.0,0.0,5.0,0.6449628755448891
146,0,train_0318,12349.26573142837,10400.18362364903,90.01836236490308,0.0,12439.284093793272,18.04,0.66,0.0,0.0,5.0,0.6449628755448891
147,0,train_0347,12631.51993991826,10252.08517312558,75.20851731255807,0.0,12706.728457230818,17.52,0.66,0.0,0.0,5.0,0.6449628755448891
148,0,train_0582,12396.461396719224,10660.257389201179,116.02573892011787,0.0,12512.487135639341,16.32,0.76,0.0,0.0,5.0,0.6449628755448891
149,0,train_0042,12527.241308360875,10425.281911579394,92.52819115793937,0.0,12619.769499518814,16.04,0.64,0.0,0.0,5.0,0.6449628755448891
150,0,train_0547,12792.727981334003,10593.110897168379,109.3110897168379,0.0,12902.03907105084,17.12,0.76,0.0,0.0,5.0,0.6449628755448891
151,0,train_0293,12033.467136689851,10380.590581740656,88.05905817406565,0.0,12121.526194863916,15.7,0.7,0.0,0.0,5.0,0.6449628755448891
152,0,train_0227,12711.160234831514,10822.138264680729,132.21382646807288,0.0,12843.374061299586,15.8,0.64,0.0,0.0,5.0,0.6449628755448891
153,0,train_0366,12408.51974062153,10186.434712697395,68.64347126973954,0.0,12477.16321189127,15.26,0.76,0.0,0.0,5.0,0.6449628755448891
154,0,train_0069,12348.604183447014,10596.323686500586,109.63236865005857,0.0,12458.236552097072,16.8,0.68,0.0,0.0,5.0,0.6449628755448891
155,0,train_0446,12303.420527315826,10103.497415550972,60.349741555097175,0.0,12363.770268870923,16.78,0.6,0.0,0.0,5.0,0.6449628755448891
156,0,train_0056,11950.490489445307,10085.729691150162,58.57296911501617,0.0,12009.063458560322,18.34,0.62,0.0,0.0,5.0,0.6449628755448891
157,0,train_0257,12616.252015505113,10620.334006568552,112.03340065685516,0.0,12728.285416161969,15.82,0.72,0.0,0.0,5.0,0.6449628755448891
158,0,train_0121,12116.430424443904,10776.132149141009,127.61321491410091,0.0,12244.043639358006,13.98,0.8,0.0,0.0,5.0,0.6449628755448891
159,0,train_0181,11599.870489676925,9889.362983467623,38.93629834676231,0.0,11638.806788023687,17.2,0.66,0.0,0.0,5.0,0.6449628755448891
160,0,train_0282,12220.244315095119,9983.171510500708,48.31715105007079,0.0,12268.56146614519,15.14,0.68,0.0,0.0,5.0,0.6449628755448891
161,0,train_0003,12165.957934020049,10150.248961680187,65.02489616801869,0.0,12230.982830188068,16.04,0.64,0.0,0.0,5.0,0.6449628755448891
162,0,train_0533,12022.84115760442,10330.385127708916,83.03851277089161,0.0,12105.879670375312,16.88,0.62,0.0,0.0,5.0,0.6449628755448891
163,0,train_0453,12489.503933472763,10254.5345194836,75.4534519483601,0.0,12564.957385421123,15.82,0.7,0.0,0.0,5.0,0.6449628755448891
164,0,train_0575,12590.498657445518,10986.605106978051,148.66051069780517,0.0,12739.159168143324,16.78,0.62,0.0,0.0,5.0,0.6449628755448891
165,0,train_0046,12041.059347180137,10414.091805218042,91.40918052180423,0.0,12132.468527701942,16.98,0.58,0.0,0.0,5.0,0.6449628755448891
166,0,train_0105,12310.584719749819,10449.271534608648,94.9271534608648,0.0,12405.511873210684,16.62,0.72,0.0,0.0,5.0,0.6449628755448891
167,0,train_0293,12104.335566465797,10129.672265870891,62.96722658708914,0.0,12167.302793052886,14.04,0.48,0.0,0.0,5.0,0.6449628755448891
168,0,train_0513,12336.142787821122,10209.079585502604,70.90795855026045,0.0,12407.050746371382,15.62,0.7,0.0,0.0,5.0,0.6449628755448891
169,0,train_0182,12637.597298608765,10599.225084628464,109.92250846284642,0.0,12747.519807071612,16.14,0.72,0.0,0.0,5.0,0.6449628755448891
170,0,train_0179,12141.510824719966,10454.390343949604,95.43903439496044,0.0,12236.949859114926,13.94,0.56,0.0,0.0,5.0,0.6449628755448891
171,0,train_0504,12473.436989806889,10307.18140657166,80.71814065716609,0.0,12554.155130464054,14.36,0.58,0.0,0.0,5.0,0.6449628755448891
172,0,train_0000,12374.381292467919,10056.009663772693,55.60096637726929,0.0,12429.982258845188,15.2,0.68,0.0,0.0,5.0,0.6449628755448891
173,0,train_0570,12138.925543699728,10461.781732838705,96.17817328387046,0.0,12235.103716983598,14.62,0.72,0.0,0.0,5.0,0.6449628755448891
174,0,train_0113,12219.43871603295,10366.789750584187,86.67897505841866,0.0,12306.11769109137,18.2,0.6,0.0,0.0,5.0,0.6449628755448891
175,0,train_0191,12499.718551139653,10431.523766509516,93.15237665095157,0.0,12592.870927790604,15.18,0.54,0.0,0.0,5.0,0.6449628755448891
176,0,train_0194,12519.42551149561,10436.697105202311,93.66971052023109,0.0,12613.095222015842,16.12,0.7,0.0,0.0,5.0,0.6449628755448891
177,0,train_0538,12964.073041767697,10488.899230173338,98.88992301733379,0.0,13062.96296478503,15.94,0.66,0.0,0.0,5.0,0.6449628755448891
178,0,train_0492,12427.699206502593,10256.80418870391,75.68041887039108,0.0,12503.379625372985,16.68,0.62,0.0,0.0,5.0,0.6449628755448891
179,0,train_0202,12669.22111756722,10721.311249379854,122.13112493798545,0.0,12791.352242505205,15.9,0.66,0.0,0.0,5.0,0.6449628755448891
180,0,train_0204,12756.616962871569,10518.826948729013,101.88269487290127,0.0,12858.49965774447,16.5,0.5,0.0,0.0,5.0,0.6449628755448891
181,0,train_0487,12436.643737306644,10530.56785329813,103.05678532981293,0.0,12539.700522636456,14.26,0.64,0.0,0.0,5.0,0.6449628755448891
182,0,train_0169,11980.777663900815,10285.49348154915,78.54934815491507,0.0,12059.32701205573,17.26,0.6,0.0,0.0,5.0,0.6449628755448891
183,0,train_0479,12974.78276522422,10715.016537658674,121.50165376586739,0.0,13096.284418990086,15.84,0.64,0.0,0.0,5.0,0.6449628755448891
184,0,train_0489,11727.34360866007,10317.521508766218,81.75215087662183,0.0,11809.095759536693,18.18,0.74,0.0,0.0,5.0,0.6449628755448891
185,0,train_0393,12436.097916928113,10428.601386481529,92.86013864815287,0.0,12528.958055576266,13.4,0.7,0.0,0.0,5.0,0.6449628755448891
186,0,train_0446,12363.956335375355,10241.216577585988,74.12165775859886,0.0,12438.077993133953,16.46,0.64,0.0,0.0,5.0,0.6449628755448891
187,0,train_0137,12351.995323182187,10260.925683467492,76.09256834674925,0.0,12428.087891528936,17.64,0.68,0.0,0.0,5.0,0.6449628755448891
188,0,train_0337,12074.34247594904,10080.68072980395,58.06807298039494,0.0,12132.410548929436,16.04,0.66,0.0,0.0,5.0,0.6449628755448891
189,0,train_0082,12516.994888688372,10924.136809028218,142.41368090282177,0.0,12659.408569591194,14.58,0.68,0.0,0.0,5.0,0.6449628755448891
190,0,train_0034,12372.771869357946,10237.571932387453,73.75719323874527,0.0,12446.529062596692,16.62,0.62,0.0,0.0,5.0,0.6449628755448891
191,0,train_0254,12524.33879607189,10523.592519981654,102.35925199816539,0.0,12626.698048070055,16.12,0.6,0.0,0.0,5.0,0.6449628755448891
192,1,train_0176,12798.870641846665,10822.646056617858,132.26460566178577,0.0,12931.13524750845,15.54,0.66,0.0,0.0,5.0,0.6449628755448891
193,1,train_0090,12286.579825057668,10418.128786543133,91.81287865431332,0.0,12378.392703711981,15.08,0.68,0.0,0.0,5.0,0.6449628755448891
194,1,train_0315,12697.440674336896,10667.73119720856,116.77311972085609,0.0,12814.213794057752,17.12,0.64,0.0,0.0,5.0,0.6449628755448891
195,1,train_0523,12521.615838514415,9781.121180396067,28.112118039606685,0.0,12549.727956554023,15.94,0.64,0.0,0.0,5.0,0.6449628755448891
196,1,train_0149,12674.584715688481,10467.168338486865,96.71683384868648,0.0,12771.301549537167,17.66,0.72,0.0,0.0,5.0,0.6449628755448891
197,1,train_0107,12491.006223475375,10617.790691737602,111.77906917376022,0.0,12602.785292649136,16.46,0.74,0.0,0.0,5.0,0.6449628755448891
198,1,train_0520,12116.84880517264,9955.609844701332,45.56098447013319,0.0,12162.409789642774,15.62,0.6,0.0,0.0,5.0,0.6449628755448891
199,1,train_0018,12498.629767417237,10219.567512892407,71.95675128924067,0.0,12570.586518706477,15.6,0.64,0.0,0.0,5.0,0.6449628755448891
200,1,train_0352,12062.431307311816,9945.415676552093,44.54156765520929,0.0,12106.972874967025,17.04,0.66,0.0,0.0,5.0,0.6449628755448891
201,1,train_0335,12573.19768404602,10744.831214967518,124.48312149675185,0.0,12697.680805542772,17.96,0.62,0.0,0.0,5.0,0.6449628755448891
202,1,train_0280,12611.626712005094,10299.739433661696,79.97394336616964,0.0,12691.600655371263,17.3,0.62,0.0,0.0,5.0,0.6449628755448891
203,1,train_0257,12629.26382372986,10329.966680268046,82.99666802680458,0.0,12712.260491756664,15.26,0.68,0.0,0.0,5.0,0.6449628755448891
204,1,train_0016,12148.474082073619,10464.977123570852,96.49771235708522,0.0,12244.971794430705,16.56,0.72,0.0,0.0,5.0,0.6449628755448891
205,1,train_0515,12167.275715732096,10519.601911524696,101.96019115246963,0.0,12269.235906884565,17.46,0.58,0.0,0.0,5.0,0.6449628755448891
206,1,train_0040,12536.221136736001,10464.93560212904,96.49356021290406,0.0,12632.714696948906,17.86,0.7,0.0,0.0,5.0,0.6449628755448891
207,1,train_0096,12436.744680584074,10496.883314247912,99.68833142479126,0.0,12536.433012008865,16.38,0.64,0.0,0.0,5.0,0.6449628755448891
208,1,train_0528,12735.800494521165,9982.947773171538,48.29477731715379,0.0,12784.09527183832,15.36,0.64,0.0,0.0,5.0,0.6449628755448891
209,1,train_0216,12108.822995651662,10270.608195170706,77.06081951707057,0.0,12185.883815168732,18.22,0.7,0.0,0.0,5.0,0.6449628755448891
210,1,train_0275,12224.261771896754,10562.235264823681,106.22352648236811,0.0,12330.485298379122,16.28,0.6,0.0,0.0,5.0,0.6449628755448891
211,1,train_0384,11721.02233089534,10335.585006548346,83.55850065483465,0.0,11804.580831550174,15.3,0.66,0.0,0.0,5.0,0.6449628755448891
212,1,train_0338,12714.903507469235,10150.073511729486,65.00735117294862,0.0,12779.910858642183,16.94,0.66,0.0,0.0,5.0,0.6449628755448891
213,1,train_0558,12601.018243841238,10591.304136840272,109.13041368402719,0.0,12710.148657525264,15.96,0.64,0.0,0.0,5.0,0.6449628755448891
214,1,train_0562,12314.395745782007,10734.41071288678,123.441071288678,0.0,12437.836817070685,16.26,0.6,0.0,0.0,5.0,0.6449628755448891
215,1,train_0157,12763.487909431622,9842.324105657044,34.23241056570441,0.0,12797.720319997326,16.52,0.7,0.0,0.0,5.0,0.6449628755448891
216,1,train_0458,12826.794798404931,10624.814689290735,112.48146892907353,0.0,12939.276267334006,14.52,0.6,0.0,0.0,5.0,0.6449628755448891
217,1,train_0412,12257.54631187164,10247.795420845818,74.77954208458178,0.0,12332.325853956221,15.96,0.58,0.0,0.0,5.0,0.6449628755448891
218,1,train_0149,12657.855944741768,10531.396396735434,103.1396396735434,0.0,12760.995584415312,15.02,0.54,0.0,0.0,5.0,0.6449628755448891
219,1,train_0089,12325.604065598596,10927.27607366355,142.72760736635502,0.0,12468.33167296495,16.7,0.56,0.0,0.0,5.0,0.6449628755448891
220,1,train_0489,12110.942805604915,10038.38193418195,53.83819341819508,0.0,12164.780999023109,15.76,0.6,0.0,0.0,5.0,0.6449628755448891
221,1,train_0444,12733.16196770085,10199.141820889612,69.91418208896121,0.0,12803.076149789811,17.12,0.64,0.0,0.0,5.0,0.6449628755448891
222,1,train_0224,12586.5171428881,10268.642813136352,76.86428131363519,0.0,12663.381424201736,14.88,0.74,0.0,0.0,5.0,0.6449628755448891
223,1,train_0175,12493.971824299671,10222.147416179036,72.21474161790357,0.0,12566.186565917575,15.5,0.6,0.0,0.0,5.0,0.6449628755448891
224,1,train_0413,12656.002002336614,10812.495310593076,131.24953105930763,0.0,12787.251533395922,16.52,0.66,0.0,0.0,5.0,0.6449628755448891
225,1,train_0146,12448.125411490175,10418.45798532018,91.84579853201795,0.0,12539.971210022193,16.14,0.62,0.0,0.0,5.0,0.6449628755448891
226,1,train_0278,12486.008557805106,10256.6631086812,75.66631086811995,0.0,12561.674868673226,16.58,0.72,0.0,0.0,5.0,0.6449628755448891
227,1,train_0137,12259.691073883503,10337.285441796515,83.72854417965155,0.0,12343.419618063155,17.18,0.64,0.0,0.0,5.0,0.6449628755448891
228,1,train_0371,12183.269522152377,10515.568577408696,101.5568577408696,0.0,12284.826379893248,15.0,0.72,0.0,0.0,5.0,0.6449628755448891
229,1,train_0222,12193.207043556531,10562.837965648534,106.2837965648534,0.0,12299.490840121385,17.44,0.58,0.0,0.0,5.0,0.6449628755448891
230,1,train_0399,12491.392861004595,10324.106278490115,82.41062784901152,0.0,12573.803488853606,15.96,0.64,0.0,0.0,5.0,0.6449628755448891
231,1,train_0197,12775.464109031174,10501.180365686827,100.1180365686827,0.0,12875.582145599858,14.68,0.56,0.0,0.0,5.0,0.6449628755448891
232,1,train_0375,12546.30456353486,10429.248523897943,92.92485238979425,0.0,12639.229415924656,14.98,0.66,0.0,0.0,5.0,0.6449628755448891
233,1,train_0367,12315.756728279393,10271.190408746515,77.11904087465155,0.0,12392.875769154045,14.26,0.66,0.0,0.0,5.0,0.6449628755448891
234,1,train_0270,12203.159554391052,10603.007511220298,110.30075112202977,0.0,12313.460305513081,15.36,0.54,0.0,0.0,5.0,0.6449628755448891
235,1,train_0326,12188.88340910941,10102.60839530048,60.260839530048,0.0,12249.144248639459,15.62,0.56,0.0,0.0,5.0,0.6449628755448891
236,1,train_0107,12584.294800189235,10336.032961000941,83.60329610009413,0.0,12667.89809628933,17.08,0.66,0.0,0.0,5.0,0.6449628755448891
237,1,train_0449,12456.546020074908,10621.081249614683,112.10812496146828,0.0,12568.654145036377,16.78,0.74,0.0,0.0,5.0,0.6449628755448891
238,1,train_0431,12408.030286780118,10297.316336315784,79.73163363157838,0.0,12487.761920411696,17.52,0.68,0.0,0.0,5.0,0.6449628755448891
239,1,train_0176,12810.496067659644,10771.895154939386,127.1895154939386,0.0,12937.685583153583,15.6,0.62,0.0,0.0,5.0,0.6449628755448891
240,1,train_0252,12249.950976117558,10241.363989400217,74.13639894002172,0.0,12324.08737505758,15.96,0.64,0.0,0.0,5.0,0.6449628755448891
241,1,train_0576,12029.040113265874,10447.712771562767,94.77127715627667,0.0,12123.81139042215,15.28,0.64,0.0,0.0,5.0,0.6449628755448891
242,1,train_0076,12667.100576422468,10157.504856849542,65.75048568495423,0.0,12732.851062107422,15.18,0.66,0.0,0.0,5.0,0.6449628755448891
243,1,train_0326,12274.483011597375,10078.283764364662,57.82837643646617,0.0,12332.31138803384,15.58,0.64,0.0,0.0,5.0,0.6449628755448891
244,1,train_0318,12220.562128456968,10662.306559805083,116.23065598050835,0.0,12336.792784437475,17.42,0.68,0.0,0.0,5.0,0.6449628755448891
245,1,train_0407,12256.445367731027,10747.85995335347,124.78599533534708,0.0,12381.231363066374,14.56,0.7,0.0,0.0,5.0,0.6449628755448891
246,1,train_0267,12261.340568038311,10289.222305300076,78.92223053000762,0.0,12340.26279856832,17.2,0.58,0.0,0.0,5.0,0.6449628755448891
247,1,train_0412,12043.937821686863,10579.112850931333,107.9112850931333,0.0,12151.849106779995,14.5,0.6,0.0,0.0,5.0,0.6449628755448891
248,1,train_0066,12583.125836915697,10522.450934109966,102.24509341099656,0.0,12685.370930326693,17.32,0.64,0.0,0.0,5.0,0.6449628755448891
249,1,train_0091,12679.752419277384,10525.101182088623,102.51011820886234,0.0,12782.262537486245,15.56,0.64,0.0,0.0,5.0,0.6449628755448891
250,1,train_0319,12449.697973616034,11007.929855552124,150.79298555521237,0.0,12600.490959171246,15.48,0.7,0.0,0.0,5.0,0.6449628755448891
251,1,train_0087,12696.751111505208,10579.402964546745,107.94029645467454,0.0,12804.691407959883,16.14,0.66,0.0,0.0,5.0,0.6449628755448891
252,1,train_0013,12489.038127929936,10019.66826708772,51.96682670877199,0.0,12541.004954638709,14.08,0.66,0.0,0.0,5.0,0.6449628755448891
253,1,train_0277,12373.060505277466,10595.606318160522,109.56063181605224,0.0,12482.621137093518,15.2,0.64,0.0,0.0,5.0,0.6449628755448891
254,1,train_0420,12350.386059938908,10133.190890747086,63.319089074708614,0.0,12413.705149013616,15.46,0.66,0.0,0.0,5.0,0.6449628755448891
255,1,train_0313,12197.707203099842,10499.13137605161,99.91313760516095,0.0,12297.620340705003,16.34,0.62,0.0,0.0,5.0,0.6449628755448891
256,1,train_0525,12263.723119071246,10478.685721151673,97.86857211516727,0.0,12361.591691186413,15.4,0.56,0.0,0.0,5.0,0.6449628755448891
257,1,train_0163,12798.749710132823,10364.91278443252,86.49127844325194,0.0,12885.240988576075,16.48,0.8,0.0,0.0,5.0,0.6449628755448891
258,1,train_0269,12026.544237113081,9718.981927912904,21.898192791290423,0.0,12048.442429904371,15.38,0.5,0.0,0.0,5.0,0.6449628755448891
259,1,train_0108,12514.305483693866,10446.702383848507,94.67023838485075,0.0,12608.975722078718,17.26,0.64,0.0,0.0,5.0,0.6449628755448891
260,1,train_0153,11968.705817504859,10343.251709860699,84.32517098606986,0.0,12053.03098849093,16.8,0.76,0.0,0.0,5.0,0.6449628755448891
261,1,train_0302,12393.772233968955,10646.301563023862,114.63015630238624,0.0,12508.402390271342,15.1,0.68,0.0,0.0,5.0,0.6449628755448891
262,1,train_0361,12350.13603798583,10658.467165343161,115.84671653431616,0.0,12465.982754520146,17.18,0.54,0.0,0.0,5.0,0.6449628755448891
263,1,train_0395,12048.290094210377,10363.5572005365,86.35572005364993,0.0,12134.645814264028,16.22,0.68,0.0,0.0,5.0,0.6449628755448891
264,1,train_0157,12307.693271986724,10446.978129047839,94.69781290478386,0.0,12402.391084891507,14.42,0.68,0.0,0.0,5.0,0.6449628755448891
265,1,train_0137,12420.171784986731,10034.293384542008,53.429338454200845,0.0,12473.601123440932,15.54,0.58,0.0,0.0,5.0,0.6449628755448891
266,1,train_0245,12079.646117858749,9998.222496725302,49.82224967253023,0.0,12129.468367531279,14.58,0.62,0.0,0.0,5.0,0.6449628755448891
267,1,train_0131,12603.988622600937,11151.239208449779,165.12392084497787,0.0,12769.112543445914,17.18,0.64,0.0,0.0,5.0,0.6449628755448891
268,1,train_0136,12264.257309290333,10394.629719236578,89.46297192365783,0.0,12353.720281213991,17.74,0.62,0.0,0.0,5.0,0.6449628755448891
269,1,train_0572,12703.41633422409,10274.566472610852,77.45664726108517,0.0,12780.872981485176,14.58,0.58,0.0,0.0,5.0,0.6449628755448891
270,1,train_0202,12466.14891143317,10786.272492554737,128.62724925547374,0.0,12594.776160688645,15.14,0.76,0.0,0.0,5.0,0.6449628755448891
271,1,train_0434,12755.735001204748,10736.377172108427,123.63771721084268,0.0,12879.37271841559,15.06,0.64,0.0,0.0,5.0,0.6449628755448891
272,1,train_0191,12595.492511609224,10272.70978334335,77.2709783343351,0.0,12672.763489943558,16.88,0.6,0.0,0.0,5.0,0.6449628755448891
273,1,train_0020,13140.236047505725,10293.85511667189,79.385511667189,0.0,13219.621559172914,15.78,0.68,0.0,0.0,5.0,0.6449628755448891
274,1,train_0029,12073.337879644978,10361.583236602506,86.15832366025062,0.0,12159.496203305229,15.66,0.66,0.0,0.0,5.0,0.6449628755448891
275,1,train_0588,12293.536535869136,10279.577915980783,77.95779159807826,0.0,12371.494327467215,18.04,0.68,0.0,0.0,5.0,0.6449628755448891
276,1,train_0219,12194.46146898436,10645.234353235013,114.52343532350133,0.0,12308.984904307861,16.38,0.64,0.0,0.0,5.0,0.6449628755448891
277,1,train_0005,12206.70257653486,10074.283942954888,57.428394295488765,0.0,12264.130970830349,18.0,0.7,0.0,0.0,5.0,0.6449628755448891
278,1,train_0227,13054.411826627735,10541.21649189787,104.12164918978706,0.0,13158.533475817521,17.0,0.54,0.0,0.0,5.0,0.6449628755448891
279,1,train_0158,12608.018544827148,10507.496946294836,100.74969462948357,0.0,12708.76823945663,17.38,0.68,0.0,0.0,5.0,0.6449628755448891
280,1,train_0403,12958.419295776255,10668.17727173,116.81772717299992,0.0,13075.237022949255,13.7,0.64,0.0,0.0,5.0,0.6449628755448891
281,1,train_0550,12410.758094561717,10293.003915094112,79.30039150941121,0.0,12490.058486071128,18.5,0.68,0.0,0.0,5.0,0.6449628755448891
282,1,train_0536,12105.444485845952,10372.071518308916,87.2071518308916,0.0,12192.651637676843,15.92,0.6,0.0,0.0,5.0,0.6449628755448891
283,1,train_0048,12251.985024783658,10496.827160707919,99.68271607079187,0.0,12351.667740854451,16.28,0.68,0.0,0.0,5.0,0.6449628755448891
284,1,train_0002,12290.48839056948,10368.501169716801,86.85011697168011,0.0,12377.33850754116,14.06,0.72,0.0,0.0,5.0,0.6449628755448891
285,1,train_0512,12322.070545536153,10342.712676701682,84.27126767016817,0.0,12406.341813206322,15.18,0.64,0.0,0.0,5.0,0.6449628755448891
286,1,train_0108,12448.53922787365,10303.156320068389,80.31563200683887,0.0,12528.85485988049,17.84,0.56,0.0,0.0,5.0,0.6449628755448891
287,1,train_0086,11957.70588023189,9903.633940324817,40.363394032481665,0.0,11998.069274264371,17.06,0.74,0.0,0.0,5.0,0.6449628755448891
288,1,train_0567,13300.928742929107,10882.675855481792,138.26758554817917,0.0,13439.196328477286,17.16,0.64,0.0,0.0,5.0,0.6449628755448891
289,1,train_0107,12467.12069512115,10761.7161240352,126.17161240351999,0.0,12593.292307524669,17.7,0.72,0.0,0.0,5.0,0.6449628755448891
290,1,train_0515,12365.127390023636,10314.693469225353,81.46934692253527,0.0,12446.59673694617,16.96,0.66,0.0,0.0,5.0,0.6449628755448891
291,1,train_0470,11933.6245733454,10179.219789821567,67.92197898215673,0.0,12001.546552327556,15.52,0.6,0.0,0.0,5.0,0.6449628755448891
292,1,train_0120,12320.862181719089,10034.54018611809,53.45401861180908,0.0,12374.316200330897,17.52,0.5,0.0,0.0,5.0,0.6449628755448891
293,1,train_0537,12175.519240118247,10535.611891152446,103.56118911524464,0.0,12279.08042923349,15.52,0.6,0.0,0.0,5.0,0.6449628755448891
294,1,train_0375,12473.227731858473,10639.69172877941,113.96917287794095,0.0,12587.196904736415,14.56,0.66,0.0,0.0,5.0,0.6449628755448891
295,1,train_0276,12381.104745333914,10264.289271637834,76.42892716378337,0.0,12457.533672497697,15.6,0.52,0.0,0.0,5.0,0.6449628755448891
296,1,train_0292,12609.153465494153,10400.852421374919,90.08524213749189,0.0,12699.238707631645,17.34,0.74,0.0,0.0,5.0,0.6449628755448891
297,1,train_0023,12098.607950760845,10100.515361457918,60.051536145791765,0.0,12158.659486906636,14.48,0.68,0.0,0.0,5.0,0.6449628755448891
298,1,train_0521,12674.455178722266,10240.477142330885,74.04771423308848,0.0,12748.502892955355,17.86,0.76,0.0,0.0,5.0,0.6449628755448891
299,1,train_0189,12043.05298637049,10343.900621556384,84.39006215563842,0.0,12127.44304852613,15.68,0.7,0.0,0.0,5.0,0.6449628755448891
300,1,train_0167,11878.851695535752,10437.440617485961,93.74406174859615,0.0,11972.595757284347,15.84,0.48,0.0,0.0,5.0,0.6449628755448891
301,1,train_0009,12321.628518632175,10400.479472474552,90.04794724745517,0.0,12411.67646587963,15.4,0.72,0.0,0.0,5.0,0.6449628755448891
302,1,train_0157,12567.143671028978,10236.408486114238,73.64084861142383,0.0,12640.784519640401,15.2,0.62,0.0,0.0,5.0,0.6449628755448891
303,1,train_0209,12019.975600225685,10852.996698464394,135.29966984643943,0.0,12155.275270072125,15.78,0.6,0.0,0.0,5.0,0.6449628755448891
304,1,train_0026,12202.600948075096,10069.0981640674,56.90981640673999,0.0,12259.510764481836,15.12,0.62,0.0,0.0,5.0,0.6449628755448891
305,1,train_0395,12057.087628812003,10199.954197161174,69.99541971611744,0.0,12127.08304852812,15.24,0.66,0.0,0.0,5.0,0.6449628755448891
306,1,train_0085,12471.764814206252,10303.946967849333,80.39469678493333,0.0,12552.159510991185,14.48,0.74,0.0,0.0,5.0,0.6449628755448891
307,1,train_0159,12031.194519282977,10083.327684409156,58.33276844091561,0.0,12089.527287723893,17.78,0.64,0.0,0.0,5.0,0.6449628755448891
308,1,train_0287,12644.250852813811,10462.68832014307,96.26883201430701,0.0,12740.51968482812,15.88,0.56,0.0,0.0,5.0,0.6449628755448891
309,1,train_0391,12424.816455792394,10368.876717399442,86.88767173994421,0.0,12511.704127532337,16.06,0.64,0.0,0.0,5.0,0.6449628755448891
310,1,train_0111,12298.189752824277,10314.205713202848,81.42057132028476,0.0,12379.610324144562,14.52,0.62,0.0,0.0,5.0,0.6449628755448891
311,1,train_0556,12400.121868192422,10795.710619910129,129.5710619910129,0.0,12529.692930183435,13.82,0.64,0.0,0.0,5.0,0.6449628755448891
312,1,train_0310,11946.686936541013,10273.406370554729,77.34063705547288,0.0,12024.027573596486,14.92,0.58,0.0,0.0,5.0,0.6449628755448891
313,1,train_0279,12360.177965457178,10386.310752590018,88.63107525900178,0.0,12448.80904071618,17.26,0.68,0.0,0.0,5.0,0.6449628755448891
314,1,train_0448,12151.692829003041,10537.560585847934,103.7560585847934,0.0,12255.448887587834,15.62,0.6,0.0,0.0,5.0,0.6449628755448891
315,1,train_0124,12644.439665666505,10730.87962215612,123.08796221561207,0.0,12767.527627882117,16.74,0.78,0.0,0.0,5.0,0.6449628755448891
316,1,train_0168,12569.98546865884,10712.68462523345,121.26846252334508,0.0,12691.253931182186,17.66,0.58,0.0,0.0,5.0,0.6449628755448891
317,1,train_0553,11551.945651108039,9798.633484317204,29.863348431720443,0.0,11581.808999539759,15.74,0.7,0.0,0.0,5.0,0.6449628755448891
318,1,train_0422,12336.37759676298,10497.27424114025,99.72742411402506,0.0,12436.105020877007,14.34,0.58,0.0,0.0,5.0,0.6449628755448891
319,1,train_0567,12871.74842626099,11190.173036648943,169.01730366489429,0.0,13040.765729925884,15.86,0.68,0.0,0.0,5.0,0.6449628755448891
320,1,train_0376,12239.942827576742,10333.80618678275,83.38061867827491,0.0,12323.323446255017,17.22,0.6,0.0,0.0,5.0,0.6449628755448891
321,1,train_0080,12716.315067114469,10259.073302476176,75.90733024761758,0.0,12792.222397362086,15.56,0.54,0.0,0.0,5.0,0.6449628755448891
322,1,train_0453,12468.123635673881,10232.023478295003,73.20234782950028,0.0,12541.32598350338,17.72,0.62,0.0,0.0,5.0,0.6449628755448891
323,1,train_0539,12367.114393225165,10212.244728731013,71.22447287310133,0.0,12438.338866098267,14.8,0.68,0.0,0.0,5.0,0.6449628755448891
324,1,train_0074,12564.36364198985,10416.297809978885,91.62978099788853,0.0,12655.993422987738,15.94,0.52,0.0,0.0,5.0,0.6449628755448891
325,1,train_0175,12627.385082533732,9920.886629800734,42.08866298007342,0.0,12669.473745513806,16.76,0.66,0.0,0.0,5.0,0.6449628755448891
326,1,train_0468,12131.721858706413,10225.348935930459,72.53489359304585,0.0,12204.256752299458,15.38,0.42,0.0,0.0,5.0,0.6449628755448891
327,1,train_0076,12290.536384964542,10373.465182430395,87.34651824303947,0.0,12377.882903207581,15.06,0.64,0.0,0.0,5.0,0.6449628755448891
328,1,train_0583,12479.435893119085,10358.510935731612,85.85109357316124,0.0,12565.286986692247,15.94,0.74,0.0,0.0,5.0,0.6449628755448891
329,1,train_0070,11838.804913984648,9883.892270283972,38.38922702839718,0.0,11877.194141013046,15.62,0.56,0.0,0.0,5.0,0.6449628755448891
330,1,train_0015,12293.436873731738,10383.363218229146,88.33632182291458,0.0,12381.773195554653,15.4,0.56,0.0,0.0,5.0,0.6449628755448891
331,1,train_0455,12910.111651227064,10644.55234692818,114.45523469281798,0.0,13024.566885919881,17.4,0.66,0.0,0.0,5.0,0.6449628755448891
332,1,train_0002,12327.056983012837,10298.060901028912,79.80609010289118,0.0,12406.863073115728,14.14,0.66,0.0,0.0,5.0,0.6449628755448891
333,1,train_0053,12283.027352141406,10455.281089271466,95.5281089271466,0.0,12378.555461068552,15.44,0.64,0.0,0.0,5.0,0.6449628755448891
334,1,train_0404,13119.61347814932,10996.981671760412,149.69816717604118,0.0,13269.31164532536,15.84,0.6,0.0,0.0,5.0,0.6449628755448891
335,1,train_0457,12393.272004539027,10454.484861875162,95.44848618751621,0.0,12488.720490726544,15.9,0.66,0.0,0.0,5.0,0.6449628755448891
336,1,train_0531,12241.258442902026,10540.681740713968,104.0681740713968,0.0,12345.326616973423,18.4,0.58,0.0,0.0,5.0,0.6449628755448891
337,1,train_0143,12708.511569556114,10461.680632739262,96.16806327392624,0.0,12804.67963283004,15.1,0.74,0.0,0.0,5.0,0.6449628755448891
338,1,train_0488,12531.43073593772,10396.357493714992,89.63574937149916,0.0,12621.066485309218,14.78,0.74,0.0,0.0,5.0,0.6449628755448891
339,1,train_0251,12372.22183580761,10423.083937679283,92.3083937679283,0.0,12464.530229575537,16.18,0.7,0.0,0.0,5.0,0.6449628755448891
340,1,train_0464,12281.917030072336,10437.44524786588,93.74452478658804,0.0,12375.661554858925,15.6,0.62,0.0,0.0,5.0,0.6449628755448891
341,1,train_0085,12610.379407271519,10073.565329390509,57.35653293905089,0.0,12667.73594021057,15.14,0.56,0.0,0.0,5.0,0.6449628755448891
342,1,train_0436,12408.295485514514,10647.578865380907,114.75788653809069,0.0,12523.053372052605,15.94,0.58,0.0,0.0,5.0,0.6449628755448891
343,1,train_0391,12364.629803588781,10162.505034663116,66.2505034663116,0.0,12430.880307055093,15.04,0.66,0.0,0.0,5.0,0.6449628755448891
344,1,train_0245,11993.547289489947,10176.44949906184,67.64494990618405,0.0,12061.19223939613,15.58,0.54,0.0,0.0,5.0,0.6449628755448891
345,1,train_0274,12843.303569661806,10331.931648923988,83.19316489239883,0.0,12926.496734554205,16.24,0.6,0.0,0.0,5.0,0.6449628755448891
346,1,train_0104,12414.349009920536,10160.79050001537,66.07905000153697,0.0,12480.428059922073,17.2,0.66,0.0,0.0,5.0,0.6449628755448891
347,1,train_0236,12620.782934193518,9830.421211828685,33.042121182868506,0.0,12653.825055376386,18.8,0.56,0.0,0.0,5.0,0.6449628755448891
348,1,train_0366,12545.031169848913,10043.933698299305,54.39336982993046,0.0,12599.424539678843,14.74,0.5,0.0,0.0,5.0,0.6449628755448891
349,1,train_0482,12178.684561684626,9905.05927476385,40.50592747638493,0.0,12219.19048916101,14.48,0.66,0.0,0.0,5.0,0.6449628755448891
350,1,train_0358,12695.647377326393,10333.797702471536,83.37977024715366,0.0,12779.027147573546,16.24,0.68,0.0,0.0,5.0,0.6449628755448891
351,1,train_0275,11980.256526157735,10675.516483923086,117.55164839230856,0.0,12097.808174550044,15.68,0.56,0.0,0.0,5.0,0.6449628755448891
352,1,train_0431,12244.395249710262,10291.237097519828,79.12370975198283,0.0,12323.518959462244,16.54,0.74,0.0,0.0,5.0,0.6449628755448891
353,1,train_0414,12455.749066424794,10032.187565091686,53.218756509168635,0.0,12508.967822933962,15.72,0.76,0.0,0.0,5.0,0.6449628755448891
354,1,train_0566,12126.584043718693,10185.902786366256,68.5902786366256,0.0,12195.174322355319,14.42,0.72,0.0,0.0,5.0,0.6449628755448891
355,1,train_0469,12682.600153991887,10728.14838543782,122.81483854378203,0.0,12805.414992535669,15.16,0.7,0.0,0.0,5.0,0.6449628755448891
356,1,train_0042,12390.621719401117,10221.512599185135,72.15125991851346,0.0,12462.77297931963,16.06,0.6,0.0,0.0,5.0,0.6449628755448891
357,1,train_0368,12183.02181210956,10869.869743469206,136.9869743469206,0.0,12320.008786456481,16.14,0.62,0.0,0.0,5.0,0.6449628755448891
358,1,train_0426,12393.495559585663,10158.034939476112,65.80349394761124,0.0,12459.299053533274,17.68,0.7,0.0,0.0,5.0,0.6449628755448891
359,1,train_0576,12191.10083888883,10187.568317493458,68.75683174934584,0.0,12259.857670638175,14.2,0.76,0.0,0.0,5.0,0.6449628755448891
360,1,train_0456,12344.149096752863,10247.738426954767,74.77384269547674,0.0,12418.92293944834,15.06,0.64,0.0,0.0,5.0,0.6449628755448891
361,1,train_0330,11973.009738997242,10283.652351363591,78.36523513635912,0.0,12051.374974133601,15.94,0.7,0.0,0.0,5.0,0.6449628755448891
362,1,train_0025,12823.405962877849,10370.633988234342,87.06339882343418,0.0,12910.469361701284,15.38,0.82,0.0,0.0,5.0,0.6449628755448891
363,1,train_0131,12766.726133090338,10819.821330065613,131.98213300656136,0.0,12898.708266096899,15.4,0.6,0.0,0.0,5.0,0.6449628755448891
364,1,train_0457,12576.298078786229,10339.293131725812,83.92931317258117,0.0,12660.22739195881,15.36,0.8,0.0,0.0,5.0,0.6449628755448891
365,1,train_0325,12299.152747080954,10403.585052882412,90.35850528824122,0.0,12389.511252369195,14.52,0.6,0.0,0.0,5.0,0.6449628755448891
366,1,train_0412,12106.334302065143,10528.326391030465,102.8326391030465,0.0,12209.166941168189,14.28,0.58,0.0,0.0,5.0,0.6449628755448891
367,1,train_0146,12217.94017180198,10411.346088376715,91.13460883767148,0.0,12309.074780639652,15.78,0.7,0.0,0.0,5.0,0.6449628755448891
368,1,train_0475,11999.200166122286,10259.720389375434,75.9720389375434,0.0,12075.17220505983,15.26,0.42,0.0,0.0,5.0,0.6449628755448891
369,1,train_0049,12702.119793499662,10361.307984530016,86.13079845300163,0.0,12788.250591952663,14.28,0.66,0.0,0.0,5.0,0.6449628755448891
370,1,train_0583,12143.917062458899,10530.599423330164,103.05994233301645,0.0,12246.977004791916,15.52,0.66,0.0,0.0,5.0,0.6449628755448891
371,1,train_0453,12784.182744175381,10161.907920948632,66.19079209486317,0.0,12850.373536270245,17.16,0.76,0.0,0.0,5.0,0.6449628755448891
372,1,train_0410,12577.704412258641,10615.958863525926,111.59588635259261,0.0,12689.300298611233,17.04,0.72,0.0,0.0,5.0,0.6449628755448891
373,1,train_0158,12632.335114522757,10600.678639943384,110.06786399433841,0.0,12742.402978517095,18.16,0.64,0.0,0.0,5.0,0.6449628755448891
374,1,train_0479,12916.998948777113,10577.497381425168,107.7497381425168,0.0,13024.74868691963,16.06,0.6,0.0,0.0,5.0,0.6449628755448891
375,1,train_0188,12406.879087340541,10396.122607769616,89.61226077696156,0.0,12496.491348117503,12.92,0.58,0.0,0.0,5.0,0.6449628755448891
376,1,train_0508,12509.174354442599,10784.61130394822,128.46113039482208,0.0,12637.635484837421,14.14,0.72,0.0,0.0,5.0,0.6449628755448891
377,1,train_0593,12366.210120646174,10228.989249327358,72.89892493273582,0.0,12439.109045578909,14.7,0.64,0.0,0.0,5.0,0.6449628755448891
378,1,train_0514,12348.686095780886,10304.367837818905,80.43678378189053,0.0,12429.122879562776,15.18,0.76,0.0,0.0,5.0,0.6449628755448891
379,1,train_0240,13026.34491469019,10728.321914402044,122.83219144020441,0.0,13149.177106130393,16.42,0.74,0.0,0.0,5.0,0.6449628755448891
380,1,train_0542,12159.422007506982,10399.7555457435,89.97555457434993,0.0,12249.397562081333,14.6,0.62,0.0,0.0,5.0,0.6449628755448891
381,1,train_0264,12119.537109801793,10218.226195832545,71.82261958325454,0.0,12191.359729385047,14.34,0.58,0.0,0.0,5.0,0.6449628755448891
382,1,train_0493,12128.574237853274,10140.606773347283,64.06067733472828,0.0,12192.634915188002,17.1,0.6,0.0,0.0,5.0,0.6449628755448891
383,1,train_0552,12412.621542650977,10366.476593347597,86.64765933475974,0.0,12499.269201985737,15.24,0.7,0.0,0.0,5.0,0.6449628755448891
384,1,train_0230,12444.204176538713,10332.8554253658,83.28554253658004,0.0,12527.489719075293,15.74,0.62,0.0,0.0,5.0,0.6449628755448891
385,1,train_0474,12445.237632259528,10948.998820182365,144.89988201823653,0.0,12590.137514277765,15.14,0.72,0.0,0.0,5.0,0.6449628755448891
386,1,train_0589,12065.3680283802,10214.750420167704,71.47504201677039,0.0,12136.843070396972,15.48,0.62,0.0,0.0,5.0,0.6449628755448891
387,1,train_0515,12503.500774994525,10284.117917165848,78.41179171658479,0.0,12581.91256671111,18.22,0.76,0.0,0.0,5.0,0.6449628755448891
388,1,train_0122,12141.328847539098,10264.865082845925,76.48650828459249,0.0,12217.81535582369,15.78,0.7,0.0,0.0,5.0,0.6449628755448891
389,1,train_0281,12451.629541594371,10523.303065042972,102.3303065042972,0.0,12553.959848098668,16.08,0.68,0.0,0.0,5.0,0.6449628755448891
390,1,train_0267,12139.045284979631,10258.612874104248,75.86128741042485,0.0,12214.906572390057,15.26,0.62,0.0,0.0,5.0,0.6449628755448891
391,1,train_0127,12612.901369151186,10468.40019020042,96.84001902004202,0.0,12709.74138817123,14.78,0.64,0.0,0.0,5.0,0.6449628755448891
392,1,train_0131,13185.69962825732,10589.296360230637,108.92963602306372,0.0,13294.629264280384,15.06,0.66,0.0,0.0,5.0,0.6449628755448891
393,1,train_0039,12661.724822127011,10581.472993985757,108.14729939857571,0.0,12769.872121525586,17.46,0.5,0.0,0.0,5.0,0.6449628755448891
394,1,train_0416,12042.161575747512,10274.032073660537,77.40320736605372,0.0,12119.564783113565,17.5,0.74,0.0,0.0,5.0,0.6449628755448891
395,1,train_0047,12236.734712767266,10087.823567852503,58.78235678525034,0.0,12295.517069552516,14.9,0.7,0.0,0.0,5.0,0.6449628755448891
396,1,train_0075,12501.707144626267,10613.06834883177,111.306834883177,0.0,12613.013979509444,15.6,0.66,0.0,0.0,5.0,0.6449628755448891
397,1,train_0082,12394.448740776315,10680.45467878984,118.04546787898398,0.0,12512.4942086553,17.6,0.62,0.0,0.0,5.0,0.6449628755448891
398,1,train_0311,12340.404125365509,10472.807814978012,97.28078149780123,0.0,12437.68490686331,17.18,0.54,0.0,0.0,5.0,0.6449628755448891
399,1,train_0161,12534.408768658588,10232.96681864045,73.29668186404506,0.0,12607.705450522633,16.18,0.66,0.0,0.0,5.0,0.6449628755448891
400,2,train_0272,12708.619484728764,10143.336966233292,64.33369662332916,0.0,12772.953181352093,14.36,0.54,0.0,0.0,5.0,0.6449628755448891
401,2,train_0466,12288.313950130778,10526.63193260938,102.66319326093799,0.0,12390.977143391716,17.2,0.74,0.0,0.0,5.0,0.6449628755448891
402,2,train_0216,12044.553563141448,10399.150684292816,89.91506842928158,0.0,12134.46863157073,18.08,0.64,0.0,0.0,5.0,0.6449628755448891
403,2,train_0137,12074.052878600927,10252.703668993867,75.27036689938669,0.0,12149.323245500314,16.44,0.56,0.0,0.0,5.0,0.6449628755448891
404,2,train_0046,12347.6861598201,10166.124152348868,66.6124152348868,0.0,12414.298575054987,17.42,0.74,0.0,0.0,5.0,0.6449628755448891
405,2,train_0253,12080.745416377456,10060.995640360508,56.099564036050836,0.0,12136.844980413507,16.14,0.68,0.0,0.0,5.0,0.6449628755448891
406,2,train_0490,12180.804583241912,10411.23350997047,91.12335099704705,0.0,12271.92793423896,15.02,0.64,0.0,0.0,5.0,0.6449628755448891
407,2,train_0274,12673.796473097982,10492.131865477953,99.21318654779535,0.0,12773.009659645777,16.44,0.66,0.0,0.0,5.0,0.6449628755448891
408,2,train_0160,12298.83269320304,10519.49790953333,101.94979095333292,0.0,12400.782484156372,17.64,0.62,0.0,0.0,5.0,0.6449628755448891
409,2,train_0185,12388.12729789448,10453.444066500539,95.34440665005387,0.0,12483.471704544534,17.3,0.6,0.0,0.0,5.0,0.6449628755448891
410,2,train_0010,12492.597351864211,10625.473624166005,112.54736241660049,0.0,12605.144714280812,15.72,0.62,0.0,0.0,5.0,0.6449628755448891
411,2,train_0106,12761.230408769268,10554.35314676799,105.43531467679895,0.0,12866.665723446067,17.32,0.58,0.0,0.0,5.0,0.6449628755448891
412,2,train_0062,12172.480800677366,10052.283474591932,55.228347459193174,0.0,12227.709148136559,15.02,0.74,0.0,0.0,5.0,0.6449628755448891
413,2,train_0160,12634.549007007212,10039.701928829933,53.97019288299325,0.0,12688.519199890205,16.12,0.66,0.0,0.0,5.0,0.6449628755448891
414,2,train_0565,12975.679301706543,10515.268751759177,101.52687517591767,0.0,13077.20617688246,16.16,0.66,0.0,0.0,5.0,0.6449628755448891
415,2,train_0511,12184.303952471215,10203.026378808176,70.30263788081757,0.0,12254.606590352032,16.56,0.6,0.0,0.0,5.0,0.6449628755448891
416,2,train_0453,12341.892529045324,10450.376296773235,95.03762967732347,0.0,12436.930158722647,18.2,0.64,0.0,0.0,5.0,0.6449628755448891
417,2,train_0596,12423.626499452124,10355.733614693472,85.57336146934722,0.0,12509.199860921472,17.0,0.72,0.0,0.0,5.0,0.6449628755448891
418,2,train_0185,12478.209591847492,10483.314499477503,98.3314499477503,0.0,12576.541041795243,13.66,0.62,0.0,0.0,5.0,0.6449628755448891
419,2,train_0222,12293.871705821959,10627.012945604505,112.70129456045052,0.0,12406.57300038241,17.82,0.64,0.0,0.0,5.0,0.6449628755448891
420,2,train_0022,12695.852572495685,10313.969786402362,81.3969786402362,0.0,12777.249551135921,18.28,0.56,0.0,0.0,5.0,0.6449628755448891
421,2,train_0277,12419.059311588884,10431.504517185782,93.1504517185782,0.0,12512.209763307463,17.34,0.66,0.0,0.0,5.0,0.6449628755448891
422,2,train_0309,12354.402696106965,10675.832702249569,117.58327022495688,0.0,12471.985966331922,13.88,0.62,0.0,0.0,5.0,0.6449628755448891
423,2,train_0200,12206.067280585274,10446.02397844433,94.60239784443293,0.0,12300.669678429707,16.12,0.7,0.0,0.0,5.0,0.6449628755448891
424,2,train_0400,12720.412268409827,10922.293743510316,142.2293743510316,0.0,12862.641642760858,15.48,0.66,0.0,0.0,5.0,0.6449628755448891
425,2,train_0219,12414.31247810978,10556.349019348425,105.6349019348425,0.0,12519.947380044621,16.24,0.74,0.0,0.0,5.0,0.6449628755448891
426,2,train_0268,12351.191561136073,10607.952082250753,110.7952082250753,0.0,12461.986769361149,16.06,0.66,0.0,0.0,5.0,0.6449628755448891
427,2,train_0412,12188.693339571413,10323.807036939628,82.38070369396283,0.0,12271.074043265377,13.06,0.62,0.0,0.0,5.0,0.6449628755448891
428,2,train_0416,12126.144849876353,10194.899629036328,69.48996290363284,0.0,12195.634812779987,15.8,0.64,0.0,0.0,5.0,0.6449628755448891
429,2,train_0441,12140.161823354487,10685.8711672186,118.58711672186001,0.0,12258.748940076346,16.58,0.66,0.0,0.0,5.0,0.6449628755448891
430,2,train_0414,12334.290170801132,9988.049844683226,48.80498446832262,0.0,12383.095155269455,14.52,0.7,0.0,0.0,5.0,0.6449628755448891
431,2,train_0190,12815.284977165507,10625.252715437358,112.52527154373584,0.0,12927.810248709244,17.32,0.72,0.0,0.0,5.0,0.6449628755448891
432,2,train_0136,12214.788356970752,10454.869247933044,95.4869247933044,0.0,12310.275281764056,16.92,0.64,0.0,0.0,5.0,0.6449628755448891
433,2,train_0087,12569.06840128976,10665.97776429693,116.59777642969294,0.0,12685.666177719453,14.52,0.6,0.0,0.0,5.0,0.6449628755448891
434,2,train_0194,12493.025610628833,10728.689602403432,122.86896024034323,0.0,12615.894570869175,16.18,0.64,0.0,0.0,5.0,0.6449628755448891
435,2,train_0424,12197.003619914256,10771.61949173504,127.16194917350404,0.0,12324.16556908776,18.44,0.72,0.0,0.0,5.0,0.6449628755448891
436,2,train_0506,12245.32995384901,9991.949357269164,49.19493572691645,0.0,12294.524889575927,15.54,0.62,0.0,0.0,5.0,0.6449628755448891
437,2,train_0263,12022.008967366477,10114.421226884788,61.442122688478776,0.0,12083.451090054956,16.72,0.76,0.0,0.0,5.0,0.6449628755448891
438,2,train_0045,12401.396331657686,10363.070777410714,86.30707774107141,0.0,12487.703409398759,13.66,0.68,0.0,0.0,5.0,0.6449628755448891
439,2,train_0549,12402.601470235437,10347.360814337873,84.73608143378733,0.0,12487.337551669225,16.8,0.68,0.0,0.0,5.0,0.6449628755448891
440,2,train_0494,12097.745827932293,10108.136134421196,60.813613442119646,0.0,12158.559441374413,16.12,0.66,0.0,0.0,5.0,0.6449628755448891
441,2,train_0245,11857.350523718022,10156.288995537509,65.62889955375086,0.0,11922.979423271772,15.38,0.52,0.0,0.0,5.0,0.6449628755448891
442,2,train_0370,12770.606261275683,10618.465474249493,111.84654742494932,0.0,12882.452808700633,15.64,0.68,0.0,0.0,5.0,0.6449628755448891
443,2,train_0016,12243.872376455318,10382.034416774555,88.20344167745553,0.0,12332.075818132773,16.48,0.7,0.0,0.0,5.0,0.6449628755448891
444,2,train_0246,12151.355968835174,10383.598533461613,88.35985334616126,0.0,12239.715822181335,16.56,0.82,0.0,0.0,5.0,0.6449628755448891
445,2,train_0435,12141.02625608972,10213.505754706493,71.35057547064935,0.0,12212.37683156037,15.16,0.76,0.0,0.0,5.0,0.6449628755448891
446,2,train_0446,12222.148097916875,10093.381967204352,59.33819672043519,0.0,12281.48629463731,15.66,0.66,0.0,0.0,5.0,0.6449628755448891
447,2,train_0591,12837.13360123034,10451.73856714398,95.17385671439807,0.0,12932.307457944738,16.18,0.58,0.0,0.0,5.0,0.6449628755448891
448,2,train_0301,12654.620181890343,10702.698701081354,120.26987010813536,0.0,12774.890051998478,15.5,0.7,0.0,0.0,5.0,0.6449628755448891
449,2,train_0279,12319.832069751763,10485.07444808216,98.50744480821595,0.0,12418.339514559979,17.7,0.72,0.0,0.0,5.0,0.6449628755448891
450,2,train_0323,12765.258813632412,10390.691170421615,89.06911704216145,0.0,12854.327930674574,16.92,0.64,0.0,0.0,5.0,0.6449628755448891
451,2,train_0571,12501.970935548414,10095.442756817722,59.54427568177216,0.0,12561.515211230186,15.58,0.6,0.0,0.0,5.0,0.6449628755448891
452,2,train_0073,12188.223400790648,10342.508086369593,84.2508086369593,0.0,12272.474209427608,15.92,0.68,0.0,0.0,5.0,0.6449628755448891
453,2,train_0097,12484.893124428698,10237.112661873423,73.71126618734233,0.0,12558.60439061604,17.2,0.68,0.0,0.0,5.0,0.6449628755448891
454,2,train_0480,12466.673366450364,10421.522182463816,92.15221824638157,0.0,12558.825584696746,15.62,0.62,0.0,0.0,5.0,0.6449628755448891
455,2,train_0127,12511.603881744086,10486.217267765975,98.62172677659747,0.0,12610.225608520683,16.06,0.64,0.0,0.0,5.0,0.6449628755448891
456,2,train_0378,12624.683635699326,10420.314317594042,92.03143175940423,0.0,12716.71506745873,15.54,0.62,0.0,0.0,5.0,0.6449628755448891
457,2,train_0204,12529.449572125715,10785.186031219378,128.51860312193784,0.0,12657.968175247654,15.52,0.68,0.0,0.0,5.0,0.6449628755448891
458,2,train_0452,12159.91523103247,10687.30831280916,118.73083128091604,0.0,12278.646062313386,16.16,0.72,0.0,0.0,5.0,0.6449628755448891
459,2,train_0243,12740.472269707403,10433.595942052372,93.35959420523723,0.0,12833.831863912641,17.18,0.74,0.0,0.0,5.0,0.6449628755448891
460,2,train_0097,12219.927055918977,10315.115258229851,81.5115258229851,0.0,12301.438581741962,16.46,0.52,0.0,0.0,5.0,0.6449628755448891
461,2,train_0539,12335.784614889299,10073.12853491434,57.312853491434,0.0,12393.097468380733,15.5,0.6,0.0,0.0,5.0,0.6449628755448891
462,2,train_0005,12168.346549169599,10177.979207927396,67.79792079273957,0.0,12236.144469962339,16.7,0.64,0.0,0.0,5.0,0.6449628755448891
463,2,train_0583,12259.468739133943,10459.325279061512,95.93252790615117,0.0,12355.401267040093,15.9,0.58,0.0,0.0,5.0,0.6449628755448891
464,2,train_0026,12315.494536525237,9919.221227396873,41.92212273968726,0.0,12357.416659264924,16.32,0.68,0.0,0.0,5.0,0.6449628755448891
465,2,train_0306,12460.518857297062,10499.403879992613,99.9403879992613,0.0,12560.459245296322,13.68,0.68,0.0,0.0,5.0,0.6449628755448891
466,2,train_0547,13033.014889321086,10587.499081864054,108.74990818640545,0.0,13141.764797507492,17.24,0.68,0.0,0.0,5.0,0.6449628755448891
467,2,train_0418,12474.116089753965,10776.291564719173,127.62915647191731,0.0,12601.745246225883,17.84,0.68,0.0,0.0,5.0,0.6449628755448891
468,2,train_0132,12088.363277656641,10463.079158172319,96.30791581723189,0.0,12184.671193473872,17.56,0.62,0.0,0.0,5.0,0.6449628755448891
469,2,train_0376,11910.837850548542,10583.27008729159,108.32700872915903,0.0,12019.1648592777,16.9,0.78,0.0,0.0,5.0,0.6449628755448891
470,2,train_0125,11946.127567715132,10455.49970649272,95.54997064927193,0.0,12041.677538364404,14.74,0.68,0.0,0.0,5.0,0.6449628755448891
471,2,train_0516,12546.3947204522,10531.871864218858,103.18718642188578,0.0,12649.581906874086,13.92,0.74,0.0,0.0,5.0,0.6449628755448891
472,2,train_0040,12474.145261495145,10581.108402150414,108.11084021504139,0.0,12582.256101710187,16.58,0.6,0.0,0.0,5.0,0.6449628755448891
473,2,train_0064,12280.837055710203,10779.479163336435,127.94791633364349,0.0,12408.784972043846,16.62,0.68,0.0,0.0,5.0,0.6449628755448891
474,2,train_0425,12712.409645859654,10608.058407256212,110.80584072562124,0.0,12823.215486585275,14.6,0.68,0.0,0.0,5.0,0.6449628755448891
475,2,train_0337,11932.075258206734,10119.563095630256,61.95630956302557,0.0,11994.03156776976,16.82,0.68,0.0,0.0,5.0,0.6449628755448891
476,2,train_0446,12074.508147147208,10502.44970189289,100.24497018928906,0.0,12174.753117336497,15.56,0.58,0.0,0.0,5.0,0.6449628755448891
477,2,train_0484,12520.122594959605,10118.631020115296,61.863102011529556,0.0,12581.985696971135,13.42,0.68,0.0,0.0,5.0,0.6449628755448891
478,2,train_0049,12463.295379601783,10622.252219917078,112.22522199170781,0.0,12575.520601593491,14.6,0.68,0.0,0.0,5.0,0.6449628755448891
479,2,train_0464,12632.049422231355,10218.2806505772,71.82806505772005,0.0,12703.877487289075,16.54,0.66,0.0,0.0,5.0,0.6449628755448891
480,2,train_0225,12070.77322262429,10640.81706445221,114.08170644522107,0.0,12184.85492906951,16.7,0.7,0.0,0.0,5.0,0.6449628755448891
481,2,train_0460,12413.677272090097,10297.366755600759,79.73667556007587,0.0,12493.413947650173,14.18,0.64,0.0,0.0,5.0,0.6449628755448891
482,2,train_0124,12708.77275350775,10509.821508934132,100.9821508934132,0.0,12809.754904401163,18.7,0.64,0.0,0.0,5.0,0.6449628755448891
483,2,train_0588,12110.882748897344,10212.218057891747,71.2218057891747,0.0,12182.104554686519,18.78,0.66,0.0,0.0,5.0,0.6449628755448891
484,2,train_0289,12896.724573970987,10771.991948828436,127.19919488284359,0.0,13023.92376885383,17.94,0.6,0.0,0.0,5.0,0.6449628755448891
485,2,train_0016,12317.257893813821,10333.759214583362,83.37592145833624,0.0,12400.633815272158,16.82,0.62,0.0,0.0,5.0,0.6449628755448891
486,2,train_0430,12279.676152205608,10396.451591182366,89.64515911823656,0.0,12369.321311323843,15.22,0.74,0.0,0.0,5.0,0.6449628755448891
487,2,train_0063,12383.453634063437,10475.122106934632,97.5122106934632,0.0,12480.9658447569,16.4,0.7,0.0,0.0,5.0,0.6449628755448891
488,2,train_0359,12360.72743757964,10540.890008850718,104.08900088507181,0.0,12464.816438464712,14.8,0.54,0.0,0.0,5.0,0.6449628755448891
489,2,train_0091,12335.839041647596,10513.63910958377,101.36391095837699,0.0,12437.202952605972,16.2,0.64,0.0,0.0,5.0,0.6449628755448891
490,2,train_0131,12958.618885570628,10652.768294413665,115.2768294413665,0.0,13073.895715011995,16.04,0.68,0.0,0.0,5.0,0.6449628755448891
491,2,train_0348,12539.932979375768,10412.37806055267,91.237806055267,0.0,12631.170785431035,17.0,0.62,0.0,0.0,5.0,0.6449628755448891
492,2,train_0347,12171.942012374475,10513.327758890944,101.33277588909442,0.0,12273.274788263569,17.66,0.72,0.0,0.0,5.0,0.6449628755448891
493,2,train_0258,12517.966804862885,10840.901283728765,134.09012837287648,0.0,12652.05693323576,15.78,0.62,0.0,0.0,5.0,0.6449628755448891
494,2,train_0170,12185.460982454104,9938.767861989763,43.87678619897633,0.0,12229.33776865308,15.58,0.78,0.0,0.0,5.0,0.6449628755448891
495,2,train_0038,12536.936053044574,10461.385720140948,96.13857201409483,0.0,12633.074625058669,18.44,0.72,0.0,0.0,5.0,0.6449628755448891
496,2,train_0203,12758.737439017252,10506.661269682434,100.66612696824342,0.0,12859.403565985494,14.6,0.62,0.0,0.0,5.0,0.6449628755448891
497,2,train_0167,12211.059407025128,10293.091093435582,79.30910934355816,0.0,12290.368516368686,15.96,0.76,0.0,0.0,5.0,0.6449628755448891
498,2,train_0594,12176.142857711553,10048.307337092445,54.83073370924449,0.0,12230.973591420798,16.76,0.58,0.0,0.0,5.0,0.6449628755448891
499,2,train_0234,12319.18337970907,10267.066032097468,76.70660320974676,0.0,12395.889982918816,16.7,0.68,0.0,0.0,5.0,0.6449628755448891
500,2,train_0324,12580.238453291618,10028.374760242637,52.837476024263744,0.0,12633.075929315883,14.2,0.52,0.0,0.0,5.0,0.6449628755448891
501,2,train_0303,12533.234966915534,9848.451200623973,34.84512006239729,0.0,12568.08008697793,16.8,0.66,0.0,0.0,5.0,0.6449628755448891
502,2,train_0556,12781.051373068198,10040.223308291314,54.022330829131356,0.0,12835.07370389733,13.8,0.74,0.0,0.0,5.0,0.6449628755448891
503,2,train_0453,12310.418504117355,10443.793819299013,94.37938192990133,0.0,12404.797886047256,17.14,0.62,0.0,0.0,5.0,0.6449628755448891
504,2,train_0331,12740.94243991364,10209.656101810606,70.96561018106058,0.0,12811.908050094702,17.12,0.76,0.0,0.0,5.0,0.6449628755448891
505,2,train_0293,12132.653619389854,10105.166643449538,60.516664344953824,0.0,12193.170283734808,17.02,0.7,0.0,0.0,5.0,0.6449628755448891
506,2,train_0538,12804.18028521497,10838.778077418105,133.87780774181047,0.0,12938.05809295678,15.8,0.7,0.0,0.0,5.0,0.6449628755448891
507,2,train_0495,12487.948197840049,10506.276812471799,100.62768124717986,0.0,12588.57587908723,16.74,0.64,0.0,0.0,5.0,0.6449628755448891
508,2,train_0414,12434.973052122534,10024.774542858328,52.477454285832756,0.0,12487.450506408366,15.72,0.7,0.0,0.0,5.0,0.6449628755448891
509,2,train_0324,12500.67567366538,10258.801325853357,75.88013258533574,0.0,12576.555806250717,14.66,0.66,0.0,0.0,5.0,0.6449628755448891
510,2,train_0064,12613.344826477816,10463.75823019577,96.37582301957701,0.0,12709.720649497393,14.74,0.74,0.0,0.0,5.0,0.6449628755448891
511,2,train_0214,12254.691059171015,9935.544864745982,43.554486474598164,0.0,12298.245545645614,14.84,0.64,0.0,0.0,5.0,0.6449628755448891
512,2,train_0421,12512.124078613335,10793.980527748983,129.39805277489833,0.0,12641.522131388234,15.08,0.58,0.0,0.0,5.0,0.6449628755448891
513,2,train_0483,12801.836437226484,10851.224535966503,135.1224535966503,0.0,12936.958890823134,15.0,0.72,0.0,0.0,5.0,0.6449628755448891
514,2,train_0406,12346.928869809857,10526.828085852947,102.68280858529471,0.0,12449.611678395151,16.5,0.72,0.0,0.0,5.0,0.6449628755448891
515,2,train_0111,12280.714391095997,10212.959637902783,71.29596379027826,0.0,12352.010354886275,14.04,0.66,0.0,0.0,5.0,0.6449628755448891
516,2,train_0128,12177.16909832131,10109.51844989177,60.951844989176976,0.0,12238.120943310487,14.6,0.52,0.0,0.0,5.0,0.6449628755448891
517,2,train_0533,12099.045986219422,10142.504663900063,64.2504663900063,0.0,12163.29645260943,16.44,0.6,0.0,0.0,5.0,0.6449628755448891
518,2,train_0211,12555.153075244874,10269.862520695051,76.9862520695051,0.0,12632.13932731438,15.46,0.6,0.0,0.0,5.0,0.6449628755448891
519,2,train_0404,13059.205443213734,10705.18913484649,120.51891348464906,0.0,13179.724356698383,16.82,0.72,0.0,0.0,5.0,0.6449628755448891
520,2,train_0116,12360.001602418008,10331.94361926919,83.19436192691902,0.0,12443.195964344926,17.22,0.58,0.0,0.0,5.0,0.6449628755448891
521,2,train_0572,12194.470786461454,10742.258259112006,124.22582591120063,0.0,12318.696612372654,12.94,0.52,0.0,0.0,5.0,0.6449628755448891
522,2,train_0166,12149.77594619169,10064.915550840467,56.491555084046745,0.0,12206.267501275737,14.14,0.6,0.0,0.0,5.0,0.6449628755448891
523,2,train_0125,12173.681530983584,10064.882577960409,56.488257796040855,0.0,12230.169788779625,17.94,0.66,0.0,0.0,5.0,0.6449628755448891
524,2,train_0162,11914.479805521747,9726.965509137986,22.69655091379864,0.0,11937.176356435546,16.78,0.6,0.0,0.0,5.0,0.6449628755448891
525,2,train_0139,12411.744677228293,9953.379455423074,45.33794554230735,0.0,12457.0826227706,15.54,0.74,0.0,0.0,5.0,0.6449628755448891
526,2,train_0057,12296.207201774057,10095.054300319647,59.50543003196472,0.0,12355.712631806022,14.12,0.68,0.0,0.0,5.0,0.6449628755448891
527,2,train_0273,12603.817365141254,10474.34850087402,97.43485008740208,0.0,12701.252215228656,17.38,0.62,0.0,0.0,5.0,0.6449628755448891
528,2,train_0342,12200.85982968092,10377.50463150518,87.75046315051804,0.0,12288.610292831438,18.86,0.62,0.0,0.0,5.0,0.6449628755448891
529,2,train_0089,12441.860269938463,10726.272012030764,122.62720120307641,0.0,12564.48747114154,16.3,0.7,0.0,0.0,5.0,0.6449628755448891
530,2,train_0278,12377.839585519885,10472.861230813178,97.28612308131778,0.0,12475.125708601203,17.7,0.64,0.0,0.0,5.0,0.6449628755448891
531,2,train_0023,12180.407008610891,10116.010210710934,61.60102107109342,0.0,12242.008029681985,14.68,0.6,0.0,0.0,5.0,0.6449628755448891
532,2,train_0330,12262.111870349498,10046.584626729005,54.658462672900534,0.0,12316.770333022398,15.98,0.6,0.0,0.0,5.0,0.6449628755448891
533,2,train_0211,12008.48435368248,10772.883513588891,127.28835135888913,0.0,12135.772705041369,17.66,0.68,0.0,0.0,5.0,0.6449628755448891
534,2,train_0406,12701.206294386098,10043.05525697385,54.30552569738502,0.0,12755.511820083484,16.24,0.68,0.0,0.0,5.0,0.6449628755448891
535,2,train_0450,12294.61698795216,10232.676919954456,73.2676919954456,0.0,12367.884679947605,14.4,0.68,0.0,0.0,5.0,0.6449628755448891
536,2,train_0095,12394.514388799515,10054.017439434923,55.401743943492335,0.0,12449.916132743007,17.34,0.48,0.0,0.0,5.0,0.6449628755448891
537,2,train_0533,11969.754728888718,10459.448964728523,95.94489647285228,0.0,12065.69962536157,17.32,0.68,0.0,0.0,5.0,0.6449628755448891
538,2,train_0473,12187.771218320104,10449.929220144531,94.99292201445314,0.0,12282.764140334557,18.26,0.74,0.0,0.0,5.0,0.6449628755448891
539,2,train_0139,12207.163223439393,10446.745091201912,94.67450912019122,0.0,12301.837732559585,14.88,0.72,0.0,0.0,5.0,0.6449628755448891
540,2,train_0264,12343.949440131913,10037.882581865339,53.78825818653386,0.0,12397.737698318448,15.44,0.74,0.0,0.0,5.0,0.6449628755448891
541,2,train_0566,11953.388111485732,10067.670556213325,56.767055621332474,0.0,12010.155167107065,14.18,0.58,0.0,0.0,5.0,0.6449628755448891
542,2,train_0529,12400.636145789249,10608.613409984917,110.8613409984917,0.0,12511.49748678774,15.64,0.64,0.0,0.0,5.0,0.6449628755448891
543,2,train_0047,12022.133903435377,10417.041133505707,91.70411335057071,0.0,12113.838016785947,13.78,0.52,0.0,0.0,5.0,0.6449628755448891
544,2,train_0536,12494.109144348535,10306.375210721475,80.6375210721475,0.0,12574.746665420682,15.4,0.58,0.0,0.0,5.0,0.6449628755448891
545,2,train_0046,12301.117053370599,10211.113086573881,71.11130865738815,0.0,12372.228362027987,17.88,0.62,0.0,0.0,5.0,0.6449628755448891
546,2,train_0199,12437.512662926507,10587.428514049396,108.74285140493959,0.0,12546.255514331446,16.9,0.76,0.0,0.0,5.0,0.6449628755448891
547,2,train_0423,12341.035366798635,10011.115780787844,51.11157807878445,0.0,12392.146944877419,20.12,0.68,0.0,0.0,5.0,0.6449628755448891
548,2,train_0494,11920.130880298144,10269.075177629016,76.90751776290163,0.0,11997.038398061046,15.34,0.66,0.0,0.0,5.0,0.6449628755448891
549,2,train_0040,12824.957152970164,10380.204862671384,88.02048626713841,0.0,12912.977639237302,15.86,0.66,0.0,0.0,5.0,0.6449628755448891
550,2,train_0575,12796.241362718829,10742.2192364634,124.22192364633993,0.0,12920.46328636517,15.38,0.52,0.0,0.0,5.0,0.6449628755448891
551,2,train_0582,12525.6657994925,10418.61258985846,91.86125898584596,0.0,12617.527058478347,15.18,0.58,0.0,0.0,5.0,0.6449628755448891
552,2,train_0229,12610.069924318977,10646.130876541374,114.61308765413742,0.0,12724.683011973115,14.16,0.62,0.0,0.0,5.0,0.6449628755448891
553,2,train_0164,12218.86836999915,10316.935150504227,81.69351505042269,0.0,12300.561885049574,14.0,0.56,0.0,0.0,5.0,0.6449628755448891
554,2,train_0063,12302.716698495618,10594.024652689875,109.40246526898756,0.0,12412.119163764606,15.94,0.72,0.0,0.0,5.0,0.6449628755448891
555,2,train_0077,12141.064319572932,10262.23657778317,76.22365777831692,0.0,12217.287977351249,15.12,0.74,0.0,0.0,5.0,0.6449628755448891
556,2,train_0035,13072.181000267563,10557.170372061018,105.71703720610185,0.0,13177.898037473664,15.76,0.72,0.0,0.0,5.0,0.6449628755448891
557,2,train_0461,12513.547433510095,10635.121454537864,113.51214545378645,0.0,12627.059578963881,14.08,0.64,0.0,0.0,5.0,0.6449628755448891
558,2,train_0255,12156.225926968564,10166.316695557776,66.63166955577763,0.0,12222.857596524342,15.2,0.66,0.0,0.0,5.0,0.6449628755448891
559,2,train_0253,12157.028825745125,10037.075376424453,53.70753764244528,0.0,12210.73636338757,16.74,0.64,0.0,0.0,5.0,0.6449628755448891
560,2,train_0157,12475.945146644757,10292.668437098655,79.2668437098655,0.0,12555.211990354623,15.9,0.68,0.0,0.0,5.0,0.6449628755448891
561,2,train_0540,12597.07687939068,10533.78870895179,103.37887089517899,0.0,12700.455750285859,15.46,0.72,0.0,0.0,5.0,0.6449628755448891
562,2,train_0314,12353.417213116212,10410.4144503141,91.04144503140998,0.0,12444.458658147621,15.18,0.68,0.0,0.0,5.0,0.6449628755448891
563,2,train_0295,12200.827447899834,10249.528599046047,74.95285990460471,0.0,12275.780307804438,15.56,0.54,0.0,0.0,5.0,0.6449628755448891
564,2,train_0231,12488.427180983485,10230.965883837664,73.09658838376636,0.0,12561.523769367252,15.32,0.76,0.0,0.0,5.0,0.6449628755448891
565,2,train_0004,12605.142276698572,10415.353389664495,91.5353389664495,0.0,12696.677615665021,17.12,0.82,0.0,0.0,5.0,0.6449628755448891
566,2,train_0097,12241.396242257842,10246.024684129301,74.60246841293011,0.0,12315.998710670772,15.84,0.58,0.0,0.0,5.0,0.6449628755448891
567,2,train_0098,12656.374034917913,10194.171082329092,69.41710823290923,0.0,12725.791143150822,14.66,0.56,0.0,0.0,5.0,0.6449628755448891
568,2,train_0254,12582.97409199531,10454.037909750798,95.40379097507976,0.0,12678.37788297039,14.88,0.62,0.0,0.0,5.0,0.6449628755448891
569,2,train_0059,12699.189242801545,10264.603617560053,76.4603617560053,0.0,12775.649604557551,13.96,0.54,0.0,0.0,5.0,0.6449628755448891
570,2,train_0541,12759.301656560552,10571.118280165862,107.11182801658616,0.0,12866.413484577139,17.12,0.76,0.0,0.0,5.0,0.6449628755448891
571,2,train_0108,12577.486326645092,10067.1838730646,56.71838730645996,0.0,12634.204713951553,18.18,0.5,0.0,0.0,5.0,0.6449628755448891
572,2,train_0348,12426.721842224788,10496.604002691252,99.66040026912525,0.0,12526.382242493914,16.08,0.66,0.0,0.0,5.0,0.6449628755448891
573,2,train_0162,11679.039616348973,10118.846011821726,61.88460118217263,0.0,11740.924217531146,16.96,0.72,0.0,0.0,5.0,0.6449628755448891
574,2,train_0052,12768.36706001468,10406.801606777286,90.68016067772861,0.0,12859.047220692408,15.86,0.72,0.0,0.0,5.0,0.6449628755448891
575,2,train_0045,12380.240626982819,10373.446218745685,87.34462187456847,0.0,12467.585248857387,13.34,0.58,0.0,0.0,5.0,0.6449628755448891
576,2,train_0284,12261.136377761295,10481.467237073612,98.14672370736116,0.0,12359.283101468656,15.86,0.62,0.0,0.0,5.0,0.6449628755448891
577,2,train_0527,12657.621868200149,10417.042999535799,91.7042999535799,0.0,12749.32616815373,14.0,0.66,0.0,0.0,5.0,0.6449628755448891
578,2,train_0436,12454.728844362977,10328.968101162134,82.89681011621343,0.0,12537.62565447919,15.86,0.66,0.0,0.0,5.0,0.6449628755448891
579,2,train_0403,12830.948245783788,10574.86053406649,107.48605340664909,0.0,12938.434299190436,14.7,0.6,0.0,0.0,5.0,0.6449628755448891
580,2,train_0377,12442.33435310997,10168.694940317317,66.86949403173166,0.0,12509.203847141702,16.62,0.74,0.0,0.0,5.0,0.6449628755448891
581,2,train_0266,12599.008251113772,10434.724572005483,93.47245720054835,0.0,12692.48070831432,14.12,0.6,0.0,0.0,5.0,0.6449628755448891
582,2,train_0417,12142.65024863536,10490.87355955573,99.087355955573,0.0,12241.737604590933,14.72,0.58,0.0,0.0,5.0,0.6449628755448891
583,2,train_0539,12295.294729800355,10292.153335734496,79.21533357344961,0.0,12374.510063373804,15.8,0.7,0.0,0.0,5.0,0.6449628755448891
584,2,train_0317,12178.481045279877,10386.878713186603,88.6878713186603,0.0,12267.168916598537,16.84,0.62,0.0,0.0,5.0,0.6449628755448891
585,2,train_0367,12258.031576623773,10364.776026371681,86.4776026371681,0.0,12344.50917926094,14.56,0.62,0.0,0.0,5.0,0.6449628755448891
586,2,train_0113,12029.461204509318,10368.079491421631,86.80794914216312,0.0,12116.269153651481,17.04,0.56,0.0,0.0,5.0,0.6449628755448891
587,2,train_0409,12607.094532537445,11000.138969231088,150.01389692310877,0.0,12757.108429460553,19.14,0.68,0.0,0.0,5.0,0.6449628755448891
588,2,train_0066,12225.250097409305,10575.171894578714,107.51718945787144,0.0,12332.767286867176,17.54,0.56,0.0,0.0,5.0,0.6449628755448891
589,2,train_0427,12135.688913716513,10721.821785132517,122.18217851325171,0.0,12257.871092229765,15.16,0.62,0.0,0.0,5.0,0.6449628755448891
590,2,train_0596,12335.238334969392,10248.679022682536,74.8679022682536,0.0,12410.106237237645,15.78,0.6,0.0,0.0,5.0,0.6449628755448891
591,2,train_0263,12004.470181017276,10173.708090772725,67.3708090772725,0.0,12071.840990094548,15.86,0.7,0.0,0.0,5.0,0.6449628755448891
592,2,train_0311,12414.24716518279,10083.38827671728,58.338827671728,0.0,12472.585992854518,14.64,0.7,0.0,0.0,5.0,0.6449628755448891
593,2,train_0175,12423.150571660935,10123.676870975818,62.36768709758181,0.0,12485.518258758517,18.5,0.58,0.0,0.0,5.0,0.6449628755448891
594,2,train_0451,12918.9122727998,10553.33795631527,105.33379563152704,0.0,13024.246068431326,17.02,0.8,0.0,0.0,5.0,0.6449628755448891
595,2,train_0532,12478.707088432133,10298.863635068872,79.88636350688722,0.0,12558.59345193902,13.58,0.64,0.0,0.0,5.0,0.6449628755448891
596,2,train_0098,12443.760009457083,10284.73839301868,78.47383930186807,0.0,12522.233848758951,15.2,0.66,0.0,0.0,5.0,0.6449628755448891
597,2,train_0221,12443.106800876536,10208.939184663759,70.89391846637591,0.0,12514.000719342912,17.66,0.66,0.0,0.0,5.0,0.6449628755448891
598,2,train_0218,12657.256646855883,10810.682341713828,131.06823417138276,0.0,12788.324881027267,15.7,0.68,0.0,0.0,5.0,0.6449628755448891
599,2,train_0262,12685.332888488683,10306.470739715898,80.64707397158982,0.0,12765.979962460273,14.96,0.6,0.0,0.0,5.0,0.6449628755448891
600,2,train_0011,12054.803104029894,10002.411632920246,50.241163292024616,0.0,12105.044267321919,14.9,0.68,0.0,0.0,5.0,0.6449628755448891
601,2,train_0165,12084.3823157955,10055.615500400729,55.56155004007287,0.0,12139.943865835572,17.18,0.72,0.0,0.0,5.0,0.6449628755448891
602,2,train_0296,12286.25525781839,10710.285174212768,121.02851742127677,0.0,12407.283775239666,14.68,0.7,0.0,0.0,5.0,0.6449628755448891
603,2,train_0332,12251.65831066051,9995.956638582178,49.59566385821782,0.0,12301.253974518728,16.3,0.72,0.0,0.0,5.0,0.6449628755448891
604,2,train_0460,12639.95451105865,10301.136209971697,80.11362099716972,0.0,12720.06813205582,15.04,0.6,0.0,0.0,5.0,0.6449628755448891
605,2,train_0322,12251.769106316433,10243.225538702352,74.32255387023524,0.0,12326.091660186668,14.64,0.6,0.0,0.0,5.0,0.6449628755448891
606,2,train_0025,12626.710649672426,10427.575454441263,92.75754544412631,0.0,12719.468195116553,14.6,0.5,0.0,0.0,5.0,0.6449628755448891
607,2,train_0259,12638.894292561292,10171.271707702726,67.12717077027264,0.0,12706.021463331565,14.5,0.68,0.0,0.0,5.0,0.6449628755448891
608,3,train_0261,12614.42729867556,10763.56361203472,126.35636120347209,0.0,12740.783659879033,15.5,0.52,0.0,0.0,5.0,0.6449628755448891
609,3,train_0211,12208.198122732181,10470.905716926762,97.09057169267618,0.0,12305.288694424857,16.08,0.68,0.0,0.0,5.0,0.6449628755448891
610,3,train_0169,12199.702919367894,10201.551369777459,70.15513697774587,0.0,12269.85805634564,15.4,0.66,0.0,0.0,5.0,0.6449628755448891
611,3,train_0325,12172.691295359804,10526.189139460112,102.61891394601116,0.0,12275.310209305815,13.32,0.62,0.0,0.0,5.0,0.6449628755448891
612,3,train_0279,12361.362163936083,10522.139372024449,102.21393720244487,0.0,12463.576101138528,17.4,0.6,0.0,0.0,5.0,0.6449628755448891
613,3,train_0229,12872.582526591254,10539.720272333161,103.97202723331611,0.0,12976.55455382457,15.9,0.7,0.0,0.0,5.0,0.6449628755448891
614,3,train_0591,12499.096494581221,10389.742525653819,88.9742525653819,0.0,12588.070747146603,16.78,0.76,0.0,0.0,5.0,0.6449628755448891
615,3,train_0467,13199.900436133405,10633.471341237153,113.3471341237153,0.0,13313.24757025712,16.02,0.7,0.0,0.0,5.0,0.6449628755448891
616,3,train_0084,12276.095534113627,10150.149216885806,65.01492168858059,0.0,12341.110455802207,16.52,0.62,0.0,0.0,5.0,0.6449628755448891
617,3,train_0092,12445.376525589758,10742.185908491489,124.21859084914887,0.0,12569.595116438906,16.36,0.74,0.0,0.0,5.0,0.6449628755448891
618,3,train_0166,12242.751922414322,10093.39531990112,59.33953199011194,0.0,12302.091454404434,15.86,0.6,0.0,0.0,5.0,0.6449628755448891
619,3,train_0432,12145.675193029409,10413.028809028745,91.3028809028745,0.0,12236.978073932283,13.5,0.64,0.0,0.0,5.0,0.6449628755448891
620,3,train_0124,12296.961299453309,10783.601054365216,128.36010543652156,0.0,12425.32140488983,17.0,0.78,0.0,0.0,5.0,0.6449628755448891
621,3,train_0125,11759.431554019582,10407.952908213792,90.79529082137924,0.0,11850.226844840961,16.7,0.62,0.0,0.0,5.0,0.6449628755448891
622,3,train_0597,12325.22949445314,10402.295364149497,90.22953641494969,0.0,12415.45903086809,15.68,0.56,0.0,0.0,5.0,0.6449628755448891
623,3,train_0559,12549.727402648958,10324.094331353619,82.40943313536191,0.0,12632.13683578432,16.34,0.56,0.0,0.0,5.0,0.6449628755448891
624,3,train_0421,12939.163870627899,10534.524538963391,103.45245389633911,0.0,13042.616324524239,16.54,0.56,0.0,0.0,5.0,0.6449628755448891
625,3,train_0230,12012.399685643159,10397.299344111969,89.7299344111969,0.0,12102.129620054355,15.7,0.58,0.0,0.0,5.0,0.6449628755448891
626,3,train_0385,12934.91926355564,10732.880867401425,123.28808674014255,0.0,13058.207350295781,15.74,0.58,0.0,0.0,5.0,0.6449628755448891
627,3,train_0194,12861.11306043496,10075.099475175704,57.50994751757044,0.0,12918.62300795253,16.24,0.68,0.0,0.0,5.0,0.6449628755448891
628,3,train_0009,12451.480176095447,10073.71981477872,57.37198147787203,0.0,12508.85215757332,15.96,0.6,0.0,0.0,5.0,0.6449628755448891
629,3,train_0540,12603.230737053445,10516.448409385379,101.6448409385379,0.0,12704.875577991983,16.26,0.58,0.0,0.0,5.0,0.6449628755448891
630,3,train_0594,12113.339262363028,10132.561767451272,63.256176745127235,0.0,12176.595439108156,16.7,0.68,0.0,0.0,5.0,0.6449628755448891
631,3,train_0028,12373.521344015175,10397.735345488658,89.7735345488658,0.0,12463.29487856404,16.88,0.76,0.0,0.0,5.0,0.6449628755448891
632,3,train_0341,12632.490738140375,10783.57033048506,128.35703304850594,0.0,12760.84777118888,17.08,0.64,0.0,0.0,5.0,0.6449628755448891
633,3,train_0586,12369.636730090806,10268.76464116489,76.87646411648893,0.0,12446.513194207295,15.04,0.7,0.0,0.0,5.0,0.6449628755448891
634,3,train_0490,12128.417952058258,10365.960163824846,86.5960163824846,0.0,12215.013968440742,15.82,0.74,0.0,0.0,5.0,0.6449628755448891
635,3,train_0557,12190.231343416443,10136.019727121437,63.601972712143656,0.0,12253.833316128586,15.76,0.68,0.0,0.0,5.0,0.6449628755448891
636,3,train_0479,12742.194031163985,10916.295558676495,141.6295558676495,0.0,12883.823587031635,15.32,0.56,0.0,0.0,5.0,0.6449628755448891
637,3,train_0398,12044.86255041781,10149.745063730552,64.97450637305519,0.0,12109.837056790866,14.14,0.6,0.0,0.0,5.0,0.6449628755448891
638,3,train_0306,12509.247222892553,10424.815054321361,92.48150543213615,0.0,12601.728728324688,15.06,0.68,0.0,0.0,5.0,0.6449628755448891
639,3,train_0341,12515.421837121332,10476.089006274877,97.60890062748769,0.0,12613.030737748819,15.02,0.68,0.0,0.0,5.0,0.6449628755448891
640,3,train_0011,11974.619874137148,10015.993714122267,51.59937141222672,0.0,12026.219245549375,16.0,0.72,0.0,0.0,5.0,0.6449628755448891
641,3,train_0314,12349.804829479546,9991.421880810372,49.14218808103724,0.0,12398.947017560584,16.0,0.64,0.0,0.0,5.0,0.6449628755448891
642,3,train_0019,12285.859529101856,10796.762338587208,129.67623385872085,0.0,12415.535762960577,15.48,0.68,0.0,0.0,5.0,0.6449628755448891
643,3,train_0050,12314.32416123268,10312.751177483166,81.27511774831656,0.0,12395.599278980997,13.52,0.6,0.0,0.0,5.0,0.6449628755448891
644,3,train_0499,12067.637545592566,10165.83894844264,66.58389484426407,0.0,12134.22144043683,16.74,0.6,0.0,0.0,5.0,0.6449628755448891
645,3,train_0054,12224.496403424328,10493.39347267847,99.33934726784702,0.0,12323.835750692175,15.4,0.7,0.0,0.0,5.0,0.6449628755448891
646,3,train_0339,12805.238810361534,10625.255517695641,112.52555176956412,0.0,12917.764362131098,16.54,0.64,0.0,0.0,5.0,0.6449628755448891
647,3,train_0414,12280.119263666635,10148.767531698795,64.87675316987952,0.0,12344.996016836514,15.72,0.58,0.0,0.0,5.0,0.6449628755448891
648,3,train_0014,12661.260037313568,10347.755379296657,84.77553792966575,0.0,12746.035575243233,16.28,0.62,0.0,0.0,5.0,0.6449628755448891
649,3,train_0574,12388.873185881002,10610.119630773355,111.01196307733554,0.0,12499.885148958338,14.24,0.6,0.0,0.0,5.0,0.6449628755448891
650,3,train_0248,12616.932406566597,10189.706172307906,68.9706172307906,0.0,12685.903023797388,15.02,0.72,0.0,0.0,5.0,0.6449628755448891
651,3,train_0306,12280.538731578574,10555.272977375957,105.52729773759566,0.0,12386.066029316169,14.76,0.72,0.0,0.0,5.0,0.6449628755448891
652,3,train_0566,12104.372758710364,9978.05634037453,47.80563403745291,0.0,12152.178392747817,15.12,0.6,0.0,0.0,5.0,0.6449628755448891
653,3,train_0000,12376.503695036903,10135.148356437272,63.5148356437272,0.0,12440.01853068063,15.46,0.64,0.0,0.0,5.0,0.6449628755448891
654,3,train_0074,12425.06950908542,10595.924615105247,109.59246151052467,0.0,12534.661970595946,16.6,0.64,0.0,0.0,5.0,0.6449628755448891
655,3,train_0497,12654.328020439945,10688.775072181463,118.87750721814628,0.0,12773.205527658092,14.66,0.72,0.0,0.0,5.0,0.6449628755448891
656,3,train_0186,12436.65539775496,10294.307178182957,79.43071781829568,0.0,12516.086115573255,15.34,0.68,0.0,0.0,5.0,0.6449628755448891
657,3,train_0498,12678.189015222304,10246.34477818726,74.63447781872601,0.0,12752.82349304103,15.42,0.76,0.0,0.0,5.0,0.6449628755448891
658,3,train_0557,12133.621637751963,10093.104332865463,59.31043328654633,0.0,12192.93207103851,16.34,0.68,0.0,0.0,5.0,0.6449628755448891
659,3,train_0201,12334.58741945877,10293.212596455916,79.32125964559164,0.0,12413.908679104363,15.8,0.66,0.0,0.0,5.0,0.6449628755448891
660,3,train_0001,12197.84011581919,10114.712565571092,61.47125655710916,0.0,12259.3113723763,13.8,0.62,0.0,0.0,5.0,0.6449628755448891
661,3,train_0407,12566.866433056855,10293.077269930514,79.30772699305145,0.0,12646.174160049906,15.18,0.72,0.0,0.0,5.0,0.6449628755448891
662,3,train_0477,12352.221523773977,9988.589278479489,48.85892784794888,0.0,12401.080451621925,14.2,0.78,0.0,0.0,5.0,0.6449628755448891
663,3,train_0084,12149.689827187263,10119.722413032932,61.97224130329323,0.0,12211.662068490557,17.0,0.74,0.0,0.0,5.0,0.6449628755448891
664,3,train_0152,12365.640971296494,10413.678294145247,91.36782941452475,0.0,12457.008800711019,15.04,0.66,0.0,0.0,5.0,0.6449628755448891
665,3,train_0097,12401.663882388279,10092.418554689173,59.241855468917315,0.0,12460.905737857196,16.62,0.52,0.0,0.0,5.0,0.6449628755448891
666,3,train_0360,12259.741578511963,10139.219285375188,63.92192853751877,0.0,12323.663507049481,15.82,0.62,0.0,0.0,5.0,0.6449628755448891
667,3,train_0426,12308.987368680402,9936.288748609382,43.62887486093823,0.0,12352.61624354134,17.78,0.72,0.0,0.0,5.0,0.6449628755448891
668,3,train_0019,12634.922531423319,10430.526687664214,93.05266876642145,0.0,12727.97520018974,15.74,0.72,0.0,0.0,5.0,0.6449628755448891
669,3,train_0305,12271.328666660269,10324.773606002065,82.47736060020652,0.0,12353.806027260476,14.46,0.58,0.0,0.0,5.0,0.6449628755448891
670,3,train_0437,11439.77291235702,9697.702874644185,19.770287464418473,0.0,11459.543199821439,14.94,0.7,0.0,0.0,5.0,0.6449628755448891
671,3,train_0353,12080.665775939095,10155.96072689729,65.59607268972904,0.0,12146.261848628823,15.28,0.62,0.0,0.0,5.0,0.6449628755448891
672,3,train_0591,12530.176685412307,10521.648143194161,102.16481431941611,0.0,12632.341499731723,16.36,0.7,0.0,0.0,5.0,0.6449628755448891
673,3,train_0314,12200.306448584499,10324.86045346517,82.48604534651696,0.0,12282.792493931016,16.46,0.74,0.0,0.0,5.0,0.6449628755448891
674,3,train_0558,12871.295730610262,10572.363774091087,107.23637740910873,0.0,12978.53210801937,14.64,0.78,0.0,0.0,5.0,0.6449628755448891
675,3,train_0564,12491.472862547798,10313.537049270664,81.35370492706643,0.0,12572.826567474865,15.28,0.66,0.0,0.0,5.0,0.6449628755448891
676,3,train_0107,12636.723025304133,10521.78480561215,102.17848056121494,0.0,12738.901505865348,16.64,0.66,0.0,0.0,5.0,0.6449628755448891
677,3,train_0473,12087.42280977746,10402.439063083191,90.24390630831914,0.0,12177.666716085778,19.3,0.66,0.0,0.0,5.0,0.6449628755448891
678,3,train_0373,12298.713927568002,10776.820701220979,127.68207012209787,0.0,12426.3959976901,16.02,0.6,0.0,0.0,5.0,0.6449628755448891
679,3,train_0539,12235.37917141363,10142.65510198236,64.26551019823602,0.0,12299.644681611866,14.18,0.7,0.0,0.0,5.0,0.6449628755448891
680,3,train_0148,12558.07173029697,10381.31040282798,88.13104028279795,0.0,12646.202770579768,17.92,0.6,0.0,0.0,5.0,0.6449628755448891
681,3,train_0174,12591.437000390826,10212.4139880204,71.24139880204002,0.0,12662.678399192866,15.28,0.74,0.0,0.0,5.0,0.6449628755448891
682,3,train_0244,12396.617203974696,10365.255429740842,86.52554297408425,0.0,12483.14274694878,15.68,0.72,0.0,0.0,5.0,0.6449628755448891
683,3,train_0587,12363.366440154481,10062.446736867738,56.24467368677379,0.0,12419.611113841254,17.68,0.78,0.0,0.0,5.0,0.6449628755448891
684,3,train_0599,12055.787404975978,10330.765990901138,83.07659909011382,0.0,12138.864004066092,16.2,0.7,0.0,0.0,5.0,0.6449628755448891
685,3,train_0491,12522.04441182974,10205.477542786099,70.54775427860987,0.0,12592.59216610835,15.64,0.76,0.0,0.0,5.0,0.6449628755448891
686,3,train_0030,12036.53840049378,10390.560320388005,89.05603203880055,0.0,12125.594432532582,16.24,0.66,0.0,0.0,5.0,0.6449628755448891
687,3,train_0059,12452.123764989501,10400.80673644908,90.08067364490799,0.0,12542.20443863441,14.74,0.66,0.0,0.0,5.0,0.6449628755448891
688,3,train_0406,12425.033296338155,10103.703835128823,60.37038351288229,0.0,12485.403679851037,15.68,0.7,0.0,0.0,5.0,0.6449628755448891
689,3,train_0052,12828.164946225981,10378.70848538015,87.87084853801498,0.0,12916.035794763997,15.94,0.72,0.0,0.0,5.0,0.6449628755448891
690,3,train_0581,11864.27271109034,10430.25053968817,93.02505396881698,0.0,11957.297765059157,15.94,0.8,0.0,0.0,5.0,0.6449628755448891
691,3,train_0114,12258.076808074793,10380.447234918069,88.04472349180688,0.0,12346.1215315666,16.36,0.74,0.0,0.0,5.0,0.6449628755448891
692,3,train_0565,13197.380637350452,10096.183595042825,59.618359504282495,0.0,13256.998996854734,16.44,0.52,0.0,0.0,5.0,0.6449628755448891
693,3,train_0201,12733.217461321197,9920.402927751864,42.040292775186394,0.0,12775.257754096383,16.72,0.58,0.0,0.0,5.0,0.6449628755448891
694,3,train_0156,12346.362508868697,10193.312371279018,69.33123712790184,0.0,12415.6937459966,17.08,0.72,0.0,0.0,5.0,0.6449628755448891
695,3,train_0131,12711.404575126668,10856.69557511462,135.669557511462,0.0,12847.07413263813,16.68,0.66,0.0,0.0,5.0,0.6449628755448891
696,3,train_0461,12359.476691074044,10631.047237071294,113.10472370712942,0.0,12472.581414781172,15.28,0.58,0.0,0.0,5.0,0.6449628755448891
697,3,train_0031,12001.008386090085,10351.579541581938,85.15795415819376,0.0,12086.166340248279,17.58,0.84,0.0,0.0,5.0,0.6449628755448891
698,3,train_0354,11875.842799463266,10102.295051585923,60.229505158592296,0.0,11936.072304621857,16.22,0.56,0.0,0.0,5.0,0.6449628755448891
699,3,train_0267,12249.950556938664,10362.320429850635,86.23204298506353,0.0,12336.182599923728,16.38,0.76,0.0,0.0,5.0,0.6449628755448891
700,3,train_0327,12548.767574363048,10671.358746738057,117.13587467380567,0.0,12665.903449036854,17.66,0.58,0.0,0.0,5.0,0.6449628755448891
701,3,train_0157,12176.655967982468,10488.855616922541,98.88556169225413,0.0,12275.541529674721,15.92,0.64,0.0,0.0,5.0,0.6449628755448891
702,3,train_0037,12792.186693362486,10758.382328704885,125.83823287048854,0.0,12918.024926232974,17.84,0.74,0.0,0.0,5.0,0.6449628755448891
703,3,train_0277,12432.44979767863,10583.239461379653,108.32394613796532,0.0,12540.773743816595,15.04,0.62,0.0,0.0,5.0,0.6449628755448891
704,3,train_0189,12675.13079505795,10402.114004489758,90.21140044897584,0.0,12765.342195506926,16.3,0.7,0.0,0.0,5.0,0.6449628755448891
705,3,train_0470,11943.925580782987,10060.164100084836,56.01641000848358,0.0,11999.94199079147,15.62,0.68,0.0,0.0,5.0,0.6449628755448891
706,3,train_0201,12567.103200791005,10154.163620131447,65.41636201314468,0.0,12632.51956280415,14.72,0.64,0.0,0.0,5.0,0.6449628755448891
707,3,train_0193,12533.269550563371,10456.770793022948,95.67707930229481,0.0,12628.946629865666,15.48,0.78,0.0,0.0,5.0,0.6449628755448891
708,3,train_0230,12267.175065298525,10504.032914226274,100.40329142262745,0.0,12367.578356721153,16.52,0.76,0.0,0.0,5.0,0.6449628755448891
709,3,train_0024,12248.684134363568,9969.233543918279,46.92335439182789,0.0,12295.607488755395,15.14,0.58,0.0,0.0,5.0,0.6449628755448891
710,3,train_0299,12695.877260461422,10022.67110269674,52.26711026967405,0.0,12748.144370731097,13.8,0.6,0.0,0.0,5.0,0.6449628755448891
711,3,train_0500,12184.493977903296,10432.225018684265,93.22250186842649,0.0,12277.716479771721,16.78,0.72,0.0,0.0,5.0,0.6449628755448891
712,3,train_0303,12211.052784274558,10260.60871383985,76.06087138398507,0.0,12287.113655658542,16.38,0.7,0.0,0.0,5.0,0.6449628755448891
713,3,train_0294,12182.241116097015,10237.608900582043,73.76089005820431,0.0,12256.002006155219,15.74,0.68,0.0,0.0,5.0,0.6449628755448891
714,3,train_0296,12638.901818147853,10453.522746893392,95.35227468933918,0.0,12734.254092837193,15.02,0.7,0.0,0.0,5.0,0.6449628755448891
715,3,train_0146,12474.972697577588,10306.899352901179,80.68993529011787,0.0,12555.662632867707,15.4,0.78,0.0,0.0,5.0,0.6449628755448891
716,3,train_0065,12366.424435467674,10580.156295744357,108.01562957443566,0.0,12474.44006504211,13.46,0.64,0.0,0.0,5.0,0.6449628755448891
717,3,train_0556,12264.161146344715,10367.392112279675,86.73921122796747,0.0,12350.900357572682,14.5,0.7,0.0,0.0,5.0,0.6449628755448891
718,3,train_0470,12215.293393537366,10052.12101593225,55.21210159322509,0.0,12270.50549513059,15.62,0.66,0.0,0.0,5.0,0.6449628755448891
719,3,train_0441,12451.381687118876,10351.429152471374,85.14291524713735,0.0,12536.524602366013,14.9,0.68,0.0,0.0,5.0,0.6449628755448891
720,3,train_0034,12716.65544357894,10022.156703724448,52.21567037244477,0.0,12768.871113951385,16.92,0.58,0.0,0.0,5.0,0.6449628755448891
721,3,train_0253,12219.838348751891,10032.816952166759,53.28169521667587,0.0,12273.120043968567,16.44,0.62,0.0,0.0,5.0,0.6449628755448891
722,3,train_0000,12257.410635814758,10055.37929343505,55.53792934350495,0.0,12312.948565158264,14.42,0.72,0.0,0.0,5.0,0.6449628755448891
723,3,train_0208,12081.517803309904,10516.16642607055,101.61664260705493,0.0,12183.13444591696,14.28,0.58,0.0,0.0,5.0,0.6449628755448891
724,3,train_0058,12026.280505217328,9909.323229788472,40.932322978847154,0.0,12067.212828196176,14.36,0.48,0.0,0.0,5.0,0.6449628755448891
725,3,train_0042,12238.746041796865,10671.645613283912,117.16456132839122,0.0,12355.910603125256,15.86,0.7,0.0,0.0,5.0,0.6449628755448891
726,3,train_0278,12396.303491489143,10343.009059761403,84.30090597614036,0.0,12480.604397465284,15.74,0.58,0.0,0.0,5.0,0.6449628755448891
727,3,train_0171,12871.207718640242,10562.562317867432,106.25623178674323,0.0,12977.463950426985,17.14,0.7,0.0,0.0,5.0,0.6449628755448891
728,3,train_0585,12621.465689364153,10290.410818051496,79.04108180514959,0.0,12700.506771169303,13.82,0.58,0.0,0.0,5.0,0.6449628755448891
729,3,train_0429,12676.059506236314,10759.130493989687,125.91304939896872,0.0,12801.972555635282,16.6,0.58,0.0,0.0,5.0,0.6449628755448891
730,3,train_0212,12271.972853970428,10261.615249064129,76.1615249064129,0.0,12348.13437887684,16.32,0.68,0.0,0.0,5.0,0.6449628755448891
731,3,train_0045,12900.065428101183,9991.95935879847,49.195935879846914,0.0,12949.26136398103,13.94,0.68,0.0,0.0,5.0,0.6449628755448891
732,3,train_0388,12486.844276224647,10409.403288590305,90.94032885903053,0.0,12577.784605083678,14.14,0.64,0.0,0.0,5.0,0.6449628755448891
733,3,train_0225,12481.229564607493,10203.518930562474,70.35189305624736,0.0,12551.58145766374,17.04,0.66,0.0,0.0,5.0,0.6449628755448891
734,3,train_0226,11992.716880631659,10152.547165307882,65.25471653078822,0.0,12057.971597162446,13.44,0.78,0.0,0.0,5.0,0.6449628755448891
735,3,train_0354,12028.587142939945,10021.439345483974,52.143934548397375,0.0,12080.731077488343,15.36,0.68,0.0,0.0,5.0,0.6449628755448891
736,3,train_0244,12221.814158637215,10516.01570310345,101.60157031034505,0.0,12323.41572894756,17.48,0.58,0.0,0.0,5.0,0.6449628755448891
737,3,train_0443,12816.494273473752,10440.982942386956,94.0982942386956,0.0,12910.592567712449,17.42,0.68,0.0,0.0,5.0,0.6449628755448891
738,3,train_0526,12279.176237364229,10584.350870123826,108.43508701238261,0.0,12387.611324376612,17.26,0.62,0.0,0.0,5.0,0.6449628755448891
739,3,train_0445,12468.292127690916,11079.642731078215,157.96427310782147,0.0,12626.256400798738,19.56,0.68,0.0,0.0,5.0,0.6449628755448891
740,3,train_0589,11951.63312247853,10376.034486703531,87.6034486703531,0.0,12039.236571148884,16.14,0.58,0.0,0.0,5.0,0.6449628755448891
741,3,train_0175,12215.018717066094,10373.748216283173,87.3748216283173,0.0,12302.39353869441,16.82,0.68,0.0,0.0,5.0,0.6449628755448891
742,3,train_0183,12263.081636300081,10696.457944990803,119.64579449908034,0.0,12382.727430799161,14.24,0.78,0.0,0.0,5.0,0.6449628755448891
743,3,train_0197,12475.616396818566,10501.122498289315,100.11224982893145,0.0,12575.728646647498,14.3,0.64,0.0,0.0,5.0,0.6449628755448891
744,3,train_0113,12063.826424907675,10339.765413304369,83.97654133043689,0.0,12147.802966238112,16.64,0.58,0.0,0.0,5.0,0.6449628755448891
745,3,train_0094,11723.248900498065,10331.465544831026,83.14655448310259,0.0,11806.395454981168,14.66,0.62,0.0,0.0,5.0,0.6449628755448891
746,3,train_0113,12250.783234521785,10278.961483431278,77.89614834312779,0.0,12328.679382864913,17.18,0.68,0.0,0.0,5.0,0.6449628755448891
747,3,train_0437,11654.149107089004,9995.319845600832,49.531984560083224,0.0,11703.681091649087,15.66,0.58,0.0,0.0,5.0,0.6449628755448891
748,3,train_0302,12651.789427598702,10442.29015387268,94.22901538726802,0.0,12746.01844298597,13.78,0.66,0.0,0.0,5.0,0.6449628755448891
749,3,train_0159,12199.096271076509,9906.028943070889,40.6028943070889,0.0,12239.699165383598,16.4,0.82,0.0,0.0,5.0,0.6449628755448891
750,3,train_0393,12360.802403524198,10527.657966095554,102.76579660955541,0.0,12463.568200133754,13.96,0.62,0.0,0.0,5.0,0.6449628755448891
751,3,train_0288,12043.175991058666,9943.44621182909,44.34462118290904,0.0,12087.520612241575,16.54,0.58,0.0,0.0,5.0,0.6449628755448891
752,3,train_0004,12291.325246299388,10627.784469003815,112.77844690038147,0.0,12404.10369319977,17.94,0.68,0.0,0.0,5.0,0.6449628755448891
753,3,train_0539,12359.681111316333,10063.011349867365,56.30113498673654,0.0,12415.982246303069,15.14,0.6,0.0,0.0,5.0,0.6449628755448891
754,3,train_0225,12294.039160207889,10499.24006900312,99.9240069003121,0.0,12393.9631671082,17.64,0.66,0.0,0.0,5.0,0.6449628755448891
755,3,train_0003,12261.106390041401,10071.185426746848,57.1185426746848,0.0,12318.224932716086,18.22,0.54,0.0,0.0,5.0,0.6449628755448891
756,3,train_0109,12283.39792050981,10460.541797192207,96.05417971922071,0.0,12379.45210022903,18.48,0.68,0.0,0.0,5.0,0.6449628755448891
757,3,train_0514,12334.375472514264,10442.473686113823,94.24736861138227,0.0,12428.622841125647,15.56,0.64,0.0,0.0,5.0,0.6449628755448891
758,3,train_0385,12568.763601442613,10742.006929546544,124.20069295465437,0.0,12692.964294397269,16.28,0.74,0.0,0.0,5.0,0.6449628755448891
759,3,train_0443,12989.336721658652,11054.202760188571,155.42027601885712,0.0,13144.756997677508,16.66,0.58,0.0,0.0,5.0,0.6449628755448891
760,3,train_0198,11960.417283947114,10018.519390557205,51.85193905572051,0.0,12012.269223002835,15.9,0.62,0.0,0.0,5.0,0.6449628755448891
761,3,train_0387,12078.779777450523,10132.97519005341,63.29751900534102,0.0,12142.077296455864,14.44,0.58,0.0,0.0,5.0,0.6449628755448891
762,3,train_0185,12284.697768844246,10664.810350184842,116.48103501848419,0.0,12401.17880386273,14.52,0.78,0.0,0.0,5.0,0.6449628755448891
763,3,train_0244,12330.08707926533,10348.902140017315,84.89021400173152,0.0,12414.97729326706,16.54,0.68,0.0,0.0,5.0,0.6449628755448891
764,3,train_0100,11797.17587779626,10116.24164989623,61.624164989623026,0.0,11858.800042785884,14.84,0.66,0.0,0.0,5.0,0.6449628755448891
765,3,train_0374,12379.41624620355,10532.44710132661,103.24471013266103,0.0,12482.66095633621,17.22,0.62,0.0,0.0,5.0,0.6449628755448891
766,3,train_0362,12163.073332818021,10030.574842598655,53.05748425986549,0.0,12216.130817077887,15.14,0.68,0.0,0.0,5.0,0.6449628755448891
767,3,train_0569,12321.575559313183,9958.922357905372,45.892235790537235,0.0,12367.467795103721,14.68,0.54,0.0,0.0,5.0,0.6449628755448891
768,3,train_0403,12828.507580555326,10415.057126053467,91.50571260534672,0.0,12920.013293160673,13.42,0.64,0.0,0.0,5.0,0.6449628755448891
769,3,train_0057,12278.397505161904,10184.784890987245,68.47848909872447,0.0,12346.875994260628,15.66,0.72,0.0,0.0,5.0,0.6449628755448891
770,3,train_0159,12207.231002350862,9792.116061597175,29.211606159717487,0.0,12236.442608510579,17.96,0.74,0.0,0.0,5.0,0.6449628755448891
771,3,train_0040,12548.743035079337,10373.236490618445,87.32364906184449,0.0,12636.06668414118,15.68,0.7,0.0,0.0,5.0,0.6449628755448891
772,3,train_0168,12684.779670700696,10526.419069770494,102.64190697704944,0.0,12787.421577677746,16.8,0.68,0.0,0.0,5.0,0.6449628755448891
773,3,train_0204,12781.744468802228,10340.98189205319,84.09818920531907,0.0,12865.842658007547,16.9,0.7,0.0,0.0,5.0,0.6449628755448891
774,3,train_0565,12616.796775779709,10601.593299531165,110.15932995311651,0.0,12726.956105732825,16.22,0.76,0.0,0.0,5.0,0.6449628755448891
775,3,train_0061,12291.109027684852,10372.892832533345,87.28928325333455,0.0,12378.398310938186,15.66,0.7,0.0,0.0,5.0,0.6449628755448891
776,3,train_0308,12213.20108326171,10337.791590607014,83.77915906070139,0.0,12296.980242322412,16.94,0.54,0.0,0.0,5.0,0.6449628755448891
777,3,train_0550,12249.004196363896,10411.915417616245,91.19154176162448,0.0,12340.19573812552,15.76,0.64,0.0,0.0,5.0,0.6449628755448891
778,3,train_0185,12467.779021344451,10184.824414485307,68.48244144853071,0.0,12536.261462792982,15.92,0.56,0.0,0.0,5.0,0.6449628755448891
779,3,train_0472,12493.755566321379,10690.527713298692,119.05277132986922,0.0,12612.808337651248,15.06,0.74,0.0,0.0,5.0,0.6449628755448891
780,3,train_0199,12490.531041929135,10371.91645013259,87.19164501325905,0.0,12577.722686942394,16.44,0.64,0.0,0.0,5.0,0.6449628755448891
781,3,train_0095,12360.886700688756,10310.22993385612,81.02299338561207,0.0,12441.909694074368,17.48,0.74,0.0,0.0,5.0,0.6449628755448891
782,3,train_0350,12178.6684111982,10146.141151542211,64.61411515422115,0.0,12243.282526352421,16.1,0.7,0.0,0.0,5.0,0.6449628755448891
783,3,train_0224,12390.598910681485,10304.61239659521,80.46123965952103,0.0,12471.060150341005,14.42,0.62,0.0,0.0,5.0,0.6449628755448891
784,3,train_0001,12213.069775277543,10463.455521049567,96.34555210495674,0.0,12309.4153273825,13.86,0.78,0.0,0.0,5.0,0.6449628755448891
785,3,train_0249,12554.59438108427,10484.038758463004,98.40387584630044,0.0,12652.99825693057,17.08,0.82,0.0,0.0,5.0,0.6449628755448891
786,3,train_0238,12542.06852804036,10410.72555284281,91.07255528428105,0.0,12633.141083324641,16.8,0.72,0.0,0.0,5.0,0.6449628755448891
787,3,train_0572,12148.878700804089,10597.84516300003,109.78451630000309,0.0,12258.663217104093,13.04,0.82,0.0,0.0,5.0,0.6449628755448891
788,3,train_0515,12333.22127786599,10287.420823359815,78.74208233598148,0.0,12411.963360201971,17.58,0.7,0.0,0.0,5.0,0.6449628755448891
789,3,train_0197,12104.464951604825,10946.120759081314,144.61207590813137,0.0,12249.077027512956,16.68,0.68,0.0,0.0,5.0,0.6449628755448891
790,3,train_0444,12465.212326491543,10166.848729487167,66.68487294871666,0.0,12531.89719944026,16.52,0.7,0.0,0.0,5.0,0.6449628755448891
791,3,train_0288,12069.244756371427,10136.274569859705,63.62745698597046,0.0,12132.872213357397,15.16,0.7,0.0,0.0,5.0,0.6449628755448891
792,3,train_0544,12688.239880455443,10544.008617808568,104.40086178085676,0.0,12792.6407422363,15.58,0.58,0.0,0.0,5.0,0.6449628755448891
793,3,train_0317,11799.511962700031,10575.327072296168,107.53270722961679,0.0,11907.044669929648,16.24,0.62,0.0,0.0,5.0,0.6449628755448891
794,3,train_0050,12233.332708057796,10191.886127563766,69.18861275637664,0.0,12302.521320814172,15.86,0.74,0.0,0.0,5.0,0.6449628755448891
795,3,train_0469,12434.947602085693,10766.849324371084,126.68493243710837,0.0,12561.632534522802,15.62,0.66,0.0,0.0,5.0,0.6449628755448891
796,3,train_0402,12537.942282652028,10673.309104379816,117.33091043798159,0.0,12655.27319309001,17.36,0.74,0.0,0.0,5.0,0.6449628755448891
797,3,train_0520,12102.361620886215,10143.365076055765,64.33650760557649,0.0,12166.698128491791,15.78,0.74,0.0,0.0,5.0,0.6449628755448891
798,3,train_0430,12050.273069970226,10542.41649802467,104.24164980246697,0.0,12154.514719772693,14.86,0.58,0.0,0.0,5.0,0.6449628755448891
799,3,train_0402,12516.84463416195,10484.067576881142,98.40675768811417,0.0,12615.251391850063,16.76,0.68,0.0,0.0,5.0,0.6449628755448891
800,3,train_0216,12269.051079749008,9996.359037281156,49.63590372811559,0.0,12318.686983477124,17.16,0.78,0.0,0.0,5.0,0.6449628755448891
801,3,train_0217,12456.716703078671,10628.100555604302,112.8100555604302,0.0,12569.526758639102,18.06,0.66,0.0,0.0,5.0,0.6449628755448891
802,3,train_0228,12109.40595151111,10343.281326799413,84.32813267994135,0.0,12193.73408419105,14.92,0.6,0.0,0.0,5.0,0.6449628755448891
803,3,train_0137,12151.37720346756,10403.702379822567,90.37023798225674,0.0,12241.747441449817,18.08,0.66,0.0,0.0,5.0,0.6449628755448891
804,3,train_0424,12712.66104424511,10488.373152477789,98.83731524777886,0.0,12811.498359492889,17.96,0.62,0.0,0.0,5.0,0.6449628755448891
805,3,train_0238,12434.60589427263,10473.55084360777,97.35508436077708,0.0,12531.960978633408,16.02,0.72,0.0,0.0,5.0,0.6449628755448891
806,3,train_0577,13151.45279580085,10876.119553224518,137.61195532245185,0.0,13289.064751123302,17.0,0.58,0.0,0.0,5.0,0.6449628755448891
807,3,train_0345,12635.742588549529,10211.997455890873,71.19974558908726,0.0,12706.942334138615,14.74,0.68,0.0,0.0,5.0,0.6449628755448891
808,3,train_0180,12399.953004369378,10849.851682004919,134.9851682004919,0.0,12534.93817256987,18.08,0.56,0.0,0.0,5.0,0.6449628755448891
809,3,train_0460,12215.343274349696,10699.267591048674,119.92675910486741,0.0,12335.270033454563,15.36,0.8,0.0,0.0,5.0,0.6449628755448891
810,3,train_0274,12220.648284164583,10840.34900108762,134.03490010876195,0.0,12354.683184273345,16.9,0.7,0.0,0.0,5.0,0.6449628755448891
811,3,train_0575,13117.000901983358,10328.391475205091,82.83914752050914,0.0,13199.840049503868,15.32,0.64,0.0,0.0,5.0,0.6449628755448891
812,3,train_0480,12413.120125640196,10938.381543873278,143.83815438732782,0.0,12556.958280027524,16.04,0.78,0.0,0.0,5.0,0.6449628755448891
813,3,train_0524,11996.701175373462,10094.734899164094,59.473489916409385,0.0,12056.174665289871,17.02,0.68,0.0,0.0,5.0,0.6449628755448891
814,3,train_0581,12180.966278094522,10140.389877400554,64.03898774005539,0.0,12245.005265834578,15.42,0.56,0.0,0.0,5.0,0.6449628755448891
815,3,train_0472,12583.999994201879,10852.85622309521,135.28562230952102,0.0,12719.285616511399,16.08,0.62,0.0,0.0,5.0,0.6449628755448891
816,4,train_0566,12065.889286328544,10111.619264848312,61.161926484831206,0.0,12127.051212813374,14.62,0.62,0.0,0.0,5.0,0.6449628755448891
817,4,train_0540,12757.044378028884,10450.781141435953,95.07811414359531,0.0,12852.122492172479,14.6,0.7,0.0,0.0,5.0,0.6449628755448891
818,4,train_0090,12179.611334550136,10550.680577599254,105.06805775992544,0.0,12284.679392310061,14.86,0.68,0.0,0.0,5.0,0.6449628755448891
819,4,train_0417,12334.672394449284,10262.544402998406,76.25444029984065,0.0,12410.926834749125,13.1,0.72,0.0,0.0,5.0,0.6449628755448891
820,4,train_0333,12695.165022491918,10856.055433955615,135.60554339556148,0.0,12830.770565887478,16.36,0.56,0.0,0.0,5.0,0.6449628755448891
821,4,train_0567,12769.811053606223,11106.490434564425,160.64904345644246,0.0,12930.460097062665,14.84,0.6,0.0,0.0,5.0,0.6449628755448891
822,4,train_0453,12282.838543910208,10324.471134329806,82.44711343298059,0.0,12365.285657343189,17.08,0.66,0.0,0.0,5.0,0.6449628755448891
823,4,train_0308,12175.560134864043,10261.800221323145,76.18002213231448,0.0,12251.740156996357,16.34,0.66,0.0,0.0,5.0,0.6449628755448891
824,4,train_0382,12505.028702070493,10585.346858357161,108.53468583571612,0.0,12613.563387906208,15.26,0.68,0.0,0.0,5.0,0.6449628755448891
825,4,train_0054,12266.802086873151,10236.436525324329,73.64365253243287,0.0,12340.445739405584,16.36,0.66,0.0,0.0,5.0,0.6449628755448891
826,4,train_0212,12150.635323943829,10340.794277239951,84.07942772399511,0.0,12234.714751667823,14.94,0.6,0.0,0.0,5.0,0.6449628755448891
827,4,train_0437,11525.213638286756,9672.631299275463,17.263129927546288,0.0,11542.476768214303,15.5,0.7,0.0,0.0,5.0,0.6449628755448891
828,4,train_0257,12446.903533176315,10817.536002399642,131.7536002399642,0.0,12578.65713341628,15.06,0.66,0.0,0.0,5.0,0.6449628755448891
829,4,train_0569,12039.508540382343,10392.763554057397,89.27635540573975,0.0,12128.784895788083,15.84,0.58,0.0,0.0,5.0,0.6449628755448891
830,4,train_0394,12557.521352071806,10435.64724001507,93.56472400150706,0.0,12651.086076073314,15.12,0.64,0.0,0.0,5.0,0.6449628755448891
831,4,train_0018,12541.487563752404,10552.061192799147,105.20611927991467,0.0,12646.693683032317,16.38,0.64,0.0,0.0,5.0,0.6449628755448891
832,4,train_0095,12301.15953380031,10168.863402300436,66.88634023004361,0.0,12368.045874030353,15.96,0.72,0.0,0.0,5.0,0.6449628755448891
833,4,train_0373,12518.255109232754,10472.237647585313,97.22376475853126,0.0,12615.478873991286,15.28,0.68,0.0,0.0,5.0,0.6449628755448891
834,4,train_0477,12046.395807671413,10322.100045523923,82.21000455239228,0.0,12128.605812223806,14.4,0.76,0.0,0.0,5.0,0.6449628755448891
835,4,train_0182,12901.619485236728,10546.3819741907,104.63819741906991,0.0,13006.257682655798,15.52,0.7,0.0,0.0,5.0,0.6449628755448891
836,4,train_0236,12241.89789691097,10571.490779658838,107.14907796588378,0.0,12349.046974876854,18.84,0.56,0.0,0.0,5.0,0.6449628755448891
837,4,train_0242,12689.954518806422,10405.851544063993,90.58515440639931,0.0,12780.539673212821,15.24,0.76,0.0,0.0,5.0,0.6449628755448891
838,4,train_0148,12487.53354838804,10547.146064022552,104.71460640225524,0.0,12592.248154790295,17.98,0.6,0.0,0.0,5.0,0.6449628755448891
839,4,train_0550,12302.319137637685,10269.965793988154,76.99657939881546,0.0,12379.315717036501,15.78,0.8,0.0,0.0,5.0,0.6449628755448891
840,4,train_0300,12296.854673446029,10280.06336063619,78.00633606361899,0.0,12374.861009509648,15.44,0.78,0.0,0.0,5.0,0.6449628755448891
841,4,train_0200,12350.71076506771,10254.846036972223,75.48460369722234,0.0,12426.195368764933,16.6,0.86,0.0,0.0,5.0,0.6449628755448891
842,4,train_0561,12434.19627046439,10540.637334317556,104.06373343175565,0.0,12538.260003896146,18.7,0.6,0.0,0.0,5.0,0.6449628755448891
843,4,train_0375,12336.947668533425,10217.138256093334,71.71382560933344,0.0,12408.661494142758,15.06,0.64,0.0,0.0,5.0,0.6449628755448891
844,4,train_0005,11827.630928193554,10348.244862290827,84.8244862290827,0.0,11912.455414422637,18.12,0.72,0.0,0.0,5.0,0.6449628755448891
845,4,train_0254,12317.56202128409,10704.640629691494,120.46406296914938,0.0,12438.026084253239,15.96,0.66,0.0,0.0,5.0,0.6449628755448891
846,4,train_0406,12745.890654823215,10260.4783192823,76.04783192822997,0.0,12821.938486751445,18.72,0.7,0.0,0.0,5.0,0.6449628755448891
847,4,train_0556,12446.099308175291,10333.01227792646,83.30122779264603,0.0,12529.400535967938,14.12,0.76,0.0,0.0,5.0,0.6449628755448891
848,4,train_0310,11888.98318802295,10318.372692414938,81.83726924149379,0.0,11970.820457264444,15.14,0.58,0.0,0.0,5.0,0.6449628755448891
849,4,train_0221,12327.268875813017,10354.536961046711,85.45369610467115,0.0,12412.722571917688,14.12,0.7,0.0,0.0,5.0,0.6449628755448891
850,4,train_0194,12419.96010731797,10482.966755085952,98.29667550859523,0.0,12518.256782826564,15.74,0.6,0.0,0.0,5.0,0.6449628755448891
851,4,train_0059,12812.847721486307,10205.781225450119,70.57812254501187,0.0,12883.425844031319,15.5,0.66,0.0,0.0,5.0,0.6449628755448891
852,4,train_0054,12454.612245753406,10309.838111218138,80.98381112181379,0.0,12535.59605687522,16.68,0.66,0.0,0.0,5.0,0.6449628755448891
853,4,train_0251,12286.904196017675,10405.928856342252,90.59288563422524,0.0,12377.4970816519,14.3,0.66,0.0,0.0,5.0,0.6449628755448891
854,4,train_0470,12278.873110308676,10136.502408096338,63.650240809633765,0.0,12342.523351118309,16.02,0.68,0.0,0.0,5.0,0.6449628755448891
855,4,train_0243,12545.736332636016,10406.80688943978,90.68068894397803,0.0,12636.417021579993,17.06,0.72,0.0,0.0,5.0,0.6449628755448891
856,4,train_0083,11879.29893618075,10365.887468170702,86.58874681707022,0.0,11965.88768299782,15.16,0.76,0.0,0.0,5.0,0.6449628755448891
857,4,train_0531,12584.635341009827,10294.665233279557,79.46652332795566,0.0,12664.101864337783,17.4,0.74,0.0,0.0,5.0,0.6449628755448891
858,4,train_0488,12559.340944749836,10181.546545746154,68.15465457461542,0.0,12627.495599324451,15.66,0.64,0.0,0.0,5.0,0.6449628755448891
859,4,train_0198,11825.442302191106,10034.013025107102,53.40130251071023,0.0,11878.843604701817,16.46,0.58,0.0,0.0,5.0,0.6449628755448891
860,4,train_0202,12620.240745448195,10209.67717410922,70.96771741092198,0.0,12691.208462859116,15.42,0.68,0.0,0.0,5.0,0.6449628755448891
861,4,train_0176,12539.974510303677,10702.337339534093,120.23373395340933,0.0,12660.208244257086,14.8,0.58,0.0,0.0,5.0,0.6449628755448891
862,4,train_0087,12739.946502000897,10417.848869297386,91.7848869297386,0.0,12831.731388930635,14.66,0.56,0.0,0.0,5.0,0.6449628755448891
863,4,train_0244,12389.26667937651,10334.85852002077,83.48585200207708,0.0,12472.752531378586,15.7,0.64,0.0,0.0,5.0,0.6449628755448891
864,4,train_0284,12399.523130340192,10336.398853036544,83.63988530365441,0.0,12483.163015643848,16.16,0.62,0.0,0.0,5.0,0.6449628755448891
865,4,train_0414,12360.133118267611,10119.718975238859,61.97189752388586,0.0,12422.105015791498,14.88,0.64,0.0,0.0,5.0,0.6449628755448891
866,4,train_0108,12447.545439637532,10449.578247989935,94.95782479899354,0.0,12542.503264436526,17.88,0.66,0.0,0.0,5.0,0.6449628755448891
867,4,train_0253,12055.008969969724,10239.906797936923,73.9906797936923,0.0,12128.999649763417,16.56,0.68,0.0,0.0,5.0,0.6449628755448891
868,4,train_0006,12165.493456219325,10466.815825367896,96.68158253678958,0.0,12262.175038756115,16.28,0.68,0.0,0.0,5.0,0.6449628755448891
869,4,train_0313,12865.829317277341,10072.96426986721,57.29642698672106,0.0,12923.125744264062,15.42,0.7,0.0,0.0,5.0,0.6449628755448891
870,4,train_0249,12503.755506866954,10369.897409399791,86.98974093997913,0.0,12590.745247806932,14.26,0.56,0.0,0.0,5.0,0.6449628755448891
871,4,train_0426,12062.248909800986,10224.137469718935,72.41374697189349,0.0,12134.66265677288,15.74,0.6,0.0,0.0,5.0,0.6449628755448891
872,4,train_0345,12515.378415533416,10294.39128762367,79.439128762367,0.0,12594.817544295784,15.88,0.58,0.0,0.0,5.0,0.6449628755448891
873,4,train_0016,12521.292552870409,10149.07390317034,64.90739031703397,0.0,12586.199943187443,15.44,0.76,0.0,0.0,5.0,0.6449628755448891
874,4,train_0081,11980.14710003345,10486.067933166078,98.60679331660776,0.0,12078.753893350058,17.82,0.64,0.0,0.0,5.0,0.6449628755448891
875,4,train_0079,12431.309470944125,10527.736624840685,102.77366248406852,0.0,12534.083133428194,15.84,0.72,0.0,0.0,5.0,0.6449628755448891
876,4,train_0494,12105.908209496953,10226.54975606002,72.65497560600197,0.0,12178.563185102954,15.4,0.52,0.0,0.0,5.0,0.6449628755448891
877,4,train_0435,12138.933948697575,10317.819959690234,81.78199596902341,0.0,12220.7159446666,16.0,0.82,0.0,0.0,5.0,0.6449628755448891
878,4,train_0096,12328.789888558633,10707.168198450381,120.71681984503812,0.0,12449.506708403671,17.38,0.64,0.0,0.0,5.0,0.6449628755448891
879,4,train_0544,12756.822875168886,10799.215681032965,129.92156810329652,0.0,12886.744443272182,15.02,0.68,0.0,0.0,5.0,0.6449628755448891
880,4,train_0318,12434.316857121466,9975.800666618072,47.58006666180718,0.0,12481.896923783273,16.48,0.72,0.0,0.0,5.0,0.6449628755448891
881,4,train_0520,11864.737224037159,10074.30778160316,57.43077816031601,0.0,11922.168002197475,15.12,0.56,0.0,0.0,5.0,0.6449628755448891
882,4,train_0124,12530.178673534581,10461.398565423911,96.13985654239114,0.0,12626.318530076973,16.38,0.62,0.0,0.0,5.0,0.6449628755448891
883,4,train_0424,12834.603736395791,10190.625715322698,69.0625715322698,0.0,12903.66630792806,18.52,0.7,0.0,0.0,5.0,0.6449628755448891
884,4,train_0384,12010.38504581526,10436.835082319565,93.68350823195652,0.0,12104.068554047215,15.42,0.8,0.0,0.0,5.0,0.6449628755448891
885,4,train_0589,12083.737828941094,10186.880449680135,68.6880449680135,0.0,12152.425873909107,16.12,0.74,0.0,0.0,5.0,0.6449628755448891
886,4,train_0258,12736.066459267771,10510.986629446936,101.09866294469357,0.0,12837.165122212466,14.38,0.7,0.0,0.0,5.0,0.6449628755448891
887,4,train_0511,12064.46484276752,10243.929021521879,74.39290215218789,0.0,12138.857744919707,16.3,0.66,0.0,0.0,5.0,0.6449628755448891
888,4,train_0038,12609.8665008024,10306.366780470633,80.6366780470633,0.0,12690.503178849463,18.4,0.7,0.0,0.0,5.0,0.6449628755448891
889,4,train_0416,12256.539288746722,10119.548344936236,61.95483449362364,0.0,12318.494123240345,16.04,0.6,0.0,0.0,5.0,0.6449628755448891
890,4,train_0336,12550.29514828358,10113.883467079431,61.38834670794313,0.0,12611.683494991523,15.4,0.68,0.0,0.0,5.0,0.6449628755448891
891,4,train_0384,11913.139780762984,10466.085272797774,96.60852727977745,0.0,12009.748308042761,17.18,0.58,0.0,0.0,5.0,0.6449628755448891
892,4,train_0475,12176.335064115738,10004.635057243066,50.463505724306565,0.0,12226.798569840044,15.24,0.66,0.0,0.0,5.0,0.6449628755448891
893,4,train_0511,12340.243007729283,10171.66227834953,67.16622783495295,0.0,12407.409235564235,14.26,0.62,0.0,0.0,5.0,0.6449628755448891
894,4,train_0046,12060.674105408021,10138.952113787254,63.895211378725435,0.0,12124.569316786747,16.04,0.58,0.0,0.0,5.0,0.6449628755448891
895,4,train_0528,12742.607452403074,10021.17171630613,52.117171630612944,0.0,12794.724624033686,15.62,0.62,0.0,0.0,5.0,0.6449628755448891
896,4,train_0276,12361.096229214661,10334.160420863203,83.41604208632035,0.0,12444.512271300982,14.62,0.76,0.0,0.0,5.0,0.6449628755448891
897,4,train_0164,12257.117486796138,10118.416188809417,61.84161888094168,0.0,12318.95910567708,13.44,0.62,0.0,0.0,5.0,0.6449628755448891
898,4,train_0036,12446.335254860418,9892.077064150884,39.20770641508844,0.0,12485.542961275507,16.32,0.78,0.0,0.0,5.0,0.6449628755448891
899,4,train_0512,12355.511282003212,10462.29162716234,96.22916271623399,0.0,12451.740444719446,14.62,0.74,0.0,0.0,5.0,0.6449628755448891
900,4,train_0431,12083.738688309544,10395.726958718835,89.57269587188348,0.0,12173.311384181428,16.3,0.7,0.0,0.0,5.0,0.6449628755448891
901,4,train_0352,11807.106595202415,10110.00116577143,61.00011657714295,0.0,11868.106711779557,16.46,0.66,0.0,0.0,5.0,0.6449628755448891
902,4,train_0028,12525.951216042416,10440.20488614173,94.02048861417298,0.0,12619.97170465659,15.66,0.66,0.0,0.0,5.0,0.6449628755448891
903,4,train_0000,12432.75823443268,10167.89381631849,66.78938163184903,0.0,12499.547616064528,16.36,0.66,0.0,0.0,5.0,0.6449628755448891
904,4,train_0178,12017.093947802736,10355.830403935992,85.58304039359919,0.0,12102.676988196336,14.94,0.54,0.0,0.0,5.0,0.6449628755448891
905,4,train_0118,12202.569486963614,10318.405524431335,81.8405524431335,0.0,12284.410039406746,13.96,0.78,0.0,0.0,5.0,0.6449628755448891
906,4,train_0454,12979.564640629094,10737.38452415465,123.73845241546496,0.0,13103.30309304456,16.26,0.62,0.0,0.0,5.0,0.6449628755448891
907,4,train_0467,12910.64329107305,10968.246428180757,146.82464281807572,0.0,13057.467933891125,16.36,0.74,0.0,0.0,5.0,0.6449628755448891
908,4,train_0122,12116.785305840056,10267.4041435549,76.74041435549007,0.0,12193.525720195546,15.02,0.74,0.0,0.0,5.0,0.6449628755448891
909,4,train_0205,12517.472129826336,10386.542317834505,88.65423178345046,0.0,12606.126361609786,15.9,0.68,0.0,0.0,5.0,0.6449628755448891
910,4,train_0033,12878.979539059848,10380.331680181236,88.03316801812362,0.0,12967.012707077973,15.52,0.6,0.0,0.0,5.0,0.6449628755448891
911,4,train_0505,12918.214916218367,10229.771770911368,72.97717709113677,0.0,12991.192093309504,16.2,0.74,0.0,0.0,5.0,0.6449628755448891
912,4,train_0024,12087.551733741975,9914.727963041252,41.472796304125225,0.0,12129.024530046101,17.56,0.8,0.0,0.0,5.0,0.6449628755448891
913,4,train_0361,12839.55106583441,10436.623438615317,93.66234386153174,0.0,12933.213409695942,16.52,0.7,0.0,0.0,5.0,0.6449628755448891
914,4,train_0370,12520.825697963253,10343.226982942459,84.32269829424587,0.0,12605.148396257498,14.6,0.76,0.0,0.0,5.0,0.6449628755448891
915,4,train_0591,12481.16357736808,10424.816022846167,92.48160228461676,0.0,12573.645179652696,17.34,0.68,0.0,0.0,5.0,0.6449628755448891
916,4,train_0269,12133.433356202875,9730.35732316747,23.03573231674709,0.0,12156.469088519621,15.42,0.62,0.0,0.0,5.0,0.6449628755448891
917,4,train_0458,12550.138824228019,11267.583059332392,176.75830593323917,0.0,12726.897130161258,14.8,0.68,0.0,0.0,5.0,0.6449628755448891
918,4,train_0161,12414.76176219338,10418.115078991485,91.81150789914847,0.0,12506.57327009253,14.54,0.64,0.0,0.0,5.0,0.6449628755448891
919,4,train_0055,12320.73285223022,10404.829251053194,90.48292510531938,0.0,12411.21577733554,14.7,0.7,0.0,0.0,5.0,0.6449628755448891
920,4,train_0497,12444.559696560638,10396.247899486214,89.62478994862141,0.0,12534.184486509259,15.78,0.66,0.0,0.0,5.0,0.6449628755448891
921,4,train_0502,12680.1514956079,10260.323252250733,76.03232522507334,0.0,12756.183820832974,13.98,0.66,0.0,0.0,5.0,0.6449628755448891
922,4,train_0554,12203.926073805698,10484.327218958108,98.43272189581076,0.0,12302.35879570151,13.22,0.64,0.0,0.0,5.0,0.6449628755448891
923,4,train_0398,11924.88499900158,10037.698340429564,53.76983404295643,0.0,11978.654833044537,14.84,0.58,0.0,0.0,5.0,0.6449628755448891
924,4,train_0067,12027.76985193276,10248.248697424431,74.82486974244311,0.0,12102.594721675203,17.84,0.58,0.0,0.0,5.0,0.6449628755448891
925,4,train_0132,12372.463198922766,9991.554235828218,49.155423582821825,0.0,12421.618622505588,18.0,0.72,0.0,0.0,5.0,0.6449628755448891
926,4,train_0341,12628.838428388428,10748.708117330387,124.87081173303869,0.0,12753.709240121467,16.98,0.7,0.0,0.0,5.0,0.6449628755448891
927,4,train_0310,12282.54132590541,10084.978552588462,58.49785525884618,0.0,12341.039181164255,14.34,0.64,0.0,0.0,5.0,0.6449628755448891
928,4,train_0056,11999.278556701336,9866.545704256825,36.65457042568251,0.0,12035.933127127018,17.3,0.62,0.0,0.0,5.0,0.6449628755448891
929,4,train_0096,12528.578667511212,10376.30792171091,87.63079217109099,0.0,12616.209459682303,16.1,0.64,0.0,0.0,5.0,0.6449628755448891
930,4,train_0374,12626.928386305804,10243.254988534421,74.32549885344216,0.0,12701.253885159247,16.48,0.68,0.0,0.0,5.0,0.6449628755448891
931,4,train_0223,12252.365569760437,10281.73724599299,78.17372459929902,0.0,12330.539294359736,13.74,0.64,0.0,0.0,5.0,0.6449628755448891
932,4,train_0545,11853.293758530039,10604.55028397666,110.45502839766596,0.0,11963.748786927705,18.26,0.62,0.0,0.0,5.0,0.6449628755448891
933,4,train_0446,12096.559960517054,10282.921280279406,78.29212802794063,0.0,12174.852088544994,15.5,0.66,0.0,0.0,5.0,0.6449628755448891
934,4,train_0279,12333.255208737279,10205.763804551752,70.57638045517524,0.0,12403.831589192454,16.8,0.66,0.0,0.0,5.0,0.6449628755448891
935,4,train_0272,12320.839996498464,10405.136222131192,90.5136222131192,0.0,12411.353618711582,13.6,0.64,0.0,0.0,5.0,0.6449628755448891
936,4,train_0061,12542.17062828486,10204.511425427205,70.45114254272049,0.0,12612.621770827582,15.68,0.76,0.0,0.0,5.0,0.6449628755448891
937,4,train_0396,12187.712665893227,10482.883625149268,98.28836251492686,0.0,12286.001028408153,13.76,0.68,0.0,0.0,5.0,0.6449628755448891
938,4,train_0486,12444.895347878737,10509.578122667444,100.95781226674444,0.0,12545.853160145482,14.78,0.64,0.0,0.0,5.0,0.6449628755448891
939,4,train_0539,12369.84437115133,10119.906972053903,61.99069720539028,0.0,12431.83506835672,16.1,0.62,0.0,0.0,5.0,0.6449628755448891
940,4,train_0142,12465.234958780413,10963.268613728094,146.32686137280945,0.0,12611.561820153222,14.44,0.58,0.0,0.0,5.0,0.6449628755448891
941,4,train_0420,12099.942588526705,10352.044065437447,85.20440654374471,0.0,12185.146995070449,15.54,0.68,0.0,0.0,5.0,0.6449628755448891
942,4,train_0225,12170.679253042064,10765.35597846536,126.53559784653608,0.0,12297.2148508886,17.76,0.7,0.0,0.0,5.0,0.6449628755448891
943,4,train_0055,12248.094931262112,10574.341388828932,107.43413888289325,0.0,12355.529070145005,14.1,0.58,0.0,0.0,5.0,0.6449628755448891
944,4,train_0089,12617.716928228901,10466.7676091589,96.67676091589001,0.0,12714.393689144792,15.8,0.7,0.0,0.0,5.0,0.6449628755448891
945,4,train_0247,12746.870862247233,10325.4882050761,82.54882050761007,0.0,12829.419682754844,17.14,0.66,0.0,0.0,5.0,0.6449628755448891
946,4,train_0007,13211.363040885364,10888.165898271054,138.81658982710542,0.0,13350.17963071247,14.94,0.64,0.0,0.0,5.0,0.6449628755448891
947,4,train_0189,12535.06503385683,10235.336290267524,73.53362902675235,0.0,12608.598662883582,15.34,0.48,0.0,0.0,5.0,0.6449628755448891
948,4,train_0293,12015.895974321478,10047.144219696323,54.714421969632355,0.0,12070.610396291111,14.92,0.56,0.0,0.0,5.0,0.6449628755448891
949,4,train_0287,12738.869063169412,10245.980576686896,74.59805766868958,0.0,12813.4671208381,17.36,0.6,0.0,0.0,5.0,0.6449628755448891
950,4,train_0525,12331.469368735245,10256.26079065677,75.626079065677,0.0,12407.095447800923,15.88,0.62,0.0,0.0,5.0,0.6449628755448891
951,4,train_0538,12744.699438561443,10499.074480170326,99.90744801703259,0.0,12844.606886578476,15.16,0.6,0.0,0.0,5.0,0.6449628755448891
952,4,train_0237,12079.749152241382,10665.777509163348,116.57775091633485,0.0,12196.326903157717,15.48,0.62,0.0,0.0,5.0,0.6449628755448891
953,4,train_0205,12373.884986821406,10690.815138351521,119.08151383515215,0.0,12492.966500656557,16.02,0.7,0.0,0.0,5.0,0.6449628755448891
954,4,train_0583,12223.02523546052,10662.606297723822,116.26062977238217,0.0,12339.285865232901,15.98,0.7,0.0,0.0,5.0,0.6449628755448891
955,4,train_0444,12397.789331863713,10181.037974401115,68.10379744011152,0.0,12465.893129303824,15.34,0.68,0.0,0.0,5.0,0.6449628755448891
956,4,train_0100,12088.019845383136,9917.991445718419,41.799144571841865,0.0,12129.818989954978,14.52,0.78,0.0,0.0,5.0,0.6449628755448891
957,4,train_0280,12314.693758128698,10571.446130815752,107.14461308157516,0.0,12421.838371210273,16.16,0.72,0.0,0.0,5.0,0.6449628755448891
958,4,train_0350,12315.463765468838,9864.17788832494,36.41778883249408,0.0,12351.881554301332,16.08,0.64,0.0,0.0,5.0,0.6449628755448891
959,4,train_0502,12443.603123236067,10428.885578936472,92.88855789364716,0.0,12536.491681129715,14.68,0.68,0.0,0.0,5.0,0.6449628755448891
960,4,train_0308,12345.270594435848,10111.2723996258,61.12723996257992,0.0,12406.397834398427,15.14,0.82,0.0,0.0,5.0,0.6449628755448891
961,4,train_0141,12592.371577677244,10538.998122125398,103.89981221253984,0.0,12696.271389889784,13.76,0.62,0.0,0.0,5.0,0.6449628755448891
962,4,train_0573,12029.033900852706,10118.283305723606,61.82833057236058,0.0,12090.862231425066,16.04,0.6,0.0,0.0,5.0,0.6449628755448891
963,4,train_0314,11896.66176086238,10515.798584227967,101.57985842279669,0.0,11998.241619285176,14.74,0.68,0.0,0.0,5.0,0.6449628755448891
964,4,train_0335,12673.42437848714,10597.913344585046,109.79133445850458,0.0,12783.215712945645,17.72,0.66,0.0,0.0,5.0,0.6449628755448891
965,4,train_0379,13002.08210564815,10923.823811379361,142.38238113793614,0.0,13144.464486786088,14.32,0.74,0.0,0.0,5.0,0.6449628755448891
966,4,train_0564,12322.96799785674,10782.2166968153,128.22166968152996,0.0,12451.18966753827,15.44,0.64,0.0,0.0,5.0,0.6449628755448891
967,4,train_0226,12044.564997382522,10154.7471506584,65.47471506584007,0.0,12110.039712448362,14.9,0.64,0.0,0.0,5.0,0.6449628755448891
968,4,train_0517,12284.086459121432,10744.73123607464,124.473123607464,0.0,12408.559582728896,18.1,0.82,0.0,0.0,5.0,0.6449628755448891
969,4,train_0338,12461.709516263421,10543.583741194376,104.35837411943758,0.0,12566.06789038286,15.62,0.6,0.0,0.0,5.0,0.6449628755448891
970,4,train_0533,11898.947261838846,10281.893443798583,78.18934437985827,0.0,11977.136606218704,17.34,0.76,0.0,0.0,5.0,0.6449628755448891
971,4,train_0178,11957.391886939387,10234.232864372398,73.42328643723977,0.0,12030.815173376628,15.1,0.64,0.0,0.0,5.0,0.6449628755448891
972,4,train_0522,12532.65285811786,10461.007545199078,96.1007545199078,0.0,12628.753612637769,17.12,0.68,0.0,0.0,5.0,0.6449628755448891
973,4,train_0592,12439.069845416307,10436.823917025893,93.68239170258931,0.0,12532.752237118895,14.42,0.68,0.0,0.0,5.0,0.6449628755448891
974,4,train_0301,12536.300559187704,10651.045000808239,115.1045000808239,0.0,12651.405059268529,15.54,0.56,0.0,0.0,5.0,0.6449628755448891
975,4,train_0412,11971.711812008452,10387.976573973636,88.7976573973636,0.0,12060.509469405815,16.64,0.64,0.0,0.0,5.0,0.6449628755448891
976,4,train_0497,12381.504565416271,10442.958643200447,94.29586432004471,0.0,12475.800429736317,15.04,0.74,0.0,0.0,5.0,0.6449628755448891
977,4,train_0377,12427.631963602567,10286.34006627998,78.63400662799796,0.0,12506.265970230565,17.44,0.78,0.0,0.0,5.0,0.6449628755448891
978,4,train_0558,12776.191121572858,10531.32158417823,103.13215841782295,0.0,12879.32327999068,16.34,0.74,0.0,0.0,5.0,0.6449628755448891
979,4,train_0560,12790.565170802673,10213.699373427586,71.36993734275858,0.0,12861.935108145432,15.26,0.7,0.0,0.0,5.0,0.6449628755448891
980,4,train_0104,12548.429686844824,10293.017577900966,79.3017577900966,0.0,12627.731444634921,16.74,0.68,0.0,0.0,5.0,0.6449628755448891
981,4,train_0264,12328.042167481164,10230.640365658226,73.0640365658226,0.0,12401.106204046986,14.34,0.56,0.0,0.0,5.0,0.6449628755448891
982,4,train_0485,12138.028955729937,10046.541295789106,54.654129578910585,0.0,12192.683085308847,16.94,0.74,0.0,0.0,5.0,0.6449628755448891
983,4,train_0588,12355.127729091757,10144.968512346424,64.49685123464242,0.0,12419.6245803264,17.3,0.7,0.0,0.0,5.0,0.6449628755448891
984,4,train_0544,12965.889952394544,10554.618509181772,105.46185091817716,0.0,13071.35180331272,16.42,0.76,0.0,0.0,5.0,0.6449628755448891
985,4,train_0054,12295.821389040997,10320.553354490195,82.05533544901955,0.0,12377.876724490017,15.74,0.72,0.0,0.0,5.0,0.6449628755448891
986,4,train_0489,11938.959101436814,10221.083505085713,72.10835050857132,0.0,12011.067451945386,16.34,0.74,0.0,0.0,5.0,0.6449628755448891
987,4,train_0592,12398.12461008752,10259.35685341335,75.93568534133502,0.0,12474.060295428855,15.1,0.64,0.0,0.0,5.0,0.6449628755448891
988,4,train_0073,12215.665159136774,10477.727413723802,97.7727413723802,0.0,12313.437900509154,15.2,0.72,0.0,0.0,5.0,0.6449628755448891
989,4,train_0431,12371.607698392396,10323.581832257045,82.3581832257045,0.0,12453.9658816181,16.84,0.56,0.0,0.0,5.0,0.6449628755448891
990,4,train_0281,12357.761418134087,10779.710834761096,127.97108347610957,0.0,12485.732501610197,16.62,0.62,0.0,0.0,5.0,0.6449628755448891
991,4,train_0347,12039.468824195272,10673.333797839487,117.33337978394866,0.0,12156.80220397922,16.66,0.7,0.0,0.0,5.0,0.6449628755448891
992,4,train_0580,12841.309833333167,10599.287053829968,109.92870538299685,0.0,12951.238538716165,15.72,0.74,0.0,0.0,5.0,0.6449628755448891
993,4,train_0213,12192.470419484693,10284.484117723247,78.44841177232466,0.0,12270.918831257017,16.54,0.74,0.0,0.0,5.0,0.6449628755448891
994,4,train_0164,12246.859495963756,10041.295429129517,54.129542912951734,0.0,12300.989038876707,14.04,0.68,0.0,0.0,5.0,0.6449628755448891
995,4,train_0121,12197.818862935866,10343.292580982601,84.32925809826011,0.0,12282.148121034126,14.14,0.68,0.0,0.0,5.0,0.6449628755448891
996,4,train_0119,12173.330191627576,10478.620749627777,97.86207496277767,0.0,12271.192266590353,15.9,0.58,0.0,0.0,5.0,0.6449628755448891
997,4,train_0589,12158.647727175647,10136.320746102145,63.63207461021448,0.0,12222.27980178586,14.62,0.64,0.0,0.0,5.0,0.6449628755448891
998,4,train_0149,12454.892069982978,10518.15076443597,101.815076443597,0.0,12556.707146426575,15.68,0.66,0.0,0.0,5.0,0.6449628755448891
999,4,train_0141,12791.205942053017,10497.069331817887,99.70693318178874,0.0,12890.912875234806,15.06,0.66,0.0,0.0,5.0,0.6449628755448891
1000,4,train_0301,12656.698180965395,10348.689086836654,84.86890868366537,0.0,12741.567089649061,15.46,0.54,0.0,0.0,5.0,0.6449628755448891
1001,4,train_0528,12396.51717986818,10554.50729169485,105.45072916948503,0.0,12501.967909037665,15.8,0.58,0.0,0.0,5.0,0.6449628755448891
1002,4,train_0501,12598.62551326869,10649.458079969429,114.94580799694286,0.0,12713.571321265632,18.72,0.72,0.0,0.0,5.0,0.6449628755448891
1003,4,train_0034,12428.279813980336,10194.790711347323,69.4790711347323,0.0,12497.758885115069,15.38,0.6,0.0,0.0,5.0,0.6449628755448891
1004,4,train_0066,12361.006446568157,10319.053293222081,81.90532932220813,0.0,12442.911775890365,17.2,0.64,0.0,0.0,5.0,0.6449628755448891
1005,4,train_0480,12654.686770269,10546.931143839027,104.6931143839027,0.0,12759.379884652903,13.26,0.76,0.0,0.0,5.0,0.6449628755448891
1006,4,train_0441,12488.20867466633,10334.759524415884,83.47595244158839,0.0,12571.684627107918,15.98,0.72,0.0,0.0,5.0,0.6449628755448891
1007,4,train_0521,12348.080507707296,10388.981304468909,88.8981304468909,0.0,12436.978638154187,17.94,0.62,0.0,0.0,5.0,0.6449628755448891
1008,4,train_0105,12175.210129060444,10600.34997603948,110.03499760394807,0.0,12285.245126664393,15.7,0.46,0.0,0.0,5.0,0.6449628755448891
1009,4,train_0146,12412.689104908488,10554.519384789946,105.45193847899463,0.0,12518.141043387483,14.54,0.74,0.0,0.0,5.0,0.6449628755448891
1010,4,train_0592,12394.109584245536,10519.95794712842,101.99579471284197,0.0,12496.105378958378,14.58,0.56,0.0,0.0,5.0,0.6449628755448891
1011,4,train_0586,12453.337682508396,10190.191849499453,69.01918494994534,0.0,12522.356867458342,15.48,0.62,0.0,0.0,5.0,0.6449628755448891
1012,4,train_0397,12283.764813348796,10343.063825550402,84.30638255504019,0.0,12368.071195903836,14.66,0.62,0.0,0.0,5.0,0.6449628755448891
1013,4,train_0223,12348.047704148508,10239.387974361282,73.93879743612816,0.0,12421.986501584637,14.92,0.68,0.0,0.0,5.0,0.6449628755448891
1014,4,train_0457,12289.765076452455,10635.279039423542,113.52790394235417,0.0,12403.29298039481,16.94,0.68,0.0,0.0,5.0,0.6449628755448891
1015,4,train_0095,12277.595287663606,10300.289263043185,80.02892630431853,0.0,12357.624213967923,16.76,0.72,0.0,0.0,5.0,0.6449628755448891
1016,4,train_0386,12562.74882817921,10309.740405302113,80.97404053021128,0.0,12643.722868709421,15.14,0.64,0.0,0.0,5.0,0.6449628755448891
1017,4,train_0251,12336.591043193952,10596.67886103989,109.66788610398908,0.0,12446.258929297941,15.34,0.6,0.0,0.0,5.0,0.6449628755448891
1018,4,train_0510,12846.668177028409,10333.143353569021,83.31433535690212,0.0,12929.982512385312,15.26,0.82,0.0,0.0,5.0,0.6449628755448891
1019,4,train_0583,12492.197689177403,10188.939947816698,68.89399478166979,0.0,12561.091683959072,16.02,0.68,0.0,0.0,5.0,0.6449628755448891
1020,4,train_0257,12634.623664526063,10391.285053289612,89.12850532896118,0.0,12723.752169855024,14.9,0.62,0.0,0.0,5.0,0.6449628755448891
1021,4,train_0068,12575.195958106173,10581.34626520777,108.13462652077706,0.0,12683.33058462695,15.08,0.74,0.0,0.0,5.0,0.6449628755448891
1022,4,train_0590,12447.703574386762,10495.435621032468,99.54356210324677,0.0,12547.247136490008,17.74,0.74,0.0,0.0,5.0,0.6449628755448891
1023,4,train_0415,12643.028700919203,10762.782423640816,126.2782423640816,0.0,12769.306943283285,14.14,0.68,0.0,0.0,5.0,0.6449628755448891
1024,5,train_0157,12527.243859164526,10079.921142783722,57.99211427837218,0.0,12585.235973442897,15.78,0.74,0.0,0.0,5.0,0.6449628755448891
1025,5,train_0081,12153.643903075928,10131.735352880032,63.17353528800322,0.0,12216.81743836393,17.0,0.6,0.0,0.0,5.0,0.6449628755448891
1026,5,train_0222,12429.71399823531,10435.267961083715,93.5267961083715,0.0,12523.240794343681,18.0,0.48,0.0,0.0,5.0,0.6449628755448891
1027,5,train_0411,12815.424790054873,10919.725819825446,141.9725819825446,0.0,12957.397372037418,15.66,0.7,0.0,0.0,5.0,0.6449628755448891
1028,5,train_0185,12603.927658347164,10453.492536042326,95.34925360423259,0.0,12699.276911951396,17.14,0.66,0.0,0.0,5.0,0.6449628755448891
1029,5,train_0092,12530.282279284915,10341.626955168707,84.16269551687074,0.0,12614.444974801785,15.76,0.64,0.0,0.0,5.0,0.6449628755448891
1030,5,train_0226,11884.77115285146,9834.505132289907,33.450513228990715,0.0,11918.22166608045,13.46,0.64,0.0,0.0,5.0,0.6449628755448891
1031,5,train_0566,12113.367256512542,10091.755543793475,59.175554379347524,0.0,12172.54281089189,13.82,0.64,0.0,0.0,5.0,0.6449628755448891
1032,5,train_0188,12231.066116737631,10669.103639160556,116.91036391605559,0.0,12347.976480653686,15.46,0.7,0.0,0.0,5.0,0.6449628755448891
1033,5,train_0548,12308.13251428803,10535.557590341574,103.55575903415739,0.0,12411.688273322188,16.62,0.58,0.0,0.0,5.0,0.6449628755448891
1034,5,train_0245,11890.85508707616,10153.215210228664,65.32152102286636,0.0,11956.176608099026,14.76,0.76,0.0,0.0,5.0,0.6449628755448891
1035,5,train_0590,12471.456552742942,10159.727068170105,65.97270681701048,0.0,12537.429259559953,17.12,0.58,0.0,0.0,5.0,0.6449628755448891
1036,5,train_0567,13048.424534892843,11176.59974020037,167.65997402003705,0.0,13216.08450891288,16.84,0.72,0.0,0.0,5.0,0.6449628755448891
1037,5,train_0527,12257.4865881381,10076.634266894907,57.663426689490734,0.0,12315.15001482759,14.02,0.66,0.0,0.0,5.0,0.6449628755448891
1038,5,train_0036,12400.732578155235,10225.850921137888,72.58509211378878,0.0,12473.317670269023,16.82,0.56,0.0,0.0,5.0,0.6449628755448891
1039,5,train_0231,12261.612611997745,10348.290048719009,84.8290048719009,0.0,12346.441616869646,16.86,0.72,0.0,0.0,5.0,0.6449628755448891
1040,5,train_0489,11949.887377613462,10381.765871767362,88.17658717673622,0.0,12038.063964790199,15.66,0.74,0.0,0.0,5.0,0.6449628755448891
1041,5,train_0279,12316.52562662672,10254.725186758445,75.47251867584455,0.0,12391.998145302565,15.16,0.78,0.0,0.0,5.0,0.6449628755448891
1042,5,train_0363,12242.996537952753,10463.63998541774,96.36399854177398,0.0,12339.360536494527,15.46,0.74,0.0,0.0,5.0,0.6449628755448891
1043,5,train_0188,12424.51883738546,10395.717964491814,89.57179644918142,0.0,12514.090633834641,14.78,0.72,0.0,0.0,5.0,0.6449628755448891
1044,5,train_0382,12484.022848672274,10579.414033443105,107.9414033443105,0.0,12591.964252016583,14.98,0.56,0.0,0.0,5.0,0.6449628755448891
1045,5,train_0295,12277.586619020394,10201.103859702283,70.11038597022835,0.0,12347.697004990623,16.48,0.66,0.0,0.0,5.0,0.6449628755448891
1046,5,train_0505,12544.657556770151,10611.954318887578,111.19543188875778,0.0,12655.85298865891,17.6,0.68,0.0,0.0,5.0,0.6449628755448891
1047,5,train_0142,12798.993814793499,10201.632649631969,70.1632649631969,0.0,12869.157079756696,15.92,0.6,0.0,0.0,5.0,0.6449628755448891
1048,5,train_0118,12394.378991057827,10285.153099206309,78.5153099206309,0.0,12472.894300978458,12.82,0.6,0.0,0.0,5.0,0.6449628755448891
1049,5,train_0576,12283.425807813506,10249.78046028659,74.97804602865908,0.0,12358.403853842165,14.94,0.7,0.0,0.0,5.0,0.6449628755448891
1050,5,train_0304,12712.764570651088,10865.79265957779,136.579265957779,0.0,12849.343836608867,16.08,0.7,0.0,0.0,5.0,0.6449628755448891
1051,5,train_0250,12699.268287781082,10073.39128460319,57.33912846031908,0.0,12756.6074162414,14.94,0.58,0.0,0.0,5.0,0.6449628755448891
1052,5,train_0080,12592.681216827072,10610.45535860727,111.04553586072707,0.0,12703.726752687799,16.12,0.72,0.0,0.0,5.0,0.6449628755448891
1053,5,train_0201,12188.298118389846,10484.74452676683,98.474452676683,0.0,12286.772571066529,17.52,0.56,0.0,0.0,5.0,0.6449628755448891
1054,5,train_0478,12589.59558901192,10418.468750773103,91.84687507731033,0.0,12681.44246408923,16.36,0.66,0.0,0.0,5.0,0.6449628755448891
1055,5,train_0561,12484.885660063279,10429.233257808479,92.92332578084789,0.0,12577.808985844127,18.02,0.68,0.0,0.0,5.0,0.6449628755448891
1056,5,train_0046,12291.158216377993,9838.527734797837,33.85277347978372,0.0,12325.010989857778,17.36,0.74,0.0,0.0,5.0,0.6449628755448891
1057,5,train_0208,12626.31400127673,10290.443979359317,79.04439793593174,0.0,12705.358399212662,13.52,0.74,0.0,0.0,5.0,0.6449628755448891
1058,5,train_0067,12184.409927025143,10043.331663653204,54.33316636532036,0.0,12238.743093390463,16.96,0.78,0.0,0.0,5.0,0.6449628755448891
1059,5,train_0252,12253.167510088308,10205.921059024527,70.59210590245276,0.0,12323.75961599076,16.04,0.74,0.0,0.0,5.0,0.6449628755448891
1060,5,train_0035,12887.825304537135,10980.86477950594,148.08647795059406,0.0,13035.911782487728,15.88,0.58,0.0,0.0,5.0,0.6449628755448891
1061,5,train_0376,12093.552279658486,10331.98495656159,83.19849565615897,0.0,12176.750775314646,16.1,0.76,0.0,0.0,5.0,0.6449628755448891
1062,5,train_0279,12450.259649006137,10532.895435273578,103.28954352735782,0.0,12553.549192533495,18.56,0.48,0.0,0.0,5.0,0.6449628755448891
1063,5,train_0438,12295.998876772617,10215.474077051347,71.54740770513472,0.0,12367.546284477752,17.4,0.62,0.0,0.0,5.0,0.6449628755448891
1064,5,train_0064,12561.716316093136,10585.83595231662,108.583595231662,0.0,12670.299911324797,16.28,0.7,0.0,0.0,5.0,0.6449628755448891
1065,5,train_0255,12236.296107014854,9895.20438305998,39.52043830599796,0.0,12275.816545320851,15.12,0.66,0.0,0.0,5.0,0.6449628755448891
1066,5,train_0457,12283.447780710172,10701.623931939725,120.16239319397246,0.0,12403.610173904144,16.22,0.52,0.0,0.0,5.0,0.6449628755448891
1067,5,train_0133,12755.37715687533,10455.247859089723,95.52478590897226,0.0,12850.901942784301,16.3,0.56,0.0,0.0,5.0,0.6449628755448891
1068,5,train_0168,12579.189226905042,10535.146025162103,103.51460251621029,0.0,12682.703829421253,16.68,0.7,0.0,0.0,5.0,0.6449628755448891
1069,5,train_0373,12772.153121968504,10279.60979286538,77.96097928653799,0.0,12850.114101255042,15.48,0.74,0.0,0.0,5.0,0.6449628755448891
1070,5,train_0473,12747.379442106718,10021.976826997095,52.19768269970955,0.0,12799.577124806427,17.88,0.68,0.0,0.0,5.0,0.6449628755448891
1071,5,train_0102,12575.75884304761,10126.51296364385,62.651296364385054,0.0,12638.410139411995,14.48,0.54,0.0,0.0,5.0,0.6449628755448891
1072,5,train_0238,12377.29182606093,10499.150413749943,99.91504137499433,0.0,12477.206867435923,15.98,0.68,0.0,0.0,5.0,0.6449628755448891
1073,5,train_0371,12109.182279942144,10495.305727299117,99.53057272991174,0.0,12208.712852672055,16.06,0.64,0.0,0.0,5.0,0.6449628755448891
1074,5,train_0555,11993.582648331969,10218.333925208199,71.83339252081987,0.0,12065.41604085279,17.22,0.82,0.0,0.0,5.0,0.6449628755448891
1075,5,train_0385,12803.865299566183,10615.25417071045,111.52541707104501,0.0,12915.390716637228,15.8,0.68,0.0,0.0,5.0,0.6449628755448891
1076,5,train_0314,12153.752741148466,10401.342978449993,90.13429784499931,0.0,12243.887038993465,16.1,0.7,0.0,0.0,5.0,0.6449628755448891
1077,5,train_0383,12229.81935273792,10368.14931922732,86.81493192273193,0.0,12316.634284660653,16.06,0.72,0.0,0.0,5.0,0.6449628755448891
1078,5,train_0061,12726.98421313422,10248.076392006682,74.8076392006682,0.0,12801.791852334887,14.18,0.58,0.0,0.0,5.0,0.6449628755448891
1079,5,train_0211,12262.71141308273,10265.850711770989,76.58507117709887,0.0,12339.296484259829,16.96,0.6,0.0,0.0,5.0,0.6449628755448891
1080,5,train_0337,12133.796383192683,10047.880278121176,54.78802781211762,0.0,12188.5844110048,15.98,0.64,0.0,0.0,5.0,0.6449628755448891
1081,5,train_0237,12099.031865229326,10364.255465143633,86.4255465143633,0.0,12185.45741174369,15.96,0.76,0.0,0.0,5.0,0.6449628755448891
1082,5,train_0053,12333.188675656227,10385.861814775431,88.58618147754315,0.0,12421.77485713377,15.4,0.54,0.0,0.0,5.0,0.6449628755448891
1083,5,train_0159,12150.127427337093,9837.417032149124,33.74170321491238,0.0,12183.869130552004,18.5,0.66,0.0,0.0,5.0,0.6449628755448891
1084,5,train_0022,12992.116812234308,10249.305553761873,74.9305553761873,0.0,13067.047367610496,16.68,0.66,0.0,0.0,5.0,0.6449628755448891
1085,5,train_0473,12303.907831595488,10419.957767149835,91.99577671498355,0.0,12395.903608310473,18.3,0.62,0.0,0.0,5.0,0.6449628755448891
1086,5,train_0354,11989.685661132808,10248.176326132114,74.81763261321139,0.0,12064.503293746018,15.82,0.66,0.0,0.0,5.0,0.6449628755448891
1087,5,train_0429,12575.19093942146,11043.410402789017,154.34104027890172,0.0,12729.531979700361,16.22,0.64,0.0,0.0,5.0,0.6449628755448891
1088,5,train_0325,12535.680919765866,10191.506549520906,69.15065495209056,0.0,12604.831574717957,12.7,0.62,0.0,0.0,5.0,0.6449628755448891
1089,5,train_0414,12262.857611264346,10199.731044742599,69.9731044742599,0.0,12332.830715738606,15.76,0.66,0.0,0.0,5.0,0.6449628755448891
1090,5,train_0352,12044.827796837446,10165.934185361575,66.59341853615751,0.0,12111.421215373604,15.84,0.64,0.0,0.0,5.0,0.6449628755448891
1091,5,train_0582,12866.680152336048,10342.299955630102,84.2299955630102,0.0,12950.910147899058,15.62,0.6,0.0,0.0,5.0,0.6449628755448891
1092,5,train_0196,12195.704269121396,10510.19560058473,101.01956005847296,0.0,12296.723829179868,15.22,0.56,0.0,0.0,5.0,0.6449628755448891
1093,5,train_0532,12354.304227823734,10207.122034829225,70.71220348292245,0.0,12425.016431306656,14.82,0.58,0.0,0.0,5.0,0.6449628755448891
1094,5,train_0057,12158.107531170635,10134.15601573786,63.415601573786084,0.0,12221.523132744422,14.9,0.62,0.0,0.0,5.0,0.6449628755448891
1095,5,train_0257,12636.145780279658,10649.351908622442,114.93519086224424,0.0,12751.080971141902,14.52,0.72,0.0,0.0,5.0,0.6449628755448891
1096,5,train_0577,13142.124956680495,10694.01697946465,119.40169794646499,0.0,13261.52665462696,15.82,0.62,0.0,0.0,5.0,0.6449628755448891
1097,5,train_0454,12788.59815107849,10960.791242510186,146.07912425101858,0.0,12934.677275329508,15.98,0.78,0.0,0.0,5.0,0.6449628755448891
1098,5,train_0310,11954.14597705557,10006.194545498172,50.61945454981724,0.0,12004.765431605387,14.8,0.66,0.0,0.0,5.0,0.6449628755448891
1099,5,train_0386,12669.624596579451,10200.704605856987,70.07046058569868,0.0,12739.69505716515,14.78,0.7,0.0,0.0,5.0,0.6449628755448891
1100,5,train_0447,12285.609722998366,10250.520020167862,75.05200201678618,0.0,12360.661725015152,16.14,0.68,0.0,0.0,5.0,0.6449628755448891
1101,5,train_0322,12358.00783365007,10161.45984760482,66.14598476048195,0.0,12424.153818410552,14.3,0.62,0.0,0.0,5.0,0.6449628755448891
1102,5,train_0488,12403.666458584608,10571.03907139603,107.10390713960297,0.0,12510.770365724211,14.28,0.68,0.0,0.0,5.0,0.6449628755448891
1103,5,train_0084,12066.56643657977,10083.283087498858,58.328308749885764,0.0,12124.894745329655,16.92,0.68,0.0,0.0,5.0,0.6449628755448891
1104,5,train_0416,12335.321338481204,10329.676084117504,82.96760841175038,0.0,12418.288946892955,18.12,0.56,0.0,0.0,5.0,0.6449628755448891
1105,5,train_0296,12386.810703392366,10495.49468932609,99.54946893260895,0.0,12486.360172324976,15.6,0.66,0.0,0.0,5.0,0.6449628755448891
1106,5,train_0427,12451.567768603538,10274.439533593682,77.44395335936825,0.0,12529.011721962906,16.92,0.68,0.0,0.0,5.0,0.6449628755448891
1107,5,train_0130,12235.011893557348,10331.49183233703,83.14918323370294,0.0,12318.161076791052,16.14,0.64,0.0,0.0,5.0,0.6449628755448891
1108,5,train_0020,12878.376790854956,10254.792135355896,75.4792135355896,0.0,12953.856004390545,14.8,0.62,0.0,0.0,5.0,0.6449628755448891
1109,5,train_0485,11766.883121519917,10448.015007330985,94.80150073309852,0.0,11861.684622253015,17.16,0.74,0.0,0.0,5.0,0.6449628755448891
1110,5,train_0025,12729.370670771452,10485.996197653001,98.59961976530013,0.0,12827.970290536752,15.38,0.76,0.0,0.0,5.0,0.6449628755448891
1111,5,train_0443,12672.38912097621,10873.85322658968,137.38532265896794,0.0,12809.774443635177,16.56,0.58,0.0,0.0,5.0,0.6449628755448891
1112,5,train_0189,12433.094808210524,10579.076215110344,107.90762151103445,0.0,12541.002429721559,16.98,0.6,0.0,0.0,5.0,0.6449628755448891
1113,5,train_0107,12347.157013048258,10502.96910516101,100.29691051610098,0.0,12447.453923564359,16.42,0.6,0.0,0.0,5.0,0.6449628755448891
1114,5,train_0290,12561.766531451389,10342.59649716629,84.25964971662907,0.0,12646.026181168018,16.94,0.74,0.0,0.0,5.0,0.6449628755448891
1115,5,train_0054,12432.532129291554,10063.27126334613,56.32712633461306,0.0,12488.859255626166,16.32,0.68,0.0,0.0,5.0,0.6449628755448891
1116,5,train_0442,12565.943916680417,10744.041183802488,124.40411838024885,0.0,12690.348035060666,14.46,0.74,0.0,0.0,5.0,0.6449628755448891
1117,5,train_0065,12444.597718840221,10531.986104634958,103.1986104634958,0.0,12547.796329303717,13.9,0.76,0.0,0.0,5.0,0.6449628755448891
1118,5,train_0453,12370.137150139533,10267.979146753674,76.79791467536744,0.0,12446.935064814901,18.46,0.7,0.0,0.0,5.0,0.6449628755448891
1119,5,train_0470,12210.563866791572,10347.9619504499,84.79619504499006,0.0,12295.360061836562,15.14,0.74,0.0,0.0,5.0,0.6449628755448891
1120,5,train_0254,12619.03721291916,10417.561186845283,91.75611868452835,0.0,12710.793331603689,14.88,0.66,0.0,0.0,5.0,0.6449628755448891
1121,5,train_0564,12707.126896813203,10366.7460600439,86.67460600439009,0.0,12793.801502817592,15.24,0.8,0.0,0.0,5.0,0.6449628755448891
1122,5,train_0511,12187.571794907157,9796.646791483787,29.664679148378674,0.0,12217.236474055535,16.44,0.66,0.0,0.0,5.0,0.6449628755448891
1123,5,train_0173,12434.234000357723,10780.410925124062,128.04109251240627,0.0,12562.27509287013,17.04,0.68,0.0,0.0,5.0,0.6449628755448891
1124,5,train_0554,12239.653189675808,10351.205778105537,85.12057781055374,0.0,12324.773767486362,13.74,0.64,0.0,0.0,5.0,0.6449628755448891
1125,5,train_0065,12588.644495651657,10514.916190215172,101.49161902151718,0.0,12690.136114673174,14.68,0.7,0.0,0.0,5.0,0.6449628755448891
1126,5,train_0533,11950.800786607197,10096.512766556407,59.651276655640686,0.0,12010.452063262837,15.12,0.7,0.0,0.0,5.0,0.6449628755448891
1127,5,train_0424,12700.826596148821,10670.554097957716,117.05540979577164,0.0,12817.882005944593,18.56,0.72,0.0,0.0,5.0,0.6449628755448891
1128,5,train_0198,11853.78534648403,9933.809348186081,43.380934818608154,0.0,11897.166281302638,16.38,0.7,0.0,0.0,5.0,0.6449628755448891
1129,5,train_0313,12567.147317434938,10440.300828461211,94.03008284612116,0.0,12661.177400281058,15.54,0.72,0.0,0.0,5.0,0.6449628755448891
1130,5,train_0141,12867.313581075421,10314.43793873046,81.44379387304599,0.0,12948.757374948467,13.96,0.72,0.0,0.0,5.0,0.6449628755448891
1131,5,train_0363,12612.409847880248,10825.541579509663,132.55415795096633,0.0,12744.964005831214,15.76,0.56,0.0,0.0,5.0,0.6449628755448891
1132,5,train_0040,12519.75498384456,10410.416215473851,91.04162154738515,0.0,12610.796605391944,16.98,0.56,0.0,0.0,5.0,0.6449628755448891
1133,5,train_0301,12916.533162325524,10563.562871412778,106.35628714127779,0.0,13022.889449466802,14.98,0.64,0.0,0.0,5.0,0.6449628755448891
1134,5,train_0423,12040.53678956669,10309.708291602263,80.97082916022629,0.0,12121.507618726915,18.18,0.68,0.0,0.0,5.0,0.6449628755448891
1135,5,train_0485,12036.132269390659,10126.208609261757,62.62086092617574,0.0,12098.753130316834,16.2,0.58,0.0,0.0,5.0,0.6449628755448891
1136,5,train_0021,12624.61591138715,10530.252999826705,103.02529998267056,0.0,12727.64121136982,18.24,0.76,0.0,0.0,5.0,0.6449628755448891
1137,5,train_0350,12240.970654752651,10107.901566870205,60.7901566870205,0.0,12301.760811439672,15.62,0.6,0.0,0.0,5.0,0.6449628755448891
1138,5,train_0497,12501.889790909518,10277.001526087472,77.70015260874716,0.0,12579.589943518265,15.32,0.74,0.0,0.0,5.0,0.6449628755448891
1139,5,train_0481,12240.243733113748,10050.107293787003,55.01072937870031,0.0,12295.254462492449,15.6,0.7,0.0,0.0,5.0,0.6449628755448891
1140,5,train_0552,12093.209451108087,10539.112279224302,103.91122792243023,0.0,12197.120679030517,15.22,0.62,0.0,0.0,5.0,0.6449628755448891
1141,5,train_0394,12221.869041268525,10506.590888223005,100.65908882230052,0.0,12322.528130090825,15.74,0.7,0.0,0.0,5.0,0.6449628755448891
1142,5,train_0209,12209.123545787761,9921.413365526376,42.14133655263759,0.0,12251.264882340398,16.94,0.72,0.0,0.0,5.0,0.6449628755448891
1143,5,train_0410,12785.185464726736,10444.67222432762,94.467222432762,0.0,12879.652687159498,17.7,0.66,0.0,0.0,5.0,0.6449628755448891
1144,5,train_0138,12199.315486824682,10452.859308454774,95.28593084547738,0.0,12294.60141767016,14.54,0.6,0.0,0.0,5.0,0.6449628755448891
1145,5,train_0441,12329.64357453083,10368.754329207974,86.87543292079737,0.0,12416.519007451627,15.84,0.64,0.0,0.0,5.0,0.6449628755448891
1146,5,train_0137,12200.200263718143,10021.213721180053,52.121372118005276,0.0,12252.321635836148,16.14,0.68,0.0,0.0,5.0,0.6449628755448891
1147,5,train_0346,12960.861513775622,10520.072433856712,102.00724338567125,0.0,13062.868757161294,16.56,0.7,0.0,0.0,5.0,0.6449628755448891
1148,5,train_0258,12697.511114511002,10749.007883740087,124.9007883740087,0.0,12822.411902885011,14.36,0.62,0.0,0.0,5.0,0.6449628755448891
1149,5,train_0215,12556.167536884495,10628.86796046915,112.88679604691498,0.0,12669.05433293141,17.88,0.64,0.0,0.0,5.0,0.6449628755448891
1150,5,train_0518,12519.743437914,10256.168872072563,75.61688720725634,0.0,12595.360325121255,16.58,0.68,0.0,0.0,5.0,0.6449628755448891
1151,5,train_0237,12198.308752586285,10551.096695619894,105.10966956198936,0.0,12303.418422148274,16.4,0.58,0.0,0.0,5.0,0.6449628755448891
1152,5,train_0381,12102.382601630607,10042.63739652052,54.26373965205203,0.0,12156.646341282658,14.04,0.64,0.0,0.0,5.0,0.6449628755448891
1153,5,train_0013,12552.126348246107,10250.770569398741,75.0770569398741,0.0,12627.203405185981,15.06,0.56,0.0,0.0,5.0,0.6449628755448891
1154,5,train_0424,12704.686815152945,10429.013770752375,92.90137707523755,0.0,12797.588192228182,17.24,0.68,0.0,0.0,5.0,0.6449628755448891
1155,5,train_0022,12598.87067142083,10129.262221930148,62.92622219301484,0.0,12661.796893613844,16.86,0.76,0.0,0.0,5.0,0.6449628755448891
1156,5,train_0338,12437.624873844015,10394.91377560853,89.49137756085292,0.0,12527.116251404868,15.86,0.6,0.0,0.0,5.0,0.6449628755448891
1157,5,train_0278,12353.153607560722,10436.334820753666,93.63348207536656,0.0,12446.78708963609,16.72,0.62,0.0,0.0,5.0,0.6449628755448891
1158,5,train_0482,11867.35127641923,10403.084281554027,90.30842815540274,0.0,11957.659704574631,13.86,0.72,0.0,0.0,5.0,0.6449628755448891
1159,5,train_0481,12382.489094999153,10182.469598192074,68.2469598192074,0.0,12450.73605481836,17.2,0.74,0.0,0.0,5.0,0.6449628755448891
1160,5,train_0310,12046.56541042635,10059.972956647056,55.997295664705604,0.0,12102.562706091056,15.26,0.74,0.0,0.0,5.0,0.6449628755448891
1161,5,train_0424,12701.882144373663,10268.89011158627,76.889011158627,0.0,12778.77115553229,17.46,0.62,0.0,0.0,5.0,0.6449628755448891
1162,5,train_0063,12207.049767614128,10506.960910383916,100.69609103839157,0.0,12307.745858652519,16.46,0.8,0.0,0.0,5.0,0.6449628755448891
1163,5,train_0230,12544.5164760753,10452.346867535125,95.2346867535125,0.0,12639.751162828812,15.98,0.66,0.0,0.0,5.0,0.6449628755448891
1164,5,train_0349,12271.955139642596,9944.286495541593,44.42864955415935,0.0,12316.383789196756,16.46,0.64,0.0,0.0,5.0,0.6449628755448891
1165,5,train_0287,12615.77694659308,10299.793888863387,79.97938888633871,0.0,12695.756335479418,16.28,0.66,0.0,0.0,5.0,0.6449628755448891
1166,5,train_0187,12442.153998308979,9923.988166877305,42.39881668773051,0.0,12484.552814996709,15.26,0.68,0.0,0.0,5.0,0.6449628755448891
1167,5,train_0502,12473.197658407324,10428.557470669799,92.8557470669799,0.0,12566.053405474304,15.66,0.72,0.0,0.0,5.0,0.6449628755448891
1168,5,train_0093,12213.667288818044,10086.44927503857,58.644927503857076,0.0,12272.312216321901,17.14,0.7,0.0,0.0,5.0,0.6449628755448891
1169,5,train_0472,12616.82563729239,10728.932151915446,122.89321519154456,0.0,12739.718852483935,14.6,0.68,0.0,0.0,5.0,0.6449628755448891
1170,5,train_0133,12540.614135711792,10551.907732600475,105.19077326004754,0.0,12645.80490897184,17.48,0.66,0.0,0.0,5.0,0.6449628755448891
1171,5,train_0366,12718.89984943001,9820.362764733654,32.03627647336543,0.0,12750.936125903376,16.06,0.7,0.0,0.0,5.0,0.6449628755448891
1172,5,train_0327,12460.890277813924,10654.243525078338,115.42435250783383,0.0,12576.314630321758,18.16,0.66,0.0,0.0,5.0,0.6449628755448891
1173,5,train_0509,12024.527669760946,10255.082389413055,75.50823894130554,0.0,12100.035908702252,13.66,0.66,0.0,0.0,5.0,0.6449628755448891
1174,5,train_0253,12018.112825746199,10213.184252548532,71.31842525485318,0.0,12089.431251001051,15.56,0.72,0.0,0.0,5.0,0.6449628755448891
1175,5,train_0587,12446.10769842262,9907.438640099499,40.7438640099499,0.0,12486.85156243257,18.24,0.6,0.0,0.0,5.0,0.6449628755448891
1176,5,train_0061,12210.943626559532,10369.412525546948,86.94125255469481,0.0,12297.884879114226,14.76,0.7,0.0,0.0,5.0,0.6449628755448891
1177,5,train_0373,12529.48042968913,10522.934470521828,102.29344705218283,0.0,12631.773876741314,16.78,0.7,0.0,0.0,5.0,0.6449628755448891
1178,5,train_0097,12553.32755481217,9789.37283416984,28.937283416984066,0.0,12582.264838229154,16.34,0.56,0.0,0.0,5.0,0.6449628755448891
1179,5,train_0581,12280.193755413427,10328.87080637994,82.88708063799405,0.0,12363.080836051422,14.5,0.7,0.0,0.0,5.0,0.6449628755448891
1180,5,train_0447,12459.625122842112,10072.977249247167,57.29772492471675,0.0,12516.922847766828,16.0,0.6,0.0,0.0,5.0,0.6449628755448891
1181,5,train_0046,12203.435532757976,10138.907903333467,63.89079033334674,0.0,12267.326323091324,16.34,0.58,0.0,0.0,5.0,0.6449628755448891
1182,5,train_0490,12313.208364027463,10249.665473798445,74.96654737984446,0.0,12388.174911407308,15.18,0.58,0.0,0.0,5.0,0.6449628755448891
1183,5,train_0465,12465.195616605939,10870.691079449922,137.06910794499217,0.0,12602.26472455093,17.34,0.7,0.0,0.0,5.0,0.6449628755448891
1184,5,train_0146,12271.583146446672,10697.605476326638,119.76054763266384,0.0,12391.343694079336,14.58,0.64,0.0,0.0,5.0,0.6449628755448891
1185,5,train_0057,11998.74735676689,10325.93371072962,82.59337107296197,0.0,12081.340727839852,14.52,0.54,0.0,0.0,5.0,0.6449628755448891
1186,5,train_0059,12525.077275454962,10276.84216535824,77.68421653582409,0.0,12602.761491990786,15.1,0.56,0.0,0.0,5.0,0.6449628755448891
1187,5,train_0133,12840.783896676843,10577.054952788436,107.7054952788436,0.0,12948.489391955687,17.82,0.66,0.0,0.0,5.0,0.6449628755448891
1188,5,train_0063,12355.195246441548,10449.17338729034,94.91733872903406,0.0,12450.112585170582,16.1,0.7,0.0,0.0,5.0,0.6449628755448891
1189,5,train_0203,12947.961156265035,10581.434389286676,108.14343892866765,0.0,13056.104595193703,13.76,0.6,0.0,0.0,5.0,0.6449628755448891
1190,5,train_0362,12028.72233625303,10511.336460022301,101.13364600223014,0.0,12129.85598225526,15.58,0.58,0.0,0.0,5.0,0.6449628755448891
1191,5,train_0070,11813.116443594849,9876.663719751936,37.66637197519358,0.0,11850.782815570043,15.3,0.62,0.0,0.0,5.0,0.6449628755448891
1192,5,train_0336,12074.2842332658,10394.244116637885,89.42441166378849,0.0,12163.70864492959,15.82,0.66,0.0,0.0,5.0,0.6449628755448891
1193,5,train_0429,12618.995291352683,10888.075208782879,138.80752087828787,0.0,12757.802812230972,15.46,0.68,0.0,0.0,5.0,0.6449628755448891
1194,5,train_0100,11919.72464581642,9833.295720543274,33.3295720543274,0.0,11953.054217870747,15.36,0.88,0.0,0.0,5.0,0.6449628755448891
1195,5,train_0209,11975.42431723838,10787.10535855847,128.71053585584704,0.0,12104.134853094227,16.22,0.66,0.0,0.0,5.0,0.6449628755448891
1196,5,train_0528,12632.746010057235,10143.692869766666,64.36928697666663,0.0,12697.115297033903,15.78,0.6,0.0,0.0,5.0,0.6449628755448891
1197,5,train_0101,12648.441443525084,10319.431373446356,81.94313734463559,0.0,12730.384580869719,17.48,0.62,0.0,0.0,5.0,0.6449628755448891
1198,5,train_0002,12350.269589702064,10392.44505545763,89.24450554576306,0.0,12439.514095247827,13.1,0.68,0.0,0.0,5.0,0.6449628755448891
1199,5,train_0128,12253.010691497118,9955.065085407257,45.50650854072574,0.0,12298.517200037844,13.32,0.7,0.0,0.0,5.0,0.6449628755448891
1200,5,train_0315,12700.967864625083,10782.126841809584,128.21268418095843,0.0,12829.180548806042,16.68,0.62,0.0,0.0,5.0,0.6449628755448891
1201,5,train_0014,12541.371304015853,10563.46474757797,106.34647475779694,0.0,12647.71777877365,16.76,0.76,0.0,0.0,5.0,0.6449628755448891
1202,5,train_0429,12820.588784113435,10465.325073448284,96.53250734482845,0.0,12917.121291458265,17.14,0.7,0.0,0.0,5.0,0.6449628755448891
1203,5,train_0576,12589.01550403018,9883.353358463426,38.33533584634261,0.0,12627.350839876523,15.96,0.78,0.0,0.0,5.0,0.6449628755448891
1204,5,train_0262,12698.082971267773,10316.676903303414,81.66769033034143,0.0,12779.750661598115,15.24,0.76,0.0,0.0,5.0,0.6449628755448891
1205,5,train_0570,12083.022759837266,10050.594121257178,55.05941212571779,0.0,12138.082171962984,14.74,0.68,0.0,0.0,5.0,0.6449628755448891
1206,5,train_0186,12229.593094711578,10597.909677253017,109.79096772530175,0.0,12339.384062436879,14.78,0.58,0.0,0.0,5.0,0.6449628755448891
1207,5,train_0152,12062.23690517915,10695.951930280993,119.59519302809932,0.0,12181.83209820725,14.08,0.68,0.0,0.0,5.0,0.6449628755448891
1208,5,train_0473,12218.681288773829,10252.703234049963,75.27032340499628,0.0,12293.951612178826,15.06,0.6,0.0,0.0,5.0,0.6449628755448891
1209,5,train_0419,12425.26319579454,10454.617022376562,95.46170223765621,0.0,12520.724898032197,16.66,0.72,0.0,0.0,5.0,0.6449628755448891
1210,5,train_0038,12480.705029331188,10498.166406817469,99.81664068174688,0.0,12580.521670012935,18.3,0.64,0.0,0.0,5.0,0.6449628755448891
1211,5,train_0027,12400.301329577467,10525.614972128016,102.56149721280163,0.0,12502.86282679027,14.76,0.58,0.0,0.0,5.0,0.6449628755448891
1212,5,train_0013,12235.739054317526,10258.042269196245,75.8042269196245,0.0,12311.543281237151,15.14,0.66,0.0,0.0,5.0,0.6449628755448891
1213,5,train_0209,12208.52181130653,10253.870988526602,75.38709885266017,0.0,12283.908910159189,15.92,0.66,0.0,0.0,5.0,0.6449628755448891
1214,5,train_0324,12705.710379911085,10098.168679685594,59.816867968559386,0.0,12765.527247879643,14.28,0.64,0.0,0.0,5.0,0.6449628755448891
1215,5,train_0405,12533.058862937172,10520.229697889097,102.02296978890973,0.0,12635.081832726082,15.14,0.68,0.0,0.0,5.0,0.6449628755448891
1216,6,train_0035,13052.649690472808,10804.443044544958,130.4443044544958,0.0,13183.093994927303,17.08,0.78,0.0,0.0,5.0,0.6449628755448891
1217,6,train_0136,12315.358817765162,10517.903447367855,101.79034473678549,0.0,12417.149162501948,18.36,0.66,0.0,0.0,5.0,0.6449628755448891
1218,6,train_0529,12239.083052844091,10765.144590376874,126.51445903768746,0.0,12365.597511881779,17.62,0.64,0.0,0.0,5.0,0.6449628755448891
1219,6,train_0203,12715.74279134149,10660.444222780012,116.04442227800119,0.0,12831.787213619491,14.2,0.74,0.0,0.0,5.0,0.6449628755448891
1220,6,train_0006,12394.088319380498,10020.726764604273,52.07267646042729,0.0,12446.160995840926,15.08,0.68,0.0,0.0,5.0,0.6449628755448891
1221,6,train_0078,12408.836826977473,10193.784372923074,69.37843729230735,0.0,12478.21526426978,15.7,0.76,0.0,0.0,5.0,0.6449628755448891
1222,6,train_0501,12386.398765539006,10353.627101143795,85.36271011437948,0.0,12471.761475653386,18.5,0.72,0.0,0.0,5.0,0.6449628755448891
1223,6,train_0090,12652.276093071723,10695.77343531488,119.57734353148808,0.0,12771.85343660321,13.56,0.68,0.0,0.0,5.0,0.6449628755448891
1224,6,train_0428,12975.379459364874,10241.010932403799,74.10109324037985,0.0,13049.480552605255,16.08,0.52,0.0,0.0,5.0,0.6449628755448891
1225,6,train_0003,12153.934580201127,10368.578116069628,86.8578116069628,0.0,12240.792391808089,16.44,0.58,0.0,0.0,5.0,0.6449628755448891
1226,6,train_0371,12389.041452337635,10313.218381405826,81.32183814058263,0.0,12470.363290478217,14.94,0.62,0.0,0.0,5.0,0.6449628755448891
1227,6,train_0203,12458.746406575283,10544.005902839031,104.40059028390316,0.0,12563.146996859186,13.84,0.64,0.0,0.0,5.0,0.6449628755448891
1228,6,train_0288,12069.631143168695,10046.854869857656,54.68548698576561,0.0,12124.31663015446,14.6,0.64,0.0,0.0,5.0,0.6449628755448891
1229,6,train_0255,12023.377766375046,10273.932209303377,77.3932209303377,0.0,12100.770987305385,15.34,0.74,0.0,0.0,5.0,0.6449628755448891
1230,6,train_0586,12292.52367213761,10473.092636831467,97.30926368314668,0.0,12389.832935820756,16.46,0.68,0.0,0.0,5.0,0.6449628755448891
1231,6,train_0253,12175.633344636957,10088.961351697071,58.89613516970712,0.0,12234.529479806664,16.44,0.66,0.0,0.0,5.0,0.6449628755448891
1232,6,train_0588,12066.172245233467,10336.762055704661,83.67620557046612,0.0,12149.848450803933,19.1,0.78,0.0,0.0,5.0,0.6449628755448891
1233,6,train_0170,12123.04192211683,9955.105226974345,45.5105226974345,0.0,12168.552444814264,16.5,0.66,0.0,0.0,5.0,0.6449628755448891
1234,6,train_0419,12394.139931530672,10283.937101837977,78.39371018379771,0.0,12472.53364171447,15.5,0.58,0.0,0.0,5.0,0.6449628755448891
1235,6,train_0319,12184.983910662206,10853.230311495736,135.32303114957358,0.0,12320.30694181178,15.12,0.62,0.0,0.0,5.0,0.6449628755448891
1236,6,train_0330,12032.105943112949,9932.709363969516,43.27093639695158,0.0,12075.3768795099,16.16,0.6,0.0,0.0,5.0,0.6449628755448891
1237,6,train_0015,12397.564886938238,10304.011222674988,80.4011222674988,0.0,12477.966009205737,16.64,0.72,0.0,0.0,5.0,0.6449628755448891
1238,6,train_0106,12763.864830774743,10622.327069006455,112.23270690064547,0.0,12876.097537675389,17.42,0.76,0.0,0.0,5.0,0.6449628755448891
1239,6,train_0243,12393.613910750058,10584.87838232905,108.48783823290506,0.0,12502.101748982963,17.0,0.54,0.0,0.0,5.0,0.6449628755448891
1240,6,train_0217,12348.273021924104,10586.542669934319,108.65426699343189,0.0,12456.927288917535,17.74,0.6,0.0,0.0,5.0,0.6449628755448891
1241,6,train_0367,12172.644041376334,10446.810252753734,94.6810252753734,0.0,12267.325066651707,15.42,0.68,0.0,0.0,5.0,0.6449628755448891
1242,6,train_0008,12175.14437109956,10632.98423323355,113.29842332335502,0.0,12288.442794422916,14.38,0.7,0.0,0.0,5.0,0.6449628755448891
1243,6,train_0458,12805.975787253246,10657.563615731913,115.75636157319133,0.0,12921.732148826437,14.56,0.72,0.0,0.0,5.0,0.6449628755448891
1244,6,train_0056,11635.38337918268,10100.221100747978,60.02211007479782,0.0,11695.405489257479,16.4,0.7,0.0,0.0,5.0,0.6449628755448891
1245,6,train_0595,12165.78939701794,10008.2978717626,50.82978717625993,0.0,12216.6191841942,14.4,0.7,0.0,0.0,5.0,0.6449628755448891
1246,6,train_0130,12489.225667062663,10074.019241080463,57.4019241080463,0.0,12546.627591170709,15.18,0.62,0.0,0.0,5.0,0.6449628755448891
1247,6,train_0263,12082.769452435394,10145.02665216662,64.502665216662,0.0,12147.272117652055,15.6,0.62,0.0,0.0,5.0,0.6449628755448891
1248,6,train_0239,12171.993322619028,10599.327666912379,109.93276669123789,0.0,12281.926089310266,15.28,0.7,0.0,0.0,5.0,0.6449628755448891
1249,6,train_0564,12456.827166148303,10405.449298354913,90.54492983549136,0.0,12547.372095983794,16.3,0.6,0.0,0.0,5.0,0.6449628755448891
1250,6,train_0551,12042.118471142594,10339.411203869264,83.94112038692639,0.0,12126.05959152952,15.82,0.68,0.0,0.0,5.0,0.6449628755448891
1251,6,train_0549,12380.355248743746,10540.463980380266,104.04639803802657,0.0,12484.401646781773,16.0,0.76,0.0,0.0,5.0,0.6449628755448891
1252,6,train_0471,12474.784450031235,10569.28139519858,106.92813951985809,0.0,12581.712589551093,15.28,0.72,0.0,0.0,5.0,0.6449628755448891
1253,6,train_0083,12024.234410165525,10209.916820576078,70.9916820576078,0.0,12095.226092223133,13.36,0.74,0.0,0.0,5.0,0.6449628755448891
1254,6,train_0163,12373.017188054924,11017.697301879642,151.76973018796417,0.0,12524.786918242888,15.34,0.58,0.0,0.0,5.0,0.6449628755448891
1255,6,train_0300,12118.700566183205,10484.528071862725,98.45280718627255,0.0,12217.153373369478,15.54,0.68,0.0,0.0,5.0,0.6449628755448891
1256,6,train_0338,12468.545400041832,10311.568110250755,81.15681102507551,0.0,12549.702211066908,15.78,0.78,0.0,0.0,5.0,0.6449628755448891
1257,6,train_0134,12631.050974167723,10651.320716669965,115.1320716669965,0.0,12746.18304583472,14.76,0.7,0.0,0.0,5.0,0.6449628755448891
1258,6,train_0461,12263.215423022968,10053.372010566583,55.337201056658344,0.0,12318.552624079626,14.04,0.78,0.0,0.0,5.0,0.6449628755448891
1259,6,train_0475,12201.86788007284,10324.352277830345,82.4352277830345,0.0,12284.303107855874,15.24,0.72,0.0,0.0,5.0,0.6449628755448891
1260,6,train_0435,11790.310651136784,10402.759079482797,90.27590794827975,0.0,11880.586559085064,16.3,0.8,0.0,0.0,5.0,0.6449628755448891
1261,6,train_0441,12468.843867235504,10445.716215945475,94.57162159454748,0.0,12563.41548883005,16.36,0.74,0.0,0.0,5.0,0.6449628755448891
1262,6,train_0508,12785.004319780292,10654.836350004989,115.48363500049891,0.0,12900.48795478079,14.68,0.78,0.0,0.0,5.0,0.6449628755448891
1263,6,train_0584,12384.065552128988,9860.404106178235,36.04041061782355,0.0,12420.105962746811,14.52,0.54,0.0,0.0,5.0,0.6449628755448891
1264,6,train_0264,12329.408054933647,9987.90385812997,48.790385812997016,0.0,12378.198440746644,15.02,0.76,0.0,0.0,5.0,0.6449628755448891
1265,6,train_0035,12769.328102309091,11109.114988985988,160.9114988985988,0.0,12930.23960120769,17.54,0.64,0.0,0.0,5.0,0.6449628755448891
1266,6,train_0565,12339.59949108978,11095.012282246596,159.50122822465966,0.0,12499.10071931444,15.08,0.74,0.0,0.0,5.0,0.6449628755448891
1267,6,train_0259,12563.65082548614,10651.824811304254,115.18248113042537,0.0,12678.833306616565,14.22,0.68,0.0,0.0,5.0,0.6449628755448891
1268,6,train_0300,12153.18703431834,10022.836390990527,52.28363909905275,0.0,12205.470673417392,15.58,0.68,0.0,0.0,5.0,0.6449628755448891
1269,6,train_0218,12683.410722387585,10345.3328576692,84.53328576692002,0.0,12767.944008154505,16.44,0.54,0.0,0.0,5.0,0.6449628755448891
1270,6,train_0449,12494.841668512388,10438.309857310367,93.83098573103672,0.0,12588.672654243424,17.26,0.64,0.0,0.0,5.0,0.6449628755448891
1271,6,train_0393,12560.84172481576,10798.549363093285,129.8549363093285,0.0,12690.696661125088,13.0,0.76,0.0,0.0,5.0,0.6449628755448891
1272,6,train_0086,11811.021467979263,9933.729833319296,43.372983331929575,0.0,11854.394451311193,16.86,0.64,0.0,0.0,5.0,0.6449628755448891
1273,6,train_0318,12508.609717660924,10232.429430448106,73.24294304481064,0.0,12581.852660705734,17.32,0.62,0.0,0.0,5.0,0.6449628755448891
1274,6,train_0409,12697.064492057594,10864.69455212942,136.46945521294202,0.0,12833.533947270536,19.24,0.7,0.0,0.0,5.0,0.6449628755448891
1275,6,train_0342,12082.07715069134,10489.211278165261,98.92112781652614,0.0,12180.998278507866,18.74,0.68,0.0,0.0,5.0,0.6449628755448891
1276,6,train_0310,12057.982388408105,9932.209707775139,43.22097077751387,0.0,12101.20335918562,14.0,0.6,0.0,0.0,5.0,0.6449628755448891
1277,6,train_0085,12601.211753688887,10138.331918985465,63.83319189854647,0.0,12665.044945587433,14.2,0.7,0.0,0.0,5.0,0.6449628755448891
1278,6,train_0196,12299.568635677046,10061.29383153703,56.129383153703024,0.0,12355.698018830748,15.78,0.74,0.0,0.0,5.0,0.6449628755448891
1279,6,train_0564,12201.391166356727,10535.562188338045,103.55621883380445,0.0,12304.947385190531,17.18,0.56,0.0,0.0,5.0,0.6449628755448891
1280,6,train_0433,12192.129552582775,10477.246642196913,97.7246642196913,0.0,12289.854216802467,14.62,0.64,0.0,0.0,5.0,0.6449628755448891
1281,6,train_0194,12329.955669429834,10554.212625709262,105.42126257092623,0.0,12435.37693200076,16.7,0.66,0.0,0.0,5.0,0.6449628755448891
1282,6,train_0230,12221.247494981333,10416.07389493634,91.60738949363405,0.0,12312.854884474968,16.38,0.64,0.0,0.0,5.0,0.6449628755448891
1283,6,train_0235,12133.827509550334,10819.993226278933,131.99932262789335,0.0,12265.826832178227,14.6,0.66,0.0,0.0,5.0,0.6449628755448891
1284,6,train_0139,12029.055403183169,10464.20955223486,96.42095522348609,0.0,12125.476358406655,14.8,0.64,0.0,0.0,5.0,0.6449628755448891
1285,6,train_0137,12224.608334860823,10335.986719203123,83.59867192031234,0.0,12308.207006781135,16.36,0.68,0.0,0.0,5.0,0.6449628755448891
1286,6,train_0112,12423.878075094446,10442.827746119197,94.28277461191975,0.0,12518.160849706366,16.4,0.7,0.0,0.0,5.0,0.6449628755448891
1287,6,train_0182,12655.663958184716,10718.238937187092,121.82389371870923,0.0,12777.487851903425,14.28,0.64,0.0,0.0,5.0,0.6449628755448891
1288,6,train_0121,12173.114838435686,10445.321789373342,94.53217893733418,0.0,12267.64701737302,15.16,0.54,0.0,0.0,5.0,0.6449628755448891
1289,6,train_0227,12303.452080325922,10733.625997871557,123.36259978715572,0.0,12426.814680113077,16.3,0.74,0.0,0.0,5.0,0.6449628755448891
1290,6,train_0289,12537.938974061606,11025.361080379698,152.53610803796983,0.0,12690.475082099576,16.64,0.74,0.0,0.0,5.0,0.6449628755448891
1291,6,train_0156,12262.41300312275,10247.775506524875,74.77755065248748,0.0,12337.190553775237,15.38,0.62,0.0,0.0,5.0,0.6449628755448891
1292,6,train_0543,12601.559385339995,10647.67090331121,114.76709033112093,0.0,12716.326475671116,14.16,0.68,0.0,0.0,5.0,0.6449628755448891
1293,6,train_0272,12402.032219564891,10377.170073829797,87.71700738297969,0.0,12489.749226947872,16.06,0.6,0.0,0.0,5.0,0.6449628755448891
1294,6,train_0364,12205.178222185716,10361.559167497358,86.15591674973585,0.0,12291.334138935452,18.02,0.66,0.0,0.0,5.0,0.6449628755448891
1295,6,train_0499,12023.839447758513,10218.939956967048,71.89399569670478,0.0,12095.733443455218,17.0,0.72,0.0,0.0,5.0,0.6449628755448891
1296,6,train_0133,12434.295298291145,10653.792094372518,115.37920943725186,0.0,12549.674507728396,15.88,0.64,0.0,0.0,5.0,0.6449628755448891
1297,6,train_0506,12021.864736615902,10305.97831315497,80.59783131549703,0.0,12102.4625679314,16.18,0.7,0.0,0.0,5.0,0.6449628755448891
1298,6,train_0583,12606.466845683663,10175.04875561406,67.50487556140597,0.0,12673.971721245069,16.86,0.74,0.0,0.0,5.0,0.6449628755448891
1299,6,train_0367,12143.034234091581,10440.215517183158,94.02155171831583,0.0,12237.055785809896,14.34,0.64,0.0,0.0,5.0,0.6449628755448891
1300,6,train_0389,12059.420432371597,10308.778411719946,80.87784117199463,0.0,12140.29827354359,16.3,0.62,0.0,0.0,5.0,0.6449628755448891
1301,6,train_0331,12247.627321245,10186.025780512835,68.60257805128349,0.0,12316.229899296282,15.7,0.66,0.0,0.0,5.0,0.6449628755448891
1302,6,train_0207,11871.57658057889,10234.428967048229,73.44289670482286,0.0,11945.019477283713,14.7,0.7,0.0,0.0,5.0,0.6449628755448891
1303,6,train_0361,12532.001811651793,10556.758068923831,105.67580689238312,0.0,12637.677618544176,14.92,0.54,0.0,0.0,5.0,0.6449628755448891
1304,6,train_0244,12436.800303969872,10467.084870223702,96.70848702237018,0.0,12533.508790992242,15.44,0.6,0.0,0.0,5.0,0.6449628755448891
1305,6,train_0302,12361.856948987177,10547.78479287133,104.7784792871331,0.0,12466.63542827431,16.06,0.78,0.0,0.0,5.0,0.6449628755448891
1306,6,train_0085,12571.561480420665,10214.704656327347,71.4704656327347,0.0,12643.0319460534,14.72,0.66,0.0,0.0,5.0,0.6449628755448891
1307,6,train_0042,12553.46711837724,10323.135132113108,82.31351321131079,0.0,12635.780631588552,15.78,0.62,0.0,0.0,5.0,0.6449628755448891
1308,6,train_0260,12260.243093631936,10119.51963043548,61.95196304354795,0.0,12322.195056675484,16.88,0.54,0.0,0.0,5.0,0.6449628755448891
1309,6,train_0061,12035.730641414319,10344.945061742255,84.49450617422553,0.0,12120.225147588544,15.06,0.64,0.0,0.0,5.0,0.6449628755448891
1310,6,train_0499,11976.09667722759,10282.626955929412,78.26269559294124,0.0,12054.35937282053,17.06,0.64,0.0,0.0,5.0,0.6449628755448891
1311,6,train_0287,12473.037813715753,10439.494449047777,93.94944490477775,0.0,12566.987258620531,15.62,0.52,0.0,0.0,5.0,0.6449628755448891
1312,6,train_0599,12104.04326621093,10154.904314662968,65.49043146629684,0.0,12169.533697677227,17.12,0.72,0.0,0.0,5.0,0.6449628755448891
1313,6,train_0044,12681.953569924963,10618.758654111469,111.87586541114689,0.0,12793.829435336109,16.46,0.68,0.0,0.0,5.0,0.6449628755448891
1314,6,train_0045,12072.758186675312,10623.383504913309,112.33835049133086,0.0,12185.096537166643,14.48,0.74,0.0,0.0,5.0,0.6449628755448891
1315,6,train_0077,12307.677948115273,10316.463040521157,81.64630405211574,0.0,12389.32425216739,15.58,0.66,0.0,0.0,5.0,0.6449628755448891
1316,6,train_0202,12091.687519553496,10672.927736816535,117.2927736816535,0.0,12208.980293235149,15.18,0.58,0.0,0.0,5.0,0.6449628755448891
1317,6,train_0375,12405.254635604857,10602.002171624947,110.20021716249467,0.0,12515.454852767352,15.5,0.64,0.0,0.0,5.0,0.6449628755448891
1318,6,train_0217,12542.685415146238,10431.328167920774,93.13281679207739,0.0,12635.818231938316,16.98,0.56,0.0,0.0,5.0,0.6449628755448891
1319,6,train_0567,12821.795731128666,11090.883527959442,159.08835279594425,0.0,12980.884083924611,16.12,0.6,0.0,0.0,5.0,0.6449628755448891
1320,6,train_0594,12052.089413155461,9912.022792859221,41.202279285922124,0.0,12093.291692441384,16.36,0.7,0.0,0.0,5.0,0.6449628755448891
1321,6,train_0020,12781.124565689455,10549.05997820943,104.90599782094306,0.0,12886.030563510398,14.8,0.62,0.0,0.0,5.0,0.6449628755448891
1322,6,train_0387,11908.820155587518,10162.966875377422,66.29668753774222,0.0,11975.11684312526,15.78,0.62,0.0,0.0,5.0,0.6449628755448891
1323,6,train_0361,12154.54065422696,10949.179320248666,144.91793202486662,0.0,12299.458586251825,16.08,0.8,0.0,0.0,5.0,0.6449628755448891
1324,6,train_0515,12336.767745056633,10520.185119058528,102.01851190585276,0.0,12438.786256962487,14.98,0.66,0.0,0.0,5.0,0.6449628755448891
1325,6,train_0271,12078.653394624831,10225.112409071215,72.51124090712146,0.0,12151.164635531952,15.86,0.7,0.0,0.0,5.0,0.6449628755448891
1326,6,train_0053,12287.087378017568,10484.96148249033,98.49614824903293,0.0,12385.5835262666,16.38,0.6,0.0,0.0,5.0,0.6449628755448891
1327,6,train_0023,12328.016595083682,10003.654546742826,50.365454674282596,0.0,12378.382049757964,14.3,0.64,0.0,0.0,5.0,0.6449628755448891
1328,6,train_0098,12478.380399097374,10038.016103641974,53.80161036419741,0.0,12532.18200946157,13.68,0.56,0.0,0.0,5.0,0.6449628755448891
1329,6,train_0468,11928.0250501031,10268.088314204368,76.80883142043677,0.0,12004.833881523537,14.4,0.8,0.0,0.0,5.0,0.6449628755448891
1330,6,train_0054,12302.74641006155,10428.981442337688,92.89814423376885,0.0,12395.644554295319,14.2,0.68,0.0,0.0,5.0,0.6449628755448891
1331,6,train_0422,12549.669910993958,10498.918775320031,99.89187753200314,0.0,12649.561788525962,14.88,0.62,0.0,0.0,5.0,0.6449628755448891
1332,6,train_0074,12730.94630636465,10253.379320047425,75.33793200474247,0.0,12806.284238369393,15.48,0.62,0.0,0.0,5.0,0.6449628755448891
1333,6,train_0560,12087.602323469502,10774.685818073383,127.46858180733835,0.0,12215.07090527684,18.06,0.7,0.0,0.0,5.0,0.6449628755448891
1334,6,train_0069,12092.215304881945,10441.69530724865,94.16953072486504,0.0,12186.38483560681,16.94,0.64,0.0,0.0,5.0,0.6449628755448891
1335,6,train_0398,11872.75030552638,9881.783761300678,38.178376130067775,0.0,11910.928681656449,14.22,0.64,0.0,0.0,5.0,0.6449628755448891
1336,6,train_0009,12392.303269192325,10489.619061658326,98.96190616583263,0.0,12491.265175358158,16.46,0.64,0.0,0.0,5.0,0.6449628755448891
1337,6,train_0429,12329.583275313063,11086.203357458064,158.6203357458064,0.0,12488.20361105887,15.34,0.8,0.0,0.0,5.0,0.6449628755448891
1338,6,train_0040,12660.04603948807,10232.906564358876,73.29065643588766,0.0,12733.336695923957,16.94,0.64,0.0,0.0,5.0,0.6449628755448891
1339,6,train_0216,12213.425861952515,10262.150104451468,76.2150104451468,0.0,12289.640872397662,17.24,0.7,0.0,0.0,5.0,0.6449628755448891
1340,6,train_0513,12328.556980342375,10226.19701880252,72.61970188025207,0.0,12401.176682222627,16.06,0.7,0.0,0.0,5.0,0.6449628755448891
1341,6,train_0347,12311.631913901376,10456.403226580409,95.6403226580409,0.0,12407.272236559416,15.88,0.72,0.0,0.0,5.0,0.6449628755448891
1342,6,train_0204,12738.452944283388,10354.360759249763,85.4360759249763,0.0,12823.889020208364,16.68,0.76,0.0,0.0,5.0,0.6449628755448891
1343,6,train_0372,12489.348175648895,10700.133029060838,120.01330290608385,0.0,12609.361478554978,16.4,0.74,0.0,0.0,5.0,0.6449628755448891
1344,6,train_0371,12321.678648174684,10205.429167983593,70.54291679835933,0.0,12392.221564973042,16.16,0.7,0.0,0.0,5.0,0.6449628755448891
1345,6,train_0069,12106.075402070008,10389.216209149865,88.92162091498649,0.0,12194.997022984995,17.32,0.68,0.0,0.0,5.0,0.6449628755448891
1346,6,train_0283,12547.454643530567,10440.838049068534,94.0838049068534,0.0,12641.53844843742,15.78,0.56,0.0,0.0,5.0,0.6449628755448891
1347,6,train_0119,12060.23868767731,10376.877509880798,87.68775098807983,0.0,12147.92643866539,15.06,0.7,0.0,0.0,5.0,0.6449628755448891
1348,6,train_0287,12273.939252572243,10378.534156440637,87.85341564406372,0.0,12361.792668216307,14.78,0.54,0.0,0.0,5.0,0.6449628755448891
1349,6,train_0141,12565.632985927625,10589.103652856089,108.9103652856089,0.0,12674.543351213233,14.64,0.66,0.0,0.0,5.0,0.6449628755448891
1350,6,train_0153,12191.145481452611,10685.56183323581,118.556183323581,0.0,12309.701664776192,17.0,0.5,0.0,0.0,5.0,0.6449628755448891
1351,6,train_0365,12391.88974063177,10946.939402972072,144.69394029720715,0.0,12536.583680928978,16.3,0.7,0.0,0.0,5.0,0.6449628755448891
1352,6,train_0280,12287.365934449916,10706.480950000758,120.64809500007578,0.0,12408.01402944999,17.4,0.62,0.0,0.0,5.0,0.6449628755448891
1353,6,train_0325,11955.517206862738,10524.015130147149,102.40151301471488,0.0,12057.918719877453,14.02,0.66,0.0,0.0,5.0,0.6449628755448891
1354,6,train_0072,12418.18025385741,10580.600911155507,108.06009111555068,0.0,12526.24034497296,15.14,0.7,0.0,0.0,5.0,0.6449628755448891
1355,6,train_0193,12494.462214353953,10505.150812962875,100.51508129628746,0.0,12594.97729565024,14.46,0.64,0.0,0.0,5.0,0.6449628755448891
1356,6,train_0201,12095.454543518801,10584.15000672297,108.415000672297,0.0,12203.869544191099,17.72,0.62,0.0,0.0,5.0,0.6449628755448891
1357,6,train_0473,11914.019374182073,10568.30013460733,106.83001346073307,0.0,12020.849387642806,17.06,0.66,0.0,0.0,5.0,0.6449628755448891
1358,6,train_0221,12214.461798301068,10413.744439034232,91.37444390342317,0.0,12305.836242204492,16.08,0.68,0.0,0.0,5.0,0.6449628755448891
1359,6,train_0415,12644.554287672261,10999.819786233325,149.98197862333254,0.0,12794.536266295594,14.6,0.78,0.0,0.0,5.0,0.6449628755448891
1360,6,train_0515,12235.28700633602,10615.55826556779,111.555826556779,0.0,12346.8428328928,16.9,0.6,0.0,0.0,5.0,0.6449628755448891
1361,6,train_0083,12029.631685207049,10348.731597627384,84.8731597627384,0.0,12114.504844969786,16.48,0.72,0.0,0.0,5.0,0.6449628755448891
1362,6,train_0050,12399.145349004235,10071.759366287853,57.17593662878535,0.0,12456.321285633021,15.4,0.7,0.0,0.0,5.0,0.6449628755448891
1363,6,train_0473,12078.937914304794,10555.230099926324,105.52300999263244,0.0,12184.460924297426,17.76,0.74,0.0,0.0,5.0,0.6449628755448891
1364,6,train_0186,12254.262081035346,10479.398060414613,97.93980604146128,0.0,12352.201887076806,14.72,0.7,0.0,0.0,5.0,0.6449628755448891
1365,6,train_0185,12171.320889314273,10408.646884374208,90.86468843742078,0.0,12262.185577751694,15.1,0.62,0.0,0.0,5.0,0.6449628755448891
1366,6,train_0599,12284.923189179337,9996.385951408232,49.63859514082324,0.0,12334.56178432016,17.12,0.66,0.0,0.0,5.0,0.6449628755448891
1367,6,train_0279,12270.615751793379,10510.276429927231,101.02764299272313,0.0,12371.643394786102,17.44,0.64,0.0,0.0,5.0,0.6449628755448891
1368,6,train_0370,12521.074854965738,10604.443532895733,110.44435328957334,0.0,12631.519208255311,16.12,0.68,0.0,0.0,5.0,0.6449628755448891
1369,6,train_0109,12431.326970092607,10468.767778769172,96.87677787691719,0.0,12528.203747969525,16.84,0.64,0.0,0.0,5.0,0.6449628755448891
1370,6,train_0153,12315.616479183727,10452.69233877938,95.26923387793795,0.0,12410.885713061665,15.6,0.78,0.0,0.0,5.0,0.6449628755448891
1371,6,train_0241,12071.953968232074,10435.400262582842,93.54002625828417,0.0,12165.493994490358,14.36,0.58,0.0,0.0,5.0,0.6449628755448891
1372,6,train_0012,12723.96882539347,10732.559816816538,123.2559816816538,0.0,12847.224807075123,16.26,0.66,0.0,0.0,5.0,0.6449628755448891
1373,6,train_0137,12262.196786387383,10067.706390140615,56.77063901406146,0.0,12318.967425401444,16.48,0.7,0.0,0.0,5.0,0.6449628755448891
1374,6,train_0592,12182.159033779128,10623.18013748757,112.31801374875704,0.0,12294.477047527886,15.64,0.56,0.0,0.0,5.0,0.6449628755448891
1375,6,train_0440,13014.218462811805,10954.224493842936,145.42244938429357,0.0,13159.640912196099,16.9,0.68,0.0,0.0,5.0,0.6449628755448891
1376,6,train_0351,12416.460206006825,10623.741538721213,112.37415387212133,0.0,12528.834359878945,17.28,0.64,0.0,0.0,5.0,0.6449628755448891
1377,6,train_0352,12071.582007170584,10043.747299461738,54.37472994617383,0.0,12125.956737116758,16.8,0.68,0.0,0.0,5.0,0.6449628755448891
1378,6,train_0201,12026.930801579489,10424.291113886358,92.42911138863583,0.0,12119.359912968124,18.56,0.66,0.0,0.0,5.0,0.6449628755448891
1379,6,train_0528,12149.981186530908,10473.305628314198,97.33056283141978,0.0,12247.311749362327,14.72,0.74,0.0,0.0,5.0,0.6449628755448891
1380,6,train_0279,12301.690070917306,10315.905473909777,81.59054739097775,0.0,12383.280618308283,17.58,0.72,0.0,0.0,5.0,0.6449628755448891
1381,6,train_0094,11752.645797270896,10129.831572834679,62.98315728346788,0.0,11815.628954554364,15.86,0.72,0.0,0.0,5.0,0.6449628755448891
1382,6,train_0034,12149.186585793797,10484.799866320473,98.47998663204726,0.0,12247.666572425846,15.68,0.56,0.0,0.0,5.0,0.6449628755448891
1383,6,train_0344,12268.678793791683,10411.502050282794,91.15020502827939,0.0,12359.828998819963,15.86,0.68,0.0,0.0,5.0,0.6449628755448891
1384,6,train_0072,12441.240352279812,10559.71310922725,105.97131092272502,0.0,12547.211663202537,15.6,0.72,0.0,0.0,5.0,0.6449628755448891
1385,6,train_0283,12472.875908239695,10484.04450200524,98.40445020052394,0.0,12571.280358440219,15.02,0.72,0.0,0.0,5.0,0.6449628755448891
1386,6,train_0504,12456.684493095847,10322.011243164088,82.20112431640882,0.0,12538.885617412256,14.68,0.74,0.0,0.0,5.0,0.6449628755448891
1387,6,train_0285,12377.889434749482,10212.008888803895,71.20088888038954,0.0,12449.090323629873,13.44,0.78,0.0,0.0,5.0,0.6449628755448891
1388,6,train_0360,12277.316346752315,10216.912401163165,71.69124011631648,0.0,12349.007586868633,15.1,0.74,0.0,0.0,5.0,0.6449628755448891
1389,6,train_0453,12440.242006409353,10201.611380353814,70.16113803538137,0.0,12510.403144444734,15.0,0.7,0.0,0.0,5.0,0.6449628755448891
1390,6,train_0247,12300.331807483577,10870.516179834194,137.05161798341942,0.0,12437.383425466996,16.34,0.72,0.0,0.0,5.0,0.6449628755448891
1391,6,train_0248,12312.76389147349,10344.006853488576,84.40068534885759,0.0,12397.164576822348,14.98,0.6,0.0,0.0,5.0,0.6449628755448891
1392,6,train_0046,12029.25013815923,10319.725274602491,81.97252746024915,0.0,12111.22266561948,16.58,0.6,0.0,0.0,5.0,0.6449628755448891
1393,6,train_0417,12043.243710480267,10334.162158321242,83.41621583212418,0.0,12126.65992631239,14.84,0.58,0.0,0.0,5.0,0.6449628755448891
1394,6,train_0009,12198.275266161505,10346.485791634374,84.64857916343736,0.0,12282.923845324942,14.8,0.7,0.0,0.0,5.0,0.6449628755448891
1395,6,train_0167,12173.400930624006,10117.804168377967,61.78041683779666,0.0,12235.181347461803,15.48,0.6,0.0,0.0,5.0,0.6449628755448891
1396,6,train_0163,12869.528110382216,10287.97940406934,78.79794040693396,0.0,12948.32605078915,14.76,0.66,0.0,0.0,5.0,0.6449628755448891
1397,6,train_0076,12398.264280990103,10323.545297182642,82.35452971826417,0.0,12480.618810708367,15.62,0.66,0.0,0.0,5.0,0.6449628755448891
1398,6,train_0454,12441.34819438741,10895.202841901468,139.52028419014678,0.0,12580.868478577557,16.64,0.7,0.0,0.0,5.0,0.6449628755448891
1399,6,train_0475,12055.396737956364,10026.121791143247,52.61217911432468,0.0,12108.008917070689,14.76,0.78,0.0,0.0,5.0,0.6449628755448891
1400,6,train_0076,11922.493370215288,10420.558158103137,92.05581581031366,0.0,12014.549186025602,15.56,0.68,0.0,0.0,5.0,0.6449628755448891
1401,6,train_0315,12797.818902452967,10554.712519815635,105.47125198156355,0.0,12903.290154434531,17.52,0.7,0.0,0.0,5.0,0.6449628755448891
1402,6,train_0143,12157.324290450273,10785.339855671296,128.53398556712963,0.0,12285.858276017403,15.16,0.72,0.0,0.0,5.0,0.6449628755448891
1403,6,train_0148,12374.275183494377,10427.125785640597,92.71257856405974,0.0,12466.987762058438,17.84,0.76,0.0,0.0,5.0,0.6449628755448891
1404,6,train_0093,12031.963940416279,10097.260363868045,59.72603638680448,0.0,12091.689976803083,18.6,0.68,0.0,0.0,5.0,0.6449628755448891
1405,6,train_0271,12040.462105951625,10444.252952161109,94.42529521611087,0.0,12134.887401167736,15.76,0.88,0.0,0.0,5.0,0.6449628755448891
1406,6,train_0578,12346.06526895969,10088.966868799796,58.89668687997965,0.0,12404.96195583967,17.96,0.62,0.0,0.0,5.0,0.6449628755448891
1407,6,train_0379,12854.639020498227,11030.08930791718,153.00893079171803,0.0,13007.647951289946,14.24,0.68,0.0,0.0,5.0,0.6449628755448891
1408,6,train_0003,12248.842713494945,10078.86652270459,57.886652270458946,0.0,12306.729365765405,15.56,0.62,0.0,0.0,5.0,0.6449628755448891
1409,6,train_0148,12305.13988477764,10616.172717036021,111.6172717036021,0.0,12416.757156481242,17.6,0.68,0.0,0.0,5.0,0.6449628755448891
1410,6,train_0181,11437.518364409412,9956.405374731308,45.64053747313083,0.0,11483.158901882543,17.64,0.66,0.0,0.0,5.0,0.6449628755448891
1411,6,train_0108,12707.32849753969,10059.253182716753,55.925318271675316,0.0,12763.253815811364,18.78,0.6,0.0,0.0,5.0,0.6449628755448891
1412,6,train_0100,11972.238078010432,10097.329003189107,59.73290031891065,0.0,12031.970978329344,14.64,0.74,0.0,0.0,5.0,0.6449628755448891
1413,6,train_0594,11892.214853686952,10445.190851792355,94.51908517923549,0.0,11986.733938866188,16.36,0.58,0.0,0.0,5.0,0.6449628755448891
1414,6,train_0396,12150.824900195019,10631.478261061899,113.14782610618987,0.0,12263.972726301208,13.96,0.6,0.0,0.0,5.0,0.6449628755448891
1415,6,train_0110,12299.689004557844,10530.536672978922,103.05366729789222,0.0,12402.742671855736,19.06,0.54,0.0,0.0,5.0,0.6449628755448891
1416,6,train_0310,12108.979950521834,10228.00679622826,72.80067962282592,0.0,12181.78063014466,14.86,0.74,0.0,0.0,5.0,0.6449628755448891
1417,6,train_0200,12210.00647729713,10541.566539586103,104.15665395861033,0.0,12314.16313125574,15.7,0.68,0.0,0.0,5.0,0.6449628755448891
1418,6,train_0198,11965.363255521519,9631.525891297408,13.152589129740774,0.0,11978.51584465126,15.9,0.62,0.0,0.0,5.0,0.6449628755448891
1419,6,train_0239,12554.686536221889,10470.795988609552,97.07959886095523,0.0,12651.766135082844,14.48,0.56,0.0,0.0,5.0,0.6449628755448891
1420,6,train_0562,12490.874460688165,10617.057641071844,111.70576410718441,0.0,12602.580224795349,16.42,0.74,0.0,0.0,5.0,0.6449628755448891
1421,6,train_0516,12476.975361387476,10685.134058331772,118.51340583317725,0.0,12595.488767220653,14.34,0.58,0.0,0.0,5.0,0.6449628755448891
1422,6,train_0329,12473.79550235864,10208.925864596406,70.89258645964055,0.0,12544.68808881828,17.52,0.68,0.0,0.0,5.0,0.6449628755448891
1423,6,train_0166,12110.661738003202,10186.869864249216,68.68698642492164,0.0,12179.348724428124,15.54,0.58,0.0,0.0,5.0,0.6449628755448891
1424,7,train_0528,12452.126900970157,10186.187474498194,68.61874744981942,0.0,12520.745648419977,16.38,0.6,0.0,0.0,5.0,0.6449628755448891
1425,7,train_0132,12194.921346819254,10496.175294856792,99.6175294856792,0.0,12294.538876304932,18.24,0.54,0.0,0.0,5.0,0.6449628755448891
1426,7,train_0017,12568.39945630194,10194.039153730544,69.4039153730544,0.0,12637.803371674994,14.66,0.6,0.0,0.0,5.0,0.6449628755448891
1427,7,train_0076,12326.589946332853,10455.958894826055,95.59588948260553,0.0,12422.185835815459,15.82,0.66,0.0,0.0,5.0,0.6449628755448891
1428,7,train_0317,11943.090252052949,10465.903277526511,96.59032775265115,0.0,12039.6805798056,16.08,0.58,0.0,0.0,5.0,0.6449628755448891
1429,7,train_0456,12206.193645587817,10514.256342643024,101.42563426430243,0.0,12307.619279852119,15.4,0.68,0.0,0.0,5.0,0.6449628755448891
1430,7,train_0137,12221.412137901123,10297.688067426621,79.76880674266214,0.0,12301.180944643786,17.8,0.64,0.0,0.0,5.0,0.6449628755448891
1431,7,train_0339,12634.773977428606,10401.603623766245,90.16036237662448,0.0,12724.93433980523,16.4,0.7,0.0,0.0,5.0,0.6449628755448891
1432,7,train_0170,12235.182452764473,10059.496376750896,55.94963767508962,0.0,12291.132090439563,17.04,0.7,0.0,0.0,5.0,0.6449628755448891
1433,7,train_0056,11759.981062630595,9887.955539741139,38.795553974113865,0.0,11798.77661660471,15.24,0.7,0.0,0.0,5.0,0.6449628755448891
1434,7,train_0385,12809.005039386298,10569.032295242174,106.9032295242174,0.0,12915.908268910516,17.48,0.62,0.0,0.0,5.0,0.6449628755448891
1435,7,train_0272,12489.558566216694,10591.622811784113,109.16228117841129,0.0,12598.720847395105,14.18,0.66,0.0,0.0,5.0,0.6449628755448891
1436,7,train_0223,11971.948436399873,10360.2025805256,86.02025805256,0.0,12057.968694452433,15.96,0.64,0.0,0.0,5.0,0.6449628755448891
1437,7,train_0593,12406.323578761472,10211.92282824424,71.192282824424,0.0,12477.515861585896,13.7,0.68,0.0,0.0,5.0,0.6449628755448891
1438,7,train_0577,12825.78333894276,10936.141072491631,143.61410724916314,0.0,12969.397446191922,16.6,0.68,0.0,0.0,5.0,0.6449628755448891
1439,7,train_0553,11790.028642437039,10022.652546608182,52.265254660818215,0.0,11842.293897097858,16.28,0.74,0.0,0.0,5.0,0.6449628755448891
1440,7,train_0120,12072.461441309204,10199.476998557097,69.94769985570966,0.0,12142.409141164913,16.02,0.66,0.0,0.0,5.0,0.6449628755448891
1441,7,train_0337,12224.25774100898,10070.798498553562,57.07984985535623,0.0,12281.337590864336,17.68,0.62,0.0,0.0,5.0,0.6449628755448891
1442,7,train_0236,12469.240829215385,10470.554189545612,97.05541895456118,0.0,12566.296248169947,19.22,0.8,0.0,0.0,5.0,0.6449628755448891
1443,7,train_0141,12733.902962340457,10436.115099670738,93.61150996707384,0.0,12827.51447230753,14.26,0.64,0.0,0.0,5.0,0.6449628755448891
1444,7,train_0321,12627.513758287465,10180.241166361262,68.02411663612621,0.0,12695.537874923592,18.86,0.64,0.0,0.0,5.0,0.6449628755448891
1445,7,train_0353,11899.142634974049,10536.923690127509,103.6923690127509,0.0,12002.8350039868,17.24,0.66,0.0,0.0,5.0,0.6449628755448891
1446,7,train_0495,12184.226272034815,10601.9225665448,110.19225665447993,0.0,12294.418528689295,17.64,0.78,0.0,0.0,5.0,0.6449628755448891
1447,7,train_0307,12350.84506362392,10312.361524536016,81.23615245360162,0.0,12432.08121607752,16.78,0.6,0.0,0.0,5.0,0.6449628755448891
1448,7,train_0350,12074.844799953062,10160.801524903098,66.08015249030977,0.0,12140.92495244337,16.56,0.64,0.0,0.0,5.0,0.6449628755448891
1449,7,train_0581,12023.963409060369,10576.728824994592,107.67288249945923,0.0,12131.636291559827,15.36,0.7,0.0,0.0,5.0,0.6449628755448891
1450,7,train_0094,11761.900689584827,10067.956285471251,56.795628547125126,0.0,11818.696318131952,16.12,0.62,0.0,0.0,5.0,0.6449628755448891
1451,7,train_0009,12203.5279945049,10583.375050503731,108.33750505037315,0.0,12311.865499555273,15.86,0.48,0.0,0.0,5.0,0.6449628755448891
1452,7,train_0104,12186.534751541052,10615.991019876896,111.59910198768958,0.0,12298.133853528741,17.62,0.68,0.0,0.0,5.0,0.6449628755448891
1453,7,train_0186,12377.517756132194,10535.178951194572,103.51789511945718,0.0,12481.035651251652,14.4,0.66,0.0,0.0,5.0,0.6449628755448891
1454,7,train_0173,12299.938467856548,10683.6898319828,118.36898319827998,0.0,12418.307451054827,16.66,0.62,0.0,0.0,5.0,0.6449628755448891
1455,7,train_0241,12208.125012195418,10298.198156776396,79.81981567763961,0.0,12287.944827873058,16.24,0.6,0.0,0.0,5.0,0.6449628755448891
1456,7,train_0396,12391.132690609309,10439.587674587521,93.95876745875212,0.0,12485.091458068062,14.14,0.66,0.0,0.0,5.0,0.6449628755448891
1457,7,train_0438,12338.035839457818,10214.886148879803,71.48861488798029,0.0,12409.524454345797,17.38,0.64,0.0,0.0,5.0,0.6449628755448891
1458,7,train_0409,12543.495340942727,10884.313587727502,138.43135877275017,0.0,12681.926699715477,18.3,0.56,0.0,0.0,5.0,0.6449628755448891
1459,7,train_0449,12330.14382950623,10756.612600561755,125.66126005617554,0.0,12455.805089562406,17.7,0.64,0.0,0.0,5.0,0.6449628755448891
1460,7,train_0314,12311.713365403986,10280.471498700284,78.04714987002845,0.0,12389.760515274014,17.84,0.66,0.0,0.0,5.0,0.6449628755448891
1461,7,train_0440,12592.827304932274,10900.332464340598,140.03324643405978,0.0,12732.860551366333,16.4,0.5,0.0,0.0,5.0,0.6449628755448891
1462,7,train_0524,11741.242725333585,10242.33910709434,74.23391070943399,0.0,11815.476636043019,17.82,0.68,0.0,0.0,5.0,0.6449628755448891
1463,7,train_0341,12574.86221510353,10519.470806626592,101.94708066265922,0.0,12676.80929576619,15.86,0.56,0.0,0.0,5.0,0.6449628755448891
1464,7,train_0478,12108.137124905355,10606.55494414998,110.65549441499807,0.0,12218.792619320353,14.94,0.58,0.0,0.0,5.0,0.6449628755448891
1465,7,train_0331,12197.85289620543,10490.923851900969,99.09238519009688,0.0,12296.945281395527,17.14,0.68,0.0,0.0,5.0,0.6449628755448891
1466,7,train_0211,12232.912893672472,10414.160231415839,91.4160231415839,0.0,12324.328916814056,16.4,0.7,0.0,0.0,5.0,0.6449628755448891
1467,7,train_0174,12494.356411524044,10492.313440954367,99.23134409543673,0.0,12593.587755619481,15.62,0.64,0.0,0.0,5.0,0.6449628755448891
1468,7,train_0510,12609.486465577238,10825.357202002759,132.53572020027588,0.0,12742.022185777514,15.14,0.78,0.0,0.0,5.0,0.6449628755448891
1469,7,train_0521,12073.153661407545,10529.187126345696,102.9187126345696,0.0,12176.072374042114,17.74,0.68,0.0,0.0,5.0,0.6449628755448891
1470,7,train_0116,12124.941481119107,10534.537233280344,103.45372332803436,0.0,12228.39520444714,17.26,0.7,0.0,0.0,5.0,0.6449628755448891
1471,7,train_0256,12346.190689369561,10301.649593386886,80.16495933868865,0.0,12426.35564870825,16.78,0.74,0.0,0.0,5.0,0.6449628755448891
1472,7,train_0377,12287.206285053951,10288.259159901656,78.8259159901656,0.0,12366.032201044118,18.52,0.72,0.0,0.0,5.0,0.6449628755448891
1473,7,train_0214,12029.500051997844,10494.470015842464,99.4470015842464,0.0,12128.947053582091,14.5,0.66,0.0,0.0,5.0,0.6449628755448891
1474,7,train_0308,12128.985681293514,10231.20754318418,73.12075431841804,0.0,12202.106435611931,16.06,0.62,0.0,0.0,5.0,0.6449628755448891
1475,7,train_0477,12002.175433765115,10084.012818654408,58.4012818654408,0.0,12060.576715630556,15.44,0.84,0.0,0.0,5.0,0.6449628755448891
1476,7,train_0148,12555.450671987335,10483.685117326033,98.3685117326033,0.0,12653.81918371994,17.26,0.68,0.0,0.0,5.0,0.6449628755448891
1477,7,train_0434,12633.266436515034,10664.3901037627,116.43901037627002,0.0,12749.705446891305,14.96,0.66,0.0,0.0,5.0,0.6449628755448891
1478,7,train_0249,12790.01379722344,10222.155531892826,72.21555318928259,0.0,12862.229350412723,16.8,0.6,0.0,0.0,5.0,0.6449628755448891
1479,7,train_0191,12718.124849951218,10472.606668201566,97.26066682015663,0.0,12815.385516771375,15.5,0.6,0.0,0.0,5.0,0.6449628755448891
1480,7,train_0035,12807.038281497626,10965.503085702458,146.55030857024576,0.0,12953.588590067871,15.82,0.64,0.0,0.0,5.0,0.6449628755448891
1481,7,train_0014,12092.363339518324,10795.324600023774,129.5324600023774,0.0,12221.895799520702,17.34,0.62,0.0,0.0,5.0,0.6449628755448891
1482,7,train_0116,12142.12711504822,10410.045976693655,91.00459766936547,0.0,12233.131712717586,16.42,0.7,0.0,0.0,5.0,0.6449628755448891
1483,7,train_0005,12092.843429493423,10102.187020627105,60.21870206271051,0.0,12153.062131556133,16.3,0.76,0.0,0.0,5.0,0.6449628755448891
1484,7,train_0322,11969.936821987692,10589.305853429734,108.93058534297343,0.0,12078.867407330667,14.44,0.66,0.0,0.0,5.0,0.6449628755448891
1485,7,train_0510,12636.740568738598,10448.731706768793,94.87317067687928,0.0,12731.613739415478,15.24,0.62,0.0,0.0,5.0,0.6449628755448891
1486,7,train_0018,12297.266300570385,10343.588353049996,84.3588353049996,0.0,12381.625135875385,15.98,0.6,0.0,0.0,5.0,0.6449628755448891
1487,7,train_0090,12277.739923484394,10629.681345145855,112.96813451458547,0.0,12390.70805799898,14.7,0.62,0.0,0.0,5.0,0.6449628755448891
1488,7,train_0522,12755.836216329924,10379.046366600833,87.90463666008327,0.0,12843.740852990008,17.4,0.64,0.0,0.0,5.0,0.6449628755448891
1489,7,train_0361,12429.662167595627,10870.432097887431,137.04320978874313,0.0,12566.705377384369,16.48,0.52,0.0,0.0,5.0,0.6449628755448891
1490,7,train_0463,11982.555276550134,10453.538532780509,95.35385327805089,0.0,12077.909129828186,16.22,0.66,0.0,0.0,5.0,0.6449628755448891
1491,7,train_0354,11852.096435110296,10378.768323836523,87.87683238365226,0.0,11939.973267493948,15.12,0.72,0.0,0.0,5.0,0.6449628755448891
1492,7,train_0569,12203.858632742873,10413.621340825,91.36213408250006,0.0,12295.220766825372,15.16,0.78,0.0,0.0,5.0,0.6449628755448891
1493,7,train_0135,12578.5656609332,10447.788310053682,94.7788310053682,0.0,12673.344491938567,16.0,0.66,0.0,0.0,5.0,0.6449628755448891
1494,7,train_0504,12360.93531801664,10329.048473065544,82.90484730655444,0.0,12443.840165323194,14.56,0.6,0.0,0.0,5.0,0.6449628755448891
1495,7,train_0267,12329.417631337485,10144.495348768116,64.4495348768116,0.0,12393.867166214297,16.6,0.62,0.0,0.0,5.0,0.6449628755448891
1496,7,train_0020,12663.446390494231,11054.683064191868,155.46830641918677,0.0,12818.914696913418,15.04,0.56,0.0,0.0,5.0,0.6449628755448891
1497,7,train_0251,12521.335525422852,10394.689763802475,89.46897638024748,0.0,12610.804501803099,15.84,0.64,0.0,0.0,5.0,0.6449628755448891
1498,7,train_0247,12329.81479233812,10514.371289986007,101.43712899860076,0.0,12431.251921336721,15.8,0.6,0.0,0.0,5.0,0.6449628755448891
1499,7,train_0301,12670.206329466935,10526.662899503204,102.66628995032043,0.0,12772.872619417256,15.68,0.74,0.0,0.0,5.0,0.6449628755448891
1500,7,train_0100,11876.102614744988,10035.567106593353,53.556710659335295,0.0,11929.659325404324,14.82,0.7,0.0,0.0,5.0,0.6449628755448891
1501,7,train_0514,12327.552492447603,10318.272073268156,81.82720732681555,0.0,12409.37969977442,14.78,0.66,0.0,0.0,5.0,0.6449628755448891
1502,7,train_0184,12043.455287075398,10472.374745902669,97.23747459026691,0.0,12140.692761665665,17.18,0.66,0.0,0.0,5.0,0.6449628755448891
1503,7,train_0549,12462.07078692593,10586.700718191298,108.67007181912977,0.0,12570.740858745059,16.06,0.6,0.0,0.0,5.0,0.6449628755448891
1504,7,train_0599,12046.648303458234,10145.84199635635,64.58419963563502,0.0,12111.23250309387,16.82,0.72,0.0,0.0,5.0,0.6449628755448891
1505,7,train_0051,12521.47813910797,10718.96906729971,121.89690672997095,0.0,12643.375045837942,17.3,0.7,0.0,0.0,5.0,0.6449628755448891
1506,7,train_0441,12248.392410489016,10454.504379324913,95.45043793249134,0.0,12343.842848421507,15.58,0.74,0.0,0.0,5.0,0.6449628755448891
1507,7,train_0257,12235.880376903731,10853.125722295616,135.31257222956157,0.0,12371.192949133292,14.98,0.6,0.0,0.0,5.0,0.6449628755448891
1508,7,train_0310,12057.543098051552,10112.41350276763,61.24135027676294,0.0,12118.784448328315,13.62,0.74,0.0,0.0,5.0,0.6449628755448891
1509,7,train_0176,12539.83806682804,10952.535284773054,145.25352847730537,0.0,12685.091595305346,15.1,0.64,0.0,0.0,5.0,0.6449628755448891
1510,7,train_0240,13076.481567560942,10687.71667918394,118.77166791839409,0.0,13195.253235479337,15.36,0.76,0.0,0.0,5.0,0.6449628755448891
1511,7,train_0472,12605.055587747302,10613.65589146,111.36558914599992,0.0,12716.421176893302,15.12,0.68,0.0,0.0,5.0,0.6449628755448891
1512,7,train_0352,12005.129236459954,10136.184616158396,63.61846161583963,0.0,12068.747698075793,16.22,0.52,0.0,0.0,5.0,0.6449628755448891
1513,7,train_0207,11629.35050334674,10223.724886948716,72.37248869487158,0.0,11701.722992041612,15.52,0.72,0.0,0.0,5.0,0.6449628755448891
1514,7,train_0426,12204.81810102877,10189.171521928627,68.9171521928627,0.0,12273.735253221632,16.94,0.64,0.0,0.0,5.0,0.6449628755448891
1515,7,train_0291,12394.621275719202,10889.06135360075,138.90613536007496,0.0,12533.527411079278,14.38,0.64,0.0,0.0,5.0,0.6449628755448891
1516,7,train_0430,12065.591728703115,10659.247166822366,115.92471668223662,0.0,12181.516445385352,13.38,0.68,0.0,0.0,5.0,0.6449628755448891
1517,7,train_0423,12552.230341886512,9928.845305525447,42.884530552544675,0.0,12595.114872439057,17.12,0.7,0.0,0.0,5.0,0.6449628755448891
1518,7,train_0524,11835.912504509262,10150.555325541667,65.05553255416672,0.0,11900.968037063429,16.68,0.7,0.0,0.0,5.0,0.6449628755448891
1519,7,train_0381,11899.839899902576,10247.272691557198,74.72726915571984,0.0,11974.567169058295,14.78,0.72,0.0,0.0,5.0,0.6449628755448891
1520,7,train_0445,12427.233196818097,11043.58771223881,154.35877122388104,0.0,12581.591968041977,18.28,0.62,0.0,0.0,5.0,0.6449628755448891
1521,7,train_0446,11758.637397420203,10515.613282968108,101.56132829681083,0.0,11860.198725717015,15.24,0.72,0.0,0.0,5.0,0.6449628755448891
1522,7,train_0482,12103.24118720114,10063.068401161436,56.306840116143576,0.0,12159.548027317283,13.86,0.68,0.0,0.0,5.0,0.6449628755448891
1523,7,train_0258,12403.876786051356,10658.407306316843,115.84073063168435,0.0,12519.71751668304,15.44,0.68,0.0,0.0,5.0,0.6449628755448891
1524,7,train_0157,12183.486622109405,10322.724201670164,82.27242016701639,0.0,12265.759042276422,15.52,0.6,0.0,0.0,5.0,0.6449628755448891
1525,7,train_0324,12484.546250148087,10035.991163840978,53.59911638409776,0.0,12538.145366532184,15.1,0.64,0.0,0.0,5.0,0.6449628755448891
1526,7,train_0268,12279.561630392709,10490.399475096085,99.03994750960847,0.0,12378.601577902318,15.92,0.6,0.0,0.0,5.0,0.6449628755448891
1527,7,train_0163,12565.59682227004,10870.534664514696,137.05346645146966,0.0,12702.650288721508,15.72,0.7,0.0,0.0,5.0,0.6449628755448891
1528,7,train_0143,12402.244374710066,10819.952587349653,131.99525873496532,0.0,12534.239633445031,14.9,0.72,0.0,0.0,5.0,0.6449628755448891
1529,7,train_0466,12398.778319524492,10623.893128908701,112.38931289087014,0.0,12511.167632415361,17.2,0.72,0.0,0.0,5.0,0.6449628755448891
1530,7,train_0353,11675.135749091649,10690.499436975093,119.0499436975093,0.0,11794.185692789159,16.48,0.6,0.0,0.0,5.0,0.6449628755448891
1531,7,train_0519,12347.478234990758,10856.235936937215,135.62359369372152,0.0,12483.10182868448,17.62,0.66,0.0,0.0,5.0,0.6449628755448891
1532,7,train_0322,12242.279773206716,10320.033786561326,82.00337865613255,0.0,12324.283151862848,15.72,0.6,0.0,0.0,5.0,0.6449628755448891
1533,7,train_0181,11499.372775646108,9868.97282618183,36.89728261818309,0.0,11536.270058264292,18.28,0.62,0.0,0.0,5.0,0.6449628755448891
1534,7,train_0509,12124.981332361429,10287.1724681103,78.71724681103007,0.0,12203.698579172458,13.64,0.56,0.0,0.0,5.0,0.6449628755448891
1535,7,train_0298,11606.351138706039,9855.463209820791,35.54632098207912,0.0,11641.897459688118,13.88,0.64,0.0,0.0,5.0,0.6449628755448891
1536,7,train_0008,12197.193649387898,10828.495411806285,132.8495411806285,0.0,12330.043190568527,14.28,0.74,0.0,0.0,5.0,0.6449628755448891
1537,7,train_0062,11688.130178661817,10473.468934575629,97.34689345756289,0.0,11785.47707211938,15.72,0.66,0.0,0.0,5.0,0.6449628755448891
1538,7,train_0315,12849.68078572226,10732.056903861947,123.2056903861947,0.0,12972.886476108453,15.22,0.66,0.0,0.0,5.0,0.6449628755448891
1539,7,train_0067,12003.844282214513,10371.972811320618,87.19728113206185,0.0,12091.041563346575,17.64,0.64,0.0,0.0,5.0,0.6449628755448891
1540,7,train_0484,12102.450627737224,10672.79341143003,117.27934114300297,0.0,12219.729968880227,13.26,0.66,0.0,0.0,5.0,0.6449628755448891
1541,7,train_0086,11946.067253739526,9880.945483100635,38.09454831006351,0.0,11984.16180204959,15.3,0.68,0.0,0.0,5.0,0.6449628755448891
1542,7,train_0283,12190.593462473731,10944.57114187372,144.45711418737193,0.0,12335.050576661102,14.76,0.74,0.0,0.0,5.0,0.6449628755448891
1543,7,train_0377,12258.267110911325,10207.132502091612,70.7132502091612,0.0,12328.980361120486,17.84,0.72,0.0,0.0,5.0,0.6449628755448891
1544,7,train_0014,12419.005398220463,10832.465567536095,133.24655675360955,0.0,12552.251954974072,17.66,0.52,0.0,0.0,5.0,0.6449628755448891
1545,7,train_0471,12094.000535232964,10613.751758134778,111.37517581347784,0.0,12205.375711046443,14.66,0.76,0.0,0.0,5.0,0.6449628755448891
1546,7,train_0049,12380.16677665412,10435.469953371889,93.54699533718886,0.0,12473.713771991308,14.98,0.64,0.0,0.0,5.0,0.6449628755448891
1547,7,train_0077,12309.69321655557,10181.927250473407,68.19272504734072,0.0,12377.88594160291,16.18,0.78,0.0,0.0,5.0,0.6449628755448891
1548,7,train_0027,12213.478633704917,10714.37483786002,121.43748378600195,0.0,12334.916117490919,14.32,0.62,0.0,0.0,5.0,0.6449628755448891
1549,7,train_0598,12001.2563041617,10404.972638666244,90.49726386662442,0.0,12091.753568028324,15.16,0.74,0.0,0.0,5.0,0.6449628755448891
1550,7,train_0259,12392.098278185793,10597.460357966072,109.74603579660726,0.0,12501.8443139824,14.86,0.62,0.0,0.0,5.0,0.6449628755448891
1551,7,train_0212,12187.061479060943,10233.107273969905,73.31072739699049,0.0,12260.372206457934,15.6,0.76,0.0,0.0,5.0,0.6449628755448891
1552,7,train_0135,12715.406453530917,10248.342773872904,74.83427738729043,0.0,12790.240730918207,16.04,0.64,0.0,0.0,5.0,0.6449628755448891
1553,7,train_0536,12348.787289573353,10566.530470493324,106.65304704933243,0.0,12455.440336622685,14.24,0.6,0.0,0.0,5.0,0.6449628755448891
1554,7,train_0362,11945.00920146912,10399.264946764482,89.92649467644824,0.0,12034.935696145569,15.58,0.66,0.0,0.0,5.0,0.6449628755448891
1555,7,train_0599,12152.850256114027,10471.605286773152,97.16052867731524,0.0,12250.010784791342,15.54,0.48,0.0,0.0,5.0,0.6449628755448891
1556,7,train_0592,12551.079471102672,10287.364759869704,78.73647598697045,0.0,12629.815947089643,14.88,0.7,0.0,0.0,5.0,0.6449628755448891
1557,7,train_0504,12361.889626669035,10347.315077789555,84.73150777895553,0.0,12446.62113444799,15.68,0.68,0.0,0.0,5.0,0.6449628755448891
1558,7,train_0465,12227.590193721775,10992.238675881654,149.22386758816538,0.0,12376.81406130994,16.62,0.72,0.0,0.0,5.0,0.6449628755448891
1559,7,train_0228,12148.060602292513,10344.97182578903,84.4971825789031,0.0,12232.557784871417,15.68,0.56,0.0,0.0,5.0,0.6449628755448891
1560,7,train_0203,12488.977362661853,10629.09488182057,112.90948818205707,0.0,12601.88685084391,13.1,0.68,0.0,0.0,5.0,0.6449628755448891
1561,7,train_0014,12344.112069818711,10408.775021213172,90.87750212131724,0.0,12434.989571940028,17.7,0.7,0.0,0.0,5.0,0.6449628755448891
1562,7,train_0474,12641.61099340811,10728.876550928886,122.88765509288861,0.0,12764.498648501,15.28,0.62,0.0,0.0,5.0,0.6449628755448891
1563,7,train_0304,12824.701956197096,10864.503475375117,136.4503475375117,0.0,12961.152303734607,16.2,0.68,0.0,0.0,5.0,0.6449628755448891
1564,7,train_0524,11865.117933188449,10152.421226243758,65.24212262437577,0.0,11930.360055812824,17.28,0.64,0.0,0.0,5.0,0.6449628755448891
1565,7,train_0292,12375.745667107001,10341.13331528498,84.11333152849802,0.0,12459.8589986355,17.58,0.62,0.0,0.0,5.0,0.6449628755448891
1566,7,train_0003,12019.20258061099,10360.981990003871,86.09819900038711,0.0,12105.300779611378,16.68,0.68,0.0,0.0,5.0,0.6449628755448891
1567,7,train_0002,12949.257397389787,9729.29673054626,22.929673054626075,0.0,12972.187070444414,13.58,0.64,0.0,0.0,5.0,0.6449628755448891
1568,7,train_0482,12391.747285188763,9899.599591021743,39.95995910217425,0.0,12431.707244290938,13.6,0.6,0.0,0.0,5.0,0.6449628755448891
1569,7,train_0521,12014.176034644457,10749.311891881836,124.93118918818364,0.0,12139.107223832641,17.0,0.74,0.0,0.0,5.0,0.6449628755448891
1570,7,train_0212,12430.186180759423,10126.007904391192,62.600790439119194,0.0,12492.786971198542,15.14,0.72,0.0,0.0,5.0,0.6449628755448891
1571,7,train_0087,12411.446497354873,10733.2168001222,123.32168001221999,0.0,12534.768177367092,15.22,0.68,0.0,0.0,5.0,0.6449628755448891
1572,7,train_0033,12418.920369785024,10695.63660483521,119.56366048352102,0.0,12538.484030268546,15.16,0.68,0.0,0.0,5.0,0.6449628755448891
1573,7,train_0376,12110.844760239313,10315.854737774516,81.58547377745163,0.0,12192.430234016765,15.38,0.56,0.0,0.0,5.0,0.6449628755448891
1574,7,train_0497,12457.891328497444,10433.436603439271,93.34366034392716,0.0,12551.234988841372,14.8,0.64,0.0,0.0,5.0,0.6449628755448891
1575,7,train_0157,12252.242319470724,10397.977303780233,89.79773037802335,0.0,12342.040049848747,14.86,0.68,0.0,0.0,5.0,0.6449628755448891
1576,7,train_0114,12012.139358947727,10374.335682843106,87.43356828431061,0.0,12099.572927232037,15.9,0.8,0.0,0.0,5.0,0.6449628755448891
1577,7,train_0248,12601.84623602261,10348.307536220498,84.83075362204983,0.0,12686.676989644659,16.84,0.56,0.0,0.0,5.0,0.6449628755448891
1578,7,train_0471,12314.690417343727,10663.609015121783,116.36090151217832,0.0,12431.051318855905,14.72,0.66,0.0,0.0,5.0,0.6449628755448891
1579,7,train_0281,12561.874315737336,10615.472573544272,111.54725735442717,0.0,12673.421573091762,15.76,0.64,0.0,0.0,5.0,0.6449628755448891
1580,7,train_0309,12529.746565607384,10506.676200275358,100.66762002753586,0.0,12630.41418563492,14.42,0.68,0.0,0.0,5.0,0.6449628755448891
1581,7,train_0352,11858.522888577303,10227.674207162328,72.76742071623285,0.0,11931.290309293536,15.56,0.66,0.0,0.0,5.0,0.6449628755448891
1582,7,train_0319,12258.90486949342,10332.847419173671,83.28474191736714,0.0,12342.189611410788,13.86,0.64,0.0,0.0,5.0,0.6449628755448891
1583,7,train_0311,12323.562412862218,10396.431533347553,89.64315333475534,0.0,12413.205566196973,16.92,0.7,0.0,0.0,5.0,0.6449628755448891
1584,7,train_0043,12103.381274728437,10497.35163378028,99.73516337802795,0.0,12203.116438106465,17.74,0.76,0.0,0.0,5.0,0.6449628755448891
1585,7,train_0218,12541.153764451337,10665.200534298676,116.52005342986759,0.0,12657.673817881205,15.94,0.68,0.0,0.0,5.0,0.6449628755448891
1586,7,train_0359,12672.357950016733,10110.803231003134,61.0803231003134,0.0,12733.438273117046,15.26,0.68,0.0,0.0,5.0,0.6449628755448891
1587,7,train_0024,12126.672482470829,10000.325696544232,50.03256965442324,0.0,12176.705052125253,16.24,0.66,0.0,0.0,5.0,0.6449628755448891
1588,7,train_0487,12373.131399248541,10529.70947025773,102.97094702577306,0.0,12476.102346274314,15.98,0.62,0.0,0.0,5.0,0.6449628755448891
1589,7,train_0075,12418.586922852497,10839.254302724756,133.92543027247558,0.0,12552.512353124972,17.62,0.72,0.0,0.0,5.0,0.6449628755448891
1590,7,train_0007,12985.000643675085,10817.23954015219,131.723954015219,0.0,13116.724597690303,16.34,0.68,0.0,0.0,5.0,0.6449628755448891
1591,7,train_0374,12402.063165868378,10535.104777202954,103.51047772029543,0.0,12505.573643588674,15.18,0.74,0.0,0.0,5.0,0.6449628755448891
1592,7,train_0386,12319.307588385213,10366.986911619275,86.6986911619275,0.0,12406.00627954714,14.24,0.64,0.0,0.0,5.0,0.6449628755448891
1593,7,train_0363,12900.184796351523,10623.235658484296,112.32356584842965,0.0,13012.508362199953,15.96,0.64,0.0,0.0,5.0,0.6449628755448891
1594,7,train_0339,12834.122481421145,10383.412361404487,88.34123614044876,0.0,12922.463717561594,17.84,0.62,0.0,0.0,5.0,0.6449628755448891
1595,7,train_0400,12719.18974372455,10632.020225384385,113.20202253843854,0.0,12832.391766262988,15.74,0.56,0.0,0.0,5.0,0.6449628755448891
1596,7,train_0217,11972.00951262837,10723.267562780988,122.32675627809877,0.0,12094.336268906469,17.86,0.56,0.0,0.0,5.0,0.6449628755448891
1597,7,train_0048,12283.069930550719,10739.943123492883,123.99431234928835,0.0,12407.064242900007,15.78,0.72,0.0,0.0,5.0,0.6449628755448891
1598,7,train_0435,12100.470881739704,10259.436896632713,75.94368966327129,0.0,12176.414571402975,16.42,0.66,0.0,0.0,5.0,0.6449628755448891
1599,7,train_0149,12567.671940002481,10518.610215181905,101.86102151819051,0.0,12669.532961520672,17.58,0.58,0.0,0.0,5.0,0.6449628755448891
1600,7,train_0048,12317.730148936362,10479.67380861221,97.96738086122096,0.0,12415.697529797582,16.92,0.66,0.0,0.0,5.0,0.6449628755448891
1601,7,train_0140,12000.315554208119,10285.185170252791,78.51851702527911,0.0,12078.834071233397,15.44,0.6,0.0,0.0,5.0,0.6449628755448891
1602,7,train_0528,12250.049419584742,10564.82318990356,106.482318990356,0.0,12356.531738575099,14.64,0.7,0.0,0.0,5.0,0.6449628755448891
1603,7,train_0488,12306.473155013882,10304.090316488906,80.4090316488906,0.0,12386.882186662773,15.02,0.72,0.0,0.0,5.0,0.6449628755448891
1604,7,train_0064,12386.795996031118,10638.354536204237,113.83545362042369,0.0,12500.631449651542,15.68,0.64,0.0,0.0,5.0,0.6449628755448891
1605,7,train_0455,12492.410230283409,10801.964164692909,130.19641646929085,0.0,12622.6066467527,17.88,0.82,0.0,0.0,5.0,0.6449628755448891
1606,7,train_0330,11948.698232065124,10052.586232775768,55.258623277576774,0.0,12003.956855342702,14.84,0.56,0.0,0.0,5.0,0.6449628755448891
1607,7,train_0450,11967.734533664045,10395.083016879129,89.5083016879129,0.0,12057.242835351957,15.76,0.54,0.0,0.0,5.0,0.6449628755448891
1608,7,train_0430,12227.406421803804,10276.94269494645,77.69426949464506,0.0,12305.100691298449,15.54,0.62,0.0,0.0,5.0,0.6449628755448891
1609,7,train_0583,12397.257784523914,10424.093584026556,92.40935840265557,0.0,12489.66714292657,15.08,0.74,0.0,0.0,5.0,0.6449628755448891
1610,7,train_0363,12550.80955169128,10262.870108790601,76.2870108790601,0.0,12627.09656257034,15.8,0.6,0.0,0.0,5.0,0.6449628755448891
1611,7,train_0549,12263.653040314295,10723.364032045221,122.33640320452214,0.0,12385.989443518818,17.18,0.72,0.0,0.0,5.0,0.6449628755448891
1612,7,train_0466,12015.655808854051,10968.438415067147,146.84384150671468,0.0,12162.499650360765,17.08,0.7,0.0,0.0,5.0,0.6449628755448891
1613,7,train_0386,12150.60786524666,10864.633065640275,136.46330656402753,0.0,12287.071171810689,15.0,0.6,0.0,0.0,5.0,0.6449628755448891
1614,7,train_0226,11900.806208526872,10173.739203304813,67.37392033048127,0.0,11968.180128857353,15.76,0.7,0.0,0.0,5.0,0.6449628755448891
1615,7,train_0305,12294.83495578465,10490.140627818084,99.01406278180839,0.0,12393.84901856646,16.44,0.76,0.0,0.0,5.0,0.6449628755448891
1616,7,train_0549,12250.657934350635,10732.379744941913,123.23797449419126,0.0,12373.895908844826,17.1,0.64,0.0,0.0,5.0,0.6449628755448891
1617,7,train_0490,12240.984231829061,10206.659888057278,70.66598880572784,0.0,12311.650220634789,14.34,0.64,0.0,0.0,5.0,0.6449628755448891
1618,7,train_0294,12538.722198705644,10218.356407080773,71.83564070807734,0.0,12610.557839413721,15.16,0.6,0.0,0.0,5.0,0.6449628755448891
1619,7,train_0329,12100.814225517252,10537.367912300982,103.73679123009825,0.0,12204.55101674735,17.04,0.62,0.0,0.0,5.0,0.6449628755448891
1620,7,train_0371,12222.678632817788,10172.187383898166,67.21873838981665,0.0,12289.897371207604,16.3,0.76,0.0,0.0,5.0,0.6449628755448891
1621,7,train_0460,12444.737211391794,10314.963780747612,81.4963780747612,0.0,12526.233589466556,15.08,0.64,0.0,0.0,5.0,0.6449628755448891
1622,7,train_0140,12103.085526130375,10661.396948933958,116.1396948933958,0.0,12219.225221023771,15.88,0.64,0.0,0.0,5.0,0.6449628755448891
1623,7,train_0108,12432.582096317572,10465.742284847933,96.57422848479328,0.0,12529.156324802365,19.08,0.68,0.0,0.0,5.0,0.6449628755448891
1624,7,train_0439,12242.65355334728,10370.53556701175,87.05355670117497,0.0,12329.707110048455,13.6,0.64,0.0,0.0,5.0,0.6449628755448891
1625,7,train_0307,12434.813696153284,10301.47712957843,80.14771295784304,0.0,12514.961409111127,16.38,0.7,0.0,0.0,5.0,0.6449628755448891
1626,7,train_0329,12378.916627580693,10259.546633319125,75.95466333191253,0.0,12454.871290912606,18.94,0.66,0.0,0.0,5.0,0.6449628755448891
1627,7,train_0290,12268.467772623993,10368.899785106667,86.88997851066671,0.0,12355.35775113466,16.98,0.54,0.0,0.0,5.0,0.6449628755448891
1628,7,train_0416,12089.443174678476,10475.764320448594,97.5764320448594,0.0,12187.019606723336,16.72,0.6,0.0,0.0,5.0,0.6449628755448891
1629,7,train_0290,12402.745402271246,10315.054648651727,81.5054648651727,0.0,12484.25086713642,16.96,0.7,0.0,0.0,5.0,0.6449628755448891
1630,7,train_0405,12590.048239271291,10841.019219260255,134.10192192602554,0.0,12724.150161197316,16.08,0.56,0.0,0.0,5.0,0.6449628755448891
1631,7,train_0311,12109.668403786873,10439.331980263527,93.9331980263527,0.0,12203.601601813225,16.04,0.68,0.0,0.0,5.0,0.6449628755448891
1632,8,train_0027,12759.874801123016,10573.095795025018,107.30957950250178,0.0,12867.184380625518,15.16,0.7,0.0,0.0,5.0,0.6449628755448891
1633,8,train_0368,12341.082848350576,10654.879104301672,115.48791043016718,0.0,12456.570758780743,14.88,0.68,0.0,0.0,5.0,0.6449628755448891
1634,8,train_0049,12593.566943954283,10437.008836501167,93.70088365011671,0.0,12687.2678276044,15.36,0.62,0.0,0.0,5.0,0.6449628755448891
1635,8,train_0363,12302.196750685265,10813.617605607928,131.36176056079276,0.0,12433.558511246058,17.04,0.66,0.0,0.0,5.0,0.6449628755448891
1636,8,train_0043,11996.983097087945,10422.938634911807,92.29386349118067,0.0,12089.276960579125,19.22,0.66,0.0,0.0,5.0,0.6449628755448891
1637,8,train_0571,12213.849308028615,10497.161353015634,99.71613530156338,0.0,12313.565443330179,15.78,0.74,0.0,0.0,5.0,0.6449628755448891
1638,8,train_0146,12401.03796396843,10492.381654405273,99.23816544052734,0.0,12500.276129408958,14.84,0.7,0.0,0.0,5.0,0.6449628755448891
1639,8,train_0131,12338.059856914571,11011.102859857274,151.1102859857274,0.0,12489.170142900299,16.08,0.52,0.0,0.0,5.0,0.6449628755448891
1640,8,train_0004,12415.849765071514,10823.781079033683,132.37810790336826,0.0,12548.227872974883,17.52,0.72,0.0,0.0,5.0,0.6449628755448891
1641,8,train_0086,11961.37561345936,9965.26973893213,46.526973893212926,0.0,12007.902587352573,16.28,0.58,0.0,0.0,5.0,0.6449628755448891
1642,8,train_0020,12602.729834933198,10724.748510288215,122.47485102882148,0.0,12725.204685962019,15.2,0.62,0.0,0.0,5.0,0.6449628755448891
1643,8,train_0437,11522.796551418065,9772.438107031232,27.243810703123202,0.0,11550.040362121188,14.82,0.56,0.0,0.0,5.0,0.6449628755448891
1644,8,train_0076,11928.800823127369,10611.674878124082,111.16748781240823,0.0,12039.968310939777,14.6,0.72,0.0,0.0,5.0,0.6449628755448891
1645,8,train_0146,12488.242768219137,10734.754812252118,123.47548122521185,0.0,12611.71824944435,14.9,0.7,0.0,0.0,5.0,0.6449628755448891
1646,8,train_0536,12451.383567263601,10455.869398864397,95.58693988643972,0.0,12546.970507150041,16.38,0.62,0.0,0.0,5.0,0.6449628755448891
1647,8,train_0168,12913.724333098224,10214.52167669037,71.45216766903705,0.0,12985.17650076726,17.42,0.72,0.0,0.0,5.0,0.6449628755448891
1648,8,train_0373,12560.807611367927,10621.961968838814,112.19619688388138,0.0,12673.003808251808,16.48,0.7,0.0,0.0,5.0,0.6449628755448891
1649,8,train_0107,12461.165052705064,10546.598496123355,104.65984961233553,0.0,12565.8249023174,15.92,0.66,0.0,0.0,5.0,0.6449628755448891
1650,8,train_0230,12624.714359447138,10508.082830539211,100.80828305392116,0.0,12725.522642501059,16.06,0.72,0.0,0.0,5.0,0.6449628755448891
1651,8,train_0286,12252.658625932454,10620.454652758608,112.0454652758608,0.0,12364.704091208314,14.94,0.64,0.0,0.0,5.0,0.6449628755448891
1652,8,train_0511,12377.665170400534,9967.410638816955,46.74106388169548,0.0,12424.406234282229,17.38,0.62,0.0,0.0,5.0,0.6449628755448891
1653,8,train_0245,12079.496348247085,10014.406784832627,51.44067848326267,0.0,12130.937026730347,16.0,0.54,0.0,0.0,5.0,0.6449628755448891
1654,8,train_0234,12275.883508328225,10480.534271553057,98.0534271553057,0.0,12373.93693548353,15.28,0.7,0.0,0.0,5.0,0.6449628755448891
1655,8,train_0585,12641.73159899447,10495.703002095019,99.57030020950188,0.0,12741.30189920397,12.58,0.52,0.0,0.0,5.0,0.6449628755448891
1656,8,train_0217,12402.944040376113,10668.138581063708,116.81385810637076,0.0,12519.757898482483,18.02,0.64,0.0,0.0,5.0,0.6449628755448891
1657,8,train_0405,12442.930585859936,10501.822665835167,100.1822665835167,0.0,12543.112852443453,15.46,0.82,0.0,0.0,5.0,0.6449628755448891
1658,8,train_0565,12743.173537043036,10771.921860980005,127.19218609800046,0.0,12870.365723141036,14.4,0.58,0.0,0.0,5.0,0.6449628755448891
1659,8,train_0350,12042.073996801919,10529.850360697896,102.98503606978957,0.0,12145.059032871708,15.3,0.76,0.0,0.0,5.0,0.6449628755448891
1660,8,train_0437,11486.733008597954,9885.800608740905,38.58006087409049,0.0,11525.313069472044,14.24,0.7,0.0,0.0,5.0,0.6449628755448891
1661,8,train_0346,12698.974372884826,10755.140111930443,125.51401119304428,0.0,12824.488384077871,15.86,0.58,0.0,0.0,5.0,0.6449628755448891
1662,8,train_0438,12146.564934266935,10656.87181283817,115.68718128381698,0.0,12262.252115550751,16.12,0.76,0.0,0.0,5.0,0.6449628755448891
1663,8,train_0171,13079.959492123138,10655.194480935323,115.51944809353228,0.0,13195.47894021667,17.4,0.66,0.0,0.0,5.0,0.6449628755448891
1664,8,train_0342,12058.328073150216,10257.490326623807,75.74903266238071,0.0,12134.077105812597,18.48,0.64,0.0,0.0,5.0,0.6449628755448891
1665,8,train_0532,11975.128930617257,10419.569236411171,91.9569236411171,0.0,12067.085854258374,15.86,0.6,0.0,0.0,5.0,0.6449628755448891
1666,8,train_0109,12430.856470905477,10589.26199507966,108.92619950796598,0.0,12539.782670413442,17.0,0.74,0.0,0.0,5.0,0.6449628755448891
1667,8,train_0069,12272.376821841168,10585.46918774184,108.54691877418409,0.0,12380.923740615352,16.74,0.68,0.0,0.0,5.0,0.6449628755448891
1668,8,train_0239,12443.52620839145,10261.109910199553,76.11099101995534,0.0,12519.637199411405,14.98,0.58,0.0,0.0,5.0,0.6449628755448891
1669,8,train_0441,12457.874406587503,10630.747199144595,113.07471991445946,0.0,12570.949126501962,16.52,0.7,0.0,0.0,5.0,0.6449628755448891
1670,8,train_0490,12096.074431408066,10407.721230989146,90.77212309891456,0.0,12186.846554506981,16.0,0.72,0.0,0.0,5.0,0.6449628755448891
1671,8,train_0074,12469.816288202328,10660.624823927428,116.06248239274282,0.0,12585.87877059507,17.06,0.7,0.0,0.0,5.0,0.6449628755448891
1672,8,train_0384,12064.188108665416,10172.389885717961,67.23898857179611,0.0,12131.427097237212,15.6,0.62,0.0,0.0,5.0,0.6449628755448891
1673,8,train_0299,12465.576614381716,10369.823983215927,86.98239832159271,0.0,12552.559012703308,13.06,0.64,0.0,0.0,5.0,0.6449628755448891
1674,8,train_0343,12889.111470841728,11162.238178213858,166.22381782138584,0.0,13055.335288663115,16.76,0.66,0.0,0.0,5.0,0.6449628755448891
1675,8,train_0129,12821.306145074854,10966.518644559415,146.65186445594153,0.0,12967.958009530796,14.54,0.66,0.0,0.0,5.0,0.6449628755448891
1676,8,train_0113,12097.335803575703,10287.32122890618,78.73212289061794,0.0,12176.067926466321,16.1,0.64,0.0,0.0,5.0,0.6449628755448891
1677,8,train_0332,11910.932508095295,10225.434385748587,72.54343857485874,0.0,11983.475946670154,16.32,0.62,0.0,0.0,5.0,0.6449628755448891
1678,8,train_0347,12389.001592809303,10253.932404908272,75.39324049082715,0.0,12464.39483330013,16.66,0.64,0.0,0.0,5.0,0.6449628755448891
1679,8,train_0117,12101.90182981967,10084.418613923492,58.44186139234917,0.0,12160.34369121202,17.5,0.8,0.0,0.0,5.0,0.6449628755448891
1680,8,train_0129,12647.56295802759,10824.83373380572,132.4833733805721,0.0,12780.046331408163,15.62,0.66,0.0,0.0,5.0,0.6449628755448891
1681,8,train_0301,12714.093454320053,10867.387256182757,136.73872561827577,0.0,12850.832179938328,15.04,0.68,0.0,0.0,5.0,0.6449628755448891
1682,8,train_0362,11927.421513393016,10151.391267430092,65.13912674300919,0.0,11992.560640136026,15.72,0.7,0.0,0.0,5.0,0.6449628755448891
1683,8,train_0018,12345.021116438966,10504.858333510558,100.48583335105577,0.0,12445.506949790022,16.12,0.6,0.0,0.0,5.0,0.6449628755448891
1684,8,train_0431,12376.908777941895,10191.368627846861,69.13686278468613,0.0,12446.045640726581,17.94,0.58,0.0,0.0,5.0,0.6449628755448891
1685,8,train_0148,12510.222232529348,10412.117926992092,91.21179269920923,0.0,12601.434025228556,19.0,0.72,0.0,0.0,5.0,0.6449628755448891
1686,8,train_0462,12369.248600595329,10352.586503391101,85.25865033911015,0.0,12454.507250934439,16.78,0.68,0.0,0.0,5.0,0.6449628755448891
1687,8,train_0441,12625.602014228472,10521.687234427282,102.16872344272815,0.0,12727.7707376712,16.54,0.68,0.0,0.0,5.0,0.6449628755448891
1688,8,train_0524,11838.166091563839,9757.780267675036,25.77802676750362,0.0,11863.944118331343,15.86,0.66,0.0,0.0,5.0,0.6449628755448891
1689,8,train_0311,12532.027155905707,10280.730158408976,78.07301584089765,0.0,12610.100171746604,16.46,0.74,0.0,0.0,5.0,0.6449628755448891
1690,8,train_0418,12808.236330857915,10380.473937180088,88.04739371800879,0.0,12896.283724575924,17.46,0.72,0.0,0.0,5.0,0.6449628755448891
1691,8,train_0297,12418.426724210378,10343.191685281225,84.31916852812247,0.0,12502.7458927385,14.1,0.66,0.0,0.0,5.0,0.6449628755448891
1692,8,train_0191,12309.647074109973,10525.291750331206,102.52917503312057,0.0,12412.176249143093,15.72,0.58,0.0,0.0,5.0,0.6449628755448891
1693,8,train_0381,12137.84658816188,9954.446154666392,45.444615466639156,0.0,12183.291203628518,14.5,0.7,0.0,0.0,5.0,0.6449628755448891
1694,8,train_0403,12754.469637365946,10643.053148780504,114.30531487805038,0.0,12868.774952243997,12.8,0.6,0.0,0.0,5.0,0.6449628755448891
1695,8,train_0315,12479.503829664332,11022.443669927876,152.24436699278758,0.0,12631.74819665712,15.6,0.64,0.0,0.0,5.0,0.6449628755448891
1696,8,train_0168,12763.666961563102,10561.009563435866,106.10095634358659,0.0,12869.767917906689,17.86,0.66,0.0,0.0,5.0,0.6449628755448891
1697,8,train_0157,12902.744098789988,9922.86366259447,42.286366259446915,0.0,12945.030465049434,13.28,0.76,0.0,0.0,5.0,0.6449628755448891
1698,8,train_0553,11602.095329859181,9983.307470605741,48.33074706057414,0.0,11650.426076919755,15.24,0.68,0.0,0.0,5.0,0.6449628755448891
1699,8,train_0533,12195.150510614754,10235.676520539375,73.5676520539375,0.0,12268.718162668692,15.72,0.5,0.0,0.0,5.0,0.6449628755448891
1700,8,train_0461,12194.662228304232,10305.690100980508,80.5690100980508,0.0,12275.231238402283,13.6,0.68,0.0,0.0,5.0,0.6449628755448891
1701,8,train_0187,12156.908054293941,10259.919748218108,75.9919748218108,0.0,12232.900029115752,14.58,0.64,0.0,0.0,5.0,0.6449628755448891
1702,8,train_0281,12453.584137322981,10657.4376251871,115.74376251871,0.0,12569.327899841692,15.78,0.7,0.0,0.0,5.0,0.6449628755448891
1703,8,train_0010,12592.575190496495,10751.198102324255,125.11981023242552,0.0,12717.69500072892,16.84,0.66,0.0,0.0,5.0,0.6449628755448891
1704,8,train_0344,12088.827069162373,10667.851817678262,116.78518176782619,0.0,12205.612250930199,14.6,0.46,0.0,0.0,5.0,0.6449628755448891
1705,8,train_0113,12216.924532700308,10279.18120362345,77.91812036234496,0.0,12294.842653062653,17.42,0.8,0.0,0.0,5.0,0.6449628755448891
1706,8,train_0599,12045.343455626757,10321.821624065054,82.18216240650546,0.0,12127.525618033262,16.5,0.7,0.0,0.0,5.0,0.6449628755448891
1707,8,train_0245,11864.725548740229,10069.283047926241,56.92830479262412,0.0,11921.653853532853,15.42,0.64,0.0,0.0,5.0,0.6449628755448891
1708,8,train_0026,12054.4197453542,10027.806475264395,52.7806475264395,0.0,12107.200392880639,15.58,0.64,0.0,0.0,5.0,0.6449628755448891
1709,8,train_0005,11945.81620975526,10313.302893038403,81.33028930384026,0.0,12027.1464990591,16.26,0.56,0.0,0.0,5.0,0.6449628755448891
1710,8,train_0409,12807.393601210886,10894.2534651421,139.42534651420993,0.0,12946.818947725096,19.42,0.62,0.0,0.0,5.0,0.6449628755448891
1711,8,train_0327,12590.193606167966,10338.485687911549,83.84856879115488,0.0,12674.04217495912,18.14,0.68,0.0,0.0,5.0,0.6449628755448891
1712,8,train_0419,12353.74632273085,10448.934131472697,94.89341314726971,0.0,12448.639735878121,15.74,0.68,0.0,0.0,5.0,0.6449628755448891
1713,8,train_0571,12464.007441113397,10403.831623107983,90.38316231079826,0.0,12554.390603424195,15.86,0.8,0.0,0.0,5.0,0.6449628755448891
1714,8,train_0189,12297.378178202993,10245.324029661759,74.53240296617587,0.0,12371.910581169168,15.74,0.72,0.0,0.0,5.0,0.6449628755448891
1715,8,train_0335,12676.023866470008,10559.491020210065,105.94910202100655,0.0,12781.972968491014,17.82,0.8,0.0,0.0,5.0,0.6449628755448891
1716,8,train_0084,12139.385470522768,10326.16563290678,82.61656329067792,0.0,12222.002033813445,15.36,0.72,0.0,0.0,5.0,0.6449628755448891
1717,8,train_0124,12416.446133995116,10533.72275484083,103.372275484083,0.0,12519.8184094792,18.94,0.76,0.0,0.0,5.0,0.6449628755448891
1718,8,train_0180,12603.529954422833,10429.3516255742,92.93516255741997,0.0,12696.465116980253,16.96,0.64,0.0,0.0,5.0,0.6449628755448891
1719,8,train_0038,12323.509555123965,10745.194442737367,124.51944427373674,0.0,12448.028999397702,17.9,0.68,0.0,0.0,5.0,0.6449628755448891
1720,8,train_0070,11831.009412659856,9888.615024501298,38.86150245012978,0.0,11869.870915109987,14.88,0.66,0.0,0.0,5.0,0.6449628755448891
1721,8,train_0324,12261.792349351592,10550.864703466868,105.08647034668684,0.0,12366.878819698279,15.1,0.84,0.0,0.0,5.0,0.6449628755448891
1722,8,train_0297,12205.252524966605,10194.871270277345,69.48712702773446,0.0,12274.73965199434,14.0,0.68,0.0,0.0,5.0,0.6449628755448891
1723,8,train_0411,12999.954397584663,10911.81722702245,141.18172270224497,0.0,13141.136120286908,15.62,0.64,0.0,0.0,5.0,0.6449628755448891
1724,8,train_0387,12376.048282475876,10042.706974517656,54.27069745176559,0.0,12430.318979927642,15.86,0.7,0.0,0.0,5.0,0.6449628755448891
1725,8,train_0384,12061.961102706591,10187.833912987788,68.78339129877877,0.0,12130.74449400537,16.76,0.74,0.0,0.0,5.0,0.6449628755448891
1726,8,train_0153,12097.651057824405,10384.290187732828,88.42901877328278,0.0,12186.080076597687,17.14,0.68,0.0,0.0,5.0,0.6449628755448891
1727,8,train_0340,12370.091751935066,10268.069773408417,76.8069773408417,0.0,12446.898729275908,15.38,0.7,0.0,0.0,5.0,0.6449628755448891
1728,8,train_0208,12318.315835392707,10487.981878701783,98.79818787017831,0.0,12417.114023262884,15.9,0.72,0.0,0.0,5.0,0.6449628755448891
1729,8,train_0220,12117.448739353627,10318.436848348607,81.8436848348607,0.0,12199.292424188488,15.72,0.66,0.0,0.0,5.0,0.6449628755448891
1730,8,train_0297,11997.666820721452,10335.583671760742,83.55836717607417,0.0,12081.225187897526,13.44,0.74,0.0,0.0,5.0,0.6449628755448891
1731,8,train_0233,12937.898143008006,10636.232110584497,113.62321105844967,0.0,13051.521354066455,16.2,0.66,0.0,0.0,5.0,0.6449628755448891
1732,8,train_0077,12029.136389247538,10371.018730269097,87.10187302690974,0.0,12116.238262274448,15.88,0.72,0.0,0.0,5.0,0.6449628755448891
1733,8,train_0517,12408.53780989489,10774.61916472305,127.46191647230499,0.0,12535.999726367194,16.18,0.66,0.0,0.0,5.0,0.6449628755448891
1734,8,train_0236,12305.313745793706,10221.10368048187,72.11036804818706,0.0,12377.424113841893,19.6,0.64,0.0,0.0,5.0,0.6449628755448891
1735,8,train_0029,12188.520594781992,10327.065327340797,82.7065327340797,0.0,12271.227127516071,16.48,0.48,0.0,0.0,5.0,0.6449628755448891
1736,8,train_0391,12221.674296943347,10533.90873308069,103.39087330806906,0.0,12325.065170251417,14.86,0.62,0.0,0.0,5.0,0.6449628755448891
1737,8,train_0179,12130.260116894746,10143.264657204396,64.3264657204396,0.0,12194.586582615186,14.42,0.6,0.0,0.0,5.0,0.6449628755448891
1738,8,train_0474,12450.467901029664,10886.959578808735,138.69595788087355,0.0,12589.163858910537,14.22,0.72,0.0,0.0,5.0,0.6449628755448891
1739,8,train_0172,12410.647097279638,10267.775558711708,76.7775558711708,0.0,12487.424653150809,15.9,0.7,0.0,0.0,5.0,0.6449628755448891
1740,8,train_0512,12362.718812085448,10322.546387538514,82.2546387538514,0.0,12444.9734508393,16.8,0.7,0.0,0.0,5.0,0.6449628755448891
1741,8,train_0588,12489.172777030002,10114.90055885873,61.49005588587298,0.0,12550.662832915876,18.6,0.72,0.0,0.0,5.0,0.6449628755448891
1742,8,train_0319,12260.272646668382,10416.731080708181,91.67310807081813,0.0,12351.9457547392,16.46,0.68,0.0,0.0,5.0,0.6449628755448891
1743,8,train_0301,12706.875889170471,10728.223479687378,122.82234796873782,0.0,12829.69823713921,15.48,0.64,0.0,0.0,5.0,0.6449628755448891
1744,8,train_0093,12143.882688890752,10079.254109702983,57.92541097029826,0.0,12201.80809986105,17.98,0.7,0.0,0.0,5.0,0.6449628755448891
1745,8,train_0108,12369.333400497366,10428.989085128393,92.89890851283927,0.0,12462.232309010205,16.8,0.74,0.0,0.0,5.0,0.6449628755448891
1746,8,train_0122,12348.114232548662,10164.70022412879,66.470022412879,0.0,12414.58425496154,16.24,0.72,0.0,0.0,5.0,0.6449628755448891
1747,8,train_0508,12625.18766851754,10627.075476013331,112.70754760133315,0.0,12737.895216118872,15.12,0.76,0.0,0.0,5.0,0.6449628755448891
1748,8,train_0524,11792.656342453363,10028.894076787343,52.88940767873428,0.0,11845.545750132098,16.64,0.68,0.0,0.0,5.0,0.6449628755448891
1749,8,train_0224,12274.01520809496,10238.541382644475,73.85413826444747,0.0,12347.869346359406,13.74,0.78,0.0,0.0,5.0,0.6449628755448891
1750,8,train_0502,12621.911034773711,10310.378217741392,81.03782177413923,0.0,12702.948856547851,15.1,0.7,0.0,0.0,5.0,0.6449628755448891
1751,8,train_0231,12409.44453853439,10503.420901179681,100.34209011796811,0.0,12509.786628652359,15.9,0.64,0.0,0.0,5.0,0.6449628755448891
1752,8,train_0094,11808.739784257454,10179.624955398467,67.96249553984671,0.0,11876.7022797973,16.68,0.58,0.0,0.0,5.0,0.6449628755448891
1753,8,train_0202,12572.510028407236,10414.797509157856,91.47975091578556,0.0,12663.989779323021,15.86,0.84,0.0,0.0,5.0,0.6449628755448891
1754,8,train_0247,12403.103247124378,10748.04629995938,124.80462999593801,0.0,12527.907877120317,16.92,0.68,0.0,0.0,5.0,0.6449628755448891
1755,8,train_0090,12243.212444917206,10650.222930861486,115.02229308614861,0.0,12358.234738003355,15.24,0.68,0.0,0.0,5.0,0.6449628755448891
1756,8,train_0403,12308.703920574526,10919.398454429625,141.93984544296254,0.0,12450.643766017489,13.42,0.74,0.0,0.0,5.0,0.6449628755448891
1757,8,train_0267,12258.852471525217,10176.862257751123,67.68622577511233,0.0,12326.53869730033,16.3,0.78,0.0,0.0,5.0,0.6449628755448891
1758,8,train_0446,12358.260912193713,10026.493885882686,52.649388588268636,0.0,12410.910300781981,16.46,0.62,0.0,0.0,5.0,0.6449628755448891
1759,8,train_0329,12477.067576930433,10420.502746730017,92.0502746730017,0.0,12569.117851603434,17.06,0.62,0.0,0.0,5.0,0.6449628755448891
1760,8,train_0362,12103.800451135903,10111.977025356693,61.19770253566931,0.0,12164.998153671573,15.36,0.56,0.0,0.0,5.0,0.6449628755448891
1761,8,train_0271,12395.124689449673,10102.584312149815,60.25843121498147,0.0,12455.383120664654,16.68,0.76,0.0,0.0,5.0,0.6449628755448891
1762,8,train_0355,12650.19591372108,10329.191984740308,82.9191984740308,0.0,12733.11511219511,17.52,0.74,0.0,0.0,5.0,0.6449628755448891
1763,8,train_0228,12249.410874703284,10436.108361426632,93.61083614266317,0.0,12343.021710845947,15.28,0.78,0.0,0.0,5.0,0.6449628755448891
1764,8,train_0205,12630.795005321403,10424.786024511664,92.47860245116645,0.0,12723.27360777257,15.8,0.68,0.0,0.0,5.0,0.6449628755448891
1765,8,train_0137,11999.815109305244,10324.347848219742,82.43478482197425,0.0,12082.249894127219,15.14,0.72,0.0,0.0,5.0,0.6449628755448891
1766,8,train_0510,13132.814478820092,10439.227944175896,93.92279441758966,0.0,13226.73727323768,14.42,0.74,0.0,0.0,5.0,0.6449628755448891
1767,8,train_0515,12241.402010702051,10469.934558421639,96.9934558421639,0.0,12338.395466544216,16.86,0.72,0.0,0.0,5.0,0.6449628755448891
1768,8,train_0502,12517.286404358758,10488.613251532577,98.86132515325772,0.0,12616.147729512015,13.38,0.72,0.0,0.0,5.0,0.6449628755448891
1769,8,train_0517,12512.790254594129,10702.694995882437,120.26949958824372,0.0,12633.059754182372,15.46,0.72,0.0,0.0,5.0,0.6449628755448891
1770,8,train_0155,12400.48215292136,10662.159625693857,116.21596256938574,0.0,12516.698115490746,15.06,0.48,0.0,0.0,5.0,0.6449628755448891
1771,8,train_0337,11826.727717136822,10340.234306335733,84.0234306335733,0.0,11910.751147770396,17.7,0.6,0.0,0.0,5.0,0.6449628755448891
1772,8,train_0578,12324.493670806567,10528.72153136206,102.87215313620601,0.0,12427.365823942773,18.36,0.7,0.0,0.0,5.0,0.6449628755448891
1773,8,train_0426,12365.943986696448,10069.133537577278,56.91335375772778,0.0,12422.857340454175,16.42,0.82,0.0,0.0,5.0,0.6449628755448891
1774,8,train_0089,12333.359296518924,10726.521607657725,122.65216076577254,0.0,12456.011457284696,15.72,0.68,0.0,0.0,5.0,0.6449628755448891
1775,8,train_0546,12674.491571307484,10199.381814974851,69.93818149748513,0.0,12744.42975280497,19.06,0.66,0.0,0.0,5.0,0.6449628755448891
1776,8,train_0347,12069.613702862964,10723.415722105347,122.34157221053465,0.0,12191.955275073498,16.74,0.76,0.0,0.0,5.0,0.6449628755448891
1777,8,train_0096,12484.94821299954,10529.61989353192,102.96198935319208,0.0,12587.910202352732,17.3,0.7,0.0,0.0,5.0,0.6449628755448891
1778,8,train_0099,11796.485339314097,10173.304049017277,67.3304049017277,0.0,11863.815744215824,17.68,0.6,0.0,0.0,5.0,0.6449628755448891
1779,8,train_0076,12141.498397117863,10469.46785035493,96.94678503549295,0.0,12238.445182153355,17.42,0.8,0.0,0.0,5.0,0.6449628755448891
1780,8,train_0136,12843.178050453684,9955.9437021585,45.59437021585,0.0,12888.772420669533,19.02,0.7,0.0,0.0,5.0,0.6449628755448891
1781,8,train_0119,12325.32782519522,10309.240394348724,80.92403943487244,0.0,12406.251864630092,17.18,0.62,0.0,0.0,5.0,0.6449628755448891
1782,8,train_0599,12045.169583031438,10328.160343451123,82.81603434511236,0.0,12127.985617376551,16.22,0.72,0.0,0.0,5.0,0.6449628755448891
1783,8,train_0354,11936.653084813197,10125.688452711398,62.5688452711398,0.0,11999.221930084337,15.2,0.6,0.0,0.0,5.0,0.6449628755448891
1784,8,train_0419,12130.23601051681,10578.611152265712,107.8611152265712,0.0,12238.097125743381,16.44,0.76,0.0,0.0,5.0,0.6449628755448891
1785,8,train_0044,12795.024626644608,10496.818877956808,99.68188779568082,0.0,12894.70651444029,15.68,0.76,0.0,0.0,5.0,0.6449628755448891
1786,8,train_0421,12812.032623776257,10545.640687465831,104.56406874658315,0.0,12916.59669252284,15.4,0.78,0.0,0.0,5.0,0.6449628755448891
1787,8,train_0440,12735.439784941716,10906.066171638116,140.60661716381165,0.0,12876.046402105529,17.16,0.68,0.0,0.0,5.0,0.6449628755448891
1788,8,train_0004,12468.631051482433,10516.27803038273,101.62780303827294,0.0,12570.258854520705,17.52,0.64,0.0,0.0,5.0,0.6449628755448891
1789,8,train_0029,12281.410926422344,10548.190990223418,104.81909902234185,0.0,12386.230025444685,16.62,0.66,0.0,0.0,5.0,0.6449628755448891
1790,8,train_0302,12191.692040874554,10896.09310450477,139.60931045047693,0.0,12331.30135132503,15.6,0.62,0.0,0.0,5.0,0.6449628755448891
1791,8,train_0015,12085.720088230753,10589.37590578881,108.93759057888093,0.0,12194.657678809634,17.3,0.56,0.0,0.0,5.0,0.6449628755448891
1792,8,train_0219,12406.655612100525,10531.728226874808,103.17282268748077,0.0,12509.828434788005,15.72,0.68,0.0,0.0,5.0,0.6449628755448891
1793,8,train_0579,12353.5599879069,10503.66041141063,100.36604114106304,0.0,12453.926029047963,16.72,0.72,0.0,0.0,5.0,0.6449628755448891
1794,8,train_0566,12009.41738973662,10063.80037120211,56.380037120210915,0.0,12065.79742685683,15.32,0.62,0.0,0.0,5.0,0.6449628755448891
1795,8,train_0211,12370.237747736634,10417.546550625255,91.7546550625255,0.0,12461.992402799158,16.36,0.7,0.0,0.0,5.0,0.6449628755448891
1796,8,train_0597,12361.590491323685,10117.408853251505,61.74088532515052,0.0,12423.331376648835,17.24,0.52,0.0,0.0,5.0,0.6449628755448891
1797,8,train_0335,12575.494577930838,10740.119597973908,124.01195979739077,0.0,12699.50653772823,18.26,0.64,0.0,0.0,5.0,0.6449628755448891
1798,8,train_0312,11880.986171967448,10097.302381214966,59.73023812149659,0.0,11940.716410088944,14.96,0.64,0.0,0.0,5.0,0.6449628755448891
1799,8,train_0289,12629.58094291532,10777.542921825898,127.75429218258978,0.0,12757.33523509791,15.7,0.54,0.0,0.0,5.0,0.6449628755448891
1800,8,train_0468,12204.029899648232,10054.24728308021,55.42472830802108,0.0,12259.454627956253,14.46,0.62,0.0,0.0,5.0,0.6449628755448891
1801,8,train_0388,12635.39660262689,10696.01911351276,119.60191135127607,0.0,12754.998513978166,14.28,0.66,0.0,0.0,5.0,0.6449628755448891
1802,8,train_0350,12119.84407363956,10157.598171739084,65.75981717390842,0.0,12185.603890813469,16.74,0.56,0.0,0.0,5.0,0.6449628755448891
1803,8,train_0565,12885.894683858034,10541.85433518359,104.18543351835906,0.0,12990.080117376394,15.44,0.78,0.0,0.0,5.0,0.6449628755448891
1804,8,train_0179,12125.94008623877,10340.174204436127,84.01742044361272,0.0,12209.957506682384,14.58,0.68,0.0,0.0,5.0,0.6449628755448891
1805,8,train_0334,12259.254592516512,10476.13991815871,97.61399181587095,0.0,12356.868584332384,15.98,0.66,0.0,0.0,5.0,0.6449628755448891
1806,8,train_0048,12415.34829902395,10494.928371608166,99.49283716081663,0.0,12514.841136184767,16.36,0.68,0.0,0.0,5.0,0.6449628755448891
1807,8,train_0193,12344.330133649277,10298.463230038915,79.84632300389148,0.0,12424.176456653167,14.66,0.52,0.0,0.0,5.0,0.6449628755448891
1808,8,train_0418,12536.044285009464,10500.699413526858,100.06994135268579,0.0,12636.11422636215,16.1,0.64,0.0,0.0,5.0,0.6449628755448891
1809,8,train_0024,11720.890835166361,10383.855430840125,88.38554308401254,0.0,11809.276378250373,15.94,0.68,0.0,0.0,5.0,0.6449628755448891
1810,8,train_0313,12382.420555072018,10513.068281189815,101.30682811898151,0.0,12483.727383190999,16.24,0.7,0.0,0.0,5.0,0.6449628755448891
1811,8,train_0386,12491.529434160511,10216.959592362364,71.69595923623638,0.0,12563.225393396748,14.8,0.72,0.0,0.0,5.0,0.6449628755448891
1812,8,train_0054,12134.236230686922,10590.887761592925,109.08877615929251,0.0,12243.325006846215,15.56,0.74,0.0,0.0,5.0,0.6449628755448891
1813,8,train_0252,12045.819324039541,10131.370126733791,63.137012673379104,0.0,12108.95633671292,15.72,0.68,0.0,0.0,5.0,0.6449628755448891
1814,8,train_0029,12295.599644120783,10294.734004305083,79.47340043050826,0.0,12375.07304455129,17.3,0.68,0.0,0.0,5.0,0.6449628755448891
1815,8,train_0573,11909.634039558252,10114.778275221117,61.477827522111696,0.0,11971.111867080364,16.04,0.66,0.0,0.0,5.0,0.6449628755448891
1816,8,train_0568,12784.63997612156,10518.719932799479,101.87199327994786,0.0,12886.511969401508,16.0,0.72,0.0,0.0,5.0,0.6449628755448891
1817,8,train_0351,12626.86380089915,10500.035779999687,100.00357799996874,0.0,12726.867378899118,15.74,0.72,0.0,0.0,5.0,0.6449628755448891
1818,8,train_0065,12701.925890486102,10200.841297308238,70.08412973082378,0.0,12772.010020216925,15.1,0.68,0.0,0.0,5.0,0.6449628755448891
1819,8,train_0380,12084.286055157,10374.195722560096,87.41957225600964,0.0,12171.705627413008,16.0,0.66,0.0,0.0,5.0,0.6449628755448891
1820,8,train_0466,12137.954438992794,11003.291186008271,150.32911860082714,0.0,12288.28355759362,18.56,0.56,0.0,0.0,5.0,0.6449628755448891
1821,8,train_0384,11947.991226233598,10385.169752196147,88.5169752196147,0.0,12036.508201453213,17.1,0.8,0.0,0.0,5.0,0.6449628755448891
1822,8,train_0469,12584.504351999141,10893.386902530356,139.33869025303557,0.0,12723.843042252178,15.82,0.84,0.0,0.0,5.0,0.6449628755448891
1823,8,train_0325,12432.028685476122,10385.033140123269,88.50331401232688,0.0,12520.531999488448,14.12,0.66,0.0,0.0,5.0,0.6449628755448891
1824,8,train_0532,12243.267913086174,10170.125324708471,67.01253247084715,0.0,12310.280445557022,15.16,0.78,0.0,0.0,5.0,0.6449628755448891
1825,8,train_0232,12249.98790445753,10493.110822306506,99.31108223065058,0.0,12349.29898668818,15.24,0.84,0.0,0.0,5.0,0.6449628755448891
1826,8,train_0598,12104.241008049794,10467.236827254732,96.7236827254732,0.0,12200.964690775267,13.7,0.78,0.0,0.0,5.0,0.6449628755448891
1827,8,train_0276,12155.894236484964,10353.442357871429,85.34423578714286,0.0,12241.238472272107,15.62,0.7,0.0,0.0,5.0,0.6449628755448891
1828,8,train_0589,12067.319297733255,10317.350725396907,81.73507253969075,0.0,12149.054370272945,15.64,0.74,0.0,0.0,5.0,0.6449628755448891
1829,8,train_0409,13010.776374509014,10575.87132477663,107.587132477663,0.0,13118.363506986678,18.04,0.82,0.0,0.0,5.0,0.6449628755448891
1830,8,train_0235,12487.104897776644,10674.27231765327,117.4272317653271,0.0,12604.53212954197,15.12,0.68,0.0,0.0,5.0,0.6449628755448891
1831,8,train_0143,12603.788434666492,10641.660844196549,114.16608441965491,0.0,12717.954519086146,14.44,0.64,0.0,0.0,5.0,0.6449628755448891
1832,8,train_0538,12599.71504959722,10648.344833775784,114.83448337757837,0.0,12714.5495329748,16.4,0.76,0.0,0.0,5.0,0.6449628755448891
1833,8,train_0109,12700.696041251826,10329.381161828045,82.93811618280452,0.0,12783.63415743463,17.24,0.64,0.0,0.0,5.0,0.6449628755448891
1834,8,train_0567,13095.172762262082,10930.221783391542,143.0221783391542,0.0,13238.194940601235,16.08,0.76,0.0,0.0,5.0,0.6449628755448891
1835,8,train_0539,12261.546818453446,10219.192909211646,71.91929092116462,0.0,12333.46610937461,15.44,0.72,0.0,0.0,5.0,0.6449628755448891
1836,8,train_0377,12006.883484690054,10644.565892860282,114.45658928602825,0.0,12121.340073976082,16.06,0.78,0.0,0.0,5.0,0.6449628755448891
1837,8,train_0409,12775.318325427626,10845.908939838215,134.59089398382147,0.0,12909.909219411447,19.34,0.62,0.0,0.0,5.0,0.6449628755448891
1838,8,train_0344,12139.786306090497,10507.578204751857,100.7578204751857,0.0,12240.544126565683,15.08,0.64,0.0,0.0,5.0,0.6449628755448891
1839,8,train_0522,12560.976946424937,10351.985210880299,85.19852108802989,0.0,12646.175467512967,17.74,0.7,0.0,0.0,5.0,0.6449628755448891
1840,9,train_0091,12448.810215417043,10270.047233191319,77.00472331913188,0.0,12525.814938736175,16.46,0.62,0.0,0.0,5.0,0.6449628755448891
1841,9,train_0220,12303.023413067773,10546.260039732053,104.6260039732053,0.0,12407.649417040979,15.82,0.7,0.0,0.0,5.0,0.6449628755448891
1842,9,train_0208,12349.395477732454,10209.485007968071,70.9485007968071,0.0,12420.343978529261,15.0,0.68,0.0,0.0,5.0,0.6449628755448891
1843,9,train_0345,12727.219563956598,9951.565357963678,45.15653579636783,0.0,12772.376099752966,15.6,0.7,0.0,0.0,5.0,0.6449628755448891
1844,9,train_0303,11986.63174673215,10154.211350884128,65.42113508841285,0.0,12052.052881820562,14.52,0.62,0.0,0.0,5.0,0.6449628755448891
1845,9,train_0362,12263.4930663876,10046.566062985728,54.65660629857285,0.0,12318.149672686173,15.5,0.6,0.0,0.0,5.0,0.6449628755448891
1846,9,train_0179,12412.210796125633,10014.349465994796,51.43494659947956,0.0,12463.645742725113,14.24,0.68,0.0,0.0,5.0,0.6449628755448891
1847,9,train_0536,12268.650759768665,10350.399036420802,85.03990364208022,0.0,12353.690663410745,14.72,0.6,0.0,0.0,5.0,0.6449628755448891
1848,9,train_0183,12363.360918983395,10749.196184756285,124.91961847562852,0.0,12488.280537459024,14.56,0.82,0.0,0.0,5.0,0.6449628755448891
1849,9,train_0526,12190.083653080535,10624.329282376148,112.43292823761476,0.0,12302.51658131815,16.16,0.72,0.0,0.0,5.0,0.6449628755448891
1850,9,train_0057,12006.993755258283,10160.338702731122,66.03387027311219,0.0,12073.027625531395,15.0,0.7,0.0,0.0,5.0,0.6449628755448891
1851,9,train_0156,12435.206847437967,10286.588630647526,78.6588630647526,0.0,12513.86571050272,15.72,0.64,0.0,0.0,5.0,0.6449628755448891
1852,9,train_0422,12365.803093234354,10515.086121702454,101.5086121702454,0.0,12467.3117054046,16.08,0.6,0.0,0.0,5.0,0.6449628755448891
1853,9,train_0581,12351.73900055356,10445.339031050824,94.5339031050824,0.0,12446.272903658642,16.06,0.72,0.0,0.0,5.0,0.6449628755448891
1854,9,train_0145,12446.94569114881,10299.5616226872,79.95616226872008,0.0,12526.90185341753,14.02,0.62,0.0,0.0,5.0,0.6449628755448891
1855,9,train_0223,12195.190353433281,10132.923085768145,63.292308576814506,0.0,12258.482662010096,15.08,0.6,0.0,0.0,5.0,0.6449628755448891
1856,9,train_0562,12255.833817371946,10267.346707727038,76.7346707727038,0.0,12332.56848814465,15.46,0.8,0.0,0.0,5.0,0.6449628755448891
1857,9,train_0365,12970.289373418513,10459.069478803101,95.90694788031016,0.0,13066.196321298823,15.62,0.68,0.0,0.0,5.0,0.6449628755448891
1858,9,train_0394,12359.465981832,10369.345050714543,86.93450507145427,0.0,12446.400486903454,16.32,0.7,0.0,0.0,5.0,0.6449628755448891
1859,9,train_0595,12064.610140111887,9978.79346797398,47.87934679739792,0.0,12112.489486909284,17.36,0.64,0.0,0.0,5.0,0.6449628755448891
1860,9,train_0578,12378.270615375757,10046.574267133883,54.657426713388304,0.0,12432.928042089145,18.92,0.7,0.0,0.0,5.0,0.6449628755448891
1861,9,train_0244,12234.791046970453,10493.841141662375,99.3841141662375,0.0,12334.17516113669,17.34,0.74,0.0,0.0,5.0,0.6449628755448891
1862,9,train_0349,12387.402123842974,9990.942160469633,49.09421604696327,0.0,12436.496339889938,17.18,0.72,0.0,0.0,5.0,0.6449628755448891
1863,9,train_0385,12594.94683025231,10653.333364590851,115.33333645908516,0.0,12710.280166711394,16.0,0.74,0.0,0.0,5.0,0.6449628755448891
1864,9,train_0486,12678.424769179714,10357.151916087892,85.71519160878925,0.0,12764.139960788503,14.88,0.76,0.0,0.0,5.0,0.6449628755448891
1865,9,train_0592,12466.460872401993,10282.071146746948,78.20711467469482,0.0,12544.667987076687,15.3,0.64,0.0,0.0,5.0,0.6449628755448891
1866,9,train_0117,12039.30039576476,10163.858678935423,66.38586789354231,0.0,12105.686263658303,16.58,0.66,0.0,0.0,5.0,0.6449628755448891
1867,9,train_0377,12530.690607994427,10154.654935856921,65.4654935856921,0.0,12596.15610158012,17.14,0.7,0.0,0.0,5.0,0.6449628755448891
1868,9,train_0204,12921.881778545245,10248.556962996994,74.85569629969942,0.0,12996.737474844944,14.86,0.82,0.0,0.0,5.0,0.6449628755448891
1869,9,train_0394,12464.950190163527,10147.897935117699,64.78979351176986,0.0,12529.739983675296,14.3,0.66,0.0,0.0,5.0,0.6449628755448891
1870,9,train_0120,12245.123612214058,10107.733921715511,60.77339217155114,0.0,12305.89700438561,15.96,0.64,0.0,0.0,5.0,0.6449628755448891
1871,9,train_0472,12718.70527237071,10507.34537232668,100.73453723266795,0.0,12819.439809603376,16.28,0.68,0.0,0.0,5.0,0.6449628755448891
1872,9,train_0510,12868.431031299038,10472.508181630583,97.25081816305828,0.0,12965.681849462097,16.24,0.8,0.0,0.0,5.0,0.6449628755448891
1873,9,train_0472,12381.821529051325,10566.733757544247,106.67337575442471,0.0,12488.49490480575,15.42,0.8,0.0,0.0,5.0,0.6449628755448891
1874,9,train_0477,11956.521832223018,10438.687241032036,93.86872410320358,0.0,12050.390556326221,13.84,0.7,0.0,0.0,5.0,0.6449628755448891
1875,9,train_0568,12799.012339198383,10729.907144518791,122.99071445187911,0.0,12922.003053650262,15.76,0.82,0.0,0.0,5.0,0.6449628755448891
1876,9,train_0093,12136.950590898196,10194.52610889231,69.45261088923108,0.0,12206.403201787427,16.16,0.62,0.0,0.0,5.0,0.6449628755448891
1877,9,train_0389,12272.369318969613,10511.943517044314,101.1943517044314,0.0,12373.563670674044,14.22,0.68,0.0,0.0,5.0,0.6449628755448891
1878,9,train_0357,12091.626791754145,10094.584921362013,59.458492136201315,0.0,12151.085283890347,15.48,0.62,0.0,0.0,5.0,0.6449628755448891
1879,9,train_0150,12505.66262196503,10142.6894830931,64.26894830930996,0.0,12569.93157027434,17.1,0.78,0.0,0.0,5.0,0.6449628755448891
1880,9,train_0431,12227.289370965324,10503.378403706225,100.33784037062252,0.0,12327.627211335946,17.56,0.68,0.0,0.0,5.0,0.6449628755448891
1881,9,train_0036,12423.837685552611,10456.485718865912,95.64857188659117,0.0,12519.486257439203,16.24,0.6,0.0,0.0,5.0,0.6449628755448891
1882,9,train_0235,12807.572289370959,10345.710296308742,84.5710296308742,0.0,12892.143319001832,15.96,0.8,0.0,0.0,5.0,0.6449628755448891
1883,9,train_0047,12630.68920374681,10044.221548706955,54.42215487069552,0.0,12685.111358617505,15.46,0.74,0.0,0.0,5.0,0.6449628755448891
1884,9,train_0176,12622.56413668626,10816.217635857744,131.62176358577435,0.0,12754.185900272034,15.18,0.68,0.0,0.0,5.0,0.6449628755448891
1885,9,train_0577,13200.135990052504,10812.831494032396,131.28314940323963,0.0,13331.419139455744,16.86,0.8,0.0,0.0,5.0,0.6449628755448891
1886,9,train_0476,12300.243896427544,10107.114088743318,60.71140887433176,0.0,12360.955305301875,19.78,0.78,0.0,0.0,5.0,0.6449628755448891
1887,9,train_0493,12112.70203160716,10280.960341020538,78.09603410205382,0.0,12190.798065709214,16.88,0.72,0.0,0.0,5.0,0.6449628755448891
1888,9,train_0591,12612.686133471483,10509.555194774073,100.95551947740734,0.0,12713.64165294889,18.42,0.74,0.0,0.0,5.0,0.6449628755448891
1889,9,train_0356,12956.948824992141,10345.318547020855,84.53185470208555,0.0,13041.480679694227,16.52,0.7,0.0,0.0,5.0,0.6449628755448891
1890,9,train_0590,12649.618129806722,10193.869361245728,69.38693612457283,0.0,12719.005065931295,16.48,0.6,0.0,0.0,5.0,0.6449628755448891
1891,9,train_0539,12508.090865659206,10100.656712826221,60.065671282622134,0.0,12568.156536941828,14.72,0.58,0.0,0.0,5.0,0.6449628755448891
1892,9,train_0303,12071.780413198132,10380.2034616663,88.02034616663005,0.0,12159.800759364762,16.36,0.82,0.0,0.0,5.0,0.6449628755448891
1893,9,train_0522,12407.94596590353,10623.21783363375,112.32178336337493,0.0,12520.267749266905,17.26,0.76,0.0,0.0,5.0,0.6449628755448891
1894,9,train_0155,12379.731366097683,10307.306234578453,80.7306234578453,0.0,12460.461989555528,16.34,0.74,0.0,0.0,5.0,0.6449628755448891
1895,9,train_0215,12379.650200281138,10479.122643110531,97.91226431105315,0.0,12477.56246459219,17.2,0.72,0.0,0.0,5.0,0.6449628755448891
1896,9,train_0589,12230.540371654053,10013.844443550443,51.38444435504425,0.0,12281.924816009097,16.5,0.78,0.0,0.0,5.0,0.6449628755448891
1897,9,train_0485,12129.001019559328,9987.215409256456,48.721540925645606,0.0,12177.722560484974,17.14,0.72,0.0,0.0,5.0,0.6449628755448891
1898,9,train_0380,12273.402251198833,10246.623359108966,74.66233591089659,0.0,12348.06458710973,16.08,0.58,0.0,0.0,5.0,0.6449628755448891
1899,9,train_0119,12416.923951766146,10319.45954349239,81.94595434923905,0.0,12498.869906115386,16.44,0.7,0.0,0.0,5.0,0.6449628755448891
1900,9,train_0085,12965.272447000652,9785.357216954702,28.53572169547024,0.0,12993.808168696123,15.56,0.62,0.0,0.0,5.0,0.6449628755448891
1901,9,train_0590,12671.447288053801,10145.233368205449,64.52333682054487,0.0,12735.970624874346,15.98,0.78,0.0,0.0,5.0,0.6449628755448891
1902,9,train_0477,12204.17354973117,10163.815065914612,66.38150659146122,0.0,12270.55505632263,13.74,0.58,0.0,0.0,5.0,0.6449628755448891
1903,9,train_0189,12635.086743348129,10527.154205411593,102.71542054115926,0.0,12737.802163889288,16.24,0.7,0.0,0.0,5.0,0.6449628755448891
1904,9,train_0083,12096.956801845385,10268.407610446848,76.84076104468477,0.0,12173.79756289007,15.62,0.64,0.0,0.0,5.0,0.6449628755448891
1905,9,train_0167,12224.566069637509,10308.030171782833,80.80301717828334,0.0,12305.369086815792,15.98,0.56,0.0,0.0,5.0,0.6449628755448891
1906,9,train_0063,12345.77126658673,10567.749415093589,106.77494150935891,0.0,12452.546208096088,15.52,0.78,0.0,0.0,5.0,0.6449628755448891
1907,9,train_0109,12822.599834679917,10372.4475228716,87.24475228716001,0.0,12909.844586967078,18.06,0.76,0.0,0.0,5.0,0.6449628755448891
1908,9,train_0239,12536.180495312754,10330.0241345418,83.00241345417999,0.0,12619.182908766934,14.12,0.72,0.0,0.0,5.0,0.6449628755448891
1909,9,train_0333,12646.76116934104,10743.77501809403,124.37750180940293,0.0,12771.138671150442,16.12,0.7,0.0,0.0,5.0,0.6449628755448891
1910,9,train_0521,12792.343418521876,10054.054782937314,55.40547829373136,0.0,12847.748896815607,17.54,0.62,0.0,0.0,5.0,0.6449628755448891
1911,9,train_0540,12618.180889346811,10651.561402742296,115.15614027422963,0.0,12733.337029621041,13.22,0.78,0.0,0.0,5.0,0.6449628755448891
1912,9,train_0158,12436.313334781215,10387.763975335381,88.77639753353816,0.0,12525.089732314753,17.9,0.84,0.0,0.0,5.0,0.6449628755448891
1913,9,train_0332,12334.927436257705,10269.44690104251,76.94469010425092,0.0,12411.872126361955,16.8,0.68,0.0,0.0,5.0,0.6449628755448891
1914,9,train_0433,11954.386392880668,10512.279765093448,101.22797650934481,0.0,12055.614369390012,14.5,0.66,0.0,0.0,5.0,0.6449628755448891
1915,9,train_0023,12022.785935563406,10010.817363288676,51.08173632886756,0.0,12073.867671892274,14.8,0.76,0.0,0.0,5.0,0.6449628755448891
1916,9,train_0269,11876.863306280173,9830.100993652015,33.0100993652015,0.0,11909.873405645374,14.92,0.78,0.0,0.0,5.0,0.6449628755448891
1917,9,train_0032,12310.7785910106,10504.22181542603,100.422181542603,0.0,12411.200772553202,16.76,0.68,0.0,0.0,5.0,0.6449628755448891
1918,9,train_0121,12169.657815887946,10359.562544977096,85.95625449770961,0.0,12255.614070385654,14.78,0.7,0.0,0.0,5.0,0.6449628755448891
1919,9,train_0310,12070.523370146007,10128.533540803037,62.85335408030369,0.0,12133.376724226311,13.88,0.68,0.0,0.0,5.0,0.6449628755448891
1920,9,train_0036,12196.18971356525,10057.636579248221,55.76365792482211,0.0,12251.953371490074,14.52,0.6,0.0,0.0,5.0,0.6449628755448891
1921,9,train_0533,12074.485080442584,10191.99251951909,69.19925195190899,0.0,12143.684332394492,16.16,0.76,0.0,0.0,5.0,0.6449628755448891
1922,9,train_0487,12701.088396217681,10168.006135942285,66.80061359422852,0.0,12767.88900981191,15.52,0.6,0.0,0.0,5.0,0.6449628755448891
1923,9,train_0350,12021.937561736733,10250.364887748723,75.03648877487231,0.0,12096.974050511606,16.68,0.72,0.0,0.0,5.0,0.6449628755448891
1924,9,train_0183,12594.571248624732,10191.905512561661,69.19055125616615,0.0,12663.761799880898,14.44,0.72,0.0,0.0,5.0,0.6449628755448891
1925,9,train_0447,12605.135547596947,10267.609757331202,76.76097573312018,0.0,12681.896523330066,16.32,0.7,0.0,0.0,5.0,0.6449628755448891
1926,9,train_0384,12096.378250912563,10103.619335468109,60.36193354681091,0.0,12156.740184459373,15.6,0.64,0.0,0.0,5.0,0.6449628755448891
1927,9,train_0502,12810.543291451875,10196.924218124626,69.69242181246264,0.0,12880.235713264337,15.34,0.74,0.0,0.0,5.0,0.6449628755448891
1928,9,train_0545,11971.351316400682,10444.042260734966,94.40422607349666,0.0,12065.755542474179,19.56,0.74,0.0,0.0,5.0,0.6449628755448891
1929,9,train_0078,12304.84800080581,10637.73607226905,113.77360722690501,0.0,12418.621608032716,15.32,0.76,0.0,0.0,5.0,0.6449628755448891
1930,9,train_0015,12399.957020966674,10223.195628624924,72.31956286249242,0.0,12472.276583829167,16.86,0.74,0.0,0.0,5.0,0.6449628755448891
1931,9,train_0257,12698.951922363902,10655.164157321393,115.5164157321393,0.0,12814.468338096041,15.6,0.72,0.0,0.0,5.0,0.6449628755448891
1932,9,train_0068,12301.686821394644,10865.78568203335,136.5785682033351,0.0,12438.265389597978,15.8,0.6,0.0,0.0,5.0,0.6449628755448891
1933,9,train_0002,12266.808133852755,10317.011520099542,81.70115200995424,0.0,12348.50928586271,13.16,0.64,0.0,0.0,5.0,0.6449628755448891
1934,9,train_0225,12551.502039824196,10242.308357997976,74.23083579979757,0.0,12625.732875623993,17.58,0.72,0.0,0.0,5.0,0.6449628755448891
1935,9,train_0251,12787.194450092982,10078.082279649667,57.80822796496668,0.0,12845.002678057948,14.34,0.72,0.0,0.0,5.0,0.6449628755448891
1936,9,train_0381,12256.0457943857,10167.79236943491,66.77923694349101,0.0,12322.82503132919,15.9,0.68,0.0,0.0,5.0,0.6449628755448891
1937,9,train_0515,12275.829493945352,10482.474418953763,98.24744189537633,0.0,12374.076935840729,17.82,0.66,0.0,0.0,5.0,0.6449628755448891
1938,9,train_0570,12397.14523840563,10057.12688029869,55.712688029869064,0.0,12452.8579264355,14.8,0.86,0.0,0.0,5.0,0.6449628755448891
1939,9,train_0472,12539.99900019553,10601.445740591023,110.14457405910235,0.0,12650.143574254633,16.54,0.74,0.0,0.0,5.0,0.6449628755448891
1940,9,train_0570,12127.071659256246,10278.03512766869,77.80351276686906,0.0,12204.875172023116,14.64,0.78,0.0,0.0,5.0,0.6449628755448891
1941,9,train_0200,12106.747678094784,10729.548584943874,122.95485849438738,0.0,12229.702536589171,17.42,0.74,0.0,0.0,5.0,0.6449628755448891
1942,9,train_0489,11961.269799383937,10173.520892497178,67.35208924971776,0.0,12028.621888633656,14.26,0.7,0.0,0.0,5.0,0.6449628755448891
1943,9,train_0427,12269.410691643192,10388.905665610868,88.89056656108679,0.0,12358.30125820428,15.48,0.76,0.0,0.0,5.0,0.6449628755448891
1944,9,train_0597,12233.842222014497,10285.36618378486,78.53661837848595,0.0,12312.378840392983,17.42,0.6,0.0,0.0,5.0,0.6449628755448891
1945,9,train_0427,12457.227024571013,10130.499892124204,63.04998921242041,0.0,12520.277013783434,14.42,0.76,0.0,0.0,5.0,0.6449628755448891
1946,9,train_0021,12554.008844286414,10903.331941800323,140.3331941800323,0.0,12694.342038466446,16.9,0.74,0.0,0.0,5.0,0.6449628755448891
1947,9,train_0294,12187.244955333506,10162.368433741445,66.23684337414453,0.0,12253.481798707651,14.92,0.66,0.0,0.0,5.0,0.6449628755448891
1948,9,train_0088,12695.839550842473,10172.823983077174,67.28239830771746,0.0,12763.12194915019,16.98,0.64,0.0,0.0,5.0,0.6449628755448891
1949,9,train_0062,12116.360283182323,10251.695634362737,75.16956343627372,0.0,12191.529846618596,16.52,0.6,0.0,0.0,5.0,0.6449628755448891
1950,9,train_0516,12705.620149822935,10407.526000924268,90.75260009242685,0.0,12796.372749915361,14.66,0.64,0.0,0.0,5.0,0.6449628755448891
1951,9,train_0555,12110.072847604191,10327.391423310663,82.73914233106626,0.0,12192.811989935257,18.04,0.76,0.0,0.0,5.0,0.6449628755448891
1952,9,train_0183,12665.052501168419,10373.304640931217,87.33046409312175,0.0,12752.38296526154,14.42,0.8,0.0,0.0,5.0,0.6449628755448891
1953,9,train_0343,13192.014284357334,10843.075286853262,134.3075286853262,0.0,13326.32181304266,17.64,0.62,0.0,0.0,5.0,0.6449628755448891
1954,9,train_0472,12620.047254965959,10910.462056996892,141.0462056996892,0.0,12761.093460665648,16.02,0.68,0.0,0.0,5.0,0.6449628755448891
1955,9,train_0107,12527.348074766825,10527.281822051806,102.72818220518057,0.0,12630.076256972006,17.12,0.72,0.0,0.0,5.0,0.6449628755448891
1956,9,train_0031,12018.625744030105,10421.98847038818,92.19884703881799,0.0,12110.824591068924,18.08,0.8,0.0,0.0,5.0,0.6449628755448891
1957,9,train_0404,12975.167027777457,10654.977362439957,115.49773624399569,0.0,13090.664764021452,16.28,0.66,0.0,0.0,5.0,0.6449628755448891
1958,9,train_0145,12130.667920401811,10496.658254606937,99.66582546069367,0.0,12230.333745862505,14.32,0.76,0.0,0.0,5.0,0.6449628755448891
1959,9,train_0462,12451.078929132404,10596.9594303048,109.69594303047998,0.0,12560.774872162883,17.34,0.68,0.0,0.0,5.0,0.6449628755448891
1960,9,train_0593,12311.664774279816,10307.942012779027,80.79420127790273,0.0,12392.458975557718,14.7,0.74,0.0,0.0,5.0,0.6449628755448891
1961,9,train_0066,12310.605319980961,10830.282208053774,133.02822080537734,0.0,12443.633540786339,17.64,0.76,0.0,0.0,5.0,0.6449628755448891
1962,9,train_0372,12485.652997511785,10596.136693670793,109.61366936707928,0.0,12595.266666878864,17.02,0.56,0.0,0.0,5.0,0.6449628755448891
1963,9,train_0254,12560.358410826138,10429.195047431564,92.91950474315637,0.0,12653.277915569295,15.78,0.66,0.0,0.0,5.0,0.6449628755448891
1964,9,train_0365,12811.931045295903,10580.584581534527,108.05845815345275,0.0,12919.989503449357,16.88,0.7,0.0,0.0,5.0,0.6449628755448891
1965,9,train_0569,12328.3182535921,9962.308153356364,46.230815335636365,0.0,12374.549068927738,16.68,0.66,0.0,0.0,5.0,0.6449628755448891
1966,9,train_0479,12798.498311253456,10518.073696601938,101.80736966019377,0.0,12900.305680913649,15.66,0.78,0.0,0.0,5.0,0.6449628755448891
1967,9,train_0352,12147.968388613563,9975.346526520958,47.534652652095794,0.0,12195.503041265658,15.04,0.74,0.0,0.0,5.0,0.6449628755448891
1968,9,train_0588,12354.550480424152,10290.630977196888,79.06309771968881,0.0,12433.61357814384,17.2,0.86,0.0,0.0,5.0,0.6449628755448891
1969,9,train_0470,12072.646827757155,10167.284496916398,66.7284496916398,0.0,12139.375277448795,15.96,0.66,0.0,0.0,5.0,0.6449628755448891
1970,9,train_0513,12457.783018997146,10214.970250277604,71.49702502776036,0.0,12529.280044024907,16.76,0.72,0.0,0.0,5.0,0.6449628755448891
1971,9,train_0090,12631.466388399136,10291.756500874357,79.17565008743568,0.0,12710.642038486572,14.1,0.7,0.0,0.0,5.0,0.6449628755448891
1972,9,train_0549,12352.494731009858,10557.005662487623,105.70056624876234,0.0,12458.19529725862,16.32,0.78,0.0,0.0,5.0,0.6449628755448891
1973,9,train_0160,12449.632882320171,10301.686001022426,80.16860010224264,0.0,12529.801482422414,16.36,0.54,0.0,0.0,5.0,0.6449628755448891
1974,9,train_0378,12693.855139002335,10427.434516998223,92.74345169982226,0.0,12786.598590702157,16.34,0.76,0.0,0.0,5.0,0.6449628755448891
1975,9,train_0577,13404.47409986984,10596.022993044651,109.60229930446513,0.0,13514.076399174304,15.42,0.68,0.0,0.0,5.0,0.6449628755448891
1976,9,train_0585,12423.342045483754,10731.280192522594,123.1280192522594,0.0,12546.470064736013,14.0,0.68,0.0,0.0,5.0,0.6449628755448891
1977,9,train_0048,12540.72901458757,10223.484740321268,72.3484740321268,0.0,12613.077488619698,16.1,0.64,0.0,0.0,5.0,0.6449628755448891
1978,9,train_0356,12727.955590229083,10304.519860069811,80.45198600698114,0.0,12808.407576236064,15.74,0.68,0.0,0.0,5.0,0.6449628755448891
1979,9,train_0536,12438.810224481873,10337.747903957292,83.77479039572918,0.0,12522.585014877603,15.46,0.72,0.0,0.0,5.0,0.6449628755448891
1980,9,train_0344,12001.184676488065,10685.36950850649,118.53695085064902,0.0,12119.721627338713,16.1,0.62,0.0,0.0,5.0,0.6449628755448891
1981,9,train_0038,12589.383520195282,10302.933607244197,80.29336072441966,0.0,12669.676880919702,17.26,0.7,0.0,0.0,5.0,0.6449628755448891
1982,9,train_0336,12466.440790720007,9980.349311303917,48.03493113039167,0.0,12514.475721850398,15.02,0.66,0.0,0.0,5.0,0.6449628755448891
1983,9,train_0356,12203.203323057078,10926.625562321184,142.66255623211836,0.0,12345.865879289197,15.34,0.74,0.0,0.0,5.0,0.6449628755448891
1984,9,train_0423,12388.232931928744,10003.645567886826,50.364556788682606,0.0,12438.597488717427,16.96,0.72,0.0,0.0,5.0,0.6449628755448891
1985,9,train_0008,12266.23270116709,10401.64786190221,90.16478619022092,0.0,12356.39748735731,14.52,0.76,0.0,0.0,5.0,0.6449628755448891
1986,9,train_0132,12207.341810610316,10098.073953580762,59.80739535807625,0.0,12267.149205968393,17.88,0.66,0.0,0.0,5.0,0.6449628755448891
1987,9,train_0541,12495.005571527518,10526.332291102684,102.63322911026845,0.0,12597.638800637786,17.82,0.7,0.0,0.0,5.0,0.6449628755448891
1988,9,train_0277,12394.660040819777,10278.839667141674,77.8839667141674,0.0,12472.544007533945,15.72,0.78,0.0,0.0,5.0,0.6449628755448891
1989,9,train_0320,12473.826518919219,10316.844983428444,81.68449834284439,0.0,12555.511017262063,16.18,0.68,0.0,0.0,5.0,0.6449628755448891
1990,9,train_0102,12146.328637309842,10488.740273034964,98.8740273034964,0.0,12245.202664613338,14.48,0.68,0.0,0.0,5.0,0.6449628755448891
1991,9,train_0322,12016.021597868585,10404.695433603476,90.4695433603476,0.0,12106.491141228933,15.62,0.68,0.0,0.0,5.0,0.6449628755448891
1992,9,train_0177,12547.053521229054,10269.66815700843,76.96681570084293,0.0,12624.020336929898,14.32,0.68,0.0,0.0,5.0,0.6449628755448891
1993,9,train_0233,13330.454024825209,10231.919383836233,73.19193838362335,0.0,13403.645963208832,16.92,0.8,0.0,0.0,5.0,0.6449628755448891
1994,9,train_0294,12326.816987990089,10035.411042697197,53.54110426971965,0.0,12380.358092259808,15.38,0.7,0.0,0.0,5.0,0.6449628755448891
1995,9,train_0418,12445.396776566655,10485.232368707533,98.52323687075332,0.0,12543.920013437408,18.04,0.64,0.0,0.0,5.0,0.6449628755448891
1996,9,train_0002,12022.283199105765,10546.636509572414,104.66365095724142,0.0,12126.946850063006,14.82,0.68,0.0,0.0,5.0,0.6449628755448891
1997,9,train_0400,12699.166805703515,10654.512998603443,115.45129986034426,0.0,12814.618105563859,16.54,0.64,0.0,0.0,5.0,0.6449628755448891
1998,9,train_0588,12543.316787243186,10028.855710081363,52.885571008136324,0.0,12596.202358251323,18.78,0.7,0.0,0.0,5.0,0.6449628755448891
1999,9,train_0361,12852.729110703123,10302.65866560032,80.26586656003201,0.0,12932.994977263155,15.36,0.6,0.0,0.0,5.0,0.6449628755448891
2000,9,train_0081,12340.631911446868,10200.77265599515,70.07726559951497,0.0,12410.709177046383,16.58,0.76,0.0,0.0,5.0,0.6449628755448891
2001,9,train_0276,12434.439652815268,10031.584360740055,53.15843607400548,0.0,12487.598088889274,15.42,0.68,0.0,0.0,5.0,0.6449628755448891
2002,9,train_0454,12802.492121997611,10503.08701653684,100.30870165368397,0.0,12902.800823651296,16.46,0.72,0.0,0.0,5.0,0.6449628755448891
2003,9,train_0113,12098.708570448984,10305.459433254759,80.54594332547586,0.0,12179.25451377446,18.46,0.6,0.0,0.0,5.0,0.6449628755448891
2004,9,train_0517,12976.005304850758,10128.592220804214,62.85922208042139,0.0,13038.86452693118,18.06,0.62,0.0,0.0,5.0,0.6449628755448891
2005,9,train_0347,12465.584664675975,10482.22493471692,98.222493471692,0.0,12563.807158147667,16.94,0.7,0.0,0.0,5.0,0.6449628755448891
2006,9,train_0126,12563.08112180073,10097.744255589205,59.774425558920484,0.0,12622.85554735965,15.58,0.8,0.0,0.0,5.0,0.6449628755448891
2007,9,train_0563,12308.934943248209,10378.580282305433,87.85802823054328,0.0,12396.792971478751,15.38,0.64,0.0,0.0,5.0,0.6449628755448891
2008,9,train_0080,12558.216867286987,10571.775783366678,107.17757833666784,0.0,12665.394445623655,15.94,0.78,0.0,0.0,5.0,0.6449628755448891
2009,9,train_0179,12027.639266761507,10146.962493749512,64.6962493749512,0.0,12092.335516136458,13.62,0.8,0.0,0.0,5.0,0.6449628755448891
2010,9,train_0379,13009.848644912307,10868.259161745915,136.82591617459147,0.0,13146.674561086898,14.5,0.82,0.0,0.0,5.0,0.6449628755448891
2011,9,train_0276,12413.452567033093,10035.014894649112,53.501489464911174,0.0,12466.954056498005,14.96,0.7,0.0,0.0,5.0,0.6449628755448891
2012,9,train_0248,12623.182639529383,10347.330505874936,84.73305058749357,0.0,12707.915690116877,16.82,0.72,0.0,0.0,5.0,0.6449628755448891
2013,9,train_0034,12405.092798327154,10352.361321563641,85.23613215636415,0.0,12490.328930483518,15.7,0.68,0.0,0.0,5.0,0.6449628755448891
2014,9,train_0110,12269.30382965317,10478.888877577985,97.88888775779851,0.0,12367.19271741097,17.06,0.6,0.0,0.0,5.0,0.6449628755448891
2015,9,train_0051,12640.31069993685,10270.177252523186,77.01772525231864,0.0,12717.32842518917,16.46,0.78,0.0,0.0,5.0,0.6449628755448891
2016,9,train_0028,12640.19593792917,10475.776361887076,97.57763618870759,0.0,12737.773574117877,17.14,0.72,0.0,0.0,5.0,0.6449628755448891
2017,9,train_0119,12409.32449835788,10420.717558138429,92.07175581384291,0.0,12501.396254171723,16.74,0.7,0.0,0.0,5.0,0.6449628755448891
2018,9,train_0456,12401.529594916621,10262.712352119106,76.27123521191061,0.0,12477.800830128532,15.88,0.66,0.0,0.0,5.0,0.6449628755448891
2019,9,train_0378,12326.209998856895,10568.16074359609,106.81607435960905,0.0,12433.026073216504,15.78,0.74,0.0,0.0,5.0,0.6449628755448891
2020,9,train_0040,12828.823595007842,10468.070979253664,96.80709792536636,0.0,12925.630692933208,17.6,0.78,0.0,0.0,5.0,0.6449628755448891
2021,9,train_0163,12869.31228782728,10411.619357671767,91.1619357671767,0.0,12960.474223594458,15.38,0.82,0.0,0.0,5.0,0.6449628755448891
2022,9,train_0557,12122.30681760727,10341.772292450103,84.17722924501032,0.0,12206.48404685228,15.0,0.74,0.0,0.0,5.0,0.6449628755448891
2023,9,train_0569,12288.891571330449,10271.08088739351,77.10808873935093,0.0,12365.9996600698,15.5,0.8,0.0,0.0,5.0,0.6449628755448891
2024,9,train_0470,11947.160529879351,10141.12971152061,64.11297115206108,0.0,12011.273501031412,14.62,0.7,0.0,0.0,5.0,0.6449628755448891
2025,9,train_0249,12770.761058643911,10433.927128030831,93.39271280308313,0.0,12864.153771446994,15.66,0.66,0.0,0.0,5.0,0.6449628755448891
2026,9,train_0449,12449.478778504967,10453.27050613729,95.32705061372909,0.0,12544.805829118695,16.86,0.72,0.0,0.0,5.0,0.6449628755448891
2027,9,train_0374,12588.728140297375,10260.931515592722,76.09315155927216,0.0,12664.821291856648,16.26,0.62,0.0,0.0,5.0,0.6449628755448891
2028,9,train_0293,12122.241002472354,10072.093107296496,57.20931072964959,0.0,12179.450313202004,16.24,0.68,0.0,0.0,5.0,0.6449628755448891
2029,9,train_0339,12768.593946709198,10363.579323524107,86.35793235241073,0.0,12854.951879061608,18.4,0.62,0.0,0.0,5.0,0.6449628755448891
2030,9,train_0279,12577.043991729759,10428.820859689231,92.88208596892309,0.0,12669.926077698681,16.02,0.78,0.0,0.0,5.0,0.6449628755448891
2031,9,train_0298,11842.981304574088,10000.370663762009,50.0370663762009,0.0,11893.018370950289,15.88,0.66,0.0,0.0,5.0,0.6449628755448891
2032,9,train_0111,12417.645447461004,10166.137348223767,66.61373482237668,0.0,12484.25918228338,13.72,0.7,0.0,0.0,5.0,0.6449628755448891
2033,9,train_0239,12474.041120171787,10419.017970775873,91.90179707758726,0.0,12565.942917249375,14.8,0.74,0.0,0.0,5.0,0.6449628755448891
2034,9,train_0357,12224.66100082257,10145.709206207208,64.5709206207208,0.0,12289.231921443292,14.32,0.66,0.0,0.0,5.0,0.6449628755448891
2035,9,train_0267,12484.236293345217,10182.594715311725,68.2594715311725,0.0,12552.495764876388,16.02,0.72,0.0,0.0,5.0,0.6449628755448891
2036,9,train_0122,12211.062925529719,10153.822464101155,65.38224641011548,0.0,12276.445171939835,15.64,0.7,0.0,0.0,5.0,0.6449628755448891
2037,9,train_0597,12416.241886644766,10444.622295156534,94.46222951565342,0.0,12510.70411616042,16.48,0.62,0.0,0.0,5.0,0.6449628755448891
2038,9,train_0187,12230.124114770373,10387.247242362708,88.72472423627079,0.0,12318.848839006643,14.36,0.7,0.0,0.0,5.0,0.6449628755448891
2039,9,train_0055,12269.256296494344,10779.649488155474,127.96494881554736,0.0,12397.221245309891,15.16,0.62,0.0,0.0,5.0,0.6449628755448891
2040,9,train_0271,12247.18582311018,9934.291118975605,43.42911189756051,0.0,12290.61493500774,16.08,0.7,0.0,0.0,5.0,0.6449628755448891
2041,9,train_0579,12617.69151986532,10390.190469472444,89.01904694724436,0.0,12706.710566812564,17.26,0.6,0.0,0.0,5.0,0.6449628755448891
2042,9,train_0383,12540.71973644688,9967.260241927062,46.72602419270625,0.0,12587.445760639586,15.42,0.8,0.0,0.0,5.0,0.6449628755448891
2043,9,train_0152,12418.815600377595,10376.431235891381,87.64312358913813,0.0,12506.458723966733,16.06,0.7,0.0,0.0,5.0,0.6449628755448891
2044,9,train_0554,12484.640865998419,9944.526339887338,44.452633988733766,0.0,12529.093499987153,13.54,0.74,0.0,0.0,5.0,0.6449628755448891
2045,9,train_0478,12683.449790213244,10086.861959388105,58.68619593881049,0.0,12742.135986152054,16.9,0.64,0.0,0.0,5.0,0.6449628755448891
2046,9,train_0570,12213.762999801364,10080.576653734235,58.05766537342352,0.0,12271.820665174788,14.76,0.62,0.0,0.0,5.0,0.6449628755448891
2047,9,train_0138,12542.407174732098,10196.447585647842,69.64475856478421,0.0,12612.051933296882,16.58,0.56,0.0,0.0,5.0,0.6449628755448891
2048,10,train_0271,12143.910007486627,9983.614881419158,48.361488141915835,0.0,12192.271495628544,15.92,0.72,0.0,0.0,5.0,0.6449628755448891
2049,10,train_0234,12260.431974772113,10251.712420127777,75.17124201277765,0.0,12335.60321678489,16.52,0.6,0.0,0.0,5.0,0.6449628755448891
2050,10,train_0564,12636.755076447314,10235.114711822967,73.51147118229675,0.0,12710.266547629612,15.9,0.64,0.0,0.0,5.0,0.6449628755448891
2051,10,train_0427,12345.903000539323,10496.316632053018,99.63166320530182,0.0,12445.534663744626,17.28,0.6,0.0,0.0,5.0,0.6449628755448891
2052,10,train_0124,12598.299435924517,10909.308552311242,140.93085523112424,0.0,12739.230291155642,17.12,0.68,0.0,0.0,5.0,0.6449628755448891
2053,10,train_0554,12056.519158149618,10659.488106771245,115.9488106771245,0.0,12172.467968826742,13.72,0.58,0.0,0.0,5.0,0.6449628755448891
2054,10,train_0191,12492.205494467571,10590.251283736932,109.02512837369324,0.0,12601.230622841264,17.16,0.66,0.0,0.0,5.0,0.6449628755448891
2055,10,train_0261,12244.397167101708,10597.297149758942,109.72971497589424,0.0,12354.126882077602,16.36,0.7,0.0,0.0,5.0,0.6449628755448891
2056,10,train_0195,12808.62032815029,10801.817902693652,130.18179026936522,0.0,12938.802118419655,19.28,0.68,0.0,0.0,5.0,0.6449628755448891
2057,10,train_0365,12701.919627216135,10565.365785992475,106.53657859924752,0.0,12808.456205815382,16.9,0.7,0.0,0.0,5.0,0.6449628755448891
2058,10,train_0083,12005.17903936707,10398.170358397805,89.81703583978052,0.0,12094.996075206851,16.62,0.64,0.0,0.0,5.0,0.6449628755448891
2059,10,train_0208,12589.826318522124,10180.482926622011,68.04829266220113,0.0,12657.874611184325,15.34,0.6,0.0,0.0,5.0,0.6449628755448891
2060,10,train_0586,12456.479388154217,10307.72609731093,80.77260973109297,0.0,12537.25199788531,13.94,0.68,0.0,0.0,5.0,0.6449628755448891
2061,10,train_0125,12077.655816211965,10182.45379516346,68.24537951634593,0.0,12145.901195728311,15.58,0.72,0.0,0.0,5.0,0.6449628755448891
2062,10,train_0208,12142.137621819285,10434.383279522135,93.43832795221351,0.0,12235.575949771499,14.78,0.6,0.0,0.0,5.0,0.6449628755448891
2063,10,train_0564,12468.32215602582,10480.110538986204,98.01105389862042,0.0,12566.333209924442,15.54,0.64,0.0,0.0,5.0,0.6449628755448891
2064,10,train_0274,12665.52020588672,10400.391330194412,90.03913301944122,0.0,12755.559338906161,15.84,0.72,0.0,0.0,5.0,0.6449628755448891
2065,10,train_0563,12443.731699041871,10490.227902330997,99.02279023309967,0.0,12542.75448927497,15.62,0.5,0.0,0.0,5.0,0.6449628755448891
2066,10,train_0364,12432.12905053337,10279.66128591585,77.96612859158505,0.0,12510.095179124955,17.56,0.68,0.0,0.0,5.0,0.6449628755448891
2067,10,train_0585,12547.62197310283,10609.515004088153,110.95150040881526,0.0,12658.573473511646,14.58,0.66,0.0,0.0,5.0,0.6449628755448891
2068,10,train_0518,12402.470492265726,10489.072956651326,98.90729566513255,0.0,12501.377787930858,16.14,0.6,0.0,0.0,5.0,0.6449628755448891
2069,10,train_0586,12693.063763690287,10093.134935381138,59.31349353811384,0.0,12752.3772572284,15.56,0.64,0.0,0.0,5.0,0.6449628755448891
2070,10,train_0399,12402.062987327154,10120.186776628756,62.018677662875604,0.0,12464.08166499003,15.96,0.66,0.0,0.0,5.0,0.6449628755448891
2071,10,train_0541,12591.406067467089,10284.61180705703,78.46118070570301,0.0,12669.867248172792,17.16,0.66,0.0,0.0,5.0,0.6449628755448891
2072,10,train_0453,12507.494984405046,10367.76638562238,86.77663856223808,0.0,12594.271622967284,16.36,0.72,0.0,0.0,5.0,0.6449628755448891
2073,10,train_0336,12278.504151347672,10251.331454628595,75.13314546285947,0.0,12353.637296810532,15.96,0.62,0.0,0.0,5.0,0.6449628755448891
2074,10,train_0008,12262.45748958251,10851.45657370409,135.14565737040903,0.0,12397.603146952919,15.18,0.72,0.0,0.0,5.0,0.6449628755448891
2075,10,train_0185,12380.208196306061,10129.436042291443,62.943604229144334,0.0,12443.151800535205,15.4,0.72,0.0,0.0,5.0,0.6449628755448891
2076,10,train_0249,12613.075928999715,10588.830880844283,108.88308808442835,0.0,12721.959017084144,15.84,0.74,0.0,0.0,5.0,0.6449628755448891
2077,10,train_0234,12570.149509321338,10066.57698232301,56.65769823230094,0.0,12626.807207553638,16.7,0.54,0.0,0.0,5.0,0.6449628755448891
2078,10,train_0443,12640.378373041101,10979.656203446728,147.9656203446728,0.0,12788.343993385774,15.9,0.68,0.0,0.0,5.0,0.6449628755448891
2079,10,train_0175,12515.313053225846,10059.269685103078,55.92696851030778,0.0,12571.240021736154,15.7,0.7,0.0,0.0,5.0,0.6449628755448891
2080,10,train_0515,12311.347402751046,10742.978413848221,124.2978413848221,0.0,12435.645244135867,17.34,0.72,0.0,0.0,5.0,0.6449628755448891
2081,10,train_0190,12763.61284161694,10776.75050603261,127.67505060326094,0.0,12891.2878922202,17.12,0.74,0.0,0.0,5.0,0.6449628755448891
2082,10,train_0331,12624.242565066628,10333.93808331393,83.39380833139295,0.0,12707.636373398022,16.4,0.66,0.0,0.0,5.0,0.6449628755448891
2083,10,train_0459,12352.518415825783,10533.160203987889,103.31602039878891,0.0,12455.834436224572,16.8,0.66,0.0,0.0,5.0,0.6449628755448891
2084,10,train_0139,12461.064473927576,10253.18918137281,75.31891813728107,0.0,12536.383392064858,15.48,0.72,0.0,0.0,5.0,0.6449628755448891
2085,10,train_0563,12556.423628337321,10434.920041781335,93.49200417813354,0.0,12649.915632515454,15.7,0.72,0.0,0.0,5.0,0.6449628755448891
2086,10,train_0317,12361.61974554655,10064.7401992953,56.47401992953001,0.0,12418.09376547608,15.82,0.64,0.0,0.0,5.0,0.6449628755448891
2087,10,train_0341,12722.918895587585,10541.11011394447,104.11101139444709,0.0,12827.029906982032,16.44,0.6,0.0,0.0,5.0,0.6449628755448891
2088,10,train_0186,12622.971829159596,10195.84291485985,69.58429148598498,0.0,12692.556120645582,14.18,0.68,0.0,0.0,5.0,0.6449628755448891
2089,10,train_0427,12490.801087241489,10333.222916379389,83.32229163793892,0.0,12574.123378879427,16.38,0.6,0.0,0.0,5.0,0.6449628755448891
2090,10,train_0126,12563.05906040527,10328.30546602826,82.83054660282596,0.0,12645.889607008095,16.2,0.72,0.0,0.0,5.0,0.6449628755448891
2091,10,train_0164,12423.673604522026,10171.460959370179,67.14609593701789,0.0,12490.819700459044,14.5,0.7,0.0,0.0,5.0,0.6449628755448891
2092,10,train_0068,12637.674160372106,10361.421168816138,86.14211688161377,0.0,12723.81627725372,14.8,0.62,0.0,0.0,5.0,0.6449628755448891
2093,10,train_0537,12407.99256898764,10107.813425414188,60.78134254141878,0.0,12468.773911529059,16.3,0.66,0.0,0.0,5.0,0.6449628755448891
2094,10,train_0144,12765.648237892297,11053.763779338067,155.37637793380674,0.0,12921.024615826103,15.36,0.64,0.0,0.0,5.0,0.6449628755448891
2095,10,train_0318,12222.021849312867,10270.006202428063,77.00062024280633,0.0,12299.022469555674,17.6,0.6,0.0,0.0,5.0,0.6449628755448891
2096,10,train_0406,12600.372874930918,10395.838817385258,89.58388173852582,0.0,12689.956756669444,16.42,0.6,0.0,0.0,5.0,0.6449628755448891
2097,10,train_0397,12357.849262384743,10111.957535966396,61.19575359663959,0.0,12419.045015981383,15.48,0.7,0.0,0.0,5.0,0.6449628755448891
2098,10,train_0323,12790.623688199212,10327.325189848945,82.73251898489453,0.0,12873.356207184106,17.24,0.76,0.0,0.0,5.0,0.6449628755448891
2099,10,train_0518,12350.27923504933,10585.527845159546,108.5527845159546,0.0,12458.832019565283,15.82,0.58,0.0,0.0,5.0,0.6449628755448891
2100,10,train_0171,13250.687563064692,10448.922614347644,94.89226143476445,0.0,13345.579824499457,16.56,0.5,0.0,0.0,5.0,0.6449628755448891
2101,10,train_0189,12043.519378299135,10593.416427798478,109.34164277984783,0.0,12152.861021078983,16.2,0.66,0.0,0.0,5.0,0.6449628755448891
2102,10,train_0319,12687.239727326905,10574.760490107672,107.47604901076721,0.0,12794.715776337673,15.44,0.6,0.0,0.0,5.0,0.6449628755448891
2103,10,train_0112,12188.155216189214,10595.80456921448,109.58045692144806,0.0,12297.735673110663,16.66,0.66,0.0,0.0,5.0,0.6449628755448891
2104,10,train_0481,12596.477374727343,10077.512946386767,57.751294638676704,0.0,12654.228669366019,15.84,0.66,0.0,0.0,5.0,0.6449628755448891
2105,10,train_0334,12542.482193159132,10240.399174175176,74.03991741751761,0.0,12616.52211057665,17.32,0.68,0.0,0.0,5.0,0.6449628755448891
2106,10,train_0484,12826.3875851739,10113.691585456614,61.36915854566141,0.0,12887.756743719561,14.1,0.56,0.0,0.0,5.0,0.6449628755448891
2107,10,train_0490,12565.722047673968,9868.781859628098,36.878185962809766,0.0,12602.600233636778,14.92,0.74,0.0,0.0,5.0,0.6449628755448891
2108,10,train_0391,12201.129625500538,10495.161759312508,99.51617593125084,0.0,12300.645801431789,15.48,0.62,0.0,0.0,5.0,0.6449628755448891
2109,10,train_0514,12423.564399917126,10161.460155471688,66.14601554716883,0.0,12489.710415464295,13.8,0.64,0.0,0.0,5.0,0.6449628755448891
2110,10,train_0190,13066.254562629121,10385.695264901395,88.56952649013948,0.0,13154.82408911926,16.36,0.72,0.0,0.0,5.0,0.6449628755448891
2111,10,train_0030,12230.668797081156,10383.074861596011,88.30748615960111,0.0,12318.976283240758,16.24,0.64,0.0,0.0,5.0,0.6449628755448891
2112,10,train_0187,12278.99936293596,10362.632852800507,86.2632852800507,0.0,12365.26264821601,14.88,0.62,0.0,0.0,5.0,0.6449628755448891
2113,10,train_0475,12218.124259786553,9922.64751161139,42.26475116113907,0.0,12260.389010947692,16.18,0.78,0.0,0.0,5.0,0.6449628755448891
2114,10,train_0512,12612.209738502592,10074.7273623215,57.472736232150055,0.0,12669.682474734742,15.26,0.72,0.0,0.0,5.0,0.6449628755448891
2115,10,train_0165,12227.603762722294,9971.907538700838,47.190753870083796,0.0,12274.794516592377,15.98,0.72,0.0,0.0,5.0,0.6449628755448891
2116,10,train_0398,11947.579863747713,10142.743671607499,64.2743671607499,0.0,12011.854230908462,14.48,0.64,0.0,0.0,5.0,0.6449628755448891
2117,10,train_0063,12198.156285080351,10594.474405664063,109.4474405664063,0.0,12307.603725646757,16.34,0.62,0.0,0.0,5.0,0.6449628755448891
2118,10,train_0372,12624.55403136614,10465.32727500566,96.53272750056604,0.0,12721.086758866706,16.44,0.64,0.0,0.0,5.0,0.6449628755448891
2119,10,train_0178,12041.110785860594,10465.779551879828,96.57795518798285,0.0,12137.688741048576,14.88,0.72,0.0,0.0,5.0,0.6449628755448891
2120,10,train_0253,12199.085271119438,9931.537331058076,43.153733105807625,0.0,12242.239004225246,16.94,0.72,0.0,0.0,5.0,0.6449628755448891
2121,10,train_0073,12513.564939134547,9996.676736418598,49.66767364185981,0.0,12563.232612776406,15.38,0.6,0.0,0.0,5.0,0.6449628755448891
2122,10,train_0130,12341.382680155264,10325.029139012768,82.50291390127677,0.0,12423.88559405654,15.16,0.78,0.0,0.0,5.0,0.6449628755448891
2123,10,train_0224,12191.020917659862,10271.515227128366,77.1515227128366,0.0,12268.172440372698,12.64,0.64,0.0,0.0,5.0,0.6449628755448891
2124,10,train_0144,12534.969762517248,10808.85846639748,130.885846639748,0.0,12665.855609156997,14.74,0.74,0.0,0.0,5.0,0.6449628755448891
2125,10,train_0290,12667.659170101018,10159.70179341568,65.97017934156793,0.0,12733.629349442586,15.98,0.64,0.0,0.0,5.0,0.6449628755448891
2126,10,train_0523,12342.151030461198,9972.068977989098,47.206897798909814,0.0,12389.357928260108,14.94,0.6,0.0,0.0,5.0,0.6449628755448891
2127,10,train_0553,11961.2655792536,9960.02551389543,46.00255138954308,0.0,12007.268130643144,15.36,0.64,0.0,0.0,5.0,0.6449628755448891
2128,10,train_0552,12269.247414054757,10396.298705377767,89.6298705377767,0.0,12358.877284592534,14.92,0.62,0.0,0.0,5.0,0.6449628755448891
2129,10,train_0524,12002.270332879063,9941.305711592779,44.130571159277864,0.0,12046.40090403834,17.06,0.64,0.0,0.0,5.0,0.6449628755448891
2130,10,train_0431,12212.367547359907,10434.882611927513,93.48826119275128,0.0,12305.855808552658,16.62,0.66,0.0,0.0,5.0,0.6449628755448891
2131,10,train_0451,12803.703589679644,10585.283535757639,108.52835357576387,0.0,12912.231943255409,15.6,0.76,0.0,0.0,5.0,0.6449628755448891
2132,10,train_0000,12320.711910292963,10167.271145682002,66.72711456820016,0.0,12387.439024861163,15.9,0.66,0.0,0.0,5.0,0.6449628755448891
2133,10,train_0058,11893.149951017578,9795.144507019293,29.51445070192931,0.0,11922.664401719507,15.58,0.54,0.0,0.0,5.0,0.6449628755448891
2134,10,train_0242,12721.32944170063,10433.320581588494,93.3320581588494,0.0,12814.661499859478,15.02,0.66,0.0,0.0,5.0,0.6449628755448891
2135,10,train_0270,12377.23035992228,10264.62679805408,76.46267980540797,0.0,12453.693039727688,16.82,0.68,0.0,0.0,5.0,0.6449628755448891
2136,10,train_0186,12603.771031617936,10141.428952173763,64.14289521737628,0.0,12667.913926835312,14.36,0.64,0.0,0.0,5.0,0.6449628755448891
2137,10,train_0198,11660.643281874873,10055.516031535168,55.55160315351677,0.0,11716.19488502839,16.56,0.68,0.0,0.0,5.0,0.6449628755448891
2138,10,train_0232,12664.57860432427,10157.79536501229,65.77953650122909,0.0,12730.3581408255,14.84,0.74,0.0,0.0,5.0,0.6449628755448891
2139,10,train_0586,12425.678659298617,10227.516855824928,72.7516855824928,0.0,12498.43034488111,16.44,0.62,0.0,0.0,5.0,0.6449628755448891
2140,10,train_0233,12993.011947548466,10804.73402551267,130.47340255126693,0.0,13123.485350099732,14.56,0.6,0.0,0.0,5.0,0.6449628755448891
2141,10,train_0548,12328.52446759879,10549.560114722719,104.9560114722719,0.0,12433.480479071062,15.9,0.68,0.0,0.0,5.0,0.6449628755448891
2142,10,train_0075,12552.021292381443,10314.704603446557,81.47046034465566,0.0,12633.491752726099,19.2,0.56,0.0,0.0,5.0,0.6449628755448891
2143,10,train_0548,12324.008129373367,10581.619358077827,108.16193580778273,0.0,12432.17006518115,16.12,0.66,0.0,0.0,5.0,0.6449628755448891
2144,10,train_0385,12632.879461229692,10755.619797696203,125.56197976962031,0.0,12758.441440999311,15.84,0.78,0.0,0.0,5.0,0.6449628755448891
2145,10,train_0503,12816.679704206987,10640.754439468106,114.07544394681064,0.0,12930.755148153798,16.78,0.54,0.0,0.0,5.0,0.6449628755448891
2146,10,train_0179,12361.170148962618,10100.201438665597,60.02014386655974,0.0,12421.190292829177,15.56,0.76,0.0,0.0,5.0,0.6449628755448891
2147,10,train_0449,12553.096657173817,10323.330026113155,82.33300261131554,0.0,12635.429659785133,17.06,0.7,0.0,0.0,5.0,0.6449628755448891
2148,10,train_0443,13071.497621985876,10642.659448878192,114.26594488781922,0.0,13185.763566873695,16.22,0.54,0.0,0.0,5.0,0.6449628755448891
2149,10,train_0426,12179.307716788313,10303.499278092313,80.3499278092313,0.0,12259.657644597544,17.16,0.54,0.0,0.0,5.0,0.6449628755448891
2150,10,train_0383,12149.96540383752,10227.050561564076,72.7050561564076,0.0,12222.670459993928,16.28,0.68,0.0,0.0,5.0,0.6449628755448891
2151,10,train_0316,12525.54974781155,10103.823108019584,60.382310801958376,0.0,12585.932058613509,16.12,0.66,0.0,0.0,5.0,0.6449628755448891
2152,10,train_0534,12774.504231478448,10309.062032006668,80.90620320066682,0.0,12855.410434679114,15.0,0.5,0.0,0.0,5.0,0.6449628755448891
2153,10,train_0349,12174.889164534052,10236.922317267321,73.6922317267321,0.0,12248.581396260784,15.3,0.56,0.0,0.0,5.0,0.6449628755448891
2154,10,train_0403,12377.794926583982,10774.061888077613,127.40618880776128,0.0,12505.201115391743,14.06,0.64,0.0,0.0,5.0,0.6449628755448891
2155,10,train_0288,12159.407210480635,10113.935525395827,61.39355253958274,0.0,12220.800763020217,16.96,0.6,0.0,0.0,5.0,0.6449628755448891
2156,10,train_0059,12455.177804261928,10424.938054127233,92.4938054127233,0.0,12547.671609674651,14.58,0.8,0.0,0.0,5.0,0.6449628755448891
2157,10,train_0303,11979.578317106661,10201.475245552592,70.14752455525922,0.0,12049.72584166192,17.4,0.64,0.0,0.0,5.0,0.6449628755448891
2158,10,train_0509,12128.754585488112,10209.42167269092,70.942167269092,0.0,12199.696752757203,14.44,0.74,0.0,0.0,5.0,0.6449628755448891
2159,10,train_0096,12374.791469899536,10382.499851878558,88.24998518785578,0.0,12463.041455087392,15.96,0.62,0.0,0.0,5.0,0.6449628755448891
2160,10,train_0515,12558.186566670305,10630.091186549247,113.00911865492472,0.0,12671.19568532523,17.0,0.62,0.0,0.0,5.0,0.6449628755448891
2161,10,train_0145,12425.382756216122,10542.279420092695,104.22794200926947,0.0,12529.610698225391,15.06,0.76,0.0,0.0,5.0,0.6449628755448891
2162,10,train_0080,12820.082232621551,10432.700283941685,93.27002839416855,0.0,12913.35226101572,15.56,0.7,0.0,0.0,5.0,0.6449628755448891
2163,10,train_0140,12228.657163007127,10189.07787156259,68.90778715625893,0.0,12297.564950163385,15.0,0.72,0.0,0.0,5.0,0.6449628755448891
2164,10,train_0575,12816.835149601948,10592.024190549975,109.20241905499752,0.0,12926.037568656946,18.02,0.62,0.0,0.0,5.0,0.6449628755448891
2165,10,train_0204,12808.313399143726,10450.086891318158,95.00868913181586,0.0,12903.322088275541,17.3,0.66,0.0,0.0,5.0,0.6449628755448891
2166,10,train_0525,12218.597708323023,10326.093373172418,82.60933731724181,0.0,12301.207045640265,15.32,0.74,0.0,0.0,5.0,0.6449628755448891
2167,10,train_0280,12700.081606466842,10313.212290437834,81.32122904378339,0.0,12781.402835510626,16.78,0.72,0.0,0.0,5.0,0.6449628755448891
2168,10,train_0268,12307.569643332523,10362.687253279186,86.26872532791859,0.0,12393.838368660441,15.52,0.64,0.0,0.0,5.0,0.6449628755448891
2169,10,train_0265,11951.332095786176,10667.272475106784,116.72724751067835,0.0,12068.059343296854,14.8,0.62,0.0,0.0,5.0,0.6449628755448891
2170,10,train_0186,12399.266067494413,10433.287355002016,93.32873550020159,0.0,12492.594802994614,14.86,0.6,0.0,0.0,5.0,0.6449628755448891
2171,10,train_0549,12461.004236920318,10372.902926492283,87.29029264922829,0.0,12548.294529569546,17.8,0.64,0.0,0.0,5.0,0.6449628755448891
2172,10,train_0395,11836.048374064238,10382.306036068738,88.23060360687379,0.0,11924.27897767111,16.7,0.74,0.0,0.0,5.0,0.6449628755448891
2173,10,train_0098,12136.516488580528,10063.371295464858,56.33712954648581,0.0,12192.853618127014,14.2,0.64,0.0,0.0,5.0,0.6449628755448891
2174,10,train_0565,12963.756447968737,10389.735566033389,88.97355660333888,0.0,13052.730004572077,16.06,0.66,0.0,0.0,5.0,0.6449628755448891
2175,10,train_0259,12538.410766054016,10300.629492026768,80.06294920267683,0.0,12618.473715256692,13.36,0.7,0.0,0.0,5.0,0.6449628755448891
2176,10,train_0012,12849.29488271663,10528.247911127497,102.82479111274971,0.0,12952.119673829378,16.34,0.7,0.0,0.0,5.0,0.6449628755448891
2177,10,train_0150,12250.363159362223,10319.560588807562,81.95605888075625,0.0,12332.31921824298,16.46,0.7,0.0,0.0,5.0,0.6449628755448891
2178,10,train_0585,12499.09485000622,10564.633496069117,106.46334960691166,0.0,12605.558199613131,14.56,0.7,0.0,0.0,5.0,0.6449628755448891
2179,10,train_0581,12229.4241584335,10378.433658477092,87.84336584770918,0.0,12317.26752428121,16.68,0.66,0.0,0.0,5.0,0.6449628755448891
2180,10,train_0173,12638.48038283833,10598.084622288523,109.8084622288523,0.0,12748.288845067182,16.82,0.54,0.0,0.0,5.0,0.6449628755448891
2181,10,train_0303,12180.711074416022,10214.702621344295,71.4702621344295,0.0,12252.181336550451,16.34,0.68,0.0,0.0,5.0,0.6449628755448891
2182,10,train_0326,12184.692432267248,10052.580545527051,55.25805455270511,0.0,12239.950486819953,16.06,0.76,0.0,0.0,5.0,0.6449628755448891
2183,10,train_0358,12163.030657424095,10490.540797481332,99.05407974813316,0.0,12262.084737172228,16.44,0.56,0.0,0.0,5.0,0.6449628755448891
2184,10,train_0388,12738.427091333979,10510.502663325258,101.05026633252584,0.0,12839.477357666505,15.74,0.66,0.0,0.0,5.0,0.6449628755448891
2185,10,train_0576,12342.679811274778,10136.179669958676,63.617966995867576,0.0,12406.297778270646,13.4,0.74,0.0,0.0,5.0,0.6449628755448891
2186,10,train_0165,12083.865891992906,10186.71370539946,68.67137053994593,0.0,12152.537262532851,15.4,0.66,0.0,0.0,5.0,0.6449628755448891
2187,10,train_0412,12056.007643246192,10000.362954162152,50.03629541621522,0.0,12106.043938662408,14.56,0.64,0.0,0.0,5.0,0.6449628755448891
2188,10,train_0140,12368.165961941653,10518.35699986557,101.83569998655695,0.0,12470.00166192821,15.2,0.5,0.0,0.0,5.0,0.6449628755448891
2189,10,train_0307,12318.81389639419,10235.936727140848,73.59367271408483,0.0,12392.407569108274,17.04,0.72,0.0,0.0,5.0,0.6449628755448891
2190,10,train_0355,12571.817450329629,10340.64950295901,84.06495029590097,0.0,12655.882400625529,17.1,0.78,0.0,0.0,5.0,0.6449628755448891
2191,10,train_0218,12364.736908456242,10709.138524421536,120.91385244215363,0.0,12485.650760898396,17.08,0.6,0.0,0.0,5.0,0.6449628755448891
2192,10,train_0256,12556.201208931063,10398.838081863229,89.88380818632287,0.0,12646.085017117386,16.74,0.7,0.0,0.0,5.0,0.6449628755448891
2193,10,train_0464,12486.371651471582,10272.746466749635,77.27464667496352,0.0,12563.646298146545,15.08,0.64,0.0,0.0,5.0,0.6449628755448891
2194,10,train_0390,12827.28672524668,10291.222585832062,79.12225858320618,0.0,12906.408983829886,17.2,0.6,0.0,0.0,5.0,0.6449628755448891
2195,10,train_0245,11937.025669856963,10108.84514808433,60.88451480843305,0.0,11997.910184665396,15.4,0.66,0.0,0.0,5.0,0.6449628755448891
2196,10,train_0187,12303.356611629113,10352.293066485865,85.2293066485865,0.0,12388.5859182777,14.52,0.72,0.0,0.0,5.0,0.6449628755448891
2197,10,train_0454,12825.825954600135,10534.644245868509,103.46442458685088,0.0,12929.290379186987,16.44,0.68,0.0,0.0,5.0,0.6449628755448891
2198,10,train_0225,12340.252597974551,10378.134969538183,87.81349695381833,0.0,12428.06609492837,17.14,0.72,0.0,0.0,5.0,0.6449628755448891
2199,10,train_0120,12347.682230348302,10049.41235282253,54.941235282253004,0.0,12402.623465630555,17.24,0.68,0.0,0.0,5.0,0.6449628755448891
2200,10,train_0056,11676.405015333792,10125.946392454149,62.594639245414875,0.0,11738.999654579207,18.4,0.66,0.0,0.0,5.0,0.6449628755448891
2201,10,train_0014,12353.19943062037,10776.247004965251,127.62470049652512,0.0,12480.824131116895,17.88,0.66,0.0,0.0,5.0,0.6449628755448891
2202,10,train_0245,11988.942978939318,10162.468955678596,66.24689556785961,0.0,12055.189874507178,14.66,0.68,0.0,0.0,5.0,0.6449628755448891
2203,10,train_0188,12276.473587820532,10729.92221757982,122.99222175798205,0.0,12399.465809578514,15.26,0.72,0.0,0.0,5.0,0.6449628755448891
2204,10,train_0593,12689.748642338243,10148.40822353517,64.84082235351707,0.0,12754.58946469176,14.16,0.7,0.0,0.0,5.0,0.6449628755448891
2205,10,train_0431,12758.598292164525,9875.961390737855,37.59613907378553,0.0,12796.19443123831,16.24,0.54,0.0,0.0,5.0,0.6449628755448891
2206,10,train_0403,12590.105692963332,10561.945008731524,106.19450087315236,0.0,12696.300193836485,14.16,0.6,0.0,0.0,5.0,0.6449628755448891
2207,10,train_0596,12363.122843152789,10062.591387763458,56.25913877634576,0.0,12419.381981929135,16.68,0.86,0.0,0.0,5.0,0.6449628755448891
2208,10,train_0039,12651.358158033001,10350.308945647605,85.03089456476046,0.0,12736.389052597762,16.88,0.68,0.0,0.0,5.0,0.6449628755448891
2209,10,train_0122,12194.328225413215,10191.45062233741,69.14506223374102,0.0,12263.473287646957,15.32,0.62,0.0,0.0,5.0,0.6449628755448891
2210,10,train_0331,12317.838349278898,10404.842753641555,90.48427536415548,0.0,12408.322624643053,16.74,0.62,0.0,0.0,5.0,0.6449628755448891
2211,10,train_0488,12315.932343732493,10542.577014654446,104.25770146544455,0.0,12420.190045197938,14.58,0.56,0.0,0.0,5.0,0.6449628755448891
2212,10,train_0185,12435.16055879634,10504.502520288755,100.45025202887555,0.0,12535.610810825216,15.18,0.62,0.0,0.0,5.0,0.6449628755448891
2213,10,train_0361,12754.953020144187,10493.858276453117,99.38582764531166,0.0,12854.338847789499,16.5,0.64,0.0,0.0,5.0,0.6449628755448891
2214,10,train_0271,12160.495248333453,10199.43534879831,69.94353487983099,0.0,12230.438783213283,15.36,0.68,0.0,0.0,5.0,0.6449628755448891
2215,10,train_0283,12565.58392267482,10315.789622703174,81.57896227031743,0.0,12647.162884945137,15.82,0.6,0.0,0.0,5.0,0.6449628755448891
2216,10,train_0559,12546.438807119537,10259.587579575473,75.95875795754728,0.0,12622.397565077084,17.96,0.6,0.0,0.0,5.0,0.6449628755448891
2217,10,train_0549,12379.420333376256,10869.292012786786,136.92920127867856,0.0,12516.349534654935,18.12,0.66,0.0,0.0,5.0,0.6449628755448891
2218,10,train_0393,12596.05323026067,10526.093470147225,102.60934701472252,0.0,12698.662577275392,14.62,0.72,0.0,0.0,5.0,0.6449628755448891
2219,10,train_0329,12466.803657240935,10274.351208098155,77.43512080981546,0.0,12544.23877805075,16.5,0.56,0.0,0.0,5.0,0.6449628755448891
2220,10,train_0317,12180.638244572134,10610.21893116513,111.02189311651291,0.0,12291.660137688647,16.2,0.62,0.0,0.0,5.0,0.6449628755448891
2221,10,train_0332,12289.65714477442,10062.118314527695,56.21183145276955,0.0,12345.86897622719,16.46,0.6,0.0,0.0,5.0,0.6449628755448891
2222,10,train_0125,12488.82776762556,10148.288156464858,64.82881564648578,0.0,12553.656583272046,16.7,0.52,0.0,0.0,5.0,0.6449628755448891
2223,10,train_0022,12628.689986411842,10391.08792087518,89.10879208751794,0.0,12717.79877849936,17.28,0.58,0.0,0.0,5.0,0.6449628755448891
2224,10,train_0158,12584.40831748368,10250.415185281077,75.04151852810774,0.0,12659.449836011787,18.42,0.66,0.0,0.0,5.0,0.6449628755448891
2225,10,train_0374,12492.990526573027,10389.095165051138,88.9095165051138,0.0,12581.90004307814,16.3,0.48,0.0,0.0,5.0,0.6449628755448891
2226,10,train_0259,12790.17789937492,10106.676307477914,60.66763074779138,0.0,12850.845530122711,16.0,0.6,0.0,0.0,5.0,0.6449628755448891
2227,10,train_0465,12650.722305693762,10596.475077838411,109.64750778384115,0.0,12760.369813477602,16.88,0.74,0.0,0.0,5.0,0.6449628755448891
2228,10,train_0266,12599.905706875958,10469.645356839552,96.96453568395519,0.0,12696.870242559913,15.78,0.58,0.0,0.0,5.0,0.6449628755448891
2229,10,train_0350,12310.786344117927,10152.977817044128,65.29778170441277,0.0,12376.084125822339,17.9,0.7,0.0,0.0,5.0,0.6449628755448891
2230,10,train_0339,12514.781749708352,10610.264611749724,111.02646117497244,0.0,12625.808210883324,16.56,0.74,0.0,0.0,5.0,0.6449628755448891
2231,10,train_0483,12918.922364439808,10717.508879487366,121.75088794873665,0.0,13040.673252388544,16.06,0.64,0.0,0.0,5.0,0.6449628755448891
2232,10,train_0410,12423.557688205732,10679.893010496558,117.98930104965585,0.0,12541.546989255388,17.7,0.64,0.0,0.0,5.0,0.6449628755448891
2233,10,train_0353,12266.830502408004,10130.980158557757,63.09801585577571,0.0,12329.92851826378,16.4,0.52,0.0,0.0,5.0,0.6449628755448891
2234,10,train_0409,12534.96167525397,10941.569000130617,144.15690001306174,0.0,12679.118575267032,15.82,0.72,0.0,0.0,5.0,0.6449628755448891
2235,10,train_0420,12590.054143618696,10289.038378118737,78.90383781187376,0.0,12668.957981430569,15.18,0.56,0.0,0.0,5.0,0.6449628755448891
2236,10,train_0018,12186.388527480363,10575.920710696639,107.59207106966387,0.0,12293.980598550028,16.1,0.6,0.0,0.0,5.0,0.6449628755448891
2237,10,train_0169,12309.318777033946,9764.305806936081,26.430580693608135,0.0,12335.749357727555,16.66,0.74,0.0,0.0,5.0,0.6449628755448891
2238,10,train_0536,12572.330153418707,10252.641162737887,75.26411627378876,0.0,12647.594269692496,15.86,0.58,0.0,0.0,5.0,0.6449628755448891
2239,10,train_0091,12695.323620723802,10279.538592026845,77.95385920268455,0.0,12773.277479926486,13.74,0.6,0.0,0.0,5.0,0.6449628755448891
2240,11,train_0138,12249.516277863422,10385.52977018644,88.55297701864401,0.0,12338.069254882066,16.76,0.68,0.0,0.0,5.0,0.6449628755448891
2241,11,train_0339,12898.752661096529,10544.238678772996,104.42386787729957,0.0,13003.176528973829,17.48,0.6,0.0,0.0,5.0,0.6449628755448891
2242,11,train_0550,12477.705300295194,10055.254228337923,55.525422833792256,0.0,12533.230723128987,17.92,0.72,0.0,0.0,5.0,0.6449628755448891
2243,11,train_0439,12527.754118558074,10174.251122217109,67.42511222171088,0.0,12595.179230779784,13.04,0.7,0.0,0.0,5.0,0.6449628755448891
2244,11,train_0149,12436.412648211346,10664.266585207663,116.42665852076625,0.0,12552.839306732112,17.36,0.58,0.0,0.0,5.0,0.6449628755448891
2245,11,train_0328,12058.379911302589,10748.331703741707,124.83317037417073,0.0,12183.21308167676,14.3,0.6,0.0,0.0,5.0,0.6449628755448891
2246,11,train_0418,12511.238776894048,10543.17878491581,104.317878491581,0.0,12615.55665538563,16.62,0.68,0.0,0.0,5.0,0.6449628755448891
2247,11,train_0106,12911.55578175273,10548.243444378086,104.82434443780858,0.0,13016.38012619054,16.82,0.76,0.0,0.0,5.0,0.6449628755448891
2248,11,train_0400,12763.282552237402,10849.57131141887,134.95713114188695,0.0,12898.23968337929,15.28,0.58,0.0,0.0,5.0,0.6449628755448891
2249,11,train_0484,12379.459807221247,10289.224378780262,78.92243787802619,0.0,12458.382245099272,14.82,0.6,0.0,0.0,5.0,0.6449628755448891
2250,11,train_0236,12534.479190350008,10166.561076190224,66.65610761902245,0.0,12601.135297969031,19.02,0.66,0.0,0.0,5.0,0.6449628755448891
2251,11,train_0105,12501.728420985506,10265.351874291004,76.53518742910038,0.0,12578.263608414607,16.44,0.6,0.0,0.0,5.0,0.6449628755448891
2252,11,train_0196,12301.624972510897,10367.84155885215,86.78415588521494,0.0,12388.409128396112,16.16,0.7,0.0,0.0,5.0,0.6449628755448891
2253,11,train_0249,12561.34723352873,10539.070555635251,103.90705556352515,0.0,12665.254289092254,16.72,0.76,0.0,0.0,5.0,0.6449628755448891
2254,11,train_0034,12589.32914756067,10362.596236585352,86.2596236585352,0.0,12675.588771219205,16.56,0.7,0.0,0.0,5.0,0.6449628755448891
2255,11,train_0516,12401.795854936354,10635.828613642167,113.58286136421667,0.0,12515.37871630057,14.0,0.62,0.0,0.0,5.0,0.6449628755448891
2256,11,train_0340,12606.47673684309,10089.513923359464,58.951392335946366,0.0,12665.428129179036,17.0,0.64,0.0,0.0,5.0,0.6449628755448891
2257,11,train_0122,12311.974026059812,10245.596501773729,74.5596501773729,0.0,12386.533676237184,15.28,0.52,0.0,0.0,5.0,0.6449628755448891
2258,11,train_0567,13081.168852915616,10883.033612536117,138.30336125361174,0.0,13219.472214169227,16.54,0.8,0.0,0.0,5.0,0.6449628755448891
2259,11,train_0182,13064.753099492802,10169.381148775108,66.93811487751081,0.0,13131.691214370312,15.34,0.68,0.0,0.0,5.0,0.6449628755448891
2260,11,train_0594,12105.577889183054,10118.613753399917,61.861375339991724,0.0,12167.439264523045,18.3,0.66,0.0,0.0,5.0,0.6449628755448891
2261,11,train_0573,12138.083381179364,10024.260726109065,52.42607261090652,0.0,12190.50945379027,16.3,0.56,0.0,0.0,5.0,0.6449628755448891
2262,11,train_0507,12757.596109740154,10276.030308468757,77.60303084687567,0.0,12835.19914058703,15.96,0.64,0.0,0.0,5.0,0.6449628755448891
2263,11,train_0298,11854.229256196517,9994.327489802425,49.43274898024247,0.0,11903.662005176759,15.2,0.6,0.0,0.0,5.0,0.6449628755448891
2264,11,train_0562,12534.0267376646,10429.488270006128,92.94882700061281,0.0,12626.975564665214,15.58,0.68,0.0,0.0,5.0,0.6449628755448891
2265,11,train_0157,12443.440518023917,10353.605969929218,85.36059699292183,0.0,12528.801115016839,15.1,0.74,0.0,0.0,5.0,0.6449628755448891
2266,11,train_0458,12763.078368362305,10694.194725206795,119.41947252067949,0.0,12882.497840882985,15.82,0.68,0.0,0.0,5.0,0.6449628755448891
2267,11,train_0003,12129.914378701484,10390.511881767798,89.05118817677976,0.0,12218.965566878263,16.64,0.72,0.0,0.0,5.0,0.6449628755448891
2268,11,train_0546,12526.672441562783,10411.76198398693,91.17619839869295,0.0,12617.848639961476,20.28,0.64,0.0,0.0,5.0,0.6449628755448891
2269,11,train_0304,12721.52373904904,10739.30626556607,123.93062655660707,0.0,12845.454365605647,16.28,0.7,0.0,0.0,5.0,0.6449628755448891
2270,11,train_0303,11939.350796135624,10180.619840065516,68.06198400655158,0.0,12007.412780142176,16.78,0.66,0.0,0.0,5.0,0.6449628755448891
2271,11,train_0520,11894.247829644388,10238.803610417268,73.8803610417268,0.0,11968.128190686115,16.12,0.66,0.0,0.0,5.0,0.6449628755448891
2272,11,train_0098,12407.3563077961,9985.678418352361,48.567841835236145,0.0,12455.924149631337,15.64,0.7,0.0,0.0,5.0,0.6449628755448891
2273,11,train_0153,12262.599905278004,10329.967858895514,82.9967858895514,0.0,12345.596691167555,15.68,0.6,0.0,0.0,5.0,0.6449628755448891
2274,11,train_0527,12447.059393130821,10433.056754123549,93.30567541235487,0.0,12540.365068543177,15.88,0.62,0.0,0.0,5.0,0.6449628755448891
2275,11,train_0363,12489.80567602842,10673.479618115794,117.34796181157945,0.0,12607.15363784,15.84,0.6,0.0,0.0,5.0,0.6449628755448891
2276,11,train_0105,12484.631327179974,10381.130160052018,88.11301600520183,0.0,12572.744343185175,15.38,0.74,0.0,0.0,5.0,0.6449628755448891
2277,11,train_0028,12567.02084250419,10411.719514715038,91.17195147150379,0.0,12658.192793975693,16.0,0.76,0.0,0.0,5.0,0.6449628755448891
2278,11,train_0019,12619.890160847393,10507.1906046053,100.7190604605301,0.0,12720.609221307923,14.92,0.58,0.0,0.0,5.0,0.6449628755448891
2279,11,train_0001,12183.87840884834,10136.561067381404,63.656106738140444,0.0,12247.534515586482,14.66,0.66,0.0,0.0,5.0,0.6449628755448891
2280,11,train_0014,12556.787843043941,10384.965964613762,88.49659646137626,0.0,12645.284439505318,16.38,0.68,0.0,0.0,5.0,0.6449628755448891
2281,11,train_0332,12156.48411607833,10107.093752056988,60.709375205698784,0.0,12217.19349128403,14.5,0.58,0.0,0.0,5.0,0.6449628755448891
2282,11,train_0589,12216.987337766455,10254.147949149006,75.41479491490064,0.0,12292.402132681356,16.56,0.68,0.0,0.0,5.0,0.6449628755448891
2283,11,train_0066,12359.995956722632,10713.936110411467,121.3936110411467,0.0,12481.38956776378,17.7,0.76,0.0,0.0,5.0,0.6449628755448891
2284,11,train_0118,12288.980154422876,10292.535793850442,79.25357938504422,0.0,12368.23373380792,15.24,0.66,0.0,0.0,5.0,0.6449628755448891
2285,11,train_0586,12419.015967837684,10242.267750619256,74.22677506192558,0.0,12493.242742899609,16.04,0.7,0.0,0.0,5.0,0.6449628755448891
2286,11,train_0098,11821.604803385835,10355.470524350556,85.5470524350556,0.0,11907.15185582089,15.36,0.7,0.0,0.0,5.0,0.6449628755448891
2287,11,train_0386,12763.907500709125,10145.476713078595,64.54767130785949,0.0,12828.455172016984,15.8,0.7,0.0,0.0,5.0,0.6449628755448891
2288,11,train_0470,12258.052664648494,10170.031511450386,67.00315114503864,0.0,12325.055815793532,16.48,0.68,0.0,0.0,5.0,0.6449628755448891
2289,11,train_0295,12355.736064275254,10232.098681619831,73.20986816198311,0.0,12428.945932437236,16.36,0.66,0.0,0.0,5.0,0.6449628755448891
2290,11,train_0498,12662.107776064277,10101.785382337352,60.17853823373517,0.0,12722.286314298011,16.56,0.62,0.0,0.0,5.0,0.6449628755448891
2291,11,train_0263,12019.154492436497,9996.630891827575,49.663089182757545,0.0,12068.817581619254,15.92,0.72,0.0,0.0,5.0,0.6449628755448891
2292,11,train_0323,12434.294756916994,10536.144485007404,103.61444850074041,0.0,12537.909205417734,15.78,0.62,0.0,0.0,5.0,0.6449628755448891
2293,11,train_0059,12301.055099927471,10569.945660762494,106.99456607624944,0.0,12408.04966600372,15.28,0.68,0.0,0.0,5.0,0.6449628755448891
2294,11,train_0207,12014.763185962765,9973.663279723292,47.36632797232924,0.0,12062.129513935095,14.98,0.84,0.0,0.0,5.0,0.6449628755448891
2295,11,train_0432,12471.147115509346,10215.251630651976,71.52516306519756,0.0,12542.672278574544,14.12,0.64,0.0,0.0,5.0,0.6449628755448891
2296,11,train_0241,12332.509643691308,10548.031945651273,104.80319456512734,0.0,12437.312838256435,15.42,0.72,0.0,0.0,5.0,0.6449628755448891
2297,11,train_0579,12739.174569745624,9984.722339627664,48.47223396276641,0.0,12787.64680370839,17.26,0.66,0.0,0.0,5.0,0.6449628755448891
2298,11,train_0575,12836.998645381644,10559.335059977935,105.93350599779352,0.0,12942.932151379437,15.96,0.7,0.0,0.0,5.0,0.6449628755448891
2299,11,train_0334,12313.044076298975,10336.400221306641,83.64002213066415,0.0,12396.68409842964,17.9,0.54,0.0,0.0,5.0,0.6449628755448891
2300,11,train_0445,12853.304311675809,10939.303209825912,143.93032098259118,0.0,12997.234632658401,19.12,0.64,0.0,0.0,5.0,0.6449628755448891
2301,11,train_0340,12242.115100847908,10470.421070690118,97.04210706901176,0.0,12339.15720791692,16.66,0.76,0.0,0.0,5.0,0.6449628755448891
2302,11,train_0432,12308.622204094983,10205.631730854462,70.56317308544622,0.0,12379.185377180429,14.74,0.7,0.0,0.0,5.0,0.6449628755448891
2303,11,train_0120,12189.391736531816,10096.232373731738,59.623237373173836,0.0,12249.01497390499,16.24,0.7,0.0,0.0,5.0,0.6449628755448891
2304,11,train_0432,12584.739514994617,10242.625987585778,74.26259875857777,0.0,12659.002113753195,14.3,0.66,0.0,0.0,5.0,0.6449628755448891
2305,11,train_0120,12212.654176766031,10057.399472963642,55.73994729636416,0.0,12268.394124062395,16.5,0.64,0.0,0.0,5.0,0.6449628755448891
2306,11,train_0265,12484.788984679752,10087.665989979982,58.76659899799816,0.0,12543.55558367775,14.98,0.72,0.0,0.0,5.0,0.6449628755448891
2307,11,train_0011,12105.646783441043,10261.350796172563,76.13507961725627,0.0,12181.781863058299,15.08,0.64,0.0,0.0,5.0,0.6449628755448891
2308,11,train_0015,12431.632369934225,10186.66520410093,68.66652041009293,0.0,12500.298890344318,15.72,0.58,0.0,0.0,5.0,0.6449628755448891
2309,11,train_0425,12837.747739447022,10627.210624025982,112.72106240259819,0.0,12950.46880184962,13.88,0.64,0.0,0.0,5.0,0.6449628755448891
2310,11,train_0259,12771.170038840432,10110.252234395768,61.025223439576806,0.0,12832.195262280009,14.7,0.62,0.0,0.0,5.0,0.6449628755448891
2311,11,train_0469,12586.986124490259,10799.603022414241,129.96030224142416,0.0,12716.946426731683,16.18,0.66,0.0,0.0,5.0,0.6449628755448891
2312,11,train_0417,12342.616436135308,10230.767831629626,73.0767831629626,0.0,12415.69321929827,16.32,0.64,0.0,0.0,5.0,0.6449628755448891
2313,11,train_0363,12549.707906416135,10297.427975437397,79.74279754373966,0.0,12629.450703959876,15.32,0.68,0.0,0.0,5.0,0.6449628755448891
2314,11,train_0115,12746.910526461095,10484.351761125696,98.43517611256958,0.0,12845.345702573664,15.06,0.68,0.0,0.0,5.0,0.6449628755448891
2315,11,train_0053,12493.783900794606,10419.406161198516,91.94061611985163,0.0,12585.724516914457,15.64,0.74,0.0,0.0,5.0,0.6449628755448891
2316,11,train_0068,12709.743447143062,10241.605279370338,74.16052793703385,0.0,12783.903975080097,15.78,0.7,0.0,0.0,5.0,0.6449628755448891
2317,11,train_0055,12672.68162489228,10395.481504047406,89.5481504047406,0.0,12762.22977529702,13.86,0.66,0.0,0.0,5.0,0.6449628755448891
2318,11,train_0165,12199.450908508104,9940.334829334348,44.03348293343479,0.0,12243.48439144154,17.86,0.72,0.0,0.0,5.0,0.6449628755448891
2319,11,train_0202,12768.096316702977,10488.903998583519,98.89039985835188,0.0,12866.986716561329,15.08,0.8,0.0,0.0,5.0,0.6449628755448891
2320,11,train_0389,12472.408582439832,10257.017816545864,75.70178165458638,0.0,12548.110364094418,15.4,0.68,0.0,0.0,5.0,0.6449628755448891
2321,11,train_0403,13081.22456525089,10270.853087969484,77.08530879694845,0.0,13158.309874047838,13.68,0.6,0.0,0.0,5.0,0.6449628755448891
2322,11,train_0329,12674.170791535631,10183.336520289304,68.33365202893037,0.0,12742.504443564561,17.52,0.62,0.0,0.0,5.0,0.6449628755448891
2323,11,train_0486,12437.653716817735,10472.367551744563,97.23675517445628,0.0,12534.89047199219,14.92,0.7,0.0,0.0,5.0,0.6449628755448891
2324,11,train_0416,11992.8977790045,10322.182327019065,82.21823270190653,0.0,12075.116011706406,16.92,0.58,0.0,0.0,5.0,0.6449628755448891
2325,11,train_0388,12357.547807257,10552.074755656706,105.20747556567058,0.0,12462.75528282267,15.28,0.5,0.0,0.0,5.0,0.6449628755448891
2326,11,train_0051,12672.035989608445,10182.933509283303,68.29335092833026,0.0,12740.329340536775,16.78,0.68,0.0,0.0,5.0,0.6449628755448891
2327,11,train_0051,12562.9935964457,9893.497507552194,39.34975075521943,0.0,12602.34334720092,17.2,0.72,0.0,0.0,5.0,0.6449628755448891
2328,11,train_0324,12382.882849155623,10411.486073529568,91.14860735295679,0.0,12474.03145650858,14.86,0.66,0.0,0.0,5.0,0.6449628755448891
2329,11,train_0249,12649.902141998948,10223.576554105715,72.35765541057154,0.0,12722.259797409519,16.06,0.66,0.0,0.0,5.0,0.6449628755448891
2330,11,train_0113,12268.147212044856,10189.407048368037,68.9407048368037,0.0,12337.08791688166,16.32,0.64,0.0,0.0,5.0,0.6449628755448891
2331,11,train_0067,11961.420407265545,10227.404620768786,72.74046207687861,0.0,12034.160869342424,17.24,0.6,0.0,0.0,5.0,0.6449628755448891
2332,11,train_0200,12239.870839896395,10255.815966423921,75.58159664239211,0.0,12315.452436538788,16.2,0.82,0.0,0.0,5.0,0.6449628755448891
2333,11,train_0230,12673.34365971273,10317.949405319632,81.79494053196322,0.0,12755.138600244692,15.44,0.66,0.0,0.0,5.0,0.6449628755448891
2334,11,train_0077,12210.899784249366,10336.857837330192,83.68578373301916,0.0,12294.585567982385,16.46,0.56,0.0,0.0,5.0,0.6449628755448891
2335,11,train_0539,12129.379265503267,10388.197365844066,88.81973658440657,0.0,12218.199002087673,14.52,0.7,0.0,0.0,5.0,0.6449628755448891
2336,11,train_0423,12447.00995416446,10093.818337412089,59.38183374120891,0.0,12506.391787905668,16.28,0.64,0.0,0.0,5.0,0.6449628755448891
2337,11,train_0497,12553.728692841247,10224.262471315447,72.42624713154474,0.0,12626.154939972792,15.6,0.68,0.0,0.0,5.0,0.6449628755448891
2338,11,train_0561,12969.746590775621,10040.980798135712,54.09807981357117,0.0,13023.844670589193,17.94,0.68,0.0,0.0,5.0,0.6449628755448891
2339,11,train_0379,12792.659599608249,11166.761547089554,166.67615470895544,0.0,12959.335754317204,15.1,0.64,0.0,0.0,5.0,0.6449628755448891
2340,11,train_0161,12572.623538206808,10060.21786039745,56.02178603974499,0.0,12628.645324246552,14.38,0.72,0.0,0.0,5.0,0.6449628755448891
2341,11,train_0126,12388.184778136001,10378.105686677583,87.81056866775835,0.0,12475.99534680376,15.32,0.58,0.0,0.0,5.0,0.6449628755448891
2342,11,train_0017,12627.60581172241,10155.023835632044,65.50238356320442,0.0,12693.108195285613,15.48,0.72,0.0,0.0,5.0,0.6449628755448891
2343,11,train_0061,12209.807743545025,10355.27746144516,85.52774614451592,0.0,12295.335489689542,14.98,0.5,0.0,0.0,5.0,0.6449628755448891
2344,11,train_0111,12159.239637405568,10309.216086806315,80.92160868063148,0.0,12240.1612460862,15.42,0.74,0.0,0.0,5.0,0.6449628755448891
2345,11,train_0509,12318.375909002047,10118.47562244878,61.84756224487792,0.0,12380.223471246925,13.34,0.68,0.0,0.0,5.0,0.6449628755448891
2346,11,train_0266,12334.75894968609,10648.976699616807,114.89766996168073,0.0,12449.65661964777,16.34,0.78,0.0,0.0,5.0,0.6449628755448891
2347,11,train_0301,12434.549553509241,10685.007390753122,118.50073907531224,0.0,12553.050292584554,16.24,0.76,0.0,0.0,5.0,0.6449628755448891
2348,11,train_0530,12620.586764400137,10710.388387104993,121.0388387104993,0.0,12741.625603110637,14.7,0.7,0.0,0.0,5.0,0.6449628755448891
2349,11,train_0049,12334.87230866051,10783.515256963714,128.3515256963714,0.0,12463.22383435688,14.94,0.72,0.0,0.0,5.0,0.6449628755448891
2350,11,train_0010,12521.40707516759,10494.813000348018,99.48130003480183,0.0,12620.888375202392,16.02,0.64,0.0,0.0,5.0,0.6449628755448891
2351,11,train_0526,12520.618035379583,10309.312549084854,80.93125490848543,0.0,12601.549290288069,17.26,0.64,0.0,0.0,5.0,0.6449628755448891
2352,11,train_0158,12515.599985475237,10443.6269043865,94.36269043864996,0.0,12609.962675913886,14.96,0.6,0.0,0.0,5.0,0.6449628755448891
2353,11,train_0326,12500.350412631227,9988.639931851576,48.8639931851576,0.0,12549.214405816385,15.12,0.52,0.0,0.0,5.0,0.6449628755448891
2354,11,train_0384,12139.210226174984,10089.084359363149,58.908435936314895,0.0,12198.1186621113,16.04,0.6,0.0,0.0,5.0,0.6449628755448891
2355,11,train_0561,12337.570282196217,10623.940884561616,112.39408845616163,0.0,12449.964370652378,17.48,0.54,0.0,0.0,5.0,0.6449628755448891
2356,11,train_0087,12613.331170762165,10707.199945393724,120.71999453937242,0.0,12734.051165301538,16.86,0.54,0.0,0.0,5.0,0.6449628755448891
2357,11,train_0022,12654.036716743167,10300.523924702118,80.05239247021183,0.0,12734.089109213379,17.68,0.68,0.0,0.0,5.0,0.6449628755448891
2358,11,train_0064,12522.560334237496,10855.656728397138,135.5656728397138,0.0,12658.12600707721,15.52,0.72,0.0,0.0,5.0,0.6449628755448891
2359,11,train_0140,12238.655957235367,10293.099926820018,79.30999268200176,0.0,12317.965949917369,15.44,0.84,0.0,0.0,5.0,0.6449628755448891
2360,11,train_0465,12613.931624277408,10538.996354525389,103.89963545253886,0.0,12717.831259729946,17.12,0.54,0.0,0.0,5.0,0.6449628755448891
2361,11,train_0199,12560.566173024108,10657.508699278274,115.75086992782745,0.0,12676.317042951936,15.34,0.74,0.0,0.0,5.0,0.6449628755448891
2362,11,train_0522,12711.412010146629,10391.012851671934,89.10128516719342,0.0,12800.513295313822,18.12,0.58,0.0,0.0,5.0,0.6449628755448891
2363,11,train_0069,12088.73136894334,10467.806277731692,96.78062777316919,0.0,12185.511996716508,18.14,0.78,0.0,0.0,5.0,0.6449628755448891
2364,11,train_0042,12489.907868440576,10234.107625476421,73.41076254764212,0.0,12563.318630988219,14.32,0.66,0.0,0.0,5.0,0.6449628755448891
2365,11,train_0107,12900.868068518728,10325.820409440686,82.58204094406865,0.0,12983.450109462798,17.54,0.6,0.0,0.0,5.0,0.6449628755448891
2366,11,train_0371,12271.406364006369,10508.646658652426,100.86466586524257,0.0,12372.271029871612,15.06,0.68,0.0,0.0,5.0,0.6449628755448891
2367,11,train_0330,12168.793692190047,9737.76637223823,23.776637223822945,0.0,12192.57032941387,16.62,0.66,0.0,0.0,5.0,0.6449628755448891
2368,11,train_0095,12568.03832362377,10304.594193745763,80.45941937457629,0.0,12648.497742998346,15.66,0.66,0.0,0.0,5.0,0.6449628755448891
2369,11,train_0188,12522.775634545022,10419.27200390112,91.92720039011202,0.0,12614.702834935133,15.32,0.52,0.0,0.0,5.0,0.6449628755448891
2370,11,train_0456,12604.761547235015,10160.016193560341,66.0016193560341,0.0,12670.763166591049,15.92,0.6,0.0,0.0,5.0,0.6449628755448891
2371,11,train_0279,12340.832789437187,10574.736150102532,107.47361501025317,0.0,12448.30640444744,17.68,0.74,0.0,0.0,5.0,0.6449628755448891
2372,11,train_0277,12497.556961979919,10273.922253603801,77.39222536038015,0.0,12574.949187340299,16.0,0.72,0.0,0.0,5.0,0.6449628755448891
2373,11,train_0071,12379.720199961455,10551.443146212816,105.1443146212816,0.0,12484.864514582738,14.0,0.7,0.0,0.0,5.0,0.6449628755448891
2374,11,train_0431,12369.113004365348,10228.508573306264,72.85085733062643,0.0,12441.963861695975,15.88,0.62,0.0,0.0,5.0,0.6449628755448891
2375,11,train_0580,12728.289584987557,10707.114322448342,120.71143224483421,0.0,12849.001017232391,15.52,0.76,0.0,0.0,5.0,0.6449628755448891
2376,11,train_0048,12370.380962082592,10156.34342863276,65.63434286327593,0.0,12436.015304945868,16.12,0.72,0.0,0.0,5.0,0.6449628755448891
2377,11,train_0310,12306.20985022712,9995.046070705022,49.504607070502246,0.0,12355.714457297623,15.12,0.72,0.0,0.0,5.0,0.6449628755448891
2378,11,train_0137,12097.108699038268,10499.842475325051,99.98424753250511,0.0,12197.092946570774,15.02,0.66,0.0,0.0,5.0,0.6449628755448891
2379,11,train_0197,12612.644251615879,10446.727352565576,94.67273525655764,0.0,12707.316986872436,17.04,0.6,0.0,0.0,5.0,0.6449628755448891
2380,11,train_0093,12079.551333246956,9960.613289143546,46.06132891435464,0.0,12125.612662161311,17.64,0.8,0.0,0.0,5.0,0.6449628755448891
2381,11,train_0304,12810.412551342313,10521.544379319244,102.15443793192445,0.0,12912.566989274237,16.5,0.54,0.0,0.0,5.0,0.6449628755448891
2382,11,train_0156,12347.369683117871,10368.306605809204,86.83066058092045,0.0,12434.200343698792,16.42,0.56,0.0,0.0,5.0,0.6449628755448891
2383,11,train_0406,12326.715991523524,10327.246707392449,82.72467073924491,0.0,12409.440662262768,17.98,0.6,0.0,0.0,5.0,0.6449628755448891
2384,11,train_0169,11967.28438563315,10174.307188962453,67.43071889624535,0.0,12034.715104529394,15.72,0.66,0.0,0.0,5.0,0.6449628755448891
2385,11,train_0263,12138.888370131004,10068.744310538668,56.87443105386683,0.0,12195.762801184872,15.44,0.6,0.0,0.0,5.0,0.6449628755448891
2386,11,train_0082,12680.069484003812,10496.873029843247,99.68730298432475,0.0,12779.756786988137,15.28,0.66,0.0,0.0,5.0,0.6449628755448891
2387,11,train_0321,12485.73425773296,10139.012541424583,63.90125414245831,0.0,12549.635511875418,17.48,0.78,0.0,0.0,5.0,0.6449628755448891
2388,11,train_0546,12363.511097672399,10482.784163654775,98.27841636547747,0.0,12461.789514037877,19.48,0.68,0.0,0.0,5.0,0.6449628755448891
2389,11,train_0304,12740.586682079165,10738.491215605589,123.8491215605589,0.0,12864.435803639724,16.64,0.66,0.0,0.0,5.0,0.6449628755448891
2390,11,train_0227,12954.331054899578,10286.433415428226,78.64334154282261,0.0,13032.9743964424,16.04,0.54,0.0,0.0,5.0,0.6449628755448891
2391,11,train_0396,12238.623286123104,10163.19902567337,66.31990256733698,0.0,12304.94318869044,13.66,0.7,0.0,0.0,5.0,0.6449628755448891
2392,11,train_0337,11907.629439503575,10268.387098527424,76.83870985274244,0.0,11984.468149356317,15.5,0.72,0.0,0.0,5.0,0.6449628755448891
2393,11,train_0168,12499.932932262162,10528.152134545417,102.81521345454166,0.0,12602.748145716703,14.66,0.56,0.0,0.0,5.0,0.6449628755448891
2394,11,train_0243,12575.613240176885,10494.547211183133,99.45472111831333,0.0,12675.067961295197,17.16,0.78,0.0,0.0,5.0,0.6449628755448891
2395,11,train_0460,12611.50152692939,10266.753324432633,76.67533244326333,0.0,12688.176859372654,14.88,0.66,0.0,0.0,5.0,0.6449628755448891
2396,11,train_0054,12667.491746419211,10177.483356062121,67.7483356062121,0.0,12735.240082025422,16.02,0.76,0.0,0.0,5.0,0.6449628755448891
2397,11,train_0262,12314.467808745312,10571.875879877609,107.18758798776089,0.0,12421.655396733073,16.76,0.76,0.0,0.0,5.0,0.6449628755448891
2398,11,train_0578,12237.131347095481,10259.243757424962,75.92437574249617,0.0,12313.055722837977,18.66,0.7,0.0,0.0,5.0,0.6449628755448891
2399,11,train_0511,12046.813467437089,10301.057926567768,80.1057926567768,0.0,12126.919260093866,16.94,0.54,0.0,0.0,5.0,0.6449628755448891
2400,11,train_0509,12146.43788755356,10014.769287195171,51.47692871951713,0.0,12197.914816273078,13.84,0.7,0.0,0.0,5.0,0.6449628755448891
2401,11,train_0216,12370.310616143815,9782.659561907118,28.26595619071177,0.0,12398.576572334527,17.24,0.72,0.0,0.0,5.0,0.6449628755448891
2402,11,train_0496,12458.816218555326,10110.557693754712,61.055769375471215,0.0,12519.871987930797,16.04,0.54,0.0,0.0,5.0,0.6449628755448891
2403,11,train_0119,12126.547027212277,10440.983876334405,94.09838763344051,0.0,12220.645414845718,16.8,0.6,0.0,0.0,5.0,0.6449628755448891
2404,11,train_0528,12497.820703265885,10535.576885561419,103.55768855614188,0.0,12601.378391822027,15.0,0.56,0.0,0.0,5.0,0.6449628755448891
2405,11,train_0164,12183.025160988622,10353.069034589531,85.3069034589531,0.0,12268.332064447575,15.06,0.6,0.0,0.0,5.0,0.6449628755448891
2406,11,train_0051,12682.329162290389,10288.09117317571,78.80911731757097,0.0,12761.13827960796,18.28,0.66,0.0,0.0,5.0,0.6449628755448891
2407,11,train_0050,12285.471995373595,10328.293313143935,82.8293313143935,0.0,12368.301326687988,15.44,0.58,0.0,0.0,5.0,0.6449628755448891
2408,11,train_0465,12711.027649043972,10788.91608750588,128.89160875058806,0.0,12839.91925779456,16.14,0.68,0.0,0.0,5.0,0.6449628755448891
2409,11,train_0391,12582.76849351028,10363.997683157306,86.39976831573058,0.0,12669.168261826011,14.36,0.7,0.0,0.0,5.0,0.6449628755448891
2410,11,train_0475,12179.343594838827,10253.05352183139,75.30535218313908,0.0,12254.648947021966,16.18,0.64,0.0,0.0,5.0,0.6449628755448891
2411,11,train_0144,12641.939514740992,11274.433214367938,177.44332143679387,0.0,12819.382836177787,14.32,0.66,0.0,0.0,5.0,0.6449628755448891
2412,11,train_0372,12536.493114133225,10825.350409999332,132.53504099993316,0.0,12669.028155133159,17.28,0.7,0.0,0.0,5.0,0.6449628755448891
2413,11,train_0239,12471.869360876286,10316.031516412526,81.6031516412526,0.0,12553.47251251754,14.92,0.62,0.0,0.0,5.0,0.6449628755448891
2414,11,train_0341,12661.391741056876,10526.504201651316,102.65042016513162,0.0,12764.042161222007,16.26,0.6,0.0,0.0,5.0,0.6449628755448891
2415,11,train_0176,12901.800792879061,10451.819343260511,95.18193432605113,0.0,12996.982727205112,14.18,0.6,0.0,0.0,5.0,0.6449628755448891
2416,11,train_0544,13078.200875453356,10503.292741802854,100.3292741802854,0.0,13178.530149633641,15.72,0.68,0.0,0.0,5.0,0.6449628755448891
2417,11,train_0155,12611.115646578804,10523.834879331416,102.38348793314162,0.0,12713.499134511945,16.14,0.74,0.0,0.0,5.0,0.6449628755448891
2418,11,train_0482,12047.848096477319,9783.294856216631,28.329485621663117,0.0,12076.177582098982,14.54,0.76,0.0,0.0,5.0,0.6449628755448891
2419,11,train_0552,12547.29240669215,10131.699010239789,63.16990102397886,0.0,12610.462307716129,14.32,0.72,0.0,0.0,5.0,0.6449628755448891
2420,11,train_0520,11996.333672497469,9995.871946424653,49.587194642465334,0.0,12045.920867139934,16.78,0.54,0.0,0.0,5.0,0.6449628755448891
2421,11,train_0586,12398.835762627212,10264.075560664689,76.4075560664689,0.0,12475.243318693681,14.76,0.76,0.0,0.0,5.0,0.6449628755448891
2422,11,train_0491,12630.803579117233,10321.713069489037,82.17130694890366,0.0,12712.974886066137,16.12,0.7,0.0,0.0,5.0,0.6449628755448891
2423,11,train_0455,12873.191094666221,10475.002823346087,97.50028233460871,0.0,12970.69137700083,19.22,0.6,0.0,0.0,5.0,0.6449628755448891
2424,11,train_0431,12277.574972111022,10330.93920184951,83.09392018495092,0.0,12360.668892295973,16.7,0.64,0.0,0.0,5.0,0.6449628755448891
2425,11,train_0550,12441.413298157084,10150.980977469193,65.09809774691931,0.0,12506.511395904003,17.92,0.62,0.0,0.0,5.0,0.6449628755448891
2426,11,train_0178,12273.943543486837,10185.853301283372,68.58533012833723,0.0,12342.528873615174,15.6,0.56,0.0,0.0,5.0,0.6449628755448891
2427,11,train_0134,12917.958870714781,10389.943182440678,88.99431824406784,0.0,13006.953188958849,13.24,0.64,0.0,0.0,5.0,0.6449628755448891
2428,11,train_0292,12815.875837594456,10221.860143742351,72.18601437423513,0.0,12888.06185196869,18.48,0.8,0.0,0.0,5.0,0.6449628755448891
2429,11,train_0005,12147.326941942718,10064.187389826351,56.41873898263512,0.0,12203.745680925353,17.62,0.74,0.0,0.0,5.0,0.6449628755448891
2430,11,train_0431,12278.321335062137,10218.396939542297,71.83969395422973,0.0,12350.161029016366,17.08,0.72,0.0,0.0,5.0,0.6449628755448891
2431,11,train_0199,12627.571087209622,10507.99476181874,100.79947618187398,0.0,12728.370563391496,14.74,0.62,0.0,0.0,5.0,0.6449628755448891
2432,11,train_0400,12511.155600912418,10851.582951965069,135.15829519650688,0.0,12646.313896108924,14.9,0.6,0.0,0.0,5.0,0.6449628755448891
2433,11,train_0111,12039.325936785353,10396.791579325658,89.6791579325658,0.0,12129.005094717919,15.28,0.56,0.0,0.0,5.0,0.6449628755448891
2434,11,train_0593,12301.35336164467,10275.454682672636,77.54546826726364,0.0,12378.898829911934,13.44,0.72,0.0,0.0,5.0,0.6449628755448891
2435,11,train_0093,11846.3924857362,10262.848140446411,76.2848140446411,0.0,11922.67729978084,17.78,0.66,0.0,0.0,5.0,0.6449628755448891
2436,11,train_0174,12236.774999318595,10447.549830845535,94.75498308455354,0.0,12331.529982403148,15.8,0.72,0.0,0.0,5.0,0.6449628755448891
2437,11,train_0591,12664.005558027256,10475.444391672205,97.54443916722049,0.0,12761.549997194477,17.58,0.58,0.0,0.0,5.0,0.6449628755448891
2438,11,train_0073,12159.892034568402,10423.737075258168,92.37370752581683,0.0,12252.26574209422,15.06,0.72,0.0,0.0,5.0,0.6449628755448891
2439,11,train_0109,12504.572238597184,10392.473670503721,89.24736705037213,0.0,12593.819605647555,17.14,0.68,0.0,0.0,5.0,0.6449628755448891
2440,11,train_0127,12453.492167323611,10349.580651495156,84.95806514951565,0.0,12538.450232473127,16.08,0.7,0.0,0.0,5.0,0.6449628755448891
2441,11,train_0216,12254.713115312992,10153.114215602938,65.31142156029382,0.0,12320.024536873287,18.2,0.64,0.0,0.0,5.0,0.6449628755448891
2442,11,train_0138,12211.112664295968,10419.942513453389,91.99425134533885,0.0,12303.106915641307,16.98,0.8,0.0,0.0,5.0,0.6449628755448891
2443,11,train_0020,12781.620849846522,10583.561386744954,108.35613867449538,0.0,12889.976988521017,14.68,0.68,0.0,0.0,5.0,0.6449628755448891
2444,11,train_0448,12369.142504332372,10268.38846697927,76.83884669792697,0.0,12445.9813510303,15.68,0.66,0.0,0.0,5.0,0.6449628755448891
2445,11,train_0420,12573.34067313354,10067.29926914283,56.72992691428299,0.0,12630.070600047822,16.38,0.64,0.0,0.0,5.0,0.6449628755448891
2446,11,train_0530,12427.883826808194,10801.19947691414,130.119947691414,0.0,12558.003774499608,16.42,0.56,0.0,0.0,5.0,0.6449628755448891
2447,11,train_0292,12525.247815511095,10311.595668299891,81.15956682998913,0.0,12606.407382341084,18.84,0.68,0.0,0.0,5.0,0.6449628755448891
2448,12,train_0028,12590.206175974894,10527.507446077929,102.75074460779288,0.0,12692.956920582687,16.6,0.74,0.0,0.0,5.0,0.6449628755448891
2449,12,train_0075,12559.467562421944,10500.283129775977,100.02831297759768,0.0,12659.495875399542,16.7,0.66,0.0,0.0,5.0,0.6449628755448891
2450,12,train_0328,12513.929863184769,10329.517306141406,82.95173061414062,0.0,12596.88159379891,14.68,0.68,0.0,0.0,5.0,0.6449628755448891
2451,12,train_0161,12442.274487264425,10427.897050038517,92.78970500385168,0.0,12535.064192268277,15.16,0.78,0.0,0.0,5.0,0.6449628755448891
2452,12,train_0132,12399.157230778566,10296.159130594577,79.61591305945768,0.0,12478.773143838023,17.4,0.54,0.0,0.0,5.0,0.6449628755448891
2453,12,train_0032,12614.953360354912,10452.17307922281,95.21730792228101,0.0,12710.170668277193,18.08,0.66,0.0,0.0,5.0,0.6449628755448891
2454,12,train_0166,12107.743728851583,10250.767436987797,75.07674369877968,0.0,12182.820472550362,14.18,0.54,0.0,0.0,5.0,0.6449628755448891
2455,12,train_0586,12567.794452826736,10303.408335134187,80.3408335134187,0.0,12648.135286340155,15.24,0.58,0.0,0.0,5.0,0.6449628755448891
2456,12,train_0488,12331.60881886911,10251.167757676643,75.11677576766434,0.0,12406.725594636775,15.88,0.78,0.0,0.0,5.0,0.6449628755448891
2457,12,train_0183,12535.221712785009,10326.76778432816,82.676778432816,0.0,12617.898491217826,13.5,0.64,0.0,0.0,5.0,0.6449628755448891
2458,12,train_0299,12341.30907288174,10408.435877340577,90.84358773405766,0.0,12432.152660615799,13.88,0.62,0.0,0.0,5.0,0.6449628755448891
2459,12,train_0037,13051.03003464113,10775.641937204324,127.56419372043239,0.0,13178.594228361562,17.04,0.68,0.0,0.0,5.0,0.6449628755448891
2460,12,train_0452,12276.252723691752,10221.54245634891,72.15424563489105,0.0,12348.406969326643,15.12,0.7,0.0,0.0,5.0,0.6449628755448891
2461,12,train_0522,13056.363616342021,10253.381502590266,75.33815025902659,0.0,13131.701766601049,17.3,0.54,0.0,0.0,5.0,0.6449628755448891
2462,12,train_0281,12797.01073924245,10416.916505278812,91.69165052788122,0.0,12888.702389770331,16.52,0.64,0.0,0.0,5.0,0.6449628755448891
2463,12,train_0328,12333.293773027302,10641.689990807135,114.16899908071355,0.0,12447.462772108016,16.02,0.7,0.0,0.0,5.0,0.6449628755448891
2464,12,train_0310,12001.097691948286,10408.075669541895,90.8075669541895,0.0,12091.905258902476,16.76,0.68,0.0,0.0,5.0,0.6449628755448891
2465,12,train_0342,12360.750820207044,10328.972466125335,82.8972466125335,0.0,12443.648066819578,17.74,0.7,0.0,0.0,5.0,0.6449628755448891
2466,12,train_0072,12366.676836685308,10769.066690344294,126.90666903442944,0.0,12493.583505719738,15.92,0.58,0.0,0.0,5.0,0.6449628755448891
2467,12,train_0230,12160.814708880593,10626.427101270227,112.64271012702267,0.0,12273.457419007615,14.72,0.66,0.0,0.0,5.0,0.6449628755448891
2468,12,train_0238,12493.723832754713,10393.822961547872,89.38229615478723,0.0,12583.1061289095,16.14,0.7,0.0,0.0,5.0,0.6449628755448891
2469,12,train_0396,12475.370511414478,10511.349868709991,101.1349868709991,0.0,12576.505498285476,14.44,0.74,0.0,0.0,5.0,0.6449628755448891
2470,12,train_0374,12452.440555674104,10465.678296415743,96.56782964157429,0.0,12549.008385315678,17.48,0.6,0.0,0.0,5.0,0.6449628755448891
2471,12,train_0182,12354.40149886291,10877.552041032486,137.75520410324862,0.0,12492.156702966158,17.42,0.74,0.0,0.0,5.0,0.6449628755448891
2472,12,train_0145,12270.402017160312,10421.283977447943,92.12839774479436,0.0,12362.530414905106,15.18,0.7,0.0,0.0,5.0,0.6449628755448891
2473,12,train_0355,12451.002102273498,10578.023361115294,107.80233611152944,0.0,12558.804438385028,15.66,0.78,0.0,0.0,5.0,0.6449628755448891
2474,12,train_0429,12612.965559562857,10969.762644881555,146.97626448815555,0.0,12759.941824051013,15.46,0.64,0.0,0.0,5.0,0.6449628755448891
2475,12,train_0148,12516.162337340436,10382.345807067126,88.23458070671259,0.0,12604.396918047149,18.02,0.68,0.0,0.0,5.0,0.6449628755448891
2476,12,train_0553,11635.279232093371,9853.967614311705,35.39676143117049,0.0,11670.675993524543,16.12,0.74,0.0,0.0,5.0,0.6449628755448891
2477,12,train_0255,11663.332415826071,10252.02775214955,75.202775214955,0.0,11738.535191041026,17.32,0.72,0.0,0.0,5.0,0.6449628755448891
2478,12,train_0597,12215.743975261332,10579.454033033744,107.9454033033744,0.0,12323.689378564706,17.9,0.78,0.0,0.0,5.0,0.6449628755448891
2479,12,train_0143,12606.43509425679,10470.095017974338,97.00950179743377,0.0,12703.444596054225,15.54,0.7,0.0,0.0,5.0,0.6449628755448891
2480,12,train_0306,12379.732134833997,10505.609044520672,100.56090445206719,0.0,12480.293039286065,14.54,0.52,0.0,0.0,5.0,0.6449628755448891
2481,12,train_0552,12325.357383323051,10290.864568859819,79.0864568859819,0.0,12404.443840209033,15.0,0.6,0.0,0.0,5.0,0.6449628755448891
2482,12,train_0170,12308.564825763726,10083.169844275866,58.31698442758662,0.0,12366.881810191313,16.96,0.72,0.0,0.0,5.0,0.6449628755448891
2483,12,train_0292,12581.703492331828,10023.868624390185,52.38686243901848,0.0,12634.090354770846,17.88,0.68,0.0,0.0,5.0,0.6449628755448891
2484,12,train_0476,12174.755454206253,10467.873262893954,96.78732628939542,0.0,12271.542780495649,18.8,0.72,0.0,0.0,5.0,0.6449628755448891
2485,12,train_0359,12389.436170462579,10528.614608955202,102.86146089552022,0.0,12492.297631358098,14.7,0.62,0.0,0.0,5.0,0.6449628755448891
2486,12,train_0397,12267.695222689998,10177.124049222428,67.71240492224278,0.0,12335.40762761224,16.32,0.54,0.0,0.0,5.0,0.6449628755448891
2487,12,train_0361,12641.927240710793,10546.218271311283,104.62182713112834,0.0,12746.549067841921,16.0,0.68,0.0,0.0,5.0,0.6449628755448891
2488,12,train_0520,11848.663921037096,10405.977688002264,90.59776880022638,0.0,11939.261689837322,16.76,0.7,0.0,0.0,5.0,0.6449628755448891
2489,12,train_0528,12836.013547630451,10121.187966718033,62.11879667180329,0.0,12898.132344302254,15.68,0.64,0.0,0.0,5.0,0.6449628755448891
2490,12,train_0298,11797.410310851637,9897.228625472879,39.72286254728788,0.0,11837.133173398925,17.16,0.74,0.0,0.0,5.0,0.6449628755448891
2491,12,train_0301,12421.852809030497,10900.624517756904,140.06245177569036,0.0,12561.915260806187,15.3,0.76,0.0,0.0,5.0,0.6449628755448891
2492,12,train_0512,12566.988243581269,10121.122269592775,62.11222695927754,0.0,12629.100470540547,14.28,0.62,0.0,0.0,5.0,0.6449628755448891
2493,12,train_0573,12026.63486380491,10342.638953287995,84.26389532879949,0.0,12110.898759133708,16.14,0.78,0.0,0.0,5.0,0.6449628755448891
2494,12,train_0337,12207.744905830716,9957.839784459728,45.78397844597276,0.0,12253.528884276688,17.02,0.66,0.0,0.0,5.0,0.6449628755448891
2495,12,train_0481,12222.086307526977,10095.347481412027,59.534748141202726,0.0,12281.62105566818,16.56,0.66,0.0,0.0,5.0,0.6449628755448891
2496,12,train_0374,12309.400263944477,10737.851082784997,123.78510827849969,0.0,12433.185372222977,15.82,0.64,0.0,0.0,5.0,0.6449628755448891
2497,12,train_0533,12178.55712023795,9974.920393326654,47.49203933266545,0.0,12226.049159570615,15.9,0.72,0.0,0.0,5.0,0.6449628755448891
2498,12,train_0403,12891.53751403527,10292.602063886427,79.26020638864266,0.0,12970.797720423912,14.28,0.58,0.0,0.0,5.0,0.6449628755448891
2499,12,train_0351,12944.088331526707,10497.293954816909,99.72939548169089,0.0,13043.817727008398,17.32,0.56,0.0,0.0,5.0,0.6449628755448891
2500,12,train_0356,12345.320119429553,10584.020111880653,108.40201118806527,0.0,12453.722130617618,16.54,0.74,0.0,0.0,5.0,0.6449628755448891
2501,12,train_0179,12194.826035202193,10216.726152501366,71.67261525013656,0.0,12266.49865045233,14.88,0.62,0.0,0.0,5.0,0.6449628755448891
2502,12,train_0008,12239.776506810269,10486.858245879801,98.68582458798011,0.0,12338.462331398248,14.12,0.74,0.0,0.0,5.0,0.6449628755448891
2503,12,train_0102,12381.761122021138,10412.118940799213,91.21189407992134,0.0,12472.97301610106,14.2,0.68,0.0,0.0,5.0,0.6449628755448891
2504,12,train_0523,12459.225241883389,9881.817154183464,38.18171541834636,0.0,12497.406957301735,16.86,0.7,0.0,0.0,5.0,0.6449628755448891
2505,12,train_0405,12513.70106613017,10345.3442260023,84.53442260023003,0.0,12598.2354887304,17.06,0.76,0.0,0.0,5.0,0.6449628755448891
2506,12,train_0334,12428.363413070438,10285.217150264336,78.5217150264336,0.0,12506.885128096872,15.78,0.58,0.0,0.0,5.0,0.6449628755448891
2507,12,train_0028,12779.732162854372,10186.002559150449,68.60025591504491,0.0,12848.332418769418,17.34,0.82,0.0,0.0,5.0,0.6449628755448891
2508,12,train_0450,12220.438699290846,10465.720116276167,96.57201162761667,0.0,12317.010710918463,13.92,0.66,0.0,0.0,5.0,0.6449628755448891
2509,12,train_0349,12145.154820564652,10061.245946270934,56.124594627093394,0.0,12201.279415191746,16.18,0.6,0.0,0.0,5.0,0.6449628755448891
2510,12,train_0346,12848.604254507265,10740.711023602506,124.07110236025056,0.0,12972.675356867516,16.08,0.58,0.0,0.0,5.0,0.6449628755448891
2511,12,train_0258,12961.157754246862,10251.272272332068,75.12722723320677,0.0,13036.284981480068,16.42,0.74,0.0,0.0,5.0,0.6449628755448891
2512,12,train_0367,11984.545863288278,10455.588221986924,95.55882219869237,0.0,12080.104685486971,14.8,0.86,0.0,0.0,5.0,0.6449628755448891
2513,12,train_0116,12132.999313490156,10389.344051230923,88.93440512309226,0.0,12221.933718613249,16.36,0.86,0.0,0.0,5.0,0.6449628755448891
2514,12,train_0364,12491.303698777858,10527.674696235641,102.76746962356411,0.0,12594.071168401422,18.3,0.74,0.0,0.0,5.0,0.6449628755448891
2515,12,train_0524,11987.378438860138,10074.862403642328,57.4862403642328,0.0,12044.86467922437,16.96,0.8,0.0,0.0,5.0,0.6449628755448891
2516,12,train_0254,12384.144988421154,10471.856141440758,97.18561414407577,0.0,12481.330602565231,16.54,0.72,0.0,0.0,5.0,0.6449628755448891
2517,12,train_0165,12278.209767661981,10022.518277077806,52.25182770778065,0.0,12330.461595369761,16.06,0.76,0.0,0.0,5.0,0.6449628755448891
2518,12,train_0022,12644.473480046534,10551.961583245826,105.19615832458258,0.0,12749.669638371117,16.36,0.72,0.0,0.0,5.0,0.6449628755448891
2519,12,train_0067,11977.49365856743,10242.969511845116,74.29695118451164,0.0,12051.79060975194,18.56,0.64,0.0,0.0,5.0,0.6449628755448891
2520,12,train_0404,13362.782534703918,10879.177543516476,137.91775435164763,0.0,13500.700289055565,16.06,0.58,0.0,0.0,5.0,0.6449628755448891
2521,12,train_0164,12050.32763109867,10567.454974454278,106.74549744542783,0.0,12157.073128544098,15.38,0.7,0.0,0.0,5.0,0.6449628755448891
2522,12,train_0402,12518.563028493942,10450.572876644448,95.05728766444481,0.0,12613.620316158387,16.5,0.74,0.0,0.0,5.0,0.6449628755448891
2523,12,train_0271,12208.923181787104,10170.588665175597,67.05886651755974,0.0,12275.982048304664,15.58,0.68,0.0,0.0,5.0,0.6449628755448891
2524,12,train_0223,12180.033925234906,10432.43797645931,93.24379764593105,0.0,12273.277722880837,15.0,0.62,0.0,0.0,5.0,0.6449628755448891
2525,12,train_0338,12223.83124446218,10713.365728761793,121.33657287617935,0.0,12345.16781733836,15.26,0.62,0.0,0.0,5.0,0.6449628755448891
2526,12,train_0374,12332.046120388362,10663.76203062868,116.37620306286809,0.0,12448.42232345123,16.58,0.62,0.0,0.0,5.0,0.6449628755448891
2527,12,train_0569,12134.472014663355,10238.151198422724,73.81511984227237,0.0,12208.287134505628,14.94,0.64,0.0,0.0,5.0,0.6449628755448891
2528,12,train_0367,12339.72200723788,10282.391208270556,78.23912082705556,0.0,12417.961128064937,14.4,0.76,0.0,0.0,5.0,0.6449628755448891
2529,12,train_0214,12330.188131404053,9935.71107789895,43.571107789894995,0.0,12373.759239193947,15.22,0.7,0.0,0.0,5.0,0.6449628755448891
2530,12,train_0157,12258.770182241627,10527.94454754646,102.794454754646,0.0,12361.564636996274,16.02,0.7,0.0,0.0,5.0,0.6449628755448891
2531,12,train_0492,12102.533732498589,10421.204783133884,92.12047831338842,0.0,12194.654210811977,15.66,0.66,0.0,0.0,5.0,0.6449628755448891
2532,12,train_0024,12024.161594107203,10199.028357281673,69.90283572816735,0.0,12094.06442983537,16.62,0.62,0.0,0.0,5.0,0.6449628755448891
2533,12,train_0469,12532.294475464885,10771.237064740979,127.1237064740979,0.0,12659.418181938983,16.16,0.58,0.0,0.0,5.0,0.6449628755448891
2534,12,train_0541,12447.674341212914,10538.319859070287,103.8319859070287,0.0,12551.506327119943,18.02,0.82,0.0,0.0,5.0,0.6449628755448891
2535,12,train_0189,12251.950822682735,10492.594004074967,99.25940040749666,0.0,12351.210223090231,15.26,0.78,0.0,0.0,5.0,0.6449628755448891
2536,12,train_0473,12310.591182575952,10167.61234520035,66.76123452003503,0.0,12377.352417095986,20.18,0.66,0.0,0.0,5.0,0.6449628755448891
2537,12,train_0394,12247.757032440331,10567.660325366083,106.76603253660834,0.0,12354.52306497694,15.74,0.7,0.0,0.0,5.0,0.6449628755448891
2538,12,train_0419,12571.991069243266,10232.14646527643,73.21464652764298,0.0,12645.20571577091,15.48,0.74,0.0,0.0,5.0,0.6449628755448891
2539,12,train_0405,12905.048850754773,10880.81858834307,138.08185883430707,0.0,13043.130709589079,16.26,0.74,0.0,0.0,5.0,0.6449628755448891
2540,12,train_0328,12266.911972126487,10599.016659161241,109.90166591612416,0.0,12376.813638042611,16.56,0.66,0.0,0.0,5.0,0.6449628755448891
2541,12,train_0118,12340.651943915189,10531.589087103048,103.15890871030479,0.0,12443.810852625495,15.5,0.6,0.0,0.0,5.0,0.6449628755448891
2542,12,train_0474,12431.086538520452,10559.229032820353,105.92290328203526,0.0,12537.009441802487,15.02,0.62,0.0,0.0,5.0,0.6449628755448891
2543,12,train_0560,12238.991557866353,10536.95436669726,103.69543666972605,0.0,12342.68699453608,17.84,0.78,0.0,0.0,5.0,0.6449628755448891
2544,12,train_0572,11976.661830317293,10952.268600968451,145.22686009684512,0.0,12121.888690414138,14.2,0.68,0.0,0.0,5.0,0.6449628755448891
2545,12,train_0038,12675.695660205834,10166.398167534058,66.63981675340584,0.0,12742.33547695924,17.34,0.62,0.0,0.0,5.0,0.6449628755448891
2546,12,train_0142,12961.79029015281,10261.196112582867,76.11961125828675,0.0,13037.909901411098,16.5,0.7,0.0,0.0,5.0,0.6449628755448891
2547,12,train_0037,13067.24694150401,10749.558367667882,124.95583676678817,0.0,13192.2027782708,17.96,0.66,0.0,0.0,5.0,0.6449628755448891
2548,12,train_0490,11814.576330037058,10489.757632655534,98.97576326555337,0.0,11913.552093302611,14.66,0.72,0.0,0.0,5.0,0.6449628755448891
2549,12,train_0332,12252.282229011365,10345.2176496929,84.52176496929006,0.0,12336.803993980655,16.2,0.72,0.0,0.0,5.0,0.6449628755448891
2550,12,train_0513,12388.677333649295,10348.998229497623,84.89982294976235,0.0,12473.577156599058,16.18,0.7,0.0,0.0,5.0,0.6449628755448891
2551,12,train_0187,12283.344104692358,10098.262700583398,59.82627005833984,0.0,12343.170374750698,15.92,0.72,0.0,0.0,5.0,0.6449628755448891
2552,12,train_0512,12387.266482521238,10377.754924147626,87.77549241476264,0.0,12475.041974936,14.86,0.76,0.0,0.0,5.0,0.6449628755448891
2553,12,train_0331,12218.674855416106,10362.948588597672,86.2948588597672,0.0,12304.969714275872,17.62,0.62,0.0,0.0,5.0,0.6449628755448891
2554,12,train_0443,12649.048614765074,10739.06392561045,123.90639256104497,0.0,12772.955007326118,17.36,0.66,0.0,0.0,5.0,0.6449628755448891
2555,12,train_0177,12574.81813763474,10340.682784463355,84.06827844633554,0.0,12658.886416081075,13.88,0.68,0.0,0.0,5.0,0.6449628755448891
2556,12,train_0390,12385.755004818559,10631.437611409183,113.14376114091829,0.0,12498.898765959477,17.86,0.52,0.0,0.0,5.0,0.6449628755448891
2557,12,train_0531,12498.418601996202,10348.063264035354,84.80632640353542,0.0,12583.224928399737,16.48,0.52,0.0,0.0,5.0,0.6449628755448891
2558,12,train_0457,12503.728574296467,10431.39013746399,93.139013746399,0.0,12596.867588042865,14.96,0.72,0.0,0.0,5.0,0.6449628755448891
2559,12,train_0272,12506.71924512466,10460.652513868154,96.06525138681536,0.0,12602.784496511475,15.3,0.8,0.0,0.0,5.0,0.6449628755448891
2560,12,train_0246,12062.266378435648,10573.954922858438,107.39549228584383,0.0,12169.661870721491,15.88,0.66,0.0,0.0,5.0,0.6449628755448891
2561,12,train_0067,12316.903555488618,9733.750343852967,23.37503438529675,0.0,12340.278589873915,17.26,0.78,0.0,0.0,5.0,0.6449628755448891
2562,12,train_0467,12817.428632240508,10734.01269312842,123.40126931284195,0.0,12940.82990155335,16.46,0.66,0.0,0.0,5.0,0.6449628755448891
2563,12,train_0163,12753.221551431361,10553.29127806479,105.32912780647894,0.0,12858.55067923784,15.24,0.7,0.0,0.0,5.0,0.6449628755448891
2564,12,train_0598,12346.184009815632,10116.007652386263,61.600765238626266,0.0,12407.784775054259,14.44,0.54,0.0,0.0,5.0,0.6449628755448891
2565,12,train_0096,12697.4006227434,10294.623912787098,79.46239127870977,0.0,12776.86301402211,18.94,0.7,0.0,0.0,5.0,0.6449628755448891
2566,12,train_0494,12230.477537172901,10133.380927910257,63.3380927910257,0.0,12293.815629963927,14.42,0.62,0.0,0.0,5.0,0.6449628755448891
2567,12,train_0593,12222.271344884599,10495.666280997886,99.56662809978862,0.0,12321.837972984387,14.16,0.78,0.0,0.0,5.0,0.6449628755448891
2568,12,train_0487,12459.71168966298,10324.95912721922,82.49591272192193,0.0,12542.207602384902,14.9,0.66,0.0,0.0,5.0,0.6449628755448891
2569,12,train_0458,12701.776525421194,10757.31922581543,125.73192258154305,0.0,12827.508448002736,15.1,0.74,0.0,0.0,5.0,0.6449628755448891
2570,12,train_0561,12582.870808345913,10580.70542207668,108.07054220766804,0.0,12690.941350553581,17.44,0.68,0.0,0.0,5.0,0.6449628755448891
2571,12,train_0143,12823.717297516429,10250.079944707897,75.00799447078971,0.0,12898.725291987219,15.36,0.6,0.0,0.0,5.0,0.6449628755448891
2572,12,train_0132,12272.452154171464,10307.061865192656,80.70618651926561,0.0,12353.15834069073,18.84,0.7,0.0,0.0,5.0,0.6449628755448891
2573,12,train_0123,12330.97466903832,10398.696695022834,89.86966950228344,0.0,12420.844338540603,15.42,0.66,0.0,0.0,5.0,0.6449628755448891
2574,12,train_0431,12375.03031654025,10400.583969173551,90.0583969173551,0.0,12465.088713457604,16.64,0.68,0.0,0.0,5.0,0.6449628755448891
2575,12,train_0425,12844.999218424386,10490.132867623282,99.01328676232825,0.0,12944.012505186714,15.48,0.7,0.0,0.0,5.0,0.6449628755448891
2576,12,train_0310,12128.202087039168,9933.328160878806,43.332816087880566,0.0,12171.534903127049,15.18,0.66,0.0,0.0,5.0,0.6449628755448891
2577,12,train_0470,12103.56025999879,10386.218765438174,88.62187654381742,0.0,12192.182136542608,14.88,0.62,0.0,0.0,5.0,0.6449628755448891
2578,12,train_0587,12402.231596804359,10206.101716824916,70.61017168249164,0.0,12472.841768486851,18.3,0.68,0.0,0.0,5.0,0.6449628755448891
2579,12,train_0298,12107.99945602848,9849.565141700043,34.95651417000427,0.0,12142.955970198484,14.8,0.6,0.0,0.0,5.0,0.6449628755448891
2580,12,train_0526,12328.149610666278,10495.095059610714,99.50950596107141,0.0,12427.65911662735,17.3,0.6,0.0,0.0,5.0,0.6449628755448891
2581,12,train_0553,11849.8032394251,9832.377386756085,33.23773867560849,0.0,11883.04097810071,17.58,0.72,0.0,0.0,5.0,0.6449628755448891
2582,12,train_0237,11983.296422669815,10677.467729434451,117.74677294344511,0.0,12101.04319561326,16.32,0.58,0.0,0.0,5.0,0.6449628755448891
2583,12,train_0259,12484.919362728117,10454.494507294667,95.44945072946666,0.0,12580.368813457582,15.54,0.6,0.0,0.0,5.0,0.6449628755448891
2584,12,train_0050,12144.10614308369,10342.996777223101,84.29967772231012,0.0,12228.405820806001,16.7,0.62,0.0,0.0,5.0,0.6449628755448891
2585,12,train_0358,12356.226959533518,10429.53931700085,92.95393170008502,0.0,12449.180891233604,17.64,0.6,0.0,0.0,5.0,0.6449628755448891
2586,12,train_0218,12999.475170714873,10217.74793461982,71.77479346198197,0.0,13071.249964176855,15.94,0.7,0.0,0.0,5.0,0.6449628755448891
2587,12,train_0037,12882.51522317182,10886.411408159684,138.64114081596836,0.0,13021.15636398779,17.48,0.58,0.0,0.0,5.0,0.6449628755448891
2588,12,train_0343,13013.66895645192,10872.085234769524,137.20852347695237,0.0,13150.877479928873,17.1,0.74,0.0,0.0,5.0,0.6449628755448891
2589,12,train_0324,12262.001844539976,10428.285946662269,92.82859466622686,0.0,12354.830439206204,14.72,0.7,0.0,0.0,5.0,0.6449628755448891
2590,12,train_0529,12701.81735089759,10238.287651546114,73.82876515461139,0.0,12775.646116052201,17.0,0.68,0.0,0.0,5.0,0.6449628755448891
2591,12,train_0137,12174.21251593735,10297.452051592567,79.7452051592567,0.0,12253.957721096607,16.02,0.6,0.0,0.0,5.0,0.6449628755448891
2592,12,train_0454,12958.60252032362,11004.924616312528,150.4924616312528,0.0,13109.094981954873,16.78,0.8,0.0,0.0,5.0,0.6449628755448891
2593,12,train_0073,12302.499936636646,10266.377188023404,76.63771880234036,0.0,12379.137655438986,14.9,0.68,0.0,0.0,5.0,0.6449628755448891
2594,12,train_0423,12293.049563318047,10273.141485084961,77.31414850849615,0.0,12370.363711826543,16.16,0.66,0.0,0.0,5.0,0.6449628755448891
2595,12,train_0217,12389.200528687716,10399.761034976858,89.97610349768584,0.0,12479.176632185401,17.9,0.6,0.0,0.0,5.0,0.6449628755448891
2596,12,train_0456,12466.95029281235,10279.617659362237,77.96176593622369,0.0,12544.912058748572,13.96,0.66,0.0,0.0,5.0,0.6449628755448891
2597,12,train_0357,12049.388661968615,10309.511365249724,80.9511365249724,0.0,12130.339798493587,15.56,0.82,0.0,0.0,5.0,0.6449628755448891
2598,12,train_0195,12725.192870926354,10713.22327216368,121.32232721636792,0.0,12846.515198142723,17.98,0.66,0.0,0.0,5.0,0.6449628755448891
2599,12,train_0507,12614.865351203169,10303.760662095658,80.37606620956576,0.0,12695.241417412735,15.12,0.6,0.0,0.0,5.0,0.6449628755448891
2600,12,train_0463,12084.656580744093,10179.732862743875,67.97328627438746,0.0,12152.62986701848,16.14,0.6,0.0,0.0,5.0,0.6449628755448891
2601,12,train_0199,12712.30373410568,10460.249633712905,96.02496337129051,0.0,12808.32869747697,15.86,0.74,0.0,0.0,5.0,0.6449628755448891
2602,12,train_0543,12247.430717226493,10884.937959095521,138.49379590955215,0.0,12385.924513136044,15.82,0.78,0.0,0.0,5.0,0.6449628755448891
2603,12,train_0309,12421.493164813564,10528.034771721821,102.80347717218211,0.0,12524.296641985746,15.1,0.62,0.0,0.0,5.0,0.6449628755448891
2604,12,train_0409,12657.040625904909,10984.453769760916,148.44537697609158,0.0,12805.486002881,17.94,0.78,0.0,0.0,5.0,0.6449628755448891
2605,12,train_0400,12842.80574491743,10633.481387143584,113.34813871435836,0.0,12956.153883631789,17.6,0.62,0.0,0.0,5.0,0.6449628755448891
2606,12,train_0039,12937.344999810492,10100.337079174646,60.03370791746457,0.0,12997.378707727956,17.54,0.66,0.0,0.0,5.0,0.6449628755448891
2607,12,train_0006,12346.955167757222,10205.406409009855,70.54064090098545,0.0,12417.495808658206,16.0,0.58,0.0,0.0,5.0,0.6449628755448891
2608,12,train_0306,12381.64799159819,10339.550838031826,83.95508380318262,0.0,12465.603075401374,15.84,0.62,0.0,0.0,5.0,0.6449628755448891
2609,12,train_0338,12364.152983583015,10288.034891900777,78.80348919007776,0.0,12442.956472773092,16.16,0.66,0.0,0.0,5.0,0.6449628755448891
2610,12,train_0317,12297.054601233183,10492.331895192929,99.23318951929286,0.0,12396.287790752476,16.98,0.7,0.0,0.0,5.0,0.6449628755448891
2611,12,train_0361,12501.057802596402,10854.334019334397,135.43340193343974,0.0,12636.491204529842,15.7,0.72,0.0,0.0,5.0,0.6449628755448891
2612,12,train_0437,11542.76963892613,9750.454032914171,25.0454032914171,0.0,11567.815042217546,16.04,0.56,0.0,0.0,5.0,0.6449628755448891
2613,12,train_0072,12492.82981205351,10698.604823437763,119.86048234377631,0.0,12612.690294397285,13.32,0.64,0.0,0.0,5.0,0.6449628755448891
2614,12,train_0545,12232.845787640601,10160.41760986409,66.04176098640892,0.0,12298.88754862701,16.36,0.52,0.0,0.0,5.0,0.6449628755448891
2615,12,train_0267,12321.067168150734,10258.781397246228,75.87813972462281,0.0,12396.945307875356,17.86,0.74,0.0,0.0,5.0,0.6449628755448891
2616,12,train_0449,12557.837084857429,10515.16220194196,101.51622019419592,0.0,12659.353305051625,15.82,0.64,0.0,0.0,5.0,0.6449628755448891
2617,12,train_0264,12108.566575490626,10234.322263491464,73.43222634914638,0.0,12181.998801839773,15.7,0.72,0.0,0.0,5.0,0.6449628755448891
2618,12,train_0401,11933.282935640775,10057.523399858768,55.75233998587683,0.0,11989.035275626651,17.4,0.64,0.0,0.0,5.0,0.6449628755448891
2619,12,train_0447,12496.020732529338,10502.484987701853,100.24849877018534,0.0,12596.269231299522,15.04,0.7,0.0,0.0,5.0,0.6449628755448891
2620,12,train_0088,12439.28218735857,10422.587158145172,92.2587158145172,0.0,12531.540903173089,15.64,0.72,0.0,0.0,5.0,0.6449628755448891
2621,12,train_0189,12245.410751478747,10336.868044647308,83.68680446473081,0.0,12329.097555943477,15.7,0.62,0.0,0.0,5.0,0.6449628755448891
2622,12,train_0502,12634.141678907195,10393.167871316256,89.31678713162565,0.0,12723.458466038821,15.6,0.68,0.0,0.0,5.0,0.6449628755448891
2623,12,train_0218,12677.275867428598,10475.108562117335,97.51085621173353,0.0,12774.78672364033,15.72,0.62,0.0,0.0,5.0,0.6449628755448891
2624,12,train_0127,12364.006330223501,10377.835450304341,87.78354503043411,0.0,12451.789875253935,15.94,0.7,0.0,0.0,5.0,0.6449628755448891
2625,12,train_0036,12097.465657756316,10476.789866126663,97.67898661266628,0.0,12195.144644368982,15.38,0.66,0.0,0.0,5.0,0.6449628755448891
2626,12,train_0084,11997.425807482377,10377.236347085554,87.72363470855544,0.0,12085.149442190934,16.12,0.76,0.0,0.0,5.0,0.6449628755448891
2627,12,train_0148,12672.672150957604,10653.825103376315,115.38251033763154,0.0,12788.054661295235,16.5,0.68,0.0,0.0,5.0,0.6449628755448891
2628,12,train_0058,11734.075253651636,10151.920133911986,65.19201339119864,0.0,11799.267267042835,15.44,0.56,0.0,0.0,5.0,0.6449628755448891
2629,12,train_0392,12657.933041907956,10513.219781171476,101.3219781171476,0.0,12759.255020025104,16.98,0.62,0.0,0.0,5.0,0.6449628755448891
2630,12,train_0400,12651.211688731399,11050.33056111388,155.03305611138805,0.0,12806.244744842787,15.62,0.78,0.0,0.0,5.0,0.6449628755448891
2631,12,train_0189,12358.247567617715,10196.487953433003,69.6487953433003,0.0,12427.896362961015,15.88,0.72,0.0,0.0,5.0,0.6449628755448891
2632,12,train_0452,12359.966126551,10264.129123599152,76.41291235991521,0.0,12436.379038910916,15.04,0.68,0.0,0.0,5.0,0.6449628755448891
2633,12,train_0356,12802.21427012742,10707.081596111551,120.70815961115514,0.0,12922.922429738575,15.38,0.72,0.0,0.0,5.0,0.6449628755448891
2634,12,train_0556,12229.517802444607,10553.333670784314,105.33336707843137,0.0,12334.851169523037,14.3,0.72,0.0,0.0,5.0,0.6449628755448891
2635,12,train_0216,11928.819971951598,10568.553634817703,106.8553634817703,0.0,12035.675335433369,18.08,0.72,0.0,0.0,5.0,0.6449628755448891
2636,12,train_0525,12324.013869779828,10594.059919564586,109.40599195645865,0.0,12433.419861736287,14.84,0.66,0.0,0.0,5.0,0.6449628755448891
2637,12,train_0353,12066.833260824085,10281.54133982881,78.15413398288092,0.0,12144.987394806965,17.06,0.8,0.0,0.0,5.0,0.6449628755448891
2638,12,train_0561,12627.987805586647,10453.91970646712,95.39197064671208,0.0,12723.379776233358,18.32,0.68,0.0,0.0,5.0,0.6449628755448891
2639,12,train_0390,12602.339911587416,10658.060754763686,115.80607547636865,0.0,12718.145987063785,17.42,0.78,0.0,0.0,5.0,0.6449628755448891
2640,12,train_0598,12027.395193098891,10517.122072958391,101.71220729583911,0.0,12129.10740039473,14.34,0.68,0.0,0.0,5.0,0.6449628755448891
2641,12,train_0243,12383.930498288504,10584.36752249028,108.436752249028,0.0,12492.367250537533,17.02,0.72,0.0,0.0,5.0,0.6449628755448891
2642,12,train_0252,12144.217718445881,10263.100699320446,76.31006993204464,0.0,12220.527788377925,15.72,0.76,0.0,0.0,5.0,0.6449628755448891
2643,12,train_0531,12356.301857839664,10479.418254507229,97.9418254507229,0.0,12454.243683290388,16.14,0.78,0.0,0.0,5.0,0.6449628755448891
2644,12,train_0080,12440.330502794572,10769.109291689045,126.91092916890449,0.0,12567.241431963475,15.02,0.62,0.0,0.0,5.0,0.6449628755448891
2645,12,train_0003,12354.917580786936,9928.74204289926,42.87420428992591,0.0,12397.791785076863,16.22,0.62,0.0,0.0,5.0,0.6449628755448891
2646,12,train_0484,12264.071487916906,10475.973674126824,97.59736741268244,0.0,12361.668855329588,13.66,0.74,0.0,0.0,5.0,0.6449628755448891
2647,12,train_0077,12166.078814007422,10196.972390260602,69.6972390260602,0.0,12235.776053033482,17.06,0.64,0.0,0.0,5.0,0.6449628755448891
2648,12,train_0242,12465.377742806097,10932.613764875325,143.2613764875325,0.0,12608.63911929363,15.28,0.58,0.0,0.0,5.0,0.6449628755448891
2649,12,train_0332,12202.823869539243,9959.105823519369,45.91058235193687,0.0,12248.73445189118,16.96,0.8,0.0,0.0,5.0,0.6449628755448891
2650,12,train_0574,12338.981701230347,10478.134743175304,97.81347431753039,0.0,12436.795175547877,13.28,0.62,0.0,0.0,5.0,0.6449628755448891
2651,12,train_0095,12313.50330781608,10121.749611549458,62.17496115494578,0.0,12375.678268971025,15.8,0.64,0.0,0.0,5.0,0.6449628755448891
2652,12,train_0104,12374.22045939116,10223.138536289287,72.3138536289287,0.0,12446.534313020087,17.78,0.66,0.0,0.0,5.0,0.6449628755448891
2653,12,train_0178,12162.693608192603,10143.577578820637,64.35775788206375,0.0,12227.051366074667,15.4,0.76,0.0,0.0,5.0,0.6449628755448891
2654,12,train_0079,12475.644744051468,10399.580606036896,89.9580606036896,0.0,12565.602804655156,16.4,0.74,0.0,0.0,5.0,0.6449628755448891
2655,12,train_0143,12866.191060218222,10283.088935372281,78.30889353722814,0.0,12944.49995375545,14.98,0.66,0.0,0.0,5.0,0.6449628755448891
2656,13,train_0016,12313.249018096085,10501.692644142884,100.16926441428842,0.0,12413.418282510373,16.56,0.6,0.0,0.0,5.0,0.6449628755448891
2657,13,train_0487,12484.70089772361,10279.372585899546,77.93725858995458,0.0,12562.638156313564,15.64,0.64,0.0,0.0,5.0,0.6449628755448891
2658,13,train_0424,12790.772389139642,10387.637007350808,88.76370073508079,0.0,12879.536089874722,17.44,0.7,0.0,0.0,5.0,0.6449628755448891
2659,13,train_0153,12295.974530309431,10276.893481938392,77.68934819383922,0.0,12373.66387850327,15.64,0.76,0.0,0.0,5.0,0.6449628755448891
2660,13,train_0388,12547.080934667318,10485.898742243415,98.58987422434149,0.0,12645.670808891658,14.94,0.6,0.0,0.0,5.0,0.6449628755448891
2661,13,train_0273,12626.624771381677,10390.77798216265,89.07779821626501,0.0,12715.702569597943,17.6,0.56,0.0,0.0,5.0,0.6449628755448891
2662,13,train_0246,11974.332894686202,10626.149860265556,112.61498602655557,0.0,12086.947880712758,16.6,0.6,0.0,0.0,5.0,0.6449628755448891
2663,13,train_0520,11979.709667984307,10143.3575486333,64.33575486332994,0.0,12044.045422847637,17.56,0.54,0.0,0.0,5.0,0.6449628755448891
2664,13,train_0085,12273.344400608268,10426.034364998122,92.60343649981223,0.0,12365.94783710808,13.88,0.66,0.0,0.0,5.0,0.6449628755448891
2665,13,train_0284,12243.205822999797,10521.970052307428,102.1970052307428,0.0,12345.402828230539,16.44,0.58,0.0,0.0,5.0,0.6449628755448891
2666,13,train_0178,12435.467680388623,10300.43335262301,80.04333526230094,0.0,12515.511015650924,14.32,0.74,0.0,0.0,5.0,0.6449628755448891
2667,13,train_0527,12445.551889822744,10107.109867684834,60.71098676848342,0.0,12506.262876591227,16.18,0.7,0.0,0.0,5.0,0.6449628755448891
2668,13,train_0052,13060.552502083727,10234.23480731022,73.42348073102202,0.0,13133.975982814749,15.68,0.64,0.0,0.0,5.0,0.6449628755448891
2669,13,train_0368,12454.394064231343,10632.543217333814,113.2543217333814,0.0,12567.648385964723,16.94,0.7,0.0,0.0,5.0,0.6449628755448891
2670,13,train_0349,12170.091532208811,10028.125186403893,52.81251864038932,0.0,12222.9040508492,16.08,0.5,0.0,0.0,5.0,0.6449628755448891
2671,13,train_0483,12779.220966063383,10784.414350452993,128.4414350452993,0.0,12907.662401108682,15.98,0.74,0.0,0.0,5.0,0.6449628755448891
2672,13,train_0351,12804.27250531732,10565.89475329481,106.58947532948096,0.0,12910.861980646801,17.4,0.68,0.0,0.0,5.0,0.6449628755448891
2673,13,train_0233,12744.22416592703,10657.837768295089,115.78377682950887,0.0,12860.007942756538,16.58,0.66,0.0,0.0,5.0,0.6449628755448891
2674,13,train_0218,12477.811604081606,10688.110602283155,118.81106022831555,0.0,12596.622664309922,16.28,0.76,0.0,0.0,5.0,0.6449628755448891
2675,13,train_0329,12285.052872829378,10376.666121549293,87.66661215492933,0.0,12372.719484984307,17.04,0.62,0.0,0.0,5.0,0.6449628755448891
2676,13,train_0329,12530.981485853292,10302.171102055978,80.21711020559779,0.0,12611.19859605889,17.08,0.64,0.0,0.0,5.0,0.6449628755448891
2677,13,train_0011,11883.019401310004,10176.215580553006,67.62155805530055,0.0,11950.640959365304,15.14,0.62,0.0,0.0,5.0,0.6449628755448891
2678,13,train_0387,11948.165924803132,10185.657657243595,68.56576572435952,0.0,12016.731690527491,15.88,0.6,0.0,0.0,5.0,0.6449628755448891
2679,13,train_0407,12618.852379154003,10344.477045096268,84.44770450962679,0.0,12703.30008366363,16.18,0.66,0.0,0.0,5.0,0.6449628755448891
2680,13,train_0310,12087.64873608172,10118.49539067848,61.84953906784795,0.0,12149.498275149566,15.08,0.62,0.0,0.0,5.0,0.6449628755448891
2681,13,train_0012,12781.361851880803,10697.89049746059,119.78904974605904,0.0,12901.150901626863,17.5,0.72,0.0,0.0,5.0,0.6449628755448891
2682,13,train_0435,12239.00605835798,10035.795703814956,53.579570381495614,0.0,12292.585628739474,15.8,0.62,0.0,0.0,5.0,0.6449628755448891
2683,13,train_0448,12376.265580132167,10478.759990075923,97.87599900759233,0.0,12474.14157913976,14.3,0.78,0.0,0.0,5.0,0.6449628755448891
2684,13,train_0071,12723.748387661462,10447.942412662562,94.79424126625618,0.0,12818.542628927718,14.34,0.66,0.0,0.0,5.0,0.6449628755448891
2685,13,train_0595,12038.703815099765,10237.910598952756,73.79105989527561,0.0,12112.49487499504,16.7,0.6,0.0,0.0,5.0,0.6449628755448891
2686,13,train_0217,12674.211190726845,10241.630324398515,74.16303243985149,0.0,12748.374223166697,18.64,0.66,0.0,0.0,5.0,0.6449628755448891
2687,13,train_0574,12678.65432074756,10310.265220313951,81.02652203139515,0.0,12759.680842778957,14.22,0.62,0.0,0.0,5.0,0.6449628755448891
2688,13,train_0521,12400.666799762232,10461.440126174632,96.14401261746316,0.0,12496.810812379696,16.46,0.64,0.0,0.0,5.0,0.6449628755448891
2689,13,train_0377,12181.683077888007,10569.19341395784,106.91934139578407,0.0,12288.60241928379,17.2,0.66,0.0,0.0,5.0,0.6449628755448891
2690,13,train_0481,12413.991894409002,10076.049456373956,57.60494563739558,0.0,12471.596840046397,15.74,0.6,0.0,0.0,5.0,0.6449628755448891
2691,13,train_0470,11911.218302611975,10291.270863184673,79.12708631846726,0.0,11990.345388930442,16.04,0.5,0.0,0.0,5.0,0.6449628755448891
2692,13,train_0185,12246.365219046338,10574.570779397865,107.45707793978654,0.0,12353.822296986125,15.3,0.66,0.0,0.0,5.0,0.6449628755448891
2693,13,train_0138,12145.211731467334,10337.04829072881,83.70482907288097,0.0,12228.916560540216,16.28,0.66,0.0,0.0,5.0,0.6449628755448891
2694,13,train_0218,12597.077230085,10605.359719293545,110.5359719293545,0.0,12707.613202014354,15.84,0.68,0.0,0.0,5.0,0.6449628755448891
2695,13,train_0277,12316.479042238752,10516.531801328556,101.6531801328556,0.0,12418.132222371609,15.82,0.62,0.0,0.0,5.0,0.6449628755448891
2696,13,train_0095,12383.991263069558,10113.666099238322,61.36660992383222,0.0,12445.35787299339,16.94,0.56,0.0,0.0,5.0,0.6449628755448891
2697,13,train_0444,12450.383903513273,10288.85928926801,78.885928926801,0.0,12529.269832440074,18.16,0.56,0.0,0.0,5.0,0.6449628755448891
2698,13,train_0042,12265.328380823477,10820.0738196475,132.00738196474995,0.0,12397.335762788227,16.12,0.62,0.0,0.0,5.0,0.6449628755448891
2699,13,train_0078,12443.454580648198,10199.071270374756,69.90712703747559,0.0,12513.361707685674,14.78,0.6,0.0,0.0,5.0,0.6449628755448891
2700,13,train_0200,12294.016478514037,10652.270639323713,115.22706393237132,0.0,12409.243542446407,15.66,0.64,0.0,0.0,5.0,0.6449628755448891
2701,13,train_0173,12635.00655964436,10760.643124594888,126.0643124594888,0.0,12761.070872103848,18.12,0.66,0.0,0.0,5.0,0.6449628755448891
2702,13,train_0529,12506.956816097425,10204.21362408883,70.42136240888304,0.0,12577.378178506307,16.96,0.64,0.0,0.0,5.0,0.6449628755448891
2703,13,train_0103,12231.60093532395,10009.584976028274,50.95849760282745,0.0,12282.559432926777,15.94,0.74,0.0,0.0,5.0,0.6449628755448891
2704,13,train_0148,12659.370132513615,10154.738198910853,65.47381989108526,0.0,12724.8439524047,17.32,0.6,0.0,0.0,5.0,0.6449628755448891
2705,13,train_0155,12622.006436973847,10405.506787964503,90.55067879645031,0.0,12712.557115770296,17.74,0.66,0.0,0.0,5.0,0.6449628755448891
2706,13,train_0245,11931.575082888088,10260.760580165286,76.07605801652862,0.0,12007.651140904616,16.18,0.58,0.0,0.0,5.0,0.6449628755448891
2707,13,train_0067,12020.516359949139,9904.483188551645,40.44831885516451,0.0,12060.964678804303,17.16,0.74,0.0,0.0,5.0,0.6449628755448891
2708,13,train_0226,12028.248527810692,10174.830566666807,67.48305666668075,0.0,12095.731584477373,15.06,0.62,0.0,0.0,5.0,0.6449628755448891
2709,13,train_0123,12316.610112019564,10202.469517926133,70.24695179261326,0.0,12386.857063812176,16.16,0.72,0.0,0.0,5.0,0.6449628755448891
2710,13,train_0141,12619.893299830506,10650.030530885244,115.0030530885244,0.0,12734.896352919031,14.94,0.7,0.0,0.0,5.0,0.6449628755448891
2711,13,train_0372,12551.65011082592,10469.102658973608,96.91026589736084,0.0,12648.56037672328,17.42,0.54,0.0,0.0,5.0,0.6449628755448891
2712,13,train_0103,11933.318834833084,10373.2888531349,87.32888531348999,0.0,12020.647720146575,16.12,0.58,0.0,0.0,5.0,0.6449628755448891
2713,13,train_0574,12567.463587991384,10136.285545664457,63.62855456644575,0.0,12631.092142557829,12.86,0.62,0.0,0.0,5.0,0.6449628755448891
2714,13,train_0068,12434.003495005167,10584.932367919377,108.49323679193768,0.0,12542.496731797104,14.46,0.68,0.0,0.0,5.0,0.6449628755448891
2715,13,train_0327,12610.344508451119,10585.902495120099,108.5902495120099,0.0,12718.934757963129,17.68,0.72,0.0,0.0,5.0,0.6449628755448891
2716,13,train_0286,12727.320927619247,10588.164932687183,108.8164932687183,0.0,12836.137420887964,15.14,0.68,0.0,0.0,5.0,0.6449628755448891
2717,13,train_0555,12095.841575489072,10196.172253346,69.61722533459998,0.0,12165.458800823671,15.94,0.62,0.0,0.0,5.0,0.6449628755448891
2718,13,train_0052,12770.63888390817,10403.11738885082,90.31173888508202,0.0,12860.950622793252,16.3,0.68,0.0,0.0,5.0,0.6449628755448891
2719,13,train_0219,12273.36926114923,10645.157311886753,114.51573118867528,0.0,12387.884992337906,15.26,0.6,0.0,0.0,5.0,0.6449628755448891
2720,13,train_0275,12491.30466996826,10245.33361464471,74.5333614644711,0.0,12565.838031432731,14.96,0.68,0.0,0.0,5.0,0.6449628755448891
2721,13,train_0427,12257.862390009452,10495.932482089358,99.5932482089358,0.0,12357.455638218387,16.08,0.66,0.0,0.0,5.0,0.6449628755448891
2722,13,train_0106,12902.03046288366,10719.327418648527,121.93274186485269,0.0,13023.963204748514,17.44,0.62,0.0,0.0,5.0,0.6449628755448891
2723,13,train_0203,12688.87990340155,10473.568871062049,97.3568871062049,0.0,12786.236790507755,13.16,0.78,0.0,0.0,5.0,0.6449628755448891
2724,13,train_0193,13002.946160978128,10050.229081434707,55.02290814347071,0.0,13057.969069121598,14.16,0.78,0.0,0.0,5.0,0.6449628755448891
2725,13,train_0307,12108.587802159991,10540.768052595125,104.07680525951255,0.0,12212.664607419503,16.02,0.6,0.0,0.0,5.0,0.6449628755448891
2726,13,train_0157,12624.276779021937,10249.260447741337,74.9260447741337,0.0,12699.202823796071,16.52,0.64,0.0,0.0,5.0,0.6449628755448891
2727,13,train_0089,12784.861017180203,10881.540411225855,138.15404112258548,0.0,12923.015058302788,15.68,0.64,0.0,0.0,5.0,0.6449628755448891
2728,13,train_0016,12305.832872548652,10263.6434185211,76.36434185211002,0.0,12382.197214400761,17.6,0.6,0.0,0.0,5.0,0.6449628755448891
2729,13,train_0460,12565.539928590306,10354.715860181374,85.47158601813736,0.0,12651.011514608443,14.34,0.68,0.0,0.0,5.0,0.6449628755448891
2730,13,train_0527,12121.944112751658,10486.918564936863,98.69185649368629,0.0,12220.635969245344,15.06,0.68,0.0,0.0,5.0,0.6449628755448891
2731,13,train_0157,12418.456658568786,10326.571121971636,82.6571121971636,0.0,12501.113770765949,15.72,0.62,0.0,0.0,5.0,0.6449628755448891
2732,13,train_0487,12710.542693187013,10227.097800163949,72.70978001639487,0.0,12783.252473203409,15.38,0.64,0.0,0.0,5.0,0.6449628755448891
2733,13,train_0282,12239.523459500295,10195.285072034283,69.5285072034283,0.0,12309.051966703722,16.72,0.66,0.0,0.0,5.0,0.6449628755448891
2734,13,train_0219,12518.091428151434,10416.851124850731,91.68511248507312,0.0,12609.776540636507,15.3,0.72,0.0,0.0,5.0,0.6449628755448891
2735,13,train_0583,12145.767787198543,10402.586948834698,90.2586948834698,0.0,12236.026482082014,14.92,0.56,0.0,0.0,5.0,0.6449628755448891
2736,13,train_0368,12488.303971076915,10553.31513655743,105.33151365574304,0.0,12593.635484732658,16.5,0.66,0.0,0.0,5.0,0.6449628755448891
2737,13,train_0281,12635.038949647656,10569.763227842388,106.9763227842388,0.0,12742.015272431896,17.32,0.66,0.0,0.0,5.0,0.6449628755448891
2738,13,train_0441,12319.112977591198,10380.073699301025,88.00736993010251,0.0,12407.1203475213,14.46,0.72,0.0,0.0,5.0,0.6449628755448891
2739,13,train_0545,12386.828259849035,10357.974923755593,85.79749237555934,0.0,12472.625752224594,16.8,0.7,0.0,0.0,5.0,0.6449628755448891
2740,13,train_0439,12583.342696442845,10166.276832399115,66.62768323991149,0.0,12649.970379682756,14.1,0.66,0.0,0.0,5.0,0.6449628755448891
2741,13,train_0506,12294.883729633404,10104.826425140931,60.4826425140931,0.0,12355.366372147497,16.68,0.68,0.0,0.0,5.0,0.6449628755448891
2742,13,train_0577,12788.655998737016,11078.446280191321,157.84462801913216,0.0,12946.50062675615,14.94,0.54,0.0,0.0,5.0,0.6449628755448891
2743,13,train_0301,12458.34351478449,10807.45017798095,130.74501779809506,0.0,12589.088532582586,16.16,0.56,0.0,0.0,5.0,0.6449628755448891
2744,13,train_0351,12609.34270506117,10539.764886625926,103.9764886625926,0.0,12713.319193723763,16.84,0.7,0.0,0.0,5.0,0.6449628755448891
2745,13,train_0080,12667.049018138761,10519.966734257756,101.9966734257756,0.0,12769.045691564537,15.66,0.66,0.0,0.0,5.0,0.6449628755448891
2746,13,train_0066,12532.438918414886,10226.721419306179,72.67214193061791,0.0,12605.111060345504,17.1,0.62,0.0,0.0,5.0,0.6449628755448891
2747,13,train_0111,12092.906008700826,10450.552760750468,95.05527607504683,0.0,12187.961284775873,14.56,0.66,0.0,0.0,5.0,0.6449628755448891
2748,13,train_0350,11974.52573360984,10267.399849533487,76.73998495334872,0.0,12051.265718563189,17.4,0.58,0.0,0.0,5.0,0.6449628755448891
2749,13,train_0253,12270.180093017596,9836.050908991312,33.60509089913121,0.0,12303.785183916727,17.7,0.66,0.0,0.0,5.0,0.6449628755448891
2750,13,train_0555,12215.570836358876,10334.316420137875,83.4316420137875,0.0,12299.002478372664,18.26,0.68,0.0,0.0,5.0,0.6449628755448891
2751,13,train_0261,12413.381801768546,10766.259259570277,126.62592595702773,0.0,12540.007727725573,16.98,0.64,0.0,0.0,5.0,0.6449628755448891
2752,13,train_0497,12419.90354019733,10654.737846595483,115.47378465954826,0.0,12535.37732485688,15.2,0.68,0.0,0.0,5.0,0.6449628755448891
2753,13,train_0461,12236.160731561078,10550.934578082524,105.09345780825242,0.0,12341.25418936933,14.7,0.66,0.0,0.0,5.0,0.6449628755448891
2754,13,train_0551,12105.132283997398,10051.756471409692,55.17564714096916,0.0,12160.307931138368,16.76,0.64,0.0,0.0,5.0,0.6449628755448891
2755,13,train_0446,12096.676164711918,10308.27082639557,80.82708263955702,0.0,12177.503247351475,16.36,0.54,0.0,0.0,5.0,0.6449628755448891
2756,13,train_0416,12081.483190812982,10270.964813309305,77.09648133093052,0.0,12158.579672143913,17.76,0.58,0.0,0.0,5.0,0.6449628755448891
2757,13,train_0048,12213.425812284266,10415.744777910772,91.57447779107716,0.0,12305.000290075342,15.92,0.5,0.0,0.0,5.0,0.6449628755448891
2758,13,train_0183,12373.654073596586,10653.94175432475,115.39417543247492,0.0,12489.048249029061,14.78,0.66,0.0,0.0,5.0,0.6449628755448891
2759,13,train_0220,12312.817055511998,10166.921184101917,66.6921184101917,0.0,12379.50917392219,18.06,0.68,0.0,0.0,5.0,0.6449628755448891
2760,13,train_0254,12302.614264943093,10665.219143686132,116.52191436861322,0.0,12419.136179311707,16.98,0.52,0.0,0.0,5.0,0.6449628755448891
2761,13,train_0023,12228.147992101582,10076.230427123086,57.6230427123086,0.0,12285.77103481389,15.62,0.76,0.0,0.0,5.0,0.6449628755448891
2762,13,train_0050,12131.862684089709,10340.990794902822,84.09907949028221,0.0,12215.961763579991,14.78,0.7,0.0,0.0,5.0,0.6449628755448891
2763,13,train_0136,12163.472246133282,10525.242648421134,102.52426484211338,0.0,12265.996510975396,16.52,0.58,0.0,0.0,5.0,0.6449628755448891
2764,13,train_0488,12260.726111826996,10416.204352884484,91.62043528844843,0.0,12352.346547115445,16.08,0.6,0.0,0.0,5.0,0.6449628755448891
2765,13,train_0573,11907.07242524528,10256.316399992811,75.6316399992811,0.0,11982.704065244561,15.0,0.6,0.0,0.0,5.0,0.6449628755448891
2766,13,train_0570,12356.884218645733,9843.909084277602,34.39090842776022,0.0,12391.275127073493,14.3,0.64,0.0,0.0,5.0,0.6449628755448891
2767,13,train_0160,12504.778523054252,10309.19525355722,80.919525355722,0.0,12585.698048409975,16.32,0.6,0.0,0.0,5.0,0.6449628755448891
2768,13,train_0280,12702.975635406863,10364.900161362999,86.4900161362999,0.0,12789.465651543163,15.82,0.68,0.0,0.0,5.0,0.6449628755448891
2769,13,train_0065,12561.500624376074,10422.729897819558,92.27298978195577,0.0,12653.77361415803,12.98,0.62,0.0,0.0,5.0,0.6449628755448891
2770,13,train_0188,12497.206021412294,10505.00600763471,100.50060076347108,0.0,12597.706622175765,15.08,0.64,0.0,0.0,5.0,0.6449628755448891
2771,13,train_0410,12795.464806037246,10598.900680531435,109.89006805314348,0.0,12905.35487409039,18.34,0.74,0.0,0.0,5.0,0.6449628755448891
2772,13,train_0323,12685.648947546051,10555.542889601478,105.55428896014783,0.0,12791.203236506199,17.54,0.7,0.0,0.0,5.0,0.6449628755448891
2773,13,train_0057,11883.809179576368,10203.844954485108,70.38449544851083,0.0,11954.193675024879,15.72,0.68,0.0,0.0,5.0,0.6449628755448891
2774,13,train_0061,12013.069973311955,10458.794583026513,95.87945830265126,0.0,12108.949431614607,14.5,0.68,0.0,0.0,5.0,0.6449628755448891
2775,13,train_0549,12404.695942393922,10633.842461972106,113.38424619721064,0.0,12518.080188591133,16.32,0.66,0.0,0.0,5.0,0.6449628755448891
2776,13,train_0135,12340.94809478024,10637.681650619146,113.76816506191463,0.0,12454.716259842155,16.42,0.64,0.0,0.0,5.0,0.6449628755448891
2777,13,train_0376,12063.231347751276,10293.90290556776,79.39029055677602,0.0,12142.621638308052,15.34,0.7,0.0,0.0,5.0,0.6449628755448891
2778,13,train_0389,12624.353025880846,10359.046581454604,85.90465814546042,0.0,12710.257684026306,16.28,0.7,0.0,0.0,5.0,0.6449628755448891
2779,13,train_0415,12852.510767720105,10586.880313710779,108.6880313710779,0.0,12961.198799091182,14.76,0.76,0.0,0.0,5.0,0.6449628755448891
2780,13,train_0327,12219.237299298002,10900.1258894106,140.01258894105996,0.0,12359.249888239061,17.46,0.76,0.0,0.0,5.0,0.6449628755448891
2781,13,train_0331,12430.97564494014,10471.639335309024,97.16393353090244,0.0,12528.139578471042,16.48,0.66,0.0,0.0,5.0,0.6449628755448891
2782,13,train_0165,12052.174775527037,10452.794453682101,95.27944536821015,0.0,12147.454220895248,16.08,0.64,0.0,0.0,5.0,0.6449628755448891
2783,13,train_0216,12329.334806763216,10080.127561257093,58.01275612570935,0.0,12387.347562888925,17.76,0.62,0.0,0.0,5.0,0.6449628755448891
2784,13,train_0558,12938.002656466377,10511.43175085616,101.143175085616,0.0,13039.145831551992,16.1,0.78,0.0,0.0,5.0,0.6449628755448891
2785,13,train_0018,12236.990988022068,10684.827482511875,118.48274825118752,0.0,12355.473736273256,15.22,0.64,0.0,0.0,5.0,0.6449628755448891
2786,13,train_0088,12577.438258685703,10330.37235668761,83.03723566876107,0.0,12660.475494354463,15.64,0.8,0.0,0.0,5.0,0.6449628755448891
2787,13,train_0171,12542.699454199186,10917.089558015217,141.70895580152174,0.0,12684.408410000708,17.96,0.74,0.0,0.0,5.0,0.6449628755448891
2788,13,train_0415,12648.446963057817,11002.846180478533,150.2846180478533,0.0,12798.73158110567,14.42,0.66,0.0,0.0,5.0,0.6449628755448891
2789,13,train_0035,13069.634170225578,10767.764956618188,126.77649566181881,0.0,13196.410665887397,15.94,0.68,0.0,0.0,5.0,0.6449628755448891
2790,13,train_0269,11809.678916801186,10091.034537473013,59.10345374730132,0.0,11868.782370548486,15.18,0.74,0.0,0.0,5.0,0.6449628755448891
2791,13,train_0462,12480.251307263854,10396.285179471903,89.62851794719028,0.0,12569.879825211045,17.52,0.6,0.0,0.0,5.0,0.6449628755448891
2792,13,train_0079,12318.393362771787,10714.691401680775,121.4691401680775,0.0,12439.862502939864,15.22,0.74,0.0,0.0,5.0,0.6449628755448891
2793,13,train_0258,12708.292335286853,10843.7463384794,134.37463384793992,0.0,12842.666969134792,16.16,0.7,0.0,0.0,5.0,0.6449628755448891
2794,13,train_0284,12311.385853262616,10377.943573331751,87.79435733317514,0.0,12399.180210595792,15.72,0.64,0.0,0.0,5.0,0.6449628755448891
2795,13,train_0404,12926.70157555743,10726.686791107804,122.66867911078043,0.0,13049.37025466821,16.88,0.58,0.0,0.0,5.0,0.6449628755448891
2796,13,train_0138,12398.914260190406,10351.030162427287,85.1030162427287,0.0,12484.017276433135,16.92,0.62,0.0,0.0,5.0,0.6449628755448891
2797,13,train_0501,12583.65540292174,10515.818368833521,101.58183688335212,0.0,12685.237239805092,19.98,0.64,0.0,0.0,5.0,0.6449628755448891
2798,13,train_0524,11791.966202425232,10033.47551593132,53.34755159313209,0.0,11845.313754018363,16.06,0.66,0.0,0.0,5.0,0.6449628755448891
2799,13,train_0177,12332.184106689736,10498.780438684287,99.87804386842873,0.0,12432.062150558164,14.42,0.64,0.0,0.0,5.0,0.6449628755448891
2800,13,train_0356,12940.023099451919,10522.136706811787,102.21367068117871,0.0,13042.236770133097,15.14,0.62,0.0,0.0,5.0,0.6449628755448891
2801,13,train_0524,11762.172450822582,10128.279033715202,62.82790337152019,0.0,11825.000354194102,15.96,0.64,0.0,0.0,5.0,0.6449628755448891
2802,13,train_0280,12689.157194714346,10503.45117169255,100.34511716925499,0.0,12789.5023118836,17.34,0.52,0.0,0.0,5.0,0.6449628755448891
2803,13,train_0074,12621.35162890652,10427.66200705458,92.76620070545796,0.0,12714.117829611978,16.46,0.56,0.0,0.0,5.0,0.6449628755448891
2804,13,train_0338,12413.546717190984,10518.648280985257,101.86482809852569,0.0,12515.41154528951,16.02,0.64,0.0,0.0,5.0,0.6449628755448891
2805,13,train_0316,12017.020068042306,10525.248502345365,102.52485023453647,0.0,12119.544918276843,16.34,0.52,0.0,0.0,5.0,0.6449628755448891
2806,13,train_0557,12255.4951884767,9973.380427207238,47.338042720723756,0.0,12302.833231197423,15.96,0.7,0.0,0.0,5.0,0.6449628755448891
2807,13,train_0466,12580.587871605658,10612.83432682742,111.28343268274203,0.0,12691.8713042884,17.4,0.64,0.0,0.0,5.0,0.6449628755448891
2808,13,train_0076,12780.639319676739,10164.638173949523,66.46381739495227,0.0,12847.10313707169,15.74,0.56,0.0,0.0,5.0,0.6449628755448891
2809,13,train_0443,12934.553282155328,10697.87173927794,119.787173927794,0.0,13054.340456083122,15.7,0.68,0.0,0.0,5.0,0.6449628755448891
2810,13,train_0449,12436.589334681737,10602.348639355016,110.23486393550156,0.0,12546.82419861724,18.34,0.7,0.0,0.0,5.0,0.6449628755448891
2811,13,train_0396,12203.323226358221,10703.264000497757,120.32640004977566,0.0,12323.649626407998,13.92,0.66,0.0,0.0,5.0,0.6449628755448891
2812,13,train_0353,11986.50914682426,10411.128856978401,91.11288569784011,0.0,12077.6220325221,17.66,0.58,0.0,0.0,5.0,0.6449628755448891
2813,13,train_0339,12585.24998835385,10727.076027183752,122.70760271837517,0.0,12707.957591072225,17.16,0.72,0.0,0.0,5.0,0.6449628755448891
2814,13,train_0292,12499.431587919426,10307.79714194659,80.77971419465904,0.0,12580.211302114085,16.5,0.66,0.0,0.0,5.0,0.6449628755448891
2815,13,train_0132,12115.114852712068,10499.671062119021,99.96710621190215,0.0,12215.081958923969,18.76,0.66,0.0,0.0,5.0,0.6449628755448891
2816,13,train_0473,12230.689030705347,10445.586196905964,94.55861969059643,0.0,12325.247650395944,17.9,0.6,0.0,0.0,5.0,0.6449628755448891
2817,13,train_0143,12261.497943120372,10774.680211672618,127.46802116726177,0.0,12388.965964287634,14.72,0.6,0.0,0.0,5.0,0.6449628755448891
2818,13,train_0359,12331.857462509894,10679.041798913246,117.90417989132457,0.0,12449.761642401218,15.46,0.68,0.0,0.0,5.0,0.6449628755448891
2819,13,train_0005,12004.760783429374,10221.804200361279,72.18042003612791,0.0,12076.941203465502,16.36,0.72,0.0,0.0,5.0,0.6449628755448891
2820,13,train_0216,12291.981363374785,10132.664258648816,63.266425864881604,0.0,12355.247789239667,18.16,0.74,0.0,0.0,5.0,0.6449628755448891
2821,13,train_0268,12297.367735352924,10467.489078673334,96.7489078673334,0.0,12394.116643220257,17.4,0.46,0.0,0.0,5.0,0.6449628755448891
2822,13,train_0366,12059.882228588103,10620.86569060765,112.08656906076504,0.0,12171.968797648868,16.4,0.62,0.0,0.0,5.0,0.6449628755448891
2823,13,train_0159,11954.515245693903,10115.524867998938,61.55248679989381,0.0,12016.067732493797,17.98,0.7,0.0,0.0,5.0,0.6449628755448891
2824,13,train_0366,12426.326994935134,10025.073910122832,52.50739101228319,0.0,12478.834385947417,16.52,0.62,0.0,0.0,5.0,0.6449628755448891
2825,13,train_0144,12753.447819548202,10991.129107045177,149.1129107045177,0.0,12902.56073025272,16.58,0.62,0.0,0.0,5.0,0.6449628755448891
2826,13,train_0443,12963.41582197652,10563.098628750435,106.30986287504348,0.0,13069.725684851563,17.3,0.64,0.0,0.0,5.0,0.6449628755448891
2827,13,train_0383,12286.460944818335,10227.279115458969,72.72791154589686,0.0,12359.188856364231,16.0,0.7,0.0,0.0,5.0,0.6449628755448891
2828,13,train_0486,12671.459512069385,10722.861316852457,122.28613168524572,0.0,12793.74564375463,15.2,0.48,0.0,0.0,5.0,0.6449628755448891
2829,13,train_0094,11964.83068343714,10043.74496183717,54.37449618371702,0.0,12019.205179620856,16.64,0.68,0.0,0.0,5.0,0.6449628755448891
2830,13,train_0293,12085.0608749932,10062.083844691992,56.20838446919916,0.0,12141.269259462399,15.5,0.68,0.0,0.0,5.0,0.6449628755448891
2831,13,train_0141,12672.010671196458,10806.105689475311,130.6105689475311,0.0,12802.62124014399,14.78,0.8,0.0,0.0,5.0,0.6449628755448891
2832,13,train_0531,12586.656791929585,10276.273575855346,77.62735758553464,0.0,12664.284149515119,18.72,0.8,0.0,0.0,5.0,0.6449628755448891
2833,13,train_0447,12321.948423257581,10269.761531804255,76.97615318042554,0.0,12398.924576438007,16.04,0.74,0.0,0.0,5.0,0.6449628755448891
2834,13,train_0520,11852.776481310178,10268.596181127872,76.85961811278722,0.0,11929.636099422965,16.72,0.56,0.0,0.0,5.0,0.6449628755448891
2835,13,train_0238,12635.391081254922,10260.144699414423,76.01446994144226,0.0,12711.405551196363,16.26,0.76,0.0,0.0,5.0,0.6449628755448891
2836,13,train_0034,12536.67750796827,10079.399411499131,57.9399411499131,0.0,12594.617449118183,15.76,0.54,0.0,0.0,5.0,0.6449628755448891
2837,13,train_0460,12266.675775020176,10704.77362849805,120.47736284980493,0.0,12387.15313786998,14.88,0.68,0.0,0.0,5.0,0.6449628755448891
2838,13,train_0430,12326.11354754198,10311.815520082722,81.18155200827223,0.0,12407.295099550252,15.44,0.74,0.0,0.0,5.0,0.6449628755448891
2839,13,train_0108,12698.692780220903,10228.369636873453,72.83696368734527,0.0,12771.529743908248,20.4,0.56,0.0,0.0,5.0,0.6449628755448891
2840,13,train_0114,12095.663884904658,10463.813365427377,96.3813365427377,0.0,12192.045221447395,16.4,0.68,0.0,0.0,5.0,0.6449628755448891
2841,13,train_0229,12704.939977048849,10815.636477394095,131.5636477394095,0.0,12836.503624788258,14.62,0.66,0.0,0.0,5.0,0.6449628755448891
2842,13,train_0468,12187.234394167022,10082.536806608998,58.253680660899775,0.0,12245.488074827923,15.56,0.44,0.0,0.0,5.0,0.6449628755448891
2843,13,train_0373,12525.278281963572,10635.317934316936,113.53179343169359,0.0,12638.810075395266,17.08,0.76,0.0,0.0,5.0,0.6449628755448891
2844,13,train_0278,12450.258868424644,10146.594998431718,64.65949984317176,0.0,12514.918368267816,17.08,0.6,0.0,0.0,5.0,0.6449628755448891
2845,13,train_0349,12121.302090257139,10170.088421628108,67.00884216281084,0.0,12188.31093241995,15.2,0.62,0.0,0.0,5.0,0.6449628755448891
2846,13,train_0165,12177.630507866827,10060.414684778818,56.04146847788179,0.0,12233.671976344709,16.44,0.7,0.0,0.0,5.0,0.6449628755448891
2847,13,train_0177,12275.65948337607,10333.563945902344,83.35639459023442,0.0,12359.015877966305,14.96,0.64,0.0,0.0,5.0,0.6449628755448891
2848,13,train_0591,12955.346440219859,10210.20870540767,71.02087054076692,0.0,13026.367310760626,16.6,0.62,0.0,0.0,5.0,0.6449628755448891
2849,13,train_0595,12076.01474966637,9960.278342686266,46.02783426862661,0.0,12122.042583934997,15.66,0.7,0.0,0.0,5.0,0.6449628755448891
2850,13,train_0581,12328.451831732473,10213.602625000993,71.36026250009927,0.0,12399.812094232571,16.52,0.64,0.0,0.0,5.0,0.6449628755448891
2851,13,train_0233,12785.170785782266,10761.672739299629,126.1672739299629,0.0,12911.338059712229,16.18,0.64,0.0,0.0,5.0,0.6449628755448891
2852,13,train_0585,12245.162672906372,10816.603470922437,131.66034709224368,0.0,12376.823019998616,13.18,0.8,0.0,0.0,5.0,0.6449628755448891
2853,13,train_0383,12212.455368405605,10307.765193576448,80.7765193576448,0.0,12293.23188776325,15.5,0.52,0.0,0.0,5.0,0.6449628755448891
2854,13,train_0078,12385.217759064544,10340.87778351296,84.08777835129604,0.0,12469.30553741584,15.32,0.62,0.0,0.0,5.0,0.6449628755448891
2855,13,train_0100,12046.58920626234,10036.17663063845,53.61766306384507,0.0,12100.206869326186,15.26,0.68,0.0,0.0,5.0,0.6449628755448891
2856,13,train_0238,12579.639169827275,10107.823109072502,60.78231090725021,0.0,12640.421480734525,18.04,0.68,0.0,0.0,5.0,0.6449628755448891
2857,13,train_0104,12435.13137448736,10369.11320562172,86.91132056217194,0.0,12522.042695049533,16.3,0.68,0.0,0.0,5.0,0.6449628755448891
2858,13,train_0200,12100.254409018624,10537.79165497049,103.77916549704896,0.0,12204.033574515674,16.9,0.68,0.0,0.0,5.0,0.6449628755448891
2859,13,train_0008,12253.505411240698,10715.983733805155,121.59837338051548,0.0,12375.103784621213,14.64,0.8,0.0,0.0,5.0,0.6449628755448891
2860,13,train_0113,12375.484511202403,10174.07456394482,67.40745639448197,0.0,12442.891967596885,17.3,0.76,0.0,0.0,5.0,0.6449628755448891
2861,13,train_0142,12371.864113762447,10845.90589825214,134.590589825214,0.0,12506.45470358766,15.98,0.6,0.0,0.0,5.0,0.6449628755448891
2862,13,train_0149,12374.916393692303,10524.235535800168,102.42355358001679,0.0,12477.33994727232,17.48,0.64,0.0,0.0,5.0,0.6449628755448891
2863,13,train_0119,12224.143375949292,10342.025221873635,84.20252218736351,0.0,12308.345898136655,15.94,0.72,0.0,0.0,5.0,0.6449628755448891
2864,14,train_0394,12304.137216540312,10532.122823908703,103.21228239087031,0.0,12407.349498931182,16.02,0.68,0.0,0.0,5.0,0.6449628755448891
2865,14,train_0477,12006.99892051386,10196.246309112938,69.62463091129375,0.0,12076.623551425155,13.4,0.66,0.0,0.0,5.0,0.6449628755448891
2866,14,train_0379,12987.340190304856,11018.862193207817,151.8862193207817,0.0,13139.226409625639,13.7,0.68,0.0,0.0,5.0,0.6449628755448891
2867,14,train_0106,12796.094887354076,10521.309690671083,102.13096906710835,0.0,12898.225856421184,18.08,0.48,0.0,0.0,5.0,0.6449628755448891
2868,14,train_0460,12915.943126444112,9779.458340608788,27.94583406087877,0.0,12943.88896050499,14.94,0.64,0.0,0.0,5.0,0.6449628755448891
2869,14,train_0222,12320.796476764344,10260.86789753349,76.08678975334897,0.0,12396.883266517692,18.22,0.62,0.0,0.0,5.0,0.6449628755448891
2870,14,train_0267,12038.47797383254,10582.401730579768,108.24017305797679,0.0,12146.718146890516,16.9,0.54,0.0,0.0,5.0,0.6449628755448891
2871,14,train_0555,12239.71448190408,10200.68793688881,70.06879368888094,0.0,12309.783275592961,18.04,0.66,0.0,0.0,5.0,0.6449628755448891
2872,14,train_0186,12272.604576781601,10391.405207622855,89.14052076228546,0.0,12361.745097543886,15.68,0.68,0.0,0.0,5.0,0.6449628755448891
2873,14,train_0229,12892.743719615852,10595.829486708502,109.58294867085024,0.0,13002.326668286702,14.8,0.74,0.0,0.0,5.0,0.6449628755448891
2874,14,train_0272,12484.957517361323,10534.517085843547,103.45170858435468,0.0,12588.409225945677,13.66,0.74,0.0,0.0,5.0,0.6449628755448891
2875,14,train_0094,11941.4831403075,10090.524677447682,59.05246774476819,0.0,12000.535608052269,15.24,0.56,0.0,0.0,5.0,0.6449628755448891
2876,14,train_0320,12562.637667864172,10217.518643471649,71.75186434716488,0.0,12634.389532211337,14.92,0.66,0.0,0.0,5.0,0.6449628755448891
2877,14,train_0532,12296.470347741983,10262.623537231824,76.26235372318243,0.0,12372.732701465166,14.98,0.6,0.0,0.0,5.0,0.6449628755448891
2878,14,train_0299,12341.498478789987,10294.916421248552,79.49164212485522,0.0,12420.990120914841,14.84,0.7,0.0,0.0,5.0,0.6449628755448891
2879,14,train_0097,12307.715443725101,10305.675536583261,80.56755365832615,0.0,12388.282997383427,16.16,0.76,0.0,0.0,5.0,0.6449628755448891
2880,14,train_0043,12075.648254725267,10306.479943966562,80.64799439665622,0.0,12156.296249121924,18.78,0.76,0.0,0.0,5.0,0.6449628755448891
2881,14,train_0566,12199.053755390189,10034.603273309373,53.460327330937254,0.0,12252.514082721125,14.08,0.58,0.0,0.0,5.0,0.6449628755448891
2882,14,train_0329,12649.750999027692,10030.722667034199,53.072266703419885,0.0,12702.823265731113,16.76,0.86,0.0,0.0,5.0,0.6449628755448891
2883,14,train_0568,12640.892118072597,10941.050504327653,144.10505043276535,0.0,12784.997168505362,16.26,0.54,0.0,0.0,5.0,0.6449628755448891
2884,14,train_0139,12167.291285159248,10189.472969020015,68.94729690200147,0.0,12236.238582061249,14.38,0.6,0.0,0.0,5.0,0.6449628755448891
2885,14,train_0125,12265.502740444223,10134.996550713458,63.49965507134584,0.0,12329.002395515568,16.12,0.62,0.0,0.0,5.0,0.6449628755448891
2886,14,train_0434,12424.15319574199,10781.958718305541,128.1958718305541,0.0,12552.349067572544,14.48,0.64,0.0,0.0,5.0,0.6449628755448891
2887,14,train_0154,12799.356838744738,10419.075878298361,91.90758782983613,0.0,12891.264426574573,16.0,0.66,0.0,0.0,5.0,0.6449628755448891
2888,14,train_0355,12347.24996753506,10571.948028669616,107.19480286696162,0.0,12454.44477040202,16.42,0.7,0.0,0.0,5.0,0.6449628755448891
2889,14,train_0408,12018.830449982248,10058.505287551603,55.850528755160305,0.0,12074.680978737408,15.28,0.68,0.0,0.0,5.0,0.6449628755448891
2890,14,train_0173,12802.294168448767,10518.719379553262,101.87193795532622,0.0,12904.166106404093,16.96,0.54,0.0,0.0,5.0,0.6449628755448891
2891,14,train_0205,12517.98680000101,10526.071839791886,102.60718397918863,0.0,12620.5939839802,15.14,0.64,0.0,0.0,5.0,0.6449628755448891
2892,14,train_0105,12544.72128726024,10559.243296193561,105.92432961935612,0.0,12650.645616879596,14.86,0.6,0.0,0.0,5.0,0.6449628755448891
2893,14,train_0080,12603.537214601089,10427.454698004642,92.74546980046416,0.0,12696.282684401553,14.46,0.68,0.0,0.0,5.0,0.6449628755448891
2894,14,train_0571,12512.516692244113,10171.176149031977,67.11761490319769,0.0,12579.634307147311,14.9,0.78,0.0,0.0,5.0,0.6449628755448891
2895,14,train_0296,12374.131213703393,10607.377867194258,110.73778671942583,0.0,12484.86900042282,15.04,0.8,0.0,0.0,5.0,0.6449628755448891
2896,14,train_0083,12176.776326299741,10325.44945978092,82.54494597809207,0.0,12259.321272277833,15.34,0.6,0.0,0.0,5.0,0.6449628755448891
2897,14,train_0003,12235.92984283865,10252.581546657631,75.25815466576314,0.0,12311.187997504414,17.84,0.66,0.0,0.0,5.0,0.6449628755448891
2898,14,train_0340,12394.033559675163,10326.327174488018,82.63271744880186,0.0,12476.666277123964,17.6,0.54,0.0,0.0,5.0,0.6449628755448891
2899,14,train_0147,12816.799763285975,10356.233393951969,85.62333939519687,0.0,12902.423102681172,16.76,0.72,0.0,0.0,5.0,0.6449628755448891
2900,14,train_0530,12625.457522699728,10691.223140376977,119.12231403769766,0.0,12744.579836737425,16.4,0.7,0.0,0.0,5.0,0.6449628755448891
2901,14,train_0371,12300.395320371357,10092.534731862666,59.25347318626664,0.0,12359.648793557624,14.66,0.7,0.0,0.0,5.0,0.6449628755448891
2902,14,train_0311,12354.29774098072,10667.164199306097,116.71641993060967,0.0,12471.01416091133,15.84,0.5,0.0,0.0,5.0,0.6449628755448891
2903,14,train_0585,12443.61469604912,10464.54866013652,96.45486601365192,0.0,12540.069562062772,14.02,0.62,0.0,0.0,5.0,0.6449628755448891
2904,14,train_0099,12052.30950050499,10242.394412263548,74.23944122635476,0.0,12126.548941731346,17.66,0.64,0.0,0.0,5.0,0.6449628755448891
2905,14,train_0035,12897.811245237841,10967.390593922995,146.73905939229954,0.0,13044.55030463014,17.1,0.6,0.0,0.0,5.0,0.6449628755448891
2906,14,train_0120,12393.16910632737,9994.632067766737,49.46320677667373,0.0,12442.632313104044,16.3,0.52,0.0,0.0,5.0,0.6449628755448891
2907,14,train_0054,12494.852372486228,10394.399810761312,89.43998107613116,0.0,12584.29235356236,16.06,0.66,0.0,0.0,5.0,0.6449628755448891
2908,14,train_0328,12669.503530459693,10231.991856005747,73.19918560057468,0.0,12742.702716060268,16.42,0.54,0.0,0.0,5.0,0.6449628755448891
2909,14,train_0277,12786.51822696971,10136.250397738171,63.62503977381712,0.0,12850.143266743527,17.18,0.56,0.0,0.0,5.0,0.6449628755448891
2910,14,train_0317,12501.560759853037,10114.025537809579,61.4025537809579,0.0,12562.963313633994,15.1,0.68,0.0,0.0,5.0,0.6449628755448891
2911,14,train_0493,11882.693990320848,10215.569049011967,71.55690490119669,0.0,11954.250895222045,17.14,0.56,0.0,0.0,5.0,0.6449628755448891
2912,14,train_0339,12455.248719930603,10697.817176756034,119.78171767560343,0.0,12575.030437606207,17.34,0.7,0.0,0.0,5.0,0.6449628755448891
2913,14,train_0102,12189.458255496715,10510.871833792478,101.08718337924785,0.0,12290.545438875963,14.36,0.64,0.0,0.0,5.0,0.6449628755448891
2914,14,train_0022,12571.629819550784,10483.037118095594,98.30371180955936,0.0,12669.933531360344,18.12,0.6,0.0,0.0,5.0,0.6449628755448891
2915,14,train_0345,12361.393295704567,10371.551427249768,87.15514272497677,0.0,12448.548438429543,15.34,0.7,0.0,0.0,5.0,0.6449628755448891
2916,14,train_0048,12205.864024025908,10520.296922671647,102.02969226716469,0.0,12307.893716293072,15.86,0.52,0.0,0.0,5.0,0.6449628755448891
2917,14,train_0201,12154.207907253396,10466.724447551638,96.67244475516382,0.0,12250.88035200856,15.96,0.58,0.0,0.0,5.0,0.6449628755448891
2918,14,train_0342,12352.079003388253,10174.767612777378,67.47676127773775,0.0,12419.55576466599,20.68,0.68,0.0,0.0,5.0,0.6449628755448891
2919,14,train_0281,12329.7436337018,10810.343363619471,131.03433636194714,0.0,12460.777970063747,16.66,0.78,0.0,0.0,5.0,0.6449628755448891
2920,14,train_0503,12885.823842091375,10380.611419597244,88.06114195972441,0.0,12973.8849840511,15.74,0.68,0.0,0.0,5.0,0.6449628755448891
2921,14,train_0088,12617.058564745857,10253.356609559192,75.33566095591924,0.0,12692.394225701777,16.34,0.54,0.0,0.0,5.0,0.6449628755448891
2922,14,train_0471,12632.183787352267,10129.592082073923,62.959208207392294,0.0,12695.14299555966,16.34,0.68,0.0,0.0,5.0,0.6449628755448891
2923,14,train_0508,12583.539881011744,10455.542338826905,95.55423388269047,0.0,12679.094114894435,15.36,0.64,0.0,0.0,5.0,0.6449628755448891
2924,14,train_0260,12254.641604385663,9966.881564652465,46.68815646524654,0.0,12301.32976085091,16.98,0.68,0.0,0.0,5.0,0.6449628755448891
2925,14,train_0251,12623.929670296184,10136.94566379507,63.69456637950698,0.0,12687.62423667569,14.3,0.76,0.0,0.0,5.0,0.6449628755448891
2926,14,train_0235,12402.280568546586,10655.656692591618,115.56566925916178,0.0,12517.846237805748,15.52,0.64,0.0,0.0,5.0,0.6449628755448891
2927,14,train_0016,12540.288921961306,10050.498991414577,55.04989914145772,0.0,12595.338821102763,17.72,0.72,0.0,0.0,5.0,0.6449628755448891
2928,14,train_0296,12648.20495858278,10315.260702221069,81.52607022210687,0.0,12729.731028804888,15.38,0.6,0.0,0.0,5.0,0.6449628755448891
2929,14,train_0367,12417.243459372137,10342.229667458174,84.2229667458174,0.0,12501.466426117955,14.88,0.64,0.0,0.0,5.0,0.6449628755448891
2930,14,train_0147,12820.281714482513,10395.541614914911,89.55416149149114,0.0,12909.835875974004,16.34,0.64,0.0,0.0,5.0,0.6449628755448891
2931,14,train_0154,12714.610999058723,10758.50055293657,125.850055293657,0.0,12840.46105435238,19.08,0.64,0.0,0.0,5.0,0.6449628755448891
2932,14,train_0193,12464.959462461928,10308.68805496348,80.86880549634807,0.0,12545.828267958275,14.26,0.74,0.0,0.0,5.0,0.6449628755448891
2933,14,train_0456,12433.670557149542,10070.174336657543,57.01743366575429,0.0,12490.687990815297,16.68,0.72,0.0,0.0,5.0,0.6449628755448891
2934,14,train_0597,12540.581700627703,10437.002792331386,93.70027923313864,0.0,12634.281979860842,16.66,0.68,0.0,0.0,5.0,0.6449628755448891
2935,14,train_0007,13129.566431452291,11004.411097331624,150.4411097331624,0.0,13280.007541185454,16.1,0.6,0.0,0.0,5.0,0.6449628755448891
2936,14,train_0003,11998.090104711311,10219.209120286057,71.92091202860574,0.0,12070.011016739916,14.86,0.58,0.0,0.0,5.0,0.6449628755448891
2937,14,train_0249,12482.298149561388,10417.608103377817,91.76081033778173,0.0,12574.05895989917,16.64,0.56,0.0,0.0,5.0,0.6449628755448891
2938,14,train_0175,12260.619944877948,10255.299516322972,75.52995163229717,0.0,12336.149896510246,15.9,0.74,0.0,0.0,5.0,0.6449628755448891
2939,14,train_0383,12190.14236056597,10201.659936281412,70.16599362814122,0.0,12260.30835419411,15.66,0.58,0.0,0.0,5.0,0.6449628755448891
2940,14,train_0174,12917.978256355265,10072.321123963837,57.23211239638368,0.0,12975.210368751648,15.76,0.68,0.0,0.0,5.0,0.6449628755448891
2941,14,train_0193,12597.122752358646,10615.470696643988,111.5470696643988,0.0,12708.669822023045,14.66,0.64,0.0,0.0,5.0,0.6449628755448891
2942,14,train_0253,12075.321547433894,10102.366332036732,60.23663320367323,0.0,12135.558180637567,18.5,0.56,0.0,0.0,5.0,0.6449628755448891
2943,14,train_0224,12193.187390428722,10553.214248365995,105.32142483659955,0.0,12298.508815265322,12.4,0.66,0.0,0.0,5.0,0.6449628755448891
2944,14,train_0373,12723.289670534234,10457.92844778976,95.792844778976,0.0,12819.08251531321,15.48,0.6,0.0,0.0,5.0,0.6449628755448891
2945,14,train_0234,12480.393073176798,10603.947518086925,110.39475180869249,0.0,12590.787824985491,16.22,0.68,0.0,0.0,5.0,0.6449628755448891
2946,14,train_0095,12362.921090142701,10308.714214213447,80.87142142134472,0.0,12443.792511564046,17.06,0.6,0.0,0.0,5.0,0.6449628755448891
2947,14,train_0408,12007.33441167223,10357.043659258823,85.70436592588231,0.0,12093.03877759811,14.1,0.66,0.0,0.0,5.0,0.6449628755448891
2948,14,train_0167,12002.854145678757,10188.902391085092,68.89023910850919,0.0,12071.744384787266,16.68,0.66,0.0,0.0,5.0,0.6449628755448891
2949,14,train_0557,12535.533901736704,9911.858536116302,41.18585361163023,0.0,12576.719755348335,15.52,0.5,0.0,0.0,5.0,0.6449628755448891
2950,14,train_0219,12322.858528349872,10408.794021273094,90.87940212730938,0.0,12413.737930477182,17.5,0.6,0.0,0.0,5.0,0.6449628755448891
2951,14,train_0557,12151.252886744669,10153.584970947397,65.35849709473969,0.0,12216.611383839409,15.86,0.64,0.0,0.0,5.0,0.6449628755448891
2952,14,train_0029,12308.312902963442,10055.947484623019,55.59474846230187,0.0,12363.907651425743,16.06,0.62,0.0,0.0,5.0,0.6449628755448891
2953,14,train_0132,12309.1628211562,10342.758242769825,84.27582427698253,0.0,12393.438645433183,15.58,0.58,0.0,0.0,5.0,0.6449628755448891
2954,14,train_0545,12029.021135164836,10364.729791600945,86.47297916009448,0.0,12115.49411432493,17.48,0.64,0.0,0.0,5.0,0.6449628755448891
2955,14,train_0328,12289.198916984245,10406.61932113531,90.66193211353094,0.0,12379.860849097777,16.12,0.7,0.0,0.0,5.0,0.6449628755448891
2956,14,train_0405,12860.55339185549,10307.1955122451,80.71955122451,0.0,12941.272943080001,16.96,0.68,0.0,0.0,5.0,0.6449628755448891
2957,14,train_0268,12635.330697275132,10297.505519959883,79.75055199598829,0.0,12715.081249271121,13.74,0.62,0.0,0.0,5.0,0.6449628755448891
2958,14,train_0140,12278.378098827261,10305.635003349973,80.5635003349973,0.0,12358.941599162259,14.96,0.7,0.0,0.0,5.0,0.6449628755448891
2959,14,train_0135,12302.55179106264,10605.046728732885,110.50467287328848,0.0,12413.056463935929,16.22,0.64,0.0,0.0,5.0,0.6449628755448891
2960,14,train_0231,12388.3506098974,10133.210222000736,63.32102220007364,0.0,12451.671632097474,15.58,0.72,0.0,0.0,5.0,0.6449628755448891
2961,14,train_0404,12517.977641878475,11234.637163724787,173.46371637247867,0.0,12691.441358250953,16.68,0.52,0.0,0.0,5.0,0.6449628755448891
2962,14,train_0255,12402.010379936719,9756.2383840945,25.623838409450038,0.0,12427.63421834617,13.32,0.74,0.0,0.0,5.0,0.6449628755448891
2963,14,train_0509,12243.542885482515,10249.31313976418,74.93131397641791,0.0,12318.474199458933,13.68,0.66,0.0,0.0,5.0,0.6449628755448891
2964,14,train_0271,12326.81072374167,9813.979773776897,31.397977377689678,0.0,12358.20870111936,15.54,0.6,0.0,0.0,5.0,0.6449628755448891
2965,14,train_0415,12960.577989092755,10794.008022876926,129.40080228769258,0.0,13089.978791380448,14.78,0.58,0.0,0.0,5.0,0.6449628755448891
2966,14,train_0499,12037.471233930195,10205.290584308792,70.5290584308792,0.0,12108.000292361074,18.08,0.6,0.0,0.0,5.0,0.6449628755448891
2967,14,train_0145,12561.6306821109,9956.74162933798,45.67416293379793,0.0,12607.304845044697,14.86,0.56,0.0,0.0,5.0,0.6449628755448891
2968,14,train_0228,12645.951140475085,9841.207665017508,34.12076650175077,0.0,12680.071906976835,14.0,0.68,0.0,0.0,5.0,0.6449628755448891
2969,14,train_0518,12523.70419414675,10508.519131263081,100.85191312630815,0.0,12624.556107273058,16.02,0.66,0.0,0.0,5.0,0.6449628755448891
2970,14,train_0212,12079.138591012108,10425.762317092795,92.57623170927945,0.0,12171.714822721387,16.0,0.8,0.0,0.0,5.0,0.6449628755448891
2971,14,train_0442,12602.132840640863,10338.472465581683,83.84724655816827,0.0,12685.980087199032,14.78,0.68,0.0,0.0,5.0,0.6449628755448891
2972,14,train_0550,12497.799231198387,10010.47825337328,51.047825337327964,0.0,12548.847056535715,17.22,0.6,0.0,0.0,5.0,0.6449628755448891
2973,14,train_0234,12333.668932118195,10244.213859278156,74.42138592781558,0.0,12408.09031804601,16.04,0.62,0.0,0.0,5.0,0.6449628755448891
2974,14,train_0254,12500.857630328159,10403.123541516725,90.31235415167248,0.0,12591.169984479831,16.96,0.54,0.0,0.0,5.0,0.6449628755448891
2975,14,train_0367,12351.455151691025,10182.529895018532,68.25298950185315,0.0,12419.708141192878,14.18,0.68,0.0,0.0,5.0,0.6449628755448891
2976,14,train_0360,12404.238508220878,10041.3424590963,54.134245909630046,0.0,12458.372754130509,16.3,0.66,0.0,0.0,5.0,0.6449628755448891
2977,14,train_0433,12030.410719740335,10225.822875373135,72.58228753731346,0.0,12102.99300727765,16.3,0.66,0.0,0.0,5.0,0.6449628755448891
2978,14,train_0112,12751.020310928621,10035.890643589171,53.589064358917135,0.0,12804.609375287539,16.7,0.66,0.0,0.0,5.0,0.6449628755448891
2979,14,train_0437,11453.684486228995,9671.031714803896,17.103171480389573,0.0,11470.787657709385,15.6,0.8,0.0,0.0,5.0,0.6449628755448891
2980,14,train_0371,12456.823447441799,9879.49351230587,37.94935123058695,0.0,12494.772798672386,15.66,0.64,0.0,0.0,5.0,0.6449628755448891
2981,14,train_0229,13178.338695604947,10156.655625907806,65.66556259078061,0.0,13244.004258195728,14.68,0.7,0.0,0.0,5.0,0.6449628755448891
2982,14,train_0094,11950.830003614246,9867.558422965962,36.755842296596164,0.0,11987.585845910842,16.04,0.54,0.0,0.0,5.0,0.6449628755448891
2983,14,train_0067,12070.524343131103,10188.61858836094,68.86185883609396,0.0,12139.386201967196,18.44,0.6,0.0,0.0,5.0,0.6449628755448891
2984,14,train_0250,12329.316820015443,10472.883310052466,97.28833100524662,0.0,12426.605151020689,17.1,0.76,0.0,0.0,5.0,0.6449628755448891
2985,14,train_0397,12282.70146319283,10201.213941517828,70.12139415178281,0.0,12352.822857344614,16.0,0.6,0.0,0.0,5.0,0.6449628755448891
2986,14,train_0016,12318.401742049951,10309.429653176703,80.94296531767031,0.0,12399.344707367622,16.56,0.52,0.0,0.0,5.0,0.6449628755448891
2987,14,train_0329,12173.39320951937,10421.459150767387,92.14591507673867,0.0,12265.53912459611,17.54,0.56,0.0,0.0,5.0,0.6449628755448891
2988,14,train_0477,12069.35047785016,10293.858145541344,79.38581455413441,0.0,12148.736292404294,14.12,0.56,0.0,0.0,5.0,0.6449628755448891
2989,14,train_0347,12280.365976108133,10451.96232772734,95.19623277273405,0.0,12375.562208880867,16.42,0.72,0.0,0.0,5.0,0.6449628755448891
2990,14,train_0540,12620.681883838603,10252.795418271646,75.27954182716458,0.0,12695.961425665768,14.9,0.56,0.0,0.0,5.0,0.6449628755448891
2991,14,train_0496,12279.18832944259,10406.15369974144,90.61536997414406,0.0,12369.803699416734,18.04,0.76,0.0,0.0,5.0,0.6449628755448891
2992,14,train_0439,12314.935208008921,10542.507824633294,104.25078246332941,0.0,12419.185990472251,14.16,0.58,0.0,0.0,5.0,0.6449628755448891
2993,14,train_0519,12920.98489355389,10442.454700004815,94.24547000048152,0.0,13015.230363554372,17.8,0.8,0.0,0.0,5.0,0.6449628755448891
2994,14,train_0367,12241.954770669872,10314.159525979137,81.41595259791376,0.0,12323.370723267786,15.12,0.52,0.0,0.0,5.0,0.6449628755448891
2995,14,train_0363,12766.251309928775,10224.849901119005,72.48499011190052,0.0,12838.736300040677,16.08,0.7,0.0,0.0,5.0,0.6449628755448891
2996,14,train_0419,12506.870128687198,10406.775441664598,90.67754416645985,0.0,12597.547672853658,14.4,0.46,0.0,0.0,5.0,0.6449628755448891
2997,14,train_0446,12024.876202475189,10186.442872209262,68.64428722092616,0.0,12093.520489696115,15.16,0.74,0.0,0.0,5.0,0.6449628755448891
2998,14,train_0347,12231.32055376695,10418.469804731118,91.84698047311177,0.0,12323.167534240061,15.48,0.62,0.0,0.0,5.0,0.6449628755448891
2999,14,train_0410,12667.112731978086,10581.170696007772,108.11706960077719,0.0,12775.229801578864,18.06,0.64,0.0,0.0,5.0,0.6449628755448891
3000,14,train_0180,12441.576204245655,10885.717748608939,138.57177486089387,0.0,12580.147979106549,16.68,0.44,0.0,0.0,5.0,0.6449628755448891
3001,14,train_0302,12903.993806907176,10288.584378929767,78.8584378929767,0.0,12982.852244800153,14.16,0.52,0.0,0.0,5.0,0.6449628755448891
3002,14,train_0501,12500.674144476954,10298.78377457835,79.87837745783509,0.0,12580.55252193479,18.52,0.6,0.0,0.0,5.0,0.6449628755448891
3003,14,train_0351,12779.487352064443,10462.51947268299,96.25194726829905,0.0,12875.739299332743,15.9,0.58,0.0,0.0,5.0,0.6449628755448891
3004,14,train_0560,12524.089881098911,10303.761668964722,80.37616689647221,0.0,12604.466047995384,15.84,0.7,0.0,0.0,5.0,0.6449628755448891
3005,14,train_0326,12156.3060411117,10183.87948005162,68.38794800516207,0.0,12224.693989116862,17.08,0.54,0.0,0.0,5.0,0.6449628755448891
3006,14,train_0415,12784.333188329958,10654.804913696584,115.48049136965838,0.0,12899.813679699617,13.48,0.62,0.0,0.0,5.0,0.6449628755448891
3007,14,train_0302,12490.04143952749,10367.375887526247,86.73758875262466,0.0,12576.779028280114,15.3,0.52,0.0,0.0,5.0,0.6449628755448891
