episode,update,scenario_id,electricity_cost,carbon_emissions_kg,carbon_trading_cost,carbon_trading_revenue,system_cost,mean_start_delay_slots,remote_subtask_fraction,fallback_actions,capacity_violations,decision_epochs,carbon_lambda
0,0,train_0053,12285.598585773947,10715.700184071075,121.57001840710745,0.0,12407.168604181054,16.1,0.82,0.0,0.0,5.0,0.6449628755448891
1,0,train_0464,12435.56685361787,10368.05919443845,86.80591944384506,0.0,12522.372773061714,15.76,0.76,0.0,0.0,5.0,0.6449628755448891
2,0,train_0392,12346.334426521244,10512.93258910214,101.29325891021399,0.0,12447.627685431458,16.02,0.68,0.0,0.0,5.0,0.6449628755448891
3,0,train_0263,11971.727635918925,10064.284848174806,56.42848481748061,0.0,12028.156120736407,15.6,0.7,0.0,0.0,5.0,0.6449628755448891
4,0,train_0259,12628.396725536633,10492.138941943967,99.21389419439674,0.0,12727.61061973103,14.82,0.54,0.0,0.0,5.0,0.6449628755448891
5,0,train_0515,12427.364436385506,10478.854441836276,97.88544418362763,0.0,12525.249880569134,17.08,0.72,0.0,0.0,5.0,0.6449628755448891
6,0,train_0051,12283.144153925206,10610.762877013432,111.07628770134325,0.0,12394.22044162655,17.62,0.68,0.0,0.0,5.0,0.6449628755448891
7,0,train_0418,12656.043284204221,10483.083360337283,98.30833603372831,0.0,12754.351620237949,17.4,0.64,0.0,0.0,5.0,0.6449628755448891
8,0,train_0120,11916.602462961138,10410.479192854284,91.04791928542836,0.0,12007.650382246567,16.56,0.68,0.0,0.0,5.0,0.6449628755448891
9,0,train_0056,11760.311166813683,9967.477710587518,46.74777105875182,0.0,11807.058937872434,18.34,0.62,0.0,0.0,5.0,0.6449628755448891
10,0,train_0315,12727.857701425619,10447.831899946334,94.78318999463336,0.0,12822.640891420253,16.46,0.66,0.0,0.0,5.0,0.6449628755448891
11,0,train_0585,12565.76475739387,10453.454434718673,95.3454434718673,0.0,12661.110200865738,12.36,0.54,0.0,0.0,5.0,0.6449628755448891
12,0,train_0441,12518.331165033549,10395.107187329457,89.51071873294569,0.0,12607.841883766494,16.58,0.7,0.0,0.0,5.0,0.6449628755448891
13,0,train_0456,12468.167443924987,10391.322627531154,89.13226275311536,0.0,12557.299706678103,15.84,0.66,0.0,0.0,5.0,0.6449628755448891
14,0,train_0430,12283.37942531137,10401.462159818828,90.14621598188279,0.0,12373.525641293252,15.82,0.68,0.0,0.0,5.0,0.6449628755448891
15,0,train_0471,12701.156310552782,10601.530806921855,110.15308069218554,0.0,12811.309391244968,13.94,0.76,0.0,0.0,5.0,0.6449628755448891
16,0,train_0307,12375.373470330196,10214.559432452825,71.45594324528247,0.0,12446.829413575479,16.24,0.6,0.0,0.0,5.0,0.6449628755448891
17,0,train_0076,12247.835229816865,10589.814206199735,108.9814206199735,0.0,12356.816650436838,16.4,0.7,0.0,0.0,5.0,0.6449628755448891
18,0,train_0503,13349.142739836,10167.817704641926,66.7817704641926,0.0,13415.924510300192,16.46,0.76,0.0,0.0,5.0,0.6449628755448891
19,0,train_0270,12243.815505791645,10598.1267465521,109.81267465520996,0.0,12353.628180446854,16.34,0.6,0.0,0.0,5.0,0.6449628755448891
20,0,train_0300,11986.147578215954,10239.816752974366,73.9816752974366,0.0,12060.12925351339,14.64,0.68,0.0,0.0,5.0,0.6449628755448891
21,0,train_0222,12471.298910617683,10518.815246292297,101.88152462922972,0.0,12573.180435246912,18.68,0.72,0.0,0.0,5.0,0.6449628755448891
22,0,train_0109,12682.971634180598,10362.696111495487,86.26961114954867,0.0,12769.241245330146,16.82,0.7,0.0,0.0,5.0,0.6449628755448891
23,0,train_0556,12575.986282541062,10181.749896267173,68.17498962671725,0.0,12644.16127216778,14.12,0.74,0.0,0.0,5.0,0.6449628755448891
24,0,train_0468,12415.694485376265,9988.743546895908,48.87435468959084,0.0,12464.568840065856,15.86,0.66,0.0,0.0,5.0,0.6449628755448891
25,0,train_0386,12452.286315903844,10250.357186947269,75.0357186947269,0.0,12527.322034598572,14.92,0.6,0.0,0.0,5.0,0.6449628755448891
26,0,train_0241,12190.978388086296,10141.738355202702,64.17383552027023,0.0,12255.152223606567,15.78,0.52,0.0,0.0,5.0,0.6449628755448891
27,0,train_0493,12063.067606206523,10401.929749549758,90.19297495497577,0.0,12153.2605811615,16.78,0.7,0.0,0.0,5.0,0.6449628755448891
28,0,train_0327,12378.728355431867,10738.456478801905,123.84564788019053,0.0,12502.574003312058,17.32,0.64,0.0,0.0,5.0,0.6449628755448891
29,0,train_0266,12423.599437879582,10638.012751797516,113.80127517975161,0.0,12537.400713059335,16.1,0.64,0.0,0.0,5.0,0.6449628755448891
30,0,train_0270,12294.283221790189,10408.378826558966,90.83788265589665,0.0,12385.121104446085,14.82,0.64,0.0,0.0,5.0,0.6449628755448891
31,0,train_0136,12359.97998229697,10254.360037153154,75.43600371531538,0.0,12435.415986012285,16.68,0.64,0.0,0.0,5.0,0.6449628755448891
32,0,train_0055,12643.764795774274,10356.650907998757,85.66509079987573,0.0,12729.42988657415,13.84,0.72,0.0,0.0,5.0,0.6449628755448891
33,0,train_0332,11997.949258173547,10198.949583230373,69.89495832303729,0.0,12067.844216496584,15.44,0.74,0.0,0.0,5.0,0.6449628755448891
34,0,train_0532,12743.511738139663,10267.44380102634,76.74438010263403,0.0,12820.256118242298,15.86,0.56,0.0,0.0,5.0,0.6449628755448891
35,0,train_0038,12365.491344058695,10585.013588419079,108.50135884190786,0.0,12473.992702900603,17.38,0.76,0.0,0.0,5.0,0.6449628755448891
36,0,train_0514,12368.400324259866,10563.274897477886,106.3274897477886,0.0,12474.727814007656,14.14,0.68,0.0,0.0,5.0,0.6449628755448891
37,0,train_0496,12402.855140064763,10327.227779094872,82.7227779094872,0.0,12485.57791797425,16.58,0.74,0.0,0.0,5.0,0.6449628755448891
38,0,train_0166,12323.582621036872,9973.69667384227,47.36966738422707,0.0,12370.9522884211,15.52,0.68,0.0,0.0,5.0,0.6449628755448891
39,0,train_0378,12452.217393549485,10721.417100003677,122.14171000036768,0.0,12574.359103549852,16.2,0.62,0.0,0.0,5.0,0.6449628755448891
40,0,train_0099,12104.452754932805,9975.660931912062,47.566093191206164,0.0,12152.018848124011,18.0,0.66,0.0,0.0,5.0,0.6449628755448891
41,0,train_0454,12778.61919389465,10838.041083679142,133.80410836791415,0.0,12912.423302262565,15.9,0.66,0.0,0.0,5.0,0.6449628755448891
42,0,train_0420,12373.820176302412,10176.728914008929,67.67289140089288,0.0,12441.493067703304,14.42,0.72,0.0,0.0,5.0,0.6449628755448891
43,0,train_0212,12401.65979950777,10095.473512592904,59.54735125929037,0.0,12461.20715076706,15.98,0.56,0.0,0.0,5.0,0.6449628755448891
44,0,train_0040,12464.329509449555,10707.989978194562,120.79899781945625,0.0,12585.128507269012,17.7,0.58,0.0,0.0,5.0,0.6449628755448891
45,0,train_0582,12833.298453974643,10320.106694243594,82.01066942435938,0.0,12915.309123399002,16.14,0.68,0.0,0.0,5.0,0.6449628755448891
46,0,train_0267,12556.92153002736,9792.80994096979,29.280994096978976,0.0,12586.20252412434,16.78,0.7,0.0,0.0,5.0,0.6449628755448891
47,0,train_0535,12146.582071413242,10399.969643790542,89.99696437905423,0.0,12236.579035792296,14.9,0.68,0.0,0.0,5.0,0.6449628755448891
48,0,train_0406,12237.417338232372,10414.861510230487,91.48615102304866,0.0,12328.903489255421,18.1,0.74,0.0,0.0,5.0,0.6449628755448891
49,0,train_0467,13104.237073481128,10872.498802991857,137.2498802991857,0.0,13241.486953780313,15.96,0.76,0.0,0.0,5.0,0.6449628755448891
50,0,train_0455,13078.203067285369,10755.679352414967,125.56793524149671,0.0,13203.771002526866,17.38,0.68,0.0,0.0,5.0,0.6449628755448891
51,0,train_0116,12197.335172283618,10445.496681765924,94.54966817659243,0.0,12291.88484046021,17.8,0.66,0.0,0.0,5.0,0.6449628755448891
52,0,train_0218,12641.050795492458,10691.32442721941,119.13244272194098,0.0,12760.183238214398,16.66,0.72,0.0,0.0,5.0,0.6449628755448891
53,0,train_0280,12408.78514730055,10475.585910161146,97.55859101611459,0.0,12506.343738316666,17.26,0.76,0.0,0.0,5.0,0.6449628755448891
54,0,train_0298,12045.416870504374,10187.022114975834,68.70221149758345,0.0,12114.119082001958,15.1,0.8,0.0,0.0,5.0,0.6449628755448891
55,0,train_0026,12161.48065811602,10241.786602700122,74.17866027001219,0.0,12235.659318386031,16.12,0.66,0.0,0.0,5.0,0.6449628755448891
56,0,train_0327,12359.300242368523,10940.553779165399,144.05537791653987,0.0,12503.355620285063,16.02,0.64,0.0,0.0,5.0,0.6449628755448891
57,0,train_0092,12643.886081488621,10511.35267656386,101.13526765638599,0.0,12745.021349145007,17.1,0.62,0.0,0.0,5.0,0.6449628755448891
58,0,train_0446,12242.901853430929,10480.154786531446,98.01547865314461,0.0,12340.917332084073,15.06,0.72,0.0,0.0,5.0,0.6449628755448891
59,0,train_0409,12619.228947676751,10776.704868959125,127.67048689591248,0.0,12746.899434572664,17.16,0.64,0.0,0.0,5.0,0.6449628755448891
60,0,train_0553,11596.963534816317,10023.243512950397,52.32435129503975,0.0,11649.287886111357,17.88,0.72,0.0,0.0,5.0,0.6449628755448891
61,0,train_0446,11967.813227897912,10377.616023593986,87.76160235939861,0.0,12055.57483025731,16.44,0.58,0.0,0.0,5.0,0.6449628755448891
62,0,train_0219,12968.203090853374,10197.953122919107,69.7953122919107,0.0,13037.998403145284,15.48,0.62,0.0,0.0,5.0,0.6449628755448891
63,0,train_0580,13081.53013925727,10754.772397388744,125.47723973887442,0.0,13207.007378996144,15.92,0.58,0.0,0.0,5.0,0.6449628755448891
64,0,train_0246,12298.134304621293,10247.426751444325,74.74267514443254,0.0,12372.876979765726,15.8,0.58,0.0,0.0,5.0,0.6449628755448891
65,0,train_0195,12724.479603172338,10873.87027322128,137.38702732212806,0.0,12861.866630494465,19.1,0.68,0.0,0.0,5.0,0.6449628755448891
66,0,train_0543,12514.418651470607,10754.897144527833,125.4897144527833,0.0,12639.908365923391,15.44,0.8,0.0,0.0,5.0,0.6449628755448891
67,0,train_0222,12374.833651723595,10438.426959855176,93.84269598551765,0.0,12468.676347709112,17.32,0.68,0.0,0.0,5.0,0.6449628755448891
68,0,train_0045,12356.094665426677,10348.870487549251,84.88704875492513,0.0,12440.981714181602,14.2,0.72,0.0,0.0,5.0,0.6449628755448891
69,0,train_0281,12549.047609484089,10608.613356227228,110.8613356227228,0.0,12659.908945106812,16.28,0.72,0.0,0.0,5.0,0.6449628755448891
70,0,train_0477,12106.718506792417,10126.133438486004,62.61334384860038,0.0,12169.331850641018,13.64,0.66,0.0,0.0,5.0,0.6449628755448891
71,0,train_0113,12108.895760708932,10272.901933945264,77.29019339452644,0.0,12186.18595410346,17.06,0.64,0.0,0.0,5.0,0.6449628755448891
72,0,train_0277,12634.749748909477,10359.99502031742,85.99950203174194,0.0,12720.749250941219,15.76,0.68,0.0,0.0,5.0,0.6449628755448891
73,0,train_0077,12054.743156755045,10389.328427266388,88.93284272663878,0.0,12143.675999481684,15.16,0.7,0.0,0.0,5.0,0.6449628755448891
74,0,train_0411,12750.158392279853,10934.383533312048,143.43835333120478,0.0,12893.596745611057,16.24,0.58,0.0,0.0,5.0,0.6449628755448891
75,0,train_0285,12267.724243596782,10361.018152864408,86.1018152864408,0.0,12353.826058883224,14.22,0.72,0.0,0.0,5.0,0.6449628755448891
76,0,train_0198,12098.832624758628,9985.834727537356,48.58347275373563,0.0,12147.416097512363,15.28,0.68,0.0,0.0,5.0,0.6449628755448891
77,0,train_0136,12594.159209478838,10181.654438923904,68.16544389239043,0.0,12662.324653371228,16.68,0.58,0.0,0.0,5.0,0.6449628755448891
78,0,train_0338,12324.325081557392,10552.838741207146,105.28387412071461,0.0,12429.608955678106,14.46,0.68,0.0,0.0,5.0,0.6449628755448891
79,0,train_0401,11978.362557661869,10083.248270378488,58.32482703784881,0.0,12036.687384699717,17.24,0.62,0.0,0.0,5.0,0.6449628755448891
80,0,train_0564,12390.105258382093,10617.952868156694,111.79528681566936,0.0,12501.900545197763,17.46,0.68,0.0,0.0,5.0,0.6449628755448891
81,0,train_0262,12570.627679452089,10797.943431870237,129.7943431870237,0.0,12700.422022639113,16.3,0.74,0.0,0.0,5.0,0.6449628755448891
82,0,train_0096,12592.428734147034,10200.718761173293,70.07187611732934,0.0,12662.500610264364,16.42,0.58,0.0,0.0,5.0,0.6449628755448891
83,0,train_0499,12195.240958402823,10275.047655588269,77.50476555882688,0.0,12272.745723961649,17.08,0.72,0.0,0.0,5.0,0.6449628755448891
84,0,train_0377,12221.71409752076,10386.706420803583,88.67064208035828,0.0,12310.384739601119,17.5,0.58,0.0,0.0,5.0,0.6449628755448891
85,0,train_0420,12226.864430266212,10711.077511093989,121.10775110939886,0.0,12347.972181375611,15.22,0.68,0.0,0.0,5.0,0.6449628755448891
86,0,train_0058,11931.144336577876,10005.46719069503,50.546719069502984,0.0,11981.69105564738,15.66,0.62,0.0,0.0,5.0,0.6449628755448891
87,0,train_0187,12255.17807831831,10455.703691255641,95.57036912556414,0.0,12350.748447443873,13.98,0.58,0.0,0.0,5.0,0.6449628755448891
88,0,train_0460,12427.747180056787,10481.139366360472,98.11393663604723,0.0,12525.861116692835,15.2,0.72,0.0,0.0,5.0,0.6449628755448891
89,0,train_0499,12132.570181712901,10316.127375940525,81.61273759405249,0.0,12214.182919306953,16.76,0.76,0.0,0.0,5.0,0.6449628755448891
90,0,train_0261,12557.91255405108,10654.861785318588,115.4861785318588,0.0,12673.398732582938,16.4,0.7,0.0,0.0,5.0,0.6449628755448891
91,0,train_0482,11909.425488151282,10106.678511032977,60.66785110329766,0.0,11970.09333925458,14.34,0.68,0.0,0.0,5.0,0.6449628755448891
92,0,train_0505,12303.83251318384,10547.20685773079,104.72068577307891,0.0,12408.553198956917,16.9,0.54,0.0,0.0,5.0,0.6449628755448891
93,0,train_0232,12421.790746674467,10457.392554711625,95.73925547116251,0.0,12517.53000214563,15.94,0.62,0.0,0.0,5.0,0.6449628755448891
94,0,train_0538,12569.161708916115,10981.158442508467,148.11584425084675,0.0,12717.277553166961,15.88,0.58,0.0,0.0,5.0,0.6449628755448891
95,0,train_0172,12215.90899486454,10374.482913018175,87.44829130181752,0.0,12303.357286166358,17.02,0.66,0.0,0.0,5.0,0.6449628755448891
96,0,train_0143,12660.919225711168,10740.986705561447,124.09867055614468,0.0,12785.017896267313,14.32,0.64,0.0,0.0,5.0,0.6449628755448891
97,0,train_0409,12639.170572713472,10710.998702398576,121.0998702398576,0.0,12760.27044295333,19.28,0.62,0.0,0.0,5.0,0.6449628755448891
98,0,train_0382,12382.92413722863,10916.292451300273,141.62924513002727,0.0,12524.553382358657,16.3,0.76,0.0,0.0,5.0,0.6449628755448891
99,0,train_0083,12351.965164671185,10044.243482034464,54.42434820344643,0.0,12406.389512874632,15.82,0.56,0.0,0.0,5.0,0.6449628755448891
100,0,train_0499,12117.598100447696,10097.338605731433,59.73386057314329,0.0,12177.33196102084,18.2,0.54,0.0,0.0,5.0,0.6449628755448891
101,0,train_0119,12028.844242517738,10500.543301135898,100.05433011358983,0.0,12128.898572631328,17.04,0.54,0.0,0.0,5.0,0.6449628755448891
102,0,train_0482,11986.608309468887,10166.727414857423,66.67274148574234,0.0,12053.281050954629,14.98,0.68,0.0,0.0,5.0,0.6449628755448891
103,0,train_0004,12535.509737626347,10695.825713572503,119.58257135725034,0.0,12655.092308983598,17.46,0.58,0.0,0.0,5.0,0.6449628755448891
104,0,train_0478,12556.76311228417,10541.99839556064,104.19983955606403,0.0,12660.962951840234,16.88,0.82,0.0,0.0,5.0,0.6449628755448891
105,0,train_0472,12360.388067641874,11068.722656267775,156.87226562677753,0.0,12517.260333268652,15.52,0.54,0.0,0.0,5.0,0.6449628755448891
106,0,train_0468,12214.711891249011,10211.877523976786,71.18775239767857,0.0,12285.89964364669,15.38,0.64,0.0,0.0,5.0,0.6449628755448891
107,0,train_0398,12012.816991116666,10398.819276799763,89.88192767997626,0.0,12102.698918796643,14.48,0.68,0.0,0.0,5.0,0.6449628755448891
108,0,train_0282,12033.365580295742,10408.481989747957,90.84819897479575,0.0,12124.213779270538,15.8,0.72,0.0,0.0,5.0,0.6449628755448891
109,0,train_0423,12039.565071090305,10323.47345252684,82.34734525268397,0.0,12121.912416342988,15.88,0.64,0.0,0.0,5.0,0.6449628755448891
110,0,train_0166,12177.990019178676,10035.281826461256,53.52818264612561,0.0,12231.518201824802,14.92,0.58,0.0,0.0,5.0,0.6449628755448891
111,0,train_0468,12281.885359374392,10146.513552076258,64.65135520762578,0.0,12346.536714582016,15.7,0.64,0.0,0.0,5.0,0.6449628755448891
112,0,train_0333,12711.199137010955,10431.326093620692,93.13260936206916,0.0,12804.331746373024,16.5,0.78,0.0,0.0,5.0,0.6449628755448891
113,0,train_0275,12593.284955942554,10211.395121104244,71.1395121104244,0.0,12664.42446805298,15.42,0.64,0.0,0.0,5.0,0.6449628755448891
114,0,train_0303,12057.999903112312,10428.208640325256,92.8208640325256,0.0,12150.820767144836,16.08,0.76,0.0,0.0,5.0,0.6449628755448891
115,0,train_0341,12437.937462239763,10755.197838394626,125.51978383946262,0.0,12563.457246079226,15.5,0.62,0.0,0.0,5.0,0.6449628755448891
116,0,train_0022,12342.871591583353,10723.52052182077,122.35205218207703,0.0,12465.22364376543,16.24,0.56,0.0,0.0,5.0,0.6449628755448891
117,0,train_0083,12110.471902323006,10497.851184054674,99.78511840546744,0.0,12210.257020728473,15.14,0.58,0.0,0.0,5.0,0.6449628755448891
118,0,train_0147,12543.022081784651,10645.210730194405,114.52107301944052,0.0,12657.543154804092,17.32,0.68,0.0,0.0,5.0,0.6449628755448891
119,0,train_0068,12438.068902001116,10792.13969726731,129.21396972673102,0.0,12567.282871727846,15.16,0.7,0.0,0.0,5.0,0.6449628755448891
120,0,train_0263,12134.686414792972,9972.13556652388,47.21355665238807,0.0,12181.89997144536,15.04,0.64,0.0,0.0,5.0,0.6449628755448891
121,0,train_0401,11966.223990747769,10230.225006322478,73.02250063224783,0.0,12039.246491380016,16.96,0.58,0.0,0.0,5.0,0.6449628755448891
122,0,train_0392,12634.288060734752,10441.726769764562,94.17267697645622,0.0,12728.460737711208,15.24,0.58,0.0,0.0,5.0,0.6449628755448891
123,0,train_0282,12171.591605312127,10237.904419243669,73.79044192436686,0.0,12245.382047236493,15.68,0.5,0.0,0.0,5.0,0.6449628755448891
124,0,train_0513,12270.01363854672,10596.374333664793,109.63743336647931,0.0,12379.651071913198,15.84,0.62,0.0,0.0,5.0,0.6449628755448891
125,0,train_0339,12867.240547506704,10304.328181048877,80.4328181048877,0.0,12947.673365611592,16.58,0.72,0.0,0.0,5.0,0.6449628755448891
126,0,train_0047,12346.381561029106,10212.39170335548,71.23917033554808,0.0,12417.620731364654,14.44,0.8,0.0,0.0,5.0,0.6449628755448891
127,0,train_0458,12728.012701516436,10699.200306484718,119.92003064847177,0.0,12847.932732164907,15.28,0.72,0.0,0.0,5.0,0.6449628755448891
128,0,train_0344,12586.156703148356,10510.797892717022,101.07978927170225,0.0,12687.236492420057,14.34,0.58,0.0,0.0,5.0,0.6449628755448891
129,0,train_0380,12243.23800129048,10268.184553213428,76.81845532134285,0.0,12320.056456611823,16.82,0.78,0.0,0.0,5.0,0.6449628755448891
130,0,train_0339,12612.253018740872,10829.80175471541,132.98017547154106,0.0,12745.233194212413,16.56,0.66,0.0,0.0,5.0,0.6449628755448891
131,0,train_0332,12304.728868553544,10085.809518104175,58.58095181041754,0.0,12363.309820363962,16.68,0.62,0.0,0.0,5.0,0.6449628755448891
132,0,train_0054,12484.169116205361,10374.981680635137,87.49816806351373,0.0,12571.667284268875,15.82,0.64,0.0,0.0,5.0,0.6449628755448891
133,0,train_0335,12623.63429976896,10754.657096482162,125.46570964821622,0.0,12749.100009417178,17.7,0.6,0.0,0.0,5.0,0.6449628755448891
134,0,train_0476,12246.535209061753,10569.215227487073,106.92152274870733,0.0,12353.45673181046,18.12,0.68,0.0,0.0,5.0,0.6449628755448891
135,0,train_0182,12950.297306854867,10459.288344890438,95.92883448904377,0.0,13046.226141343912,15.52,0.64,0.0,0.0,5.0,0.6449628755448891
136,0,train_0361,12628.049603131614,10787.48873179484,128.74887317948398,0.0,12756.798476311098,14.24,0.64,0.0,0.0,5.0,0.6449628755448891
137,0,train_0018,12210.176193019863,10405.963024594792,90.5963024594792,0.0,12300.772495479341,16.34,0.66,0.0,0.0,5.0,0.6449628755448891
138,0,train_0208,12423.924643912856,10408.65996659941,90.86599665994109,0.0,12514.790640572797,14.32,0.62,0.0,0.0,5.0,0.6449628755448891
139,0,train_0262,12450.039961587147,10575.3445841735,107.53445841734992,0.0,12557.574420004497,16.22,0.64,0.0,0.0,5.0,0.6449628755448891
140,0,train_0589,12338.667148210423,10080.594879816626,58.05948798166264,0.0,12396.726636192085,16.94,0.72,0.0,0.0,5.0,0.6449628755448891
141,0,train_0128,12163.505629496172,10119.77215656868,61.97721565686807,0.0,12225.482845153041,15.42,0.78,0.0,0.0,5.0,0.6449628755448891
142,0,train_0165,12151.393913165946,10405.949014587743,90.59490145877426,0.0,12241.988814624721,15.22,0.54,0.0,0.0,5.0,0.6449628755448891
143,0,train_0245,12008.448671725037,10305.43830219678,80.54383021967806,0.0,12088.992501944715,15.46,0.76,0.0,0.0,5.0,0.6449628755448891
144,0,train_0595,12255.287705667626,9958.565822286891,45.85658222868915,0.0,12301.144287896315,15.66,0.62,0.0,0.0,5.0,0.6449628755448891
145,0,train_0512,12522.45014203317,10157.182128932469,65.7182128932469,0.0,12588.168354926418,14.96,0.72,0.0,0.0,5.0,0.6449628755448891
146,0,train_0020,13032.301691430952,10513.8908530878,101.38908530877998,0.0,13133.690776739732,15.36,0.66,0.0,0.0,5.0,0.6449628755448891
147,0,train_0140,12138.299733976353,10551.876152058332,105.18761520583321,0.0,12243.487349182187,15.14,0.7,0.0,0.0,5.0,0.6449628755448891
148,0,train_0493,11760.813783898939,10584.033936123116,108.40339361231163,0.0,11869.217177511251,17.14,0.62,0.0,0.0,5.0,0.6449628755448891
149,0,train_0034,12368.652657151779,10573.321760685947,107.33217606859472,0.0,12475.984833220373,15.44,0.68,0.0,0.0,5.0,0.6449628755448891
150,0,train_0513,12115.666700363276,10610.49057731346,111.04905773134597,0.0,12226.715758094622,15.48,0.7,0.0,0.0,5.0,0.6449628755448891
151,0,train_0168,12469.555044648087,10866.414811836132,136.6414811836132,0.0,12606.1965258317,17.1,0.76,0.0,0.0,5.0,0.6449628755448891
152,0,train_0550,12467.541415491347,10098.605007830902,59.860500783090174,0.0,12527.401916274437,17.92,0.68,0.0,0.0,5.0,0.6449628755448891
153,0,train_0176,12708.201053318107,10857.454978786645,135.74549787866454,0.0,12843.946551196772,14.92,0.6,0.0,0.0,5.0,0.6449628755448891
154,0,train_0260,11975.91627155064,10452.81578118213,95.28157811821293,0.0,12071.197849668853,17.04,0.78,0.0,0.0,5.0,0.6449628755448891
155,0,train_0397,12292.306817803605,10270.823056798425,77.08230567984248,0.0,12369.389123483446,16.3,0.7,0.0,0.0,5.0,0.6449628755448891
156,0,train_0075,12365.641702840712,10697.704024554074,119.77040245540739,0.0,12485.41210529612,15.98,0.64,0.0,0.0,5.0,0.6449628755448891
157,0,train_0334,12373.419455868674,10534.998815236693,103.49988152366933,0.0,12476.919337392343,17.28,0.72,0.0,0.0,5.0,0.6449628755448891
158,0,train_0303,12249.96016061688,10320.52324362432,82.05232436243205,0.0,12332.012484979312,16.3,0.64,0.0,0.0,5.0,0.6449628755448891
159,0,train_0470,12046.133737060565,10319.9071766294,81.99071766294001,0.0,12128.124454723506,16.08,0.6,0.0,0.0,5.0,0.6449628755448891
160,0,train_0597,12354.288570056391,10213.182172848332,71.3182172848332,0.0,12425.606787341225,16.5,0.46,0.0,0.0,5.0,0.6449628755448891
161,0,train_0398,11838.470167624897,10211.65130875743,71.16513087574295,0.0,11909.63529850064,14.84,0.72,0.0,0.0,5.0,0.6449628755448891
162,0,train_0245,11885.647905635631,10162.615286731187,66.26152867311866,0.0,11951.909434308749,14.04,0.58,0.0,0.0,5.0,0.6449628755448891
163,0,train_0243,12320.760980647454,10499.440513809821,99.9440513809821,0.0,12420.705032028436,16.86,0.66,0.0,0.0,5.0,0.6449628755448891
164,0,train_0250,12449.657758968378,10333.848745460713,83.3848745460713,0.0,12533.04263351445,16.74,0.56,0.0,0.0,5.0,0.6449628755448891
165,0,train_0488,12240.233777813472,10453.615750440615,95.36157504406147,0.0,12335.595352857534,14.92,0.76,0.0,0.0,5.0,0.6449628755448891
166,0,train_0192,12670.175427987799,10539.443307450965,103.94433074509652,0.0,12774.119758732895,18.3,0.68,0.0,0.0,5.0,0.6449628755448891
167,0,train_0100,11723.817136550511,10081.80029147803,58.180029147803,0.0,11781.997165698314,15.44,0.7,0.0,0.0,5.0,0.6449628755448891
168,0,train_0200,12249.240188741376,10205.80083707643,70.58008370764291,0.0,12319.820272449018,17.72,0.56,0.0,0.0,5.0,0.6449628755448891
169,0,train_0013,12640.738173086667,10030.542967213118,53.05429672131177,0.0,12693.792469807979,14.78,0.7,0.0,0.0,5.0,0.6449628755448891
170,0,train_0063,12817.379268655464,10269.373140516294,76.93731405162944,0.0,12894.316582707093,15.72,0.68,0.0,0.0,5.0,0.6449628755448891
171,0,train_0054,12443.284065061729,10541.485022971865,104.1485022971865,0.0,12547.432567358916,16.1,0.66,0.0,0.0,5.0,0.6449628755448891
172,0,train_0462,12630.790207747265,10369.46964599186,86.94696459918596,0.0,12717.737172346451,17.7,0.6,0.0,0.0,5.0,0.6449628755448891
173,0,train_0433,12169.595086103825,10408.171504409802,90.81715044098019,0.0,12260.412236544806,15.4,0.64,0.0,0.0,5.0,0.6449628755448891
174,0,train_0418,12422.27741869343,10555.807806856701,105.5807806856701,0.0,12527.8581993791,17.02,0.7,0.0,0.0,5.0,0.6449628755448891
175,0,train_0277,12381.307840046304,10603.338358860565,110.33383588605648,0.0,12491.64167593236,16.38,0.86,0.0,0.0,5.0,0.6449628755448891
176,0,train_0430,12536.68739737535,10037.938059869173,53.79380598691733,0.0,12590.481203362267,15.72,0.74,0.0,0.0,5.0,0.6449628755448891
177,0,train_0096,12342.669238942603,10517.914926459684,101.79149264596836,0.0,12444.460731588571,16.64,0.58,0.0,0.0,5.0,0.6449628755448891
178,0,train_0540,12678.513296249908,10569.127516857905,106.91275168579051,0.0,12785.426047935698,16.2,0.74,0.0,0.0,5.0,0.6449628755448891
179,0,train_0300,12235.016865714984,10097.849901429956,59.784990142995596,0.0,12294.80185585798,14.56,0.68,0.0,0.0,5.0,0.6449628755448891
180,0,train_0562,12132.16138005726,10598.509987594232,109.85099875942325,0.0,12242.012378816682,14.8,0.56,0.0,0.0,5.0,0.6449628755448891
181,0,train_0091,12358.430776492842,10481.378867292864,98.13788672928641,0.0,12456.568663222128,15.14,0.66,0.0,0.0,5.0,0.6449628755448891
182,0,train_0298,11806.921854476257,10079.604673000733,57.96046730007329,0.0,11864.882321776331,16.04,0.76,0.0,0.0,5.0,0.6449628755448891
183,0,train_0417,12406.373039738224,10228.932159239512,72.89321592395117,0.0,12479.266255662176,15.6,0.68,0.0,0.0,5.0,0.6449628755448891
184,0,train_0297,12050.546586118828,10534.765778949979,103.4765778949979,0.0,12154.023164013826,13.42,0.6,0.0,0.0,5.0,0.6449628755448891
185,0,train_0267,12274.553351566652,9963.081544098728,46.308154409872806,0.0,12320.861505976525,16.18,0.68,0.0,0.0,5.0,0.6449628755448891
186,0,train_0099,12038.354946973575,10151.267916686946,65.12679166869457,0.0,12103.48173864227,17.0,0.66,0.0,0.0,5.0,0.6449628755448891
187,0,train_0228,12144.000350099668,10466.940761714239,96.69407617142389,0.0,12240.694426271091,15.26,0.62,0.0,0.0,5.0,0.6449628755448891
188,0,train_0143,12687.783663539143,10465.641924215935,96.56419242159355,0.0,12784.347855960737,13.4,0.56,0.0,0.0,5.0,0.6449628755448891
189,0,train_0180,12517.576020475866,10635.57593765527,113.55759376552706,0.0,12631.133614241393,17.56,0.6,0.0,0.0,5.0,0.6449628755448891
190,0,train_0410,12668.502980107538,10783.305448830622,128.33054488306226,0.0,12796.8335249906,16.72,0.82,0.0,0.0,5.0,0.6449628755448891
191,0,train_0378,12810.374858013098,10203.718895438164,70.37188954381637,0.0,12880.746747556914,16.5,0.72,0.0,0.0,5.0,0.6449628755448891
192,1,train_0364,12439.651049638378,10371.074852063271,87.10748520632715,0.0,12526.758534844705,18.42,0.66,0.0,0.0,5.0,0.6449628755448891
193,1,train_0217,12383.821417609206,10728.455223851597,122.84552238515971,0.0,12506.666939994366,16.66,0.62,0.0,0.0,5.0,0.6449628755448891
194,1,train_0575,12965.97396728378,10604.174856171136,110.41748561711357,0.0,13076.391452900894,17.42,0.64,0.0,0.0,5.0,0.6449628755448891
195,1,train_0052,12688.935256189832,10649.337847155532,114.93378471555316,0.0,12803.869040905385,15.44,0.74,0.0,0.0,5.0,0.6449628755448891
196,1,train_0205,12751.868295206707,10714.643879249063,121.46438792490626,0.0,12873.332683131614,16.78,0.56,0.0,0.0,5.0,0.6449628755448891
197,1,train_0070,12051.914196088608,10020.40660376856,52.04066037685607,0.0,12103.954856465465,14.42,0.76,0.0,0.0,5.0,0.6449628755448891
198,1,train_0203,12638.8241470994,10759.705469568293,125.97054695682928,0.0,12764.794694056229,13.08,0.8,0.0,0.0,5.0,0.6449628755448891
199,1,train_0577,13113.887954124468,10959.266453522894,145.92664535228943,0.0,13259.814599476756,16.14,0.72,0.0,0.0,5.0,0.6449628755448891
200,1,train_0219,12328.327445212057,10662.579625856604,116.25796258566044,0.0,12444.585407797716,14.9,0.58,0.0,0.0,5.0,0.6449628755448891
201,1,train_0545,12115.244831550033,10427.68724915715,92.76872491571504,0.0,12208.013556465748,18.24,0.6,0.0,0.0,5.0,0.6449628755448891
202,1,train_0297,12354.62297881339,10076.303974089229,57.63039740892291,0.0,12412.253376222312,14.9,0.7,0.0,0.0,5.0,0.6449628755448891
203,1,train_0419,12236.307217135854,10441.547526623599,94.1547526623599,0.0,12330.461969798214,15.48,0.72,0.0,0.0,5.0,0.6449628755448891
204,1,train_0274,12714.367710397273,10369.577358120163,86.9577358120163,0.0,12801.32544620929,15.9,0.56,0.0,0.0,5.0,0.6449628755448891
205,1,train_0159,12198.79116815691,9845.042053992098,34.50420539920979,0.0,12233.295373556119,17.88,0.68,0.0,0.0,5.0,0.6449628755448891
206,1,train_0458,12833.346542361056,10773.75241772124,127.375241772124,0.0,12960.72178413318,14.78,0.62,0.0,0.0,5.0,0.6449628755448891
207,1,train_0581,12262.380581121139,10295.44320857841,79.54432085784102,0.0,12341.92490197898,17.3,0.78,0.0,0.0,5.0,0.6449628755448891
208,1,train_0158,12381.524465579787,10616.524352536862,111.65243525368624,0.0,12493.176900833474,17.48,0.72,0.0,0.0,5.0,0.6449628755448891
209,1,train_0467,12989.861457017065,10838.065916094776,133.80659160947764,0.0,13123.668048626543,17.12,0.78,0.0,0.0,5.0,0.6449628755448891
210,1,train_0156,12193.398195790694,10170.081344972772,67.00813449727721,0.0,12260.406330287971,14.94,0.68,0.0,0.0,5.0,0.6449628755448891
211,1,train_0430,12252.883558464211,10212.686434008236,71.26864340082356,0.0,12324.152201865034,13.98,0.7,0.0,0.0,5.0,0.6449628755448891
212,1,train_0473,12197.191484833238,10394.439956230388,89.4439956230388,0.0,12286.635480456276,17.96,0.7,0.0,0.0,5.0,0.6449628755448891
213,1,train_0269,11995.222746486186,9955.242224371654,45.52422243716538,0.0,12040.746968923351,16.78,0.68,0.0,0.0,5.0,0.6449628755448891
214,1,train_0442,12688.028190105462,10825.48333285091,132.54833328509105,0.0,12820.576523390553,14.16,0.62,0.0,0.0,5.0,0.6449628755448891
215,1,train_0163,12750.515005824573,10782.264436133792,128.22644361337916,0.0,12878.741449437952,15.16,0.68,0.0,0.0,5.0,0.6449628755448891
216,1,train_0047,12042.309648634098,10336.72540569803,83.67254056980292,0.0,12125.982189203902,14.94,0.6,0.0,0.0,5.0,0.6449628755448891
217,1,train_0057,12079.938402988008,9988.853965748915,48.88539657489146,0.0,12128.823799562899,15.96,0.72,0.0,0.0,5.0,0.6449628755448891
218,1,train_0268,12508.65472026468,10376.11734595456,87.61173459545608,0.0,12596.266454860135,16.56,0.62,0.0,0.0,5.0,0.6449628755448891
219,1,train_0541,12422.27305779131,10586.152957176784,108.61529571767842,0.0,12530.888353508988,16.4,0.6,0.0,0.0,5.0,0.6449628755448891
220,1,train_0076,12438.891639329093,10215.939849170834,71.59398491708343,0.0,12510.485624246176,14.42,0.66,0.0,0.0,5.0,0.6449628755448891
221,1,train_0273,12784.703851086018,10588.13257503101,108.81325750310098,0.0,12893.51710858912,17.78,0.66,0.0,0.0,5.0,0.6449628755448891
222,1,train_0422,12638.971708847384,10258.652624118804,75.8652624118804,0.0,12714.836971259265,14.74,0.66,0.0,0.0,5.0,0.6449628755448891
223,1,train_0121,12152.270359565886,10434.068561531387,93.40685615313869,0.0,12245.677215719024,14.92,0.56,0.0,0.0,5.0,0.6449628755448891
224,1,train_0432,12159.426626583741,10495.504902172252,99.55049021722516,0.0,12258.977116800967,15.76,0.62,0.0,0.0,5.0,0.6449628755448891
225,1,train_0183,12664.128798921363,10253.119739534137,75.3119739534137,0.0,12739.440772874777,15.08,0.66,0.0,0.0,5.0,0.6449628755448891
226,1,train_0485,12275.915027986091,9848.81880634744,34.881880634744086,0.0,12310.796908620836,14.94,0.64,0.0,0.0,5.0,0.6449628755448891
227,1,train_0347,12184.283203331692,10485.790233489242,98.57902334892424,0.0,12282.862226680616,16.88,0.7,0.0,0.0,5.0,0.6449628755448891
228,1,train_0328,12548.634654663652,10412.537571247562,91.25375712475616,0.0,12639.888411788408,15.16,0.74,0.0,0.0,5.0,0.6449628755448891
229,1,train_0106,12650.055328545812,10908.6227114784,140.86227114783998,0.0,12790.917599693652,17.84,0.68,0.0,0.0,5.0,0.6449628755448891
230,1,train_0277,12544.343881192211,10565.223684948533,106.52236849485325,0.0,12650.866249687064,15.6,0.6,0.0,0.0,5.0,0.6449628755448891
231,1,train_0513,12326.239169040884,10227.00654124976,72.70065412497607,0.0,12398.93982316586,16.26,0.78,0.0,0.0,5.0,0.6449628755448891
232,1,train_0011,12002.265688522948,9976.926453864267,47.69264538642674,0.0,12049.958333909375,15.34,0.7,0.0,0.0,5.0,0.6449628755448891
233,1,train_0455,12875.65643899623,10924.336401247048,142.43364012470485,0.0,13018.090079120935,18.68,0.76,0.0,0.0,5.0,0.6449628755448891
234,1,train_0295,12329.233648473553,10337.923156007306,83.79231560073059,0.0,12413.025964074284,15.9,0.8,0.0,0.0,5.0,0.6449628755448891
235,1,train_0431,12375.986050609823,10389.1625626849,88.91625626849,0.0,12464.902306878314,16.9,0.78,0.0,0.0,5.0,0.6449628755448891
236,1,train_0397,12403.880315425333,9909.351274596691,40.9351274596691,0.0,12444.815442885001,15.32,0.64,0.0,0.0,5.0,0.6449628755448891
237,1,train_0259,12713.137186457763,10417.06909533287,91.70690953328705,0.0,12804.84409599105,14.46,0.72,0.0,0.0,5.0,0.6449628755448891
238,1,train_0185,12410.574215619832,10517.15007960714,101.71500796071396,0.0,12512.289223580547,15.62,0.66,0.0,0.0,5.0,0.6449628755448891
239,1,train_0376,12344.006040089727,10452.764118938052,95.2764118938052,0.0,12439.282451983532,16.04,0.58,0.0,0.0,5.0,0.6449628755448891
240,1,train_0084,12268.604290053114,9848.228515614514,34.82285156145135,0.0,12303.427141614566,17.24,0.72,0.0,0.0,5.0,0.6449628755448891
241,1,train_0350,12332.71493913218,10433.940918732398,93.39409187323982,0.0,12426.10903100542,15.26,0.66,0.0,0.0,5.0,0.6449628755448891
242,1,train_0056,11928.661664965675,9844.652054571452,34.4652054571452,0.0,11963.12687042282,17.26,0.74,0.0,0.0,5.0,0.6449628755448891
243,1,train_0389,12293.917741962421,10453.615177189455,95.36151771894548,0.0,12389.279259681367,15.98,0.76,0.0,0.0,5.0,0.6449628755448891
244,1,train_0377,12402.826993080525,10349.176362918679,84.9176362918679,0.0,12487.744629372393,17.74,0.74,0.0,0.0,5.0,0.6449628755448891
245,1,train_0050,12361.064908043309,10321.69666547158,82.16966654715799,0.0,12443.234574590466,14.16,0.7,0.0,0.0,5.0,0.6449628755448891
246,1,train_0454,13038.484721081675,10390.077174137718,89.00771741377176,0.0,13127.492438495447,16.4,0.7,0.0,0.0,5.0,0.6449628755448891
247,1,train_0249,12565.052998684178,10627.433738312599,112.74337383125986,0.0,12677.796372515437,15.64,0.68,0.0,0.0,5.0,0.6449628755448891
248,1,train_0472,12631.602266277767,10685.521808679709,118.55218086797086,0.0,12750.154447145738,16.28,0.74,0.0,0.0,5.0,0.6449628755448891
249,1,train_0024,11869.810124605036,10348.326346940454,84.83263469404538,0.0,11954.64275929908,16.56,0.7,0.0,0.0,5.0,0.6449628755448891
250,1,train_0107,12765.766708766489,10422.956432380906,92.29564323809063,0.0,12858.06235200458,16.36,0.68,0.0,0.0,5.0,0.6449628755448891
251,1,train_0296,12712.146364882243,10393.510777774229,89.35107777742287,0.0,12801.497442659665,15.36,0.72,0.0,0.0,5.0,0.6449628755448891
252,1,train_0112,12220.72780378002,10398.792201487586,89.87922014875858,0.0,12310.60702392878,16.7,0.78,0.0,0.0,5.0,0.6449628755448891
253,1,train_0197,12411.07509755485,10692.722635483493,119.2722635483493,0.0,12530.3473611032,15.92,0.68,0.0,0.0,5.0,0.6449628755448891
254,1,train_0396,12442.593942090767,10574.771142912403,107.4771142912403,0.0,12550.071056382007,14.22,0.7,0.0,0.0,5.0,0.6449628755448891
255,1,train_0086,11995.080226631924,9817.270319127008,31.72703191270084,0.0,12026.807258544624,16.44,0.58,0.0,0.0,5.0,0.6449628755448891
256,1,train_0406,12585.795940588043,10492.081592363364,99.20815923633637,0.0,12685.004099824378,18.74,0.74,0.0,0.0,5.0,0.6449628755448891
257,1,train_0062,12037.95022087778,10406.544889468722,90.65448894687216,0.0,12128.60470982465,15.58,0.72,0.0,0.0,5.0,0.6449628755448891
258,1,train_0105,12332.321362026836,10901.756487360675,140.17564873606753,0.0,12472.497010762903,13.7,0.68,0.0,0.0,5.0,0.6449628755448891
259,1,train_0352,11977.160466951258,10072.326588893837,57.23265888938368,0.0,12034.393125840641,16.92,0.72,0.0,0.0,5.0,0.6449628755448891
260,1,train_0476,12393.978888771802,10556.63024728074,105.66302472807402,0.0,12499.641913499876,18.68,0.6,0.0,0.0,5.0,0.6449628755448891
261,1,train_0102,11955.437215665013,10587.490915592507,108.7490915592507,0.0,12064.186307224263,14.22,0.72,0.0,0.0,5.0,0.6449628755448891
262,1,train_0179,12157.769457317932,10265.461089707323,76.54610897073235,0.0,12234.315566288664,14.76,0.7,0.0,0.0,5.0,0.6449628755448891
263,1,train_0555,12280.41211866276,10145.404511817655,64.54045118176546,0.0,12344.952569844525,17.28,0.78,0.0,0.0,5.0,0.6449628755448891
264,1,train_0593,12363.80304606319,10403.75393418691,90.37539341869106,0.0,12454.178439481882,12.92,0.68,0.0,0.0,5.0,0.6449628755448891
265,1,train_0348,12458.667586874493,10296.295317099255,79.62953170992552,0.0,12538.297118584418,16.54,0.64,0.0,0.0,5.0,0.6449628755448891
266,1,train_0268,12625.852462836338,10129.360371198647,62.93603711986471,0.0,12688.788499956203,16.24,0.76,0.0,0.0,5.0,0.6449628755448891
267,1,train_0208,12318.305214234186,10453.332776400104,95.33327764001042,0.0,12413.638491874197,14.12,0.68,0.0,0.0,5.0,0.6449628755448891
268,1,train_0367,12175.83527574371,10626.251647492732,112.62516474927325,0.0,12288.460440492983,15.16,0.66,0.0,0.0,5.0,0.6449628755448891
269,1,train_0354,12013.616018243036,10224.915054397074,72.49150543970737,0.0,12086.107523682744,16.72,0.78,0.0,0.0,5.0,0.6449628755448891
270,1,train_0176,12805.081119378678,10656.017382037931,115.60173820379315,0.0,12920.682857582471,14.8,0.72,0.0,0.0,5.0,0.6449628755448891
271,1,train_0013,12130.60132961882,10507.587775027318,100.75877750273176,0.0,12231.36010712155,15.94,0.78,0.0,0.0,5.0,0.6449628755448891
272,1,train_0090,12449.964010008236,10470.239283805644,97.0239283805644,0.0,12546.9879383888,14.5,0.66,0.0,0.0,5.0,0.6449628755448891
273,1,train_0575,12783.474294127627,11004.732101755395,150.4732101755395,0.0,12933.947504303167,17.26,0.72,0.0,0.0,5.0,0.6449628755448891
274,1,train_0250,12479.298436241806,10600.18437273043,110.01843727304295,0.0,12589.31687351485,14.54,0.58,0.0,0.0,5.0,0.6449628755448891
275,1,train_0289,12484.318899043103,10796.548101815843,129.65481018158425,0.0,12613.973709224687,17.48,0.72,0.0,0.0,5.0,0.6449628755448891
276,1,train_0280,12372.474431188435,10567.718572421854,106.77185724218543,0.0,12479.24628843062,15.96,0.74,0.0,0.0,5.0,0.6449628755448891
277,1,train_0469,12672.40908160945,10723.467836658812,122.34678366588123,0.0,12794.755865275332,16.28,0.68,0.0,0.0,5.0,0.6449628755448891
278,1,train_0038,12500.910761216066,10390.854341249968,89.08543412499677,0.0,12589.996195341062,17.52,0.74,0.0,0.0,5.0,0.6449628755448891
279,1,train_0049,12469.410042292846,10704.23041962818,120.42304196281803,0.0,12589.833084255664,13.72,0.64,0.0,0.0,5.0,0.6449628755448891
280,1,train_0165,12179.414575336927,10199.4275365529,69.94275365528993,0.0,12249.357328992217,15.0,0.64,0.0,0.0,5.0,0.6449628755448891
281,1,train_0291,12532.341354257163,10595.928518119215,109.59285181192155,0.0,12641.934206069085,14.42,0.6,0.0,0.0,5.0,0.6449628755448891
282,1,train_0402,12575.583915611642,10658.498459719625,115.84984597196254,0.0,12691.433761583605,16.58,0.7,0.0,0.0,5.0,0.6449628755448891
283,1,train_0294,12166.643701179139,10267.871083093036,76.78710830930359,0.0,12243.430809488442,15.88,0.8,0.0,0.0,5.0,0.6449628755448891
284,1,train_0264,11945.67608563474,10267.441159045891,76.74411590458912,0.0,12022.420201539328,15.74,0.68,0.0,0.0,5.0,0.6449628755448891
285,1,train_0562,12228.134005049258,11048.251037052105,154.8251037052105,0.0,12382.959108754469,15.46,0.64,0.0,0.0,5.0,0.6449628755448891
286,1,train_0096,12848.103536916602,10179.82647388954,67.98264738895396,0.0,12916.086184305555,17.12,0.66,0.0,0.0,5.0,0.6449628755448891
287,1,train_0343,13166.650991927068,10912.502595084927,141.2502595084927,0.0,13307.901251435562,14.84,0.68,0.0,0.0,5.0,0.6449628755448891
288,1,train_0325,12361.647701700012,10438.251303549952,93.82513035499524,0.0,12455.472832055008,14.72,0.62,0.0,0.0,5.0,0.6449628755448891
289,1,train_0284,12297.083084558337,10302.742831763237,80.27428317632366,0.0,12377.357367734661,17.68,0.76,0.0,0.0,5.0,0.6449628755448891
290,1,train_0484,12326.664586515002,10453.071667941676,95.30716679416764,0.0,12421.97175330917,13.38,0.54,0.0,0.0,5.0,0.6449628755448891
291,1,train_0160,12648.763238456826,10283.001991255394,78.30019912553945,0.0,12727.063437582365,17.08,0.68,0.0,0.0,5.0,0.6449628755448891
292,1,train_0572,12132.968355774312,10686.69941696518,118.66994169651808,0.0,12251.63829747083,14.2,0.58,0.0,0.0,5.0,0.6449628755448891
293,1,train_0198,11681.171913489417,10032.999287977134,53.29992879771344,0.0,11734.47184228713,15.26,0.78,0.0,0.0,5.0,0.6449628755448891
294,1,train_0327,12374.292274668878,11013.904490762223,151.3904490762223,0.0,12525.6827237451,16.28,0.68,0.0,0.0,5.0,0.6449628755448891
295,1,train_0312,11845.89087781039,10644.541020689448,114.45410206894485,0.0,11960.344979879335,15.54,0.76,0.0,0.0,5.0,0.6449628755448891
296,1,train_0509,12097.568131467378,10198.075046587372,69.80750465873716,0.0,12167.375636126115,14.6,0.72,0.0,0.0,5.0,0.6449628755448891
297,1,train_0263,12162.882252104722,9931.931316131002,43.1931316131002,0.0,12206.075383717822,16.56,0.7,0.0,0.0,5.0,0.6449628755448891
298,1,train_0170,12098.702965473942,10102.01753446796,60.20175344679592,0.0,12158.904718920738,18.06,0.6,0.0,0.0,5.0,0.6449628755448891
299,1,train_0012,12787.91369791941,10780.763977021517,128.07639770215175,0.0,12915.990095621562,16.18,0.66,0.0,0.0,5.0,0.6449628755448891
300,1,train_0218,12777.980721509764,10615.572750383468,111.55727503834679,0.0,12889.537996548112,16.12,0.66,0.0,0.0,5.0,0.6449628755448891
301,1,train_0495,12212.248114721539,10781.928468043203,128.19284680432028,0.0,12340.44096152586,15.84,0.74,0.0,0.0,5.0,0.6449628755448891
302,1,train_0005,12220.88458110046,10074.818058651425,57.481805865142455,0.0,12278.366386965601,17.58,0.72,0.0,0.0,5.0,0.6449628755448891
303,1,train_0537,11998.391758309739,10295.08378210737,79.50837821073692,0.0,12077.900136520477,17.72,0.68,0.0,0.0,5.0,0.6449628755448891
304,1,train_0325,12195.80385041004,10566.298644502003,106.62986445020033,0.0,12302.43371486024,12.54,0.66,0.0,0.0,5.0,0.6449628755448891
305,1,train_0084,12137.556441390836,10131.451761169827,63.14517611698266,0.0,12200.701617507819,17.14,0.76,0.0,0.0,5.0,0.6449628755448891
306,1,train_0181,11629.08837466541,9848.608193520753,34.8608193520753,0.0,11663.949194017487,17.76,0.74,0.0,0.0,5.0,0.6449628755448891
307,1,train_0332,12066.083247196737,10234.15484575983,73.41548457598292,0.0,12139.49873177272,15.3,0.66,0.0,0.0,5.0,0.6449628755448891
308,1,train_0189,12139.961683055735,10372.27017115611,87.22701711561095,0.0,12227.188700171346,14.92,0.74,0.0,0.0,5.0,0.6449628755448891
309,1,train_0065,12434.116954455403,10592.940648987078,109.2940648987078,0.0,12543.411019354111,14.98,0.64,0.0,0.0,5.0,0.6449628755448891
310,1,train_0399,12289.602105838347,10093.318498738938,59.33184987389377,0.0,12348.93395571224,14.02,0.8,0.0,0.0,5.0,0.6449628755448891
311,1,train_0403,12742.839410784061,10656.130697554938,115.61306975549378,0.0,12858.452480539556,14.52,0.72,0.0,0.0,5.0,0.6449628755448891
312,1,train_0071,12565.89984475004,10598.187828495556,109.81878284955565,0.0,12675.718627599595,15.04,0.72,0.0,0.0,5.0,0.6449628755448891
313,1,train_0168,12511.523084119033,10845.763589595772,134.5763589595772,0.0,12646.09944307861,15.28,0.7,0.0,0.0,5.0,0.6449628755448891
314,1,train_0146,12222.742648845753,11007.35363386205,150.73536338620508,0.0,12373.478012231959,16.46,0.46,0.0,0.0,5.0,0.6449628755448891
315,1,train_0395,12180.645117921824,10058.09284695494,55.80928469549399,0.0,12236.454402617317,15.36,0.62,0.0,0.0,5.0,0.6449628755448891
316,1,train_0438,12193.994417633054,10513.856597880836,101.38565978808366,0.0,12295.380077421138,16.44,0.74,0.0,0.0,5.0,0.6449628755448891
317,1,train_0436,12595.798287926085,10456.729195595239,95.67291955952388,0.0,12691.471207485609,16.02,0.72,0.0,0.0,5.0,0.6449628755448891
318,1,train_0563,12348.14112035062,10449.619794936832,94.96197949368326,0.0,12443.103099844302,16.4,0.6,0.0,0.0,5.0,0.6449628755448891
319,1,train_0461,12288.60172433519,10880.224897198217,138.02248971982172,0.0,12426.624214055013,14.9,0.7,0.0,0.0,5.0,0.6449628755448891
320,1,train_0192,12740.129542058798,10491.427997135623,99.14279971356228,0.0,12839.27234177236,16.26,0.5,0.0,0.0,5.0,0.6449628755448891
321,1,train_0064,12745.127267547532,10584.14331685163,108.41433168516306,0.0,12853.541599232694,16.58,0.62,0.0,0.0,5.0,0.6449628755448891
322,1,train_0368,12447.699535344122,10593.001950268372,109.30019502683717,0.0,12556.999730370959,17.0,0.74,0.0,0.0,5.0,0.6449628755448891
323,1,train_0549,12217.374856720096,10659.651120121367,115.96511201213671,0.0,12333.339968732233,17.08,0.68,0.0,0.0,5.0,0.6449628755448891
324,1,train_0585,12541.694170969844,10510.997344810281,101.09973448102811,0.0,12642.793905450872,14.0,0.58,0.0,0.0,5.0,0.6449628755448891
325,1,train_0138,12297.658941831223,10319.301607219764,81.93016072197643,0.0,12379.5891025532,16.66,0.64,0.0,0.0,5.0,0.6449628755448891
326,1,train_0141,12869.28501650379,10619.832984248851,111.9832984248851,0.0,12981.268314928675,13.9,0.72,0.0,0.0,5.0,0.6449628755448891
327,1,train_0022,12471.568202164082,10522.68371305072,102.26837130507192,0.0,12573.836573469154,18.86,0.66,0.0,0.0,5.0,0.6449628755448891
328,1,train_0084,12208.32342274958,10036.730628626165,53.67306286261646,0.0,12261.996485612195,17.58,0.66,0.0,0.0,5.0,0.6449628755448891
329,1,train_0332,12163.88776234067,10243.102020251223,74.31020202512228,0.0,12238.197964365792,16.34,0.68,0.0,0.0,5.0,0.6449628755448891
330,1,train_0328,12325.612145860468,10783.57192683385,128.35719268338508,0.0,12453.969338543853,16.42,0.6,0.0,0.0,5.0,0.6449628755448891
331,1,train_0222,12356.820292629363,10587.335779735356,108.73357797353566,0.0,12465.553870602898,17.92,0.62,0.0,0.0,5.0,0.6449628755448891
332,1,train_0185,12474.169958063912,10475.184368804981,97.51843688049813,0.0,12571.68839494441,15.82,0.64,0.0,0.0,5.0,0.6449628755448891
333,1,train_0497,12193.941272785261,10975.986581856137,147.59865818561374,0.0,12341.539930970876,14.28,0.6,0.0,0.0,5.0,0.6449628755448891
334,1,train_0276,12407.51389557153,10000.636713126549,50.06367131265488,0.0,12457.577566884185,14.72,0.66,0.0,0.0,5.0,0.6449628755448891
335,1,train_0484,12816.397604570204,10171.633547970398,67.16335479703976,0.0,12883.560959367243,12.1,0.58,0.0,0.0,5.0,0.6449628755448891
336,1,train_0577,13105.089453951918,10982.733262298985,148.27332622989852,0.0,13253.362780181817,16.0,0.68,0.0,0.0,5.0,0.6449628755448891
337,1,train_0190,12656.389314771612,10650.913993761456,115.09139937614565,0.0,12771.480714147758,17.58,0.7,0.0,0.0,5.0,0.6449628755448891
338,1,train_0121,12506.136529432975,9996.455338464628,49.64553384646279,0.0,12555.782063279437,13.68,0.54,0.0,0.0,5.0,0.6449628755448891
339,1,train_0571,12178.033784108833,10549.797548132707,104.97975481327067,0.0,12283.013538922103,15.78,0.74,0.0,0.0,5.0,0.6449628755448891
340,1,train_0380,12171.714164034009,10123.542737041433,62.354273704143274,0.0,12234.068437738151,17.54,0.66,0.0,0.0,5.0,0.6449628755448891
341,1,train_0174,12649.055720797582,10058.413417899857,55.84134178998575,0.0,12704.897062587568,16.5,0.78,0.0,0.0,5.0,0.6449628755448891
342,1,train_0373,12867.323883653095,10349.303511469141,84.93035114691412,0.0,12952.254234800008,14.42,0.62,0.0,0.0,5.0,0.6449628755448891
343,1,train_0309,12369.839486066387,10297.472909699325,79.74729096993252,0.0,12449.586777036318,14.26,0.54,0.0,0.0,5.0,0.6449628755448891
344,1,train_0543,12408.916199596484,10567.358524934576,106.73585249345761,0.0,12515.652052089941,15.76,0.64,0.0,0.0,5.0,0.6449628755448891
345,1,train_0153,12141.460595244287,10386.894282756224,88.68942827562242,0.0,12230.15002351991,16.38,0.64,0.0,0.0,5.0,0.6449628755448891
346,1,train_0594,12023.219185127098,10520.776186581275,102.07761865812755,0.0,12125.296803785226,17.2,0.56,0.0,0.0,5.0,0.6449628755448891
347,1,train_0561,12395.577953750795,10512.87604805855,101.28760480585498,0.0,12496.86555855665,16.8,0.76,0.0,0.0,5.0,0.6449628755448891
348,1,train_0108,12516.484801281304,10578.33292529885,107.83329252988497,0.0,12624.31809381119,18.04,0.64,0.0,0.0,5.0,0.6449628755448891
349,1,train_0098,12647.68497109276,9794.527027376902,29.4527027376902,0.0,12677.13767383045,14.5,0.68,0.0,0.0,5.0,0.6449628755448891
350,1,train_0319,12311.051442636719,10824.463349740308,132.44633497403083,0.0,12443.49777761075,14.88,0.62,0.0,0.0,5.0,0.6449628755448891
351,1,train_0026,12168.14440943662,10121.373216171658,62.1373216171658,0.0,12230.281731053785,13.78,0.76,0.0,0.0,5.0,0.6449628755448891
352,1,train_0179,12350.840241826681,9987.650593564127,48.76505935641271,0.0,12399.605301183094,16.1,0.72,0.0,0.0,5.0,0.6449628755448891
353,1,train_0261,12317.850151791996,10628.30627698406,112.83062769840599,0.0,12430.680779490402,16.68,0.68,0.0,0.0,5.0,0.6449628755448891
354,1,train_0581,12307.716933368984,10314.981239669733,81.49812396697325,0.0,12389.215057335958,16.0,0.72,0.0,0.0,5.0,0.6449628755448891
355,1,train_0595,11832.159253852828,10279.978132950393,77.99781329503931,0.0,11910.157067147868,16.5,0.62,0.0,0.0,5.0,0.6449628755448891
356,1,train_0090,12295.69613867144,10322.857812901013,82.2857812901013,0.0,12377.981919961541,13.42,0.82,0.0,0.0,5.0,0.6449628755448891
357,1,train_0535,12208.012415971862,10365.974969321938,86.59749693219383,0.0,12294.609912904056,14.94,0.72,0.0,0.0,5.0,0.6449628755448891
358,1,train_0054,12388.780341693437,10296.877687785836,79.68776877858363,0.0,12468.46811047202,15.02,0.7,0.0,0.0,5.0,0.6449628755448891
359,1,train_0449,12488.024023536713,10451.982195007415,95.19821950074147,0.0,12583.222243037455,16.86,0.68,0.0,0.0,5.0,0.6449628755448891
360,1,train_0507,12579.895514472402,10338.784938774159,83.8784938774159,0.0,12663.774008349817,16.6,0.78,0.0,0.0,5.0,0.6449628755448891
361,1,train_0534,12725.565515841177,10494.39355347611,99.43935534761096,0.0,12825.004871188788,16.22,0.6,0.0,0.0,5.0,0.6449628755448891
362,1,train_0134,12882.636133633028,10658.435877111398,115.84358771113985,0.0,12998.479721344169,14.14,0.58,0.0,0.0,5.0,0.6449628755448891
363,1,train_0536,12624.406232589932,10325.351616799218,82.53516167992184,0.0,12706.941394269854,15.6,0.78,0.0,0.0,5.0,0.6449628755448891
364,1,train_0069,12118.230941455558,10452.651239589326,95.2651239589326,0.0,12213.49606541449,16.24,0.62,0.0,0.0,5.0,0.6449628755448891
365,1,train_0311,12362.653444993844,10208.860121412417,70.88601214124174,0.0,12433.539457135086,15.64,0.7,0.0,0.0,5.0,0.6449628755448891
366,1,train_0281,12772.597010959731,10609.380747251133,110.93807472511327,0.0,12883.535085684844,15.44,0.64,0.0,0.0,5.0,0.6449628755448891
367,1,train_0189,12353.279857798447,10150.651860707854,65.06518607078543,0.0,12418.345043869233,15.52,0.58,0.0,0.0,5.0,0.6449628755448891
368,1,train_0013,12126.173310589666,10566.397958091487,106.63979580914875,0.0,12232.813106398815,14.7,0.72,0.0,0.0,5.0,0.6449628755448891
369,1,train_0463,12122.207800475777,10194.127295161972,69.41272951619722,0.0,12191.620529991975,17.22,0.6,0.0,0.0,5.0,0.6449628755448891
370,1,train_0201,12089.156488893583,10635.880652598215,113.58806525982146,0.0,12202.744554153403,16.24,0.66,0.0,0.0,5.0,0.6449628755448891
371,1,train_0396,12414.084837418028,10193.918666952295,69.39186669522951,0.0,12483.476704113258,13.32,0.74,0.0,0.0,5.0,0.6449628755448891
372,1,train_0246,12162.683773291657,10396.208085104987,89.62080851049869,0.0,12252.304581802156,16.02,0.66,0.0,0.0,5.0,0.6449628755448891
373,1,train_0224,12256.690067797994,10448.097135320979,94.80971353209789,0.0,12351.499781330092,14.74,0.74,0.0,0.0,5.0,0.6449628755448891
374,1,train_0531,12295.133612513802,10849.724026672426,134.97240266724256,0.0,12430.106015181045,17.44,0.72,0.0,0.0,5.0,0.6449628755448891
375,1,train_0056,11717.628541780738,10245.129725518318,74.51297255183181,0.0,11792.141514332568,16.3,0.7,0.0,0.0,5.0,0.6449628755448891
376,1,train_0441,12420.595589374141,10301.21361318084,80.12136131808403,0.0,12500.716950692226,16.48,0.9,0.0,0.0,5.0,0.6449628755448891
377,1,train_0448,12357.382738295544,10345.475944346057,84.54759443460571,0.0,12441.93033273015,15.2,0.7,0.0,0.0,5.0,0.6449628755448891
378,1,train_0227,12623.602034101095,10611.459317848869,111.14593178488686,0.0,12734.747965885983,17.14,0.66,0.0,0.0,5.0,0.6449628755448891
379,1,train_0157,12532.441411864664,10337.464795103526,83.74647951035259,0.0,12616.187891375017,15.5,0.78,0.0,0.0,5.0,0.6449628755448891
380,1,train_0003,12115.477178219551,10101.394275878665,60.13942758786652,0.0,12175.616605807418,16.92,0.54,0.0,0.0,5.0,0.6449628755448891
381,1,train_0562,12513.435500864107,10456.824527665496,95.68245276654962,0.0,12609.117953630657,16.16,0.72,0.0,0.0,5.0,0.6449628755448891
382,1,train_0568,13134.470403107805,10525.318663064832,102.53186630648325,0.0,13237.002269414288,15.46,0.66,0.0,0.0,5.0,0.6449628755448891
383,1,train_0144,12720.503401808353,11295.58982337527,179.55898233752706,0.0,12900.06238414588,15.48,0.54,0.0,0.0,5.0,0.6449628755448891
384,1,train_0019,12794.185756681458,10354.158226998963,85.41582269989631,0.0,12879.601579381355,16.34,0.6,0.0,0.0,5.0,0.6449628755448891
385,1,train_0073,12456.12781404037,10152.380682135587,65.23806821355866,0.0,12521.36588225393,17.1,0.68,0.0,0.0,5.0,0.6449628755448891
386,1,train_0040,12368.961990673433,10880.46360187957,138.046360187957,0.0,12507.00835086139,17.72,0.68,0.0,0.0,5.0,0.6449628755448891
387,1,train_0498,12455.340975277712,10428.49580449369,92.84958044936903,0.0,12548.19055572708,15.32,0.64,0.0,0.0,5.0,0.6449628755448891
388,1,train_0535,12058.076627889339,10463.513515238774,96.35135152387738,0.0,12154.427979413216,14.72,0.74,0.0,0.0,5.0,0.6449628755448891
389,1,train_0091,12243.486626022685,10455.26197394585,95.52619739458497,0.0,12339.01282341727,15.62,0.7,0.0,0.0,5.0,0.6449628755448891
390,1,train_0448,12326.925601299987,10387.875453010913,88.78754530109127,0.0,12415.713146601078,14.98,0.6,0.0,0.0,5.0,0.6449628755448891
391,1,train_0107,12686.602721925297,10380.519388578352,88.0519388578352,0.0,12774.654660783133,17.34,0.52,0.0,0.0,5.0,0.6449628755448891
392,1,train_0220,12525.335128900308,10451.493624997447,95.14936249974471,0.0,12620.484491400053,16.74,0.68,0.0,0.0,5.0,0.6449628755448891
393,1,train_0359,12568.467500941475,10447.006017256934,94.70060172569339,0.0,12663.168102667169,15.62,0.86,0.0,0.0,5.0,0.6449628755448891
394,1,train_0431,12342.579258156864,10249.108826193893,74.91088261938931,0.0,12417.490140776254,16.56,0.78,0.0,0.0,5.0,0.6449628755448891
395,1,train_0524,12204.432561341142,10141.61663451571,64.16166345157107,0.0,12268.594224792712,17.32,0.68,0.0,0.0,5.0,0.6449628755448891
396,1,train_0026,12235.088572869061,10176.817004904608,67.68170049046076,0.0,12302.770273359522,15.14,0.76,0.0,0.0,5.0,0.6449628755448891
397,1,train_0117,12138.03414570156,9984.472189446356,48.447218944635644,0.0,12186.481364646195,16.28,0.62,0.0,0.0,5.0,0.6449628755448891
398,1,train_0168,12408.746009982373,10700.677097131536,120.06770971315365,0.0,12528.813719695527,17.1,0.7,0.0,0.0,5.0,0.6449628755448891
399,1,train_0186,12426.401828780003,10621.894555324327,112.18945553243266,0.0,12538.591284312435,14.9,0.84,0.0,0.0,5.0,0.6449628755448891
400,2,train_0598,12354.549164408238,10112.745890281278,61.27458902812778,0.0,12415.823753436365,13.98,0.58,0.0,0.0,5.0,0.6449628755448891
401,2,train_0466,12489.440133450227,10456.707221555112,95.67072215551126,0.0,12585.110855605739,17.26,0.74,0.0,0.0,5.0,0.6449628755448891
402,2,train_0192,12549.262363063237,10693.570291007882,119.35702910078817,0.0,12668.619392164026,17.32,0.66,0.0,0.0,5.0,0.6449628755448891
403,2,train_0583,12508.732270302848,10388.41530295672,88.84153029567206,0.0,12597.57380059852,15.12,0.64,0.0,0.0,5.0,0.6449628755448891
404,2,train_0299,12339.80929651283,10514.510099113388,101.45100991133877,0.0,12441.26030642417,13.78,0.56,0.0,0.0,5.0,0.6449628755448891
405,2,train_0300,12305.88140479416,10157.941283514347,65.79412835143467,0.0,12371.675533145593,16.02,0.58,0.0,0.0,5.0,0.6449628755448891
406,2,train_0260,12182.954782404215,10337.620464798343,83.76204647983432,0.0,12266.71682888405,15.86,0.58,0.0,0.0,5.0,0.6449628755448891
407,2,train_0086,12065.814413933665,9904.364376553796,40.436437655379635,0.0,12106.250851589046,16.66,0.7,0.0,0.0,5.0,0.6449628755448891
408,2,train_0560,12564.208950865028,10310.077170187858,81.00771701878585,0.0,12645.216667883813,16.74,0.64,0.0,0.0,5.0,0.6449628755448891
409,2,train_0008,12179.662807223573,10807.721099197308,130.7721099197308,0.0,12310.434917143304,14.22,0.76,0.0,0.0,5.0,0.6449628755448891
410,2,train_0104,12207.02038667495,10649.943468713773,114.99434687137727,0.0,12322.014733546328,18.14,0.62,0.0,0.0,5.0,0.6449628755448891
411,2,train_0137,12009.408816054198,10161.14364343517,66.11436434351708,0.0,12075.523180397715,16.28,0.64,0.0,0.0,5.0,0.6449628755448891
412,2,train_0167,12158.12528143737,10218.180100567366,71.81801005673661,0.0,12229.943291494106,15.86,0.64,0.0,0.0,5.0,0.6449628755448891
413,2,train_0079,12431.320160695532,10663.749059995982,116.3749059995982,0.0,12547.69506669513,16.64,0.68,0.0,0.0,5.0,0.6449628755448891
414,2,train_0010,12145.95986628775,10817.37135827844,131.73713582784404,0.0,12277.697002115594,16.4,0.68,0.0,0.0,5.0,0.6449628755448891
415,2,train_0406,12800.152602194998,10439.210348618662,93.92103486186625,0.0,12894.073637056863,17.3,0.7,0.0,0.0,5.0,0.6449628755448891
416,2,train_0581,12012.816206888314,10580.62695729781,108.06269572978108,0.0,12120.878902618095,16.94,0.74,0.0,0.0,5.0,0.6449628755448891
417,2,train_0073,12268.557844657895,10238.744565794515,73.87445657945155,0.0,12342.432301237346,16.26,0.7,0.0,0.0,5.0,0.6449628755448891
418,2,train_0177,12467.8150911945,10653.115052503847,115.31150525038466,0.0,12583.126596444885,14.22,0.68,0.0,0.0,5.0,0.6449628755448891
419,2,train_0303,12307.789814165866,10256.047414526174,75.60474145261742,0.0,12383.394555618484,16.32,0.8,0.0,0.0,5.0,0.6449628755448891
420,2,train_0556,12632.132103917236,10094.73430693366,59.473430693366026,0.0,12691.605534610602,14.28,0.8,0.0,0.0,5.0,0.6449628755448891
421,2,train_0416,12332.806622747234,10439.943743869862,93.99437438698624,0.0,12426.80099713422,18.04,0.64,0.0,0.0,5.0,0.6449628755448891
422,2,train_0459,12225.539894148445,10456.650035650055,95.66500356500546,0.0,12321.204897713451,17.62,0.66,0.0,0.0,5.0,0.6449628755448891
423,2,train_0348,12512.212651842792,10613.075683119427,111.30756831194267,0.0,12623.520220154734,16.16,0.64,0.0,0.0,5.0,0.6449628755448891
424,2,train_0250,12011.294453189425,10416.754578660937,91.67545786609372,0.0,12102.969911055518,15.34,0.74,0.0,0.0,5.0,0.6449628755448891
425,2,train_0119,12118.005638209126,10524.690078336498,102.46900783364981,0.0,12220.474646042776,16.04,0.68,0.0,0.0,5.0,0.6449628755448891
426,2,train_0518,12632.976986201722,10633.716594198633,113.37165941986332,0.0,12746.348645621585,15.2,0.56,0.0,0.0,5.0,0.6449628755448891
427,2,train_0482,12132.690234876716,9997.8996871595,49.789968715950096,0.0,12182.480203592666,14.68,0.62,0.0,0.0,5.0,0.6449628755448891
428,2,train_0015,12276.375565666087,10213.873864862973,71.38738648629733,0.0,12347.762952152385,14.62,0.68,0.0,0.0,5.0,0.6449628755448891
429,2,train_0429,12643.767397115193,10844.704498100382,134.4704498100382,0.0,12778.23784692523,15.52,0.62,0.0,0.0,5.0,0.6449628755448891
430,2,train_0050,12222.267688115622,10872.329722415849,137.23297224158486,0.0,12359.500660357207,16.62,0.68,0.0,0.0,5.0,0.6449628755448891
431,2,train_0443,13026.481601995194,10461.010641536128,96.1010641536128,0.0,13122.582666148806,15.4,0.62,0.0,0.0,5.0,0.6449628755448891
432,2,train_0495,12460.789895786802,10566.166618788997,106.61666187889969,0.0,12567.406557665701,18.24,0.64,0.0,0.0,5.0,0.6449628755448891
433,2,train_0078,12254.651196336104,10446.86430332172,94.68643033217195,0.0,12349.337626668277,15.22,0.64,0.0,0.0,5.0,0.6449628755448891
434,2,train_0260,12195.524617185845,10108.097523197484,60.80975231974844,0.0,12256.334369505594,16.14,0.68,0.0,0.0,5.0,0.6449628755448891
435,2,train_0074,12616.148618880485,10476.407554728343,97.64075547283429,0.0,12713.789374353319,16.98,0.66,0.0,0.0,5.0,0.6449628755448891
436,2,train_0340,12047.940572759768,10635.291639736974,113.52916397369737,0.0,12161.469736733465,17.68,0.76,0.0,0.0,5.0,0.6449628755448891
437,2,train_0556,12491.285890328418,10619.657483556148,111.96574835561478,0.0,12603.251638684033,13.7,0.58,0.0,0.0,5.0,0.6449628755448891
438,2,train_0048,12459.79408464346,10285.58910692342,78.55891069234204,0.0,12538.352995335801,15.44,0.62,0.0,0.0,5.0,0.6449628755448891
439,2,train_0238,12344.852418543727,10402.09441361318,90.20944136131803,0.0,12435.061859905045,15.64,0.64,0.0,0.0,5.0,0.6449628755448891
440,2,train_0583,12379.462237266529,10611.55690363257,111.15569036325707,0.0,12490.617927629786,15.1,0.52,0.0,0.0,5.0,0.6449628755448891
441,2,train_0180,12576.118056892008,10712.11519679743,121.21151967974293,0.0,12697.32957657175,16.44,0.78,0.0,0.0,5.0,0.6449628755448891
442,2,train_0079,12209.551498378481,10534.88179718223,103.48817971822301,0.0,12313.039678096704,15.16,0.66,0.0,0.0,5.0,0.6449628755448891
443,2,train_0293,12059.492808134199,10198.162671428137,69.81626714281374,0.0,12129.309075277013,16.32,0.8,0.0,0.0,5.0,0.6449628755448891
444,2,train_0305,12626.909934510175,10372.207200163873,87.22072001638736,0.0,12714.130654526562,15.16,0.66,0.0,0.0,5.0,0.6449628755448891
445,2,train_0397,12461.138435330085,9953.106075263877,45.310607526387685,0.0,12506.449042856473,16.02,0.66,0.0,0.0,5.0,0.6449628755448891
446,2,train_0188,12596.920398241056,10315.697997496209,81.56979974962087,0.0,12678.490197990677,15.56,0.7,0.0,0.0,5.0,0.6449628755448891
447,2,train_0573,12103.441235824896,10012.962373556065,51.296237355606536,0.0,12154.737473180503,15.36,0.64,0.0,0.0,5.0,0.6449628755448891
448,2,train_0312,12413.45695763017,10138.005639578265,63.80056395782649,0.0,12477.257521587995,16.7,0.6,0.0,0.0,5.0,0.6449628755448891
449,2,train_0171,12880.97575292164,10794.63441844842,129.46344184484207,0.0,13010.439194766483,15.38,0.64,0.0,0.0,5.0,0.6449628755448891
450,2,train_0576,12372.809542875806,10099.508965680465,59.95089656804649,0.0,12432.760439443853,14.24,0.64,0.0,0.0,5.0,0.6449628755448891
451,2,train_0554,12368.393807630542,10306.573919718734,80.65739197187341,0.0,12449.051199602416,13.92,0.78,0.0,0.0,5.0,0.6449628755448891
452,2,train_0299,12170.796888524772,10555.944428367664,105.5944428367664,0.0,12276.391331361538,14.74,0.76,0.0,0.0,5.0,0.6449628755448891
453,2,train_0014,12299.798999168808,10720.816697558394,122.08166975583936,0.0,12421.880668924648,16.98,0.72,0.0,0.0,5.0,0.6449628755448891
454,2,train_0358,12714.39982045011,10446.475090056216,94.64750900562159,0.0,12809.04732945573,15.98,0.58,0.0,0.0,5.0,0.6449628755448891
455,2,train_0333,12928.411815551446,10820.308532752557,132.03085327525568,0.0,13060.442668826701,15.76,0.68,0.0,0.0,5.0,0.6449628755448891
456,2,train_0088,12420.26402420575,10638.268767924304,113.82687679243045,0.0,12534.09090099818,17.36,0.6,0.0,0.0,5.0,0.6449628755448891
457,2,train_0380,12224.736841951122,10313.909100470992,81.39091004709917,0.0,12306.127751998221,17.8,0.7,0.0,0.0,5.0,0.6449628755448891
458,2,train_0504,12719.338323954957,10037.152597835717,53.715259783571675,0.0,12773.053583738529,15.32,0.62,0.0,0.0,5.0,0.6449628755448891
459,2,train_0063,12657.27742044402,10277.704309592744,77.77043095927439,0.0,12735.047851403293,13.96,0.58,0.0,0.0,5.0,0.6449628755448891
460,2,train_0433,12231.231229762263,10344.435803131648,84.44358031316479,0.0,12315.674810075428,16.38,0.58,0.0,0.0,5.0,0.6449628755448891
461,2,train_0084,12140.488719239569,10136.722989265349,63.672298926534864,0.0,12204.161018166104,17.08,0.7,0.0,0.0,5.0,0.6449628755448891
462,2,train_0449,12703.972279342783,10716.99716632235,121.69971663223497,0.0,12825.671995975017,16.54,0.64,0.0,0.0,5.0,0.6449628755448891
463,2,train_0251,12263.95370653286,10578.2211903026,107.82211903026001,0.0,12371.77582556312,15.7,0.7,0.0,0.0,5.0,0.6449628755448891
464,2,train_0003,12322.74844085548,10333.360216487441,83.33602164874411,0.0,12406.084462504223,17.26,0.72,0.0,0.0,5.0,0.6449628755448891
465,2,train_0579,12633.802294627687,10435.045900898203,93.50459008982034,0.0,12727.306884717507,15.58,0.68,0.0,0.0,5.0,0.6449628755448891
466,2,train_0099,12079.97681294733,10269.729100189383,76.97291001893828,0.0,12156.949722966268,17.66,0.66,0.0,0.0,5.0,0.6449628755448891
467,2,train_0357,12074.544892163896,10255.1969462889,75.51969462888992,0.0,12150.064586792787,14.08,0.76,0.0,0.0,5.0,0.6449628755448891
468,2,train_0108,12525.867282129857,10496.36130459188,99.63613045918792,0.0,12625.503412589045,19.66,0.66,0.0,0.0,5.0,0.6449628755448891
469,2,train_0559,12401.433625798745,10540.024311272988,104.00243112729878,0.0,12505.436056926044,17.32,0.68,0.0,0.0,5.0,0.6449628755448891
470,2,train_0442,12859.940504835764,10201.713089712324,70.17130897123243,0.0,12930.111813806996,15.2,0.66,0.0,0.0,5.0,0.6449628755448891
471,2,train_0482,12139.475692786997,10043.681019585001,54.36810195850012,0.0,12193.843794745497,14.9,0.62,0.0,0.0,5.0,0.6449628755448891
472,2,train_0259,12318.603842529217,10483.965684909803,98.39656849098029,0.0,12417.000411020197,15.52,0.66,0.0,0.0,5.0,0.6449628755448891
473,2,train_0280,12654.544512777502,10519.892202836465,101.9892202836465,0.0,12756.53373306115,16.04,0.66,0.0,0.0,5.0,0.6449628755448891
474,2,train_0380,12314.115083108984,10326.958970726815,82.69589707268152,0.0,12396.810980181664,17.86,0.64,0.0,0.0,5.0,0.6449628755448891
475,2,train_0470,12199.733001019737,10142.28405923077,64.22840592307693,0.0,12263.961406942813,14.66,0.64,0.0,0.0,5.0,0.6449628755448891
476,2,train_0508,12457.672572000722,10801.811541019542,130.18115410195423,0.0,12587.853726102676,15.4,0.5,0.0,0.0,5.0,0.6449628755448891
477,2,train_0010,12706.358668899158,10144.124591352029,64.41245913520288,0.0,12770.771128034361,16.72,0.7,0.0,0.0,5.0,0.6449628755448891
478,2,train_0398,11910.536466457575,10457.822775037028,95.7822775037028,0.0,12006.318743961278,14.56,0.64,0.0,0.0,5.0,0.6449628755448891
479,2,train_0065,12463.771625095134,10650.478358566346,115.04783585663463,0.0,12578.819460951769,14.48,0.76,0.0,0.0,5.0,0.6449628755448891
480,2,train_0172,12198.504301801668,10533.621301860705,103.3621301860705,0.0,12301.866431987739,17.92,0.7,0.0,0.0,5.0,0.6449628755448891
481,2,train_0497,12675.998566447131,10408.15853228169,90.815853228169,0.0,12766.8144196753,15.88,0.78,0.0,0.0,5.0,0.6449628755448891
482,2,train_0150,12397.745190091639,10217.442238797114,71.74422387971136,0.0,12469.48941397135,18.16,0.6,0.0,0.0,5.0,0.6449628755448891
483,2,train_0478,12351.436627983163,10478.76297987431,97.87629798743092,0.0,12449.312925970593,14.18,0.74,0.0,0.0,5.0,0.6449628755448891
484,2,train_0277,12451.26039482422,10383.971838364394,88.39718383643941,0.0,12539.657578660659,16.46,0.74,0.0,0.0,5.0,0.6449628755448891
485,2,train_0139,12415.447370755039,10042.769417829999,54.2769417829999,0.0,12469.72431253804,13.82,0.62,0.0,0.0,5.0,0.6449628755448891
486,2,train_0200,12533.414742000248,10587.072483735052,108.70724837350518,0.0,12642.121990373753,17.36,0.58,0.0,0.0,5.0,0.6449628755448891
487,2,train_0318,12141.268988932889,10525.250193995802,102.5250193995802,0.0,12243.794008332468,18.42,0.62,0.0,0.0,5.0,0.6449628755448891
488,2,train_0459,12383.856747726824,10264.711272815073,76.47112728150732,0.0,12460.327875008332,16.74,0.7,0.0,0.0,5.0,0.6449628755448891
489,2,train_0363,12517.150833158797,10767.014213871546,126.70142138715455,0.0,12643.852254545953,15.74,0.7,0.0,0.0,5.0,0.6449628755448891
490,2,train_0559,12589.147632418591,10303.80489772828,80.38048977282797,0.0,12669.52812219142,18.2,0.68,0.0,0.0,5.0,0.6449628755448891
491,2,train_0520,12118.802178717879,10114.053390900663,61.40533909006626,0.0,12180.207517807945,14.12,0.56,0.0,0.0,5.0,0.6449628755448891
492,2,train_0452,12349.524770049193,10253.531587027328,75.3531587027328,0.0,12424.877928751925,15.84,0.6,0.0,0.0,5.0,0.6449628755448891
493,2,train_0361,12742.890301260997,10667.346420262973,116.73464202629731,0.0,12859.624943287294,16.4,0.68,0.0,0.0,5.0,0.6449628755448891
494,2,train_0173,12643.567861742584,10739.488672499989,123.94886724999888,0.0,12767.516728992583,16.98,0.7,0.0,0.0,5.0,0.6449628755448891
495,2,train_0247,12409.806754990943,10706.502240809963,120.65022408099631,0.0,12530.45697907194,15.26,0.58,0.0,0.0,5.0,0.6449628755448891
496,2,train_0071,12511.292117316105,10420.597701683235,92.0597701683235,0.0,12603.351887484429,13.64,0.74,0.0,0.0,5.0,0.6449628755448891
497,2,train_0224,12388.331748267045,10533.075306747036,103.3075306747036,0.0,12491.639278941748,14.14,0.7,0.0,0.0,5.0,0.6449628755448891
498,2,train_0555,12027.727900130041,10190.393143517707,69.03931435177074,0.0,12096.767214481812,17.26,0.8,0.0,0.0,5.0,0.6449628755448891
499,2,train_0255,12126.086303565091,10312.297162004506,81.22971620045064,0.0,12207.316019765542,16.66,0.76,0.0,0.0,5.0,0.6449628755448891
500,2,train_0068,12488.967545719017,10663.89459707072,116.38945970707192,0.0,12605.357005426089,15.54,0.6,0.0,0.0,5.0,0.6449628755448891
501,2,train_0391,12183.498565315549,10537.688803545534,103.7688803545534,0.0,12287.267445670102,15.68,0.6,0.0,0.0,5.0,0.6449628755448891
502,2,train_0577,13142.611875149996,10527.717165132657,102.77171651326572,0.0,13245.383591663262,15.76,0.7,0.0,0.0,5.0,0.6449628755448891
503,2,train_0520,12015.001253120447,10344.320881583568,84.43208815835679,0.0,12099.433341278804,14.8,0.66,0.0,0.0,5.0,0.6449628755448891
504,2,train_0164,12582.216021614619,9823.604402341618,32.3604402341618,0.0,12614.576461848781,14.28,0.62,0.0,0.0,5.0,0.6449628755448891
505,2,train_0272,12539.491923056788,10631.405212641097,113.14052126410971,0.0,12652.632444320898,13.42,0.7,0.0,0.0,5.0,0.6449628755448891
506,2,train_0318,12551.850281076535,10184.976516176608,68.49765161766082,0.0,12620.347932694196,17.04,0.56,0.0,0.0,5.0,0.6449628755448891
507,2,train_0148,12676.855143039169,10429.797756603857,92.97977566038571,0.0,12769.834918699555,16.54,0.58,0.0,0.0,5.0,0.6449628755448891
508,2,train_0161,12409.175744721755,10516.042033832467,101.60420338324676,0.0,12510.779948105002,15.1,0.66,0.0,0.0,5.0,0.6449628755448891
509,2,train_0141,12633.915297597125,10646.912552224667,114.69125522246668,0.0,12748.60655281959,14.02,0.64,0.0,0.0,5.0,0.6449628755448891
510,2,train_0596,12415.563268326581,10458.601079554446,95.86010795544462,0.0,12511.423376282026,16.82,0.68,0.0,0.0,5.0,0.6449628755448891
511,2,train_0447,12402.20527934107,10732.153136184952,123.2153136184952,0.0,12525.420592959565,16.54,0.72,0.0,0.0,5.0,0.6449628755448891
512,2,train_0504,12619.208336449812,10241.295559054428,74.1295559054428,0.0,12693.337892355255,14.54,0.68,0.0,0.0,5.0,0.6449628755448891
513,2,train_0489,12005.89371268784,10126.734012775105,62.67340127751049,0.0,12068.567113965351,15.94,0.52,0.0,0.0,5.0,0.6449628755448891
514,2,train_0575,12753.117999959071,10929.195860943411,142.91958609434116,0.0,12896.037586053413,17.4,0.72,0.0,0.0,5.0,0.6449628755448891
515,2,train_0063,12727.12377046853,10368.603362014968,86.86033620149684,0.0,12813.984106670026,15.6,0.6,0.0,0.0,5.0,0.6449628755448891
516,2,train_0528,12666.208136909065,10341.067652907528,84.10676529075282,0.0,12750.314902199818,14.98,0.68,0.0,0.0,5.0,0.6449628755448891
517,2,train_0039,12723.139371643163,10492.201957761794,99.2201957761794,0.0,12822.359567419342,16.72,0.56,0.0,0.0,5.0,0.6449628755448891
518,2,train_0285,12377.792796049576,10013.450430415705,51.345043041570534,0.0,12429.137839091147,15.02,0.74,0.0,0.0,5.0,0.6449628755448891
519,2,train_0356,12508.452864414074,10854.297210709829,135.42972107098285,0.0,12643.882585485057,15.54,0.7,0.0,0.0,5.0,0.6449628755448891
520,2,train_0214,12167.614274819527,10153.859669409134,65.38596694091339,0.0,12233.000241760441,15.06,0.6,0.0,0.0,5.0,0.6449628755448891
521,2,train_0087,12527.403716874363,10578.41785411186,107.841785411186,0.0,12635.24550228555,14.96,0.7,0.0,0.0,5.0,0.6449628755448891
522,2,train_0115,12601.47077662243,10746.797717733994,124.67977177339945,0.0,12726.150548395828,15.6,0.68,0.0,0.0,5.0,0.6449628755448891
523,2,train_0494,12055.406893490657,10358.127359017502,85.81273590175024,0.0,12141.219629392408,17.42,0.66,0.0,0.0,5.0,0.6449628755448891
524,2,train_0191,12548.518631091043,10833.807748007664,133.38077480076646,0.0,12681.899405891809,15.56,0.68,0.0,0.0,5.0,0.6449628755448891
525,2,train_0186,12344.618721397612,10463.218384806925,96.32183848069253,0.0,12440.940559878305,13.96,0.64,0.0,0.0,5.0,0.6449628755448891
526,2,train_0554,12394.668443502356,10250.462645954007,75.04626459540069,0.0,12469.714708097757,13.5,0.62,0.0,0.0,5.0,0.6449628755448891
527,2,train_0086,11801.70369219761,9888.995190206682,38.89951902066824,0.0,11840.603211218278,17.74,0.58,0.0,0.0,5.0,0.6449628755448891
528,2,train_0549,12785.697286074104,10206.007082490883,70.60070824908836,0.0,12856.297994323193,15.88,0.7,0.0,0.0,5.0,0.6449628755448891
529,2,train_0552,12372.262586120614,10539.66927401162,103.96692740116197,0.0,12476.229513521776,15.48,0.62,0.0,0.0,5.0,0.6449628755448891
530,2,train_0359,12438.802671844387,10836.861713516751,133.68617135167514,0.0,12572.488843196063,15.72,0.74,0.0,0.0,5.0,0.6449628755448891
531,2,train_0099,12149.30225487884,10019.559235997709,51.955923599770905,0.0,12201.25817847861,16.98,0.62,0.0,0.0,5.0,0.6449628755448891
532,2,train_0093,11969.003729420088,10237.060265624907,73.70602656249066,0.0,12042.70975598258,17.6,0.66,0.0,0.0,5.0,0.6449628755448891
533,2,train_0170,11963.458237725301,10422.185211558784,92.21852115587845,0.0,12055.67675888118,17.9,0.76,0.0,0.0,5.0,0.6449628755448891
534,2,train_0346,13101.14311878006,10554.605562348515,105.46055623485154,0.0,13206.603675014912,15.38,0.68,0.0,0.0,5.0,0.6449628755448891
535,2,train_0092,12844.010550395622,10488.29856072299,98.82985607229894,0.0,12942.840406467922,16.14,0.54,0.0,0.0,5.0,0.6449628755448891
536,2,train_0273,12621.905116560029,10365.454802048182,86.54548020481816,0.0,12708.450596764847,16.68,0.68,0.0,0.0,5.0,0.6449628755448891
537,2,train_0069,12291.325365811375,10168.38966918682,66.83896691868195,0.0,12358.164332730057,16.32,0.7,0.0,0.0,5.0,0.6449628755448891
538,2,train_0324,12145.372780528003,10531.298454599946,103.12984545999461,0.0,12248.502625987998,14.04,0.5,0.0,0.0,5.0,0.6449628755448891
539,2,train_0012,12765.325277087455,10872.214074143201,137.22140741432014,0.0,12902.546684501775,14.98,0.7,0.0,0.0,5.0,0.6449628755448891
540,2,train_0425,12524.879502390206,11101.34126488051,160.13412648805098,0.0,12685.013628878256,14.9,0.6,0.0,0.0,5.0,0.6449628755448891
541,2,train_0033,12388.883339017435,10922.97394724006,142.29739472400598,0.0,12531.180733741441,15.98,0.74,0.0,0.0,5.0,0.6449628755448891
542,2,train_0116,12067.246713572802,10645.480375110272,114.54803751102719,0.0,12181.79475108383,16.72,0.74,0.0,0.0,5.0,0.6449628755448891
543,2,train_0104,12264.004684846126,10490.314801758244,99.03148017582444,0.0,12363.036165021951,17.9,0.54,0.0,0.0,5.0,0.6449628755448891
544,2,train_0498,12288.306247612847,10553.479708646175,105.3479708646175,0.0,12393.654218477464,14.48,0.7,0.0,0.0,5.0,0.6449628755448891
545,2,train_0032,12377.176571216994,10740.415533730207,124.04155337302073,0.0,12501.218124590016,17.64,0.62,0.0,0.0,5.0,0.6449628755448891
546,2,train_0257,12415.600973656135,10229.705804646155,72.97058046461552,0.0,12488.57155412075,15.02,0.74,0.0,0.0,5.0,0.6449628755448891
547,2,train_0354,12170.63479668817,10074.361467604216,57.43614676042162,0.0,12228.07094344859,13.42,0.7,0.0,0.0,5.0,0.6449628755448891
548,2,train_0309,12347.616361448097,10576.435918394165,107.64359183941652,0.0,12455.259953287514,15.24,0.56,0.0,0.0,5.0,0.6449628755448891
549,2,train_0408,12015.21838395653,10205.5318604487,70.55318604487002,0.0,12085.7715700014,14.26,0.7,0.0,0.0,5.0,0.6449628755448891
550,2,train_0481,12343.457395481,10146.515625613372,64.65156256133723,0.0,12408.108958042338,16.44,0.64,0.0,0.0,5.0,0.6449628755448891
551,2,train_0236,12161.874171217147,10573.666306378309,107.3666306378309,0.0,12269.240801854978,18.98,0.66,0.0,0.0,5.0,0.6449628755448891
552,2,train_0496,12458.372339483558,10117.823148378213,61.78231483782129,0.0,12520.154654321379,15.78,0.68,0.0,0.0,5.0,0.6449628755448891
553,2,train_0190,12659.418220874784,10742.099770168625,124.20997701686247,0.0,12783.628197891647,17.34,0.64,0.0,0.0,5.0,0.6449628755448891
554,2,train_0590,12596.575139230805,10210.027574105325,71.00275741053247,0.0,12667.577896641338,18.62,0.76,0.0,0.0,5.0,0.6449628755448891
555,2,train_0302,12559.70070661486,10779.415733306883,127.94157333068834,0.0,12687.642279945549,13.46,0.66,0.0,0.0,5.0,0.6449628755448891
556,2,train_0441,12491.977155498285,10605.65706306642,110.56570630664191,0.0,12602.542861804926,17.04,0.62,0.0,0.0,5.0,0.6449628755448891
557,2,train_0525,12413.04684959783,10374.864036217994,87.48640362179941,0.0,12500.533253219628,15.54,0.76,0.0,0.0,5.0,0.6449628755448891
558,2,train_0475,12306.247838470936,10046.578105354794,54.65781053547944,0.0,12360.905649006416,15.52,0.64,0.0,0.0,5.0,0.6449628755448891
559,2,train_0510,12843.817444081302,10505.327050031443,100.5327050031443,0.0,12944.350149084446,14.9,0.56,0.0,0.0,5.0,0.6449628755448891
560,2,train_0321,12380.587951353154,10503.42000899617,100.34200089961706,0.0,12480.92995225277,18.68,0.62,0.0,0.0,5.0,0.6449628755448891
561,2,train_0026,12122.77493982268,10032.352226030853,53.235222603085276,0.0,12176.010162425766,15.6,0.56,0.0,0.0,5.0,0.6449628755448891
562,2,train_0295,12183.423551211361,10520.216918425518,102.02169184255182,0.0,12285.445243053913,16.34,0.68,0.0,0.0,5.0,0.6449628755448891
563,2,train_0108,12356.940032460854,10555.517391201145,105.55173912011452,0.0,12462.491771580968,18.2,0.68,0.0,0.0,5.0,0.6449628755448891
564,2,train_0533,11900.537462360167,10103.212773224364,60.32127732243644,0.0,11960.858739682604,16.22,0.66,0.0,0.0,5.0,0.6449628755448891
565,2,train_0142,12295.59303140653,11115.23341212389,161.5233412123889,0.0,12457.116372618919,15.78,0.62,0.0,0.0,5.0,0.6449628755448891
566,2,train_0136,12212.117998029644,10492.076669450042,99.20766694500418,0.0,12311.325664974647,18.4,0.74,0.0,0.0,5.0,0.6449628755448891
567,2,train_0149,12402.47754295674,10508.60832872484,100.86083287248402,0.0,12503.338375829224,16.18,0.6,0.0,0.0,5.0,0.6449628755448891
568,2,train_0385,12793.112725230314,10715.026959372864,121.50269593728645,0.0,12914.6154211676,15.88,0.7,0.0,0.0,5.0,0.6449628755448891
569,2,train_0342,12274.666273706735,10514.325120141475,101.4325120141475,0.0,12376.098785720882,18.9,0.64,0.0,0.0,5.0,0.6449628755448891
570,2,train_0569,11986.072618535532,10223.88062892252,72.38806289225195,0.0,12058.460681427785,15.8,0.68,0.0,0.0,5.0,0.6449628755448891
571,2,train_0249,12425.896592973033,10725.847865481128,122.58478654811279,0.0,12548.481379521145,16.46,0.56,0.0,0.0,5.0,0.6449628755448891
572,2,train_0169,11992.864620817498,10191.860052483938,69.18600524839385,0.0,12062.050626065891,15.56,0.54,0.0,0.0,5.0,0.6449628755448891
573,2,train_0029,12269.23331059041,10282.8369663898,78.28369663897993,0.0,12347.517007229391,14.42,0.68,0.0,0.0,5.0,0.6449628755448891
574,2,train_0004,12503.628831281363,10408.741528083781,90.87415280837814,0.0,12594.50298408974,18.46,0.66,0.0,0.0,5.0,0.6449628755448891
575,2,train_0224,12513.15413994453,10254.915892109846,75.4915892109846,0.0,12588.645729155514,14.1,0.72,0.0,0.0,5.0,0.6449628755448891
576,2,train_0555,12227.027063260619,10122.724008610294,62.27240086102938,0.0,12289.299464121648,17.16,0.68,0.0,0.0,5.0,0.6449628755448891
577,2,train_0314,12374.022830742715,10210.255588669905,71.02555886699047,0.0,12445.048389609705,17.28,0.64,0.0,0.0,5.0,0.6449628755448891
578,2,train_0536,12403.4534156199,10545.661188409573,104.56611884095729,0.0,12508.019534460858,14.92,0.64,0.0,0.0,5.0,0.6449628755448891
579,2,train_0061,12274.338814144961,10465.304516093256,96.53045160932561,0.0,12370.869265754287,15.0,0.72,0.0,0.0,5.0,0.6449628755448891
580,2,train_0055,12481.178403417482,10222.480325307535,72.24803253075352,0.0,12553.426435948235,14.62,0.68,0.0,0.0,5.0,0.6449628755448891
581,2,train_0500,11919.960268205617,10423.233164347786,92.32331643477865,0.0,12012.283584640396,16.02,0.68,0.0,0.0,5.0,0.6449628755448891
582,2,train_0064,12445.283033290616,10630.471901624918,113.04719016249183,0.0,12558.330223453107,15.84,0.54,0.0,0.0,5.0,0.6449628755448891
583,2,train_0031,12182.516118174099,10352.574883504545,85.25748835045452,0.0,12267.773606524554,17.42,0.6,0.0,0.0,5.0,0.6449628755448891
584,2,train_0242,12742.28831034002,10659.332637636124,115.93326376361239,0.0,12858.221574103633,15.74,0.76,0.0,0.0,5.0,0.6449628755448891
585,2,train_0554,12336.335042393766,10290.546273996737,79.0546273996737,0.0,12415.38966979344,13.48,0.62,0.0,0.0,5.0,0.6449628755448891
586,2,train_0413,12895.296514330255,10804.163442046929,130.4163442046929,0.0,13025.71285853495,16.52,0.66,0.0,0.0,5.0,0.6449628755448891
587,2,train_0059,12364.686040822275,10710.104994537416,121.01049945374162,0.0,12485.696540276016,15.86,0.64,0.0,0.0,5.0,0.6449628755448891
588,2,train_0502,12364.040436990861,10486.082078754627,98.60820787546272,0.0,12462.648644866324,15.74,0.84,0.0,0.0,5.0,0.6449628755448891
589,2,train_0506,12267.246422143895,10321.556445323926,82.15564453239259,0.0,12349.402066676288,14.76,0.72,0.0,0.0,5.0,0.6449628755448891
590,2,train_0480,12827.188111215028,10365.544129071588,86.5544129071588,0.0,12913.742524122186,15.12,0.58,0.0,0.0,5.0,0.6449628755448891
591,2,train_0541,12645.377889481442,10451.890838619262,95.18908386192616,0.0,12740.566973343368,16.52,0.7,0.0,0.0,5.0,0.6449628755448891
592,2,train_0143,12528.737839549427,10757.95746825065,125.79574682506501,0.0,12654.533586374491,15.46,0.66,0.0,0.0,5.0,0.6449628755448891
593,2,train_0587,12262.049961566023,10323.66340025261,82.36634002526098,0.0,12344.416301591284,15.58,0.62,0.0,0.0,5.0,0.6449628755448891
594,2,train_0192,12516.688957973609,10729.669420480344,122.96694204803444,0.0,12639.655900021644,18.3,0.6,0.0,0.0,5.0,0.6449628755448891
595,2,train_0481,12431.317010724491,9967.312709855723,46.73127098557234,0.0,12478.048281710064,15.24,0.7,0.0,0.0,5.0,0.6449628755448891
596,2,train_0347,12328.673194575142,10223.15492412869,72.31549241286903,0.0,12400.98868698801,16.34,0.62,0.0,0.0,5.0,0.6449628755448891
597,2,train_0467,12866.279910380488,11088.517739093124,158.8517739093124,0.0,13025.131684289801,16.24,0.66,0.0,0.0,5.0,0.6449628755448891
598,2,train_0376,12358.016710573698,10178.456543114135,67.84565431141345,0.0,12425.862364885112,15.2,0.7,0.0,0.0,5.0,0.6449628755448891
599,2,train_0385,12486.302836620038,11055.6182858604,155.56182858604006,0.0,12641.864665206078,16.38,0.66,0.0,0.0,5.0,0.6449628755448891
600,2,train_0369,12391.755912053337,10462.483357425426,96.24833574254262,0.0,12488.00424779588,14.54,0.72,0.0,0.0,5.0,0.6449628755448891
601,2,train_0467,12960.466892080032,10798.747610429116,129.87476104291164,0.0,13090.341653122943,16.66,0.62,0.0,0.0,5.0,0.6449628755448891
602,2,train_0443,12818.246172079635,10636.804517055383,113.68045170553833,0.0,12931.926623785173,17.02,0.66,0.0,0.0,5.0,0.6449628755448891
603,2,train_0080,12991.066337016156,10610.934471294802,111.09344712948024,0.0,13102.159784145637,15.4,0.56,0.0,0.0,5.0,0.6449628755448891
604,2,train_0495,12611.99228726667,10506.42725642721,100.64272564272106,0.0,12712.635012909392,16.06,0.7,0.0,0.0,5.0,0.6449628755448891
605,2,train_0321,12580.394143385854,10227.863930277354,72.78639302773536,0.0,12653.18053641359,16.96,0.6,0.0,0.0,5.0,0.6449628755448891
606,2,train_0193,12547.674766487504,10295.365658744424,79.53656587444239,0.0,12627.211332361947,14.66,0.68,0.0,0.0,5.0,0.6449628755448891
607,2,train_0308,12351.804321353822,9986.5675518836,48.656755188359966,0.0,12400.461076542182,16.06,0.66,0.0,0.0,5.0,0.6449628755448891
608,3,train_0580,12627.049286147554,10848.277910350675,134.82779103506746,0.0,12761.877077182622,16.02,0.58,0.0,0.0,5.0,0.6449628755448891
609,3,train_0514,12566.916699597386,10225.003202496226,72.50032024962256,0.0,12639.41701984701,14.54,0.62,0.0,0.0,5.0,0.6449628755448891
610,3,train_0500,12338.462731383883,10148.098961317684,64.80989613176844,0.0,12403.272627515651,14.5,0.66,0.0,0.0,5.0,0.6449628755448891
611,3,train_0277,12442.723222191924,10482.145174997651,98.21451749976514,0.0,12540.93773969169,15.48,0.68,0.0,0.0,5.0,0.6449628755448891
612,3,train_0470,12237.892785720796,10102.932184410218,60.293218441021786,0.0,12298.186004161818,15.54,0.6,0.0,0.0,5.0,0.6449628755448891
613,3,train_0231,12602.184688692594,10303.36008652954,80.33600865295394,0.0,12682.520697345548,15.08,0.66,0.0,0.0,5.0,0.6449628755448891
614,3,train_0411,12773.483996905834,10602.352551308686,110.23525513086861,0.0,12883.719252036703,16.32,0.56,0.0,0.0,5.0,0.6449628755448891
615,3,train_0383,12313.791096568853,9943.204161670967,44.32041616709667,0.0,12358.11151273595,16.24,0.54,0.0,0.0,5.0,0.6449628755448891
616,3,train_0149,12181.977348148894,10789.636205079578,128.96362050795778,0.0,12310.94096865685,15.78,0.7,0.0,0.0,5.0,0.6449628755448891
617,3,train_0159,12092.14600325488,9783.65009704456,28.365009704455954,0.0,12120.511012959336,16.06,0.72,0.0,0.0,5.0,0.6449628755448891
618,3,train_0036,12124.470401756758,10457.11577195449,95.711577195449,0.0,12220.181978952207,15.4,0.62,0.0,0.0,5.0,0.6449628755448891
619,3,train_0083,12009.882658370661,10148.605570309071,64.86055703090715,0.0,12074.743215401568,14.68,0.68,0.0,0.0,5.0,0.6449628755448891
620,3,train_0260,12187.837065907086,10284.661626985268,78.46616269852676,0.0,12266.303228605613,18.6,0.78,0.0,0.0,5.0,0.6449628755448891
621,3,train_0286,12618.159494913285,10782.6424444408,128.26424444408005,0.0,12746.423739357366,15.14,0.56,0.0,0.0,5.0,0.6449628755448891
622,3,train_0099,12083.689365973316,10037.16490577746,53.71649057774594,0.0,12137.405856551062,18.76,0.64,0.0,0.0,5.0,0.6449628755448891
623,3,train_0250,12209.735115458749,10554.801502370865,105.48015023708649,0.0,12315.215265695835,17.94,0.7,0.0,0.0,5.0,0.6449628755448891
624,3,train_0362,11923.547261759544,10473.222550007473,97.32225500074729,0.0,12020.869516760291,16.88,0.72,0.0,0.0,5.0,0.6449628755448891
625,3,train_0139,12273.88427897423,10119.514395944767,61.95143959447669,0.0,12335.835718568707,13.58,0.66,0.0,0.0,5.0,0.6449628755448891
626,3,train_0202,12534.809062443823,10760.443919818128,126.04439198181281,0.0,12660.853454425636,16.14,0.74,0.0,0.0,5.0,0.6449628755448891
627,3,train_0220,12321.009064075426,10749.644200124341,124.96442001243413,0.0,12445.973484087861,17.3,0.6,0.0,0.0,5.0,0.6449628755448891
628,3,train_0303,11877.44891938775,10333.064277384055,83.30642773840555,0.0,11960.755347126156,16.58,0.76,0.0,0.0,5.0,0.6449628755448891
629,3,train_0219,12842.568806226842,10340.56946232062,84.056946232062,0.0,12926.625752458904,17.34,0.66,0.0,0.0,5.0,0.6449628755448891
630,3,train_0442,12334.408318452686,10860.240108687969,136.02401086879692,0.0,12470.432329321484,15.8,0.68,0.0,0.0,5.0,0.6449628755448891
631,3,train_0196,12189.46397328503,10524.411279105134,102.44112791051339,0.0,12291.905101195543,16.24,0.66,0.0,0.0,5.0,0.6449628755448891
632,3,train_0260,12408.556079012054,10205.00345397172,70.50034539717198,0.0,12479.056424409226,17.4,0.66,0.0,0.0,5.0,0.6449628755448891
633,3,train_0227,12708.507461327656,10543.889991970955,104.38899919709547,0.0,12812.896460524751,17.5,0.76,0.0,0.0,5.0,0.6449628755448891
634,3,train_0109,12513.01988374391,10489.149072809065,98.91490728090649,0.0,12611.934791024816,17.96,0.7,0.0,0.0,5.0,0.6449628755448891
635,3,train_0411,13159.679643338019,10297.433995831212,79.74339958312122,0.0,13239.42304292114,16.56,0.62,0.0,0.0,5.0,0.6449628755448891
636,3,train_0141,12449.396815251512,10787.609464147674,128.7609464147674,0.0,12578.15776166628,14.42,0.76,0.0,0.0,5.0,0.6449628755448891
637,3,train_0178,11916.448989599368,10525.683540062972,102.56835400629717,0.0,12019.017343605665,13.96,0.72,0.0,0.0,5.0,0.6449628755448891
638,3,train_0475,12079.534037515321,10286.822400216555,78.68224002165553,0.0,12158.216277536976,15.88,0.74,0.0,0.0,5.0,0.6449628755448891
639,3,train_0569,12223.115523593546,10306.995923278544,80.69959232785442,0.0,12303.8151159214,16.3,0.66,0.0,0.0,5.0,0.6449628755448891
640,3,train_0402,12354.468093687035,10745.279446030718,124.52794460307177,0.0,12478.996038290108,18.98,0.64,0.0,0.0,5.0,0.6449628755448891
641,3,train_0549,12697.662481578769,10251.27165892986,75.12716589298599,0.0,12772.789647471755,17.52,0.76,0.0,0.0,5.0,0.6449628755448891
642,3,train_0512,12268.406365265324,10364.14712655612,86.41471265561195,0.0,12354.821077920937,15.7,0.66,0.0,0.0,5.0,0.6449628755448891
643,3,train_0288,11786.861883625963,10193.026531329586,69.30265313295858,0.0,11856.16453675892,16.54,0.66,0.0,0.0,5.0,0.6449628755448891
644,3,train_0462,12585.150286873351,10453.53092881776,95.35309288177596,0.0,12680.503379755128,17.68,0.68,0.0,0.0,5.0,0.6449628755448891
645,3,train_0197,12511.753994195595,10661.57964240606,116.15796424060609,0.0,12627.911958436202,15.22,0.72,0.0,0.0,5.0,0.6449628755448891
646,3,train_0276,12119.84245544222,10340.909713159788,84.09097131597883,0.0,12203.933426758198,15.22,0.52,0.0,0.0,5.0,0.6449628755448891
647,3,train_0321,12360.493742499686,10305.606338713884,80.56063387138839,0.0,12441.054376371074,18.68,0.68,0.0,0.0,5.0,0.6449628755448891
648,3,train_0576,12162.882952142987,10494.070936395972,99.40709363959724,0.0,12262.290045782584,14.32,0.58,0.0,0.0,5.0,0.6449628755448891
649,3,train_0509,12085.758967166981,10241.507598089594,74.15075980895945,0.0,12159.90972697594,13.74,0.72,0.0,0.0,5.0,0.6449628755448891
650,3,train_0293,12206.56396924317,10104.622460804625,60.462246080462506,0.0,12267.026215323633,16.14,0.68,0.0,0.0,5.0,0.6449628755448891
651,3,train_0391,12207.06759710949,10578.112732177433,107.81127321774329,0.0,12314.878870327233,14.72,0.68,0.0,0.0,5.0,0.6449628755448891
652,3,train_0121,12234.378320956588,10234.971143659073,73.49711436590734,0.0,12307.875435322496,14.8,0.74,0.0,0.0,5.0,0.6449628755448891
653,3,train_0482,12085.256725919042,10187.331377853458,68.73313778534576,0.0,12153.989863704388,14.58,0.66,0.0,0.0,5.0,0.6449628755448891
654,3,train_0331,12145.911272125762,10585.461883258035,108.54618832580346,0.0,12254.457460451566,16.84,0.76,0.0,0.0,5.0,0.6449628755448891
655,3,train_0319,12393.235273816701,10600.911300773278,110.09113007732776,0.0,12503.326403894029,15.56,0.64,0.0,0.0,5.0,0.6449628755448891
656,3,train_0459,12197.650142870487,10580.314561777544,108.03145617775445,0.0,12305.681599048241,16.72,0.54,0.0,0.0,5.0,0.6449628755448891
657,3,train_0379,12986.103402473822,10919.074857475596,141.90748574755963,0.0,13128.01088822138,13.7,0.8,0.0,0.0,5.0,0.6449628755448891
658,3,train_0043,12279.38171408789,10318.338315715919,81.83383157159187,0.0,12361.215545659481,18.56,0.66,0.0,0.0,5.0,0.6449628755448891
659,3,train_0172,12445.59109509877,10165.490432305867,66.54904323058672,0.0,12512.140138329358,17.88,0.82,0.0,0.0,5.0,0.6449628755448891
660,3,train_0106,12785.309532289775,10697.43859651002,119.74385965100191,0.0,12905.053391940777,17.14,0.68,0.0,0.0,5.0,0.6449628755448891
661,3,train_0440,12650.313555287943,11205.185732271968,170.5185732271968,0.0,12820.83212851514,16.72,0.64,0.0,0.0,5.0,0.6449628755448891
662,3,train_0021,12649.041093134121,10698.724266796824,119.8724266796824,0.0,12768.913519813803,17.68,0.72,0.0,0.0,5.0,0.6449628755448891
663,3,train_0121,12279.38824350515,10231.499401739875,73.14994017398749,0.0,12352.538183679137,15.06,0.72,0.0,0.0,5.0,0.6449628755448891
664,3,train_0358,12373.70556965674,10389.761384947444,88.97613849474438,0.0,12462.681708151486,17.4,0.56,0.0,0.0,5.0,0.6449628755448891
665,3,train_0416,12263.097941293669,10318.195583538134,81.81955835381342,0.0,12344.917499647481,16.44,0.74,0.0,0.0,5.0,0.6449628755448891
666,3,train_0301,12507.809565941483,10779.669226982089,127.96692269820888,0.0,12635.776488639693,14.3,0.56,0.0,0.0,5.0,0.6449628755448891
667,3,train_0516,12669.751859874552,10542.824637800235,104.2824637800235,0.0,12774.034323654576,14.92,0.56,0.0,0.0,5.0,0.6449628755448891
668,3,train_0551,12215.549443696327,10097.343969043985,59.73439690439846,0.0,12275.283840600725,16.82,0.7,0.0,0.0,5.0,0.6449628755448891
669,3,train_0079,12396.08723726358,10363.42784991753,86.34278499175308,0.0,12482.430022255334,17.36,0.6,0.0,0.0,5.0,0.6449628755448891
670,3,train_0571,11977.199592843968,10611.27426967461,111.127426967461,0.0,12088.32701981143,15.4,0.74,0.0,0.0,5.0,0.6449628755448891
671,3,train_0368,12632.652754814184,10367.110915823283,86.71109158232831,0.0,12719.363846396513,13.32,0.7,0.0,0.0,5.0,0.6449628755448891
672,3,train_0381,12206.62436606136,10395.872893906657,89.58728939066569,0.0,12296.211655452025,14.52,0.66,0.0,0.0,5.0,0.6449628755448891
673,3,train_0057,12109.468990503236,10426.169862889477,92.61698628894774,0.0,12202.085976792183,16.02,0.72,0.0,0.0,5.0,0.6449628755448891
674,3,train_0373,12708.039798737644,10496.46838356679,99.64683835667893,0.0,12807.686637094323,17.82,0.64,0.0,0.0,5.0,0.6449628755448891
675,3,train_0435,12282.365792577424,10082.102174796106,58.210217479610584,0.0,12340.576010057035,16.64,0.54,0.0,0.0,5.0,0.6449628755448891
676,3,train_0348,12610.090264275297,10394.87401024034,89.48740102403409,0.0,12699.577665299332,16.2,0.74,0.0,0.0,5.0,0.6449628755448891
677,3,train_0050,12530.620574129533,10054.830881272865,55.483088127286464,0.0,12586.103662256819,16.28,0.74,0.0,0.0,5.0,0.6449628755448891
678,3,train_0313,12533.218615363123,10260.44208483364,76.04420848336395,0.0,12609.262823846486,16.26,0.76,0.0,0.0,5.0,0.6449628755448891
679,3,train_0561,12507.724099817153,10520.663304707741,102.06633047077412,0.0,12609.790430287927,16.7,0.78,0.0,0.0,5.0,0.6449628755448891
680,3,train_0434,12481.402688438842,10919.683348555973,141.96833485559728,0.0,12623.37102329444,15.74,0.7,0.0,0.0,5.0,0.6449628755448891
681,3,train_0082,12643.098224406927,10678.613933925295,117.86139339252951,0.0,12760.959617799457,15.0,0.68,0.0,0.0,5.0,0.6449628755448891
682,3,train_0575,12932.726949019656,10194.098423758782,69.40984237587818,0.0,13002.136791395535,15.96,0.58,0.0,0.0,5.0,0.6449628755448891
683,3,train_0575,12624.971485537279,10647.257448049113,114.7257448049113,0.0,12739.69723034219,15.74,0.7,0.0,0.0,5.0,0.6449628755448891
684,3,train_0101,12511.398713861483,10180.571853583842,68.05718535838423,0.0,12579.455899219867,18.18,0.76,0.0,0.0,5.0,0.6449628755448891
685,3,train_0480,12537.806088856705,10524.261186040376,102.42611860403758,0.0,12640.232207460744,14.64,0.6,0.0,0.0,5.0,0.6449628755448891
686,3,train_0244,12276.470485493726,10567.870439171433,106.78704391714328,0.0,12383.25752941087,14.82,0.7,0.0,0.0,5.0,0.6449628755448891
687,3,train_0356,12292.535062644578,10629.221277771212,112.9221277771212,0.0,12405.4571904217,14.16,0.72,0.0,0.0,5.0,0.6449628755448891
688,3,train_0267,12410.13868622509,10141.107294064897,64.11072940648974,0.0,12474.249415631579,16.56,0.68,0.0,0.0,5.0,0.6449628755448891
689,3,train_0469,12506.214324495126,10674.928185262885,117.49281852628847,0.0,12623.707143021415,15.44,0.64,0.0,0.0,5.0,0.6449628755448891
690,3,train_0597,12600.167452925587,10038.9611121213,53.89611121213002,0.0,12654.063564137718,16.94,0.7,0.0,0.0,5.0,0.6449628755448891
691,3,train_0477,12269.662790684215,10136.276308005808,63.627630800580846,0.0,12333.290421484795,12.46,0.66,0.0,0.0,5.0,0.6449628755448891
692,3,train_0558,12540.384202231744,10959.073308455885,145.90733084558852,0.0,12686.291533077332,15.26,0.66,0.0,0.0,5.0,0.6449628755448891
693,3,train_0567,12786.134999103346,11398.278775127386,189.82787751273864,0.0,12975.962876616084,15.88,0.7,0.0,0.0,5.0,0.6449628755448891
694,3,train_0054,12418.150617883013,10235.59946930924,73.55994693092399,0.0,12491.710564813937,16.14,0.62,0.0,0.0,5.0,0.6449628755448891
695,3,train_0152,12110.235929725715,10748.29747034187,124.82974703418695,0.0,12235.065676759903,15.22,0.6,0.0,0.0,5.0,0.6449628755448891
696,3,train_0433,12375.524426193515,10267.667074323646,76.76670743236464,0.0,12452.29113362588,16.42,0.56,0.0,0.0,5.0,0.6449628755448891
697,3,train_0354,11878.683153680311,10174.232189027376,67.42321890273762,0.0,11946.106372583048,15.78,0.72,0.0,0.0,5.0,0.6449628755448891
698,3,train_0030,12356.52067366436,9964.029044604373,46.40290446043728,0.0,12402.923578124797,17.32,0.76,0.0,0.0,5.0,0.6449628755448891
699,3,train_0057,12218.93772075196,10223.572432608209,72.35724326082091,0.0,12291.29496401278,15.48,0.72,0.0,0.0,5.0,0.6449628755448891
700,3,train_0312,12114.146158833035,10360.015046476296,86.00150464762956,0.0,12200.147663480664,15.16,0.58,0.0,0.0,5.0,0.6449628755448891
701,3,train_0369,12224.356951399626,10375.109771237572,87.51097712375723,0.0,12311.867928523383,15.44,0.72,0.0,0.0,5.0,0.6449628755448891
702,3,train_0100,11933.59906487736,10054.401066401668,55.44010664016678,0.0,11989.039171517526,15.72,0.64,0.0,0.0,5.0,0.6449628755448891
703,3,train_0102,12233.412920573282,10691.824509876657,119.18245098766566,0.0,12352.595371560948,13.96,0.66,0.0,0.0,5.0,0.6449628755448891
704,3,train_0077,12121.670950339503,10505.009542593925,100.50095425939253,0.0,12222.171904598896,15.42,0.56,0.0,0.0,5.0,0.6449628755448891
705,3,train_0338,12391.919687287591,10382.604528474429,88.26045284744288,0.0,12480.180140135033,15.76,0.62,0.0,0.0,5.0,0.6449628755448891
706,3,train_0004,12679.530449422937,10287.135326386917,78.71353263869169,0.0,12758.24398206163,16.92,0.66,0.0,0.0,5.0,0.6449628755448891
707,3,train_0343,13022.986037411278,11071.472730474452,157.1472730474452,0.0,13180.133310458723,17.92,0.82,0.0,0.0,5.0,0.6449628755448891
708,3,train_0285,12401.716188000008,10358.051425393161,85.80514253931615,0.0,12487.521330539324,15.3,0.54,0.0,0.0,5.0,0.6449628755448891
709,3,train_0279,12551.895689659725,10639.795159918856,113.97951599188565,0.0,12665.87520565161,17.62,0.62,0.0,0.0,5.0,0.6449628755448891
710,3,train_0407,12513.425856067572,10504.027154433683,100.4027154433683,0.0,12613.82857151094,16.4,0.64,0.0,0.0,5.0,0.6449628755448891
711,3,train_0313,12860.920382337848,10074.62090929117,57.46209092911704,0.0,12918.382473266965,16.06,0.76,0.0,0.0,5.0,0.6449628755448891
712,3,train_0436,12350.206298659838,10808.467389639274,130.84673896392744,0.0,12481.053037623766,17.14,0.66,0.0,0.0,5.0,0.6449628755448891
713,3,train_0458,12427.527444875326,10879.163875253122,137.91638752531216,0.0,12565.443832400639,13.28,0.66,0.0,0.0,5.0,0.6449628755448891
714,3,train_0552,12337.824347393107,10243.828809170245,74.38288091702452,0.0,12412.207228310132,14.86,0.62,0.0,0.0,5.0,0.6449628755448891
715,3,train_0479,12723.266827234747,10718.707568127988,121.87075681279876,0.0,12845.137584047547,17.28,0.66,0.0,0.0,5.0,0.6449628755448891
716,3,train_0310,12090.818581479118,10114.54781517046,61.45478151704592,0.0,12152.273362996164,13.5,0.76,0.0,0.0,5.0,0.6449628755448891
717,3,train_0295,11985.697583129642,10604.018813872117,110.40188138721169,0.0,12096.099464516854,17.36,0.72,0.0,0.0,5.0,0.6449628755448891
718,3,train_0141,12792.628001897727,10447.365417383811,94.73654173838113,0.0,12887.364543636108,14.06,0.68,0.0,0.0,5.0,0.6449628755448891
719,3,train_0359,12505.844778370978,10624.785913270964,112.47859132709637,0.0,12618.323369698075,15.82,0.76,0.0,0.0,5.0,0.6449628755448891
720,3,train_0083,12185.698583293883,10215.743697400765,71.5743697400765,0.0,12257.272953033958,16.12,0.66,0.0,0.0,5.0,0.6449628755448891
721,3,train_0558,12620.388073219143,10816.492213190348,131.64922131903478,0.0,12752.037294538177,16.24,0.74,0.0,0.0,5.0,0.6449628755448891
722,3,train_0507,12539.8115208645,10412.606284230958,91.26062842309585,0.0,12631.072149287595,15.02,0.62,0.0,0.0,5.0,0.6449628755448891
723,3,train_0071,12559.119295295142,10291.492841136173,79.14928411361726,0.0,12638.26857940876,15.28,0.74,0.0,0.0,5.0,0.6449628755448891
724,3,train_0471,12324.563912550751,10496.099469422576,99.60994694225757,0.0,12424.173859493008,14.86,0.76,0.0,0.0,5.0,0.6449628755448891
725,3,train_0070,12013.220917755834,10186.036384949604,68.60363849496044,0.0,12081.824556250795,16.26,0.72,0.0,0.0,5.0,0.6449628755448891
726,3,train_0432,12366.79940829736,10181.690154251655,68.16901542516553,0.0,12434.968423722526,14.1,0.78,0.0,0.0,5.0,0.6449628755448891
727,3,train_0052,12779.107833045542,10368.223981836665,86.82239818366652,0.0,12865.93023122921,15.84,0.66,0.0,0.0,5.0,0.6449628755448891
728,3,train_0292,12484.669922404613,10455.767200742592,95.57672007425919,0.0,12580.246642478873,17.76,0.7,0.0,0.0,5.0,0.6449628755448891
729,3,train_0394,12342.294786734716,10683.753968762616,118.37539687626159,0.0,12460.670183610977,15.46,0.62,0.0,0.0,5.0,0.6449628755448891
730,3,train_0437,11378.764751563202,9672.210064873872,17.22100648738724,0.0,11395.985758050589,16.18,0.6,0.0,0.0,5.0,0.6449628755448891
731,3,train_0251,12305.770314267842,10552.771677433393,105.2771677433393,0.0,12411.047482011181,13.88,0.62,0.0,0.0,5.0,0.6449628755448891
732,3,train_0552,12293.506186425691,10567.463739413553,106.74637394135534,0.0,12400.252560367047,13.52,0.74,0.0,0.0,5.0,0.6449628755448891
733,3,train_0464,12446.726118947558,10097.190075141572,59.71900751415724,0.0,12506.445126461715,16.9,0.62,0.0,0.0,5.0,0.6449628755448891
734,3,train_0124,12564.122444083237,10483.05211372424,98.30521137242395,0.0,12662.427655455662,18.84,0.64,0.0,0.0,5.0,0.6449628755448891
735,3,train_0402,12366.068109859065,10607.464411066238,110.74644110662376,0.0,12476.814550965688,17.94,0.7,0.0,0.0,5.0,0.6449628755448891
736,3,train_0438,12290.416673897023,10123.945544101123,62.39455441011233,0.0,12352.811228307135,16.92,0.62,0.0,0.0,5.0,0.6449628755448891
737,3,train_0200,12603.539169685147,10208.181396908112,70.81813969081122,0.0,12674.357309375959,16.58,0.68,0.0,0.0,5.0,0.6449628755448891
738,3,train_0442,12470.796972434839,10640.502492068936,114.05024920689357,0.0,12584.847221641732,13.96,0.8,0.0,0.0,5.0,0.6449628755448891
739,3,train_0539,12179.795106964571,10193.161041267367,69.31610412673672,0.0,12249.111211091309,14.64,0.58,0.0,0.0,5.0,0.6449628755448891
740,3,train_0490,12403.108591113549,10169.065264274623,66.90652642746227,0.0,12470.01511754101,14.58,0.56,0.0,0.0,5.0,0.6449628755448891
741,3,train_0457,12359.935541113007,10509.634672857363,100.96346728573627,0.0,12460.899008398743,16.04,0.62,0.0,0.0,5.0,0.6449628755448891
742,3,train_0380,11992.05870332333,10240.722237230038,74.07222372300384,0.0,12066.130927046333,16.44,0.72,0.0,0.0,5.0,0.6449628755448891
743,3,train_0162,11721.565343005524,10016.016361112579,51.6016361112579,0.0,11773.166979116782,18.18,0.7,0.0,0.0,5.0,0.6449628755448891
744,3,train_0477,11915.521681329708,10228.823120104204,72.88231201042036,0.0,11988.40399334013,13.16,0.72,0.0,0.0,5.0,0.6449628755448891
745,3,train_0218,12782.90911363001,10508.381393201847,100.83813932018475,0.0,12883.747252950196,15.32,0.78,0.0,0.0,5.0,0.6449628755448891
746,3,train_0319,12593.83803634518,10630.324276329857,113.03242763298567,0.0,12706.870463978164,16.16,0.62,0.0,0.0,5.0,0.6449628755448891
747,3,train_0188,12177.57712011675,10568.7271656685,106.87271656685007,0.0,12284.4498366836,14.26,0.74,0.0,0.0,5.0,0.6449628755448891
748,3,train_0187,12245.26510746301,10276.306481304555,77.63064813045548,0.0,12322.895755593465,13.54,0.66,0.0,0.0,5.0,0.6449628755448891
749,3,train_0094,11929.474715356775,9973.026953654466,47.30269536544657,0.0,11976.777410722221,16.56,0.7,0.0,0.0,5.0,0.6449628755448891
750,3,train_0576,12162.43711318009,10411.018758638602,91.10187586386019,0.0,12253.538989043951,14.64,0.7,0.0,0.0,5.0,0.6449628755448891
751,3,train_0088,12747.187543765598,10247.274769515836,74.7274769515836,0.0,12821.915020717182,16.28,0.7,0.0,0.0,5.0,0.6449628755448891
752,3,train_0051,12586.327792063987,10382.171361743094,88.21713617430942,0.0,12674.544928238296,16.9,0.72,0.0,0.0,5.0,0.6449628755448891
753,3,train_0561,12374.85135412525,10586.146034087245,108.61460340872455,0.0,12483.465957533976,17.36,0.62,0.0,0.0,5.0,0.6449628755448891
754,3,train_0333,12659.455023240233,10566.120235523022,106.61202355230216,0.0,12766.067046792534,15.8,0.68,0.0,0.0,5.0,0.6449628755448891
755,3,train_0262,12631.199535061709,10501.334760414695,100.13347604146948,0.0,12731.33301110318,15.7,0.6,0.0,0.0,5.0,0.6449628755448891
756,3,train_0442,12508.308131686317,10607.876878359228,110.78768783592278,0.0,12619.09581952224,14.04,0.74,0.0,0.0,5.0,0.6449628755448891
757,3,train_0229,12580.603744119515,10896.967534135852,139.69675341358524,0.0,12720.3004975331,14.72,0.64,0.0,0.0,5.0,0.6449628755448891
758,3,train_0076,12437.314637985884,10282.148711672828,78.21487116728277,0.0,12515.529509153168,16.1,0.72,0.0,0.0,5.0,0.6449628755448891
759,3,train_0437,11607.977894252408,9711.769755008569,21.176975500856862,0.0,11629.154869753265,14.4,0.7,0.0,0.0,5.0,0.6449628755448891
760,3,train_0105,12560.027232515402,10197.665289321434,69.76652893214342,0.0,12629.793761447545,14.14,0.78,0.0,0.0,5.0,0.6449628755448891
761,3,train_0331,12890.208330454507,9865.083526025084,36.508352602508424,0.0,12926.716683057015,16.58,0.54,0.0,0.0,5.0,0.6449628755448891
762,3,train_0569,12349.840721084689,10097.878691569267,59.78786915692672,0.0,12409.628590241617,15.84,0.62,0.0,0.0,5.0,0.6449628755448891
763,3,train_0561,12639.611977524626,10415.479611457653,91.5479611457653,0.0,12731.159938670391,18.72,0.68,0.0,0.0,5.0,0.6449628755448891
764,3,train_0216,12081.94714394782,10354.00043600651,85.40004360065105,0.0,12167.347187548472,17.72,0.76,0.0,0.0,5.0,0.6449628755448891
765,3,train_0468,12068.818935379137,10259.997639222294,75.99976392222943,0.0,12144.818699301366,16.36,0.72,0.0,0.0,5.0,0.6449628755448891
766,3,train_0367,12365.674274115383,10270.477674000802,77.0477674000802,0.0,12442.722041515462,14.38,0.68,0.0,0.0,5.0,0.6449628755448891
767,3,train_0287,12569.414364155578,10870.724260748111,137.07242607481112,0.0,12706.486790230389,16.56,0.64,0.0,0.0,5.0,0.6449628755448891
768,3,train_0083,11998.34190425436,10323.34117381308,82.33411738130799,0.0,12080.676021635667,15.06,0.7,0.0,0.0,5.0,0.6449628755448891
769,3,train_0225,12245.316388944544,10544.185987928442,104.41859879284421,0.0,12349.734987737389,16.44,0.66,0.0,0.0,5.0,0.6449628755448891
770,3,train_0391,12223.977604866552,10385.062502703633,88.50625027036331,0.0,12312.483855136916,15.24,0.68,0.0,0.0,5.0,0.6449628755448891
771,3,train_0591,12460.52504719837,10799.24645852378,129.92464585237795,0.0,12590.449693050748,17.48,0.74,0.0,0.0,5.0,0.6449628755448891
772,3,train_0002,12432.629959904269,10228.150196320743,72.8150196320743,0.0,12505.444979536343,13.88,0.6,0.0,0.0,5.0,0.6449628755448891
773,3,train_0430,12329.73708501905,10172.6085403851,67.26085403850993,0.0,12396.997939057559,13.18,0.74,0.0,0.0,5.0,0.6449628755448891
774,3,train_0507,12704.462728726174,10247.308117129582,74.73081171295817,0.0,12779.193540439132,16.98,0.72,0.0,0.0,5.0,0.6449628755448891
775,3,train_0570,12348.05741884492,10145.117245405592,64.51172454055923,0.0,12412.56914338548,13.86,0.76,0.0,0.0,5.0,0.6449628755448891
776,3,train_0254,12335.567144141438,10585.105214475796,108.5105214475796,0.0,12444.077665589017,14.72,0.52,0.0,0.0,5.0,0.6449628755448891
777,3,train_0071,12439.369045713389,10778.484248834906,127.8484248834906,0.0,12567.21747059688,15.28,0.62,0.0,0.0,5.0,0.6449628755448891
778,3,train_0162,11939.21035498315,10109.395299517179,60.93952995171785,0.0,12000.149884934868,16.44,0.68,0.0,0.0,5.0,0.6449628755448891
779,3,train_0510,12713.943828816258,10572.755456773732,107.27554567737316,0.0,12821.219374493632,15.78,0.72,0.0,0.0,5.0,0.6449628755448891
780,3,train_0526,12276.72444381035,10749.783815644525,124.9783815644525,0.0,12401.702825374803,16.32,0.7,0.0,0.0,5.0,0.6449628755448891
781,3,train_0382,12714.011542356391,10640.58506556358,114.05850655635805,0.0,12828.070048912748,16.0,0.74,0.0,0.0,5.0,0.6449628755448891
782,3,train_0073,12344.593981183498,10236.490380968931,73.64903809689314,0.0,12418.243019280391,15.9,0.6,0.0,0.0,5.0,0.6449628755448891
783,3,train_0073,12296.036148540847,10177.869741628714,67.78697416287142,0.0,12363.823122703718,15.22,0.6,0.0,0.0,5.0,0.6449628755448891
784,3,train_0286,12448.999260207484,10904.365102185588,140.43651021855877,0.0,12589.435770426042,14.4,0.6,0.0,0.0,5.0,0.6449628755448891
785,3,train_0352,11804.487317227278,10387.504438865679,88.7504438865679,0.0,11893.237761113845,16.48,0.74,0.0,0.0,5.0,0.6449628755448891
786,3,train_0019,12670.654732142952,10623.08564518514,112.30856451851396,0.0,12782.963296661466,15.36,0.66,0.0,0.0,5.0,0.6449628755448891
787,3,train_0411,13165.541701074137,10642.737662266934,114.27376622669345,0.0,13279.81546730083,14.48,0.68,0.0,0.0,5.0,0.6449628755448891
788,3,train_0326,12216.195135023198,10060.073267933458,56.00732679334578,0.0,12272.202461816543,15.54,0.64,0.0,0.0,5.0,0.6449628755448891
789,3,train_0007,13116.31621896777,11307.77097452935,180.77709745293507,0.0,13297.093316420705,13.78,0.68,0.0,0.0,5.0,0.6449628755448891
790,3,train_0057,11877.119995846317,10197.633362495711,69.76333624957115,0.0,11946.883332095887,14.18,0.68,0.0,0.0,5.0,0.6449628755448891
791,3,train_0272,12577.195817778851,10531.195957099371,103.11959570993713,0.0,12680.315413488788,14.58,0.68,0.0,0.0,5.0,0.6449628755448891
792,3,train_0433,12350.957674254107,10465.42982889324,96.54298288932405,0.0,12447.500657143431,15.98,0.64,0.0,0.0,5.0,0.6449628755448891
793,3,train_0495,12570.119978589,10500.304459261435,100.03044592614351,0.0,12670.150424515145,15.6,0.7,0.0,0.0,5.0,0.6449628755448891
794,3,train_0258,12538.669876272883,10802.573488513332,130.25734885133315,0.0,12668.927225124216,15.84,0.68,0.0,0.0,5.0,0.6449628755448891
795,3,train_0177,12458.908621896928,10536.589914009837,103.65899140098372,0.0,12562.567613297912,14.26,0.7,0.0,0.0,5.0,0.6449628755448891
796,3,train_0580,12716.113730899615,10727.53823169347,122.75382316934702,0.0,12838.867554068962,16.72,0.68,0.0,0.0,5.0,0.6449628755448891
797,3,train_0275,12316.01867260614,10393.484014576376,89.34840145763756,0.0,12405.367074063777,15.5,0.8,0.0,0.0,5.0,0.6449628755448891
798,3,train_0189,12314.105708866238,10641.927783853696,114.19277838536965,0.0,12428.298487251608,16.16,0.7,0.0,0.0,5.0,0.6449628755448891
799,3,train_0265,12393.857526604057,10393.301907017936,89.33019070179363,0.0,12483.187717305851,15.04,0.72,0.0,0.0,5.0,0.6449628755448891
800,3,train_0007,13129.637067080308,10812.40246959867,131.240246959867,0.0,13260.877314040175,15.96,0.72,0.0,0.0,5.0,0.6449628755448891
801,3,train_0181,11271.659086669566,9925.54657486926,42.55465748692605,0.0,11314.213744156492,14.94,0.66,0.0,0.0,5.0,0.6449628755448891
802,3,train_0309,12401.53102855894,10363.978312655494,86.3978312655494,0.0,12487.92885982449,14.32,0.84,0.0,0.0,5.0,0.6449628755448891
803,3,train_0551,11998.861047128412,10251.045434469228,75.1045434469228,0.0,12073.965590575335,16.96,0.76,0.0,0.0,5.0,0.6449628755448891
804,3,train_0442,12620.178861387198,10365.393952274408,86.53939522744076,0.0,12706.718256614638,14.92,0.72,0.0,0.0,5.0,0.6449628755448891
805,3,train_0468,12102.56993231141,10284.765571530823,78.4765571530823,0.0,12181.046489464492,16.06,0.64,0.0,0.0,5.0,0.6449628755448891
806,3,train_0326,12330.985692617385,9904.127146960467,40.41271469604672,0.0,12371.398407313432,15.72,0.56,0.0,0.0,5.0,0.6449628755448891
807,3,train_0066,12456.179373894704,10305.780580194914,80.57805801949144,0.0,12536.757431914195,17.56,0.72,0.0,0.0,5.0,0.6449628755448891
808,3,train_0234,12431.903515749535,10261.525295590827,76.15252955908272,0.0,12508.056045308618,14.96,0.52,0.0,0.0,5.0,0.6449628755448891
809,3,train_0598,12204.897114186058,10217.066841355303,71.70668413553031,0.0,12276.603798321588,15.28,0.56,0.0,0.0,5.0,0.6449628755448891
810,3,train_0026,12090.00186868033,10001.176747527918,50.11767475279176,0.0,12140.119543433122,16.3,0.7,0.0,0.0,5.0,0.6449628755448891
811,3,train_0527,12244.093627412003,10477.299741009387,97.72997410093868,0.0,12341.823601512942,14.68,0.66,0.0,0.0,5.0,0.6449628755448891
812,3,train_0410,12623.544988632559,10805.382112723464,130.53821127234642,0.0,12754.083199904904,18.4,0.62,0.0,0.0,5.0,0.6449628755448891
813,3,train_0170,11999.300902079081,10344.229679718606,84.42296797186064,0.0,12083.723870050942,17.18,0.66,0.0,0.0,5.0,0.6449628755448891
814,3,train_0466,12547.48658622598,10479.629328948795,97.96293289487949,0.0,12645.449519120859,16.86,0.62,0.0,0.0,5.0,0.6449628755448891
815,3,train_0502,12705.762024203923,10066.19981567623,56.61998156762293,0.0,12762.382005771546,16.1,0.68,0.0,0.0,5.0,0.6449628755448891
816,4,train_0025,12294.968830277192,10624.425476638975,112.4425476638975,0.0,12407.411377941089,14.1,0.58,0.0,0.0,5.0,0.6449628755448891
817,4,train_0063,12318.442499985587,10864.904926484387,136.4904926484387,0.0,12454.932992634025,15.52,0.66,0.0,0.0,5.0,0.6449628755448891
818,4,train_0399,12324.642663122318,10310.910372279812,81.09103722798119,0.0,12405.7337003503,15.08,0.64,0.0,0.0,5.0,0.6449628755448891
819,4,train_0599,12334.359723425083,10181.16131006072,68.11613100607192,0.0,12402.475854431155,16.76,0.72,0.0,0.0,5.0,0.6449628755448891
820,4,train_0014,12678.140969997026,10464.178907413776,96.4178907413776,0.0,12774.558860738403,16.64,0.62,0.0,0.0,5.0,0.6449628755448891
821,4,train_0399,12218.132790370537,10252.656694000849,75.26566940008489,0.0,12293.398459770622,14.48,0.74,0.0,0.0,5.0,0.6449628755448891
822,4,train_0081,12299.25776022252,10397.592677254066,89.75926772540662,0.0,12389.017027947926,18.06,0.64,0.0,0.0,5.0,0.6449628755448891
823,4,train_0390,12445.897139529072,10557.046717967907,105.70467179679072,0.0,12551.601811325863,17.14,0.62,0.0,0.0,5.0,0.6449628755448891
824,4,train_0373,12800.11932709089,10306.091126141388,80.60911261413877,0.0,12880.728439705028,16.32,0.54,0.0,0.0,5.0,0.6449628755448891
825,4,train_0054,12464.384112427695,10384.403122011945,88.4403122011945,0.0,12552.824424628889,16.02,0.7,0.0,0.0,5.0,0.6449628755448891
826,4,train_0408,12277.527872651326,9964.552316875215,46.45523168752152,0.0,12323.983104338848,14.8,0.7,0.0,0.0,5.0,0.6449628755448891
827,4,train_0538,12678.680913521644,10552.045953798044,105.20459537980442,0.0,12783.885508901449,16.6,0.76,0.0,0.0,5.0,0.6449628755448891
828,4,train_0518,12394.485916652731,10829.669583161238,132.9669583161238,0.0,12527.452874968854,14.48,0.7,0.0,0.0,5.0,0.6449628755448891
829,4,train_0017,12362.365733322404,10503.24899723038,100.32489972303793,0.0,12462.690633045442,15.14,0.64,0.0,0.0,5.0,0.6449628755448891
830,4,train_0147,12654.266847288036,10578.16287139305,107.81628713930496,0.0,12762.083134427341,16.58,0.66,0.0,0.0,5.0,0.6449628755448891
831,4,train_0144,12803.070990721913,10729.28625803892,122.92862580389192,0.0,12925.999616525805,15.38,0.64,0.0,0.0,5.0,0.6449628755448891
832,4,train_0271,12030.926520076924,10287.087404226826,78.70874042268261,0.0,12109.635260499606,15.34,0.74,0.0,0.0,5.0,0.6449628755448891
833,4,train_0085,12456.599727076815,10397.591443550536,89.75914435505365,0.0,12546.358871431868,14.98,0.7,0.0,0.0,5.0,0.6449628755448891
834,4,train_0512,12393.056895215508,10210.216417540205,71.0216417540205,0.0,12464.07853696953,15.88,0.6,0.0,0.0,5.0,0.6449628755448891
835,4,train_0466,12617.354858501538,10475.016274957447,97.50162749574466,0.0,12714.856485997283,18.28,0.7,0.0,0.0,5.0,0.6449628755448891
836,4,train_0485,11750.255981370394,10445.289763769268,94.52897637692678,0.0,11844.78495774732,14.82,0.74,0.0,0.0,5.0,0.6449628755448891
837,4,train_0118,12094.955343351241,10444.346898893555,94.43468988935547,0.0,12189.390033240597,14.22,0.82,0.0,0.0,5.0,0.6449628755448891
838,4,train_0008,12459.748127440736,10598.184177242729,109.81841772427288,0.0,12569.56654516501,14.38,0.6,0.0,0.0,5.0,0.6449628755448891
839,4,train_0546,12276.270987224298,10527.441040007532,102.74410400075323,0.0,12379.01509122505,19.1,0.7,0.0,0.0,5.0,0.6449628755448891
840,4,train_0173,12628.99435331762,10681.184237433932,118.11842374339322,0.0,12747.112777061013,17.18,0.78,0.0,0.0,5.0,0.6449628755448891
841,4,train_0393,12236.971486230954,10821.667973739415,132.16679737394153,0.0,12369.138283604896,13.04,0.62,0.0,0.0,5.0,0.6449628755448891
842,4,train_0545,12055.506295732534,10424.029449838854,92.40294498388539,0.0,12147.909240716419,18.74,0.7,0.0,0.0,5.0,0.6449628755448891
843,4,train_0021,12788.720813744827,10479.874581229626,97.98745812296256,0.0,12886.70827186779,17.26,0.58,0.0,0.0,5.0,0.6449628755448891
844,4,train_0003,12305.85658480266,9932.454253797354,43.245425379735394,0.0,12349.102010182394,16.54,0.58,0.0,0.0,5.0,0.6449628755448891
845,4,train_0003,12182.677762629495,10183.636053917746,68.36360539177458,0.0,12251.04136802127,16.56,0.76,0.0,0.0,5.0,0.6449628755448891
846,4,train_0093,12200.354219972409,10055.617682149921,55.56176821499212,0.0,12255.9159881874,18.4,0.76,0.0,0.0,5.0,0.6449628755448891
847,4,train_0030,12353.649979601672,10372.34303869574,87.23430386957408,0.0,12440.884283471247,16.46,0.64,0.0,0.0,5.0,0.6449628755448891
848,4,train_0491,12363.723295756772,10422.945342026807,92.29453420268074,0.0,12456.017829959454,15.16,0.68,0.0,0.0,5.0,0.6449628755448891
849,4,train_0363,12333.714420415215,10440.848718608115,94.08487186081148,0.0,12427.799292276028,16.48,0.74,0.0,0.0,5.0,0.6449628755448891
850,4,train_0588,12021.004174023741,10520.524064219206,102.05240642192058,0.0,12123.056580445662,17.86,0.62,0.0,0.0,5.0,0.6449628755448891
851,4,train_0480,12622.625978133477,10520.759469254845,102.07594692548446,0.0,12724.701925058962,16.46,0.66,0.0,0.0,5.0,0.6449628755448891
852,4,train_0577,13560.370562665914,10425.964508688785,92.59645086887849,0.0,13652.967013534791,15.84,0.64,0.0,0.0,5.0,0.6449628755448891
853,4,train_0143,12655.750635109604,10669.8248360592,116.98248360592007,0.0,12772.733118715523,14.54,0.72,0.0,0.0,5.0,0.6449628755448891
854,4,train_0172,12169.62494461018,10404.331594674743,90.43315946747425,0.0,12260.058104077654,16.48,0.62,0.0,0.0,5.0,0.6449628755448891
855,4,train_0509,12111.711420633135,10544.270851167892,104.42708511678921,0.0,12216.138505749925,13.88,0.58,0.0,0.0,5.0,0.6449628755448891
856,4,train_0146,12432.780741318324,10282.859566095078,78.28595660950778,0.0,12511.066697927832,13.9,0.8,0.0,0.0,5.0,0.6449628755448891
857,4,train_0034,12008.645523435931,10633.248055898406,113.32480558984062,0.0,12121.970329025771,15.64,0.6,0.0,0.0,5.0,0.6449628755448891
858,4,train_0401,12090.059698447332,10068.297062772517,56.82970627725172,0.0,12146.889404724585,16.46,0.62,0.0,0.0,5.0,0.6449628755448891
859,4,train_0480,12665.74083708315,10574.481920817263,107.4481920817263,0.0,12773.189029164878,16.28,0.62,0.0,0.0,5.0,0.6449628755448891
860,4,train_0580,12851.09747526611,10546.965573165633,104.69655731656331,0.0,12955.794032582673,16.4,0.68,0.0,0.0,5.0,0.6449628755448891
861,4,train_0556,12471.12805468496,10424.898001351055,92.48980013510555,0.0,12563.617854820064,14.22,0.78,0.0,0.0,5.0,0.6449628755448891
862,4,train_0072,12357.743337406479,10540.225223120737,104.02252231207368,0.0,12461.765859718553,15.54,0.74,0.0,0.0,5.0,0.6449628755448891
863,4,train_0463,11925.569392397061,10242.744715090746,74.27447150907464,0.0,11999.843863906135,16.24,0.76,0.0,0.0,5.0,0.6449628755448891
864,4,train_0507,12384.910946225471,10591.616853963817,109.16168539638166,0.0,12494.072631621853,16.02,0.7,0.0,0.0,5.0,0.6449628755448891
865,4,train_0418,12404.724959157415,10691.788448538773,119.17884485387731,0.0,12523.903804011292,16.78,0.68,0.0,0.0,5.0,0.6449628755448891
866,4,train_0491,12365.366441181519,10498.973489298927,99.89734892989273,0.0,12465.263790111412,15.68,0.66,0.0,0.0,5.0,0.6449628755448891
867,4,train_0502,12746.037826591482,10298.996270264715,79.89962702647153,0.0,12825.937453617953,14.6,0.6,0.0,0.0,5.0,0.6449628755448891
868,4,train_0267,12399.185878693204,10253.605541014953,75.3605541014953,0.0,12474.5464327947,16.62,0.58,0.0,0.0,5.0,0.6449628755448891
869,4,train_0024,11907.440075856957,10134.470557311046,63.4470557311046,0.0,11970.887131588062,16.2,0.66,0.0,0.0,5.0,0.6449628755448891
870,4,train_0273,12852.29679210256,10518.100342422142,101.81003424221417,0.0,12954.106826344774,17.72,0.8,0.0,0.0,5.0,0.6449628755448891
871,4,train_0121,12324.599043011982,10238.333668094776,73.8333668094776,0.0,12398.43240982146,14.68,0.64,0.0,0.0,5.0,0.6449628755448891
872,4,train_0068,12608.552585986043,10651.552085160361,115.15520851603615,0.0,12723.70779450208,15.48,0.72,0.0,0.0,5.0,0.6449628755448891
873,4,train_0074,12819.732690186825,10435.25752686478,93.52575268647797,0.0,12913.258442873303,16.94,0.74,0.0,0.0,5.0,0.6449628755448891
874,4,train_0418,12541.528775461617,10356.122667960952,85.61226679609518,0.0,12627.141042257712,17.06,0.8,0.0,0.0,5.0,0.6449628755448891
875,4,train_0302,12526.989148593419,10398.124276930588,89.81242769305882,0.0,12616.801576286478,15.54,0.62,0.0,0.0,5.0,0.6449628755448891
876,4,train_0323,12514.153779689757,10603.398923213412,110.33989232134118,0.0,12624.493672011098,17.9,0.64,0.0,0.0,5.0,0.6449628755448891
877,4,train_0447,12403.239649830879,10394.229076773318,89.42290767733175,0.0,12492.66255750821,15.76,0.66,0.0,0.0,5.0,0.6449628755448891
878,4,train_0328,12450.563337354566,10382.149183318856,88.21491833188557,0.0,12538.778255686451,16.34,0.7,0.0,0.0,5.0,0.6449628755448891
879,4,train_0378,12346.981827309868,10591.90010653129,109.19001065312897,0.0,12456.171837962997,16.1,0.62,0.0,0.0,5.0,0.6449628755448891
880,4,train_0051,12459.951215567397,10573.123187636427,107.31231876364274,0.0,12567.26353433104,18.16,0.72,0.0,0.0,5.0,0.6449628755448891
881,4,train_0510,12898.809889689946,10473.638471336995,97.36384713369954,0.0,12996.173736823646,15.62,0.66,0.0,0.0,5.0,0.6449628755448891
882,4,train_0269,12000.236358752149,10039.857228639346,53.98572286393465,0.0,12054.222081616083,15.22,0.6,0.0,0.0,5.0,0.6449628755448891
883,4,train_0093,12064.827301166923,10216.359131835958,71.63591318359578,0.0,12136.463214350519,18.92,0.64,0.0,0.0,5.0,0.6449628755448891
884,4,train_0487,12525.483008396304,10297.572498229285,79.7572498229285,0.0,12605.240258219234,14.84,0.68,0.0,0.0,5.0,0.6449628755448891
885,4,train_0440,12774.474584765001,10719.303790243477,121.93037902434772,0.0,12896.40496378935,16.32,0.7,0.0,0.0,5.0,0.6449628755448891
886,4,train_0031,12425.839989811493,10277.175591924986,77.71755919249864,0.0,12503.557549003992,16.8,0.62,0.0,0.0,5.0,0.6449628755448891
887,4,train_0115,12795.058138122693,10683.210222289923,118.3210222289923,0.0,12913.379160351686,15.34,0.64,0.0,0.0,5.0,0.6449628755448891
888,4,train_0009,12317.802422523662,10159.987365329765,65.99873653297655,0.0,12383.801159056638,15.16,0.6,0.0,0.0,5.0,0.6449628755448891
889,4,train_0162,11733.051745920824,10115.554146504324,61.55541465043243,0.0,11794.607160571257,16.52,0.54,0.0,0.0,5.0,0.6449628755448891
890,4,train_0059,12238.475861385907,10797.881352010938,129.7881352010938,0.0,12368.263996587,15.78,0.8,0.0,0.0,5.0,0.6449628755448891
891,4,train_0425,12928.337811260684,10650.93497245805,115.09349724580498,0.0,13043.43130850649,15.08,0.72,0.0,0.0,5.0,0.6449628755448891
892,4,train_0313,12481.962543310221,10596.584417714466,109.65844177144663,0.0,12591.620985081667,18.06,0.8,0.0,0.0,5.0,0.6449628755448891
893,4,train_0588,12327.045397383432,10210.431773543412,71.04317735434124,0.0,12398.088574737772,19.08,0.66,0.0,0.0,5.0,0.6449628755448891
894,4,train_0449,12771.389845670938,10264.984566314337,76.4984566314337,0.0,12847.888302302372,17.74,0.7,0.0,0.0,5.0,0.6449628755448891
895,4,train_0366,12583.2447361818,10165.766370657138,66.57663706571384,0.0,12649.821373247512,16.16,0.66,0.0,0.0,5.0,0.6449628755448891
896,4,train_0305,12326.456817965567,10427.705969783801,92.77059697838013,0.0,12419.227414943947,15.76,0.7,0.0,0.0,5.0,0.6449628755448891
897,4,train_0032,12564.892876494845,10684.931402297556,118.4931402297556,0.0,12683.3860167246,17.16,0.68,0.0,0.0,5.0,0.6449628755448891
898,4,train_0042,12293.111178403728,10258.165293198348,75.81652931983481,0.0,12368.927707723562,15.5,0.62,0.0,0.0,5.0,0.6449628755448891
899,4,train_0369,12188.933004034054,10280.185300298239,78.01853002982389,0.0,12266.951534063877,15.04,0.72,0.0,0.0,5.0,0.6449628755448891
900,4,train_0002,12466.869087923596,10126.760069918957,62.676006991895704,0.0,12529.545094915493,14.48,0.62,0.0,0.0,5.0,0.6449628755448891
901,4,train_0025,12473.284831310059,10523.140598069202,102.31405980692017,0.0,12575.598891116979,15.18,0.66,0.0,0.0,5.0,0.6449628755448891
902,4,train_0131,12790.93322863761,10735.71636432155,123.571636432155,0.0,12914.504865069764,17.28,0.58,0.0,0.0,5.0,0.6449628755448891
903,4,train_0530,12944.09599935513,10526.080957018126,102.60809570181264,0.0,13046.704095056943,16.68,0.74,0.0,0.0,5.0,0.6449628755448891
904,4,train_0275,12405.415848790897,10350.271729899818,85.02717298998178,0.0,12490.443021780879,15.92,0.68,0.0,0.0,5.0,0.6449628755448891
905,4,train_0425,12458.941615974629,11240.518132364967,174.05181323649668,0.0,12632.993429211125,14.28,0.5,0.0,0.0,5.0,0.6449628755448891
906,4,train_0246,12268.738816731431,10285.081460410722,78.50814604107218,0.0,12347.246962772504,17.08,0.8,0.0,0.0,5.0,0.6449628755448891
907,4,train_0103,12034.690241819892,10315.096026674091,81.50960266740913,0.0,12116.1998444873,15.96,0.78,0.0,0.0,5.0,0.6449628755448891
908,4,train_0222,12500.93361081939,10195.766071726983,69.57660717269827,0.0,12570.510217992087,18.68,0.74,0.0,0.0,5.0,0.6449628755448891
909,4,train_0055,12588.058944616923,10219.538074864424,71.95380748644239,0.0,12660.012752103366,13.26,0.6,0.0,0.0,5.0,0.6449628755448891
910,4,train_0462,12650.793666753012,10558.932186159975,105.89321861599747,0.0,12756.68688536901,16.18,0.78,0.0,0.0,5.0,0.6449628755448891
911,4,train_0110,12525.76596812657,10464.433660662347,96.44336606623474,0.0,12622.209334192805,18.24,0.56,0.0,0.0,5.0,0.6449628755448891
912,4,train_0225,12432.050325083357,10376.84253263874,87.68425326387406,0.0,12519.734578347232,17.12,0.7,0.0,0.0,5.0,0.6449628755448891
913,4,train_0588,12571.203149729588,9965.48526426309,46.54852642630904,0.0,12617.751676155898,18.18,0.66,0.0,0.0,5.0,0.6449628755448891
914,4,train_0355,13000.789306584802,10084.311965642944,58.431196564294446,0.0,13059.220503149096,15.72,0.62,0.0,0.0,5.0,0.6449628755448891
915,4,train_0275,12454.76082533816,10376.302763519194,87.63027635191939,0.0,12542.39110169008,15.9,0.64,0.0,0.0,5.0,0.6449628755448891
916,4,train_0325,12234.274485934802,10445.351689324969,94.5351689324969,0.0,12328.809654867298,14.06,0.74,0.0,0.0,5.0,0.6449628755448891
917,4,train_0470,12330.607962542053,10024.74262197721,52.47426219772097,0.0,12383.082224739774,15.76,0.72,0.0,0.0,5.0,0.6449628755448891
918,4,train_0152,12331.837296687838,10447.93119586987,94.79311958698709,0.0,12426.630416274826,15.14,0.64,0.0,0.0,5.0,0.6449628755448891
919,4,train_0381,12120.646655669188,10110.63561671251,61.06356167125105,0.0,12181.71021734044,15.5,0.64,0.0,0.0,5.0,0.6449628755448891
920,4,train_0523,12375.617958444376,9938.300472056098,43.830047205609844,0.0,12419.448005649985,15.1,0.64,0.0,0.0,5.0,0.6449628755448891
921,4,train_0343,12919.268861270659,10704.974377760998,120.49743777609984,0.0,13039.766299046758,15.54,0.56,0.0,0.0,5.0,0.6449628755448891
922,4,train_0267,12628.288872088917,10059.320610120121,55.93206101201213,0.0,12684.220933100929,15.44,0.62,0.0,0.0,5.0,0.6449628755448891
923,4,train_0087,12654.820412556546,10373.602871526917,87.36028715269168,0.0,12742.180699709237,17.24,0.78,0.0,0.0,5.0,0.6449628755448891
924,4,train_0148,12765.492728107922,10439.397629347446,93.93976293474462,0.0,12859.432491042666,17.84,0.66,0.0,0.0,5.0,0.6449628755448891
925,4,train_0567,13331.434033244917,11056.174810056056,155.61748100560564,0.0,13487.051514250523,17.2,0.66,0.0,0.0,5.0,0.6449628755448891
926,4,train_0324,12334.985713709848,10399.192429908599,89.91924299085986,0.0,12424.904956700708,15.06,0.68,0.0,0.0,5.0,0.6449628755448891
927,4,train_0180,12501.110869003085,10579.999142034532,107.99991420345323,0.0,12609.110783206539,16.88,0.7,0.0,0.0,5.0,0.6449628755448891
928,4,train_0251,12675.004223971835,10067.281738440888,56.728173844088815,0.0,12731.732397815924,15.5,0.72,0.0,0.0,5.0,0.6449628755448891
929,4,train_0346,12673.631171459703,10588.2500843071,108.82500843070994,0.0,12782.456179890412,16.52,0.6,0.0,0.0,5.0,0.6449628755448891
930,4,train_0322,12232.385933046513,10328.285129916752,82.82851299167524,0.0,12315.214446038188,15.44,0.72,0.0,0.0,5.0,0.6449628755448891
931,4,train_0419,12482.806115105992,10502.358311707976,100.23583117079761,0.0,12583.04194627679,16.4,0.64,0.0,0.0,5.0,0.6449628755448891
932,4,train_0154,12221.657180740476,10592.766072828146,109.27660728281462,0.0,12330.93378802329,19.02,0.58,0.0,0.0,5.0,0.6449628755448891
933,4,train_0389,12438.492516854156,10270.45871128787,77.04587112878708,0.0,12515.538387982942,15.24,0.62,0.0,0.0,5.0,0.6449628755448891
934,4,train_0265,12480.902096992992,10447.702996569367,94.77029965693674,0.0,12575.672396649928,13.96,0.68,0.0,0.0,5.0,0.6449628755448891
935,4,train_0564,12319.934419536363,10365.72384431848,86.57238443184798,0.0,12406.50680396821,16.08,0.72,0.0,0.0,5.0,0.6449628755448891
936,4,train_0094,12106.229531418338,9881.595807554178,38.15958075541785,0.0,12144.389112173756,16.66,0.56,0.0,0.0,5.0,0.6449628755448891
937,4,train_0089,12531.654913357426,10651.079915905997,115.10799159059971,0.0,12646.762904948026,16.44,0.66,0.0,0.0,5.0,0.6449628755448891
938,4,train_0276,12390.00522341843,10285.692671721725,78.56926717217249,0.0,12468.574490590601,13.64,0.7,0.0,0.0,5.0,0.6449628755448891
939,4,train_0305,12227.40721831486,10407.477949688793,90.74779496887932,0.0,12318.15501328374,15.6,0.64,0.0,0.0,5.0,0.6449628755448891
940,4,train_0414,12431.320304891653,10108.730749148956,60.873074914895554,0.0,12492.19337980655,15.54,0.62,0.0,0.0,5.0,0.6449628755448891
941,4,train_0242,12468.950451589819,11089.49868363862,158.94986836386198,0.0,12627.90031995368,16.52,0.6,0.0,0.0,5.0,0.6449628755448891
942,4,train_0548,12397.610116151616,10498.148879285083,99.81488792850833,0.0,12497.425004080125,15.72,0.58,0.0,0.0,5.0,0.6449628755448891
943,4,train_0284,12240.635422259951,10552.440716028792,105.2440716028792,0.0,12345.87949386283,15.38,0.6,0.0,0.0,5.0,0.6449628755448891
944,4,train_0077,12178.104646034053,10326.871613051095,82.68716130510948,0.0,12260.791807339163,15.94,0.72,0.0,0.0,5.0,0.6449628755448891
945,4,train_0071,12717.675703007557,10777.949885445416,127.7949885445416,0.0,12845.470691552098,14.32,0.68,0.0,0.0,5.0,0.6449628755448891
946,4,train_0584,12008.504101661498,10251.651054598904,75.1651054598904,0.0,12083.669207121387,15.54,0.78,0.0,0.0,5.0,0.6449628755448891
947,4,train_0080,12792.475589629485,10542.095913848105,104.2095913848105,0.0,12896.685181014294,14.38,0.44,0.0,0.0,5.0,0.6449628755448891
948,4,train_0568,12918.698698958804,10600.782645862522,110.07826458625223,0.0,13028.776963545057,15.26,0.72,0.0,0.0,5.0,0.6449628755448891
949,4,train_0166,11855.388116159196,10430.780846841379,93.07808468413788,0.0,11948.466200843333,13.38,0.62,0.0,0.0,5.0,0.6449628755448891
950,4,train_0056,12003.620218193719,9850.15116831271,35.01511683127101,0.0,12038.63533502499,16.2,0.8,0.0,0.0,5.0,0.6449628755448891
951,4,train_0182,12844.866688547483,10277.293577147793,77.72935771477933,0.0,12922.596046262262,15.66,0.7,0.0,0.0,5.0,0.6449628755448891
952,4,train_0368,12485.799131705067,10689.98071626173,118.99807162617309,0.0,12604.79720333124,16.36,0.56,0.0,0.0,5.0,0.6449628755448891
953,4,train_0256,12726.874390448475,10165.70715178061,66.57071517806108,0.0,12793.445105626535,16.64,0.72,0.0,0.0,5.0,0.6449628755448891
954,4,train_0471,12607.478009271314,10395.699720790863,89.56997207908626,0.0,12697.047981350399,15.58,0.64,0.0,0.0,5.0,0.6449628755448891
955,4,train_0366,12251.937360936621,10529.028220428769,102.90282204287688,0.0,12354.840182979498,15.86,0.54,0.0,0.0,5.0,0.6449628755448891
956,4,train_0240,12863.795076308885,10998.695524480447,149.8695524480447,0.0,13013.66462875693,14.68,0.58,0.0,0.0,5.0,0.6449628755448891
957,4,train_0380,12127.429133860638,10429.81816823241,92.98181682324103,0.0,12220.41095068388,17.72,0.64,0.0,0.0,5.0,0.6449628755448891
958,4,train_0582,12414.093560050736,10430.718483813354,93.07184838133544,0.0,12507.165408432073,16.04,0.58,0.0,0.0,5.0,0.6449628755448891
959,4,train_0247,12792.753865161514,10301.038257627788,80.1038257627788,0.0,12872.857690924293,16.54,0.68,0.0,0.0,5.0,0.6449628755448891
960,4,train_0092,12518.887466649285,10637.437575426979,113.74375754269786,0.0,12632.631224191982,17.4,0.74,0.0,0.0,5.0,0.6449628755448891
961,4,train_0245,12004.798278737928,10301.793739319168,80.17937393191679,0.0,12084.977652669844,15.9,0.66,0.0,0.0,5.0,0.6449628755448891
962,4,train_0504,12692.61590113178,10161.346029400025,66.13460294000252,0.0,12758.750504071782,15.48,0.62,0.0,0.0,5.0,0.6449628755448891
963,4,train_0130,12374.53700362425,10405.581815352143,90.55818153521432,0.0,12465.095185159464,13.66,0.62,0.0,0.0,5.0,0.6449628755448891
964,4,train_0569,12575.056985119647,10046.439603290579,54.64396032905788,0.0,12629.700945448705,16.32,0.6,0.0,0.0,5.0,0.6449628755448891
965,4,train_0352,11837.954640075322,10139.700985576605,63.970098557660464,0.0,11901.924738632983,17.2,0.68,0.0,0.0,5.0,0.6449628755448891
966,4,train_0360,12499.147922624497,10018.106024658031,51.8106024658031,0.0,12550.9585250903,15.46,0.62,0.0,0.0,5.0,0.6449628755448891
967,4,train_0190,12761.918212149318,10728.550451595995,122.85504515959947,0.0,12884.773257308918,18.12,0.62,0.0,0.0,5.0,0.6449628755448891
968,4,train_0552,12432.437304501032,10299.750252727117,79.97502527271172,0.0,12512.412329773744,14.88,0.72,0.0,0.0,5.0,0.6449628755448891
969,4,train_0021,12290.962612306734,10598.571909101302,109.85719091013016,0.0,12400.819803216864,16.58,0.82,0.0,0.0,5.0,0.6449628755448891
970,4,train_0179,12096.715381834609,10283.178905781126,78.31789057811257,0.0,12175.033272412722,14.74,0.68,0.0,0.0,5.0,0.6449628755448891
971,4,train_0251,12201.30792521549,10559.656826395421,105.96568263954214,0.0,12307.273607855032,14.64,0.6,0.0,0.0,5.0,0.6449628755448891
972,4,train_0286,12591.326093973717,10817.364828096375,131.73648280963752,0.0,12723.062576783355,14.64,0.7,0.0,0.0,5.0,0.6449628755448891
973,4,train_0284,12472.73080836969,10066.148352795348,56.61483527953479,0.0,12529.345643649225,15.52,0.84,0.0,0.0,5.0,0.6449628755448891
974,4,train_0088,12525.656213541875,10371.789534013871,87.17895340138712,0.0,12612.835166943263,16.9,0.5,0.0,0.0,5.0,0.6449628755448891
975,4,train_0135,12551.599144204984,10414.589779413047,91.4589779413047,0.0,12643.058122146289,17.06,0.74,0.0,0.0,5.0,0.6449628755448891
976,4,train_0057,11941.469521397896,10215.018735296382,71.50187352963822,0.0,12012.971394927534,15.34,0.72,0.0,0.0,5.0,0.6449628755448891
977,4,train_0343,12685.394177188224,11187.331898325843,168.73318983258434,0.0,12854.127367020808,16.26,0.64,0.0,0.0,5.0,0.6449628755448891
978,4,train_0210,12319.827876952268,10289.967292693544,78.99672926935438,0.0,12398.824606221622,14.28,0.56,0.0,0.0,5.0,0.6449628755448891
979,4,train_0339,12441.214616073106,10574.180553260174,107.4180553260174,0.0,12548.632671399124,16.42,0.68,0.0,0.0,5.0,0.6449628755448891
980,4,train_0353,12373.507536519537,10241.223541927338,74.12235419273384,0.0,12447.629890712271,15.76,0.68,0.0,0.0,5.0,0.6449628755448891
981,4,train_0421,13184.23325224694,10480.108235388281,98.01082353882812,0.0,13282.24407578577,14.82,0.6,0.0,0.0,5.0,0.6449628755448891
982,4,train_0328,12339.929075606757,10808.12398722248,130.81239872224796,0.0,12470.741474329005,16.42,0.6,0.0,0.0,5.0,0.6449628755448891
983,4,train_0388,12494.880059171875,10618.753234787113,111.8753234787113,0.0,12606.755382650586,14.62,0.68,0.0,0.0,5.0,0.6449628755448891
984,4,train_0352,11811.947626710751,10465.087276075801,96.50872760758011,0.0,11908.456354318332,16.58,0.76,0.0,0.0,5.0,0.6449628755448891
985,4,train_0391,12086.441563953234,10606.74529492046,110.67452949204599,0.0,12197.11609344528,14.18,0.72,0.0,0.0,5.0,0.6449628755448891
986,4,train_0369,12380.926841087665,10135.833011754396,63.58330117543956,0.0,12444.510142263105,15.72,0.8,0.0,0.0,5.0,0.6449628755448891
987,4,train_0189,12691.765481126171,10312.401400576178,81.24014005761784,0.0,12773.00562118379,15.28,0.56,0.0,0.0,5.0,0.6449628755448891
988,4,train_0147,12765.810266564058,10374.927413487654,87.49274134876542,0.0,12853.303007912824,17.38,0.7,0.0,0.0,5.0,0.6449628755448891
989,4,train_0472,12648.735864492126,10463.596330468145,96.35963304681445,0.0,12745.09549753894,16.48,0.62,0.0,0.0,5.0,0.6449628755448891
990,4,train_0205,12595.905941269608,10691.308869357283,119.13088693572827,0.0,12715.036828205337,16.76,0.7,0.0,0.0,5.0,0.6449628755448891
991,4,train_0329,12725.709338336048,10157.482800784299,65.74828007842989,0.0,12791.457618414477,17.1,0.76,0.0,0.0,5.0,0.6449628755448891
992,4,train_0118,12312.281185597374,10125.454699309419,62.54546993094191,0.0,12374.826655528315,15.32,0.6,0.0,0.0,5.0,0.6449628755448891
993,4,train_0258,12657.204007427803,10809.157121272638,130.91571212726376,0.0,12788.119719555067,15.44,0.7,0.0,0.0,5.0,0.6449628755448891
994,4,train_0317,12543.9617264263,9955.505197231032,45.55051972310321,0.0,12589.512246149403,14.98,0.6,0.0,0.0,5.0,0.6449628755448891
995,4,train_0375,12394.81424201239,10344.411047652007,84.44110476520073,0.0,12479.25534677759,15.2,0.66,0.0,0.0,5.0,0.6449628755448891
996,4,train_0315,12506.184593480008,10840.04156568178,134.00415656817805,0.0,12640.188750048186,16.04,0.7,0.0,0.0,5.0,0.6449628755448891
997,4,train_0216,12101.889483850857,10199.996247635801,69.99962476358014,0.0,12171.889108614438,18.72,0.68,0.0,0.0,5.0,0.6449628755448891
998,4,train_0577,12808.53169416077,10878.280157463443,137.82801574634433,0.0,12946.359709907116,15.26,0.62,0.0,0.0,5.0,0.6449628755448891
999,4,train_0307,12330.899849468118,10252.346050802726,75.23460508027256,0.0,12406.134454548392,15.9,0.74,0.0,0.0,5.0,0.6449628755448891
1000,4,train_0484,12257.353445907567,10560.004644217179,106.00046442171788,0.0,12363.353910329286,13.18,0.66,0.0,0.0,5.0,0.6449628755448891
1001,4,train_0442,12977.1169488045,10325.994607059467,82.5994607059467,0.0,13059.716409510447,14.64,0.64,0.0,0.0,5.0,0.6449628755448891
1002,4,train_0334,12390.44966456724,10523.772546492259,102.37725464922588,0.0,12492.826919216466,15.78,0.64,0.0,0.0,5.0,0.6449628755448891
1003,4,train_0531,12382.608314508383,10734.55602781257,123.45560278125704,0.0,12506.06391728964,17.34,0.7,0.0,0.0,5.0,0.6449628755448891
1004,4,train_0076,12547.489535068205,10277.768839155138,77.77688391551384,0.0,12625.26641898372,16.46,0.68,0.0,0.0,5.0,0.6449628755448891
1005,4,train_0552,12133.741962262375,10523.053739413703,102.30537394137028,0.0,12236.047336203745,15.52,0.6,0.0,0.0,5.0,0.6449628755448891
1006,4,train_0510,12792.209201518035,10977.83794948199,147.78379494819893,0.0,12939.992996466233,14.58,0.64,0.0,0.0,5.0,0.6449628755448891
1007,4,train_0302,12607.372553727959,10473.221672311116,97.3221672311116,0.0,12704.69472095907,15.58,0.58,0.0,0.0,5.0,0.6449628755448891
1008,4,train_0440,12727.683141012098,10965.404710183426,146.54047101834257,0.0,12874.22361203044,17.16,0.72,0.0,0.0,5.0,0.6449628755448891
1009,4,train_0312,11830.250074452513,10338.31462922728,83.83146292272795,0.0,11914.081537375241,16.22,0.64,0.0,0.0,5.0,0.6449628755448891
1010,4,train_0161,12170.882896439387,10858.692942730444,135.8692942730444,0.0,12306.752190712432,16.88,0.6,0.0,0.0,5.0,0.6449628755448891
1011,4,train_0479,13226.92464889392,10578.279467738375,107.82794677383754,0.0,13334.752595667758,17.02,0.68,0.0,0.0,5.0,0.6449628755448891
1012,4,train_0147,12708.28222265566,10418.202370957657,91.8202370957657,0.0,12800.102459751426,16.7,0.78,0.0,0.0,5.0,0.6449628755448891
1013,4,train_0188,12371.549218258799,10348.196283753277,84.81962837532774,0.0,12456.368846634126,15.82,0.76,0.0,0.0,5.0,0.6449628755448891
1014,4,train_0311,12544.121045743737,10410.028789989952,91.00287899899523,0.0,12635.123924742733,16.24,0.74,0.0,0.0,5.0,0.6449628755448891
1015,4,train_0502,12771.702556705728,10488.653333827659,98.86533338276587,0.0,12870.567890088494,15.62,0.74,0.0,0.0,5.0,0.6449628755448891
1016,4,train_0230,12423.145013094349,10240.41635487515,74.04163548751494,0.0,12497.186648581863,14.94,0.72,0.0,0.0,5.0,0.6449628755448891
1017,4,train_0296,12401.072263120768,10552.248326951081,105.22483269510813,0.0,12506.297095815877,14.78,0.74,0.0,0.0,5.0,0.6449628755448891
1018,4,train_0024,12058.280007118803,10078.930675545282,57.89306755452817,0.0,12116.173074673332,17.22,0.62,0.0,0.0,5.0,0.6449628755448891
1019,4,train_0069,12595.14031697121,10330.496964136073,83.04969641360731,0.0,12678.190013384818,18.4,0.6,0.0,0.0,5.0,0.6449628755448891
1020,4,train_0033,12469.279466214326,10731.412287456758,123.14122874567585,0.0,12592.420694960001,16.22,0.68,0.0,0.0,5.0,0.6449628755448891
1021,4,train_0043,12143.474196359373,10329.18888202206,82.91888820220593,0.0,12226.39308456158,18.76,0.54,0.0,0.0,5.0,0.6449628755448891
1022,4,train_0521,12549.578406496934,10274.544796175283,77.45447961752835,0.0,12627.032886114463,18.14,0.68,0.0,0.0,5.0,0.6449628755448891
1023,4,train_0505,12508.255507592476,10609.043142762139,110.90431427621388,0.0,12619.159821868689,15.7,0.58,0.0,0.0,5.0,0.6449628755448891
1024,5,train_0493,11989.616144952804,10383.273830561304,88.32738305613039,0.0,12077.943528008935,15.84,0.68,0.0,0.0,5.0,0.6449628755448891
1025,5,train_0033,12771.785097151864,10576.529846439722,107.6529846439722,0.0,12879.438081795835,14.84,0.7,0.0,0.0,5.0,0.6449628755448891
1026,5,train_0046,12176.246529475777,10087.116834521294,58.711683452129364,0.0,12234.958212927906,17.88,0.62,0.0,0.0,5.0,0.6449628755448891
1027,5,train_0168,12877.91101643964,10343.309314941682,84.33093149416818,0.0,12962.24194793381,15.74,0.72,0.0,0.0,5.0,0.6449628755448891
1028,5,train_0339,12975.763341341037,10365.168872637332,86.51688726373322,0.0,13062.28022860477,16.22,0.8,0.0,0.0,5.0,0.6449628755448891
1029,5,train_0200,12534.685240508075,10445.283043582924,94.52830435829237,0.0,12629.213544866368,15.22,0.68,0.0,0.0,5.0,0.6449628755448891
1030,5,train_0292,12586.805869222042,10233.229891445453,73.32298914454532,0.0,12660.128858366588,16.48,0.64,0.0,0.0,5.0,0.6449628755448891
1031,5,train_0103,11935.785698881915,10287.650359231091,78.76503592310911,0.0,12014.550734805023,15.08,0.58,0.0,0.0,5.0,0.6449628755448891
1032,5,train_0438,12366.086744454573,9963.719689511618,46.37196895116176,0.0,12412.458713405735,16.8,0.56,0.0,0.0,5.0,0.6449628755448891
1033,5,train_0188,12623.181131309913,10222.641974674276,72.26419746742759,0.0,12695.445328777341,15.2,0.74,0.0,0.0,5.0,0.6449628755448891
1034,5,train_0039,12723.517924282552,10660.175564556828,116.01755645568284,0.0,12839.535480738235,16.24,0.52,0.0,0.0,5.0,0.6449628755448891
1035,5,train_0445,12742.57046705449,10607.409254620161,110.7409254620161,0.0,12853.311392516505,19.58,0.58,0.0,0.0,5.0,0.6449628755448891
1036,5,train_0541,12495.886587225588,10453.138259537118,95.31382595371178,0.0,12591.2004131793,16.92,0.66,0.0,0.0,5.0,0.6449628755448891
1037,5,train_0008,12568.211770579888,10117.311615174935,61.73116151749346,0.0,12629.942932097381,14.04,0.68,0.0,0.0,5.0,0.6449628755448891
1038,5,train_0262,12607.127794197891,10246.07932165114,74.60793216511392,0.0,12681.735726363006,14.78,0.6,0.0,0.0,5.0,0.6449628755448891
1039,5,train_0496,12039.838470017212,10421.88130414244,92.18813041424401,0.0,12132.026600431456,17.72,0.76,0.0,0.0,5.0,0.6449628755448891
1040,5,train_0423,12231.623042071742,10015.80127612653,51.58012761265309,0.0,12283.203169684395,18.02,0.64,0.0,0.0,5.0,0.6449628755448891
1041,5,train_0513,12353.103252926176,10214.858170554591,71.48581705545912,0.0,12424.589069981635,16.26,0.68,0.0,0.0,5.0,0.6449628755448891
1042,5,train_0249,12190.833495342637,10692.578188437583,119.25781884375829,0.0,12310.091314186395,13.94,0.62,0.0,0.0,5.0,0.6449628755448891
1043,5,train_0223,12470.067538782258,9960.675697537054,46.06756975370536,0.0,12516.135108535964,15.06,0.74,0.0,0.0,5.0,0.6449628755448891
1044,5,train_0425,12746.296904963663,10625.44630389726,112.54463038972608,0.0,12858.84153535339,15.74,0.74,0.0,0.0,5.0,0.6449628755448891
1045,5,train_0092,12362.949044292507,10638.962249492266,113.8962249492266,0.0,12476.845269241734,17.52,0.76,0.0,0.0,5.0,0.6449628755448891
1046,5,train_0143,12520.504048371968,10846.142835587983,134.61428355879835,0.0,12655.118331930766,15.72,0.62,0.0,0.0,5.0,0.6449628755448891
1047,5,train_0360,12050.6973935409,10706.972171999016,120.69721719990157,0.0,12171.394610740803,15.62,0.64,0.0,0.0,5.0,0.6449628755448891
1048,5,train_0401,12016.512028769857,10127.644482890937,62.76444828909371,0.0,12079.276477058951,18.26,0.7,0.0,0.0,5.0,0.6449628755448891
1049,5,train_0071,12401.719340917556,10693.500916007062,119.35009160070622,0.0,12521.069432518263,14.28,0.72,0.0,0.0,5.0,0.6449628755448891
1050,5,train_0304,12813.32778310657,10810.848506740374,131.08485067403745,0.0,12944.412633780606,15.52,0.68,0.0,0.0,5.0,0.6449628755448891
1051,5,train_0218,12864.367442605151,10394.222140123306,89.42221401233056,0.0,12953.789656617482,16.02,0.62,0.0,0.0,5.0,0.6449628755448891
1052,5,train_0301,12721.094345993988,10553.874121646579,105.38741216465787,0.0,12826.481758158647,15.64,0.58,0.0,0.0,5.0,0.6449628755448891
1053,5,train_0575,12944.50707171887,10389.741863885594,88.97418638855943,0.0,13033.48125810743,16.32,0.66,0.0,0.0,5.0,0.6449628755448891
1054,5,train_0045,12302.331449203244,10360.737222887286,86.07372228872865,0.0,12388.405171491973,12.42,0.62,0.0,0.0,5.0,0.6449628755448891
1055,5,train_0597,12215.817580039533,10396.20035955169,89.62003595516909,0.0,12305.437615994702,15.42,0.7,0.0,0.0,5.0,0.6449628755448891
1056,5,train_0269,11939.08685918451,9762.87703247949,26.287703247948958,0.0,11965.374562432458,16.04,0.54,0.0,0.0,5.0,0.6449628755448891
1057,5,train_0463,12074.81301852608,9977.658088535261,47.765808853526146,0.0,12122.578827379606,16.18,0.66,0.0,0.0,5.0,0.6449628755448891
1058,5,train_0254,12303.023089938486,10766.1611362142,126.61611362141994,0.0,12429.639203559906,16.54,0.62,0.0,0.0,5.0,0.6449628755448891
1059,5,train_0186,12088.62760600855,10641.03131383727,114.10313138372695,0.0,12202.730737392276,15.04,0.68,0.0,0.0,5.0,0.6449628755448891
1060,5,train_0462,12390.543261344748,10473.604846601896,97.36048466018966,0.0,12487.903746004939,17.06,0.58,0.0,0.0,5.0,0.6449628755448891
1061,5,train_0412,12252.469663504453,10416.879133347216,91.68791333472164,0.0,12344.157576839174,14.46,0.56,0.0,0.0,5.0,0.6449628755448891
1062,5,train_0086,11982.742996848086,9858.911954761079,35.891195476107896,0.0,12018.634192324194,16.52,0.66,0.0,0.0,5.0,0.6449628755448891
1063,5,train_0423,12349.125446993716,10023.001313648525,52.3001313648525,0.0,12401.425578358569,18.68,0.7,0.0,0.0,5.0,0.6449628755448891
1064,5,train_0451,12625.940920067964,10736.646042882941,123.66460428829414,0.0,12749.605524356259,15.4,0.62,0.0,0.0,5.0,0.6449628755448891
1065,5,train_0232,12437.82819722713,10420.400690480345,92.04006904803447,0.0,12529.868266275165,16.1,0.64,0.0,0.0,5.0,0.6449628755448891
1066,5,train_0555,12187.392812731678,10230.059660136394,73.00596601363941,0.0,12260.398778745317,16.1,0.52,0.0,0.0,5.0,0.6449628755448891
1067,5,train_0384,12078.04286503198,10235.098605071329,73.50986050713291,0.0,12151.552725539113,15.36,0.64,0.0,0.0,5.0,0.6449628755448891
1068,5,train_0200,12416.370376578627,10352.09695969664,85.20969596966407,0.0,12501.580072548291,17.3,0.68,0.0,0.0,5.0,0.6449628755448891
1069,5,train_0006,12033.983221099928,10397.593654621254,89.75936546212543,0.0,12123.742586562053,16.3,0.64,0.0,0.0,5.0,0.6449628755448891
1070,5,train_0404,13176.939971286045,10567.47262507919,106.747262507919,0.0,13283.687233793964,17.0,0.62,0.0,0.0,5.0,0.6449628755448891
1071,5,train_0125,12280.192323987536,10076.146054966783,57.61460549667827,0.0,12337.806929484213,16.4,0.72,0.0,0.0,5.0,0.6449628755448891
1072,5,train_0453,12499.44390341933,10398.250565035634,89.82505650356343,0.0,12589.268959922892,17.32,0.78,0.0,0.0,5.0,0.6449628755448891
1073,5,train_0315,12633.296362794246,10792.129759401763,129.21297594017634,0.0,12762.509338734422,16.56,0.62,0.0,0.0,5.0,0.6449628755448891
1074,5,train_0280,12644.323170282409,10443.248244307078,94.32482443070785,0.0,12738.647994713116,16.78,0.5,0.0,0.0,5.0,0.6449628755448891
1075,5,train_0098,12056.995008422404,10330.900365965037,83.09003659650371,0.0,12140.085045018908,13.82,0.64,0.0,0.0,5.0,0.6449628755448891
1076,5,train_0426,12153.715580002867,10180.579026993168,68.05790269931677,0.0,12221.773482702183,17.54,0.52,0.0,0.0,5.0,0.6449628755448891
1077,5,train_0099,12123.485257310309,9907.571912078864,40.75719120788636,0.0,12164.242448518195,16.88,0.66,0.0,0.0,5.0,0.6449628755448891
1078,5,train_0250,12421.658769793745,10079.677003523382,57.96770035233822,0.0,12479.626470146082,16.6,0.72,0.0,0.0,5.0,0.6449628755448891
1079,5,train_0501,12531.648104826243,10565.595543741885,106.55955437418852,0.0,12638.207659200432,18.3,0.5,0.0,0.0,5.0,0.6449628755448891
1080,5,train_0552,12283.487013245101,10548.348507475634,104.83485074756337,0.0,12388.321863992665,15.54,0.62,0.0,0.0,5.0,0.6449628755448891
1081,5,train_0593,11939.53427231494,10560.272547982722,106.02725479827222,0.0,12045.561527113212,14.94,0.68,0.0,0.0,5.0,0.6449628755448891
1082,5,train_0574,12326.649859307923,10463.833398426596,96.38333984265955,0.0,12423.033199150583,13.58,0.64,0.0,0.0,5.0,0.6449628755448891
1083,5,train_0333,12539.471318221247,10678.670942562192,117.86709425621922,0.0,12657.338412477466,14.9,0.7,0.0,0.0,5.0,0.6449628755448891
1084,5,train_0120,12019.73477314193,10239.849812466196,73.98498124661965,0.0,12093.71975438855,16.62,0.6,0.0,0.0,5.0,0.6449628755448891
1085,5,train_0503,12513.133572531391,10888.248379577433,138.82483795774334,0.0,12651.958410489135,16.12,0.72,0.0,0.0,5.0,0.6449628755448891
1086,5,train_0480,12624.85078607963,10506.408191168077,100.64081911680769,0.0,12725.49160519644,15.38,0.66,0.0,0.0,5.0,0.6449628755448891
1087,5,train_0594,12122.817167108766,10402.183254609732,90.21832546097322,0.0,12213.03549256974,18.4,0.56,0.0,0.0,5.0,0.6449628755448891
1088,5,train_0390,12686.616274086935,10311.479336310136,81.14793363101363,0.0,12767.764207717948,18.36,0.66,0.0,0.0,5.0,0.6449628755448891
1089,5,train_0084,12009.666074880533,10203.108985078581,70.31089850785811,0.0,12079.976973388391,16.3,0.54,0.0,0.0,5.0,0.6449628755448891
1090,5,train_0301,12517.050614118507,10459.960173535834,95.99601735358338,0.0,12613.04663147209,15.0,0.6,0.0,0.0,5.0,0.6449628755448891
1091,5,train_0268,12260.944427484435,10585.708332608707,108.57083326087069,0.0,12369.515260745306,16.6,0.64,0.0,0.0,5.0,0.6449628755448891
1092,5,train_0505,12646.967156522673,10386.745846938626,88.67458469386257,0.0,12735.641741216536,17.04,0.68,0.0,0.0,5.0,0.6449628755448891
1093,5,train_0235,12732.424763015044,10520.90232098111,102.09023209811095,0.0,12834.514995113155,15.88,0.74,0.0,0.0,5.0,0.6449628755448891
1094,5,train_0197,12530.691954254758,10513.610428309945,101.36104283099449,0.0,12632.052997085753,16.9,0.74,0.0,0.0,5.0,0.6449628755448891
1095,5,train_0048,12365.9263663493,10552.57392357127,105.257392357127,0.0,12471.183758706427,15.28,0.52,0.0,0.0,5.0,0.6449628755448891
1096,5,train_0501,12538.854522266549,10475.313213807041,97.53132138070414,0.0,12636.385843647253,18.34,0.64,0.0,0.0,5.0,0.6449628755448891
1097,5,train_0453,12177.918318743823,10486.185473872181,98.61854738721814,0.0,12276.53686613104,16.74,0.54,0.0,0.0,5.0,0.6449628755448891
1098,5,train_0024,12018.290716287445,10023.537245568416,52.353724556841556,0.0,12070.644440844288,16.26,0.58,0.0,0.0,5.0,0.6449628755448891
1099,5,train_0260,12089.952286328686,10525.968912231227,102.59689122312267,0.0,12192.549177551808,16.4,0.66,0.0,0.0,5.0,0.6449628755448891
1100,5,train_0287,12237.538153459966,10514.570565886846,101.45705658868465,0.0,12338.99521004865,15.88,0.7,0.0,0.0,5.0,0.6449628755448891
1101,5,train_0281,12521.042896442488,10678.525834565655,117.85258345656548,0.0,12638.895479899054,16.62,0.74,0.0,0.0,5.0,0.6449628755448891
1102,5,train_0551,12143.465836767637,10036.953205364935,53.695320536493455,0.0,12197.16115730413,17.4,0.6,0.0,0.0,5.0,0.6449628755448891
1103,5,train_0090,12197.837824141443,10617.684453213738,111.76844532137385,0.0,12309.606269462816,14.58,0.7,0.0,0.0,5.0,0.6449628755448891
1104,5,train_0183,12612.928314449946,10266.694639075151,76.6694639075151,0.0,12689.597778357462,14.3,0.56,0.0,0.0,5.0,0.6449628755448891
1105,5,train_0108,12545.344040970474,10391.772942688409,89.1772942688409,0.0,12634.521335239315,18.9,0.52,0.0,0.0,5.0,0.6449628755448891
1106,5,train_0146,12259.405757564742,10566.5557931609,106.65557931609001,0.0,12366.061336880832,15.88,0.58,0.0,0.0,5.0,0.6449628755448891
1107,5,train_0544,12534.47737037274,10838.776685686658,133.87766856866583,0.0,12668.355038941407,15.38,0.62,0.0,0.0,5.0,0.6449628755448891
1108,5,train_0564,12316.124137771896,10647.905336549451,114.79053365494511,0.0,12430.91467142684,16.04,0.5,0.0,0.0,5.0,0.6449628755448891
1109,5,train_0026,12188.435667984748,9894.93189401489,39.49318940148896,0.0,12227.928857386236,15.26,0.74,0.0,0.0,5.0,0.6449628755448891
1110,5,train_0379,13043.537742386672,10865.752970067102,136.5752970067102,0.0,13180.113039393382,15.68,0.8,0.0,0.0,5.0,0.6449628755448891
1111,5,train_0139,12280.298871854156,10216.613033081352,71.66130330813522,0.0,12351.960175162292,13.82,0.64,0.0,0.0,5.0,0.6449628755448891
1112,5,train_0115,12528.128139391316,10632.709463986317,113.27094639863172,0.0,12641.399085789948,15.22,0.72,0.0,0.0,5.0,0.6449628755448891
1113,5,train_0175,12184.915147384263,10306.876454785766,80.68764547857664,0.0,12265.60279286284,17.34,0.64,0.0,0.0,5.0,0.6449628755448891
1114,5,train_0116,12371.6408784954,10223.658938821067,72.36589388210669,0.0,12444.006772377506,17.92,0.66,0.0,0.0,5.0,0.6449628755448891
1115,5,train_0294,12073.799694998917,10480.773995041414,98.07739950414144,0.0,12171.87709450306,16.26,0.7,0.0,0.0,5.0,0.6449628755448891
1116,5,train_0597,12168.508374496083,10478.066354755394,97.80663547553941,0.0,12266.315009971622,16.48,0.6,0.0,0.0,5.0,0.6449628755448891
1117,5,train_0351,12882.359181130338,10483.139105246451,98.31391052464515,0.0,12980.673091654982,16.36,0.66,0.0,0.0,5.0,0.6449628755448891
1118,5,train_0433,12218.309141112251,10229.390546749553,72.93905467495533,0.0,12291.248195787206,15.82,0.7,0.0,0.0,5.0,0.6449628755448891
1119,5,train_0295,12091.711117639115,10629.029043212144,112.90290432121438,0.0,12204.61402196033,16.1,0.7,0.0,0.0,5.0,0.6449628755448891
1120,5,train_0008,12413.692133415507,10420.69865223516,92.06986522351599,0.0,12505.761998639024,14.08,0.6,0.0,0.0,5.0,0.6449628755448891
1121,5,train_0050,12190.260244047484,10595.142363647035,109.51423636470355,0.0,12299.774480412187,15.9,0.68,0.0,0.0,5.0,0.6449628755448891
1122,5,train_0161,12262.425786270996,10506.102018890051,100.61020188900511,0.0,12363.035988160002,16.04,0.64,0.0,0.0,5.0,0.6449628755448891
1123,5,train_0146,12171.892194245956,10815.524855998901,131.55248559989013,0.0,12303.444679845847,14.82,0.56,0.0,0.0,5.0,0.6449628755448891
1124,5,train_0504,12213.164375045135,10578.01950516886,107.80195051688607,0.0,12320.966325562022,16.12,0.7,0.0,0.0,5.0,0.6449628755448891
1125,5,train_0506,12142.45646740884,9961.081154902378,46.108115490237836,0.0,12188.564582899078,15.44,0.68,0.0,0.0,5.0,0.6449628755448891
1126,5,train_0512,12492.424418233059,10196.239926879363,69.62399268793634,0.0,12562.048410920996,15.2,0.54,0.0,0.0,5.0,0.6449628755448891
1127,5,train_0382,12341.913932476042,10729.05390070799,122.90539007079897,0.0,12464.81932254684,15.3,0.6,0.0,0.0,5.0,0.6449628755448891
1128,5,train_0333,12573.47389420585,10735.989147381562,123.59891473815624,0.0,12697.072808944007,15.94,0.64,0.0,0.0,5.0,0.6449628755448891
1129,5,train_0389,12359.781644391976,10428.95834130836,92.89583413083602,0.0,12452.677478522812,16.72,0.72,0.0,0.0,5.0,0.6449628755448891
1130,5,train_0244,12018.559772019571,10789.268970670688,128.92689706706878,0.0,12147.48666908664,17.36,0.52,0.0,0.0,5.0,0.6449628755448891
1131,5,train_0402,12586.882842627445,10631.553157303326,113.15531573033259,0.0,12700.038158357778,17.62,0.7,0.0,0.0,5.0,0.6449628755448891
1132,5,train_0476,12327.75757709833,10495.056432896326,99.50564328963264,0.0,12427.263220387962,19.16,0.72,0.0,0.0,5.0,0.6449628755448891
1133,5,train_0457,12593.84802988073,10162.351547511149,66.2351547511149,0.0,12660.083184631845,17.1,0.72,0.0,0.0,5.0,0.6449628755448891
1134,5,train_0368,12662.221273317053,10400.700595226854,90.07005952268537,0.0,12752.291332839737,16.18,0.56,0.0,0.0,5.0,0.6449628755448891
1135,5,train_0034,12333.021466537764,10521.612551947574,102.16125519475736,0.0,12435.182721732523,15.02,0.62,0.0,0.0,5.0,0.6449628755448891
1136,5,train_0434,12514.184573981973,10615.180534800736,111.51805348007366,0.0,12625.702627462046,14.74,0.76,0.0,0.0,5.0,0.6449628755448891
1137,5,train_0219,12329.275093951119,10783.132835471653,128.31328354716536,0.0,12457.588377498285,15.36,0.68,0.0,0.0,5.0,0.6449628755448891
1138,5,train_0446,11997.046316566699,10246.534689092026,74.65346890920264,0.0,12071.699785475901,16.58,0.64,0.0,0.0,5.0,0.6449628755448891
1139,5,train_0323,12395.501625124909,10790.588453862227,129.05884538622269,0.0,12524.560470511131,17.54,0.66,0.0,0.0,5.0,0.6449628755448891
1140,5,train_0528,12360.974952081899,10566.29425122105,106.62942512210503,0.0,12467.604377204003,15.22,0.7,0.0,0.0,5.0,0.6449628755448891
1141,5,train_0203,12639.361720288714,10567.947789357673,106.79477893576733,0.0,12746.156499224482,13.34,0.68,0.0,0.0,5.0,0.6449628755448891
1142,5,train_0558,12844.10316370395,10559.86005102318,105.98600510231809,0.0,12950.08916880627,15.74,0.64,0.0,0.0,5.0,0.6449628755448891
1143,5,train_0506,12111.715202691255,10349.447934225194,84.94479342251944,0.0,12196.659996113774,14.78,0.64,0.0,0.0,5.0,0.6449628755448891
1144,5,train_0198,11558.77903405012,9899.749590905038,39.974959090503766,0.0,11598.753993140623,15.8,0.58,0.0,0.0,5.0,0.6449628755448891
1145,5,train_0289,12711.053236153135,10730.449278528566,123.04492785285657,0.0,12834.09816400599,15.88,0.64,0.0,0.0,5.0,0.6449628755448891
1146,5,train_0318,12258.108485897716,10464.085061053614,96.40850610536145,0.0,12354.516992003077,17.8,0.66,0.0,0.0,5.0,0.6449628755448891
1147,5,train_0461,12364.872064401396,10148.028815280348,64.80288152803477,0.0,12429.67494592943,13.66,0.74,0.0,0.0,5.0,0.6449628755448891
1148,5,train_0413,12579.892837313662,10784.068677955363,128.40686779553636,0.0,12708.299705109199,16.32,0.66,0.0,0.0,5.0,0.6449628755448891
1149,5,train_0511,11843.93160158834,10573.116562840962,107.31165628409617,0.0,11951.243257872437,16.62,0.68,0.0,0.0,5.0,0.6449628755448891
1150,5,train_0221,12280.182738400203,10177.58924506004,67.75892450600405,0.0,12347.941662906207,15.98,0.66,0.0,0.0,5.0,0.6449628755448891
1151,5,train_0302,12516.954582468334,10452.245446115186,95.22454461151865,0.0,12612.179127079853,13.32,0.58,0.0,0.0,5.0,0.6449628755448891
1152,5,train_0258,12258.084205976222,10823.039584774222,132.3039584774222,0.0,12390.388164453643,14.5,0.64,0.0,0.0,5.0,0.6449628755448891
1153,5,train_0545,12187.55574726575,10225.250593661347,72.5250593661347,0.0,12260.080806631884,19.68,0.74,0.0,0.0,5.0,0.6449628755448891
1154,5,train_0182,12822.056186984852,10709.965555829516,120.99655558295163,0.0,12943.052742567803,16.08,0.62,0.0,0.0,5.0,0.6449628755448891
1155,5,train_0352,11941.305868532982,10094.606224725818,59.46062247258178,0.0,12000.766491005563,15.5,0.52,0.0,0.0,5.0,0.6449628755448891
1156,5,train_0072,12667.647838379771,10377.870968985597,87.7870968985597,0.0,12755.43493527833,16.62,0.7,0.0,0.0,5.0,0.6449628755448891
1157,5,train_0510,12500.927628240164,10963.680341721041,146.36803417210413,0.0,12647.295662412269,14.42,0.68,0.0,0.0,5.0,0.6449628755448891
1158,5,train_0230,12379.17269363791,10560.288857141493,106.02888571414934,0.0,12485.201579352059,16.3,0.66,0.0,0.0,5.0,0.6449628755448891
1159,5,train_0204,12773.317435819392,10509.227907735105,100.9227907735105,0.0,12874.240226592903,17.42,0.8,0.0,0.0,5.0,0.6449628755448891
1160,5,train_0349,11980.05499207159,10236.004110095606,73.6004110095606,0.0,12053.65540308115,15.74,0.74,0.0,0.0,5.0,0.6449628755448891
1161,5,train_0299,12166.291142745129,10523.073449095788,102.30734490957876,0.0,12268.598487654708,14.04,0.66,0.0,0.0,5.0,0.6449628755448891
1162,5,train_0508,12692.08225749469,10551.45012782787,105.14501278278695,0.0,12797.227270277477,14.62,0.74,0.0,0.0,5.0,0.6449628755448891
1163,5,train_0318,12130.443199539735,10344.237872661399,84.42378726613988,0.0,12214.866986805875,18.0,0.62,0.0,0.0,5.0,0.6449628755448891
1164,5,train_0310,12151.780746392076,10189.205180713601,68.92051807136014,0.0,12220.701264463436,15.38,0.6,0.0,0.0,5.0,0.6449628755448891
1165,5,train_0062,12513.966617727885,9855.392869039446,35.53928690394459,0.0,12549.50590463183,15.24,0.68,0.0,0.0,5.0,0.6449628755448891
1166,5,train_0013,12397.16984913707,10114.749865689893,61.47498656898934,0.0,12458.64483570606,14.18,0.62,0.0,0.0,5.0,0.6449628755448891
1167,5,train_0239,12030.3197999042,10609.138529162681,110.91385291626813,0.0,12141.233652820469,14.8,0.58,0.0,0.0,5.0,0.6449628755448891
1168,5,train_0598,12119.746949691977,10349.256846543021,84.92568465430213,0.0,12204.67263434628,14.1,0.6,0.0,0.0,5.0,0.6449628755448891
1169,5,train_0550,12424.93216786002,10336.010768665945,83.6010768665945,0.0,12508.533244726616,18.58,0.78,0.0,0.0,5.0,0.6449628755448891
1170,5,train_0377,12725.88682400267,9909.826116110386,40.98261161103856,0.0,12766.869435613708,17.22,0.68,0.0,0.0,5.0,0.6449628755448891
1171,5,train_0378,12380.905643448343,10638.456563614714,113.84565636147146,0.0,12494.751299809814,18.02,0.72,0.0,0.0,5.0,0.6449628755448891
1172,5,train_0234,12293.515663283764,10364.010862460642,86.4010862460642,0.0,12379.916749529828,15.7,0.56,0.0,0.0,5.0,0.6449628755448891
1173,5,train_0106,12685.620695813845,10753.17689268315,125.31768926831501,0.0,12810.93838508216,17.48,0.56,0.0,0.0,5.0,0.6449628755448891
1174,5,train_0005,11817.239551659342,10458.588408057822,95.85884080578217,0.0,11913.098392465125,16.24,0.66,0.0,0.0,5.0,0.6449628755448891
1175,5,train_0203,12551.190566508514,10940.432154703482,144.04321547034814,0.0,12695.233781978863,12.92,0.74,0.0,0.0,5.0,0.6449628755448891
1176,5,train_0189,12532.227657670164,9997.616494327205,49.76164943272052,0.0,12581.989307102886,16.84,0.56,0.0,0.0,5.0,0.6449628755448891
1177,5,train_0114,12381.84974828649,10264.354873166089,76.43548731660886,0.0,12458.285235603098,15.44,0.5,0.0,0.0,5.0,0.6449628755448891
1178,5,train_0155,12748.491234767833,10198.145951432263,69.81459514322633,0.0,12818.30582991106,15.88,0.74,0.0,0.0,5.0,0.6449628755448891
1179,5,train_0014,12422.089287496063,10704.61113380955,120.46111338095507,0.0,12542.550400877019,17.78,0.7,0.0,0.0,5.0,0.6449628755448891
1180,5,train_0364,12170.919183120885,10607.640637416705,110.76406374167055,0.0,12281.683246862554,18.42,0.66,0.0,0.0,5.0,0.6449628755448891
1181,5,train_0556,12385.041316463165,10372.467163431185,87.24671634311854,0.0,12472.288032806284,14.06,0.6,0.0,0.0,5.0,0.6449628755448891
1182,5,train_0414,12278.841202431693,10339.705145124954,83.97051451249536,0.0,12362.811716944188,16.34,0.54,0.0,0.0,5.0,0.6449628755448891
1183,5,train_0268,12497.841065124107,10272.077134833886,77.20771348338859,0.0,12575.048778607495,15.76,0.7,0.0,0.0,5.0,0.6449628755448891
1184,5,train_0252,12167.349423260546,10178.227674837499,67.82276748374989,0.0,12235.172190744295,14.5,0.64,0.0,0.0,5.0,0.6449628755448891
1185,5,train_0184,12527.598633982903,10440.093766234666,94.00937662346661,0.0,12621.60801060637,16.58,0.62,0.0,0.0,5.0,0.6449628755448891
1186,5,train_0085,12305.423864623815,10531.80579764661,103.18057976466099,0.0,12408.604444388477,14.92,0.66,0.0,0.0,5.0,0.6449628755448891
1187,5,train_0359,12334.144119780427,10595.971700833521,109.59717008335211,0.0,12443.74128986378,16.32,0.72,0.0,0.0,5.0,0.6449628755448891
1188,5,train_0339,12429.154290804874,10903.473330051682,140.3473330051682,0.0,12569.501623810042,15.9,0.66,0.0,0.0,5.0,0.6449628755448891
1189,5,train_0004,12401.879837268247,10730.24545421026,123.02454542102606,0.0,12524.904382689272,18.68,0.64,0.0,0.0,5.0,0.6449628755448891
1190,5,train_0249,12521.345667874344,10541.60526513802,104.16052651380197,0.0,12625.506194388146,15.26,0.6,0.0,0.0,5.0,0.6449628755448891
1191,5,train_0166,12052.692328714476,10298.523265740492,79.85232657404923,0.0,12132.544655288526,13.02,0.58,0.0,0.0,5.0,0.6449628755448891
1192,5,train_0102,12168.805439131724,10539.363714985991,103.93637149859916,0.0,12272.741810630323,14.72,0.62,0.0,0.0,5.0,0.6449628755448891
1193,5,train_0421,12755.214053436663,10686.992447764162,118.69924477641617,0.0,12873.91329821308,15.82,0.7,0.0,0.0,5.0,0.6449628755448891
1194,5,train_0315,12606.143000658041,10872.347485656941,137.2347485656941,0.0,12743.377749223735,14.86,0.68,0.0,0.0,5.0,0.6449628755448891
1195,5,train_0380,12248.497113482019,10312.981833333182,81.29818333331824,0.0,12329.795296815337,17.12,0.66,0.0,0.0,5.0,0.6449628755448891
1196,5,train_0428,12665.48933997883,10333.91250860415,83.39125086041496,0.0,12748.880590839246,16.96,0.6,0.0,0.0,5.0,0.6449628755448891
1197,5,train_0589,12151.51387147703,10124.496212776776,62.44962127767758,0.0,12213.963492754707,17.64,0.64,0.0,0.0,5.0,0.6449628755448891
1198,5,train_0481,12484.690702814882,10116.51788577826,61.65178857782594,0.0,12546.342491392708,15.42,0.68,0.0,0.0,5.0,0.6449628755448891
1199,5,train_0372,12495.161494636093,10741.22829926106,124.122829926106,0.0,12619.284324562199,16.06,0.56,0.0,0.0,5.0,0.6449628755448891
1200,5,train_0527,12576.06856414046,10399.964343294558,89.99643432945578,0.0,12666.064998469916,15.24,0.7,0.0,0.0,5.0,0.6449628755448891
1201,5,train_0286,12502.257932900964,10643.83800264723,114.38380026472296,0.0,12616.641733165687,15.04,0.66,0.0,0.0,5.0,0.6449628755448891
1202,5,train_0590,12352.51711148631,10312.947306012833,81.2947306012833,0.0,12433.811842087593,15.58,0.66,0.0,0.0,5.0,0.6449628755448891
1203,5,train_0456,12345.90230511528,10443.25264746068,94.32526474606803,0.0,12440.227569861348,14.72,0.6,0.0,0.0,5.0,0.6449628755448891
1204,5,train_0390,12525.144866166154,10355.987441964951,85.59874419649515,0.0,12610.74361036265,17.76,0.64,0.0,0.0,5.0,0.6449628755448891
1205,5,train_0541,12509.202461842318,10534.616470835581,103.46164708355809,0.0,12612.664108925877,18.22,0.66,0.0,0.0,5.0,0.6449628755448891
1206,5,train_0309,12390.627083669126,10791.00945522965,129.10094552296505,0.0,12519.72802919209,13.36,0.68,0.0,0.0,5.0,0.6449628755448891
1207,5,train_0432,12565.113941998985,10331.265817593776,83.12658175937759,0.0,12648.240523758363,14.02,0.74,0.0,0.0,5.0,0.6449628755448891
1208,5,train_0170,12156.025302098707,10167.996754220287,66.79967542202867,0.0,12222.824977520737,17.76,0.62,0.0,0.0,5.0,0.6449628755448891
1209,5,train_0577,12854.376386598804,10839.020621336076,133.90206213360761,0.0,12988.278448732412,16.72,0.68,0.0,0.0,5.0,0.6449628755448891
1210,5,train_0374,12412.364092067775,10526.644787692381,102.66447876923813,0.0,12515.028570837014,16.86,0.72,0.0,0.0,5.0,0.6449628755448891
1211,5,train_0469,12558.01484300882,10709.905817353425,120.9905817353425,0.0,12679.005424744162,14.52,0.64,0.0,0.0,5.0,0.6449628755448891
1212,5,train_0276,12500.366068021061,10218.213557672909,71.82135576729088,0.0,12572.187423788353,15.54,0.54,0.0,0.0,5.0,0.6449628755448891
1213,5,train_0520,12047.27691683878,10134.058645869212,63.40586458692124,0.0,12110.682781425701,16.5,0.64,0.0,0.0,5.0,0.6449628755448891
1214,5,train_0044,12862.258256749663,10412.095392589863,91.2095392589863,0.0,12953.467796008648,16.36,0.64,0.0,0.0,5.0,0.6449628755448891
1215,5,train_0068,12346.41342872371,10669.170873888397,116.91708738883972,0.0,12463.33051611255,15.2,0.6,0.0,0.0,5.0,0.6449628755448891
1216,6,train_0304,12553.772087883308,10739.421349160953,123.94213491609536,0.0,12677.714222799403,16.8,0.6,0.0,0.0,5.0,0.6449628755448891
1217,6,train_0439,12039.253654338232,10590.608907528556,109.06089075285564,0.0,12148.314545091087,12.5,0.58,0.0,0.0,5.0,0.6449628755448891
1218,6,train_0485,12039.061026708998,10075.778598343379,57.57785983433787,0.0,12096.638886543336,17.78,0.8,0.0,0.0,5.0,0.6449628755448891
1219,6,train_0264,11926.12711962793,10384.396665577373,88.4396665577373,0.0,12014.566786185667,14.86,0.6,0.0,0.0,5.0,0.6449628755448891
1220,6,train_0389,12574.583406518555,10134.243226395605,63.42432263956053,0.0,12638.007729158116,15.16,0.62,0.0,0.0,5.0,0.6449628755448891
1221,6,train_0331,12511.410442974924,10441.303405244536,94.13034052445364,0.0,12605.540783499378,16.16,0.58,0.0,0.0,5.0,0.6449628755448891
1222,6,train_0576,12358.366492375531,9973.654382138731,47.365438213873134,0.0,12405.731930589405,15.08,0.58,0.0,0.0,5.0,0.6449628755448891
1223,6,train_0392,12471.445321152753,10540.094527733621,104.00945277336214,0.0,12575.454773926114,16.36,0.54,0.0,0.0,5.0,0.6449628755448891
1224,6,train_0250,12378.598025711994,10518.92903019168,101.89290301916809,0.0,12480.490928731162,16.58,0.7,0.0,0.0,5.0,0.6449628755448891
1225,6,train_0581,12175.628637964488,10716.76917018434,121.67691701843397,0.0,12297.305554982922,16.4,0.64,0.0,0.0,5.0,0.6449628755448891
1226,6,train_0064,12251.748223324177,10624.854518700984,112.48545187009842,0.0,12364.233675194275,16.8,0.74,0.0,0.0,5.0,0.6449628755448891
1227,6,train_0590,12106.960069017408,10492.157323678679,99.2157323678679,0.0,12206.175801385276,17.3,0.7,0.0,0.0,5.0,0.6449628755448891
1228,6,train_0092,12732.307230298407,10321.756924831669,82.17569248316687,0.0,12814.482922781574,17.26,0.66,0.0,0.0,5.0,0.6449628755448891
1229,6,train_0172,12464.009127128757,10604.87498428821,110.48749842882098,0.0,12574.496625557578,18.16,0.6,0.0,0.0,5.0,0.6449628755448891
1230,6,train_0492,12348.293853632527,10152.683745134038,65.2683745134038,0.0,12413.562228145931,18.18,0.58,0.0,0.0,5.0,0.6449628755448891
1231,6,train_0440,12868.318821900348,10166.56194659434,66.65619465943401,0.0,12934.975016559782,16.04,0.58,0.0,0.0,5.0,0.6449628755448891
1232,6,train_0582,12714.070842336627,10386.234169991532,88.62341699915324,0.0,12802.69425933578,15.52,0.54,0.0,0.0,5.0,0.6449628755448891
1233,6,train_0449,12442.536498430174,10687.011127171952,118.70111271719526,0.0,12561.23761114737,17.44,0.68,0.0,0.0,5.0,0.6449628755448891
1234,6,train_0382,12467.676281381333,11080.718148601236,158.0718148601236,0.0,12625.748096241456,15.48,0.58,0.0,0.0,5.0,0.6449628755448891
1235,6,train_0207,12009.91241483659,10175.830121962892,67.5830121962892,0.0,12077.49542703288,16.08,0.7,0.0,0.0,5.0,0.6449628755448891
1236,6,train_0002,12476.403245513424,10285.96446215361,78.596446215361,0.0,12554.999691728784,14.28,0.62,0.0,0.0,5.0,0.6449628755448891
1237,6,train_0074,12905.670948270868,10445.626724729576,94.56267247295764,0.0,13000.233620743826,14.38,0.66,0.0,0.0,5.0,0.6449628755448891
1238,6,train_0178,12569.311973069438,10025.93328705126,52.59332870512608,0.0,12621.905301774565,13.38,0.58,0.0,0.0,5.0,0.6449628755448891
1239,6,train_0024,11987.890572427672,10345.345922487104,84.5345922487104,0.0,12072.425164676382,16.78,0.58,0.0,0.0,5.0,0.6449628755448891
1240,6,train_0304,12778.513522839981,10947.231483788324,144.7231483788324,0.0,12923.236671218814,15.88,0.74,0.0,0.0,5.0,0.6449628755448891
1241,6,train_0466,12480.618607387725,10614.088147054475,111.40881470544755,0.0,12592.027422093173,18.7,0.58,0.0,0.0,5.0,0.6449628755448891
1242,6,train_0577,13196.512728669004,10732.978906943605,123.29789069436048,0.0,13319.810619363365,17.28,0.6,0.0,0.0,5.0,0.6449628755448891
1243,6,train_0293,11886.130752420831,10330.461897979923,83.04618979799234,0.0,11969.176942218824,14.34,0.56,0.0,0.0,5.0,0.6449628755448891
1244,6,train_0525,12100.345058360468,10686.238745472154,118.6238745472154,0.0,12218.968932907683,15.24,0.54,0.0,0.0,5.0,0.6449628755448891
1245,6,train_0591,12483.95323903182,10575.904471115271,107.59044711152711,0.0,12591.543686143346,17.6,0.74,0.0,0.0,5.0,0.6449628755448891
1246,6,train_0515,12270.382060423726,10519.434893906926,101.9434893906926,0.0,12372.325549814419,17.22,0.66,0.0,0.0,5.0,0.6449628755448891
1247,6,train_0278,12658.659137316676,10193.949446607918,69.39494466079178,0.0,12728.054081977467,17.22,0.64,0.0,0.0,5.0,0.6449628755448891
1248,6,train_0195,13085.813783923315,10636.452069292172,113.64520692921724,0.0,13199.458990852532,17.82,0.6,0.0,0.0,5.0,0.6449628755448891
1249,6,train_0586,12361.019745599242,10393.060097916921,89.30600979169213,0.0,12450.325755390933,15.28,0.58,0.0,0.0,5.0,0.6449628755448891
1250,6,train_0145,12342.102879337232,10207.241272067691,70.72412720676913,0.0,12412.827006544001,14.72,0.64,0.0,0.0,5.0,0.6449628755448891
1251,6,train_0246,12194.241763994596,10159.005176170816,65.90051761708165,0.0,12260.142281611677,17.34,0.48,0.0,0.0,5.0,0.6449628755448891
1252,6,train_0044,12287.720331840079,10658.266323933429,115.82663239334289,0.0,12403.546964233421,16.26,0.48,0.0,0.0,5.0,0.6449628755448891
1253,6,train_0476,12081.47435775779,10271.408404959428,77.14084049594277,0.0,12158.615198253732,17.9,0.52,0.0,0.0,5.0,0.6449628755448891
1254,6,train_0389,12153.184764905596,10320.287730714326,82.02877307143262,0.0,12235.21353797703,15.58,0.62,0.0,0.0,5.0,0.6449628755448891
1255,6,train_0050,12256.526860860837,10145.681032142475,64.56810321424746,0.0,12321.094964075084,14.94,0.56,0.0,0.0,5.0,0.6449628755448891
1256,6,train_0133,12563.224302273838,10580.920397156631,108.09203971566313,0.0,12671.3163419895,16.7,0.56,0.0,0.0,5.0,0.6449628755448891
1257,6,train_0333,12730.017302811175,10848.481331937575,134.84813319375755,0.0,12864.865436004933,16.5,0.56,0.0,0.0,5.0,0.6449628755448891
1258,6,train_0324,12505.73483521511,10275.876067565328,77.58760675653285,0.0,12583.322441971643,14.56,0.5,0.0,0.0,5.0,0.6449628755448891
1259,6,train_0481,12310.397120078338,10177.611793974213,67.76117939742126,0.0,12378.15829947576,15.12,0.54,0.0,0.0,5.0,0.6449628755448891
1260,6,train_0159,11978.551783200206,10052.656715147703,55.2656715147703,0.0,12033.817454714976,17.04,0.58,0.0,0.0,5.0,0.6449628755448891
1261,6,train_0554,12127.956856329292,10497.93619790184,99.79361979018395,0.0,12227.750476119476,14.18,0.6,0.0,0.0,5.0,0.6449628755448891
1262,6,train_0266,12614.590597390647,10288.578506688053,78.85785066880527,0.0,12693.448448059451,14.3,0.58,0.0,0.0,5.0,0.6449628755448891
1263,6,train_0493,12275.42511088462,10111.717873132806,61.17178731328059,0.0,12336.5968981979,17.22,0.7,0.0,0.0,5.0,0.6449628755448891
1264,6,train_0143,12819.186889929952,10529.55017811735,102.95501781173499,0.0,12922.141907741687,14.74,0.54,0.0,0.0,5.0,0.6449628755448891
1265,6,train_0022,12305.883518649622,10803.888211119025,130.3888211119025,0.0,12436.272339761525,16.08,0.64,0.0,0.0,5.0,0.6449628755448891
1266,6,train_0033,12594.560884329569,10712.998337340214,121.29983373402138,0.0,12715.86071806359,15.8,0.56,0.0,0.0,5.0,0.6449628755448891
1267,6,train_0223,12242.405776804317,10348.010524216232,84.80105242162318,0.0,12327.20682922594,15.72,0.68,0.0,0.0,5.0,0.6449628755448891
1268,6,train_0571,12180.788930389243,10209.278260610277,70.92782606102774,0.0,12251.71675645027,15.84,0.56,0.0,0.0,5.0,0.6449628755448891
1269,6,train_0029,12213.994584118085,10403.91000126401,90.39100012640102,0.0,12304.385584244486,15.42,0.58,0.0,0.0,5.0,0.6449628755448891
1270,6,train_0221,12293.854072909246,10473.775865678766,97.37758656787665,0.0,12391.231659477122,15.78,0.5,0.0,0.0,5.0,0.6449628755448891
1271,6,train_0065,12324.746990349728,10678.621488345532,117.86214883455324,0.0,12442.60913918428,14.36,0.58,0.0,0.0,5.0,0.6449628755448891
1272,6,train_0558,13188.239226115586,10459.795500714725,95.97955007147249,0.0,13284.218776187057,16.88,0.68,0.0,0.0,5.0,0.6449628755448891
1273,6,train_0405,12229.905562079552,10552.453886879319,105.2453886879319,0.0,12335.150950767484,16.4,0.68,0.0,0.0,5.0,0.6449628755448891
1274,6,train_0457,12152.302094762113,10722.514354899082,122.25143548990819,0.0,12274.553530252022,15.9,0.46,0.0,0.0,5.0,0.6449628755448891
1275,6,train_0427,12076.616506634564,10713.579152700106,121.35791527001057,0.0,12197.974421904575,16.58,0.64,0.0,0.0,5.0,0.6449628755448891
1276,6,train_0394,12569.761146317414,10562.778692275484,106.27786922754841,0.0,12676.039015544962,15.1,0.54,0.0,0.0,5.0,0.6449628755448891
1277,6,train_0464,12441.355045452528,10258.533251687903,75.85332516879025,0.0,12517.208370621318,16.26,0.56,0.0,0.0,5.0,0.6449628755448891
1278,6,train_0004,12606.198672663848,10879.755720083334,137.97557200833344,0.0,12744.174244672182,18.26,0.56,0.0,0.0,5.0,0.6449628755448891
1279,6,train_0519,12624.225372499035,10529.989496579898,102.99894965798977,0.0,12727.224322157024,17.02,0.54,0.0,0.0,5.0,0.6449628755448891
1280,6,train_0443,12835.682922466029,10456.745248174813,95.67452481748133,0.0,12931.35744728351,18.46,0.58,0.0,0.0,5.0,0.6449628755448891
1281,6,train_0443,12779.357539069419,10684.046672304186,118.40466723041864,0.0,12897.762206299838,15.78,0.6,0.0,0.0,5.0,0.6449628755448891
1282,6,train_0236,12572.9886312701,10174.973416828998,67.49734168289979,0.0,12640.485972953,19.1,0.62,0.0,0.0,5.0,0.6449628755448891
1283,6,train_0480,12572.283017108071,10449.218880466036,94.92188804660364,0.0,12667.204905154675,14.94,0.68,0.0,0.0,5.0,0.6449628755448891
1284,6,train_0229,12621.108305221594,10759.51366297535,125.95136629753506,0.0,12747.05967151913,14.74,0.56,0.0,0.0,5.0,0.6449628755448891
1285,6,train_0029,12043.302238104996,10591.273009402079,109.1273009402079,0.0,12152.429539045204,15.56,0.7,0.0,0.0,5.0,0.6449628755448891
1286,6,train_0544,12537.58655799398,10843.560861208327,134.3560861208327,0.0,12671.942644114813,15.1,0.64,0.0,0.0,5.0,0.6449628755448891
1287,6,train_0140,12322.145972998944,10255.900434510575,75.5900434510575,0.0,12397.73601645,16.06,0.58,0.0,0.0,5.0,0.6449628755448891
1288,6,train_0061,12371.112057482222,10027.481319349663,52.748131934966295,0.0,12423.860189417188,13.32,0.58,0.0,0.0,5.0,0.6449628755448891
1289,6,train_0373,12352.629409219859,10631.042200817863,113.10422008178631,0.0,12465.733629301645,16.24,0.66,0.0,0.0,5.0,0.6449628755448891
1290,6,train_0140,12182.56465569341,10285.186277178673,78.51862771786728,0.0,12261.083283411277,15.7,0.6,0.0,0.0,5.0,0.6449628755448891
1291,6,train_0514,12406.601631949656,10275.5314245296,77.55314245295995,0.0,12484.154774402616,15.12,0.62,0.0,0.0,5.0,0.6449628755448891
1292,6,train_0266,12529.590438671125,10289.536104369214,78.95361043692138,0.0,12608.544049108046,15.92,0.62,0.0,0.0,5.0,0.6449628755448891
1293,6,train_0002,12630.522242814888,9933.7943781467,43.37943781467002,0.0,12673.901680629559,13.46,0.62,0.0,0.0,5.0,0.6449628755448891
1294,6,train_0571,12159.670511648426,10526.611314545293,102.66113145452928,0.0,12262.331643102956,16.46,0.58,0.0,0.0,5.0,0.6449628755448891
1295,6,train_0308,12093.4286685761,10342.00108564325,84.20010856432492,0.0,12177.628777140424,17.8,0.52,0.0,0.0,5.0,0.6449628755448891
1296,6,train_0157,12518.5677782287,10137.53806569636,63.753806569636076,0.0,12582.321584798336,16.5,0.74,0.0,0.0,5.0,0.6449628755448891
1297,6,train_0406,12384.7930500617,10599.110271415848,109.91102714158478,0.0,12494.704077203285,17.08,0.66,0.0,0.0,5.0,0.6449628755448891
1298,6,train_0318,12347.0938938101,10631.326680514796,113.1326680514796,0.0,12460.22656186158,17.7,0.62,0.0,0.0,5.0,0.6449628755448891
1299,6,train_0017,12346.00016683189,10519.443197205372,101.94431972053718,0.0,12447.944486552426,15.8,0.62,0.0,0.0,5.0,0.6449628755448891
1300,6,train_0455,12626.785782016423,10965.220375325222,146.52203753252215,0.0,12773.307819548945,17.9,0.72,0.0,0.0,5.0,0.6449628755448891
1301,6,train_0240,12989.684816531048,10597.281455052056,109.72814550520562,0.0,13099.412962036253,16.76,0.6,0.0,0.0,5.0,0.6449628755448891
1302,6,train_0419,12358.64068526704,10400.29374725362,90.02937472536196,0.0,12448.670059992402,15.9,0.66,0.0,0.0,5.0,0.6449628755448891
1303,6,train_0537,12018.732225673073,10246.728659596392,74.67286595963924,0.0,12093.405091632712,17.08,0.6,0.0,0.0,5.0,0.6449628755448891
1304,6,train_0366,12294.290016425142,10479.751829138148,97.97518291381476,0.0,12392.265199338957,14.74,0.76,0.0,0.0,5.0,0.6449628755448891
1305,6,train_0402,12340.375367635668,10724.192868037535,122.4192868037535,0.0,12462.794654439422,17.36,0.62,0.0,0.0,5.0,0.6449628755448891
1306,6,train_0152,12359.5010971114,10698.144154149464,119.81441541494642,0.0,12479.315512526347,15.22,0.52,0.0,0.0,5.0,0.6449628755448891
1307,6,train_0142,12542.911470387266,10887.199388452349,138.7199388452349,0.0,12681.631409232501,15.84,0.72,0.0,0.0,5.0,0.6449628755448891
1308,6,train_0249,12623.451007808893,10602.175689445183,110.21756894451829,0.0,12733.66857675341,16.94,0.64,0.0,0.0,5.0,0.6449628755448891
1309,6,train_0511,11972.253201431884,10451.011495582763,95.1011495582763,0.0,12067.354350990161,17.08,0.66,0.0,0.0,5.0,0.6449628755448891
1310,6,train_0314,12124.308870527915,10438.034370406549,93.8034370406549,0.0,12218.11230756857,16.12,0.64,0.0,0.0,5.0,0.6449628755448891
1311,6,train_0208,12329.551059367284,10468.355753781196,96.83557537811959,0.0,12426.386634745404,15.88,0.62,0.0,0.0,5.0,0.6449628755448891
1312,6,train_0467,12864.05537263081,10653.03938122297,115.30393812229704,0.0,12979.359310753107,16.54,0.58,0.0,0.0,5.0,0.6449628755448891
1313,6,train_0512,12238.345609316302,10508.270178228262,100.8270178228262,0.0,12339.172627139129,16.26,0.6,0.0,0.0,5.0,0.6449628755448891
1314,6,train_0541,12471.34101522786,10619.68668647916,111.96866864791592,0.0,12583.309683875776,16.2,0.6,0.0,0.0,5.0,0.6449628755448891
1315,6,train_0179,12312.297453453586,10143.292925619833,64.32929256198331,0.0,12376.626746015569,14.02,0.54,0.0,0.0,5.0,0.6449628755448891
1316,6,train_0425,12622.038285899835,10663.52986125224,116.35298612522402,0.0,12738.39127202506,14.04,0.56,0.0,0.0,5.0,0.6449628755448891
1317,6,train_0354,12089.82424282789,10129.357962315897,62.93579623158967,0.0,12152.76003905948,15.04,0.62,0.0,0.0,5.0,0.6449628755448891
1318,6,train_0269,11975.715867643943,9922.125188940296,42.212518894029564,0.0,12017.928386537973,16.28,0.58,0.0,0.0,5.0,0.6449628755448891
1319,6,train_0238,12660.669145251399,10525.726275166617,102.57262751666167,0.0,12763.24177276806,17.78,0.48,0.0,0.0,5.0,0.6449628755448891
1320,6,train_0068,12322.400988254292,10694.940382908913,119.49403829089134,0.0,12441.895026545184,14.96,0.52,0.0,0.0,5.0,0.6449628755448891
1321,6,train_0164,12457.485996549789,10110.436674449982,61.04366744499821,0.0,12518.529663994786,14.84,0.64,0.0,0.0,5.0,0.6449628755448891
1322,6,train_0329,12196.104873677521,10190.151430924005,69.01514309240046,0.0,12265.12001676992,17.36,0.54,0.0,0.0,5.0,0.6449628755448891
1323,6,train_0531,12345.307092924155,10481.902669541025,98.19026695410248,0.0,12443.497359878258,17.54,0.62,0.0,0.0,5.0,0.6449628755448891
1324,6,train_0519,12687.20945305844,10672.113805112855,117.21138051128547,0.0,12804.420833569726,17.5,0.62,0.0,0.0,5.0,0.6449628755448891
1325,6,train_0112,12452.224814840294,10171.440714336533,67.14407143365334,0.0,12519.368886273947,18.02,0.64,0.0,0.0,5.0,0.6449628755448891
1326,6,train_0407,12476.933492168242,10236.914130275225,73.6914130275225,0.0,12550.624905195764,16.32,0.7,0.0,0.0,5.0,0.6449628755448891
1327,6,train_0050,12322.691752825387,10277.60830444606,77.76083044460593,0.0,12400.452583269993,14.34,0.52,0.0,0.0,5.0,0.6449628755448891
1328,6,train_0405,12628.054449586107,10832.53781896569,133.25378189656894,0.0,12761.308231482675,17.06,0.46,0.0,0.0,5.0,0.6449628755448891
1329,6,train_0205,12661.883825616518,10287.151038926093,78.7151038926093,0.0,12740.598929509128,16.16,0.68,0.0,0.0,5.0,0.6449628755448891
1330,6,train_0269,12142.680202794068,9698.814201607449,19.881420160744895,0.0,12162.561622954814,14.88,0.5,0.0,0.0,5.0,0.6449628755448891
1331,6,train_0430,12048.733063134387,10504.248745925706,100.42487459257063,0.0,12149.157937726957,15.48,0.68,0.0,0.0,5.0,0.6449628755448891
1332,6,train_0254,12508.453470199092,10300.505319690667,80.05053196906665,0.0,12588.50400216816,14.96,0.58,0.0,0.0,5.0,0.6449628755448891
1333,6,train_0484,12425.849737665823,10304.7298945435,80.47298945434996,0.0,12506.322727120174,14.14,0.64,0.0,0.0,5.0,0.6449628755448891
1334,6,train_0320,12274.728826374781,10483.5936362492,98.35936362491994,0.0,12373.088189999702,14.92,0.5,0.0,0.0,5.0,0.6449628755448891
1335,6,train_0599,12403.626460397765,10158.043459645345,65.80434596453452,0.0,12469.4308063623,16.38,0.48,0.0,0.0,5.0,0.6449628755448891
1336,6,train_0382,12420.571908867543,10746.369730753235,124.63697307532348,0.0,12545.208881942866,15.64,0.58,0.0,0.0,5.0,0.6449628755448891
1337,6,train_0177,12613.993435047496,10423.830952910936,92.38309529109357,0.0,12706.37653033859,14.24,0.58,0.0,0.0,5.0,0.6449628755448891
1338,6,train_0465,12597.197053616075,10769.482961245778,126.9482961245778,0.0,12724.145349740653,17.04,0.5,0.0,0.0,5.0,0.6449628755448891
1339,6,train_0244,12446.456055240018,10486.015007530183,98.60150075301827,0.0,12545.057555993037,15.82,0.64,0.0,0.0,5.0,0.6449628755448891
1340,6,train_0320,12538.19366021846,10383.602078649576,88.36020786495756,0.0,12626.553868083418,15.74,0.64,0.0,0.0,5.0,0.6449628755448891
1341,6,train_0082,12822.57417916515,10586.139258436602,108.61392584366023,0.0,12931.18810500881,15.92,0.6,0.0,0.0,5.0,0.6449628755448891
1342,6,train_0071,12502.713609267132,10733.090711350435,123.30907113504345,0.0,12626.022680402175,13.9,0.58,0.0,0.0,5.0,0.6449628755448891
1343,6,train_0344,11999.785088875442,10740.351905720956,124.0351905720956,0.0,12123.820279447538,16.44,0.56,0.0,0.0,5.0,0.6449628755448891
1344,6,train_0112,12165.73569454704,10388.632479609303,88.86324796093032,0.0,12254.59894250797,17.16,0.6,0.0,0.0,5.0,0.6449628755448891
1345,6,train_0598,12048.866475018895,10586.541495105499,108.65414951054991,0.0,12157.520624529445,13.42,0.66,0.0,0.0,5.0,0.6449628755448891
1346,6,train_0513,12380.545503445786,10288.301358900064,78.83013589000639,0.0,12459.375639335793,16.06,0.52,0.0,0.0,5.0,0.6449628755448891
1347,6,train_0420,12152.30528836164,10540.869968405575,104.08699684055756,0.0,12256.392285202197,15.08,0.68,0.0,0.0,5.0,0.6449628755448891
1348,6,train_0440,12789.879922922179,10696.244030554033,119.62440305540332,0.0,12909.504325977581,16.42,0.5,0.0,0.0,5.0,0.6449628755448891
1349,6,train_0357,12060.725845224708,10260.499009200114,76.04990092001135,0.0,12136.77574614472,14.62,0.54,0.0,0.0,5.0,0.6449628755448891
1350,6,train_0036,12035.797651885085,10329.360111322447,82.93601113224469,0.0,12118.733663017329,15.16,0.6,0.0,0.0,5.0,0.6449628755448891
1351,6,train_0235,12240.221232226206,10831.27067007296,133.12706700729595,0.0,12373.348299233501,16.1,0.54,0.0,0.0,5.0,0.6449628755448891
1352,6,train_0297,12337.089747639297,10267.51166004352,76.75116600435194,0.0,12413.84091364365,13.92,0.62,0.0,0.0,5.0,0.6449628755448891
1353,6,train_0549,12460.064338305066,10748.09746783051,124.80974678305103,0.0,12584.874085088117,15.36,0.5,0.0,0.0,5.0,0.6449628755448891
1354,6,train_0131,12833.37619547089,10815.826136353051,131.5826136353051,0.0,12964.958809106194,16.74,0.62,0.0,0.0,5.0,0.6449628755448891
1355,6,train_0298,11890.495431649431,9833.76124376989,33.37612437698899,0.0,11923.87155602642,15.14,0.74,0.0,0.0,5.0,0.6449628755448891
1356,6,train_0206,12519.984065584134,10509.3845374396,100.93845374396005,0.0,12620.922519328094,14.3,0.66,0.0,0.0,5.0,0.6449628755448891
1357,6,train_0080,12929.044710120965,10595.086336845343,109.50863368453429,0.0,13038.553343805499,14.76,0.34,0.0,0.0,5.0,0.6449628755448891
1358,6,train_0061,12285.60254188989,10285.24266283999,78.524266283999,0.0,12364.126808173889,14.68,0.6,0.0,0.0,5.0,0.6449628755448891
1359,6,train_0219,12360.935229755467,10468.716309436544,96.87163094365442,0.0,12457.806860699122,16.4,0.54,0.0,0.0,5.0,0.6449628755448891
1360,6,train_0049,12480.648192633817,10523.57010235342,102.35701023534203,0.0,12583.005202869159,15.16,0.54,0.0,0.0,5.0,0.6449628755448891
1361,6,train_0040,12446.802518227973,10350.267089580324,85.0267089580324,0.0,12531.829227186005,16.46,0.58,0.0,0.0,5.0,0.6449628755448891
1362,6,train_0210,11962.980671259884,10583.615248541766,108.36152485417661,0.0,12071.342196114061,14.28,0.4,0.0,0.0,5.0,0.6449628755448891
1363,6,train_0121,12190.626605783467,10187.497182100007,68.74971821000072,0.0,12259.376323993469,15.04,0.64,0.0,0.0,5.0,0.6449628755448891
1364,6,train_0332,12099.750737555289,10486.711257396917,98.67112573969172,0.0,12198.42186329498,14.7,0.78,0.0,0.0,5.0,0.6449628755448891
1365,6,train_0010,12232.28326781467,10577.199817828136,107.71998178281356,0.0,12340.003249597483,15.86,0.56,0.0,0.0,5.0,0.6449628755448891
1366,6,train_0181,11438.710380117764,9840.334709001268,34.03347090012685,0.0,11472.74385101789,16.64,0.66,0.0,0.0,5.0,0.6449628755448891
1367,6,train_0271,12073.31853633275,10322.82292046444,82.28229204644396,0.0,12155.600828379194,15.14,0.64,0.0,0.0,5.0,0.6449628755448891
1368,6,train_0577,12850.300113621834,11000.105131057277,150.01051310572765,0.0,13000.310626727562,15.42,0.6,0.0,0.0,5.0,0.6449628755448891
1369,6,train_0380,12166.80749754519,10219.495860758652,71.94958607586523,0.0,12238.757083621054,17.42,0.64,0.0,0.0,5.0,0.6449628755448891
1370,6,train_0528,12525.443584097411,10297.903577698555,79.79035776985548,0.0,12605.233941867267,12.9,0.42,0.0,0.0,5.0,0.6449628755448891
1371,6,train_0205,12679.528842602887,10438.801088323398,93.88010883233983,0.0,12773.408951435227,17.0,0.56,0.0,0.0,5.0,0.6449628755448891
1372,6,train_0269,11810.185007328979,10061.041968648198,56.104196864819826,0.0,11866.2892041938,14.82,0.66,0.0,0.0,5.0,0.6449628755448891
1373,6,train_0252,12010.178397240303,10198.425771924254,69.84257719242542,0.0,12080.020974432728,14.66,0.62,0.0,0.0,5.0,0.6449628755448891
1374,6,train_0532,12308.71356161551,10335.407495747357,83.54074957473568,0.0,12392.254311190245,16.2,0.66,0.0,0.0,5.0,0.6449628755448891
1375,6,train_0575,12438.98174304379,10801.597430600346,130.15974306003463,0.0,12569.141486103825,14.86,0.54,0.0,0.0,5.0,0.6449628755448891
1376,6,train_0577,13330.626521283823,10664.622568796844,116.46225687968436,0.0,13447.088778163507,16.68,0.64,0.0,0.0,5.0,0.6449628755448891
1377,6,train_0451,12197.616349057378,10848.414390008717,134.84143900087165,0.0,12332.45778805825,16.0,0.72,0.0,0.0,5.0,0.6449628755448891
1378,6,train_0301,12700.102259800013,10407.99402445316,90.79940244531609,0.0,12790.90166224533,14.74,0.48,0.0,0.0,5.0,0.6449628755448891
1379,6,train_0324,12188.808718642986,10464.70274903419,96.47027490341898,0.0,12285.278993546404,15.1,0.56,0.0,0.0,5.0,0.6449628755448891
1380,6,train_0588,12776.48410837922,10003.104880408831,50.31048804088314,0.0,12826.794596420103,18.94,0.58,0.0,0.0,5.0,0.6449628755448891
1381,6,train_0170,11982.293214383018,10139.386943117244,63.93869431172443,0.0,12046.231908694743,18.1,0.54,0.0,0.0,5.0,0.6449628755448891
1382,6,train_0208,12350.130695653266,10503.974863056535,100.39748630565356,0.0,12450.52818195892,13.6,0.44,0.0,0.0,5.0,0.6449628755448891
1383,6,train_0538,12467.444340625592,10668.06208088602,116.80620808860203,0.0,12584.250548714193,15.9,0.68,0.0,0.0,5.0,0.6449628755448891
1384,6,train_0231,12654.273987050357,10291.631084747825,79.16310847478253,0.0,12733.43709552514,14.62,0.48,0.0,0.0,5.0,0.6449628755448891
1385,6,train_0141,12701.000366180477,10557.510572118963,105.7510572118963,0.0,12806.751423392372,12.86,0.64,0.0,0.0,5.0,0.6449628755448891
1386,6,train_0336,12325.21380551063,10376.017821060695,87.60178210606955,0.0,12412.8155876167,15.0,0.62,0.0,0.0,5.0,0.6449628755448891
1387,6,train_0195,12457.202052093995,10754.223834026809,125.42238340268086,0.0,12582.624435496677,18.24,0.62,0.0,0.0,5.0,0.6449628755448891
1388,6,train_0534,12447.301277375358,10540.250380208921,104.02503802089214,0.0,12551.32631539625,16.52,0.48,0.0,0.0,5.0,0.6449628755448891
1389,6,train_0545,12229.962212881295,10503.44177807106,100.34417780710592,0.0,12330.306390688402,17.42,0.6,0.0,0.0,5.0,0.6449628755448891
1390,6,train_0183,12472.222248871183,10752.590333064121,125.25903330641214,0.0,12597.481282177596,14.46,0.6,0.0,0.0,5.0,0.6449628755448891
1391,6,train_0317,12142.215031590138,10415.776217353954,91.57762173539541,0.0,12233.792653325534,16.08,0.6,0.0,0.0,5.0,0.6449628755448891
1392,6,train_0590,12264.57184544854,10514.825133472465,101.48251334724647,0.0,12366.054358795785,15.88,0.72,0.0,0.0,5.0,0.6449628755448891
1393,6,train_0445,12464.090744087789,11131.638695995509,163.1638695995509,0.0,12627.25461368734,19.5,0.62,0.0,0.0,5.0,0.6449628755448891
1394,6,train_0129,12525.71259072559,10925.165063366876,142.5165063366876,0.0,12668.229097062278,14.78,0.68,0.0,0.0,5.0,0.6449628755448891
1395,6,train_0354,11880.167041748362,10040.207486206256,54.02074862062564,0.0,11934.187790368987,16.52,0.56,0.0,0.0,5.0,0.6449628755448891
1396,6,train_0371,12238.895768472023,10306.21081610733,80.62108161073303,0.0,12319.516850082755,16.18,0.54,0.0,0.0,5.0,0.6449628755448891
1397,6,train_0392,12484.576828262143,10550.573002035166,105.05730020351658,0.0,12589.63412846566,16.86,0.56,0.0,0.0,5.0,0.6449628755448891
1398,6,train_0015,12482.344676347566,10066.528360147851,56.65283601478514,0.0,12538.997512362352,15.42,0.6,0.0,0.0,5.0,0.6449628755448891
1399,6,train_0179,12188.28108047069,10350.956266962712,85.09562669627121,0.0,12273.37670716696,14.58,0.66,0.0,0.0,5.0,0.6449628755448891
1400,6,train_0512,12204.265894184762,10398.13684601392,89.81368460139203,0.0,12294.079578786153,14.86,0.54,0.0,0.0,5.0,0.6449628755448891
1401,6,train_0144,12491.82670666031,11305.499331311705,180.5499331311705,0.0,12672.37663979148,14.92,0.66,0.0,0.0,5.0,0.6449628755448891
1402,6,train_0179,12186.672186925192,10378.995076584744,87.89950765847443,0.0,12274.571694583667,15.48,0.5,0.0,0.0,5.0,0.6449628755448891
1403,6,train_0193,12324.75988536155,10311.826640569756,81.1826640569756,0.0,12405.942549418525,13.82,0.6,0.0,0.0,5.0,0.6449628755448891
1404,6,train_0106,12813.379054719993,10679.855037022426,117.98550370224257,0.0,12931.364558422236,17.02,0.62,0.0,0.0,5.0,0.6449628755448891
1405,6,train_0093,12099.042233304157,10208.251740273256,70.82517402732556,0.0,12169.867407331483,19.3,0.62,0.0,0.0,5.0,0.6449628755448891
1406,6,train_0208,12103.701455997438,10608.470174698352,110.8470174698352,0.0,12214.548473467274,14.64,0.58,0.0,0.0,5.0,0.6449628755448891
1407,6,train_0524,11876.02750087436,10250.677063387397,75.06770633873967,0.0,11951.095207213099,16.74,0.66,0.0,0.0,5.0,0.6449628755448891
1408,6,train_0000,12262.509306106109,9952.473738011173,45.247373801117284,0.0,12307.756679907226,15.26,0.52,0.0,0.0,5.0,0.6449628755448891
1409,6,train_0169,11928.411552195386,10485.152139778127,98.51521397781272,0.0,12026.9267661732,16.18,0.54,0.0,0.0,5.0,0.6449628755448891
1410,6,train_0036,12343.897191264394,9956.4185253102,45.64185253102005,0.0,12389.539043795414,15.28,0.66,0.0,0.0,5.0,0.6449628755448891
1411,6,train_0336,12279.075982187669,10341.96058179618,84.19605817961802,0.0,12363.272040367287,16.44,0.42,0.0,0.0,5.0,0.6449628755448891
1412,6,train_0150,12293.748661854523,10294.663191766207,79.46631917662071,0.0,12373.214981031144,18.14,0.66,0.0,0.0,5.0,0.6449628755448891
1413,6,train_0475,11906.329033343687,10381.834052839771,88.18340528397712,0.0,11994.512438627664,16.46,0.54,0.0,0.0,5.0,0.6449628755448891
1414,6,train_0351,12809.351361757099,10552.37975487699,105.23797548769909,0.0,12914.589337244797,15.96,0.62,0.0,0.0,5.0,0.6449628755448891
1415,6,train_0470,11998.336853104473,10404.573456904489,90.4573456904489,0.0,12088.794198794922,15.74,0.48,0.0,0.0,5.0,0.6449628755448891
1416,6,train_0380,12173.697566532579,10278.328575457559,77.83285754575591,0.0,12251.530424078335,17.26,0.64,0.0,0.0,5.0,0.6449628755448891
1417,6,train_0263,11845.215585085549,10066.779903590104,56.67799035901044,0.0,11901.89357544456,14.08,0.76,0.0,0.0,5.0,0.6449628755448891
1418,6,train_0516,12846.17744092396,10384.006390978264,88.4006390978264,0.0,12934.578080021787,14.78,0.56,0.0,0.0,5.0,0.6449628755448891
1419,6,train_0285,12278.20898861529,10310.922306848875,81.09223068488755,0.0,12359.301219300178,14.98,0.74,0.0,0.0,5.0,0.6449628755448891
1420,6,train_0569,12182.001471007818,10220.978363668095,72.0978363668095,0.0,12254.099307374627,15.76,0.64,0.0,0.0,5.0,0.6449628755448891
1421,6,train_0596,12206.951245706616,10220.381072067534,72.03810720675338,0.0,12278.98935291337,16.42,0.56,0.0,0.0,5.0,0.6449628755448891
1422,6,train_0353,11998.78410673148,10285.376706332474,78.5376706332474,0.0,12077.321777364728,15.44,0.46,0.0,0.0,5.0,0.6449628755448891
1423,6,train_0404,13008.762303149682,10849.854786553846,134.98547865538458,0.0,13143.747781805067,16.82,0.64,0.0,0.0,5.0,0.6449628755448891
1424,7,train_0153,12396.26223327616,10626.874590813797,112.68745908137971,0.0,12508.94969235754,17.3,0.84,0.0,0.0,5.0,0.6449628755448891
1425,7,train_0488,12413.040343399507,10588.562073006506,108.85620730065057,0.0,12521.896550700158,14.78,0.64,0.0,0.0,5.0,0.6449628755448891
1426,7,train_0402,12393.925867008013,10664.275386606763,116.42753866067633,0.0,12510.35340566869,16.26,0.66,0.0,0.0,5.0,0.6449628755448891
1427,7,train_0541,12343.633104471444,10928.821326495572,142.8821326495572,0.0,12486.515237121002,16.5,0.58,0.0,0.0,5.0,0.6449628755448891
1428,7,train_0160,12409.789228448415,10613.111905759244,111.31119057592441,0.0,12521.10041902434,15.74,0.62,0.0,0.0,5.0,0.6449628755448891
1429,7,train_0472,12182.522708562748,10816.024823894535,131.6024823894535,0.0,12314.125190952202,15.08,0.54,0.0,0.0,5.0,0.6449628755448891
1430,7,train_0282,12015.671798164345,10402.766539818303,90.27665398183035,0.0,12105.948452146175,15.82,0.62,0.0,0.0,5.0,0.6449628755448891
1431,7,train_0111,12228.695724494964,10332.849044551927,83.28490445519274,0.0,12311.980628950158,15.36,0.46,0.0,0.0,5.0,0.6449628755448891
1432,7,train_0102,12409.028329774283,10362.450041221855,86.24500412218549,0.0,12495.273333896468,13.28,0.68,0.0,0.0,5.0,0.6449628755448891
1433,7,train_0337,11888.37966480446,10210.547823402456,71.05478234024558,0.0,11959.434447144706,16.04,0.56,0.0,0.0,5.0,0.6449628755448891
1434,7,train_0191,12579.141073105267,10427.534055193104,92.7534055193104,0.0,12671.894478624577,15.72,0.56,0.0,0.0,5.0,0.6449628755448891
1435,7,train_0061,12195.487510048748,10375.730195110184,87.57301951101836,0.0,12283.060529559767,14.78,0.58,0.0,0.0,5.0,0.6449628755448891
1436,7,train_0256,12506.75746675771,10388.080151329259,88.8080151329259,0.0,12595.565481890637,14.98,0.58,0.0,0.0,5.0,0.6449628755448891
1437,7,train_0391,12181.129278097862,10438.683757258073,93.86837572580735,0.0,12274.99765382367,14.1,0.54,0.0,0.0,5.0,0.6449628755448891
1438,7,train_0191,12421.585068190798,10505.913313360334,100.59133133603336,0.0,12522.17639952683,15.84,0.54,0.0,0.0,5.0,0.6449628755448891
1439,7,train_0573,11938.192423486385,10180.886120092133,68.08861200921329,0.0,12006.281035495598,16.88,0.54,0.0,0.0,5.0,0.6449628755448891
1440,7,train_0467,12681.438298750792,10979.730526276257,147.97305262762566,0.0,12829.411351378418,16.08,0.6,0.0,0.0,5.0,0.6449628755448891
1441,7,train_0307,12218.777871614715,10461.627341921092,96.16273419210921,0.0,12314.940605806823,16.58,0.62,0.0,0.0,5.0,0.6449628755448891
1442,7,train_0560,12210.785998497988,10627.036767474889,112.70367674748887,0.0,12323.489675245477,17.36,0.62,0.0,0.0,5.0,0.6449628755448891
1443,7,train_0259,12752.4618444231,10475.018543836639,97.5018543836639,0.0,12849.963698806763,16.38,0.54,0.0,0.0,5.0,0.6449628755448891
1444,7,train_0083,11931.815041442587,10407.51932600393,90.75193260039305,0.0,12022.56697404298,15.06,0.54,0.0,0.0,5.0,0.6449628755448891
1445,7,train_0021,12714.079527951992,10502.429569167103,100.24295691671033,0.0,12814.322484868702,16.54,0.6,0.0,0.0,5.0,0.6449628755448891
1446,7,train_0562,12353.723877755347,10575.552602824302,107.55526028243021,0.0,12461.279138037777,16.12,0.7,0.0,0.0,5.0,0.6449628755448891
1447,7,train_0575,12620.749105710274,10681.429862310015,118.14298623100149,0.0,12738.892091941276,17.18,0.62,0.0,0.0,5.0,0.6449628755448891
1448,7,train_0443,12800.620629821271,10539.976921929887,103.9976921929887,0.0,12904.61832201426,17.12,0.7,0.0,0.0,5.0,0.6449628755448891
1449,7,train_0061,12188.06696123867,10277.835649670145,77.78356496701454,0.0,12265.850526205684,15.18,0.56,0.0,0.0,5.0,0.6449628755448891
1450,7,train_0176,12658.637209376871,10851.925466870132,135.19254668701325,0.0,12793.829756063884,15.7,0.58,0.0,0.0,5.0,0.6449628755448891
1451,7,train_0024,11898.813899034009,10114.735939043652,61.47359390436523,0.0,11960.287492938374,15.98,0.54,0.0,0.0,5.0,0.6449628755448891
1452,7,train_0030,12083.759582152417,10332.574409659697,83.25744096596974,0.0,12167.017023118387,16.9,0.44,0.0,0.0,5.0,0.6449628755448891
1453,7,train_0147,12465.345624703448,10623.154629522456,112.31546295224562,0.0,12577.661087655693,17.14,0.46,0.0,0.0,5.0,0.6449628755448891
1454,7,train_0343,13047.048545360782,10914.305306688912,141.43053066889115,0.0,13188.479076029673,17.2,0.52,0.0,0.0,5.0,0.6449628755448891
1455,7,train_0039,12339.491602583945,10809.461765008677,130.94617650086767,0.0,12470.437779084812,17.0,0.7,0.0,0.0,5.0,0.6449628755448891
1456,7,train_0590,12161.783473889296,10501.091355449518,100.10913554495183,0.0,12261.892609434248,17.9,0.56,0.0,0.0,5.0,0.6449628755448891
1457,7,train_0273,12866.247336696892,10284.793660168658,78.4793660168658,0.0,12944.726702713757,17.78,0.7,0.0,0.0,5.0,0.6449628755448891
1458,7,train_0158,12139.41172537365,10710.88611416434,121.08861141643393,0.0,12260.500336790083,17.58,0.6,0.0,0.0,5.0,0.6449628755448891
1459,7,train_0309,12261.612213890783,10713.889132959055,121.38891329590552,0.0,12383.001127186688,15.0,0.5,0.0,0.0,5.0,0.6449628755448891
1460,7,train_0474,12370.706652138517,10704.91083637793,120.49108363779305,0.0,12491.19773577631,14.7,0.5,0.0,0.0,5.0,0.6449628755448891
1461,7,train_0187,12215.739718347199,10242.692476075543,74.26924760755428,0.0,12290.008965954752,14.44,0.5,0.0,0.0,5.0,0.6449628755448891
1462,7,train_0028,12508.919517220187,10515.732803636023,101.57328036360232,0.0,12610.492797583789,17.0,0.54,0.0,0.0,5.0,0.6449628755448891
1463,7,train_0030,12140.109578722608,10557.509611296162,105.7509611296162,0.0,12245.860539852223,16.4,0.5,0.0,0.0,5.0,0.6449628755448891
1464,7,train_0511,12067.903657334233,10051.480897047071,55.14808970470713,0.0,12123.05174703894,15.52,0.56,0.0,0.0,5.0,0.6449628755448891
1465,7,train_0066,12556.985103683568,10425.4546628724,92.54546628724002,0.0,12649.530569970808,19.14,0.56,0.0,0.0,5.0,0.6449628755448891
1466,7,train_0381,12144.051010513012,10192.838981399305,69.28389813993054,0.0,12213.334908652943,14.82,0.54,0.0,0.0,5.0,0.6449628755448891
1467,7,train_0230,12342.400218872448,10313.9251707118,81.39251707118001,0.0,12423.792735943629,16.26,0.7,0.0,0.0,5.0,0.6449628755448891
1468,7,train_0466,12467.392744276762,10528.501688649436,102.8501688649436,0.0,12570.242913141705,17.44,0.62,0.0,0.0,5.0,0.6449628755448891
1469,7,train_0036,12190.431084732221,10523.460018333088,102.34600183330878,0.0,12292.77708656553,14.14,0.52,0.0,0.0,5.0,0.6449628755448891
1470,7,train_0538,12606.208229934135,10807.712581052503,130.77125810525033,0.0,12736.979488039386,15.96,0.62,0.0,0.0,5.0,0.6449628755448891
1471,7,train_0418,12825.052853495823,10279.03425380631,77.90342538063106,0.0,12902.956278876454,17.72,0.62,0.0,0.0,5.0,0.6449628755448891
1472,7,train_0269,11951.294121615947,10043.152654189267,54.31526541892672,0.0,12005.609387034874,15.2,0.7,0.0,0.0,5.0,0.6449628755448891
1473,7,train_0124,12537.717578882106,10532.441084754071,103.24410847540713,0.0,12640.961687357512,18.36,0.5,0.0,0.0,5.0,0.6449628755448891
1474,7,train_0586,12270.035960337946,10719.247025568706,121.92470255687059,0.0,12391.960662894817,15.72,0.58,0.0,0.0,5.0,0.6449628755448891
1475,7,train_0181,11535.353574748782,9850.54822679611,35.054822679611064,0.0,11570.408397428393,16.42,0.52,0.0,0.0,5.0,0.6449628755448891
1476,7,train_0294,12178.493994588207,10314.821582972081,81.48215829720812,0.0,12259.976152885414,16.64,0.6,0.0,0.0,5.0,0.6449628755448891
1477,7,train_0236,12414.346019473163,10397.009649073283,89.70096490732831,0.0,12504.046984380491,18.5,0.68,0.0,0.0,5.0,0.6449628755448891
1478,7,train_0138,12337.884924913316,10280.072619323351,78.00726193233514,0.0,12415.892186845651,14.72,0.52,0.0,0.0,5.0,0.6449628755448891
1479,7,train_0249,12260.608752052602,10622.672796144092,112.2672796144092,0.0,12372.87603166701,15.52,0.56,0.0,0.0,5.0,0.6449628755448891
1480,7,train_0090,12295.836492878323,10792.82890856976,129.28289085697597,0.0,12425.119383735298,14.96,0.66,0.0,0.0,5.0,0.6449628755448891
1481,7,train_0000,11942.910472321048,10406.984302609992,90.69843026099916,0.0,12033.608902582047,16.36,0.5,0.0,0.0,5.0,0.6449628755448891
1482,7,train_0173,12582.306728757472,10554.990312079139,105.49903120791387,0.0,12687.805759965386,18.08,0.54,0.0,0.0,5.0,0.6449628755448891
1483,7,train_0067,12098.152757717966,10340.927728861125,84.09277288611247,0.0,12182.24553060408,18.28,0.56,0.0,0.0,5.0,0.6449628755448891
1484,7,train_0248,12225.216407560642,10679.199883090325,117.91998830903249,0.0,12343.136395869675,14.82,0.64,0.0,0.0,5.0,0.6449628755448891
1485,7,train_0517,12607.775718695773,10251.691831325992,75.16918313259922,0.0,12682.944901828372,16.86,0.54,0.0,0.0,5.0,0.6449628755448891
1486,7,train_0097,12303.4160174703,10288.162139873515,78.81621398735152,0.0,12382.23223145765,15.94,0.66,0.0,0.0,5.0,0.6449628755448891
1487,7,train_0000,12297.51450782739,10056.046055413126,55.604605541312594,0.0,12353.119113368703,14.84,0.6,0.0,0.0,5.0,0.6449628755448891
1488,7,train_0066,12781.223883333627,10179.53843700001,67.95384370000102,0.0,12849.177727033628,18.8,0.56,0.0,0.0,5.0,0.6449628755448891
1489,7,train_0304,12426.468677231249,10803.371599694221,130.33715996942212,0.0,12556.80583720067,17.56,0.56,0.0,0.0,5.0,0.6449628755448891
1490,7,train_0164,11984.941165753371,10604.910889633675,110.49108896336747,0.0,12095.43225471674,12.38,0.6,0.0,0.0,5.0,0.6449628755448891
1491,7,train_0293,11927.974306117734,10220.408138179557,72.04081381795568,0.0,12000.01511993569,16.46,0.68,0.0,0.0,5.0,0.6449628755448891
1492,7,train_0017,12238.617587063229,10494.912931535528,99.49129315355276,0.0,12338.108880216781,14.52,0.62,0.0,0.0,5.0,0.6449628755448891
1493,7,train_0199,12480.149346213335,10712.830959409994,121.28309594099937,0.0,12601.432442154335,15.88,0.7,0.0,0.0,5.0,0.6449628755448891
1494,7,train_0246,12220.717176954975,10240.837922390543,74.08379223905432,0.0,12294.80096919403,15.8,0.48,0.0,0.0,5.0,0.6449628755448891
1495,7,train_0258,12661.650922941713,10941.702626154623,144.17026261546235,0.0,12805.821185557175,15.74,0.54,0.0,0.0,5.0,0.6449628755448891
1496,7,train_0330,12045.964238164408,10064.694076150814,56.4694076150814,0.0,12102.433645779489,15.88,0.74,0.0,0.0,5.0,0.6449628755448891
1497,7,train_0468,11805.512619012097,10447.649960258188,94.7649960258188,0.0,11900.277615037916,15.1,0.6,0.0,0.0,5.0,0.6449628755448891
1498,7,train_0280,12484.078589850073,10560.590368334942,106.05903683349425,0.0,12590.137626683567,15.78,0.66,0.0,0.0,5.0,0.6449628755448891
1499,7,train_0504,12440.502861644101,10367.845669650542,86.78456696505418,0.0,12527.287428609156,15.16,0.56,0.0,0.0,5.0,0.6449628755448891
1500,7,train_0317,12050.20447408689,10440.22012665734,94.02201266573394,0.0,12144.226486752623,15.98,0.58,0.0,0.0,5.0,0.6449628755448891
1501,7,train_0156,12114.02154776422,10584.908581734133,108.4908581734133,0.0,12222.512405937632,15.86,0.52,0.0,0.0,5.0,0.6449628755448891
1502,7,train_0137,12051.85925036719,10222.197712028646,72.21977120286465,0.0,12124.079021570054,16.18,0.6,0.0,0.0,5.0,0.6449628755448891
1503,7,train_0193,12532.778464729196,10724.911088745708,122.49110887457083,0.0,12655.269573603766,13.66,0.52,0.0,0.0,5.0,0.6449628755448891
1504,7,train_0358,12322.366700400846,10478.26763654145,97.826763654145,0.0,12420.193464054992,15.5,0.52,0.0,0.0,5.0,0.6449628755448891
1505,7,train_0145,12428.74477196691,10281.531329382573,78.1531329382573,0.0,12506.897904905169,14.78,0.5,0.0,0.0,5.0,0.6449628755448891
1506,7,train_0548,12627.466184368692,10690.910812246213,119.0910812246213,0.0,12746.557265593314,16.14,0.46,0.0,0.0,5.0,0.6449628755448891
1507,7,train_0287,12515.326899785457,10478.338067545892,97.8338067545892,0.0,12613.160706540046,16.32,0.62,0.0,0.0,5.0,0.6449628755448891
1508,7,train_0517,12649.227391584554,10696.269076205579,119.62690762055792,0.0,12768.854299205112,16.62,0.6,0.0,0.0,5.0,0.6449628755448891
1509,7,train_0409,12866.940689525669,10710.708812301149,121.0708812301149,0.0,12988.011570755783,20.02,0.68,0.0,0.0,5.0,0.6449628755448891
1510,7,train_0200,12373.823357031877,10488.552200388756,98.85522003887564,0.0,12472.678577070752,17.84,0.54,0.0,0.0,5.0,0.6449628755448891
1511,7,train_0136,12346.778520503965,10356.017581189593,85.60175811895934,0.0,12432.380278622924,15.92,0.58,0.0,0.0,5.0,0.6449628755448891
1512,7,train_0446,12364.128004005091,10166.130962011932,66.61309620119319,0.0,12430.741100206285,16.38,0.6,0.0,0.0,5.0,0.6449628755448891
1513,7,train_0198,11621.47376779537,10130.212220985151,63.02122209851514,0.0,11684.494989893887,16.68,0.52,0.0,0.0,5.0,0.6449628755448891
1514,7,train_0148,12297.033812881871,10805.440162990915,130.54401629909154,0.0,12427.577829180962,17.8,0.46,0.0,0.0,5.0,0.6449628755448891
1515,7,train_0558,12483.468788939204,10834.805412941607,133.4805412941607,0.0,12616.949330233365,15.54,0.54,0.0,0.0,5.0,0.6449628755448891
1516,7,train_0289,12828.12377055345,11088.24618232885,158.82461823288506,0.0,12986.948388786335,16.42,0.5,0.0,0.0,5.0,0.6449628755448891
1517,7,train_0029,12187.187502029688,10524.611590980905,102.4611590980905,0.0,12289.64866112778,15.52,0.66,0.0,0.0,5.0,0.6449628755448891
1518,7,train_0296,12596.122897558082,10536.933572316739,103.69335723167387,0.0,12699.816254789755,15.42,0.52,0.0,0.0,5.0,0.6449628755448891
1519,7,train_0276,12225.961193861618,10093.50945992244,59.35094599224394,0.0,12285.312139853862,15.0,0.62,0.0,0.0,5.0,0.6449628755448891
1520,7,train_0518,12382.481267499981,10526.240505263753,102.62405052637533,0.0,12485.105318026357,15.56,0.62,0.0,0.0,5.0,0.6449628755448891
1521,7,train_0426,12368.510739962545,10375.208355675053,87.52083556750532,0.0,12456.03157553005,17.42,0.6,0.0,0.0,5.0,0.6449628755448891
1522,7,train_0114,12085.146596673967,10470.855119968508,97.08551199685081,0.0,12182.232108670818,15.1,0.54,0.0,0.0,5.0,0.6449628755448891
1523,7,train_0090,12472.214747218422,10733.390741538731,123.33907415387313,0.0,12595.553821372296,13.14,0.52,0.0,0.0,5.0,0.6449628755448891
1524,7,train_0362,12136.110529631973,10119.66872940766,61.96687294076601,0.0,12198.077402572739,16.04,0.6,0.0,0.0,5.0,0.6449628755448891
1525,7,train_0028,12519.353550259431,10436.124396967862,93.61243969678617,0.0,12612.965989956218,18.22,0.48,0.0,0.0,5.0,0.6449628755448891
1526,7,train_0191,12616.761976628894,10434.738405876713,93.4738405876713,0.0,12710.235817216564,16.3,0.46,0.0,0.0,5.0,0.6449628755448891
1527,7,train_0082,12908.382700310402,10350.607801663806,85.06078016638058,0.0,12993.443480476782,16.48,0.6,0.0,0.0,5.0,0.6449628755448891
1528,7,train_0012,13041.549110857652,10330.399397791434,83.03993977914342,0.0,13124.589050636794,16.7,0.74,0.0,0.0,5.0,0.6449628755448891
1529,7,train_0551,11897.557240317969,10401.776268865393,90.1776268865393,0.0,11987.734867204508,17.12,0.68,0.0,0.0,5.0,0.6449628755448891
1530,7,train_0053,12493.221450733741,10558.33626796973,105.83362679697294,0.0,12599.055077530715,14.5,0.62,0.0,0.0,5.0,0.6449628755448891
1531,7,train_0005,12052.365667738995,10217.81258039416,71.78125803941603,0.0,12124.146925778412,18.74,0.62,0.0,0.0,5.0,0.6449628755448891
1532,7,train_0559,12299.095800245508,10881.537814298192,138.1537814298192,0.0,12437.249581675327,18.52,0.52,0.0,0.0,5.0,0.6449628755448891
1533,7,train_0112,12512.595068724488,10410.174372295933,91.01743722959327,0.0,12603.612505954081,17.08,0.52,0.0,0.0,5.0,0.6449628755448891
1534,7,train_0489,12002.166955423709,10095.423234917607,59.542323491760726,0.0,12061.70927891547,17.16,0.48,0.0,0.0,5.0,0.6449628755448891
1535,7,train_0018,12292.188546486685,10663.329912701167,116.3329912701167,0.0,12408.521537756802,16.2,0.64,0.0,0.0,5.0,0.6449628755448891
1536,7,train_0092,12728.983732457156,10316.716341749712,81.67163417497123,0.0,12810.655366632127,16.98,0.56,0.0,0.0,5.0,0.6449628755448891
1537,7,train_0066,12317.502184859282,10544.114599730961,104.41145997309614,0.0,12421.913644832379,16.62,0.62,0.0,0.0,5.0,0.6449628755448891
1538,7,train_0423,12280.325525622116,10276.75390005804,77.675390005804,0.0,12358.000915627921,17.78,0.6,0.0,0.0,5.0,0.6449628755448891
1539,7,train_0372,12372.625550731025,10615.801893304322,111.58018933043223,0.0,12484.205740061458,17.3,0.68,0.0,0.0,5.0,0.6449628755448891
1540,7,train_0285,12387.98666489523,10703.754748290885,120.37547482908849,0.0,12508.362139724319,15.24,0.52,0.0,0.0,5.0,0.6449628755448891
1541,7,train_0144,12633.048973195342,11105.876607026046,160.58766070260464,0.0,12793.636633897946,15.44,0.52,0.0,0.0,5.0,0.6449628755448891
1542,7,train_0053,12503.130415763682,10232.235538811974,73.2235538811974,0.0,12576.353969644879,16.18,0.56,0.0,0.0,5.0,0.6449628755448891
1543,7,train_0341,12529.927180827193,10793.837070011965,129.38370700119648,0.0,12659.31088782839,16.28,0.68,0.0,0.0,5.0,0.6449628755448891
1544,7,train_0138,12189.45311828845,10584.507882231119,108.45078822311189,0.0,12297.903906511561,16.18,0.54,0.0,0.0,5.0,0.6449628755448891
1545,7,train_0354,11877.28132058229,10018.830992682218,51.883099268221855,0.0,11929.164419850511,15.68,0.68,0.0,0.0,5.0,0.6449628755448891
1546,7,train_0412,12057.211351387987,10357.561325864366,85.75613258643662,0.0,12142.967483974424,15.66,0.58,0.0,0.0,5.0,0.6449628755448891
1547,7,train_0509,11885.134841796294,10642.530114546767,114.25301145467675,0.0,11999.387853250972,13.68,0.5,0.0,0.0,5.0,0.6449628755448891
1548,7,train_0296,12815.04410700417,10289.028233242036,78.90282332420357,0.0,12893.946930328375,16.52,0.48,0.0,0.0,5.0,0.6449628755448891
1549,7,train_0002,12350.184436061685,10180.31224542564,68.03122454256409,0.0,12418.21566060425,13.8,0.54,0.0,0.0,5.0,0.6449628755448891
1550,7,train_0168,12694.81915633461,10495.008081860062,99.50080818600618,0.0,12794.319964520617,16.96,0.52,0.0,0.0,5.0,0.6449628755448891
1551,7,train_0512,12303.903643409114,10490.778383711273,99.0778383711273,0.0,12402.981481780242,15.86,0.58,0.0,0.0,5.0,0.6449628755448891
1552,7,train_0319,12243.178572351331,10552.051720617887,105.20517206178866,0.0,12348.38374441312,15.44,0.48,0.0,0.0,5.0,0.6449628755448891
1553,7,train_0371,11967.33354121448,10393.661848230375,89.36618482303749,0.0,12056.699726037517,15.78,0.5,0.0,0.0,5.0,0.6449628755448891
1554,7,train_0274,12227.071467886002,10792.506013037797,129.2506013037797,0.0,12356.322069189782,16.2,0.58,0.0,0.0,5.0,0.6449628755448891
1555,7,train_0097,12187.010977509977,10381.046202353888,88.10462023538877,0.0,12275.115597745365,18.1,0.74,0.0,0.0,5.0,0.6449628755448891
1556,7,train_0538,12630.250044220844,10758.380994071824,125.83809940718238,0.0,12756.088143628027,14.94,0.7,0.0,0.0,5.0,0.6449628755448891
1557,7,train_0463,11995.529097386094,10358.228426367501,85.82284263675011,0.0,12081.351940022843,14.92,0.58,0.0,0.0,5.0,0.6449628755448891
1558,7,train_0597,12184.584272758237,10551.46927600244,105.1469276002441,0.0,12289.731200358481,16.62,0.42,0.0,0.0,5.0,0.6449628755448891
1559,7,train_0513,12155.677036232126,10406.409000522119,90.64090005221188,0.0,12246.317936284338,16.1,0.62,0.0,0.0,5.0,0.6449628755448891
1560,7,train_0174,12080.304887106224,10811.693902532723,131.1693902532723,0.0,12211.474277359495,15.88,0.54,0.0,0.0,5.0,0.6449628755448891
1561,7,train_0152,12159.880698865209,10631.57921078883,113.15792107888302,0.0,12273.03861994409,16.0,0.48,0.0,0.0,5.0,0.6449628755448891
1562,7,train_0149,12472.847204407659,10706.151612559777,120.61516125597774,0.0,12593.462365663636,17.16,0.44,0.0,0.0,5.0,0.6449628755448891
1563,7,train_0551,11986.425080072946,10463.37043246374,96.33704324637402,0.0,12082.76212331932,15.68,0.58,0.0,0.0,5.0,0.6449628755448891
1564,7,train_0334,12612.876662369697,10259.406915680378,75.9406915680378,0.0,12688.817353937735,16.24,0.46,0.0,0.0,5.0,0.6449628755448891
1565,7,train_0272,12597.211274979394,10376.43160720904,87.64316072090406,0.0,12684.854435700297,15.12,0.56,0.0,0.0,5.0,0.6449628755448891
1566,7,train_0580,12900.057372624819,10474.523934939823,97.45239349398236,0.0,12997.509766118801,16.24,0.62,0.0,0.0,5.0,0.6449628755448891
1567,7,train_0362,12232.319293812841,10386.474116190173,88.6474116190173,0.0,12320.966705431858,15.14,0.54,0.0,0.0,5.0,0.6449628755448891
1568,7,train_0545,12067.21454029308,10351.115086295738,85.11150862957385,0.0,12152.326048922654,18.88,0.54,0.0,0.0,5.0,0.6449628755448891
1569,7,train_0590,12177.414491176442,10465.68812039047,96.56881203904705,0.0,12273.98330321549,17.38,0.52,0.0,0.0,5.0,0.6449628755448891
1570,7,train_0047,12079.889445496696,10428.787813332416,92.87878133324158,0.0,12172.768226829938,14.82,0.64,0.0,0.0,5.0,0.6449628755448891
1571,7,train_0216,11879.84619175544,10417.303806882366,91.73038068823662,0.0,11971.576572443677,18.34,0.56,0.0,0.0,5.0,0.6449628755448891
1572,7,train_0440,12719.907154274832,11185.60361205207,168.56036120520696,0.0,12888.467515480039,15.6,0.64,0.0,0.0,5.0,0.6449628755448891
1573,7,train_0487,12262.259289477435,10513.60480635309,101.36048063530907,0.0,12363.619770112744,15.5,0.7,0.0,0.0,5.0,0.6449628755448891
1574,7,train_0089,12681.371905276814,10573.824757722181,107.3824757722181,0.0,12788.754381049032,15.9,0.52,0.0,0.0,5.0,0.6449628755448891
1575,7,train_0191,12225.051347710492,10666.960216927997,116.6960216927997,0.0,12341.747369403292,15.5,0.54,0.0,0.0,5.0,0.6449628755448891
1576,7,train_0328,12294.333187498902,10543.182080094533,104.31820800945334,0.0,12398.651395508356,15.56,0.56,0.0,0.0,5.0,0.6449628755448891
1577,7,train_0479,12380.040114277872,11121.155965518366,162.11559655183666,0.0,12542.15571082971,16.26,0.58,0.0,0.0,5.0,0.6449628755448891
1578,7,train_0067,11974.161018463328,10512.090773981192,101.20907739811919,0.0,12075.370095861448,15.7,0.54,0.0,0.0,5.0,0.6449628755448891
1579,7,train_0360,12221.470407562281,10297.126926085984,79.71269260859845,0.0,12301.18310017088,16.24,0.54,0.0,0.0,5.0,0.6449628755448891
1580,7,train_0177,12353.051536474204,10567.671990655923,106.7671990655923,0.0,12459.818735539797,13.72,0.64,0.0,0.0,5.0,0.6449628755448891
1581,7,train_0129,12994.976514771997,10732.297111101772,123.22971111017723,0.0,13118.206225882175,13.62,0.52,0.0,0.0,5.0,0.6449628755448891
1582,7,train_0309,12632.036924292903,10630.564187657052,113.05641876570517,0.0,12745.093343058608,12.86,0.54,0.0,0.0,5.0,0.6449628755448891
1583,7,train_0248,12355.212954022027,10509.876149761923,100.98761497619235,0.0,12456.20056899822,17.0,0.6,0.0,0.0,5.0,0.6449628755448891
1584,7,train_0381,12122.995234958718,9960.423032675768,46.04230326757679,0.0,12169.037538226296,14.24,0.56,0.0,0.0,5.0,0.6449628755448891
1585,7,train_0190,12738.5269202262,10903.333366467396,140.33333664673955,0.0,12878.86025687294,17.0,0.54,0.0,0.0,5.0,0.6449628755448891
1586,7,train_0493,12010.292347634415,10408.12564717992,90.81256471799207,0.0,12101.104912352406,16.62,0.52,0.0,0.0,5.0,0.6449628755448891
1587,7,train_0046,12209.463225407873,10141.56076172869,64.15607617286896,0.0,12273.619301580742,15.96,0.64,0.0,0.0,5.0,0.6449628755448891
1588,7,train_0517,12490.100535715781,10766.382000209054,126.63820002090543,0.0,12616.738735736686,15.66,0.62,0.0,0.0,5.0,0.6449628755448891
1589,7,train_0017,12417.604077632574,10387.426549497086,88.7426549497086,0.0,12506.346732582282,15.16,0.52,0.0,0.0,5.0,0.6449628755448891
1590,7,train_0441,12287.65103822947,10398.979512662712,89.89795126627124,0.0,12377.54898949574,16.5,0.54,0.0,0.0,5.0,0.6449628755448891
1591,7,train_0207,11964.074334337573,10116.120194083376,61.61201940833762,0.0,12025.68635374591,14.82,0.68,0.0,0.0,5.0,0.6449628755448891
1592,7,train_0230,12220.145000730483,10536.238293935057,103.62382939350573,0.0,12323.768830123989,14.2,0.62,0.0,0.0,5.0,0.6449628755448891
1593,7,train_0011,11980.744358214975,10332.639762773839,83.26397627738389,0.0,12064.008334492359,15.54,0.5,0.0,0.0,5.0,0.6449628755448891
1594,7,train_0421,12382.536778230815,10976.192187062596,147.61921870625957,0.0,12530.155996937074,16.24,0.58,0.0,0.0,5.0,0.6449628755448891
1595,7,train_0099,11844.85156932945,10200.260171860578,70.02601718605784,0.0,11914.877586515508,16.44,0.54,0.0,0.0,5.0,0.6449628755448891
1596,7,train_0395,11893.762410922132,10471.391106039595,97.1391106039595,0.0,11990.901521526092,15.1,0.66,0.0,0.0,5.0,0.6449628755448891
1597,7,train_0435,12253.234897514903,10239.348379195768,73.9348379195768,0.0,12327.16973543448,16.94,0.52,0.0,0.0,5.0,0.6449628755448891
1598,7,train_0507,12490.472079011677,10406.84055883569,90.6840558835691,0.0,12581.156134895245,15.86,0.6,0.0,0.0,5.0,0.6449628755448891
1599,7,train_0424,12671.519660436956,10557.052852638652,105.70528526386516,0.0,12777.22494570082,17.22,0.54,0.0,0.0,5.0,0.6449628755448891
1600,7,train_0180,12621.539040060967,10743.41420835022,124.34142083502194,0.0,12745.880460895989,16.36,0.52,0.0,0.0,5.0,0.6449628755448891
1601,7,train_0443,12699.24402274222,10963.314354383583,146.3314354383583,0.0,12845.575458180578,16.9,0.64,0.0,0.0,5.0,0.6449628755448891
1602,7,train_0495,12444.429595839354,10697.924427796443,119.79244277964426,0.0,12564.222038618998,17.4,0.58,0.0,0.0,5.0,0.6449628755448891
1603,7,train_0190,12849.478583256772,10442.151907480407,94.21519074804074,0.0,12943.693774004812,16.58,0.66,0.0,0.0,5.0,0.6449628755448891
1604,7,train_0074,12267.289931254112,10877.976857050046,137.79768570500457,0.0,12405.087616959117,17.44,0.48,0.0,0.0,5.0,0.6449628755448891
1605,7,train_0534,12311.138299752794,10111.329976158206,61.13299761582057,0.0,12372.271297368616,16.34,0.54,0.0,0.0,5.0,0.6449628755448891
1606,7,train_0088,12283.400280739446,10583.821109575385,108.3821109575385,0.0,12391.782391696985,14.86,0.56,0.0,0.0,5.0,0.6449628755448891
1607,7,train_0356,12594.919471888803,10603.147776100664,110.31477761006646,0.0,12705.23424949887,15.4,0.68,0.0,0.0,5.0,0.6449628755448891
1608,7,train_0141,12632.59039855433,10684.720907414867,118.47209074148668,0.0,12751.062489295817,14.12,0.6,0.0,0.0,5.0,0.6449628755448891
1609,7,train_0075,12339.070686892679,10464.411515991967,96.44115159919676,0.0,12435.511838491875,17.12,0.6,0.0,0.0,5.0,0.6449628755448891
1610,7,train_0465,12701.495983940491,10797.04966508223,129.70496650822298,0.0,12831.200950448714,16.2,0.68,0.0,0.0,5.0,0.6449628755448891
1611,7,train_0086,11943.056115229207,10025.405770217472,52.54057702174723,0.0,11995.596692250954,16.14,0.64,0.0,0.0,5.0,0.6449628755448891
1612,7,train_0402,12238.391196083732,10996.380226283343,149.63802262833434,0.0,12388.029218712067,18.94,0.56,0.0,0.0,5.0,0.6449628755448891
1613,7,train_0415,12586.856009620033,10772.284877684702,127.22848776847023,0.0,12714.084497388503,13.42,0.6,0.0,0.0,5.0,0.6449628755448891
1614,7,train_0036,12109.073561966328,10410.155760126112,91.0155760126112,0.0,12200.08913797894,16.64,0.66,0.0,0.0,5.0,0.6449628755448891
1615,7,train_0103,12040.04189691043,10192.775976761863,69.27759767618628,0.0,12109.319494586616,16.2,0.56,0.0,0.0,5.0,0.6449628755448891
1616,7,train_0476,12194.44068489977,10473.34871334009,97.33487133400905,0.0,12291.775556233779,19.02,0.62,0.0,0.0,5.0,0.6449628755448891
1617,7,train_0304,12748.927493995692,10943.657242614852,144.36572426148524,0.0,12893.293218257177,16.34,0.74,0.0,0.0,5.0,0.6449628755448891
1618,7,train_0072,12324.385727146071,10763.07731905911,126.307731905911,0.0,12450.693459051981,15.22,0.42,0.0,0.0,5.0,0.6449628755448891
1619,7,train_0595,11915.457094099722,10139.478712258362,63.94787122583621,0.0,11979.404965325559,16.92,0.56,0.0,0.0,5.0,0.6449628755448891
1620,7,train_0158,12364.670489086915,10814.525505433492,131.45255054334922,0.0,12496.123039630264,16.58,0.56,0.0,0.0,5.0,0.6449628755448891
1621,7,train_0002,12548.10853277611,10242.636359465858,74.26363594658578,0.0,12622.372168722695,13.38,0.64,0.0,0.0,5.0,0.6449628755448891
1622,7,train_0554,12286.418900002425,10191.608783901283,69.16087839012835,0.0,12355.579778392554,13.84,0.62,0.0,0.0,5.0,0.6449628755448891
1623,7,train_0009,12269.322453625404,10589.625031717886,108.96250317178857,0.0,12378.284956797192,15.08,0.66,0.0,0.0,5.0,0.6449628755448891
1624,7,train_0332,12009.141477018988,10195.572016168415,69.55720161684148,0.0,12078.698678635828,16.88,0.64,0.0,0.0,5.0,0.6449628755448891
1625,7,train_0595,11846.947275534814,10279.903280957933,77.9903280957933,0.0,11924.937603630608,15.5,0.72,0.0,0.0,5.0,0.6449628755448891
1626,7,train_0346,12510.585812813804,11000.238820533054,150.02388205330536,0.0,12660.60969486711,17.14,0.58,0.0,0.0,5.0,0.6449628755448891
1627,7,train_0350,11950.148984918304,10301.439630569554,80.14396305695537,0.0,12030.292947975258,17.54,0.52,0.0,0.0,5.0,0.6449628755448891
1628,7,train_0232,12179.405826366106,10540.375270518824,104.03752705188236,0.0,12283.443353417988,16.42,0.62,0.0,0.0,5.0,0.6449628755448891
1629,7,train_0076,12247.316470951493,10610.770843953982,111.0770843953982,0.0,12358.393555346891,17.24,0.66,0.0,0.0,5.0,0.6449628755448891
1630,7,train_0343,12718.460156002593,10881.794443721868,138.17944437218685,0.0,12856.63960037478,15.4,0.6,0.0,0.0,5.0,0.6449628755448891
1631,7,train_0538,12532.760450629416,10904.045287556488,140.40452875564878,0.0,12673.164979385065,15.8,0.48,0.0,0.0,5.0,0.6449628755448891
1632,8,train_0054,12178.298131652647,10569.209780140549,106.9209780140549,0.0,12285.219109666703,16.1,0.62,0.0,0.0,5.0,0.6449628755448891
1633,8,train_0528,12286.970640957565,10485.338223017523,98.53382230175231,0.0,12385.504463259316,15.12,0.58,0.0,0.0,5.0,0.6449628755448891
1634,8,train_0249,12183.83306301529,10861.363996661645,136.13639966616446,0.0,12319.969462681454,15.38,0.72,0.0,0.0,5.0,0.6449628755448891
1635,8,train_0321,12233.137150591754,10547.848771280014,104.78487712800143,0.0,12337.922027719756,17.2,0.58,0.0,0.0,5.0,0.6449628755448891
1636,8,train_0099,11943.472197603656,10161.46279481709,66.14627948170892,0.0,12009.618477085365,16.82,0.48,0.0,0.0,5.0,0.6449628755448891
1637,8,train_0373,12243.31677803953,10905.662801130627,140.56628011306276,0.0,12383.883058152593,13.9,0.7,0.0,0.0,5.0,0.6449628755448891
1638,8,train_0109,12386.501312111564,10980.885317964934,148.0885317964934,0.0,12534.589843908057,17.52,0.66,0.0,0.0,5.0,0.6449628755448891
1639,8,train_0163,12671.71572347797,10484.95643707634,98.49564370763402,0.0,12770.211367185604,15.72,0.58,0.0,0.0,5.0,0.6449628755448891
1640,8,train_0432,12133.336896715971,10598.389195410993,109.83891954109932,0.0,12243.175816257071,14.38,0.6,0.0,0.0,5.0,0.6449628755448891
1641,8,train_0030,12111.22453577349,10505.38800610058,100.53880061005803,0.0,12211.763336383548,17.06,0.58,0.0,0.0,5.0,0.6449628755448891
1642,8,train_0268,12456.133962599954,10440.168155381361,94.01681553813614,0.0,12550.15077813809,15.84,0.68,0.0,0.0,5.0,0.6449628755448891
1643,8,train_0356,12741.431677169323,10529.170944898908,102.91709448989077,0.0,12844.348771659214,14.68,0.5,0.0,0.0,5.0,0.6449628755448891
1644,8,train_0079,12300.903447431203,10806.462598886681,130.6462598886681,0.0,12431.549707319871,15.48,0.66,0.0,0.0,5.0,0.6449628755448891
1645,8,train_0176,12624.88239413283,10948.259996043887,144.82599960438876,0.0,12769.708393737219,15.04,0.5,0.0,0.0,5.0,0.6449628755448891
1646,8,train_0206,12439.418005845931,10806.96247861112,130.696247861112,0.0,12570.114253707043,14.8,0.62,0.0,0.0,5.0,0.6449628755448891
1647,8,train_0398,12019.972914409802,10697.095626531656,119.70956265316563,0.0,12139.682477062968,14.62,0.74,0.0,0.0,5.0,0.6449628755448891
1648,8,train_0586,12105.367712327467,10693.070451883283,119.30704518832827,0.0,12224.674757515795,15.72,0.66,0.0,0.0,5.0,0.6449628755448891
1649,8,train_0501,12497.97953443948,10722.199881306547,122.21998813065476,0.0,12620.199522570136,17.82,0.68,0.0,0.0,5.0,0.6449628755448891
1650,8,train_0113,12093.095165106639,10222.41131610679,72.24113161067908,0.0,12165.336296717318,16.14,0.7,0.0,0.0,5.0,0.6449628755448891
1651,8,train_0010,12388.767923490555,10534.725503370682,103.47255033706824,0.0,12492.240473827624,16.96,0.64,0.0,0.0,5.0,0.6449628755448891
1652,8,train_0031,12199.22733686072,10309.36508651896,80.93650865189593,0.0,12280.163845512616,16.82,0.76,0.0,0.0,5.0,0.6449628755448891
1653,8,train_0357,12156.425223847495,10300.657544341377,80.06575443413767,0.0,12236.490978281632,15.58,0.64,0.0,0.0,5.0,0.6449628755448891
1654,8,train_0093,12166.548651681132,9986.915401387456,48.69154013874559,0.0,12215.240191819878,17.06,0.58,0.0,0.0,5.0,0.6449628755448891
1655,8,train_0138,12512.259073819494,10414.399659916926,91.43996599169259,0.0,12603.699039811187,17.08,0.7,0.0,0.0,5.0,0.6449628755448891
1656,8,train_0508,12624.142485220873,10685.606181013876,118.56061810138763,0.0,12742.703103322261,15.48,0.62,0.0,0.0,5.0,0.6449628755448891
1657,8,train_0524,11856.4149238524,10290.005818238442,79.00058182384419,0.0,11935.415505676245,17.04,0.64,0.0,0.0,5.0,0.6449628755448891
1658,8,train_0503,12894.539980089954,10470.76034780622,97.07603478062192,0.0,12991.616014870577,16.08,0.64,0.0,0.0,5.0,0.6449628755448891
1659,8,train_0152,12136.342596837665,10686.095786434083,118.60957864340835,0.0,12254.952175481074,16.18,0.62,0.0,0.0,5.0,0.6449628755448891
1660,8,train_0371,12056.670809157824,10340.005374499957,84.00053744999569,0.0,12140.67134660782,15.94,0.66,0.0,0.0,5.0,0.6449628755448891
1661,8,train_0366,12441.516761544215,10323.331412075779,82.33314120757787,0.0,12523.849902751794,15.94,0.58,0.0,0.0,5.0,0.6449628755448891
1662,8,train_0111,12353.323116073025,10138.331713587733,63.83317135877333,0.0,12417.156287431799,14.0,0.66,0.0,0.0,5.0,0.6449628755448891
1663,8,train_0332,12150.191523507716,10136.922871753824,63.69228717538245,0.0,12213.883810683099,17.26,0.66,0.0,0.0,5.0,0.6449628755448891
1664,8,train_0315,12457.967741477853,11085.624372381619,158.5624372381619,0.0,12616.530178716015,16.46,0.58,0.0,0.0,5.0,0.6449628755448891
1665,8,train_0237,12146.73829060395,10639.463470101604,113.9463470101604,0.0,12260.68463761411,17.1,0.62,0.0,0.0,5.0,0.6449628755448891
1666,8,train_0450,12073.038405152824,10380.059320718443,88.0059320718443,0.0,12161.044337224668,14.92,0.64,0.0,0.0,5.0,0.6449628755448891
1667,8,train_0406,12341.925354334362,10422.72219376338,92.27221937633804,0.0,12434.1975737107,17.54,0.68,0.0,0.0,5.0,0.6449628755448891
1668,8,train_0319,12230.794573941406,10744.934464693855,124.49344646938553,0.0,12355.288020410791,14.42,0.64,0.0,0.0,5.0,0.6449628755448891
1669,8,train_0435,12179.03840807431,10105.30244005566,60.53024400556606,0.0,12239.568652079875,17.14,0.64,0.0,0.0,5.0,0.6449628755448891
1670,8,train_0457,12408.769657805526,10384.090706541832,88.40907065418324,0.0,12497.178728459709,16.72,0.66,0.0,0.0,5.0,0.6449628755448891
1671,8,train_0340,12358.311388594298,10386.72516878931,88.67251687893095,0.0,12446.98390547323,16.34,0.62,0.0,0.0,5.0,0.6449628755448891
1672,8,train_0160,12436.456136914283,10428.305482015134,92.83054820151338,0.0,12529.286685115796,17.02,0.76,0.0,0.0,5.0,0.6449628755448891
1673,8,train_0455,12667.040201658008,11002.220777966522,150.22207779665223,0.0,12817.26227945466,17.04,0.78,0.0,0.0,5.0,0.6449628755448891
1674,8,train_0430,12271.270485233066,10523.461194566791,102.34611945667912,0.0,12373.616604689745,14.26,0.58,0.0,0.0,5.0,0.6449628755448891
1675,8,train_0590,12071.376943123198,10611.95136835513,111.19513683551304,0.0,12182.57207995871,17.82,0.6,0.0,0.0,5.0,0.6449628755448891
1676,8,train_0089,12397.307047078284,10819.488493370134,131.94884933701343,0.0,12529.255896415298,16.2,0.58,0.0,0.0,5.0,0.6449628755448891
1677,8,train_0251,12223.50520064058,10603.685202041936,110.36852020419356,0.0,12333.873720844775,14.26,0.64,0.0,0.0,5.0,0.6449628755448891
1678,8,train_0554,12337.132269551284,10056.46610906659,55.64661090665905,0.0,12392.778880457943,13.1,0.62,0.0,0.0,5.0,0.6449628755448891
1679,8,train_0308,12220.034421736702,10227.422696650096,72.74226966500956,0.0,12292.776691401712,15.48,0.7,0.0,0.0,5.0,0.6449628755448891
1680,8,train_0565,12780.732422864368,10704.302393906502,120.43023939065024,0.0,12901.16266225502,15.56,0.56,0.0,0.0,5.0,0.6449628755448891
1681,8,train_0007,12877.845414945108,11581.91581352551,208.19158135255094,0.0,13086.036996297658,15.56,0.62,0.0,0.0,5.0,0.6449628755448891
1682,8,train_0021,12913.111349179042,10625.46771218941,112.54677121894093,0.0,13025.658120397982,16.5,0.58,0.0,0.0,5.0,0.6449628755448891
1683,8,train_0477,12278.854919582725,9984.190987248901,48.41909872489014,0.0,12327.274018307615,12.74,0.8,0.0,0.0,5.0,0.6449628755448891
1684,8,train_0215,12461.700251115475,10836.160026756388,133.6160026756388,0.0,12595.316253791114,16.12,0.56,0.0,0.0,5.0,0.6449628755448891
1685,8,train_0312,12108.114152790728,10424.125245923053,92.41252459230527,0.0,12200.526677383034,15.58,0.62,0.0,0.0,5.0,0.6449628755448891
1686,8,train_0256,12598.750187557645,10235.119419619625,73.51194196196248,0.0,12672.262129519608,16.58,0.56,0.0,0.0,5.0,0.6449628755448891
1687,8,train_0244,12310.16955121734,10501.118876630557,100.11188766305568,0.0,12410.281438880394,16.82,0.68,0.0,0.0,5.0,0.6449628755448891
1688,8,train_0563,12130.238572044325,10392.104730665593,89.21047306655929,0.0,12219.449045110885,15.6,0.6,0.0,0.0,5.0,0.6449628755448891
1689,8,train_0056,11838.384540951967,10148.80553878722,64.88055387872191,0.0,11903.26509483069,17.22,0.6,0.0,0.0,5.0,0.6449628755448891
1690,8,train_0463,12081.522343390961,10150.440243268784,65.04402432687839,0.0,12146.56636771784,16.54,0.56,0.0,0.0,5.0,0.6449628755448891
1691,8,train_0533,12067.49878100894,10242.339671481095,74.23396714810951,0.0,12141.73274815705,15.46,0.62,0.0,0.0,5.0,0.6449628755448891
1692,8,train_0394,12477.495647200149,10818.654969705645,131.86549697056452,0.0,12609.361144170713,16.36,0.62,0.0,0.0,5.0,0.6449628755448891
1693,8,train_0237,11820.92832389178,10501.197991922354,100.1197991922354,0.0,11921.048123084016,17.76,0.62,0.0,0.0,5.0,0.6449628755448891
1694,8,train_0096,12353.487495780577,10611.771409887262,111.17714098872621,0.0,12464.664636769303,15.66,0.62,0.0,0.0,5.0,0.6449628755448891
1695,8,train_0409,12612.280883634641,11133.457183377352,163.34571833773518,0.0,12775.626601972377,18.7,0.58,0.0,0.0,5.0,0.6449628755448891
1696,8,train_0281,12740.615920241857,10547.727804472412,104.77278044724117,0.0,12845.388700689098,15.66,0.6,0.0,0.0,5.0,0.6449628755448891
1697,8,train_0089,12574.263112181525,10936.256041782903,143.62560417829027,0.0,12717.888716359816,14.58,0.6,0.0,0.0,5.0,0.6449628755448891
1698,8,train_0215,12316.61666002746,10978.295448852112,147.8295448852112,0.0,12464.44620491267,16.56,0.7,0.0,0.0,5.0,0.6449628755448891
1699,8,train_0576,12418.155962591685,10123.279739786314,62.32797397863142,0.0,12480.483936570317,14.22,0.72,0.0,0.0,5.0,0.6449628755448891
1700,8,train_0159,11956.314727228617,10344.332458052972,84.43324580529716,0.0,12040.747973033915,17.0,0.56,0.0,0.0,5.0,0.6449628755448891
1701,8,train_0107,12330.739965709847,10655.50992673498,115.55099267349797,0.0,12446.290958383344,16.22,0.66,0.0,0.0,5.0,0.6449628755448891
1702,8,train_0409,12697.393825884601,10608.366838317239,110.8366838317239,0.0,12808.230509716324,16.56,0.58,0.0,0.0,5.0,0.6449628755448891
1703,8,train_0119,12140.71343248281,10293.877510960672,79.38775109606723,0.0,12220.101183578876,16.22,0.58,0.0,0.0,5.0,0.6449628755448891
1704,8,train_0551,11966.361258728268,10116.795318691435,61.67953186914347,0.0,12028.040790597412,17.08,0.64,0.0,0.0,5.0,0.6449628755448891
1705,8,train_0515,12032.918013078233,10726.763867253656,122.6763867253656,0.0,12155.594399803598,18.26,0.68,0.0,0.0,5.0,0.6449628755448891
1706,8,train_0590,12472.937547864365,10375.93933264862,87.59393326486207,0.0,12560.531481129226,18.34,0.58,0.0,0.0,5.0,0.6449628755448891
1707,8,train_0547,12520.35119273151,10788.582908177652,128.8582908177652,0.0,12649.209483549275,18.18,0.72,0.0,0.0,5.0,0.6449628755448891
1708,8,train_0146,12157.33555529426,10616.837612094336,111.68376120943358,0.0,12269.019316503693,16.4,0.6,0.0,0.0,5.0,0.6449628755448891
1709,8,train_0127,12458.131815388482,10280.26659759235,78.02665975923502,0.0,12536.158475147717,15.6,0.6,0.0,0.0,5.0,0.6449628755448891
1710,8,train_0205,12303.199482051787,10756.931735543787,125.6931735543787,0.0,12428.892655606165,15.8,0.66,0.0,0.0,5.0,0.6449628755448891
1711,8,train_0281,12339.274016470139,10902.044280871425,140.20442808714253,0.0,12479.478444557282,15.12,0.6,0.0,0.0,5.0,0.6449628755448891
1712,8,train_0527,12334.6205006947,10468.84914836007,96.88491483600701,0.0,12431.505415530708,15.0,0.56,0.0,0.0,5.0,0.6449628755448891
1713,8,train_0440,12620.431894290034,10728.387968538438,122.83879685384382,0.0,12743.270691143878,15.16,0.48,0.0,0.0,5.0,0.6449628755448891
1714,8,train_0386,12360.749200993028,10560.184035030226,106.01840350302264,0.0,12466.767604496052,15.44,0.5,0.0,0.0,5.0,0.6449628755448891
1715,8,train_0527,12684.086596915597,9994.889694795414,49.48896947954145,0.0,12733.575566395139,15.48,0.56,0.0,0.0,5.0,0.6449628755448891
1716,8,train_0387,12129.538043350825,10115.78310494286,61.57831049428606,0.0,12191.116353845111,15.98,0.6,0.0,0.0,5.0,0.6449628755448891
1717,8,train_0227,12578.125974202954,10668.397441454059,116.8397441454059,0.0,12694.96571834836,18.14,0.64,0.0,0.0,5.0,0.6449628755448891
1718,8,train_0247,12608.660787093922,10638.465743179348,113.84657431793477,0.0,12722.507361411857,16.98,0.66,0.0,0.0,5.0,0.6449628755448891
1719,8,train_0310,11986.219207660564,10378.288493728476,87.82884937284763,0.0,12074.048057033411,16.36,0.58,0.0,0.0,5.0,0.6449628755448891
1720,8,train_0053,12100.125077114402,10770.556994059034,127.0556994059034,0.0,12227.180776520305,15.44,0.58,0.0,0.0,5.0,0.6449628755448891
1721,8,train_0445,12638.351691444761,10620.077405488255,112.0077405488255,0.0,12750.359431993587,19.7,0.7,0.0,0.0,5.0,0.6449628755448891
1722,8,train_0391,12271.605366488373,10381.93652219379,88.19365221937898,0.0,12359.799018707752,15.12,0.7,0.0,0.0,5.0,0.6449628755448891
1723,8,train_0438,12132.466767821923,10588.593724562523,108.85937245625229,0.0,12241.326140278175,16.54,0.48,0.0,0.0,5.0,0.6449628755448891
1724,8,train_0320,12396.226401278327,10794.116056402885,129.4116056402885,0.0,12525.638006918616,14.12,0.7,0.0,0.0,5.0,0.6449628755448891
1725,8,train_0469,12704.768278657124,10644.973848968504,114.49738489685042,0.0,12819.265663553975,15.7,0.72,0.0,0.0,5.0,0.6449628755448891
1726,8,train_0569,12193.477544102472,10254.694939448118,75.4694939448118,0.0,12268.947038047285,17.12,0.64,0.0,0.0,5.0,0.6449628755448891
1727,8,train_0341,12463.751717181993,11009.640425511854,150.96404255118543,0.0,12614.715759733179,16.72,0.66,0.0,0.0,5.0,0.6449628755448891
1728,8,train_0266,12651.65295363729,10297.995372216004,79.79953722160045,0.0,12731.45249085889,14.86,0.68,0.0,0.0,5.0,0.6449628755448891
1729,8,train_0062,11985.198767639038,10450.201917601873,95.0201917601873,0.0,12080.218959399226,15.16,0.54,0.0,0.0,5.0,0.6449628755448891
1730,8,train_0467,12827.436256119792,10961.46840844545,146.14684084454493,0.0,12973.583096964338,15.64,0.76,0.0,0.0,5.0,0.6449628755448891
1731,8,train_0542,12016.10750650835,10700.148375595505,120.01483755955051,0.0,12136.1223440679,14.98,0.66,0.0,0.0,5.0,0.6449628755448891
1732,8,train_0419,12326.634179822493,10428.75457844013,92.875457844013,0.0,12419.509637666506,16.14,0.62,0.0,0.0,5.0,0.6449628755448891
1733,8,train_0519,12547.392186066778,11182.373783434201,168.23737834342012,0.0,12715.629564410197,18.06,0.62,0.0,0.0,5.0,0.6449628755448891
1734,8,train_0516,12483.785498231184,10756.511927620359,125.65119276203586,0.0,12609.43669099322,15.02,0.74,0.0,0.0,5.0,0.6449628755448891
1735,8,train_0478,12623.14839789085,10317.103240398188,81.71032403981881,0.0,12704.85872193067,16.86,0.6,0.0,0.0,5.0,0.6449628755448891
1736,8,train_0301,12712.80643729469,10754.782280784148,125.47822807841476,0.0,12838.284665373105,15.72,0.58,0.0,0.0,5.0,0.6449628755448891
1737,8,train_0059,12792.144377897834,10183.308079272683,68.33080792726832,0.0,12860.475185825102,14.06,0.62,0.0,0.0,5.0,0.6449628755448891
1738,8,train_0001,12195.635245436099,10185.286339145132,68.5286339145132,0.0,12264.163879350612,14.5,0.66,0.0,0.0,5.0,0.6449628755448891
1739,8,train_0122,12485.295008184537,10155.36882494804,65.53688249480402,0.0,12550.831890679341,16.08,0.72,0.0,0.0,5.0,0.6449628755448891
1740,8,train_0258,12395.937069848635,10838.074651824054,133.8074651824054,0.0,12529.74453503104,15.3,0.52,0.0,0.0,5.0,0.6449628755448891
1741,8,train_0446,11806.438532382668,10356.288439864591,85.62884398645912,0.0,11892.067376369127,15.34,0.62,0.0,0.0,5.0,0.6449628755448891
1742,8,train_0273,12454.695738936494,10416.740461573203,91.6740461573203,0.0,12546.369785093815,17.36,0.54,0.0,0.0,5.0,0.6449628755448891
1743,8,train_0013,12033.56721117705,10559.747374819279,105.97473748192789,0.0,12139.541948658976,14.74,0.74,0.0,0.0,5.0,0.6449628755448891
1744,8,train_0126,12491.5904104866,10318.795997894216,81.87959978942163,0.0,12573.470010276022,17.16,0.58,0.0,0.0,5.0,0.6449628755448891
1745,8,train_0587,12233.901627391391,10253.224133514537,75.32241335145373,0.0,12309.224040742845,16.3,0.54,0.0,0.0,5.0,0.6449628755448891
1746,8,train_0592,12282.287867353358,10493.452318120246,99.34523181202458,0.0,12381.633099165383,14.62,0.72,0.0,0.0,5.0,0.6449628755448891
1747,8,train_0226,12095.909992634797,10452.016390467768,95.20163904677685,0.0,12191.111631681573,15.16,0.72,0.0,0.0,5.0,0.6449628755448891
1748,8,train_0482,12180.582643460086,10371.396014407717,87.13960144077174,0.0,12267.722244900857,14.48,0.66,0.0,0.0,5.0,0.6449628755448891
1749,8,train_0431,12295.493799735534,10413.409957002024,91.34099570020244,0.0,12386.834795435736,16.5,0.7,0.0,0.0,5.0,0.6449628755448891
1750,8,train_0558,12319.512089155553,11086.671693824574,158.66716938245736,0.0,12478.17925853801,16.34,0.62,0.0,0.0,5.0,0.6449628755448891
1751,8,train_0532,12167.525772513047,10560.341115690437,106.03411156904367,0.0,12273.559884082091,13.86,0.68,0.0,0.0,5.0,0.6449628755448891
1752,8,train_0377,12143.247545780952,10641.642170818865,114.16421708188646,0.0,12257.41176286284,16.14,0.64,0.0,0.0,5.0,0.6449628755448891
1753,8,train_0236,12456.462770426337,10662.919642626925,116.29196426269246,0.0,12572.75473468903,19.32,0.6,0.0,0.0,5.0,0.6449628755448891
1754,8,train_0375,12756.251481253483,10563.272642478063,106.32726424780631,0.0,12862.578745501289,15.92,0.58,0.0,0.0,5.0,0.6449628755448891
1755,8,train_0191,12458.729296010013,10776.259127684867,127.62591276848671,0.0,12586.3552087785,15.84,0.62,0.0,0.0,5.0,0.6449628755448891
1756,8,train_0208,12376.316520591488,10444.921656241037,94.49216562410366,0.0,12470.808686215592,16.02,0.74,0.0,0.0,5.0,0.6449628755448891
1757,8,train_0365,12489.96465315975,11009.061546376875,150.90615463768754,0.0,12640.870807797437,15.38,0.74,0.0,0.0,5.0,0.6449628755448891
1758,8,train_0342,12293.542963377236,10337.329642131715,83.73296421317156,0.0,12377.275927590408,18.12,0.52,0.0,0.0,5.0,0.6449628755448891
1759,8,train_0348,12669.003030150005,10439.364156186231,93.93641561862314,0.0,12762.939445768629,16.26,0.58,0.0,0.0,5.0,0.6449628755448891
1760,8,train_0230,12025.619588243419,10786.24344515238,128.62434451523805,0.0,12154.243932758656,16.22,0.66,0.0,0.0,5.0,0.6449628755448891
1761,8,train_0245,11995.670736842947,10017.853346320084,51.785334632008386,0.0,12047.456071474955,16.72,0.6,0.0,0.0,5.0,0.6449628755448891
1762,8,train_0006,12379.521652976244,10446.307315682858,94.63073156828578,0.0,12474.15238454453,14.38,0.68,0.0,0.0,5.0,0.6449628755448891
1763,8,train_0361,12156.335490081543,10929.393013261953,142.93930132619536,0.0,12299.274791407739,17.38,0.58,0.0,0.0,5.0,0.6449628755448891
1764,8,train_0345,12338.722654886706,10421.983041541152,92.19830415411525,0.0,12430.92095904082,14.28,0.64,0.0,0.0,5.0,0.6449628755448891
1765,8,train_0561,12476.682516216817,10463.574405390267,96.35744053902673,0.0,12573.039956755843,17.56,0.66,0.0,0.0,5.0,0.6449628755448891
1766,8,train_0302,12696.485185997635,10427.815324856369,92.78153248563686,0.0,12789.266718483272,14.7,0.58,0.0,0.0,5.0,0.6449628755448891
1767,8,train_0280,12493.318683312536,10597.226841298341,109.72268412983414,0.0,12603.04136744237,16.46,0.66,0.0,0.0,5.0,0.6449628755448891
1768,8,train_0040,12646.69645667245,10713.817131661548,121.38171316615481,0.0,12768.078169838604,18.04,0.6,0.0,0.0,5.0,0.6449628755448891
1769,8,train_0118,12280.769918492657,10379.337149559713,87.93371495597131,0.0,12368.703633448627,15.14,0.74,0.0,0.0,5.0,0.6449628755448891
1770,8,train_0202,12540.13030512927,10511.872586761816,101.1872586761816,0.0,12641.317563805453,16.04,0.64,0.0,0.0,5.0,0.6449628755448891
1771,8,train_0226,11898.971990011873,10137.824622412416,63.782462241241596,0.0,11962.754452253113,14.76,0.66,0.0,0.0,5.0,0.6449628755448891
1772,8,train_0217,12346.88603704746,10970.511137576941,147.0511137576941,0.0,12493.937150805154,16.6,0.66,0.0,0.0,5.0,0.6449628755448891
1773,8,train_0236,12360.798186911215,10475.792603906339,97.57926039063386,0.0,12458.37744730185,19.82,0.72,0.0,0.0,5.0,0.6449628755448891
1774,8,train_0461,12285.793417897881,10573.743868615453,107.37438686154529,0.0,12393.167804759427,14.2,0.66,0.0,0.0,5.0,0.6449628755448891
1775,8,train_0078,12271.860348319296,10652.851084246386,115.28510842463857,0.0,12387.145456743936,14.42,0.62,0.0,0.0,5.0,0.6449628755448891
1776,8,train_0199,12562.415428423417,10533.374612804193,103.3374612804193,0.0,12665.752889703837,16.84,0.72,0.0,0.0,5.0,0.6449628755448891
1777,8,train_0097,12273.460345889003,10456.509244946596,95.65092449465956,0.0,12369.111270383662,15.9,0.62,0.0,0.0,5.0,0.6449628755448891
1778,8,train_0184,12200.013501977131,10672.487574254948,117.24875742549484,0.0,12317.262259402627,16.72,0.58,0.0,0.0,5.0,0.6449628755448891
1779,8,train_0410,12185.451683380314,10945.166234392866,144.51662343928658,0.0,12329.968306819601,17.18,0.58,0.0,0.0,5.0,0.6449628755448891
1780,8,train_0028,12609.838243558817,10560.365686807609,106.03656868076087,0.0,12715.874812239577,16.42,0.66,0.0,0.0,5.0,0.6449628755448891
1781,8,train_0203,12449.947103733313,10787.814356706833,128.7814356706833,0.0,12578.728539403997,14.08,0.74,0.0,0.0,5.0,0.6449628755448891
1782,8,train_0014,12430.478996917325,10665.712860676944,116.57128606769439,0.0,12547.05028298502,16.98,0.52,0.0,0.0,5.0,0.6449628755448891
1783,8,train_0572,12505.66638567574,10447.946316649151,94.79463166491514,0.0,12600.461017340656,12.98,0.74,0.0,0.0,5.0,0.6449628755448891
1784,8,train_0436,12745.641365174572,10671.926300679816,117.19263006798155,0.0,12862.833995242552,15.56,0.66,0.0,0.0,5.0,0.6449628755448891
1785,8,train_0146,12206.022030241778,10623.719615541,112.37196155410003,0.0,12318.393991795878,14.8,0.62,0.0,0.0,5.0,0.6449628755448891
1786,8,train_0118,12159.230083514609,10625.27839536464,112.52783953646394,0.0,12271.757923051073,13.96,0.68,0.0,0.0,5.0,0.6449628755448891
1787,8,train_0059,12550.24948162499,10551.365898015676,105.13658980156761,0.0,12655.386071426557,14.98,0.62,0.0,0.0,5.0,0.6449628755448891
1788,8,train_0283,12676.142197759553,10619.009105576379,111.90091055763787,0.0,12788.04310831719,16.02,0.54,0.0,0.0,5.0,0.6449628755448891
1789,8,train_0452,11922.136287927147,10753.598824751225,125.3598824751225,0.0,12047.49617040227,15.26,0.62,0.0,0.0,5.0,0.6449628755448891
1790,8,train_0350,11909.123581191205,10314.390698573625,81.43906985736248,0.0,11990.562651048567,16.6,0.68,0.0,0.0,5.0,0.6449628755448891
1791,8,train_0528,12621.809029835877,10405.711662672751,90.57116626727512,0.0,12712.380196103151,14.58,0.74,0.0,0.0,5.0,0.6449628755448891
1792,8,train_0206,12499.663977927117,10883.315472479622,138.33154724796222,0.0,12637.99552517508,15.6,0.68,0.0,0.0,5.0,0.6449628755448891
1793,8,train_0166,12293.90875419624,9987.902977206006,48.79029772060058,0.0,12342.699051916841,15.54,0.64,0.0,0.0,5.0,0.6449628755448891
1794,8,train_0286,12322.934254663753,10909.41893570916,140.941893570916,0.0,12463.876148234669,15.46,0.5,0.0,0.0,5.0,0.6449628755448891
1795,8,train_0121,12243.075357748658,10325.168523569648,82.51685235696478,0.0,12325.592210105622,14.8,0.48,0.0,0.0,5.0,0.6449628755448891
1796,8,train_0585,12301.271943122687,10832.794630009563,133.27946300095627,0.0,12434.551406123643,12.98,0.68,0.0,0.0,5.0,0.6449628755448891
1797,8,train_0111,12230.681388547411,10216.577697796336,71.6577697796336,0.0,12302.339158327044,13.76,0.72,0.0,0.0,5.0,0.6449628755448891
1798,8,train_0287,12487.974065071621,10202.480527908114,70.24805279081139,0.0,12558.222117862433,17.9,0.6,0.0,0.0,5.0,0.6449628755448891
1799,8,train_0313,12515.02190410619,10545.264954542654,104.52649545426539,0.0,12619.548399560455,16.92,0.64,0.0,0.0,5.0,0.6449628755448891
1800,8,train_0034,12487.544279010464,10248.434882984018,74.84348829840182,0.0,12562.387767308866,17.04,0.56,0.0,0.0,5.0,0.6449628755448891
1801,8,train_0281,12552.69602285368,10493.700372249665,99.37003722496648,0.0,12652.066060078645,16.24,0.72,0.0,0.0,5.0,0.6449628755448891
1802,8,train_0272,12283.020465549684,10509.034343421266,100.90343434212664,0.0,12383.92389989181,13.44,0.64,0.0,0.0,5.0,0.6449628755448891
1803,8,train_0155,12358.14762020961,10626.775553899331,112.67755538993316,0.0,12470.825175599542,15.16,0.56,0.0,0.0,5.0,0.6449628755448891
1804,8,train_0076,12151.776637770221,10642.639970689692,114.26399706896919,0.0,12266.04063483919,15.6,0.52,0.0,0.0,5.0,0.6449628755448891
1805,8,train_0027,12680.186892316586,10462.259890810565,96.22598908105647,0.0,12776.412881397642,13.9,0.62,0.0,0.0,5.0,0.6449628755448891
1806,8,train_0005,11972.945911058061,10159.286499708469,65.92864997084689,0.0,12038.874561028908,17.6,0.56,0.0,0.0,5.0,0.6449628755448891
1807,8,train_0288,11791.752849450466,10251.139639930883,75.11396399308833,0.0,11866.866813443554,15.32,0.72,0.0,0.0,5.0,0.6449628755448891
1808,8,train_0053,12393.209596608618,10376.7502011928,87.67502011928009,0.0,12480.884616727899,15.6,0.58,0.0,0.0,5.0,0.6449628755448891
1809,8,train_0575,12780.019624725332,10830.49901560898,133.04990156089806,0.0,12913.06952628623,15.52,0.6,0.0,0.0,5.0,0.6449628755448891
1810,8,train_0146,12208.407691280707,10462.419132990743,96.24191329907427,0.0,12304.649604579781,15.44,0.68,0.0,0.0,5.0,0.6449628755448891
1811,8,train_0391,12237.062492063906,10305.2483864951,80.52483864950992,0.0,12317.587330713415,14.9,0.58,0.0,0.0,5.0,0.6449628755448891
1812,8,train_0404,12702.042295307685,11254.783774692329,175.4783774692329,0.0,12877.520672776918,15.94,0.62,0.0,0.0,5.0,0.6449628755448891
1813,8,train_0297,12198.341303926649,10399.073784681867,89.90737846818666,0.0,12288.248682394835,13.0,0.7,0.0,0.0,5.0,0.6449628755448891
1814,8,train_0530,12657.755696021693,11129.313476923113,162.9313476923113,0.0,12820.687043714004,15.86,0.68,0.0,0.0,5.0,0.6449628755448891
1815,8,train_0066,12566.99123712827,10621.029949229387,112.1029949229387,0.0,12679.094232051208,17.44,0.6,0.0,0.0,5.0,0.6449628755448891
1816,8,train_0140,12004.974373843717,10430.219981218888,93.02199812188883,0.0,12097.996371965606,15.64,0.68,0.0,0.0,5.0,0.6449628755448891
1817,8,train_0151,12642.315064942515,10327.507767389125,82.75077673891246,0.0,12725.065841681428,16.34,0.68,0.0,0.0,5.0,0.6449628755448891
1818,8,train_0081,12313.27988010882,10429.189288726091,92.91892887260911,0.0,12406.198808981428,16.2,0.62,0.0,0.0,5.0,0.6449628755448891
1819,8,train_0176,12869.88019717541,10742.34545015565,124.23454501556499,0.0,12994.114742190974,14.48,0.78,0.0,0.0,5.0,0.6449628755448891
1820,8,train_0187,12278.82469452553,10286.746708251696,78.6746708251696,0.0,12357.4993653507,15.38,0.78,0.0,0.0,5.0,0.6449628755448891
1821,8,train_0458,12550.66659764383,10822.85463970289,132.28546397028896,0.0,12682.95206161412,15.76,0.68,0.0,0.0,5.0,0.6449628755448891
1822,8,train_0180,12522.443834401667,10599.123774423853,109.91237744238533,0.0,12632.356211844053,17.78,0.6,0.0,0.0,5.0,0.6449628755448891
1823,8,train_0526,12529.483225909018,10554.839971382564,105.48399713825638,0.0,12634.967223047275,16.4,0.7,0.0,0.0,5.0,0.6449628755448891
1824,8,train_0463,11924.401041840036,10082.928902774438,58.2928902774438,0.0,11982.69393211748,17.44,0.66,0.0,0.0,5.0,0.6449628755448891
1825,8,train_0540,12393.941068663822,10839.82277283191,133.98227728319108,0.0,12527.923345947012,14.16,0.64,0.0,0.0,5.0,0.6449628755448891
1826,8,train_0063,12439.994721380903,10252.910570728163,75.29105707281633,0.0,12515.28577845372,15.42,0.64,0.0,0.0,5.0,0.6449628755448891
1827,8,train_0590,12385.900039295186,10645.921111695661,114.59211116956612,0.0,12500.492150464752,16.2,0.72,0.0,0.0,5.0,0.6449628755448891
1828,8,train_0368,12465.540254493946,10470.790274199051,97.07902741990512,0.0,12562.61928191385,14.2,0.72,0.0,0.0,5.0,0.6449628755448891
1829,8,train_0589,12097.518289332678,10214.673841170723,71.46738411707229,0.0,12168.98567344975,16.82,0.62,0.0,0.0,5.0,0.6449628755448891
1830,8,train_0212,12369.458938948012,10118.07465567967,61.80746556796694,0.0,12431.266404515978,14.36,0.68,0.0,0.0,5.0,0.6449628755448891
1831,8,train_0571,12268.616070934511,10412.415658170064,91.24156581700646,0.0,12359.857636751518,15.22,0.66,0.0,0.0,5.0,0.6449628755448891
1832,8,train_0353,11892.619869424689,10241.846340526943,74.1846340526943,0.0,11966.804503477382,16.36,0.72,0.0,0.0,5.0,0.6449628755448891
1833,8,train_0043,12241.697584298683,10239.633643138863,73.96336431388627,0.0,12315.660948612569,17.38,0.64,0.0,0.0,5.0,0.6449628755448891
1834,8,train_0246,11894.572303236606,10524.158239851378,102.41582398513783,0.0,11996.988127221744,16.18,0.7,0.0,0.0,5.0,0.6449628755448891
1835,8,train_0082,12476.888375847568,10669.845217097882,116.98452170978817,0.0,12593.872897557356,15.56,0.6,0.0,0.0,5.0,0.6449628755448891
1836,8,train_0564,12518.861751818373,10224.395767426744,72.4395767426744,0.0,12591.301328561047,16.04,0.58,0.0,0.0,5.0,0.6449628755448891
1837,8,train_0182,12569.72187859217,10688.823301448778,118.88233014487778,0.0,12688.604208737048,16.88,0.7,0.0,0.0,5.0,0.6449628755448891
1838,8,train_0133,12406.861256573238,10612.448704192138,111.24487041921384,0.0,12518.106126992452,16.18,0.5,0.0,0.0,5.0,0.6449628755448891
1839,8,train_0331,12267.58311779151,10339.409275960961,83.94092759609612,0.0,12351.524045387607,17.74,0.68,0.0,0.0,5.0,0.6449628755448891
1840,9,train_0255,12377.596607897327,10039.488383628115,53.948838362811514,0.0,12431.54544626014,16.7,0.74,0.0,0.0,5.0,0.6449628755448891
1841,9,train_0058,11996.290270291507,10126.136413689264,62.61364136892644,0.0,12058.903911660433,16.72,0.64,0.0,0.0,5.0,0.6449628755448891
1842,9,train_0489,11952.721867866272,10247.859040048581,74.7859040048581,0.0,12027.50777187113,17.24,0.66,0.0,0.0,5.0,0.6449628755448891
1843,9,train_0507,12474.99107530256,10385.192858170954,88.51928581709545,0.0,12563.510361119655,16.76,0.66,0.0,0.0,5.0,0.6449628755448891
1844,9,train_0445,12746.737791930094,11067.680915120432,156.76809151204327,0.0,12903.505883442138,19.26,0.7,0.0,0.0,5.0,0.6449628755448891
1845,9,train_0370,12498.343505352863,10568.154457572473,106.81544575724729,0.0,12605.15895111011,16.74,0.64,0.0,0.0,5.0,0.6449628755448891
1846,9,train_0241,12004.78326336972,10392.176129970969,89.21761299709688,0.0,12094.000876366817,14.0,0.64,0.0,0.0,5.0,0.6449628755448891
1847,9,train_0325,12177.68134098061,10580.81021318073,108.081021318073,0.0,12285.762362298683,13.98,0.52,0.0,0.0,5.0,0.6449628755448891
1848,9,train_0312,12141.808700819021,10211.900773182108,71.19007731821075,0.0,12212.998778137233,16.06,0.68,0.0,0.0,5.0,0.6449628755448891
1849,9,train_0099,12051.628980892485,10035.061546901592,53.50615469015921,0.0,12105.135135582645,16.46,0.64,0.0,0.0,5.0,0.6449628755448891
1850,9,train_0049,12475.846320483055,10500.228399010884,100.02283990108845,0.0,12575.869160384143,15.16,0.66,0.0,0.0,5.0,0.6449628755448891
1851,9,train_0151,12527.748882658361,10352.029801472545,85.2029801472545,0.0,12612.951862805616,14.28,0.64,0.0,0.0,5.0,0.6449628755448891
1852,9,train_0272,12170.634230344582,10627.902008953199,112.79020089531987,0.0,12283.424431239902,13.58,0.7,0.0,0.0,5.0,0.6449628755448891
1853,9,train_0096,12621.481563063018,10477.059728779583,97.70597287795827,0.0,12719.187535940977,16.1,0.7,0.0,0.0,5.0,0.6449628755448891
1854,9,train_0064,12457.207059923943,10671.866306060128,117.18663060601284,0.0,12574.393690529956,15.92,0.68,0.0,0.0,5.0,0.6449628755448891
1855,9,train_0511,12217.712240869045,10288.296216253275,78.82962162532749,0.0,12296.541862494372,16.12,0.58,0.0,0.0,5.0,0.6449628755448891
1856,9,train_0224,11955.878487058437,10670.497116377395,117.04971163773953,0.0,12072.928198696176,13.44,0.72,0.0,0.0,5.0,0.6449628755448891
1857,9,train_0350,12134.1105077778,10370.389499233628,87.03894992336282,0.0,12221.149457701162,17.06,0.56,0.0,0.0,5.0,0.6449628755448891
1858,9,train_0314,12185.880474561392,10304.523810027727,80.45238100277275,0.0,12266.332855564166,16.94,0.74,0.0,0.0,5.0,0.6449628755448891
1859,9,train_0441,12649.97153538569,10642.337803994173,114.23378039941727,0.0,12764.205315785108,16.38,0.66,0.0,0.0,5.0,0.6449628755448891
1860,9,train_0443,12745.955479140268,10896.977332154876,139.69773321548766,0.0,12885.653212355755,16.98,0.6,0.0,0.0,5.0,0.6449628755448891
1861,9,train_0177,12259.142420986149,10552.197887755963,105.21978877559633,0.0,12364.362209761744,15.2,0.52,0.0,0.0,5.0,0.6449628755448891
1862,9,train_0508,12351.915258063278,10751.797009666836,125.1797009666836,0.0,12477.094959029962,14.62,0.68,0.0,0.0,5.0,0.6449628755448891
1863,9,train_0222,12317.420275308225,10626.50076501003,112.65007650100307,0.0,12430.070351809227,18.1,0.46,0.0,0.0,5.0,0.6449628755448891
1864,9,train_0501,12425.077896715076,10845.707553926157,134.5707553926157,0.0,12559.648652107691,18.4,0.66,0.0,0.0,5.0,0.6449628755448891
1865,9,train_0242,12262.424331064512,10914.081760491657,141.40817604916575,0.0,12403.832507113679,15.42,0.68,0.0,0.0,5.0,0.6449628755448891
1866,9,train_0066,12356.62969762118,10507.414551049129,100.7414551049129,0.0,12457.371152726093,18.14,0.58,0.0,0.0,5.0,0.6449628755448891
1867,9,train_0456,12363.87539630057,10203.309854596826,70.3309854596826,0.0,12434.206381760252,14.78,0.64,0.0,0.0,5.0,0.6449628755448891
1868,9,train_0018,12347.118096282491,10432.190549135907,93.21905491359067,0.0,12440.337151196081,16.26,0.64,0.0,0.0,5.0,0.6449628755448891
1869,9,train_0463,12126.504679669624,10066.882824382192,56.688282438219176,0.0,12183.192962107843,17.7,0.62,0.0,0.0,5.0,0.6449628755448891
1870,9,train_0025,12381.80296674338,10705.692409963638,120.56924099636382,0.0,12502.372207739743,14.66,0.74,0.0,0.0,5.0,0.6449628755448891
1871,9,train_0124,12355.483456153755,10995.780233959826,149.57802339598257,0.0,12505.061479549739,17.9,0.62,0.0,0.0,5.0,0.6449628755448891
1872,9,train_0362,12176.505623848012,10441.839499240043,94.18394992400427,0.0,12270.689573772017,16.8,0.64,0.0,0.0,5.0,0.6449628755448891
1873,9,train_0564,12339.697162270784,10641.752263464627,114.17522634646267,0.0,12453.872388617247,16.32,0.7,0.0,0.0,5.0,0.6449628755448891
1874,9,train_0245,12103.303052880396,10251.197136895276,75.11971368952764,0.0,12178.422766569924,15.06,0.7,0.0,0.0,5.0,0.6449628755448891
1875,9,train_0072,12566.624117535317,10554.78754102883,105.47875410288307,0.0,12672.1028716382,15.4,0.76,0.0,0.0,5.0,0.6449628755448891
1876,9,train_0139,12253.964136147504,10211.527018697852,71.15270186978523,0.0,12325.11683801729,15.84,0.64,0.0,0.0,5.0,0.6449628755448891
1877,9,train_0537,12262.909614369582,10298.330458360117,79.83304583601166,0.0,12342.742660205595,15.26,0.7,0.0,0.0,5.0,0.6449628755448891
1878,9,train_0436,12539.358989547014,10493.764634482159,99.37646344821587,0.0,12638.73545299523,17.08,0.72,0.0,0.0,5.0,0.6449628755448891
1879,9,train_0060,12275.050343849369,10893.566706932674,139.35667069326738,0.0,12414.407014542636,16.14,0.58,0.0,0.0,5.0,0.6449628755448891
1880,9,train_0230,12417.137192493687,10572.36963978512,107.236963978512,0.0,12524.374156472199,15.94,0.64,0.0,0.0,5.0,0.6449628755448891
1881,9,train_0158,12290.2277118835,10608.02402748157,110.80240274815696,0.0,12401.030114631658,17.32,0.74,0.0,0.0,5.0,0.6449628755448891
1882,9,train_0106,13132.773371432657,10339.831846983472,83.98318469834722,0.0,13216.756556131004,16.72,0.52,0.0,0.0,5.0,0.6449628755448891
1883,9,train_0507,12282.735172057437,10763.15391719684,126.31539171968399,0.0,12409.05056377712,15.04,0.62,0.0,0.0,5.0,0.6449628755448891
1884,9,train_0370,12349.768044298795,10630.291843990479,113.02918439904789,0.0,12462.797228697842,14.76,0.66,0.0,0.0,5.0,0.6449628755448891
1885,9,train_0107,12801.32052868,10675.276275876313,117.52762758763129,0.0,12918.848156267632,16.9,0.64,0.0,0.0,5.0,0.6449628755448891
1886,9,train_0390,12412.36547527185,10651.65292403444,115.16529240344408,0.0,12527.530767675295,17.32,0.62,0.0,0.0,5.0,0.6449628755448891
1887,9,train_0248,12582.983699931963,10219.920384512234,71.99203845122338,0.0,12654.975738383186,15.44,0.62,0.0,0.0,5.0,0.6449628755448891
1888,9,train_0036,12314.540496241887,10361.005537368623,86.10055373686228,0.0,12400.641049978749,17.0,0.7,0.0,0.0,5.0,0.6449628755448891
1889,9,train_0269,11725.452652084561,10162.414759896743,66.2414759896743,0.0,11791.694128074236,15.58,0.7,0.0,0.0,5.0,0.6449628755448891
1890,9,train_0111,11937.908379672692,10508.87464334901,100.88746433490105,0.0,12038.795844007593,15.18,0.54,0.0,0.0,5.0,0.6449628755448891
1891,9,train_0147,12696.849233686979,10564.119684706055,106.41196847060547,0.0,12803.261202157584,15.22,0.56,0.0,0.0,5.0,0.6449628755448891
1892,9,train_0527,12330.6707118777,10164.88089603183,66.48808960318293,0.0,12397.158801480882,14.9,0.4,0.0,0.0,5.0,0.6449628755448891
1893,9,train_0426,12322.353404164314,10288.44478808533,78.84447880853295,0.0,12401.197882972847,16.84,0.54,0.0,0.0,5.0,0.6449628755448891
1894,9,train_0080,12798.6912813136,10763.818626296203,126.38186262962027,0.0,12925.07314394322,15.88,0.72,0.0,0.0,5.0,0.6449628755448891
1895,9,train_0510,12508.824496872405,10853.785804305413,135.3785804305413,0.0,12644.203077302946,14.64,0.6,0.0,0.0,5.0,0.6449628755448891
1896,9,train_0344,12394.743836805637,10352.01986261792,85.20198626179209,0.0,12479.94582306743,15.68,0.66,0.0,0.0,5.0,0.6449628755448891
1897,9,train_0524,11929.381532555704,10092.306042715136,59.230604271513585,0.0,11988.612136827218,16.42,0.68,0.0,0.0,5.0,0.6449628755448891
1898,9,train_0448,12519.760375686592,10230.63255471837,73.06325547183697,0.0,12592.82363115843,15.94,0.6,0.0,0.0,5.0,0.6449628755448891
1899,9,train_0203,12534.573404955303,10769.946327957847,126.99463279578468,0.0,12661.568037751087,14.02,0.72,0.0,0.0,5.0,0.6449628755448891
1900,9,train_0320,12328.447660656824,10786.343549910773,128.6343549910773,0.0,12457.082015647902,15.44,0.5,0.0,0.0,5.0,0.6449628755448891
1901,9,train_0318,12118.770450715274,10419.907454798633,91.99074547986329,0.0,12210.761196195137,16.58,0.6,0.0,0.0,5.0,0.6449628755448891
1902,9,train_0431,12490.37855153708,10504.389676876752,100.43896768767519,0.0,12590.817519224755,16.28,0.64,0.0,0.0,5.0,0.6449628755448891
1903,9,train_0149,12338.684125443757,10619.395634545202,111.93956345452025,0.0,12450.623688898277,17.02,0.7,0.0,0.0,5.0,0.6449628755448891
1904,9,train_0199,12676.53579230591,10392.041946065487,89.20419460654867,0.0,12765.739986912458,16.98,0.8,0.0,0.0,5.0,0.6449628755448891
1905,9,train_0146,12145.956800683645,10790.416898817079,129.04168988170787,0.0,12274.998490565353,14.92,0.74,0.0,0.0,5.0,0.6449628755448891
1906,9,train_0177,12308.47060463129,10594.422034383662,109.44220343836623,0.0,12417.912808069656,14.74,0.7,0.0,0.0,5.0,0.6449628755448891
1907,9,train_0096,12284.405540962474,10617.042022590327,111.70420225903273,0.0,12396.109743221507,17.86,0.68,0.0,0.0,5.0,0.6449628755448891
1908,9,train_0021,12525.517474252298,10879.129431979654,137.91294319796543,0.0,12663.430417450263,17.54,0.64,0.0,0.0,5.0,0.6449628755448891
1909,9,train_0564,12290.356334830105,10564.764649523175,106.47646495231749,0.0,12396.832799782422,15.76,0.52,0.0,0.0,5.0,0.6449628755448891
1910,9,train_0044,12476.257946421834,11032.051071639784,153.2051071639784,0.0,12629.463053585812,16.46,0.56,0.0,0.0,5.0,0.6449628755448891
1911,9,train_0532,12410.155531166249,10320.508178986789,82.05081789867891,0.0,12492.206349064927,16.28,0.72,0.0,0.0,5.0,0.6449628755448891
1912,9,train_0001,12174.700781430598,10157.17056079412,65.71705607941203,0.0,12240.41783751001,13.58,0.58,0.0,0.0,5.0,0.6449628755448891
1913,9,train_0466,12285.449608647352,10600.833464625728,110.08334646257282,0.0,12395.532955109924,16.22,0.68,0.0,0.0,5.0,0.6449628755448891
1914,9,train_0197,12432.990229296542,10917.809890762568,141.78098907625682,0.0,12574.771218372798,15.7,0.74,0.0,0.0,5.0,0.6449628755448891
1915,9,train_0310,12194.319280004034,10285.207998741096,78.52079987410963,0.0,12272.840079878144,15.44,0.6,0.0,0.0,5.0,0.6449628755448891
1916,9,train_0169,11966.496579200082,10149.566526780305,64.95665267803052,0.0,12031.453231878113,15.58,0.6,0.0,0.0,5.0,0.6449628755448891
1917,9,train_0294,11967.41827356278,10468.67508257318,96.86750825731798,0.0,12064.285781820097,14.26,0.72,0.0,0.0,5.0,0.6449628755448891
1918,9,train_0270,12039.678732311972,10589.237910207297,108.92379102072974,0.0,12148.602523332702,16.22,0.62,0.0,0.0,5.0,0.6449628755448891
1919,9,train_0317,12213.935987396675,10377.236860548272,87.72368605482717,0.0,12301.659673451502,16.22,0.58,0.0,0.0,5.0,0.6449628755448891
1920,9,train_0235,12672.479061081613,10461.808521508892,96.18085215088922,0.0,12768.659913232503,15.96,0.58,0.0,0.0,5.0,0.6449628755448891
1921,9,train_0321,12604.59627030953,10356.400007642806,85.64000076428056,0.0,12690.23627107381,18.94,0.74,0.0,0.0,5.0,0.6449628755448891
1922,9,train_0495,12444.891516327487,10657.709789806691,115.77097898066914,0.0,12560.662495308155,16.66,0.6,0.0,0.0,5.0,0.6449628755448891
1923,9,train_0260,12145.597464117409,10386.872194408896,88.68721944088958,0.0,12234.284683558299,17.06,0.66,0.0,0.0,5.0,0.6449628755448891
1924,9,train_0216,12173.789262195674,10134.945561195393,63.49455611953927,0.0,12237.283818315214,17.2,0.66,0.0,0.0,5.0,0.6449628755448891
1925,9,train_0079,12221.46252084246,10928.853246511917,142.8853246511917,0.0,12364.347845493652,16.2,0.52,0.0,0.0,5.0,0.6449628755448891
1926,9,train_0215,12573.08717634715,10936.62790401849,143.6627904018491,0.0,12716.749966749,17.3,0.68,0.0,0.0,5.0,0.6449628755448891
1927,9,train_0075,12358.600883301395,10575.11196814778,107.51119681477795,0.0,12466.112080116172,18.9,0.76,0.0,0.0,5.0,0.6449628755448891
1928,9,train_0109,12511.90264687749,10740.81415939953,124.08141593995298,0.0,12635.984062817442,17.02,0.66,0.0,0.0,5.0,0.6449628755448891
1929,9,train_0571,12399.821901469302,10380.436289987685,88.04362899876851,0.0,12487.86553046807,16.38,0.68,0.0,0.0,5.0,0.6449628755448891
1930,9,train_0053,12344.43457083721,10419.438244496267,91.94382444962667,0.0,12436.378395286836,16.6,0.72,0.0,0.0,5.0,0.6449628755448891
1931,9,train_0289,12604.443005681867,10860.612329866308,136.06123298663078,0.0,12740.504238668498,17.14,0.54,0.0,0.0,5.0,0.6449628755448891
1932,9,train_0500,11965.426594731507,10445.62467972379,94.5624679723791,0.0,12059.989062703886,16.0,0.66,0.0,0.0,5.0,0.6449628755448891
1933,9,train_0571,12535.217525968337,10235.475740545771,73.54757405457713,0.0,12608.765100022914,16.3,0.64,0.0,0.0,5.0,0.6449628755448891
1934,9,train_0088,12604.390863216595,10595.606956982669,109.56069569826687,0.0,12713.951558914861,16.32,0.78,0.0,0.0,5.0,0.6449628755448891
1935,9,train_0098,11893.212647167118,10450.852141769294,95.08521417692937,0.0,11988.297861344048,13.9,0.74,0.0,0.0,5.0,0.6449628755448891
1936,9,train_0223,12136.550107507825,10183.303611251042,68.33036112510418,0.0,12204.88046863293,15.2,0.62,0.0,0.0,5.0,0.6449628755448891
1937,9,train_0332,12187.298049990832,10141.068052399485,64.10680523994851,0.0,12251.40485523078,15.42,0.54,0.0,0.0,5.0,0.6449628755448891
1938,9,train_0575,12835.782682176712,10446.049477491146,94.60494774911459,0.0,12930.387629925826,16.12,0.66,0.0,0.0,5.0,0.6449628755448891
1939,9,train_0124,12420.980810103269,10678.691326638665,117.86913266386655,0.0,12538.849942767136,17.7,0.58,0.0,0.0,5.0,0.6449628755448891
1940,9,train_0098,11915.074348529068,10373.271529563643,87.32715295636427,0.0,12002.401501485432,14.5,0.7,0.0,0.0,5.0,0.6449628755448891
1941,9,train_0151,12464.535373551906,10568.219846269003,106.8219846269003,0.0,12571.357358178806,14.94,0.62,0.0,0.0,5.0,0.6449628755448891
1942,9,train_0524,11800.008704871338,9844.241174421,34.424117442100034,0.0,11834.432822313438,15.92,0.6,0.0,0.0,5.0,0.6449628755448891
1943,9,train_0018,12198.026357662173,10318.233625757484,81.82336257574843,0.0,12279.849720237922,15.14,0.7,0.0,0.0,5.0,0.6449628755448891
1944,9,train_0228,12175.439434529959,10466.510770907256,96.65107709072564,0.0,12272.090511620685,14.66,0.78,0.0,0.0,5.0,0.6449628755448891
1945,9,train_0071,12460.045328627408,10457.40151418122,95.74015141812197,0.0,12555.78548004553,15.58,0.72,0.0,0.0,5.0,0.6449628755448891
1946,9,train_0094,11830.472083849541,10147.429874114945,64.74298741149451,0.0,11895.215071261036,15.94,0.76,0.0,0.0,5.0,0.6449628755448891
1947,9,train_0550,12364.898307485586,10525.371624011967,102.53716240119667,0.0,12467.435469886783,16.98,0.62,0.0,0.0,5.0,0.6449628755448891
1948,9,train_0000,12216.747067646847,10060.95009417383,56.095009417382975,0.0,12272.84207706423,14.38,0.6,0.0,0.0,5.0,0.6449628755448891
1949,9,train_0192,12372.189035749063,10670.51544686223,117.05154468622295,0.0,12489.240580435286,17.04,0.68,0.0,0.0,5.0,0.6449628755448891
1950,9,train_0549,12295.80016392994,10828.240032953758,132.82400329537577,0.0,12428.624167225316,17.3,0.6,0.0,0.0,5.0,0.6449628755448891
1951,9,train_0364,12243.674515252089,10636.777490331204,113.67774903312039,0.0,12357.35226428521,17.56,0.72,0.0,0.0,5.0,0.6449628755448891
1952,9,train_0043,11934.345787334592,10504.429567458006,100.44295674580063,0.0,12034.788744080393,17.72,0.62,0.0,0.0,5.0,0.6449628755448891
1953,9,train_0279,12641.878779758024,10339.23742402548,83.92374240254794,0.0,12725.802522160573,16.5,0.6,0.0,0.0,5.0,0.6449628755448891
1954,9,train_0582,12607.3657078621,10529.547565248768,102.95475652487676,0.0,12710.320464386976,16.58,0.56,0.0,0.0,5.0,0.6449628755448891
1955,9,train_0240,13177.580652622895,10297.028611269941,79.70286112699415,0.0,13257.28351374989,16.06,0.5,0.0,0.0,5.0,0.6449628755448891
1956,9,train_0317,12182.182985221893,10391.576612833065,89.15766128330652,0.0,12271.3406465052,14.72,0.64,0.0,0.0,5.0,0.6449628755448891
1957,9,train_0319,12399.758016161926,10616.82534121751,111.68253412175109,0.0,12511.440550283678,15.76,0.66,0.0,0.0,5.0,0.6449628755448891
1958,9,train_0396,12218.641034817989,10634.959928893259,113.49599288932586,0.0,12332.137027707315,13.8,0.64,0.0,0.0,5.0,0.6449628755448891
1959,9,train_0112,12434.804443436115,10457.451040612817,95.74510406128175,0.0,12530.549547497396,17.42,0.76,0.0,0.0,5.0,0.6449628755448891
1960,9,train_0503,12753.269277542333,10864.074589370011,136.40745893700114,0.0,12889.676736479334,16.16,0.64,0.0,0.0,5.0,0.6449628755448891
1961,9,train_0593,12258.671426422103,10629.60361835285,112.96036183528504,0.0,12371.631788257388,14.54,0.54,0.0,0.0,5.0,0.6449628755448891
1962,9,train_0085,12308.057842520055,10616.09947484516,111.60994748451594,0.0,12419.66779000457,15.14,0.68,0.0,0.0,5.0,0.6449628755448891
1963,9,train_0490,12107.20176701101,10556.67928149304,105.66792814930396,0.0,12212.869695160314,15.38,0.56,0.0,0.0,5.0,0.6449628755448891
1964,9,train_0490,12258.85893297231,10317.414563884378,81.74145638843784,0.0,12340.600389360749,16.88,0.58,0.0,0.0,5.0,0.6449628755448891
1965,9,train_0444,12516.012678319863,10229.122941159652,72.91229411596524,0.0,12588.924972435829,17.18,0.56,0.0,0.0,5.0,0.6449628755448891
1966,9,train_0222,12210.596235707118,10464.353692841643,96.43536928416434,0.0,12307.031604991284,17.7,0.8,0.0,0.0,5.0,0.6449628755448891
1967,9,train_0281,12552.35410565421,10623.787472130225,112.3787472130225,0.0,12664.732852867233,16.98,0.66,0.0,0.0,5.0,0.6449628755448891
1968,9,train_0503,12828.784421421127,10765.941772442568,126.59417724425676,0.0,12955.378598665384,15.2,0.66,0.0,0.0,5.0,0.6449628755448891
1969,9,train_0091,12433.836394538386,10536.751730973097,103.67517309730975,0.0,12537.511567635696,15.88,0.66,0.0,0.0,5.0,0.6449628755448891
1970,9,train_0497,12485.498587198774,10578.794417444198,107.87944174441982,0.0,12593.378028943194,16.24,0.62,0.0,0.0,5.0,0.6449628755448891
1971,9,train_0552,12256.582802788536,10530.173125543794,103.01731255437936,0.0,12359.600115342915,14.24,0.68,0.0,0.0,5.0,0.6449628755448891
1972,9,train_0409,12841.259001161872,10734.656650477293,123.46566504772927,0.0,12964.724666209602,16.1,0.6,0.0,0.0,5.0,0.6449628755448891
1973,9,train_0204,12590.47635923425,10548.242378184916,104.82423781849157,0.0,12695.300597052741,15.32,0.68,0.0,0.0,5.0,0.6449628755448891
1974,9,train_0335,12673.77413048757,10560.449784549959,106.04497845499591,0.0,12779.819108942567,18.64,0.56,0.0,0.0,5.0,0.6449628755448891
1975,9,train_0030,12474.18805333892,10478.585789238827,97.85857892388267,0.0,12572.046632262802,16.2,0.72,0.0,0.0,5.0,0.6449628755448891
1976,9,train_0559,12147.812742693492,10870.28944921859,137.02894492185897,0.0,12284.84168761535,17.82,0.62,0.0,0.0,5.0,0.6449628755448891
1977,9,train_0205,12339.504663999136,10549.356232893002,104.93562328930021,0.0,12444.440287288437,16.56,0.66,0.0,0.0,5.0,0.6449628755448891
1978,9,train_0034,12226.785096597578,10434.437406248318,93.44374062483185,0.0,12320.22883722241,14.7,0.6,0.0,0.0,5.0,0.6449628755448891
1979,9,train_0476,12583.074804290853,9961.858169563464,46.18581695634639,0.0,12629.260621247198,18.68,0.74,0.0,0.0,5.0,0.6449628755448891
1980,9,train_0394,12466.32559544735,10405.475565900964,90.54755659009643,0.0,12556.873152037446,17.2,0.6,0.0,0.0,5.0,0.6449628755448891
1981,9,train_0373,12533.953760039545,10840.95091107984,134.09509110798408,0.0,12668.048851147529,16.2,0.7,0.0,0.0,5.0,0.6449628755448891
1982,9,train_0032,12686.544050896673,10548.858654020049,104.88586540200487,0.0,12791.429916298677,17.76,0.66,0.0,0.0,5.0,0.6449628755448891
1983,9,train_0450,11906.488859485436,10494.841794319094,99.48417943190944,0.0,12005.973038917346,15.28,0.62,0.0,0.0,5.0,0.6449628755448891
1984,9,train_0382,12334.174840339983,10981.179504334512,148.1179504334512,0.0,12482.292790773434,15.28,0.66,0.0,0.0,5.0,0.6449628755448891
1985,9,train_0476,12047.742091771259,10340.31538728224,84.03153872822405,0.0,12131.773630499483,19.58,0.58,0.0,0.0,5.0,0.6449628755448891
1986,9,train_0496,12336.01934740634,10389.775937120065,88.97759371200647,0.0,12424.996941118347,16.8,0.66,0.0,0.0,5.0,0.6449628755448891
1987,9,train_0127,12398.881343866491,10737.325979758156,123.7325979758156,0.0,12522.613941842306,15.56,0.7,0.0,0.0,5.0,0.6449628755448891
1988,9,train_0126,12513.625879076324,10235.427215649297,73.5427215649297,0.0,12587.168600641253,16.54,0.68,0.0,0.0,5.0,0.6449628755448891
1989,9,train_0554,12028.871000074658,10605.025957836584,110.5025957836584,0.0,12139.373595858317,13.16,0.68,0.0,0.0,5.0,0.6449628755448891
1990,9,train_0318,12328.027865933536,10262.894868246114,76.28948682461142,0.0,12404.317352758148,16.4,0.6,0.0,0.0,5.0,0.6449628755448891
1991,9,train_0262,12463.82304006132,10870.400059378702,137.04000593787023,0.0,12600.86304599919,16.92,0.7,0.0,0.0,5.0,0.6449628755448891
1992,9,train_0172,12168.833566089506,10444.369262972356,94.43692629723556,0.0,12263.270492386742,17.78,0.66,0.0,0.0,5.0,0.6449628755448891
1993,9,train_0383,12132.537102272807,10283.208629415838,78.32086294158381,0.0,12210.85796521439,15.96,0.6,0.0,0.0,5.0,0.6449628755448891
1994,9,train_0452,12349.497074516134,10385.084393623074,88.5084393623074,0.0,12438.005513878441,15.88,0.64,0.0,0.0,5.0,0.6449628755448891
1995,9,train_0001,12039.416311418716,10493.100190900157,99.31001909001571,0.0,12138.72633050873,13.92,0.74,0.0,0.0,5.0,0.6449628755448891
1996,9,train_0331,12443.784030523595,10227.857409659871,72.78574096598713,0.0,12516.569771489581,17.12,0.64,0.0,0.0,5.0,0.6449628755448891
1997,9,train_0596,12246.454597098895,10245.209331983704,74.5209331983704,0.0,12320.975530297264,15.68,0.68,0.0,0.0,5.0,0.6449628755448891
1998,9,train_0168,12323.754845846877,10875.94048569314,137.59404856931397,0.0,12461.34889441619,17.2,0.72,0.0,0.0,5.0,0.6449628755448891
1999,9,train_0168,12656.846804017965,10618.507754288577,111.85077542885774,0.0,12768.697579446824,17.42,0.56,0.0,0.0,5.0,0.6449628755448891
2000,9,train_0526,12526.33496329872,10456.772026157429,95.67720261574287,0.0,12622.012165914462,17.16,0.68,0.0,0.0,5.0,0.6449628755448891
2001,9,train_0037,12910.970619389409,10575.87956949929,107.58795694992897,0.0,13018.558576339337,17.72,0.64,0.0,0.0,5.0,0.6449628755448891
2002,9,train_0238,12346.943391814553,10484.012734197344,98.4012734197344,0.0,12445.344665234288,17.64,0.58,0.0,0.0,5.0,0.6449628755448891
2003,9,train_0274,12330.080177303322,10745.292455231269,124.52924552312689,0.0,12454.609422826448,16.06,0.6,0.0,0.0,5.0,0.6449628755448891
2004,9,train_0478,12317.779299766786,10740.734229287053,124.07342292870527,0.0,12441.85272269549,17.48,0.72,0.0,0.0,5.0,0.6449628755448891
2005,9,train_0077,12214.436207593957,10180.868690639145,68.08686906391449,0.0,12282.523076657872,15.12,0.7,0.0,0.0,5.0,0.6449628755448891
2006,9,train_0260,12124.685494184037,10307.463882143116,80.74638821431164,0.0,12205.431882398349,15.84,0.68,0.0,0.0,5.0,0.6449628755448891
2007,9,train_0091,12541.660169359333,10816.882131935672,131.6882131935672,0.0,12673.3483825529,15.62,0.66,0.0,0.0,5.0,0.6449628755448891
2008,9,train_0472,12623.638395078728,10839.63263769215,133.963263769215,0.0,12757.601658847943,16.16,0.68,0.0,0.0,5.0,0.6449628755448891
2009,9,train_0379,12905.902464808789,11076.030375313178,157.60303753131777,0.0,13063.505502340107,14.72,0.52,0.0,0.0,5.0,0.6449628755448891
2010,9,train_0298,11774.949909224928,10006.890506668693,50.6890506668693,0.0,11825.638959891798,14.78,0.62,0.0,0.0,5.0,0.6449628755448891
2011,9,train_0235,12826.986823246723,10293.57586656715,79.35758665671493,0.0,12906.344409903439,15.42,0.76,0.0,0.0,5.0,0.6449628755448891
2012,9,train_0091,12355.440573417738,10735.024603395144,123.50246033951444,0.0,12478.943033757252,17.86,0.6,0.0,0.0,5.0,0.6449628755448891
2013,9,train_0553,11678.26674263991,10139.10376739612,63.910376739612005,0.0,11742.177119379521,16.7,0.68,0.0,0.0,5.0,0.6449628755448891
2014,9,train_0388,12340.432515060005,10589.68122986029,108.96812298602909,0.0,12449.400638046034,14.8,0.66,0.0,0.0,5.0,0.6449628755448891
2015,9,train_0191,12571.939856646633,10511.269574373027,101.12695743730274,0.0,12673.066814083937,17.14,0.64,0.0,0.0,5.0,0.6449628755448891
2016,9,train_0248,12637.563709354501,10388.312945742917,88.83129457429169,0.0,12726.395003928792,15.78,0.66,0.0,0.0,5.0,0.6449628755448891
2017,9,train_0435,12073.622236040439,10070.01959822495,57.001959822494975,0.0,12130.624195862934,15.78,0.62,0.0,0.0,5.0,0.6449628755448891
2018,9,train_0431,12393.966363159372,10448.65743846158,94.86574384615797,0.0,12488.83210700553,16.78,0.56,0.0,0.0,5.0,0.6449628755448891
2019,9,train_0276,12172.236697577784,10306.364285009182,80.6364285009182,0.0,12252.873126078703,15.52,0.68,0.0,0.0,5.0,0.6449628755448891
2020,9,train_0181,11684.547815408296,9781.586598693808,28.15865986938079,0.0,11712.706475277677,18.1,0.7,0.0,0.0,5.0,0.6449628755448891
2021,9,train_0395,12162.441218420918,10325.506794752373,82.5506794752373,0.0,12244.991897896154,15.9,0.6,0.0,0.0,5.0,0.6449628755448891
2022,9,train_0394,12189.422317489672,10634.275231715867,113.42752317158666,0.0,12302.84984066126,15.42,0.66,0.0,0.0,5.0,0.6449628755448891
2023,9,train_0359,12645.576978472716,10538.467301878141,103.84673018781415,0.0,12749.42370866053,16.04,0.56,0.0,0.0,5.0,0.6449628755448891
2024,9,train_0043,12199.548817846277,10743.612549162708,124.36125491627081,0.0,12323.910072762548,16.82,0.76,0.0,0.0,5.0,0.6449628755448891
2025,9,train_0283,12462.085628431501,10663.253853885688,116.3253853885688,0.0,12578.41101382007,15.6,0.76,0.0,0.0,5.0,0.6449628755448891
2026,9,train_0368,12703.846333990743,10151.330001408629,65.1330001408629,0.0,12768.979334131605,15.64,0.66,0.0,0.0,5.0,0.6449628755448891
2027,9,train_0570,12142.912145169299,10147.595556722834,64.75955567228338,0.0,12207.671700841582,15.06,0.62,0.0,0.0,5.0,0.6449628755448891
2028,9,train_0315,12394.043927819945,11079.393924523469,157.93939245234688,0.0,12551.983320272291,15.72,0.66,0.0,0.0,5.0,0.6449628755448891
2029,9,train_0205,12574.694904781225,10586.974415767578,108.69744157675778,0.0,12683.392346357983,16.66,0.64,0.0,0.0,5.0,0.6449628755448891
2030,9,train_0333,12817.668636928034,11106.93853162576,160.69385316257595,0.0,12978.36249009061,15.74,0.68,0.0,0.0,5.0,0.6449628755448891
2031,9,train_0106,12706.082157470513,11044.21515873485,154.42151587348508,0.0,12860.503673344,15.72,0.66,0.0,0.0,5.0,0.6449628755448891
2032,9,train_0054,12114.699622820206,10670.14012988255,117.01401298825495,0.0,12231.71363580846,15.08,0.66,0.0,0.0,5.0,0.6449628755448891
2033,9,train_0406,12480.473277728415,10176.101808364125,67.61018083641248,0.0,12548.083458564828,17.62,0.64,0.0,0.0,5.0,0.6449628755448891
2034,9,train_0591,12620.078073599023,10673.156551802818,117.31565518028184,0.0,12737.393728779305,16.58,0.64,0.0,0.0,5.0,0.6449628755448891
2035,9,train_0507,12591.934865086598,10476.865720285605,97.68657202856048,0.0,12689.621437115158,15.08,0.6,0.0,0.0,5.0,0.6449628755448891
2036,9,train_0350,12088.035593178043,10193.081031651629,69.3081031651629,0.0,12157.343696343207,16.32,0.74,0.0,0.0,5.0,0.6449628755448891
2037,9,train_0024,12099.68684240249,10068.129391644903,56.81293916449031,0.0,12156.499781566981,15.32,0.66,0.0,0.0,5.0,0.6449628755448891
2038,9,train_0592,12166.520185492409,10751.227007024034,125.12270070240339,0.0,12291.642886194812,15.02,0.76,0.0,0.0,5.0,0.6449628755448891
2039,9,train_0269,11919.92300188768,9888.153178446311,38.81531784463114,0.0,11958.738319732312,14.9,0.62,0.0,0.0,5.0,0.6449628755448891
2040,9,train_0173,12443.311932705146,10809.516562110906,130.95165621109064,0.0,12574.263588916237,16.2,0.52,0.0,0.0,5.0,0.6449628755448891
2041,9,train_0535,12308.652501146473,10102.372433331813,60.237243333181326,0.0,12368.889744479655,14.28,0.68,0.0,0.0,5.0,0.6449628755448891
2042,9,train_0447,12451.462462028794,10291.327074932611,79.13270749326112,0.0,12530.595169522056,15.66,0.62,0.0,0.0,5.0,0.6449628755448891
2043,9,train_0449,12218.509077120078,10757.840954025678,125.7840954025678,0.0,12344.293172522644,16.86,0.76,0.0,0.0,5.0,0.6449628755448891
2044,9,train_0166,12263.5571100323,10098.819953667935,59.88199536679349,0.0,12323.439105399093,13.8,0.7,0.0,0.0,5.0,0.6449628755448891
2045,9,train_0595,12112.454166386495,10046.075192846652,54.60751928466525,0.0,12167.06168567116,17.18,0.66,0.0,0.0,5.0,0.6449628755448891
2046,9,train_0271,12340.538220881597,9997.258158943234,49.72581589432339,0.0,12390.264036775921,13.42,0.7,0.0,0.0,5.0,0.6449628755448891
2047,9,train_0318,12277.8874466004,10536.729070613983,103.67290706139829,0.0,12381.560353661798,17.14,0.7,0.0,0.0,5.0,0.6449628755448891
2048,10,train_0450,12338.087755838502,10114.825080452325,61.4825080452325,0.0,12399.570263883734,13.74,0.62,0.0,0.0,5.0,0.6449628755448891
2049,10,train_0395,12156.897287418884,10012.141085501322,51.21410855013219,0.0,12208.111395969016,16.02,0.6,0.0,0.0,5.0,0.6449628755448891
2050,10,train_0103,11870.145899667441,10350.826095396005,85.08260953960053,0.0,11955.228509207041,17.08,0.66,0.0,0.0,5.0,0.6449628755448891
2051,10,train_0181,11398.757984253938,9792.253598288798,29.225359828879846,0.0,11427.983344082819,14.54,0.62,0.0,0.0,5.0,0.6449628755448891
2052,10,train_0216,12062.308360064777,10451.974437613488,95.19744376134878,0.0,12157.505803826125,17.0,0.74,0.0,0.0,5.0,0.6449628755448891
2053,10,train_0568,12818.599622733442,10720.945196178658,122.09451961786581,0.0,12940.694142351307,16.44,0.62,0.0,0.0,5.0,0.6449628755448891
2054,10,train_0428,12519.120801470544,10659.155342251215,115.91553422512152,0.0,12635.036335695666,16.4,0.66,0.0,0.0,5.0,0.6449628755448891
2055,10,train_0219,12204.235662624935,10467.818458837282,96.78184588372824,0.0,12301.017508508663,16.36,0.72,0.0,0.0,5.0,0.6449628755448891
2056,10,train_0440,12906.751964413608,10327.647058900844,82.76470589008441,0.0,12989.516670303692,16.82,0.64,0.0,0.0,5.0,0.6449628755448891
2057,10,train_0443,12937.448424323287,10780.72987479902,128.07298747990208,0.0,13065.521411803189,16.66,0.68,0.0,0.0,5.0,0.6449628755448891
2058,10,train_0236,12281.30658137617,10180.768818817756,68.07688188177563,0.0,12349.383463257946,17.3,0.76,0.0,0.0,5.0,0.6449628755448891
2059,10,train_0241,12171.505497534674,10285.235832986955,78.52358329869548,0.0,12250.02908083337,15.48,0.56,0.0,0.0,5.0,0.6449628755448891
2060,10,train_0536,12136.31404038268,10455.77513102833,95.57751310283294,0.0,12231.891553485513,16.48,0.58,0.0,0.0,5.0,0.6449628755448891
2061,10,train_0337,12010.828066781645,10103.279192819537,60.327919281953655,0.0,12071.155986063599,16.48,0.62,0.0,0.0,5.0,0.6449628755448891
2062,10,train_0089,12565.539588346137,10534.28112071217,103.42811207121704,0.0,12668.967700417354,15.76,0.62,0.0,0.0,5.0,0.6449628755448891
2063,10,train_0431,12205.6427448465,10420.413564674476,92.04135646744763,0.0,12297.684101313947,17.88,0.8,0.0,0.0,5.0,0.6449628755448891
2064,10,train_0353,12291.635583905427,10519.914581354124,101.99145813541236,0.0,12393.62704204084,16.86,0.66,0.0,0.0,5.0,0.6449628755448891
2065,10,train_0305,12235.238842473264,10421.990062016881,92.1990062016881,0.0,12327.437848674952,15.28,0.64,0.0,0.0,5.0,0.6449628755448891
2066,10,train_0435,12081.931071668856,10260.862210433723,76.08622104337228,0.0,12158.017292712228,15.46,0.6,0.0,0.0,5.0,0.6449628755448891
2067,10,train_0544,12849.296047811284,10510.131987778272,101.01319877782717,0.0,12950.309246589111,14.62,0.56,0.0,0.0,5.0,0.6449628755448891
2068,10,train_0198,11675.728468175981,10153.207253546196,65.32072535461957,0.0,11741.0491935306,16.3,0.68,0.0,0.0,5.0,0.6449628755448891
2069,10,train_0251,12315.321716095663,10600.84601388954,110.08460138895407,0.0,12425.406317484616,14.7,0.56,0.0,0.0,5.0,0.6449628755448891
2070,10,train_0113,11926.990847848992,10334.839277904339,83.48392779043388,0.0,12010.474775639426,17.08,0.66,0.0,0.0,5.0,0.6449628755448891
2071,10,train_0388,12728.691401956108,10594.87838441423,109.4878384414231,0.0,12838.17924039753,15.54,0.7,0.0,0.0,5.0,0.6449628755448891
2072,10,train_0241,12306.310786232569,10182.976082288413,68.29760822884127,0.0,12374.60839446141,14.94,0.7,0.0,0.0,5.0,0.6449628755448891
2073,10,train_0205,12472.249632451782,10467.868755995074,96.78687559950741,0.0,12569.03650805129,16.66,0.78,0.0,0.0,5.0,0.6449628755448891
2074,10,train_0417,12273.028245263009,10263.205508379622,76.32055083796222,0.0,12349.34879610097,15.28,0.7,0.0,0.0,5.0,0.6449628755448891
2075,10,train_0244,12055.164425180406,10692.430532319222,119.2430532319222,0.0,12174.40747841233,16.88,0.72,0.0,0.0,5.0,0.6449628755448891
2076,10,train_0278,12454.615723779349,10417.727909542853,91.77279095428531,0.0,12546.388514733633,16.82,0.56,0.0,0.0,5.0,0.6449628755448891
2077,10,train_0264,12186.16529390279,10084.537107216198,58.45371072161979,0.0,12244.61900462441,17.46,0.72,0.0,0.0,5.0,0.6449628755448891
2078,10,train_0155,12490.2355543321,10372.239601800582,87.22396018005821,0.0,12577.459514512157,15.32,0.72,0.0,0.0,5.0,0.6449628755448891
2079,10,train_0075,12389.19571945997,10563.482339500073,106.34823395000731,0.0,12495.543953409979,17.28,0.62,0.0,0.0,5.0,0.6449628755448891
2080,10,train_0496,12299.723421570852,10390.752675514328,89.07526755143282,0.0,12388.798689122284,17.2,0.66,0.0,0.0,5.0,0.6449628755448891
2081,10,train_0055,12363.305706108817,10672.609502042094,117.26095020420945,0.0,12480.566656313025,14.2,0.66,0.0,0.0,5.0,0.6449628755448891
2082,10,train_0194,12561.948243814368,10386.20404536637,88.62040453663704,0.0,12650.568648351005,16.04,0.64,0.0,0.0,5.0,0.6449628755448891
2083,10,train_0400,12853.385567922767,10231.70372188679,73.170372188679,0.0,12926.555940111446,16.72,0.68,0.0,0.0,5.0,0.6449628755448891
2084,10,train_0078,12211.848489871118,10406.981990811779,90.69819908117789,0.0,12302.546688952296,14.98,0.7,0.0,0.0,5.0,0.6449628755448891
2085,10,train_0393,12349.331606000229,10387.295428311541,88.72954283115415,0.0,12438.061148831383,13.32,0.68,0.0,0.0,5.0,0.6449628755448891
2086,10,train_0439,12223.383026610692,10464.514847066104,96.45148470661043,0.0,12319.834511317304,13.82,0.56,0.0,0.0,5.0,0.6449628755448891
2087,10,train_0397,11901.821403178172,10493.793220054034,99.37932200540345,0.0,12001.200725183575,15.64,0.6,0.0,0.0,5.0,0.6449628755448891
2088,10,train_0183,12576.060569868823,10428.506121825496,92.8506121825496,0.0,12668.911182051374,15.42,0.62,0.0,0.0,5.0,0.6449628755448891
2089,10,train_0011,12047.6269385673,10214.232102450675,71.42321024506747,0.0,12119.050148812368,15.16,0.74,0.0,0.0,5.0,0.6449628755448891
2090,10,train_0532,12300.275322894238,10570.517967822423,107.05179678224232,0.0,12407.32711967648,16.26,0.6,0.0,0.0,5.0,0.6449628755448891
2091,10,train_0195,12802.957144525015,10496.430895577121,99.64308955771213,0.0,12902.600234082727,18.02,0.64,0.0,0.0,5.0,0.6449628755448891
2092,10,train_0483,12981.521139001099,10503.469331688502,100.34693316885023,0.0,13081.86807216995,14.6,0.5,0.0,0.0,5.0,0.6449628755448891
2093,10,train_0118,12216.20318181712,10463.331122829495,96.33311228294951,0.0,12312.53629410007,14.16,0.64,0.0,0.0,5.0,0.6449628755448891
2094,10,train_0097,12255.886210979592,10213.821763860731,71.38217638607311,0.0,12327.268387365664,16.62,0.62,0.0,0.0,5.0,0.6449628755448891
2095,10,train_0466,12327.173957511342,10757.3035295369,125.7303529536901,0.0,12452.904310465032,15.54,0.74,0.0,0.0,5.0,0.6449628755448891
2096,10,train_0563,12322.037118139631,10220.936700879067,72.09367008790669,0.0,12394.130788227538,15.82,0.62,0.0,0.0,5.0,0.6449628755448891
2097,10,train_0516,12682.90082868381,10600.108402475254,110.01084024752545,0.0,12792.911668931336,14.82,0.62,0.0,0.0,5.0,0.6449628755448891
2098,10,train_0450,12164.420876696266,10189.692607437348,68.96926074373478,0.0,12233.390137440001,14.5,0.7,0.0,0.0,5.0,0.6449628755448891
2099,10,train_0148,12518.868417156873,10524.7801595748,102.47801595748007,0.0,12621.346433114353,16.58,0.68,0.0,0.0,5.0,0.6449628755448891
2100,10,train_0547,13049.885548556565,10264.869664586926,76.48696645869259,0.0,13126.372515015259,16.68,0.74,0.0,0.0,5.0,0.6449628755448891
2101,10,train_0400,12635.219590257953,10701.56700689982,120.15670068998207,0.0,12755.376290947936,15.32,0.76,0.0,0.0,5.0,0.6449628755448891
2102,10,train_0103,12232.780910073081,10018.424062891267,51.84240628912667,0.0,12284.623316362207,16.08,0.7,0.0,0.0,5.0,0.6449628755448891
2103,10,train_0077,12317.936049522214,10066.406640589745,56.64066405897447,0.0,12374.576713581188,16.12,0.6,0.0,0.0,5.0,0.6449628755448891
2104,10,train_0522,12379.515097509684,10655.739160423464,115.57391604234635,0.0,12495.089013552031,17.56,0.68,0.0,0.0,5.0,0.6449628755448891
2105,10,train_0165,11806.186657728329,10391.90726397884,89.19072639788392,0.0,11895.377384126214,15.42,0.66,0.0,0.0,5.0,0.6449628755448891
2106,10,train_0459,12476.377250290469,10329.05430185565,82.90543018556491,0.0,12559.282680476033,17.96,0.64,0.0,0.0,5.0,0.6449628755448891
2107,10,train_0083,11748.642123091031,10588.176577285736,108.81765772857362,0.0,11857.459780819605,14.76,0.72,0.0,0.0,5.0,0.6449628755448891
2108,10,train_0168,12549.619874503263,10636.906394365522,113.6906394365522,0.0,12663.310513939816,16.0,0.7,0.0,0.0,5.0,0.6449628755448891
2109,10,train_0170,12038.711433400425,10341.887713674905,84.18877136749052,0.0,12122.900204767917,18.44,0.66,0.0,0.0,5.0,0.6449628755448891
2110,10,train_0168,12814.980072552395,10395.176780126985,89.51767801269852,0.0,12904.497750565093,17.1,0.64,0.0,0.0,5.0,0.6449628755448891
2111,10,train_0404,13114.407461651477,10851.740373612378,135.1740373612378,0.0,13249.581499012715,16.56,0.66,0.0,0.0,5.0,0.6449628755448891
2112,10,train_0548,12454.11376099335,10447.213738093827,94.72137380938275,0.0,12548.835134802734,16.48,0.66,0.0,0.0,5.0,0.6449628755448891
2113,10,train_0546,12186.072441773955,10618.564293813004,111.85642938130042,0.0,12297.928871155254,19.26,0.62,0.0,0.0,5.0,0.6449628755448891
2114,10,train_0444,12435.188318201659,10471.372380426088,97.13723804260881,0.0,12532.325556244268,17.24,0.6,0.0,0.0,5.0,0.6449628755448891
2115,10,train_0121,12196.436623707184,10378.350702474105,87.83507024741048,0.0,12284.271693954595,15.42,0.66,0.0,0.0,5.0,0.6449628755448891
2116,10,train_0576,12224.809420287893,10294.531153329848,79.45311533298482,0.0,12304.262535620877,15.36,0.66,0.0,0.0,5.0,0.6449628755448891
2117,10,train_0325,12305.686477073587,10353.79239073223,85.37923907322293,0.0,12391.06571614681,14.4,0.72,0.0,0.0,5.0,0.6449628755448891
2118,10,train_0327,12541.100573338252,10777.45757997806,127.74575799780597,0.0,12668.846331336057,17.12,0.64,0.0,0.0,5.0,0.6449628755448891
2119,10,train_0420,12291.218350540983,10511.795569834223,101.1795569834223,0.0,12392.397907524406,14.66,0.74,0.0,0.0,5.0,0.6449628755448891
2120,10,train_0461,12524.106510970378,10404.309305499355,90.43093054993551,0.0,12614.537441520313,13.48,0.76,0.0,0.0,5.0,0.6449628755448891
2121,10,train_0571,12256.288678899855,10192.88844685482,69.28884468548203,0.0,12325.577523585336,14.38,0.72,0.0,0.0,5.0,0.6449628755448891
2122,10,train_0349,12031.442791127522,10264.761675663845,76.47616756638455,0.0,12107.918958693906,15.96,0.68,0.0,0.0,5.0,0.6449628755448891
2123,10,train_0366,12136.054209185288,10604.368435549375,110.43684355493752,0.0,12246.491052740224,15.64,0.68,0.0,0.0,5.0,0.6449628755448891
2124,10,train_0447,12313.875670526893,10359.330311554879,85.93303115548788,0.0,12399.808701682381,16.74,0.66,0.0,0.0,5.0,0.6449628755448891
2125,10,train_0153,12087.087381742844,10600.660583674231,110.06605836742311,0.0,12197.153440110267,17.22,0.72,0.0,0.0,5.0,0.6449628755448891
2126,10,train_0184,12461.275905048558,10268.099552675243,76.80995526752432,0.0,12538.085860316083,16.46,0.76,0.0,0.0,5.0,0.6449628755448891
2127,10,train_0375,12540.249379638419,10577.508644033396,107.75086440333962,0.0,12648.00024404176,14.98,0.64,0.0,0.0,5.0,0.6449628755448891
2128,10,train_0038,12424.034224052262,10389.673412201108,88.96734122011077,0.0,12513.001565272372,18.08,0.68,0.0,0.0,5.0,0.6449628755448891
2129,10,train_0192,12306.268977099004,10757.74728659691,125.77472865969104,0.0,12432.043705758695,16.64,0.74,0.0,0.0,5.0,0.6449628755448891
2130,10,train_0430,12339.063199435972,10194.413967288365,69.44139672883648,0.0,12408.504596164808,15.72,0.7,0.0,0.0,5.0,0.6449628755448891
2131,10,train_0585,12367.80918923523,10576.17706295359,107.61770629535896,0.0,12475.426895530589,13.78,0.7,0.0,0.0,5.0,0.6449628755448891
2132,10,train_0311,12313.32828295638,10676.898149614506,117.68981496145062,0.0,12431.01809791783,16.94,0.76,0.0,0.0,5.0,0.6449628755448891
2133,10,train_0239,12569.992113238128,10147.813406791636,64.78134067916362,0.0,12634.77345391729,15.42,0.64,0.0,0.0,5.0,0.6449628755448891
2134,10,train_0264,12092.411163329627,10199.340536610871,69.93405366108709,0.0,12162.345216990714,14.44,0.64,0.0,0.0,5.0,0.6449628755448891
2135,10,train_0411,12717.580853139543,10684.149538478534,118.4149538478534,0.0,12835.995806987397,15.68,0.56,0.0,0.0,5.0,0.6449628755448891
2136,10,train_0326,12317.082600870304,10093.541348905168,59.354134890516804,0.0,12376.43673576082,14.94,0.64,0.0,0.0,5.0,0.6449628755448891
2137,10,train_0013,12383.081821517942,10161.213420018,66.12134200180007,0.0,12449.203163519742,15.08,0.7,0.0,0.0,5.0,0.6449628755448891
2138,10,train_0323,12421.755660517167,10762.385823445456,126.23858234454565,0.0,12547.994242861712,16.26,0.86,0.0,0.0,5.0,0.6449628755448891
2139,10,train_0240,12935.713222075916,10987.968543400266,148.79685434002658,0.0,13084.510076415943,16.34,0.7,0.0,0.0,5.0,0.6449628755448891
2140,10,train_0420,12370.367970820196,10169.191733590742,66.9191733590742,0.0,12437.28714417927,15.84,0.48,0.0,0.0,5.0,0.6449628755448891
2141,10,train_0525,12238.72676907993,10374.413600151263,87.44136001512635,0.0,12326.168129095056,14.9,0.5,0.0,0.0,5.0,0.6449628755448891
2142,10,train_0577,13145.98746936952,10854.64691617346,135.46469161734603,0.0,13281.452160986866,16.7,0.6,0.0,0.0,5.0,0.6449628755448891
2143,10,train_0366,12442.53566010624,10469.645147645715,96.9645147645715,0.0,12539.500174870811,15.12,0.76,0.0,0.0,5.0,0.6449628755448891
2144,10,train_0217,12473.32550317988,10531.530976685199,103.15309766851988,0.0,12576.4786008484,17.6,0.72,0.0,0.0,5.0,0.6449628755448891
2145,10,train_0266,12573.036262329184,10239.343390474032,73.93433904740323,0.0,12646.970601376586,14.6,0.72,0.0,0.0,5.0,0.6449628755448891
2146,10,train_0105,12729.487165257688,10106.077574854398,60.60775748543983,0.0,12790.094922743127,16.02,0.58,0.0,0.0,5.0,0.6449628755448891
2147,10,train_0561,12383.535157125949,10554.291516094883,105.42915160948833,0.0,12488.964308735438,17.96,0.74,0.0,0.0,5.0,0.6449628755448891
2148,10,train_0508,12640.157757638957,10450.467906699407,95.04679066994068,0.0,12735.204548308899,13.46,0.6,0.0,0.0,5.0,0.6449628755448891
2149,10,train_0512,12445.825075321303,10243.79002533406,74.37900253340595,0.0,12520.204077854709,14.92,0.62,0.0,0.0,5.0,0.6449628755448891
2150,10,train_0196,12352.746769181427,10394.466980306928,89.44669803069283,0.0,12442.19346721212,15.78,0.78,0.0,0.0,5.0,0.6449628755448891
2151,10,train_0193,12443.265727484977,10848.387508802029,134.83875088020287,0.0,12578.10447836518,14.52,0.72,0.0,0.0,5.0,0.6449628755448891
2152,10,train_0513,12170.061007871147,10621.439923831824,112.14399238318238,0.0,12282.20500025433,15.98,0.62,0.0,0.0,5.0,0.6449628755448891
2153,10,train_0326,12020.911972278955,10125.51379355214,62.55137935521398,0.0,12083.46335163417,15.56,0.7,0.0,0.0,5.0,0.6449628755448891
2154,10,train_0422,12428.228628268223,10645.181676868333,114.5181676868333,0.0,12542.746795955056,14.5,0.7,0.0,0.0,5.0,0.6449628755448891
2155,10,train_0293,12078.84958201606,10193.138046407857,69.31380464078575,0.0,12148.163386656846,14.9,0.66,0.0,0.0,5.0,0.6449628755448891
2156,10,train_0265,12035.224660847405,10586.936628288877,108.69366282888768,0.0,12143.918323676293,14.98,0.64,0.0,0.0,5.0,0.6449628755448891
2157,10,train_0379,13032.318787375501,10589.963945234811,108.99639452348111,0.0,13141.315181898983,14.96,0.68,0.0,0.0,5.0,0.6449628755448891
2158,10,train_0487,12334.162814370922,10322.1769749737,82.21769749736995,0.0,12416.380511868292,14.94,0.72,0.0,0.0,5.0,0.6449628755448891
2159,10,train_0200,12465.249834176493,10378.044944711137,87.80449447111368,0.0,12553.054328647606,17.1,0.68,0.0,0.0,5.0,0.6449628755448891
2160,10,train_0485,12378.27206317483,9759.210827010576,25.921082701057642,0.0,12404.193145875888,17.52,0.54,0.0,0.0,5.0,0.6449628755448891
2161,10,train_0146,12479.120465769709,10273.136754041108,77.31367540411084,0.0,12556.43414117382,16.52,0.64,0.0,0.0,5.0,0.6449628755448891
2162,10,train_0241,12292.782263788287,10267.453334675862,76.74533346758618,0.0,12369.527597255874,14.62,0.62,0.0,0.0,5.0,0.6449628755448891
2163,10,train_0547,12934.070898715861,10619.834350948295,111.98343509482947,0.0,13046.05433381069,17.14,0.58,0.0,0.0,5.0,0.6449628755448891
2164,10,train_0572,12829.401918763484,10402.361799302667,90.23617993026674,0.0,12919.638098693751,13.14,0.56,0.0,0.0,5.0,0.6449628755448891
2165,10,train_0554,12273.468686669197,10311.021494865785,81.1021494865785,0.0,12354.570836155775,14.32,0.76,0.0,0.0,5.0,0.6449628755448891
2166,10,train_0189,12142.627594187832,10525.327352727794,102.53273527277943,0.0,12245.160329460612,15.98,0.7,0.0,0.0,5.0,0.6449628755448891
2167,10,train_0505,12401.931811105493,10538.598646785747,103.85986467857475,0.0,12505.791675784067,16.26,0.62,0.0,0.0,5.0,0.6449628755448891
2168,10,train_0561,12679.514670395263,10625.321106308154,112.53211063081545,0.0,12792.046781026078,16.2,0.64,0.0,0.0,5.0,0.6449628755448891
2169,10,train_0586,12582.458523766023,10107.527772034107,60.75277720341074,0.0,12643.211300969433,15.76,0.56,0.0,0.0,5.0,0.6449628755448891
2170,10,train_0012,13038.23195098378,10488.1172231278,98.81172231277998,0.0,13137.043673296559,16.24,0.56,0.0,0.0,5.0,0.6449628755448891
2171,10,train_0446,12302.87653867272,10120.899788463363,62.08997884633627,0.0,12364.966517519055,14.52,0.6,0.0,0.0,5.0,0.6449628755448891
2172,10,train_0598,12090.25784572713,10527.893662118153,102.78936621181529,0.0,12193.047211938945,14.8,0.62,0.0,0.0,5.0,0.6449628755448891
2173,10,train_0458,12748.481146811097,10717.063770140085,121.70637701400847,0.0,12870.187523825105,15.38,0.68,0.0,0.0,5.0,0.6449628755448891
2174,10,train_0139,12153.105146510235,10211.342697971559,71.13426979715587,0.0,12224.239416307391,13.66,0.72,0.0,0.0,5.0,0.6449628755448891
2175,10,train_0457,12284.792548038131,10493.252665811673,99.32526658116731,0.0,12384.117814619298,16.4,0.68,0.0,0.0,5.0,0.6449628755448891
2176,10,train_0063,12098.361796185025,10767.332738602814,126.73327386028141,0.0,12225.095070045307,16.12,0.72,0.0,0.0,5.0,0.6449628755448891
2177,10,train_0288,11899.74692955734,10104.164854262252,60.41648542622516,0.0,11960.163414983565,16.96,0.54,0.0,0.0,5.0,0.6449628755448891
2178,10,train_0375,12433.995975040209,10578.598112928528,107.85981129285284,0.0,12541.85578633306,14.34,0.7,0.0,0.0,5.0,0.6449628755448891
2179,10,train_0273,12664.356605770136,10522.447131040166,102.2447131040166,0.0,12766.601318874153,18.88,0.62,0.0,0.0,5.0,0.6449628755448891
2180,10,train_0419,12587.021137912856,10348.158688500105,84.81586885001053,0.0,12671.837006762866,16.92,0.54,0.0,0.0,5.0,0.6449628755448891
2181,10,train_0144,12902.42080183488,10833.737085848134,133.37370858481336,0.0,13035.794510419693,15.42,0.76,0.0,0.0,5.0,0.6449628755448891
2182,10,train_0363,12612.188505212645,10288.72289659119,78.87228965911909,0.0,12691.060794871764,15.92,0.72,0.0,0.0,5.0,0.6449628755448891
2183,10,train_0386,12515.976234484267,10308.264841473985,80.82648414739852,0.0,12596.802718631667,15.2,0.8,0.0,0.0,5.0,0.6449628755448891
2184,10,train_0380,12095.218869430855,10237.567962056923,73.75679620569227,0.0,12168.975665636548,16.6,0.62,0.0,0.0,5.0,0.6449628755448891
2185,10,train_0173,12481.106975313687,10771.971389752798,127.19713897527981,0.0,12608.304114288967,17.78,0.64,0.0,0.0,5.0,0.6449628755448891
2186,10,train_0183,12564.138401656184,10410.244909345445,91.02449093454453,0.0,12655.162892590728,15.66,0.82,0.0,0.0,5.0,0.6449628755448891
2187,10,train_0154,12655.592839864214,10562.759354591784,106.27593545917844,0.0,12761.868775323392,18.58,0.74,0.0,0.0,5.0,0.6449628755448891
2188,10,train_0277,12475.164181455224,10351.558403280022,85.15584032800217,0.0,12560.320021783225,14.8,0.64,0.0,0.0,5.0,0.6449628755448891
2189,10,train_0351,12616.988945858933,10610.144753912697,111.01447539126967,0.0,12728.003421250203,16.56,0.72,0.0,0.0,5.0,0.6449628755448891
2190,10,train_0217,12497.299376182735,10629.954523714861,112.99545237148614,0.0,12610.29482855422,17.9,0.78,0.0,0.0,5.0,0.6449628755448891
2191,10,train_0245,11818.576045482647,10007.376533697705,50.73765336977049,0.0,11869.313698852417,16.0,0.78,0.0,0.0,5.0,0.6449628755448891
2192,10,train_0171,13408.965026091466,10349.922417987375,84.99224179873745,0.0,13493.957267890204,16.94,0.72,0.0,0.0,5.0,0.6449628755448891
2193,10,train_0131,12657.614986321481,10696.153494752461,119.61534947524615,0.0,12777.230335796728,15.98,0.66,0.0,0.0,5.0,0.6449628755448891
2194,10,train_0394,12382.144837533342,10211.339875399774,71.13398753997735,0.0,12453.27882507332,15.22,0.68,0.0,0.0,5.0,0.6449628755448891
2195,10,train_0489,12037.837922728904,10006.788343312044,50.67883433120442,0.0,12088.516757060108,16.14,0.66,0.0,0.0,5.0,0.6449628755448891
2196,10,train_0174,12568.223465242583,10545.968821964878,104.5968821964878,0.0,12672.82034743907,15.24,0.7,0.0,0.0,5.0,0.6449628755448891
2197,10,train_0516,12724.322357214962,10369.23577403104,86.92357740310399,0.0,12811.245934618066,14.44,0.7,0.0,0.0,5.0,0.6449628755448891
2198,10,train_0342,12387.02947475273,10104.014825928884,60.40148259288836,0.0,12447.430957345618,19.46,0.68,0.0,0.0,5.0,0.6449628755448891
2199,10,train_0100,11699.261880395869,10179.761044440129,67.97610444401289,0.0,11767.237984839881,15.54,0.66,0.0,0.0,5.0,0.6449628755448891
2200,10,train_0219,12365.054760600508,10537.545602713803,103.75456027138026,0.0,12468.809320871887,15.26,0.68,0.0,0.0,5.0,0.6449628755448891
2201,10,train_0004,12381.453683818458,10678.024935226114,117.80249352261144,0.0,12499.256177341069,18.86,0.62,0.0,0.0,5.0,0.6449628755448891
2202,10,train_0023,12326.380218583923,9909.799450497498,40.97994504974977,0.0,12367.360163633673,15.36,0.66,0.0,0.0,5.0,0.6449628755448891
2203,10,train_0201,12349.639243499636,10367.782919999016,86.77829199990157,0.0,12436.417535499537,17.5,0.62,0.0,0.0,5.0,0.6449628755448891
2204,10,train_0272,12334.940305540385,10402.285676652047,90.22856766520472,0.0,12425.16887320559,15.5,0.74,0.0,0.0,5.0,0.6449628755448891
2205,10,train_0478,12527.575544840784,10395.807401784668,89.58074017846684,0.0,12617.15628501925,16.5,0.74,0.0,0.0,5.0,0.6449628755448891
2206,10,train_0080,12523.202438249184,10686.057656020532,118.60576560205318,0.0,12641.808203851237,14.42,0.82,0.0,0.0,5.0,0.6449628755448891
2207,10,train_0503,12690.832251031536,10676.597114322849,117.6597114322849,0.0,12808.49196246382,16.52,0.6,0.0,0.0,5.0,0.6449628755448891
2208,10,train_0140,12165.781065448507,9922.649362201784,42.26493622017843,0.0,12208.046001668687,15.5,0.8,0.0,0.0,5.0,0.6449628755448891
2209,10,train_0082,12993.8065639891,10055.521819586058,55.5521819586058,0.0,13049.358745947706,16.94,0.68,0.0,0.0,5.0,0.6449628755448891
2210,10,train_0419,12149.427805635987,10491.668279375082,99.16682793750824,0.0,12248.594633573495,16.06,0.62,0.0,0.0,5.0,0.6449628755448891
2211,10,train_0464,12250.144685212177,10525.63365186774,102.56336518677399,0.0,12352.708050398951,17.42,0.7,0.0,0.0,5.0,0.6449628755448891
2212,10,train_0362,12205.629939211316,10014.065591198074,51.40655911980739,0.0,12257.036498331123,15.34,0.62,0.0,0.0,5.0,0.6449628755448891
2213,10,train_0069,12416.271598679426,10230.0139099345,73.00139099344997,0.0,12489.272989672876,17.46,0.62,0.0,0.0,5.0,0.6449628755448891
2214,10,train_0069,12300.428727183873,10535.268073673024,103.52680736730235,0.0,12403.955534551176,18.1,0.74,0.0,0.0,5.0,0.6449628755448891
2215,10,train_0234,12492.295581475119,10558.61642087722,105.86164208772207,0.0,12598.157223562841,16.08,0.7,0.0,0.0,5.0,0.6449628755448891
2216,10,train_0270,12179.200023771606,10383.885374766003,88.38853747660033,0.0,12267.588561248205,15.62,0.54,0.0,0.0,5.0,0.6449628755448891
2217,10,train_0599,12348.732823500868,10228.23353097116,72.82335309711598,0.0,12421.556176597984,16.12,0.66,0.0,0.0,5.0,0.6449628755448891
2218,10,train_0171,12726.05583345528,10848.238239966237,134.82382399662364,0.0,12860.879657451904,18.1,0.66,0.0,0.0,5.0,0.6449628755448891
2219,10,train_0115,12535.542765113854,10879.64571106934,137.9645711069341,0.0,12673.507336220788,16.72,0.58,0.0,0.0,5.0,0.6449628755448891
2220,10,train_0567,13171.800354115592,11021.090083436111,152.1090083436111,0.0,13323.909362459202,16.32,0.68,0.0,0.0,5.0,0.6449628755448891
2221,10,train_0092,12718.707139943495,10477.21245841172,97.72124584117192,0.0,12816.428385784668,16.16,0.66,0.0,0.0,5.0,0.6449628755448891
2222,10,train_0015,11942.038084847736,10645.837725959882,114.5837725959882,0.0,12056.621857443724,16.34,0.68,0.0,0.0,5.0,0.6449628755448891
2223,10,train_0253,11987.090891093878,10236.949709685836,73.69497096858359,0.0,12060.785862062461,17.42,0.64,0.0,0.0,5.0,0.6449628755448891
2224,10,train_0240,12896.87934769944,10667.033335420325,116.7033335420325,0.0,13013.582681241473,16.86,0.64,0.0,0.0,5.0,0.6449628755448891
2225,10,train_0371,12224.826661532401,10457.040764722164,95.70407647221637,0.0,12320.530738004618,14.96,0.48,0.0,0.0,5.0,0.6449628755448891
2226,10,train_0526,12449.282417009472,10501.200874224442,100.12008742244416,0.0,12549.402504431917,17.02,0.66,0.0,0.0,5.0,0.6449628755448891
2227,10,train_0559,12506.368763920422,10711.39488863402,121.13948886340205,0.0,12627.508252783824,18.66,0.76,0.0,0.0,5.0,0.6449628755448891
2228,10,train_0173,12848.45288608933,10118.655026232256,61.86550262322562,0.0,12910.318388712556,18.8,0.62,0.0,0.0,5.0,0.6449628755448891
2229,10,train_0588,12467.297399174964,10119.903578474852,61.990357847485214,0.0,12529.28775702245,18.02,0.68,0.0,0.0,5.0,0.6449628755448891
2230,10,train_0379,12635.914211675428,11190.04393626874,169.00439362687393,0.0,12804.918605302302,15.02,0.78,0.0,0.0,5.0,0.6449628755448891
2231,10,train_0041,12345.818394047772,10334.657838191379,83.46578381913787,0.0,12429.28417786691,14.78,0.64,0.0,0.0,5.0,0.6449628755448891
2232,10,train_0563,12246.22284842934,10643.906165158785,114.39061651587855,0.0,12360.613464945218,15.78,0.74,0.0,0.0,5.0,0.6449628755448891
2233,10,train_0082,12741.829569891488,10382.054465861434,88.20544658614345,0.0,12830.035016477632,15.52,0.78,0.0,0.0,5.0,0.6449628755448891
2234,10,train_0353,12079.540810709364,10181.454862963688,68.14548629636884,0.0,12147.686297005734,15.8,0.66,0.0,0.0,5.0,0.6449628755448891
2235,10,train_0474,12443.046423309266,10551.262402763354,105.12624027633538,0.0,12548.172663585601,14.86,0.66,0.0,0.0,5.0,0.6449628755448891
2236,10,train_0149,12625.501399063545,10434.348740942629,93.4348740942629,0.0,12718.936273157808,17.44,0.56,0.0,0.0,5.0,0.6449628755448891
2237,10,train_0162,11891.202970387541,10002.882629088384,50.28826290883845,0.0,11941.49123329638,16.1,0.64,0.0,0.0,5.0,0.6449628755448891
2238,10,train_0285,12477.54760109415,10158.765622482486,65.87656224824859,0.0,12543.424163342397,15.56,0.66,0.0,0.0,5.0,0.6449628755448891
2239,10,train_0530,12688.794389177456,10691.818895368036,119.18188953680365,0.0,12807.976278714259,14.52,0.6,0.0,0.0,5.0,0.6449628755448891
2240,11,train_0134,12697.20316867739,10739.220160680861,123.92201606808612,0.0,12821.125184745477,12.94,0.66,0.0,0.0,5.0,0.6449628755448891
2241,11,train_0398,11869.175352975006,10457.979864847439,95.79798648474389,0.0,11964.97333945975,15.0,0.74,0.0,0.0,5.0,0.6449628755448891
2242,11,train_0271,12201.6176779372,10140.836962711837,64.08369627118373,0.0,12265.701374208384,16.16,0.76,0.0,0.0,5.0,0.6449628755448891
2243,11,train_0067,12056.256480597305,10080.406896983135,58.040689698313514,0.0,12114.297170295618,17.7,0.6,0.0,0.0,5.0,0.6449628755448891
2244,11,train_0426,12222.607675114674,10284.594173416623,78.45941734166227,0.0,12301.067092456336,16.52,0.66,0.0,0.0,5.0,0.6449628755448891
2245,11,train_0499,11996.48901019476,10407.119068309948,90.71190683099485,0.0,12087.200917025755,16.98,0.74,0.0,0.0,5.0,0.6449628755448891
2246,11,train_0345,12648.36406777901,10227.824274489354,72.78242744893542,0.0,12721.146495227946,13.84,0.64,0.0,0.0,5.0,0.6449628755448891
2247,11,train_0105,12329.130519387027,10545.600560665638,104.56005606656382,0.0,12433.690575453591,15.5,0.68,0.0,0.0,5.0,0.6449628755448891
2248,11,train_0093,12107.308553352665,10135.546325450825,63.5546325450825,0.0,12170.863185897748,18.72,0.58,0.0,0.0,5.0,0.6449628755448891
2249,11,train_0254,12311.990180165772,10631.83595386266,113.18359538626592,0.0,12425.173775552039,15.76,0.68,0.0,0.0,5.0,0.6449628755448891
2250,11,train_0303,11946.054339086051,10162.6649595681,66.26649595680992,0.0,12012.320835042861,15.88,0.6,0.0,0.0,5.0,0.6449628755448891
2251,11,train_0331,12383.23562850235,10178.392203794148,67.83922037941484,0.0,12451.074848881766,16.42,0.7,0.0,0.0,5.0,0.6449628755448891
2252,11,train_0146,12423.15195367729,10221.279381094431,72.12793810944314,0.0,12495.279891786733,16.36,0.76,0.0,0.0,5.0,0.6449628755448891
2253,11,train_0300,12283.598532461303,10434.057724042003,93.40577240420026,0.0,12377.004304865502,15.12,0.76,0.0,0.0,5.0,0.6449628755448891
2254,11,train_0177,12315.2755006295,10402.47541521139,90.24754152113893,0.0,12405.523042150639,14.58,0.58,0.0,0.0,5.0,0.6449628755448891
2255,11,train_0411,12992.634186683455,10542.34411105713,104.23441110571294,0.0,13096.86859778917,16.14,0.66,0.0,0.0,5.0,0.6449628755448891
2256,11,train_0477,12249.749486659975,9984.691692480177,48.46916924801772,0.0,12298.218655907993,14.2,0.78,0.0,0.0,5.0,0.6449628755448891
2257,11,train_0391,12282.434103113781,10583.075935328718,108.30759353287176,0.0,12390.741696646654,15.04,0.58,0.0,0.0,5.0,0.6449628755448891
2258,11,train_0000,11886.370080295424,10462.771547423597,96.27715474235976,0.0,11982.647235037784,14.2,0.6,0.0,0.0,5.0,0.6449628755448891
2259,11,train_0595,12063.835625045327,10222.388385091072,72.23883850910715,0.0,12136.074463554434,15.42,0.6,0.0,0.0,5.0,0.6449628755448891
2260,11,train_0014,12347.3869527338,10916.599508689978,141.65995086899784,0.0,12489.046903602797,17.88,0.58,0.0,0.0,5.0,0.6449628755448891
2261,11,train_0599,12141.695882269865,10390.955119064874,89.09551190648745,0.0,12230.791394176353,17.82,0.78,0.0,0.0,5.0,0.6449628755448891
2262,11,train_0019,12375.101519908405,10456.700533474457,95.67005334744573,0.0,12470.77157325585,15.74,0.62,0.0,0.0,5.0,0.6449628755448891
2263,11,train_0309,12456.55493461842,10558.476083929174,105.8476083929174,0.0,12562.402543011338,13.74,0.64,0.0,0.0,5.0,0.6449628755448891
2264,11,train_0063,12564.069092631256,10297.180344307544,79.71803443075441,0.0,12643.78712706201,15.4,0.58,0.0,0.0,5.0,0.6449628755448891
2265,11,train_0057,12042.366784510812,10225.833830136347,72.58338301363474,0.0,12114.950167524446,15.7,0.44,0.0,0.0,5.0,0.6449628755448891
2266,11,train_0410,12579.353346464042,10810.341288179185,131.03412881791846,0.0,12710.387475281961,17.7,0.52,0.0,0.0,5.0,0.6449628755448891
2267,11,train_0436,12461.501037610953,10639.808133967255,113.98081339672554,0.0,12575.481851007678,15.98,0.74,0.0,0.0,5.0,0.6449628755448891
2268,11,train_0070,11781.229624511867,10015.190978020293,51.51909780202932,0.0,11832.748722313896,15.84,0.46,0.0,0.0,5.0,0.6449628755448891
2269,11,train_0585,12449.604755348295,10355.888762798015,85.58887627980148,0.0,12535.193631628097,13.28,0.56,0.0,0.0,5.0,0.6449628755448891
2270,11,train_0192,12185.108328554226,10815.82256182441,131.58225618244106,0.0,12316.690584736667,17.62,0.58,0.0,0.0,5.0,0.6449628755448891
2271,11,train_0190,12797.404076943913,10868.84169839922,136.88416983992192,0.0,12934.288246783835,16.7,0.76,0.0,0.0,5.0,0.6449628755448891
2272,11,train_0178,12214.907642348498,10040.637374042664,54.06373740426643,0.0,12268.971379752766,16.04,0.62,0.0,0.0,5.0,0.6449628755448891
2273,11,train_0276,12327.188842061056,10218.372835882863,71.8372835882863,0.0,12399.026125649341,15.12,0.8,0.0,0.0,5.0,0.6449628755448891
2274,11,train_0106,12640.276411471608,10798.77082323915,129.87708232391506,0.0,12770.153493795524,17.38,0.54,0.0,0.0,5.0,0.6449628755448891
2275,11,train_0254,12359.772776505226,10778.740258249702,127.87402582497016,0.0,12487.646802330197,16.4,0.68,0.0,0.0,5.0,0.6449628755448891
2276,11,train_0125,12264.788422742604,10224.322979273707,72.43229792737075,0.0,12337.220720669975,15.62,0.54,0.0,0.0,5.0,0.6449628755448891
2277,11,train_0030,12175.854262433468,10104.951128872075,60.49511288720751,0.0,12236.349375320675,16.56,0.62,0.0,0.0,5.0,0.6449628755448891
2278,11,train_0221,12085.489548280906,10609.726236110053,110.9726236110053,0.0,12196.462171891912,15.28,0.5,0.0,0.0,5.0,0.6449628755448891
2279,11,train_0403,12858.411655367381,10488.43430213209,98.84343021320893,0.0,12957.25508558059,14.52,0.62,0.0,0.0,5.0,0.6449628755448891
2280,11,train_0457,12413.394153123761,10227.168720533948,72.71687205339477,0.0,12486.111025177157,15.08,0.62,0.0,0.0,5.0,0.6449628755448891
2281,11,train_0212,12072.896543521743,10505.315737728375,100.53157377283752,0.0,12173.428117294581,14.96,0.76,0.0,0.0,5.0,0.6449628755448891
2282,11,train_0194,12517.73917744138,10438.586017141857,93.85860171418572,0.0,12611.597779155567,15.3,0.72,0.0,0.0,5.0,0.6449628755448891
2283,11,train_0472,12560.390544377216,10680.05632659938,118.00563265993806,0.0,12678.396177037155,17.24,0.72,0.0,0.0,5.0,0.6449628755448891
2284,11,train_0408,11623.832093529723,10249.010197835492,74.90101978354924,0.0,11698.733113313272,14.7,0.72,0.0,0.0,5.0,0.6449628755448891
2285,11,train_0499,12220.998460467585,10151.330630531591,65.13306305315909,0.0,12286.131523520744,18.54,0.58,0.0,0.0,5.0,0.6449628755448891
2286,11,train_0543,12530.331923346683,10219.86536002352,71.98653600235194,0.0,12602.318459349035,16.94,0.62,0.0,0.0,5.0,0.6449628755448891
2287,11,train_0492,12248.773010326802,10328.812254751501,82.88122547515013,0.0,12331.654235801952,16.74,0.6,0.0,0.0,5.0,0.6449628755448891
2288,11,train_0561,12823.541657318056,10244.913322385164,74.4913322385164,0.0,12898.032989556572,16.44,0.6,0.0,0.0,5.0,0.6449628755448891
2289,11,train_0249,12240.717647536228,10549.261809969845,104.92618099698448,0.0,12345.643828533213,15.36,0.68,0.0,0.0,5.0,0.6449628755448891
2290,11,train_0236,12394.3464216791,10272.226653417252,77.22266534172523,0.0,12471.569087020825,15.92,0.48,0.0,0.0,5.0,0.6449628755448891
2291,11,train_0192,12504.140451194178,10468.254098753714,96.8254098753714,0.0,12600.96586106955,17.3,0.58,0.0,0.0,5.0,0.6449628755448891
2292,11,train_0141,12673.760857228244,10665.800709225998,116.58007092259977,0.0,12790.340928150845,13.3,0.72,0.0,0.0,5.0,0.6449628755448891
2293,11,train_0449,12342.924246378354,10943.48682210516,144.34868221051602,0.0,12487.27292858887,17.58,0.56,0.0,0.0,5.0,0.6449628755448891
2294,11,train_0428,12607.230989746986,10740.245545018215,124.02455450182151,0.0,12731.255544248808,16.9,0.66,0.0,0.0,5.0,0.6449628755448891
2295,11,train_0480,12525.218581908686,10644.232936272254,114.4232936272254,0.0,12639.641875535912,15.42,0.54,0.0,0.0,5.0,0.6449628755448891
2296,11,train_0100,11864.010871349801,10345.094730929664,84.50947309296645,0.0,11948.520344442768,15.7,0.64,0.0,0.0,5.0,0.6449628755448891
2297,11,train_0294,12165.72873332796,10041.304966645728,54.130496664572824,0.0,12219.859229992533,15.0,0.62,0.0,0.0,5.0,0.6449628755448891
2298,11,train_0133,12227.56355911423,10591.882645520269,109.1882645520269,0.0,12336.751823666258,15.98,0.66,0.0,0.0,5.0,0.6449628755448891
2299,11,train_0535,12173.473316911575,10476.886209852704,97.68862098527043,0.0,12271.161937896846,13.48,0.6,0.0,0.0,5.0,0.6449628755448891
2300,11,train_0160,12303.781892484025,10494.725336595715,99.4725336595715,0.0,12403.254426143596,17.2,0.78,0.0,0.0,5.0,0.6449628755448891
2301,11,train_0086,11726.845430590976,10268.970309156462,76.89703091564625,0.0,11803.742461506623,16.2,0.64,0.0,0.0,5.0,0.6449628755448891
2302,11,train_0341,12789.665392696617,11192.017937510534,169.20179375105346,0.0,12958.867186447671,17.36,0.62,0.0,0.0,5.0,0.6449628755448891
2303,11,train_0527,12203.95203354867,10375.232090568723,87.5232090568723,0.0,12291.475242605542,16.06,0.58,0.0,0.0,5.0,0.6449628755448891
2304,11,train_0549,12705.047290062086,10407.726944787857,90.77269447878571,0.0,12795.819984540873,16.34,0.64,0.0,0.0,5.0,0.6449628755448891
2305,11,train_0057,11943.25319828244,10363.42881485702,86.34288148570195,0.0,12029.596079768142,16.16,0.58,0.0,0.0,5.0,0.6449628755448891
2306,11,train_0195,12995.608371668864,10527.784657880191,102.7784657880191,0.0,13098.386837456883,17.62,0.68,0.0,0.0,5.0,0.6449628755448891
2307,11,train_0092,12764.858346557554,10364.099573411873,86.40995734118734,0.0,12851.268303898742,17.96,0.76,0.0,0.0,5.0,0.6449628755448891
2308,11,train_0184,12169.083122241256,10657.093083011314,115.70930830113139,0.0,12284.792430542388,17.52,0.7,0.0,0.0,5.0,0.6449628755448891
2309,11,train_0320,12269.121072104408,10342.329416980763,84.23294169807633,0.0,12353.354013802484,14.52,0.64,0.0,0.0,5.0,0.6449628755448891
2310,11,train_0168,12873.748264519807,10510.661410578514,101.06614105785138,0.0,12974.814405577657,17.42,0.74,0.0,0.0,5.0,0.6449628755448891
2311,11,train_0040,12530.874178758517,10674.18119072909,117.41811907290904,0.0,12648.292297831425,18.62,0.56,0.0,0.0,5.0,0.6449628755448891
2312,11,train_0306,12477.732376211592,10557.769933585245,105.77699335852449,0.0,12583.509369570116,15.76,0.5,0.0,0.0,5.0,0.6449628755448891
2313,11,train_0031,12193.065496717,10177.043284379719,67.7043284379719,0.0,12260.769825154972,16.38,0.7,0.0,0.0,5.0,0.6449628755448891
2314,11,train_0136,12320.850331499236,10388.185411473944,88.81854114739436,0.0,12409.668872646631,17.52,0.58,0.0,0.0,5.0,0.6449628755448891
2315,11,train_0000,12232.866191441466,10112.415017219071,61.24150172190712,0.0,12294.107693163372,15.98,0.54,0.0,0.0,5.0,0.6449628755448891
2316,11,train_0052,12654.918178886515,10589.75303377934,108.97530337793397,0.0,12763.89348226445,15.54,0.7,0.0,0.0,5.0,0.6449628755448891
2317,11,train_0261,12182.980473757103,10596.480373144097,109.6480373144097,0.0,12292.628511071513,17.04,0.62,0.0,0.0,5.0,0.6449628755448891
2318,11,train_0510,12477.099194921731,10800.860070112894,130.08600701128944,0.0,12607.185201933022,15.24,0.6,0.0,0.0,5.0,0.6449628755448891
2319,11,train_0464,12295.019749911415,10464.819691960412,96.48196919604125,0.0,12391.501719107457,15.88,0.56,0.0,0.0,5.0,0.6449628755448891
2320,11,train_0059,12665.591121615504,10495.192112603245,99.51921126032448,0.0,12765.110332875829,15.78,0.62,0.0,0.0,5.0,0.6449628755448891
2321,11,train_0020,12642.359683807748,10736.368872689018,123.63688726890177,0.0,12765.99657107665,16.26,0.7,0.0,0.0,5.0,0.6449628755448891
2322,11,train_0202,12632.618481436155,10593.210626044545,109.32106260445454,0.0,12741.93954404061,16.08,0.82,0.0,0.0,5.0,0.6449628755448891
2323,11,train_0391,12543.032619598682,10203.157141036128,70.31571410361285,0.0,12613.348333702295,15.14,0.72,0.0,0.0,5.0,0.6449628755448891
2324,11,train_0448,12647.664772628754,10246.649138486118,74.66491384861183,0.0,12722.329686477366,16.16,0.7,0.0,0.0,5.0,0.6449628755448891
2325,11,train_0493,12253.151986344554,10242.510902719472,74.25109027194722,0.0,12327.403076616501,17.72,0.56,0.0,0.0,5.0,0.6449628755448891
2326,11,train_0205,12159.483204779932,10917.898509049966,141.78985090499665,0.0,12301.27305568493,16.36,0.7,0.0,0.0,5.0,0.6449628755448891
2327,11,train_0100,11757.017641727713,10033.634437520665,53.36344375206645,0.0,11810.38108547978,15.64,0.6,0.0,0.0,5.0,0.6449628755448891
2328,11,train_0015,12380.548190545585,10124.58958040909,62.45895804090906,0.0,12443.007148586494,15.04,0.76,0.0,0.0,5.0,0.6449628755448891
2329,11,train_0088,12659.517227939345,10337.534422671568,83.7534422671568,0.0,12743.2706702065,15.62,0.64,0.0,0.0,5.0,0.6449628755448891
2330,11,train_0039,12615.025546575527,10477.428852986672,97.74288529866718,0.0,12712.768431874194,17.48,0.7,0.0,0.0,5.0,0.6449628755448891
2331,11,train_0516,12390.63163739431,10881.943752830928,138.19437528309282,0.0,12528.826012677402,15.56,0.68,0.0,0.0,5.0,0.6449628755448891
2332,11,train_0161,12227.025803176537,10531.243216999152,103.12432169991517,0.0,12330.150124876453,15.36,0.6,0.0,0.0,5.0,0.6449628755448891
2333,11,train_0493,12094.090367627468,10444.248734831652,94.42487348316519,0.0,12188.515241110634,17.12,0.52,0.0,0.0,5.0,0.6449628755448891
2334,11,train_0331,12382.940203583112,10349.66050768799,84.96605076879897,0.0,12467.90625435191,17.32,0.64,0.0,0.0,5.0,0.6449628755448891
2335,11,train_0323,12641.595126282153,10540.086754211872,104.00867542118722,0.0,12745.60380170334,17.16,0.64,0.0,0.0,5.0,0.6449628755448891
2336,11,train_0272,12544.82728679639,10380.793929397772,88.07939293977725,0.0,12632.906679736167,14.38,0.78,0.0,0.0,5.0,0.6449628755448891
2337,11,train_0491,12241.900199294805,10489.417659734185,98.94176597341848,0.0,12340.841965268224,16.02,0.6,0.0,0.0,5.0,0.6449628755448891
2338,11,train_0026,11813.653424195658,10501.815444566837,100.1815444566837,0.0,11913.834968652342,15.88,0.68,0.0,0.0,5.0,0.6449628755448891
2339,11,train_0055,12298.278336469335,10343.003511257037,84.30035112570368,0.0,12382.578687595038,15.78,0.66,0.0,0.0,5.0,0.6449628755448891
2340,11,train_0254,12186.40534260493,10575.805482035543,107.58054820355429,0.0,12293.985890808484,16.7,0.72,0.0,0.0,5.0,0.6449628755448891
2341,11,train_0236,12482.739066500279,10465.955144625372,96.59551446253718,0.0,12579.334580962815,17.14,0.6,0.0,0.0,5.0,0.6449628755448891
2342,11,train_0327,12653.579559774354,10450.947392331449,95.0947392331449,0.0,12748.6742990075,17.46,0.8,0.0,0.0,5.0,0.6449628755448891
2343,11,train_0442,12296.278110937114,10955.937538038048,145.5937538038048,0.0,12441.871864740919,13.92,0.72,0.0,0.0,5.0,0.6449628755448891
2344,11,train_0352,11999.777957243723,10167.346755449009,66.7346755449009,0.0,12066.512632788625,16.4,0.7,0.0,0.0,5.0,0.6449628755448891
2345,11,train_0154,12626.799707226444,10725.799774262168,122.57997742621683,0.0,12749.37968465266,17.5,0.82,0.0,0.0,5.0,0.6449628755448891
2346,11,train_0196,12243.995781600193,10461.213152852071,96.12131528520713,0.0,12340.1170968854,16.42,0.54,0.0,0.0,5.0,0.6449628755448891
2347,11,train_0451,12562.390298014503,10459.959824443176,95.99598244431763,0.0,12658.38628045882,14.48,0.62,0.0,0.0,5.0,0.6449628755448891
2348,11,train_0120,12106.171454279549,10319.961768638628,81.99617686386283,0.0,12188.167631143411,16.1,0.76,0.0,0.0,5.0,0.6449628755448891
2349,11,train_0302,12599.59123035912,10618.439391839682,111.84393918396819,0.0,12711.435169543087,14.3,0.58,0.0,0.0,5.0,0.6449628755448891
2350,11,train_0323,12277.585114557922,10734.223840258455,123.42238402584553,0.0,12401.007498583767,17.12,0.78,0.0,0.0,5.0,0.6449628755448891
2351,11,train_0450,12025.633862576298,10326.06496004305,82.60649600430497,0.0,12108.240358580602,15.44,0.7,0.0,0.0,5.0,0.6449628755448891
2352,11,train_0428,12462.917484544883,10658.407905896911,115.8407905896911,0.0,12578.758275134574,15.98,0.7,0.0,0.0,5.0,0.6449628755448891
2353,11,train_0278,12432.040340909954,10370.957217503845,87.09572175038448,0.0,12519.136062660338,18.22,0.68,0.0,0.0,5.0,0.6449628755448891
2354,11,train_0185,12424.289236547098,10345.963617776666,84.59636177766662,0.0,12508.885598324765,15.16,0.74,0.0,0.0,5.0,0.6449628755448891
2355,11,train_0220,12584.132707627152,10334.119747650453,83.41197476504531,0.0,12667.544682392198,17.2,0.58,0.0,0.0,5.0,0.6449628755448891
2356,11,train_0246,12115.70532901452,10294.118630365745,79.41186303657452,0.0,12195.117192051093,16.92,0.62,0.0,0.0,5.0,0.6449628755448891
2357,11,train_0131,12711.234884743624,10773.802622733594,127.3802622733594,0.0,12838.615147016984,17.0,0.7,0.0,0.0,5.0,0.6449628755448891
2358,11,train_0375,12526.609873077563,10596.693181463712,109.6693181463712,0.0,12636.279191223934,13.64,0.6,0.0,0.0,5.0,0.6449628755448891
2359,11,train_0125,12165.397784242119,10271.790032642688,77.1790032642688,0.0,12242.576787506388,15.68,0.6,0.0,0.0,5.0,0.6449628755448891
2360,11,train_0389,11930.566305796794,10799.17013850047,129.91701385004708,0.0,12060.48331964684,16.28,0.7,0.0,0.0,5.0,0.6449628755448891
2361,11,train_0450,12010.006415651093,10496.135337078207,99.61353370782072,0.0,12109.619949358914,15.74,0.6,0.0,0.0,5.0,0.6449628755448891
2362,11,train_0577,12894.188119460918,11023.754590539073,152.37545905390726,0.0,13046.563578514824,15.46,0.74,0.0,0.0,5.0,0.6449628755448891
2363,11,train_0071,12550.656786531283,10607.111564871884,110.71115648718842,0.0,12661.367943018471,13.56,0.7,0.0,0.0,5.0,0.6449628755448891
2364,11,train_0455,12727.521319786512,10680.702961461608,118.07029614616077,0.0,12845.591615932673,18.38,0.7,0.0,0.0,5.0,0.6449628755448891
2365,11,train_0051,12449.94714326669,10532.379373084841,103.2379373084841,0.0,12553.185080575175,16.7,0.68,0.0,0.0,5.0,0.6449628755448891
2366,11,train_0202,12479.133434784391,10463.492315910566,96.34923159105657,0.0,12575.482666375448,16.48,0.68,0.0,0.0,5.0,0.6449628755448891
2367,11,train_0105,12257.557382109753,10613.522474855032,111.35224748550318,0.0,12368.909629595257,15.52,0.56,0.0,0.0,5.0,0.6449628755448891
2368,11,train_0097,12084.705843840102,10411.432973210625,91.14329732106253,0.0,12175.849141161165,17.62,0.62,0.0,0.0,5.0,0.6449628755448891
2369,11,train_0105,12377.004230493138,10469.273920577236,96.9273920577236,0.0,12473.931622550861,15.06,0.6,0.0,0.0,5.0,0.6449628755448891
2370,11,train_0026,11861.718061533793,10358.338872325503,85.8338872325503,0.0,11947.551948766344,16.06,0.58,0.0,0.0,5.0,0.6449628755448891
2371,11,train_0493,11863.092769225092,10382.145321527558,88.2145321527558,0.0,11951.307301377847,17.74,0.62,0.0,0.0,5.0,0.6449628755448891
2372,11,train_0036,12131.82397221008,10385.08927347576,88.50892734757599,0.0,12220.332899557656,16.84,0.54,0.0,0.0,5.0,0.6449628755448891
2373,11,train_0239,12461.567015862896,10404.833814284735,90.48338142847352,0.0,12552.05039729137,13.76,0.64,0.0,0.0,5.0,0.6449628755448891
2374,11,train_0419,12237.548834503832,10524.996109884942,102.49961098849417,0.0,12340.048445492326,15.98,0.5,0.0,0.0,5.0,0.6449628755448891
2375,11,train_0594,12135.3310544266,9907.906978099034,40.7906978099034,0.0,12176.121752236504,17.6,0.6,0.0,0.0,5.0,0.6449628755448891
2376,11,train_0512,12361.735015059276,10281.442501938036,78.1442501938036,0.0,12439.87926525308,15.06,0.6,0.0,0.0,5.0,0.6449628755448891
2377,11,train_0082,12747.391400803175,10442.407940056302,94.24079400563024,0.0,12841.632194808806,15.46,0.64,0.0,0.0,5.0,0.6449628755448891
2378,11,train_0592,12329.275819819453,10684.881631880862,118.48816318808622,0.0,12447.763983007539,15.38,0.62,0.0,0.0,5.0,0.6449628755448891
2379,11,train_0392,12577.66573605563,10406.619788073907,90.66197880739074,0.0,12668.32771486302,15.0,0.66,0.0,0.0,5.0,0.6449628755448891
2380,11,train_0107,12667.658312237556,10539.139804076724,103.91398040767235,0.0,12771.572292645229,16.62,0.72,0.0,0.0,5.0,0.6449628755448891
2381,11,train_0269,11944.487218729188,9950.225789639937,45.022578963993695,0.0,11989.509797693181,13.7,0.6,0.0,0.0,5.0,0.6449628755448891
2382,11,train_0550,12295.25709272017,10530.494320174837,103.04943201748375,0.0,12398.306524737654,18.4,0.78,0.0,0.0,5.0,0.6449628755448891
2383,11,train_0235,12530.284506526004,10586.645664106489,108.66456641064889,0.0,12638.949072936653,15.32,0.62,0.0,0.0,5.0,0.6449628755448891
2384,11,train_0110,12457.767542316307,10471.897871848938,97.1897871848938,0.0,12554.957329501201,16.36,0.66,0.0,0.0,5.0,0.6449628755448891
2385,11,train_0525,12085.073698893277,10312.282537426758,81.22825374267578,0.0,12166.301952635953,15.3,0.56,0.0,0.0,5.0,0.6449628755448891
2386,11,train_0571,12239.923725956127,10325.301154100875,82.53011541008746,0.0,12322.453841366214,15.24,0.62,0.0,0.0,5.0,0.6449628755448891
2387,11,train_0585,12668.326676855806,10244.480683522856,74.44806835228556,0.0,12742.774745208091,14.82,0.66,0.0,0.0,5.0,0.6449628755448891
2388,11,train_0573,11854.579040436653,10324.169782003366,82.4169782003366,0.0,11936.99601863699,15.58,0.68,0.0,0.0,5.0,0.6449628755448891
2389,11,train_0523,12105.59278046935,10113.76892751706,61.37689275170597,0.0,12166.969673221056,15.84,0.68,0.0,0.0,5.0,0.6449628755448891
2390,11,train_0272,12755.819511767422,10199.05301065846,69.90530106584593,0.0,12825.724812833269,14.28,0.66,0.0,0.0,5.0,0.6449628755448891
2391,11,train_0115,12176.671357257046,11091.136135254052,159.11361352540519,0.0,12335.784970782452,16.2,0.62,0.0,0.0,5.0,0.6449628755448891
2392,11,train_0370,12629.363108255464,10432.951362866159,93.2951362866159,0.0,12722.658244542079,15.2,0.7,0.0,0.0,5.0,0.6449628755448891
2393,11,train_0132,11955.308448358945,10571.69683989352,107.16968398935205,0.0,12062.478132348297,17.98,0.74,0.0,0.0,5.0,0.6449628755448891
2394,11,train_0283,12323.68744169889,10697.266192770225,119.72661927702248,0.0,12443.414060975912,16.26,0.76,0.0,0.0,5.0,0.6449628755448891
2395,11,train_0393,12231.332385204707,10503.953833569925,100.39538335699254,0.0,12331.7277685617,13.62,0.6,0.0,0.0,5.0,0.6449628755448891
2396,11,train_0567,13095.879479434301,10770.410693482761,127.04106934827615,0.0,13222.920548782577,15.8,0.68,0.0,0.0,5.0,0.6449628755448891
2397,11,train_0173,12320.76139493052,10587.283389631186,108.72833896311859,0.0,12429.489733893639,16.72,0.58,0.0,0.0,5.0,0.6449628755448891
2398,11,train_0151,12452.862276538126,10676.396394334211,117.63963943342115,0.0,12570.501915971547,15.1,0.58,0.0,0.0,5.0,0.6449628755448891
2399,11,train_0440,12566.872610015158,10731.57074198356,123.15707419835599,0.0,12690.029684213514,16.44,0.6,0.0,0.0,5.0,0.6449628755448891
2400,11,train_0003,12104.349189265344,10426.895632982125,92.68956329821249,0.0,12197.038752563556,17.22,0.74,0.0,0.0,5.0,0.6449628755448891
2401,11,train_0339,12441.819670274568,10637.174084281065,113.71740842810651,0.0,12555.537078702675,14.82,0.62,0.0,0.0,5.0,0.6449628755448891
2402,11,train_0447,12226.828574892485,10352.035739819778,85.20357398197775,0.0,12312.032148874463,15.14,0.74,0.0,0.0,5.0,0.6449628755448891
2403,11,train_0330,12111.109698285945,10141.309410191632,64.13094101916322,0.0,12175.240639305108,15.8,0.7,0.0,0.0,5.0,0.6449628755448891
2404,11,train_0230,12317.888179587067,10294.789023227968,79.47890232279678,0.0,12397.367081909864,14.94,0.72,0.0,0.0,5.0,0.6449628755448891
2405,11,train_0497,12518.047492185273,10408.263803857342,90.82638038573424,0.0,12608.873872571006,16.0,0.62,0.0,0.0,5.0,0.6449628755448891
2406,11,train_0222,12603.56768721742,10410.421358638376,91.04213586383759,0.0,12694.609823081259,19.16,0.5,0.0,0.0,5.0,0.6449628755448891
2407,11,train_0426,12358.049524287488,10311.558251808507,81.15582518085067,0.0,12439.205349468339,15.4,0.7,0.0,0.0,5.0,0.6449628755448891
2408,11,train_0278,12605.669492237397,10204.583700710144,70.45837007101436,0.0,12676.12786230841,17.12,0.66,0.0,0.0,5.0,0.6449628755448891
2409,11,train_0015,12317.794395896557,9947.315511690082,44.73155116900816,0.0,12362.525947065566,15.38,0.72,0.0,0.0,5.0,0.6449628755448891
2410,11,train_0318,12421.765091765345,10193.636468497865,69.36364684978653,0.0,12491.12873861513,17.92,0.64,0.0,0.0,5.0,0.6449628755448891
2411,11,train_0029,12067.188724128206,10342.861847144412,84.28618471444116,0.0,12151.474908842647,16.84,0.6,0.0,0.0,5.0,0.6449628755448891
2412,11,train_0558,12744.949697583603,10825.63288663244,132.56328866324404,0.0,12877.512986246848,16.46,0.7,0.0,0.0,5.0,0.6449628755448891
2413,11,train_0360,12117.940417516433,10753.682489432667,125.36824894326674,0.0,12243.3086664597,15.16,0.74,0.0,0.0,5.0,0.6449628755448891
2414,11,train_0223,12207.021798123724,10287.102622152317,78.71026221523171,0.0,12285.732060338956,14.36,0.72,0.0,0.0,5.0,0.6449628755448891
2415,11,train_0291,12245.362432626811,10646.526954809724,114.6526954809724,0.0,12360.015128107783,16.5,0.7,0.0,0.0,5.0,0.6449628755448891
2416,11,train_0371,12263.01135524824,10440.901656123107,94.09016561231074,0.0,12357.101520860551,14.86,0.7,0.0,0.0,5.0,0.6449628755448891
2417,11,train_0156,12236.328202322431,10202.987490014519,70.29874900145187,0.0,12306.626951323882,15.68,0.7,0.0,0.0,5.0,0.6449628755448891
2418,11,train_0173,12701.89937836743,10679.879333203387,117.98793332033875,0.0,12819.88731168777,17.56,0.76,0.0,0.0,5.0,0.6449628755448891
2419,11,train_0251,12401.034340815906,10393.956194884086,89.39561948840856,0.0,12490.429960304315,15.1,0.66,0.0,0.0,5.0,0.6449628755448891
2420,11,train_0155,12608.971291847247,10435.469378486558,93.54693784865577,0.0,12702.518229695903,16.42,0.46,0.0,0.0,5.0,0.6449628755448891
2421,11,train_0454,12752.710208793827,10773.434717859467,127.34347178594672,0.0,12880.053680579775,16.76,0.64,0.0,0.0,5.0,0.6449628755448891
2422,11,train_0062,12030.089157381826,10260.048057754357,76.00480577543567,0.0,12106.093963157262,15.04,0.54,0.0,0.0,5.0,0.6449628755448891
2423,11,train_0495,12474.452636824466,10644.659817402755,114.4659817402755,0.0,12588.918618564741,17.78,0.74,0.0,0.0,5.0,0.6449628755448891
2424,11,train_0209,12129.930488670028,10510.736260822217,101.07362608222175,0.0,12231.00411475225,15.6,0.7,0.0,0.0,5.0,0.6449628755448891
2425,11,train_0336,12246.562447184417,10305.71991928313,80.57199192831304,0.0,12327.13443911273,16.44,0.66,0.0,0.0,5.0,0.6449628755448891
2426,11,train_0094,12020.304920760507,10295.039275455629,79.50392754556287,0.0,12099.808848306071,16.18,0.72,0.0,0.0,5.0,0.6449628755448891
2427,11,train_0231,12392.515481898354,10623.754975695618,112.37549756956179,0.0,12504.890979467915,16.14,0.66,0.0,0.0,5.0,0.6449628755448891
2428,11,train_0452,12146.514321137513,10338.40264454491,83.84026445449109,0.0,12230.354585592004,14.4,0.72,0.0,0.0,5.0,0.6449628755448891
2429,11,train_0162,11665.00541912973,10180.965540633417,68.09655406334169,0.0,11733.101973193072,15.04,0.58,0.0,0.0,5.0,0.6449628755448891
2430,11,train_0079,12752.518693467773,10468.944496648159,96.89444966481588,0.0,12849.41314313259,15.44,0.62,0.0,0.0,5.0,0.6449628755448891
2431,11,train_0313,12579.063855229282,10746.649513716806,124.66495137168059,0.0,12703.728806600962,15.12,0.66,0.0,0.0,5.0,0.6449628755448891
2432,11,train_0097,12246.343909656054,10227.47207139496,72.74720713949591,0.0,12319.09111679555,16.76,0.66,0.0,0.0,5.0,0.6449628755448891
2433,11,train_0188,12396.094217165937,10393.102891451788,89.31028914517884,0.0,12485.404506311115,13.88,0.62,0.0,0.0,5.0,0.6449628755448891
2434,11,train_0270,12397.50715913744,10255.84152169289,75.58415216928897,0.0,12473.091311306729,15.38,0.62,0.0,0.0,5.0,0.6449628755448891
2435,11,train_0338,12445.194238137281,10436.290996351763,93.62909963517632,0.0,12538.823337772457,16.0,0.66,0.0,0.0,5.0,0.6449628755448891
2436,11,train_0383,11911.745525768201,10401.34314935208,90.13431493520802,0.0,12001.87984070341,14.86,0.72,0.0,0.0,5.0,0.6449628755448891
2437,11,train_0405,12516.620876274243,11023.29601045743,152.32960104574303,0.0,12668.950477319986,17.52,0.54,0.0,0.0,5.0,0.6449628755448891
2438,11,train_0506,12354.79725557903,10315.59303727725,81.55930372772491,0.0,12436.356559306754,14.68,0.68,0.0,0.0,5.0,0.6449628755448891
2439,11,train_0039,12514.880145553147,10636.949905703332,113.69499057033318,0.0,12628.57513612348,17.84,0.64,0.0,0.0,5.0,0.6449628755448891
2440,11,train_0217,12314.052145800204,10556.578434383027,105.65784343830273,0.0,12419.709989238507,18.76,0.6,0.0,0.0,5.0,0.6449628755448891
2441,11,train_0000,12217.021769792169,10264.811220036916,76.4811220036916,0.0,12293.50289179586,15.36,0.7,0.0,0.0,5.0,0.6449628755448891
2442,11,train_0005,12044.81766344614,10333.219187108396,83.32191871083961,0.0,12128.139582156979,16.26,0.66,0.0,0.0,5.0,0.6449628755448891
2443,11,train_0127,12493.564223374236,10405.834428605143,90.58344286051434,0.0,12584.14766623475,15.66,0.54,0.0,0.0,5.0,0.6449628755448891
2444,11,train_0358,12355.28030537696,10429.44007483288,92.94400748328809,0.0,12448.224312860248,16.46,0.68,0.0,0.0,5.0,0.6449628755448891
2445,11,train_0536,12212.032673031317,10479.89848885077,97.98984888507694,0.0,12310.022521916395,16.2,0.52,0.0,0.0,5.0,0.6449628755448891
2446,11,train_0464,12380.402469194634,10144.276461386005,64.42764613860054,0.0,12444.830115333234,15.96,0.74,0.0,0.0,5.0,0.6449628755448891
2447,11,train_0387,12202.665004034709,10127.8906168227,62.789061682270045,0.0,12265.454065716978,15.4,0.68,0.0,0.0,5.0,0.6449628755448891
2448,12,train_0466,12630.861294650991,10405.050204787723,90.50502047877235,0.0,12721.366315129764,16.8,0.68,0.0,0.0,5.0,0.6449628755448891
2449,12,train_0103,11941.69652693076,10426.197667329012,92.6197667329012,0.0,12034.316293663662,14.04,0.64,0.0,0.0,5.0,0.6449628755448891
2450,12,train_0503,12730.014083096201,10716.816066612904,121.68160666129043,0.0,12851.695689757491,17.16,0.7,0.0,0.0,5.0,0.6449628755448891
2451,12,train_0534,12138.128304458041,10571.16367578694,107.11636757869401,0.0,12245.244672036735,14.34,0.66,0.0,0.0,5.0,0.6449628755448891
2452,12,train_0057,12070.790776848578,10398.953092386477,89.89530923864768,0.0,12160.686086087226,15.66,0.6,0.0,0.0,5.0,0.6449628755448891
2453,12,train_0281,12523.710001063953,10485.407365256262,98.5407365256262,0.0,12622.25073758958,17.16,0.64,0.0,0.0,5.0,0.6449628755448891
2454,12,train_0498,12487.723721763261,10564.502457767258,106.45024577672575,0.0,12594.173967539988,13.88,0.6,0.0,0.0,5.0,0.6449628755448891
2455,12,train_0285,11821.769270581102,10481.171335920713,98.11713359207134,0.0,11919.886404173174,14.34,0.78,0.0,0.0,5.0,0.6449628755448891
2456,12,train_0504,12271.485479191802,10391.421580461876,89.14215804618762,0.0,12360.62763723799,15.68,0.64,0.0,0.0,5.0,0.6449628755448891
2457,12,train_0561,12222.930247540815,10932.147320963126,143.2147320963126,0.0,12366.144979637127,16.64,0.72,0.0,0.0,5.0,0.6449628755448891
2458,12,train_0284,12325.350628534026,10436.304403506927,93.63044035069271,0.0,12418.98106888472,16.08,0.62,0.0,0.0,5.0,0.6449628755448891
2459,12,train_0035,12771.45908423741,10894.3582665428,139.43582665428002,0.0,12910.89491089169,17.04,0.72,0.0,0.0,5.0,0.6449628755448891
2460,12,train_0204,12945.804446948048,10406.523805866345,90.65238058663454,0.0,13036.456827534683,17.58,0.62,0.0,0.0,5.0,0.6449628755448891
2461,12,train_0129,12767.69094771269,10661.515859974164,116.15158599741645,0.0,12883.842533710107,15.22,0.66,0.0,0.0,5.0,0.6449628755448891
2462,12,train_0284,12163.529874939537,10541.255632543442,104.12556325434417,0.0,12267.65543819388,17.38,0.62,0.0,0.0,5.0,0.6449628755448891
2463,12,train_0351,12537.70079451253,10612.545737960107,111.25457379601067,0.0,12648.95536830854,17.24,0.58,0.0,0.0,5.0,0.6449628755448891
2464,12,train_0278,12394.711443215094,10205.47028306912,70.54702830691204,0.0,12465.258471522005,17.52,0.7,0.0,0.0,5.0,0.6449628755448891
2465,12,train_0117,12113.971585781594,10048.020163936828,54.80201639368279,0.0,12168.773602175277,16.96,0.78,0.0,0.0,5.0,0.6449628755448891
2466,12,train_0180,12366.77807344645,10554.25243829907,105.42524382990706,0.0,12472.203317276357,16.54,0.68,0.0,0.0,5.0,0.6449628755448891
2467,12,train_0407,12306.244776434529,10658.234905431582,115.82349054315819,0.0,12422.068266977687,17.08,0.64,0.0,0.0,5.0,0.6449628755448891
2468,12,train_0016,12079.164165338603,10693.77310963488,119.37731096348799,0.0,12198.54147630209,16.34,0.52,0.0,0.0,5.0,0.6449628755448891
2469,12,train_0128,12138.081521700198,10461.958435827008,96.19584358270077,0.0,12234.277365282898,14.1,0.74,0.0,0.0,5.0,0.6449628755448891
2470,12,train_0535,12089.330240026087,10489.6057155805,98.96057155804993,0.0,12188.290811584136,15.14,0.62,0.0,0.0,5.0,0.6449628755448891
2471,12,train_0059,12725.851695065467,10579.270171414846,107.92701714148461,0.0,12833.778712206951,14.88,0.66,0.0,0.0,5.0,0.6449628755448891
2472,12,train_0248,12568.338500177659,10201.013587242207,70.1013587242207,0.0,12638.43985890188,16.22,0.66,0.0,0.0,5.0,0.6449628755448891
2473,12,train_0124,12272.227303685188,10934.319756777775,143.43197567777753,0.0,12415.659279362964,18.36,0.72,0.0,0.0,5.0,0.6449628755448891
2474,12,train_0062,12232.220873021193,10231.884793779247,73.18847937792471,0.0,12305.409352399118,13.28,0.64,0.0,0.0,5.0,0.6449628755448891
2475,12,train_0253,12115.132226619126,10079.636907865752,57.96369078657517,0.0,12173.0959174057,16.68,0.7,0.0,0.0,5.0,0.6449628755448891
2476,12,train_0312,11784.687378560106,10537.064886082917,103.70648860829169,0.0,11888.393867168397,15.8,0.72,0.0,0.0,5.0,0.6449628755448891
2477,12,train_0105,12478.171102315886,10583.195018993805,108.31950189938053,0.0,12586.490604215267,14.7,0.72,0.0,0.0,5.0,0.6449628755448891
2478,12,train_0046,12090.676725854637,10080.329743084163,58.03297430841631,0.0,12148.709700163054,17.76,0.64,0.0,0.0,5.0,0.6449628755448891
2479,12,train_0080,12826.714577698387,10692.974293048712,119.29742930487119,0.0,12946.012007003259,15.5,0.56,0.0,0.0,5.0,0.6449628755448891
2480,12,train_0390,12348.49940803829,10612.288403750394,111.22884037503937,0.0,12459.728248413328,16.52,0.58,0.0,0.0,5.0,0.6449628755448891
2481,12,train_0516,12670.647054592944,10730.00054622635,123.00005462263508,0.0,12793.647109215579,15.56,0.74,0.0,0.0,5.0,0.6449628755448891
2482,12,train_0108,12639.438954837284,10328.057472718756,82.80574727187559,0.0,12722.24470210916,18.16,0.7,0.0,0.0,5.0,0.6449628755448891
2483,12,train_0192,12319.775274446409,10726.048677723904,122.60486777239039,0.0,12442.380142218799,17.4,0.7,0.0,0.0,5.0,0.6449628755448891
2484,12,train_0206,12875.853193059636,10912.333804044029,141.23338040440285,0.0,13017.08657346404,14.86,0.64,0.0,0.0,5.0,0.6449628755448891
2485,12,train_0216,12035.252852081834,10452.246820930268,95.22468209302679,0.0,12130.477534174861,18.68,0.56,0.0,0.0,5.0,0.6449628755448891
2486,12,train_0146,12446.916291909827,10439.368417185513,93.9368417185513,0.0,12540.853133628378,16.96,0.76,0.0,0.0,5.0,0.6449628755448891
2487,12,train_0033,12678.063211098384,10512.100766566433,101.2100766566433,0.0,12779.273287755028,15.5,0.64,0.0,0.0,5.0,0.6449628755448891
2488,12,train_0315,12861.026243299333,10555.189940939514,105.51899409395138,0.0,12966.545237393284,16.32,0.64,0.0,0.0,5.0,0.6449628755448891
2489,12,train_0214,12223.034026190828,10148.589500759204,64.85895007592045,0.0,12287.892976266749,15.6,0.62,0.0,0.0,5.0,0.6449628755448891
2490,12,train_0205,12362.494105440941,10723.871633725903,122.3871633725903,0.0,12484.881268813531,16.02,0.62,0.0,0.0,5.0,0.6449628755448891
2491,12,train_0158,12276.81662677227,10431.269991677857,93.12699916778566,0.0,12369.943625940055,18.54,0.76,0.0,0.0,5.0,0.6449628755448891
2492,12,train_0557,12034.461875925663,10384.421915842766,88.4421915842766,0.0,12122.904067509939,16.74,0.6,0.0,0.0,5.0,0.6449628755448891
2493,12,train_0366,12379.857537164073,10222.279967365688,72.22799673656883,0.0,12452.085533900641,16.58,0.6,0.0,0.0,5.0,0.6449628755448891
2494,12,train_0251,12130.719958001418,10644.141149049101,114.4141149049101,0.0,12245.134072906329,14.1,0.68,0.0,0.0,5.0,0.6449628755448891
2495,12,train_0123,12424.206670262447,10446.579485407156,94.65794854071555,0.0,12518.864618803163,15.18,0.64,0.0,0.0,5.0,0.6449628755448891
2496,12,train_0480,12530.3324264926,10789.206570977958,128.9206570977958,0.0,12659.253083590396,15.62,0.6,0.0,0.0,5.0,0.6449628755448891
2497,12,train_0533,11949.575547592529,10080.630774292778,58.06307742927784,0.0,12007.638625021807,15.74,0.56,0.0,0.0,5.0,0.6449628755448891
2498,12,train_0019,12804.375033855107,10331.959536682298,83.19595366822978,0.0,12887.570987523337,15.94,0.68,0.0,0.0,5.0,0.6449628755448891
2499,12,train_0557,12181.359062595595,10017.159355089561,51.715935508956136,0.0,12233.074998104552,16.58,0.6,0.0,0.0,5.0,0.6449628755448891
2500,12,train_0419,12246.354366844982,10410.447614611552,91.04476146115522,0.0,12337.399128306137,16.52,0.66,0.0,0.0,5.0,0.6449628755448891
2501,12,train_0059,12413.08066932721,10592.939183934102,109.29391839341025,0.0,12522.37458772062,15.4,0.66,0.0,0.0,5.0,0.6449628755448891
2502,12,train_0451,12677.280005622553,10563.04386243576,106.30438624357595,0.0,12783.584391866128,15.64,0.72,0.0,0.0,5.0,0.6449628755448891
2503,12,train_0064,12331.752276176769,10576.060221181317,107.60602211813166,0.0,12439.358298294901,14.62,0.74,0.0,0.0,5.0,0.6449628755448891
2504,12,train_0030,12077.349802955814,10429.858516035089,92.98585160350886,0.0,12170.335654559323,16.62,0.62,0.0,0.0,5.0,0.6449628755448891
2505,12,train_0069,12547.753613698284,10246.770733489519,74.67707334895185,0.0,12622.430687047236,17.9,0.62,0.0,0.0,5.0,0.6449628755448891
2506,12,train_0275,12431.813921230332,10538.939897648534,103.89398976485336,0.0,12535.707910995185,14.5,0.68,0.0,0.0,5.0,0.6449628755448891
2507,12,train_0371,12402.940060847386,10239.34387005756,73.93438700575608,0.0,12476.874447853143,16.52,0.72,0.0,0.0,5.0,0.6449628755448891
2508,12,train_0244,12446.444136989454,10282.529661154696,78.25296611546965,0.0,12524.697103104923,15.3,0.76,0.0,0.0,5.0,0.6449628755448891
2509,12,train_0073,12052.200434780076,10539.87497837462,103.98749783746207,0.0,12156.187932617539,15.8,0.64,0.0,0.0,5.0,0.6449628755448891
2510,12,train_0119,12263.056151303914,10230.309936727612,73.03099367276118,0.0,12336.087144976675,15.76,0.6,0.0,0.0,5.0,0.6449628755448891
2511,12,train_0511,12134.734190705341,10286.044474596412,78.60444745964124,0.0,12213.338638164983,16.26,0.6,0.0,0.0,5.0,0.6449628755448891
2512,12,train_0577,13072.432825365191,11028.739010350604,152.8739010350604,0.0,13225.306726400251,16.08,0.7,0.0,0.0,5.0,0.6449628755448891
2513,12,train_0452,12295.572810846956,10265.084566821284,76.50845668212843,0.0,12372.081267529084,14.22,0.62,0.0,0.0,5.0,0.6449628755448891
2514,12,train_0062,12182.333786211744,10260.390942211438,76.03909422114376,0.0,12258.372880432888,15.02,0.64,0.0,0.0,5.0,0.6449628755448891
2515,12,train_0491,12647.62975557855,10398.799848737966,89.87998487379664,0.0,12737.509740452346,15.26,0.66,0.0,0.0,5.0,0.6449628755448891
2516,12,train_0415,12869.155320651742,10644.21659106446,114.42165910644599,0.0,12983.576979758189,13.24,0.78,0.0,0.0,5.0,0.6449628755448891
2517,12,train_0315,12835.933193683475,11000.27175768884,150.0271757688841,0.0,12985.96036945236,15.86,0.56,0.0,0.0,5.0,0.6449628755448891
2518,12,train_0085,12227.097995243059,10691.928790633947,119.19287906339468,0.0,12346.290874306454,14.54,0.7,0.0,0.0,5.0,0.6449628755448891
2519,12,train_0598,12215.14643023915,10390.439762166387,89.04397621663867,0.0,12304.19040645579,14.24,0.58,0.0,0.0,5.0,0.6449628755448891
2520,12,train_0265,12271.499854773441,10328.705016048434,82.87050160484341,0.0,12354.370356378284,16.14,0.62,0.0,0.0,5.0,0.6449628755448891
2521,12,train_0026,12058.97604944176,10528.283014741915,102.82830147419155,0.0,12161.804350915952,15.9,0.74,0.0,0.0,5.0,0.6449628755448891
2522,12,train_0125,11873.11640729494,10404.219302119935,90.42193021199347,0.0,11963.538337506932,16.1,0.56,0.0,0.0,5.0,0.6449628755448891
2523,12,train_0240,12844.50074071791,10932.562344767382,143.25623447673826,0.0,12987.756975194647,15.2,0.66,0.0,0.0,5.0,0.6449628755448891
2524,12,train_0037,13046.182152280328,10653.564941380686,115.3564941380686,0.0,13161.538646418396,16.98,0.72,0.0,0.0,5.0,0.6449628755448891
2525,12,train_0194,12418.997859463458,10539.311643282348,103.93116432823481,0.0,12522.929023791692,14.22,0.7,0.0,0.0,5.0,0.6449628755448891
2526,12,train_0281,12363.375543062482,10617.332702887135,111.73327028871354,0.0,12475.108813351197,15.36,0.72,0.0,0.0,5.0,0.6449628755448891
2527,12,train_0569,12279.099205118771,10166.134152025534,66.61341520255337,0.0,12345.712620321325,16.16,0.66,0.0,0.0,5.0,0.6449628755448891
2528,12,train_0051,12726.013025498525,10199.391017460946,69.93910174609464,0.0,12795.95212724462,16.7,0.72,0.0,0.0,5.0,0.6449628755448891
2529,12,train_0346,12511.192701224198,10737.976822063747,123.7976822063747,0.0,12634.990383430573,15.42,0.54,0.0,0.0,5.0,0.6449628755448891
2530,12,train_0549,12534.3409665138,10654.314871074153,115.43148710741535,0.0,12649.772453621215,17.74,0.68,0.0,0.0,5.0,0.6449628755448891
2531,12,train_0483,13008.647752555487,10470.790354048046,97.07903540480457,0.0,13105.726787960291,16.44,0.54,0.0,0.0,5.0,0.6449628755448891
2532,12,train_0554,12207.165712160415,10242.258820369207,74.22588203692067,0.0,12281.391594197336,13.8,0.72,0.0,0.0,5.0,0.6449628755448891
2533,12,train_0102,12673.588805663094,10015.87909784017,51.58790978401703,0.0,12725.17671544711,13.18,0.66,0.0,0.0,5.0,0.6449628755448891
2534,12,train_0480,12433.128569378823,10560.328164571918,106.03281645719181,0.0,12539.161385836014,15.28,0.66,0.0,0.0,5.0,0.6449628755448891
2535,12,train_0587,12291.14746512994,10210.008309638026,71.00083096380258,0.0,12362.148296093743,17.08,0.64,0.0,0.0,5.0,0.6449628755448891
2536,12,train_0195,12638.175257114395,11006.542717017652,150.65427170176517,0.0,12788.82952881616,17.8,0.7,0.0,0.0,5.0,0.6449628755448891
2537,12,train_0299,12496.968553689156,10508.925527096526,100.89255270965259,0.0,12597.861106398808,14.26,0.64,0.0,0.0,5.0,0.6449628755448891
2538,12,train_0318,12378.94237936211,10256.01111557782,75.60111155778195,0.0,12454.543490919892,17.82,0.68,0.0,0.0,5.0,0.6449628755448891
2539,12,train_0296,12409.592419276836,10551.939926668123,105.1939926668123,0.0,12514.786411943649,15.5,0.7,0.0,0.0,5.0,0.6449628755448891
2540,12,train_0173,12720.008204270149,10300.02986760913,80.00298676091298,0.0,12800.011191031062,16.3,0.62,0.0,0.0,5.0,0.6449628755448891
2541,12,train_0582,12814.990818549937,10402.786192569882,90.27861925698818,0.0,12905.269437806925,15.38,0.64,0.0,0.0,5.0,0.6449628755448891
2542,12,train_0573,12254.880131059726,10046.800257703611,54.68002577036114,0.0,12309.560156830088,15.68,0.68,0.0,0.0,5.0,0.6449628755448891
2543,12,train_0228,12210.374839611133,10188.515516944022,68.85155169440223,0.0,12279.226391305536,14.98,0.6,0.0,0.0,5.0,0.6449628755448891
2544,12,train_0483,13050.319890613151,10709.873080080491,120.98730800804915,0.0,13171.3071986212,15.48,0.6,0.0,0.0,5.0,0.6449628755448891
2545,12,train_0238,12182.444420247792,10482.600054445436,98.26000544454365,0.0,12280.704425692335,16.44,0.78,0.0,0.0,5.0,0.6449628755448891
2546,12,train_0476,12328.350234099204,10230.460464668453,73.0460464668453,0.0,12401.396280566049,19.9,0.68,0.0,0.0,5.0,0.6449628755448891
2547,12,train_0350,11947.57892820725,10282.383554377975,78.23835543779751,0.0,12025.817283645047,15.68,0.64,0.0,0.0,5.0,0.6449628755448891
2548,12,train_0282,12097.358679635247,10223.779157463301,72.37791574633012,0.0,12169.736595381577,15.1,0.76,0.0,0.0,5.0,0.6449628755448891
2549,12,train_0076,12489.154664769621,10230.03438245562,73.00343824556204,0.0,12562.158103015183,16.22,0.66,0.0,0.0,5.0,0.6449628755448891
2550,12,train_0392,12270.402277772193,10883.968203865548,138.39682038655482,0.0,12408.799098158748,15.96,0.6,0.0,0.0,5.0,0.6449628755448891
2551,12,train_0192,12178.380713709576,10884.00504926589,138.40050492658904,0.0,12316.781218636164,17.24,0.58,0.0,0.0,5.0,0.6449628755448891
2552,12,train_0130,12156.314923813625,10414.044933578693,91.40449335786926,0.0,12247.719417171495,14.96,0.74,0.0,0.0,5.0,0.6449628755448891
2553,12,train_0115,12654.263751416558,10466.279162159291,96.62791621592915,0.0,12750.891667632488,16.3,0.64,0.0,0.0,5.0,0.6449628755448891
2554,12,train_0589,11871.02100794837,10303.677992386525,80.36779923865252,0.0,11951.388807187022,15.74,0.68,0.0,0.0,5.0,0.6449628755448891
2555,12,train_0061,12224.470504889443,10466.663890015656,96.66638900156559,0.0,12321.13689389101,14.56,0.7,0.0,0.0,5.0,0.6449628755448891
2556,12,train_0479,12603.356267234487,10697.76227421988,119.77622742198801,0.0,12723.132494656475,16.82,0.74,0.0,0.0,5.0,0.6449628755448891
2557,12,train_0519,12399.211022176874,11108.041803698236,160.80418036982357,0.0,12560.015202546698,18.16,0.72,0.0,0.0,5.0,0.6449628755448891
2558,12,train_0018,12357.849120099314,10390.988147685624,89.09881476856245,0.0,12446.947934867876,15.38,0.62,0.0,0.0,5.0,0.6449628755448891
2559,12,train_0353,12092.71278030047,10383.517379179748,88.35173791797479,0.0,12181.064518218445,18.06,0.62,0.0,0.0,5.0,0.6449628755448891
2560,12,train_0346,12755.386512664563,10793.651139759839,129.3651139759839,0.0,12884.751626640547,16.8,0.64,0.0,0.0,5.0,0.6449628755448891
2561,12,train_0215,12599.738050572587,10887.064051370886,138.70640513708858,0.0,12738.444455709676,16.8,0.56,0.0,0.0,5.0,0.6449628755448891
2562,12,train_0400,12488.268229935282,10830.79355892925,133.079355892925,0.0,12621.347585828207,15.48,0.6,0.0,0.0,5.0,0.6449628755448891
2563,12,train_0245,11735.342642448071,10383.207369988966,88.32073699889662,0.0,11823.663379446967,16.74,0.74,0.0,0.0,5.0,0.6449628755448891
2564,12,train_0263,11617.507589532424,10358.012938823227,85.80129388232272,0.0,11703.308883414747,15.8,0.72,0.0,0.0,5.0,0.6449628755448891
2565,12,train_0258,12609.552159016672,10853.485949533864,135.34859495338642,0.0,12744.900753970058,15.7,0.5,0.0,0.0,5.0,0.6449628755448891
2566,12,train_0480,12427.31622313169,10694.093431527399,119.4093431527399,0.0,12546.725566284429,15.48,0.72,0.0,0.0,5.0,0.6449628755448891
2567,12,train_0379,12706.812747021248,11034.49527138094,153.449527138094,0.0,12860.262274159342,14.26,0.58,0.0,0.0,5.0,0.6449628755448891
2568,12,train_0227,12567.786577434783,10680.761720364644,118.07617203646441,0.0,12685.862749471247,15.64,0.72,0.0,0.0,5.0,0.6449628755448891
2569,12,train_0556,12330.177789768815,10498.543688776257,99.85436887762572,0.0,12430.032158646442,12.68,0.7,0.0,0.0,5.0,0.6449628755448891
2570,12,train_0481,12343.709303648127,10196.183122510898,69.61831225108982,0.0,12413.327615899218,16.68,0.78,0.0,0.0,5.0,0.6449628755448891
2571,12,train_0559,12592.937770810557,10631.267682222348,113.12676822223476,0.0,12706.064539032792,17.34,0.66,0.0,0.0,5.0,0.6449628755448891
2572,12,train_0438,12286.475900644247,10459.79114014949,95.97911401494895,0.0,12382.455014659196,16.18,0.62,0.0,0.0,5.0,0.6449628755448891
2573,12,train_0234,12480.725635759296,10219.196109610612,71.91961096106115,0.0,12552.645246720356,14.94,0.7,0.0,0.0,5.0,0.6449628755448891
2574,12,train_0463,11919.734394172316,10123.478428837825,62.347842883782505,0.0,11982.082237056098,16.54,0.84,0.0,0.0,5.0,0.6449628755448891
2575,12,train_0197,12342.74181573838,10854.978493331579,135.49784933315786,0.0,12478.239665071538,15.74,0.82,0.0,0.0,5.0,0.6449628755448891
2576,12,train_0162,11615.452651035117,10165.40615898286,66.54061589828598,0.0,11681.993266933403,15.94,0.66,0.0,0.0,5.0,0.6449628755448891
2577,12,train_0270,12209.89764190987,10470.685772247576,97.06857722475762,0.0,12306.966219134629,15.82,0.72,0.0,0.0,5.0,0.6449628755448891
2578,12,train_0581,12163.728416959817,10707.645461351534,120.76454613515344,0.0,12284.49296309497,16.4,0.72,0.0,0.0,5.0,0.6449628755448891
2579,12,train_0340,12180.276656233376,10564.850746885608,106.48507468856079,0.0,12286.761730921937,16.98,0.74,0.0,0.0,5.0,0.6449628755448891
2580,12,train_0230,12265.486387327319,10399.466037120837,89.94660371208374,0.0,12355.432991039403,15.26,0.76,0.0,0.0,5.0,0.6449628755448891
2581,12,train_0277,12498.37884824365,10501.74387064755,100.17438706475497,0.0,12598.553235308405,15.46,0.72,0.0,0.0,5.0,0.6449628755448891
2582,12,train_0174,12317.84068033122,10659.324574563638,115.93245745636378,0.0,12433.773137787583,16.82,0.52,0.0,0.0,5.0,0.6449628755448891
2583,12,train_0395,12338.313964676447,10316.250468623715,81.62504686237153,0.0,12419.939011538818,15.82,0.64,0.0,0.0,5.0,0.6449628755448891
2584,12,train_0210,12249.999791972707,10296.151190255678,79.61511902556776,0.0,12329.614910998274,14.98,0.68,0.0,0.0,5.0,0.6449628755448891
2585,12,train_0332,12049.892726596821,10367.973647281568,86.79736472815677,0.0,12136.690091324977,16.7,0.68,0.0,0.0,5.0,0.6449628755448891
2586,12,train_0221,12289.390476560096,10549.873238059063,104.98732380590627,0.0,12394.377800366003,16.96,0.8,0.0,0.0,5.0,0.6449628755448891
2587,12,train_0192,12621.9156196849,10524.172637970525,102.41726379705251,0.0,12724.332883481953,16.14,0.68,0.0,0.0,5.0,0.6449628755448891
2588,12,train_0582,13073.294726843495,10159.297599418209,65.92975994182089,0.0,13139.224486785315,16.12,0.6,0.0,0.0,5.0,0.6449628755448891
2589,12,train_0207,12397.848368068047,10261.476576733352,76.1476576733352,0.0,12473.996025741382,15.28,0.64,0.0,0.0,5.0,0.6449628755448891
2590,12,train_0042,12309.614283873601,10510.448243423025,101.04482434230249,0.0,12410.659108215903,14.88,0.8,0.0,0.0,5.0,0.6449628755448891
2591,12,train_0227,12546.498336060491,10660.490634354719,116.04906343547191,0.0,12662.547399495963,18.12,0.72,0.0,0.0,5.0,0.6449628755448891
2592,12,train_0319,12311.297760166395,10444.93536730584,94.49353673058395,0.0,12405.79129689698,15.32,0.6,0.0,0.0,5.0,0.6449628755448891
2593,12,train_0056,11821.498298043982,9985.087237090931,48.508723709093104,0.0,11870.007021753076,17.72,0.7,0.0,0.0,5.0,0.6449628755448891
2594,12,train_0183,12229.812390023673,10851.727233539972,135.1727233539972,0.0,12364.98511337767,15.58,0.52,0.0,0.0,5.0,0.6449628755448891
2595,12,train_0099,11915.472319142516,10100.389745694936,60.038974569493625,0.0,11975.51129371201,17.04,0.6,0.0,0.0,5.0,0.6449628755448891
2596,12,train_0300,12233.913614573648,10086.218030022992,58.6218030022992,0.0,12292.535417575948,14.98,0.7,0.0,0.0,5.0,0.6449628755448891
2597,12,train_0433,11996.431426811721,10525.842597494318,102.58425974943185,0.0,12099.015686561153,14.16,0.74,0.0,0.0,5.0,0.6449628755448891
2598,12,train_0581,12187.744264781533,10401.503394916183,90.15033949161825,0.0,12277.894604273151,16.46,0.62,0.0,0.0,5.0,0.6449628755448891
2599,12,train_0233,12830.09515044752,11127.899242248277,162.7899242248277,0.0,12992.885074672347,16.78,0.68,0.0,0.0,5.0,0.6449628755448891
2600,12,train_0517,12442.421523123521,10515.239213150471,101.52392131504712,0.0,12543.945444438568,16.98,0.7,0.0,0.0,5.0,0.6449628755448891
2601,12,train_0128,12050.931702687178,10198.85699458118,69.88569945811797,0.0,12120.817402145296,15.54,0.7,0.0,0.0,5.0,0.6449628755448891
2602,12,train_0468,12561.871809905006,9852.902459213361,35.2902459213361,0.0,12597.162055826342,15.34,0.54,0.0,0.0,5.0,0.6449628755448891
2603,12,train_0337,11952.71430467343,10191.733445662769,69.17334456627687,0.0,12021.887649239708,16.44,0.64,0.0,0.0,5.0,0.6449628755448891
2604,12,train_0454,12571.822784094511,10797.140677124931,129.71406771249312,0.0,12701.536851807004,16.2,0.76,0.0,0.0,5.0,0.6449628755448891
2605,12,train_0453,12154.08471248873,10407.031155937337,90.70311559373368,0.0,12244.787828082463,16.84,0.76,0.0,0.0,5.0,0.6449628755448891
2606,12,train_0319,12056.43532623291,10506.119022511424,100.61190225114242,0.0,12157.047228484053,14.42,0.64,0.0,0.0,5.0,0.6449628755448891
2607,12,train_0154,12471.824465472539,10810.240725396761,131.02407253967613,0.0,12602.848538012215,19.34,0.76,0.0,0.0,5.0,0.6449628755448891
2608,12,train_0315,12978.187131745424,10521.462457516673,102.14624575166727,0.0,13080.333377497092,16.6,0.64,0.0,0.0,5.0,0.6449628755448891
2609,12,train_0496,12274.799528906195,10412.057179234835,91.20571792348346,0.0,12366.005246829678,16.34,0.8,0.0,0.0,5.0,0.6449628755448891
2610,12,train_0582,12547.481937381483,10447.423525569471,94.74235255694713,0.0,12642.22428993843,15.94,0.58,0.0,0.0,5.0,0.6449628755448891
2611,12,train_0556,12579.699098985286,10279.71528584044,77.97152858404407,0.0,12657.67062756933,14.28,0.7,0.0,0.0,5.0,0.6449628755448891
2612,12,train_0108,12377.730150613694,10579.177342485687,107.91773424856875,0.0,12485.647884862263,18.2,0.72,0.0,0.0,5.0,0.6449628755448891
2613,12,train_0358,12195.573005988559,10759.701280895728,125.9701280895728,0.0,12321.543134078132,16.22,0.78,0.0,0.0,5.0,0.6449628755448891
2614,12,train_0062,11993.191855961551,10512.42806429663,101.24280642966296,0.0,12094.434662391215,15.5,0.72,0.0,0.0,5.0,0.6449628755448891
2615,12,train_0401,11941.834123021647,10257.104958724216,75.7104958724216,0.0,12017.544618894068,17.22,0.68,0.0,0.0,5.0,0.6449628755448891
2616,12,train_0595,12202.479635756707,9926.588377988752,42.658837798875176,0.0,12245.138473555582,15.02,0.6,0.0,0.0,5.0,0.6449628755448891
2617,12,train_0031,12089.412334484765,10311.868895608928,81.18688956089282,0.0,12170.599224045658,17.0,0.76,0.0,0.0,5.0,0.6449628755448891
2618,12,train_0393,12397.139842169712,10555.906096076931,105.59060960769312,0.0,12502.730451777405,13.38,0.7,0.0,0.0,5.0,0.6449628755448891
2619,12,train_0567,13360.763038945024,10871.08649490753,137.10864949075295,0.0,13497.871688435776,16.98,0.72,0.0,0.0,5.0,0.6449628755448891
2620,12,train_0508,12338.913516177978,10966.200293083177,146.6200293083177,0.0,12485.533545486296,14.74,0.78,0.0,0.0,5.0,0.6449628755448891
2621,12,train_0235,12901.364846677961,10101.208325520996,60.12083255209964,0.0,12961.485679230062,15.08,0.64,0.0,0.0,5.0,0.6449628755448891
2622,12,train_0062,12193.437370699816,10137.765053742554,63.776505374255436,0.0,12257.21387607407,15.24,0.72,0.0,0.0,5.0,0.6449628755448891
2623,12,train_0554,12429.855265096023,10163.294638479572,66.32946384795723,0.0,12496.18472894398,13.46,0.56,0.0,0.0,5.0,0.6449628755448891
2624,12,train_0552,12382.658603650048,10274.246509918557,77.42465099185574,0.0,12460.083254641904,15.06,0.72,0.0,0.0,5.0,0.6449628755448891
2625,12,train_0347,12323.721535483437,10409.114545896686,90.91145458966858,0.0,12414.632990073105,17.66,0.7,0.0,0.0,5.0,0.6449628755448891
2626,12,train_0587,12154.375455696714,10243.150205491862,74.3150205491862,0.0,12228.6904762459,16.94,0.7,0.0,0.0,5.0,0.6449628755448891
2627,12,train_0002,12330.197810924841,10396.936120271532,89.69361202715318,0.0,12419.891422951994,14.3,0.68,0.0,0.0,5.0,0.6449628755448891
2628,12,train_0369,12306.684157661584,10531.062786770412,103.10627867704116,0.0,12409.790436338626,13.72,0.62,0.0,0.0,5.0,0.6449628755448891
2629,12,train_0023,12111.274112868296,10207.635562170906,70.76355621709062,0.0,12182.037669085386,14.9,0.7,0.0,0.0,5.0,0.6449628755448891
2630,12,train_0561,12450.880564310148,10479.442189028236,97.94421890282356,0.0,12548.824783212971,17.7,0.48,0.0,0.0,5.0,0.6449628755448891
2631,12,train_0408,11984.11556939683,10303.64334884445,80.3643348844451,0.0,12064.479904281276,14.76,0.68,0.0,0.0,5.0,0.6449628755448891
2632,12,train_0548,12308.61336570739,10654.540459877357,115.45404598773567,0.0,12424.067411695125,16.14,0.68,0.0,0.0,5.0,0.6449628755448891
2633,12,train_0337,12089.24109880815,10118.494377217941,61.84943772179413,0.0,12151.090536529944,18.12,0.74,0.0,0.0,5.0,0.6449628755448891
2634,12,train_0049,12793.54595806883,10321.958746518143,82.19587465181431,0.0,12875.741832720643,15.24,0.72,0.0,0.0,5.0,0.6449628755448891
2635,12,train_0015,12281.864756297506,10385.950326121178,88.59503261211776,0.0,12370.459788909624,16.48,0.58,0.0,0.0,5.0,0.6449628755448891
2636,12,train_0201,12356.496278629,10549.000182419226,104.9000182419226,0.0,12461.396296870922,16.28,0.68,0.0,0.0,5.0,0.6449628755448891
2637,12,train_0446,12140.659240563537,10145.676937935827,64.56769379358266,0.0,12205.226934357119,15.68,0.68,0.0,0.0,5.0,0.6449628755448891
2638,12,train_0090,12358.007335175647,10527.58532111096,102.75853211109607,0.0,12460.765867286744,14.94,0.64,0.0,0.0,5.0,0.6449628755448891
2639,12,train_0511,12048.73523748697,10439.88957370937,93.98895737093699,0.0,12142.724194857907,16.48,0.72,0.0,0.0,5.0,0.6449628755448891
2640,12,train_0143,12431.52372219455,10850.667810712677,135.06678107126774,0.0,12566.590503265817,15.02,0.74,0.0,0.0,5.0,0.6449628755448891
2641,12,train_0297,12288.119250027106,10247.031775800671,74.70317758006713,0.0,12362.822427607174,14.72,0.8,0.0,0.0,5.0,0.6449628755448891
2642,12,train_0121,12099.177284765425,10604.79941401885,110.47994140188494,0.0,12209.65722616731,14.2,0.72,0.0,0.0,5.0,0.6449628755448891
2643,12,train_0279,12263.730838998054,10703.955467488917,120.39554674889169,0.0,12384.126385746946,16.5,0.7,0.0,0.0,5.0,0.6449628755448891
2644,12,train_0271,12295.490002421413,9953.498458507855,45.349845850785464,0.0,12340.839848272199,14.9,0.58,0.0,0.0,5.0,0.6449628755448891
2645,12,train_0003,12231.39639881142,10088.61548760191,58.861548760191,0.0,12290.25794757161,14.52,0.68,0.0,0.0,5.0,0.6449628755448891
2646,12,train_0340,12428.251067675483,10394.26001226564,89.42600122656404,0.0,12517.677068902047,16.22,0.76,0.0,0.0,5.0,0.6449628755448891
2647,12,train_0471,12556.028708015549,10535.532432198417,103.55324321984172,0.0,12659.58195123539,12.7,0.7,0.0,0.0,5.0,0.6449628755448891
2648,12,train_0561,12303.04972107712,10646.116790345312,114.61167903453116,0.0,12417.66140011165,17.48,0.56,0.0,0.0,5.0,0.6449628755448891
2649,12,train_0198,11860.796065602146,10092.997057281957,59.29970572819566,0.0,11920.095771330341,16.48,0.56,0.0,0.0,5.0,0.6449628755448891
2650,12,train_0528,12454.243255627156,10206.582919660945,70.65829196609448,0.0,12524.90154759325,15.06,0.68,0.0,0.0,5.0,0.6449628755448891
2651,12,train_0527,12176.499819295972,10417.066267136823,91.70662671368228,0.0,12268.206446009654,15.36,0.52,0.0,0.0,5.0,0.6449628755448891
2652,12,train_0593,12269.824904529945,10858.174533545985,135.81745335459854,0.0,12405.642357884544,14.08,0.68,0.0,0.0,5.0,0.6449628755448891
2653,12,train_0223,12428.926114303498,10163.014099265176,66.3014099265176,0.0,12495.227524230017,15.76,0.56,0.0,0.0,5.0,0.6449628755448891
2654,12,train_0510,12586.581376677546,10667.968262460508,116.79682624605084,0.0,12703.378202923597,15.38,0.68,0.0,0.0,5.0,0.6449628755448891
2655,12,train_0339,12692.61149176173,10720.236031149887,122.0236031149887,0.0,12814.63509487672,16.36,0.64,0.0,0.0,5.0,0.6449628755448891
2656,13,train_0034,12203.594685786858,10481.997538713753,98.1997538713753,0.0,12301.794439658233,16.16,0.72,0.0,0.0,5.0,0.6449628755448891
2657,13,train_0162,11863.960169746324,9877.597373183256,37.75973731832564,0.0,11901.71990706465,17.2,0.54,0.0,0.0,5.0,0.6449628755448891
2658,13,train_0403,12397.788375668992,10717.217522246247,121.72175222462465,0.0,12519.510127893616,13.62,0.56,0.0,0.0,5.0,0.6449628755448891
2659,13,train_0096,12153.534974060942,10741.751038567621,124.17510385676215,0.0,12277.710077917704,18.36,0.62,0.0,0.0,5.0,0.6449628755448891
2660,13,train_0260,11971.975131655849,10328.936433581359,82.89364335813589,0.0,12054.868775013985,17.16,0.68,0.0,0.0,5.0,0.6449628755448891
2661,13,train_0464,12078.452450658338,10397.43646789261,89.74364678926105,0.0,12168.196097447599,16.78,0.78,0.0,0.0,5.0,0.6449628755448891
2662,13,train_0089,12732.508511368469,10585.28324916288,108.52832491628797,0.0,12841.036836284757,14.9,0.7,0.0,0.0,5.0,0.6449628755448891
2663,13,train_0297,12294.443899090445,10176.505230627972,67.65052306279722,0.0,12362.094422153243,13.9,0.58,0.0,0.0,5.0,0.6449628755448891
2664,13,train_0128,12195.72871963709,10027.511472344031,52.751147234403106,0.0,12248.479866871494,14.04,0.54,0.0,0.0,5.0,0.6449628755448891
2665,13,train_0321,12570.595852330247,10259.637216670722,75.96372166707225,0.0,12646.55957399732,16.76,0.76,0.0,0.0,5.0,0.6449628755448891
2666,13,train_0144,12457.147211347488,11327.507040573028,182.75070405730276,0.0,12639.897915404792,14.38,0.7,0.0,0.0,5.0,0.6449628755448891
2667,13,train_0579,12335.442487358236,10702.710134196563,120.27101341965627,0.0,12455.713500777892,16.08,0.56,0.0,0.0,5.0,0.6449628755448891
2668,13,train_0046,11912.980709159274,10293.08878934844,79.30887893484396,0.0,11992.289588094118,16.84,0.6,0.0,0.0,5.0,0.6449628755448891
2669,13,train_0578,12280.994790632658,10239.324666489374,73.9324666489374,0.0,12354.927257281595,16.04,0.64,0.0,0.0,5.0,0.6449628755448891
2670,13,train_0475,12153.501511902887,10449.66655106172,94.96665510617204,0.0,12248.46816700906,16.22,0.7,0.0,0.0,5.0,0.6449628755448891
2671,13,train_0513,12187.936500541886,10670.920850391116,117.0920850391116,0.0,12305.028585580998,17.28,0.54,0.0,0.0,5.0,0.6449628755448891
2672,13,train_0510,12639.798667322157,10616.880065580928,111.68800655809282,0.0,12751.48667388025,15.74,0.66,0.0,0.0,5.0,0.6449628755448891
2673,13,train_0112,12593.547729393104,10173.562538722734,67.35625387227337,0.0,12660.903983265376,18.46,0.54,0.0,0.0,5.0,0.6449628755448891
2674,13,train_0558,12523.819354310888,10818.031280186366,131.80312801863656,0.0,12655.622482329525,15.2,0.68,0.0,0.0,5.0,0.6449628755448891
2675,13,train_0356,12637.391113741942,10469.978539145179,96.99785391451788,0.0,12734.38896765646,16.02,0.56,0.0,0.0,5.0,0.6449628755448891
2676,13,train_0577,13054.801956994494,11017.811043063335,151.7811043063335,0.0,13206.583061300827,15.96,0.62,0.0,0.0,5.0,0.6449628755448891
2677,13,train_0526,12459.98388437712,10324.088229684556,82.40882296845558,0.0,12542.392707345574,16.94,0.62,0.0,0.0,5.0,0.6449628755448891
2678,13,train_0347,12190.477579933999,10597.494088390627,109.74940883906275,0.0,12300.226988773062,16.42,0.74,0.0,0.0,5.0,0.6449628755448891
2679,13,train_0224,12353.801711301325,10662.848652808643,116.28486528086432,0.0,12470.086576582189,14.24,0.68,0.0,0.0,5.0,0.6449628755448891
2680,13,train_0070,11909.096844732008,9857.6747150757,35.76747150757001,0.0,11944.864316239578,13.62,0.6,0.0,0.0,5.0,0.6449628755448891
2681,13,train_0060,12297.253355024144,10663.869252262699,116.3869252262699,0.0,12413.640280250414,15.78,0.56,0.0,0.0,5.0,0.6449628755448891
2682,13,train_0233,13008.233513743136,11062.786363994885,156.27863639948848,0.0,13164.512150142626,16.7,0.64,0.0,0.0,5.0,0.6449628755448891
2683,13,train_0486,12286.931743012057,10721.35785689155,122.13578568915491,0.0,12409.067528701213,14.68,0.62,0.0,0.0,5.0,0.6449628755448891
2684,13,train_0303,12144.179894150962,10156.43725975087,65.64372597508701,0.0,12209.82362012605,15.36,0.64,0.0,0.0,5.0,0.6449628755448891
2685,13,train_0289,12798.728801473404,10447.702235149312,94.77022351493125,0.0,12893.499024988336,16.96,0.62,0.0,0.0,5.0,0.6449628755448891
2686,13,train_0146,12375.64940547003,10611.582350940596,111.15823509405965,0.0,12486.80764056409,15.7,0.54,0.0,0.0,5.0,0.6449628755448891
2687,13,train_0338,11996.475601720816,10695.500533059396,119.55005330593958,0.0,12116.025655026757,14.86,0.64,0.0,0.0,5.0,0.6449628755448891
2688,13,train_0382,12630.126159182255,10757.111623868479,125.7111623868479,0.0,12755.837321569103,16.36,0.6,0.0,0.0,5.0,0.6449628755448891
2689,13,train_0589,12002.748197777999,10376.588552640053,87.65885526400525,0.0,12090.407053042005,17.1,0.54,0.0,0.0,5.0,0.6449628755448891
2690,13,train_0437,11593.5126746123,9560.691725448974,6.069172544897447,0.0,11599.581847157198,16.52,0.68,0.0,0.0,5.0,0.6449628755448891
2691,13,train_0364,12490.54087883911,10305.64408001426,80.5644080014261,0.0,12571.105286840537,18.04,0.7,0.0,0.0,5.0,0.6449628755448891
2692,13,train_0546,12348.180480743631,10528.82504212276,102.88250421227605,0.0,12451.062984955906,19.08,0.64,0.0,0.0,5.0,0.6449628755448891
2693,13,train_0254,12341.11278099176,10560.499973276928,106.04999732769284,0.0,12447.162778319453,17.6,0.68,0.0,0.0,5.0,0.6449628755448891
2694,13,train_0560,12260.309865078383,10585.564321181071,108.55643211810713,0.0,12368.86629719649,16.64,0.64,0.0,0.0,5.0,0.6449628755448891
2695,13,train_0221,12289.164437751248,10679.283422856028,117.92834228560278,0.0,12407.09278003685,16.48,0.6,0.0,0.0,5.0,0.6449628755448891
2696,13,train_0076,12204.917127363635,10369.171961101767,86.9171961101767,0.0,12291.834323473811,16.74,0.62,0.0,0.0,5.0,0.6449628755448891
2697,13,train_0250,12286.047920351655,10528.017658553385,102.80176585533846,0.0,12388.849686206993,15.44,0.64,0.0,0.0,5.0,0.6449628755448891
2698,13,train_0077,12299.049826544855,10128.42416258233,62.842416258233065,0.0,12361.892242803087,14.72,0.66,0.0,0.0,5.0,0.6449628755448891
2699,13,train_0071,12744.337418762416,10322.093121685077,82.20931216850768,0.0,12826.546730930924,15.32,0.7,0.0,0.0,5.0,0.6449628755448891
2700,13,train_0528,12725.947916889743,10329.001932875914,82.90019328759136,0.0,12808.848110177334,16.0,0.54,0.0,0.0,5.0,0.6449628755448891
2701,13,train_0476,12167.617412562504,10507.423755736798,100.7423755736798,0.0,12268.359788136184,16.6,0.52,0.0,0.0,5.0,0.6449628755448891
2702,13,train_0132,12004.805262780184,10379.163190217332,87.91631902173322,0.0,12092.721581801918,17.56,0.64,0.0,0.0,5.0,0.6449628755448891
2703,13,train_0502,12274.52811420834,10573.596240248102,107.35962402481019,0.0,12381.88773823315,14.96,0.72,0.0,0.0,5.0,0.6449628755448891
2704,13,train_0041,12226.620404878237,10461.184535871755,96.11845358717547,0.0,12322.738858465413,14.68,0.66,0.0,0.0,5.0,0.6449628755448891
2705,13,train_0170,12169.61417479228,10185.908392572015,68.59083925720152,0.0,12238.205014049481,17.84,0.66,0.0,0.0,5.0,0.6449628755448891
2706,13,train_0423,12243.460567919949,10199.696715435388,69.9696715435388,0.0,12313.430239463487,18.16,0.78,0.0,0.0,5.0,0.6449628755448891
2707,13,train_0182,12786.143644078546,10557.726274380202,105.77262743802021,0.0,12891.916271516566,15.56,0.6,0.0,0.0,5.0,0.6449628755448891
2708,13,train_0438,12115.015189946902,10717.682354288172,121.7682354288172,0.0,12236.78342537572,17.2,0.62,0.0,0.0,5.0,0.6449628755448891
2709,13,train_0524,11511.912329899817,10188.269962259801,68.82699622598011,0.0,11580.739326125797,16.16,0.6,0.0,0.0,5.0,0.6449628755448891
2710,13,train_0039,12517.582716406447,10588.58999957717,108.85899995771706,0.0,12626.441716364163,17.36,0.64,0.0,0.0,5.0,0.6449628755448891
2711,13,train_0014,12176.83377886497,10815.011165368684,131.50111653686835,0.0,12308.334895401838,17.72,0.68,0.0,0.0,5.0,0.6449628755448891
2712,13,train_0564,12371.896642361913,10404.529968721676,90.45299687216757,0.0,12462.34963923408,17.66,0.76,0.0,0.0,5.0,0.6449628755448891
2713,13,train_0312,11952.362864983505,10254.357231221293,75.43572312212927,0.0,12027.798588105634,15.88,0.68,0.0,0.0,5.0,0.6449628755448891
2714,13,train_0303,12487.139352190545,9884.904623697072,38.49046236970717,0.0,12525.629814560252,16.34,0.64,0.0,0.0,5.0,0.6449628755448891
2715,13,train_0278,12181.65170872389,10492.454138563979,99.24541385639787,0.0,12280.897122580287,15.92,0.7,0.0,0.0,5.0,0.6449628755448891
2716,13,train_0260,11972.538425572966,10400.210700710348,90.02107007103479,0.0,12062.559495644,17.56,0.7,0.0,0.0,5.0,0.6449628755448891
2717,13,train_0414,12265.095475828522,10202.084963723715,70.20849637237153,0.0,12335.303972200894,15.62,0.72,0.0,0.0,5.0,0.6449628755448891
2718,13,train_0347,12359.147757673636,10506.869393750476,100.68693937504759,0.0,12459.834697048684,16.3,0.76,0.0,0.0,5.0,0.6449628755448891
2719,13,train_0098,12227.210280906984,10371.458337817734,87.1458337817734,0.0,12314.356114688757,14.14,0.72,0.0,0.0,5.0,0.6449628755448891
2720,13,train_0375,12321.867615560135,10282.785741430758,78.27857414307583,0.0,12400.146189703211,15.16,0.6,0.0,0.0,5.0,0.6449628755448891
2721,13,train_0400,12829.542252330797,10940.959346941429,144.09593469414287,0.0,12973.63818702494,14.96,0.64,0.0,0.0,5.0,0.6449628755448891
2722,13,train_0068,12631.422786932304,10733.996475034946,123.39964750349463,0.0,12754.822434435799,15.36,0.74,0.0,0.0,5.0,0.6449628755448891
2723,13,train_0226,11815.88227209276,10104.132873345561,60.41328733455612,0.0,11876.295559427315,16.12,0.52,0.0,0.0,5.0,0.6449628755448891
2724,13,train_0474,12294.476098917605,10541.244037437697,104.12440374376966,0.0,12398.600502661375,15.48,0.54,0.0,0.0,5.0,0.6449628755448891
2725,13,train_0371,12263.471929210435,10258.095304697079,75.8095304697079,0.0,12339.281459680142,15.18,0.7,0.0,0.0,5.0,0.6449628755448891
2726,13,train_0081,12056.173646007948,10344.218858129463,84.42188581294631,0.0,12140.595531820894,16.56,0.64,0.0,0.0,5.0,0.6449628755448891
2727,13,train_0024,11791.773381895342,10267.866115302611,76.78661153026114,0.0,11868.559993425602,16.88,0.68,0.0,0.0,5.0,0.6449628755448891
2728,13,train_0348,12340.055123387,10619.42954620474,111.94295462047394,0.0,12451.998078007473,15.46,0.68,0.0,0.0,5.0,0.6449628755448891
2729,13,train_0277,12050.411593954144,10670.048731582312,117.0048731582312,0.0,12167.416467112376,15.42,0.7,0.0,0.0,5.0,0.6449628755448891
2730,13,train_0576,12286.847689652219,10304.544785354334,80.45447853543338,0.0,12367.302168187653,15.36,0.6,0.0,0.0,5.0,0.6449628755448891
2731,13,train_0313,12332.676819859023,10808.585331079019,130.8585331079019,0.0,12463.535352966925,15.7,0.66,0.0,0.0,5.0,0.6449628755448891
2732,13,train_0558,13217.656183369802,10402.030217973574,90.20302179735737,0.0,13307.859205167159,15.28,0.6,0.0,0.0,5.0,0.6449628755448891
2733,13,train_0128,12377.80395550383,10072.689153906776,57.26891539067765,0.0,12435.072870894508,15.32,0.76,0.0,0.0,5.0,0.6449628755448891
2734,13,train_0268,12464.190193998667,10489.107099200444,98.91070992004444,0.0,12563.100903918712,14.42,0.64,0.0,0.0,5.0,0.6449628755448891
2735,13,train_0083,12265.863265722292,10236.78930826172,73.67893082617194,0.0,12339.542196548464,15.18,0.66,0.0,0.0,5.0,0.6449628755448891
2736,13,train_0344,12128.75110618712,10517.386582274972,101.73865822749723,0.0,12230.489764414617,15.1,0.6,0.0,0.0,5.0,0.6449628755448891
2737,13,train_0113,12295.08530287127,10305.186931801069,80.51869318010687,0.0,12375.603996051377,17.16,0.62,0.0,0.0,5.0,0.6449628755448891
2738,13,train_0295,12296.792020838035,10296.063623570008,79.60636235700076,0.0,12376.398383195035,17.52,0.7,0.0,0.0,5.0,0.6449628755448891
2739,13,train_0206,12712.58057136937,10727.01858709642,122.70185870964197,0.0,12835.282430079013,15.24,0.6,0.0,0.0,5.0,0.6449628755448891
2740,13,train_0111,12041.62073137756,10480.690136396257,98.06901363962571,0.0,12139.689745017185,14.96,0.64,0.0,0.0,5.0,0.6449628755448891
2741,13,train_0058,11871.746090682338,10133.885998770045,63.38859987700453,0.0,11935.134690559342,13.8,0.66,0.0,0.0,5.0,0.6449628755448891
2742,13,train_0307,12342.962029375372,10152.66381263776,65.26638126377603,0.0,12408.228410639149,16.92,0.58,0.0,0.0,5.0,0.6449628755448891
2743,13,train_0568,12120.594545259128,11170.942992020657,167.09429920206568,0.0,12287.688844461194,16.0,0.72,0.0,0.0,5.0,0.6449628755448891
2744,13,train_0119,12110.958014291908,10337.361930235726,83.73619302357257,0.0,12194.69420731548,16.54,0.5,0.0,0.0,5.0,0.6449628755448891
2745,13,train_0242,12691.402677333135,10912.34393385971,141.2343933859711,0.0,12832.637070719105,15.22,0.66,0.0,0.0,5.0,0.6449628755448891
2746,13,train_0134,12281.01179210395,10716.309346723092,121.6309346723092,0.0,12402.64272677626,14.0,0.66,0.0,0.0,5.0,0.6449628755448891
2747,13,train_0485,12009.517238906185,10306.5508680362,80.65508680362001,0.0,12090.172325709804,17.2,0.6,0.0,0.0,5.0,0.6449628755448891
2748,13,train_0248,12321.79572581313,10629.404879094403,112.94048790944035,0.0,12434.73621372257,14.52,0.7,0.0,0.0,5.0,0.6449628755448891
2749,13,train_0584,12011.572691109846,10341.068920101661,84.10689201016612,0.0,12095.679583120012,13.94,0.7,0.0,0.0,5.0,0.6449628755448891
2750,13,train_0147,12543.481447815402,10835.819314856455,133.58193148564553,0.0,12677.063379301047,16.5,0.76,0.0,0.0,5.0,0.6449628755448891
2751,13,train_0048,12361.321423078009,10696.581669571071,119.6581669571071,0.0,12480.979590035116,15.5,0.58,0.0,0.0,5.0,0.6449628755448891
2752,13,train_0349,12173.236980969757,10148.589442492845,64.85894424928448,0.0,12238.095925219042,16.68,0.62,0.0,0.0,5.0,0.6449628755448891
2753,13,train_0391,12169.880078300044,10513.270194658417,101.32701946584166,0.0,12271.207097765886,15.34,0.7,0.0,0.0,5.0,0.6449628755448891
2754,13,train_0594,12081.265336854158,10322.07373662533,82.20737366253307,0.0,12163.472710516691,16.1,0.6,0.0,0.0,5.0,0.6449628755448891
2755,13,train_0522,12866.858912537846,10365.90633529929,86.59063352992908,0.0,12953.449546067775,16.72,0.62,0.0,0.0,5.0,0.6449628755448891
2756,13,train_0530,12482.790023917018,11068.39826941945,156.83982694194492,0.0,12639.629850858963,16.4,0.54,0.0,0.0,5.0,0.6449628755448891
2757,13,train_0380,12025.756495062284,10338.69390946206,83.86939094620594,0.0,12109.625886008489,18.02,0.62,0.0,0.0,5.0,0.6449628755448891
2758,13,train_0215,12441.377258973964,11077.162346251602,157.71623462516018,0.0,12599.093493599124,16.46,0.74,0.0,0.0,5.0,0.6449628755448891
2759,13,train_0257,12439.765092103156,10558.155288407348,105.81552884073481,0.0,12545.58062094389,14.6,0.54,0.0,0.0,5.0,0.6449628755448891
2760,13,train_0080,12529.487520347702,10525.044502496668,102.50445024966685,0.0,12631.99197059737,15.24,0.64,0.0,0.0,5.0,0.6449628755448891
2761,13,train_0258,12862.554125980128,10539.37366558256,103.93736655825597,0.0,12966.491492538384,15.46,0.68,0.0,0.0,5.0,0.6449628755448891
2762,13,train_0218,12501.822647122044,10630.26707823253,113.02670782325295,0.0,12614.849354945298,16.42,0.54,0.0,0.0,5.0,0.6449628755448891
2763,13,train_0021,12611.764145669411,11167.750533896568,166.77505338965676,0.0,12778.539199059067,16.48,0.66,0.0,0.0,5.0,0.6449628755448891
2764,13,train_0122,12082.615898830914,10282.062592275226,78.20625922752261,0.0,12160.822158058438,15.34,0.64,0.0,0.0,5.0,0.6449628755448891
2765,13,train_0320,12393.100961006206,10573.1103949293,107.31103949292992,0.0,12500.412000499136,15.56,0.7,0.0,0.0,5.0,0.6449628755448891
2766,13,train_0221,12162.452785942649,10843.847540560058,134.38475405600585,0.0,12296.837539998654,16.64,0.66,0.0,0.0,5.0,0.6449628755448891
2767,13,train_0596,11921.208375566439,10405.539664480695,90.55396644806952,0.0,12011.762342014508,16.96,0.56,0.0,0.0,5.0,0.6449628755448891
2768,13,train_0287,12399.956333282824,10440.68117365752,94.06811736575202,0.0,12494.024450648576,17.62,0.66,0.0,0.0,5.0,0.6449628755448891
2769,13,train_0575,12444.990884207275,10996.170648719855,149.61706487198555,0.0,12594.60794907926,16.78,0.6,0.0,0.0,5.0,0.6449628755448891
2770,13,train_0396,12229.26290926282,10716.084658250016,121.60846582500163,0.0,12350.871375087821,13.96,0.78,0.0,0.0,5.0,0.6449628755448891
2771,13,train_0024,12026.473118172686,10161.60274797225,66.16027479722507,0.0,12092.63339296991,17.14,0.64,0.0,0.0,5.0,0.6449628755448891
2772,13,train_0122,12152.012322820012,10406.62066496097,90.66206649609704,0.0,12242.67438931611,15.3,0.76,0.0,0.0,5.0,0.6449628755448891
2773,13,train_0423,12174.528892991999,10133.265093835771,63.326509383577104,0.0,12237.855402375575,16.58,0.76,0.0,0.0,5.0,0.6449628755448891
2774,13,train_0327,12309.352982005501,10914.924172163694,141.49241721636938,0.0,12450.845399221871,16.92,0.78,0.0,0.0,5.0,0.6449628755448891
2775,13,train_0181,11379.631677302925,9890.317048212193,39.03170482121932,0.0,11418.663382124145,16.66,0.64,0.0,0.0,5.0,0.6449628755448891
2776,13,train_0313,12455.120818247598,10537.713012821661,103.77130128216614,0.0,12558.892119529764,15.62,0.38,0.0,0.0,5.0,0.6449628755448891
2777,13,train_0541,12743.609766500304,10542.281004719587,104.22810047195873,0.0,12847.837866972262,17.04,0.68,0.0,0.0,5.0,0.6449628755448891
2778,13,train_0233,12819.257745689461,10948.552421286047,144.85524212860474,0.0,12964.112987818065,15.76,0.64,0.0,0.0,5.0,0.6449628755448891
2779,13,train_0027,12139.164762751361,10776.025132948736,127.60251329487365,0.0,12266.767276046236,13.86,0.8,0.0,0.0,5.0,0.6449628755448891
2780,13,train_0186,12373.496943521855,10454.592690575422,95.45926905754223,0.0,12468.956212579398,14.78,0.66,0.0,0.0,5.0,0.6449628755448891
2781,13,train_0561,12485.219842341778,10519.927574012207,101.99275740122067,0.0,12587.212599742998,17.36,0.58,0.0,0.0,5.0,0.6449628755448891
2782,13,train_0457,12390.711754423017,10810.678792114053,131.0678792114053,0.0,12521.779633634422,15.14,0.54,0.0,0.0,5.0,0.6449628755448891
2783,13,train_0502,12663.576707713059,10566.763977359606,106.67639773596056,0.0,12770.25310544902,16.04,0.76,0.0,0.0,5.0,0.6449628755448891
2784,13,train_0546,12512.002971235575,10426.167398633319,92.6167398633319,0.0,12604.619711098907,19.06,0.6,0.0,0.0,5.0,0.6449628755448891
2785,13,train_0070,11811.33450131987,9830.018997367319,33.001899736731865,0.0,11844.336401056602,13.6,0.62,0.0,0.0,5.0,0.6449628755448891
2786,13,train_0169,11968.82575488657,10004.65075948162,50.46507594816194,0.0,12019.290830834732,15.92,0.48,0.0,0.0,5.0,0.6449628755448891
2787,13,train_0035,13008.160230229198,10878.619000447872,137.86190004478723,0.0,13146.022130273985,16.74,0.56,0.0,0.0,5.0,0.6449628755448891
2788,13,train_0002,12642.786727120741,9952.843505043795,45.284350504379475,0.0,12688.071077625122,13.64,0.62,0.0,0.0,5.0,0.6449628755448891
2789,13,train_0500,12006.351882610837,10377.271096416956,87.72710964169565,0.0,12094.078992252533,15.52,0.56,0.0,0.0,5.0,0.6449628755448891
2790,13,train_0562,12233.386510445074,10640.097765259772,114.00977652597722,0.0,12347.396286971052,15.92,0.6,0.0,0.0,5.0,0.6449628755448891
2791,13,train_0093,11946.317331571134,10294.231846647934,79.42318466479338,0.0,12025.740516235926,18.92,0.66,0.0,0.0,5.0,0.6449628755448891
2792,13,train_0433,12094.895874276526,10503.090264166263,100.30902641662634,0.0,12195.204900693152,15.04,0.66,0.0,0.0,5.0,0.6449628755448891
2793,13,train_0320,12679.03889466682,10507.700267210508,100.77002672105083,0.0,12779.808921387872,14.92,0.64,0.0,0.0,5.0,0.6449628755448891
2794,13,train_0041,12107.508383029679,10711.365288103774,121.13652881037743,0.0,12228.644911840056,14.56,0.48,0.0,0.0,5.0,0.6449628755448891
2795,13,train_0549,12267.543624789125,10588.616982669868,108.86169826698679,0.0,12376.405323056111,16.3,0.72,0.0,0.0,5.0,0.6449628755448891
2796,13,train_0522,12557.588082335484,10703.791420354431,120.37914203544315,0.0,12677.967224370926,16.68,0.7,0.0,0.0,5.0,0.6449628755448891
2797,13,train_0340,12265.718176318363,10391.074279258111,89.10742792581114,0.0,12354.825604244175,16.84,0.56,0.0,0.0,5.0,0.6449628755448891
2798,13,train_0424,12548.607015450409,10717.902886825083,121.79028868250826,0.0,12670.397304132917,17.82,0.66,0.0,0.0,5.0,0.6449628755448891
2799,13,train_0238,12085.97636945351,10506.09272154916,100.60927215491593,0.0,12186.585641608426,15.82,0.72,0.0,0.0,5.0,0.6449628755448891
2800,13,train_0475,12143.256553453499,10668.486658504391,116.8486658504391,0.0,12260.105219303938,16.12,0.7,0.0,0.0,5.0,0.6449628755448891
2801,13,train_0267,12193.047211774025,10316.693064829267,81.66930648292674,0.0,12274.716518256952,14.98,0.54,0.0,0.0,5.0,0.6449628755448891
2802,13,train_0593,12213.31888370871,10431.851733378167,93.18517333781675,0.0,12306.504057046526,14.68,0.66,0.0,0.0,5.0,0.6449628755448891
2803,13,train_0037,13035.267730799398,10813.004530538255,131.30045305382555,0.0,13166.568183853224,16.82,0.7,0.0,0.0,5.0,0.6449628755448891
2804,13,train_0103,11954.091814317648,10249.063688129601,74.90636881296014,0.0,12028.998183130609,15.8,0.62,0.0,0.0,5.0,0.6449628755448891
2805,13,train_0581,12035.52806503318,10289.495623170937,78.94956231709367,0.0,12114.477627350274,17.0,0.62,0.0,0.0,5.0,0.6449628755448891
2806,13,train_0173,12572.1284406093,10466.181842380553,96.61818423805526,0.0,12668.746624847356,18.08,0.72,0.0,0.0,5.0,0.6449628755448891
2807,13,train_0186,12327.76034772882,10424.055036680182,92.40550366801818,0.0,12420.165851396838,13.66,0.6,0.0,0.0,5.0,0.6449628755448891
2808,13,train_0474,12513.309738261532,10417.667352413893,91.76673524138933,0.0,12605.076473502922,14.92,0.66,0.0,0.0,5.0,0.6449628755448891
2809,13,train_0113,12076.124350749025,10688.487032581388,118.84870325813881,0.0,12194.973054007165,17.4,0.62,0.0,0.0,5.0,0.6449628755448891
2810,13,train_0308,12421.862480527718,10091.956115277448,59.195611527744774,0.0,12481.058092055462,15.28,0.58,0.0,0.0,5.0,0.6449628755448891
2811,13,train_0171,12877.366218458688,10776.9875523983,127.69875523982992,0.0,13005.064973698518,17.28,0.62,0.0,0.0,5.0,0.6449628755448891
2812,13,train_0118,12195.909606368612,10618.282604584976,111.82826045849761,0.0,12307.73786682711,15.5,0.5,0.0,0.0,5.0,0.6449628755448891
2813,13,train_0578,12202.097943004279,10491.253404017061,99.12534040170613,0.0,12301.223283405985,17.38,0.58,0.0,0.0,5.0,0.6449628755448891
2814,13,train_0119,12293.112674105047,10160.624848813413,66.06248488134133,0.0,12359.175158986389,16.14,0.54,0.0,0.0,5.0,0.6449628755448891
2815,13,train_0056,11512.218487568363,10248.038294354821,74.80382943548211,0.0,11587.022317003846,18.92,0.64,0.0,0.0,5.0,0.6449628755448891
2816,13,train_0404,12908.40757997119,11092.352996337424,159.23529963374241,0.0,13067.642879604933,15.3,0.76,0.0,0.0,5.0,0.6449628755448891
2817,13,train_0520,11804.796599301077,10123.29910835452,62.32991083545203,0.0,11867.126510136528,16.82,0.58,0.0,0.0,5.0,0.6449628755448891
2818,13,train_0076,12084.240386109308,10376.44687716765,87.64468771676493,0.0,12171.885073826073,15.84,0.6,0.0,0.0,5.0,0.6449628755448891
2819,13,train_0424,12373.845008120396,10824.364660621537,132.4364660621537,0.0,12506.28147418255,18.3,0.64,0.0,0.0,5.0,0.6449628755448891
2820,13,train_0324,12092.2861745634,10558.340837873373,105.8340837873373,0.0,12198.120258350737,14.54,0.68,0.0,0.0,5.0,0.6449628755448891
2821,13,train_0498,12472.352727226122,10337.326643508837,83.73266435088372,0.0,12556.085391577006,16.16,0.6,0.0,0.0,5.0,0.6449628755448891
2822,13,train_0076,12307.504717181278,10395.438770361217,89.54387703612174,0.0,12397.0485942174,17.12,0.6,0.0,0.0,5.0,0.6449628755448891
2823,13,train_0585,12574.791003159273,10562.425270972934,106.24252709729336,0.0,12681.033530256565,13.7,0.72,0.0,0.0,5.0,0.6449628755448891
2824,13,train_0371,12417.648844070722,10157.332932122405,65.73329321224047,0.0,12483.382137282963,15.34,0.7,0.0,0.0,5.0,0.6449628755448891
2825,13,train_0505,12503.601163569048,10548.112798423594,104.81127984235937,0.0,12608.412443411407,18.08,0.74,0.0,0.0,5.0,0.6449628755448891
2826,13,train_0217,12567.834501422334,10393.101024035357,89.31010240353572,0.0,12657.14460382587,16.94,0.72,0.0,0.0,5.0,0.6449628755448891
2827,13,train_0566,12152.108543759528,10090.431067911442,59.04310679114424,0.0,12211.151650550673,14.42,0.66,0.0,0.0,5.0,0.6449628755448891
2828,13,train_0375,12199.31503291116,10780.556842106476,128.05568421064763,0.0,12327.370717121807,16.26,0.64,0.0,0.0,5.0,0.6449628755448891
2829,13,train_0076,12184.571403215492,10559.544267368034,105.95442673680337,0.0,12290.525829952296,16.5,0.62,0.0,0.0,5.0,0.6449628755448891
2830,13,train_0553,11545.775860258642,10104.077842982588,60.407784298258775,0.0,11606.1836445569,15.38,0.76,0.0,0.0,5.0,0.6449628755448891
2831,13,train_0477,12200.053249006938,9925.29389151567,42.52938915156702,0.0,12242.582638158505,14.94,0.6,0.0,0.0,5.0,0.6449628755448891
2832,13,train_0180,12428.257840767852,10609.205926297645,110.92059262976454,0.0,12539.178433397617,17.74,0.8,0.0,0.0,5.0,0.6449628755448891
2833,13,train_0327,12768.858760273048,10286.612425917574,78.6612425917574,0.0,12847.520002864805,16.74,0.52,0.0,0.0,5.0,0.6449628755448891
2834,13,train_0232,12360.750535689582,10610.229459778573,111.02294597785732,0.0,12471.773481667438,16.3,0.68,0.0,0.0,5.0,0.6449628755448891
2835,13,train_0326,12198.137574733664,9976.776082970582,47.677608297058214,0.0,12245.815183030722,15.96,0.66,0.0,0.0,5.0,0.6449628755448891
2836,13,train_0579,12489.377169222033,10415.896598969986,91.58965989699864,0.0,12580.966829119032,16.52,0.6,0.0,0.0,5.0,0.6449628755448891
2837,13,train_0539,12326.624867579809,10408.053992808822,90.8053992808822,0.0,12417.43026686069,14.48,0.76,0.0,0.0,5.0,0.6449628755448891
2838,13,train_0129,12710.552362589522,10937.379901956163,143.7379901956163,0.0,12854.290352785138,15.5,0.72,0.0,0.0,5.0,0.6449628755448891
2839,13,train_0583,12203.440782871734,10616.99529741385,111.69952974138505,0.0,12315.140312613119,15.04,0.56,0.0,0.0,5.0,0.6449628755448891
2840,13,train_0262,12340.528732351362,10727.619086351977,122.7619086351977,0.0,12463.290640986559,15.86,0.68,0.0,0.0,5.0,0.6449628755448891
2841,13,train_0422,12452.797963174773,10562.461111569444,106.24611115694444,0.0,12559.044074331718,16.1,0.6,0.0,0.0,5.0,0.6449628755448891
2842,13,train_0458,12391.169419562299,10777.290346443391,127.72903464433912,0.0,12518.898454206637,14.46,0.62,0.0,0.0,5.0,0.6449628755448891
2843,13,train_0289,12586.286718453084,10550.6055929266,105.06055929266005,0.0,12691.347277745745,16.64,0.74,0.0,0.0,5.0,0.6449628755448891
2844,13,train_0273,12270.961461920768,10676.549165314365,117.65491653143654,0.0,12388.616378452205,17.1,0.72,0.0,0.0,5.0,0.6449628755448891
2845,13,train_0273,12595.172967793686,10494.862738492708,99.48627384927077,0.0,12694.659241642956,17.54,0.64,0.0,0.0,5.0,0.6449628755448891
2846,13,train_0517,12426.828145821606,10622.52314656306,112.25231465630605,0.0,12539.080460477911,16.94,0.68,0.0,0.0,5.0,0.6449628755448891
2847,13,train_0231,12416.034299546809,10480.237573600383,98.02375736003833,0.0,12514.058056906848,15.72,0.58,0.0,0.0,5.0,0.6449628755448891
2848,13,train_0167,11854.71343774963,10562.938599805546,106.2938599805546,0.0,11961.007297730184,14.4,0.64,0.0,0.0,5.0,0.6449628755448891
2849,13,train_0216,12092.934381934083,10451.756022938049,95.17560229380489,0.0,12188.109984227887,18.24,0.66,0.0,0.0,5.0,0.6449628755448891
2850,13,train_0116,12132.561016170657,10359.440727967556,85.94407279675562,0.0,12218.505088967413,16.76,0.7,0.0,0.0,5.0,0.6449628755448891
2851,13,train_0234,12210.18799901627,10338.135327495056,83.81353274950561,0.0,12294.001531765776,16.22,0.62,0.0,0.0,5.0,0.6449628755448891
2852,13,train_0068,12312.705866904638,10472.763983543062,97.2763983543062,0.0,12409.982265258945,14.68,0.6,0.0,0.0,5.0,0.6449628755448891
2853,13,train_0053,12444.913701055204,10373.60097710686,87.36009771068603,0.0,12532.27379876589,16.76,0.68,0.0,0.0,5.0,0.6449628755448891
2854,13,train_0434,12439.935870674912,10601.537695345993,110.15376953459928,0.0,12550.089640209511,14.9,0.66,0.0,0.0,5.0,0.6449628755448891
2855,13,train_0046,11964.107325712408,10195.881295042727,69.58812950427273,0.0,12033.69545521668,18.82,0.68,0.0,0.0,5.0,0.6449628755448891
2856,13,train_0340,12524.360536251703,10172.804104383646,67.28041043836457,0.0,12591.640946690068,16.04,0.62,0.0,0.0,5.0,0.6449628755448891
2857,13,train_0467,12553.945390308123,11065.617771888587,156.56177718885866,0.0,12710.507167496982,16.04,0.6,0.0,0.0,5.0,0.6449628755448891
2858,13,train_0434,12709.505002576258,11001.005409664833,150.1005409664833,0.0,12859.60554354274,15.28,0.62,0.0,0.0,5.0,0.6449628755448891
2859,13,train_0267,12393.051612186951,10295.729616458535,79.57296164585351,0.0,12472.624573832805,16.92,0.62,0.0,0.0,5.0,0.6449628755448891
2860,13,train_0116,12362.978590878,10391.76707244907,89.17670724490709,0.0,12452.155298122907,16.68,0.68,0.0,0.0,5.0,0.6449628755448891
2861,13,train_0558,12724.01882371391,10610.86193493698,111.08619349369802,0.0,12835.105017207608,16.44,0.58,0.0,0.0,5.0,0.6449628755448891
2862,13,train_0501,12395.322909342172,10574.259638798998,107.4259638798998,0.0,12502.748873222072,18.72,0.54,0.0,0.0,5.0,0.6449628755448891
2863,13,train_0367,12281.909705728995,10261.591566482837,76.15915664828371,0.0,12358.068862377278,13.88,0.78,0.0,0.0,5.0,0.6449628755448891
2864,14,train_0052,12686.616972656999,10691.83340286008,119.18334028600803,0.0,12805.800312943007,15.74,0.66,0.0,0.0,5.0,0.6449628755448891
2865,14,train_0021,12388.238726800138,10679.376681313002,117.93766813130024,0.0,12506.176394931439,17.6,0.62,0.0,0.0,5.0,0.6449628755448891
2866,14,train_0189,12262.010243150162,10561.38616719173,106.13861671917294,0.0,12368.148859869334,16.08,0.78,0.0,0.0,5.0,0.6449628755448891
2867,14,train_0094,11944.464464106746,10162.47652713034,66.24765271303404,0.0,12010.712116819781,16.62,0.6,0.0,0.0,5.0,0.6449628755448891
2868,14,train_0516,12677.948526672692,10545.786887419803,104.5786887419803,0.0,12782.527215414671,14.6,0.64,0.0,0.0,5.0,0.6449628755448891
2869,14,train_0123,12200.780277061416,10545.80087473895,104.58008747389505,0.0,12305.36036453531,15.62,0.52,0.0,0.0,5.0,0.6449628755448891
2870,14,train_0169,12079.040755315886,10331.20623385135,83.12062338513498,0.0,12162.161378701021,16.52,0.52,0.0,0.0,5.0,0.6449628755448891
2871,14,train_0585,12493.674490620406,10465.596845684442,96.55968456844421,0.0,12590.23417518885,13.62,0.62,0.0,0.0,5.0,0.6449628755448891
2872,14,train_0490,12136.496853097973,10339.18077926827,83.91807792682704,0.0,12220.4149310248,15.4,0.64,0.0,0.0,5.0,0.6449628755448891
2873,14,train_0131,13057.391815790306,10545.716359172739,104.57163591727385,0.0,13161.96345170758,17.28,0.6,0.0,0.0,5.0,0.6449628755448891
2874,14,train_0230,12381.143913319756,10224.638792385485,72.46387923854854,0.0,12453.607792558305,14.68,0.76,0.0,0.0,5.0,0.6449628755448891
2875,14,train_0309,12455.339813051283,10797.497694596383,129.74976945963826,0.0,12585.089582510922,14.52,0.64,0.0,0.0,5.0,0.6449628755448891
2876,14,train_0398,11928.355644249381,10317.345802034357,81.7345802034357,0.0,12010.090224452817,14.72,0.66,0.0,0.0,5.0,0.6449628755448891
2877,14,train_0561,12398.48649869845,10632.321018985795,113.23210189857946,0.0,12511.718600597029,18.1,0.72,0.0,0.0,5.0,0.6449628755448891
2878,14,train_0522,12983.756320775152,10300.852243939707,80.08522439397075,0.0,13063.841545169122,17.18,0.66,0.0,0.0,5.0,0.6449628755448891
2879,14,train_0586,12288.053326450025,10586.821982632777,108.68219826327768,0.0,12396.735524713302,16.02,0.7,0.0,0.0,5.0,0.6449628755448891
2880,14,train_0024,11859.17946898871,10190.018602914624,69.00186029146244,0.0,11928.181329280173,16.64,0.6,0.0,0.0,5.0,0.6449628755448891
2881,14,train_0141,12364.109955678545,10980.159887234553,148.0159887234553,0.0,12512.125944402,12.82,0.6,0.0,0.0,5.0,0.6449628755448891
2882,14,train_0337,11936.794663215871,10088.698545586987,58.86985455869872,0.0,11995.66451777457,17.2,0.66,0.0,0.0,5.0,0.6449628755448891
2883,14,train_0029,12488.371775240623,10232.377176420712,73.23771764207122,0.0,12561.609492882693,16.56,0.76,0.0,0.0,5.0,0.6449628755448891
2884,14,train_0213,12235.231946896285,10299.560307382759,79.95603073827589,0.0,12315.187977634561,17.08,0.68,0.0,0.0,5.0,0.6449628755448891
2885,14,train_0092,12527.490172197458,10456.333349512712,95.63333495127118,0.0,12623.12350714873,15.58,0.82,0.0,0.0,5.0,0.6449628755448891
2886,14,train_0559,12255.987879387922,10594.577281733888,109.45772817338876,0.0,12365.44560756131,19.22,0.68,0.0,0.0,5.0,0.6449628755448891
2887,14,train_0037,12718.17496329433,11043.61428013246,154.36142801324604,0.0,12872.536391307576,16.66,0.46,0.0,0.0,5.0,0.6449628755448891
2888,14,train_0089,12479.788271961288,10741.722556180088,124.17225561800879,0.0,12603.960527579296,15.96,0.68,0.0,0.0,5.0,0.6449628755448891
2889,14,train_0117,12093.022505904783,10037.257467972324,53.72574679723239,0.0,12146.748252702015,16.7,0.62,0.0,0.0,5.0,0.6449628755448891
2890,14,train_0089,12606.551048542422,10720.458322370583,122.04583223705832,0.0,12728.59688077948,16.78,0.52,0.0,0.0,5.0,0.6449628755448891
2891,14,train_0341,12205.6966577801,10599.588281846372,109.95882818463724,0.0,12315.655485964737,16.86,0.64,0.0,0.0,5.0,0.6449628755448891
2892,14,train_0218,12776.462498763158,10268.090559358276,76.80905593582757,0.0,12853.271554698986,16.7,0.56,0.0,0.0,5.0,0.6449628755448891
2893,14,train_0547,12639.067045165906,10686.020342966214,118.60203429662143,0.0,12757.669079462528,17.68,0.76,0.0,0.0,5.0,0.6449628755448891
2894,14,train_0156,12354.616885479973,10815.584939665285,131.5584939665285,0.0,12486.1753794465,15.98,0.54,0.0,0.0,5.0,0.6449628755448891
2895,14,train_0322,12264.51997828695,10382.978795657837,88.29787956578366,0.0,12352.817857852733,16.54,0.62,0.0,0.0,5.0,0.6449628755448891
2896,14,train_0396,12458.863493327492,10376.306715064353,87.63067150643529,0.0,12546.494164833926,14.28,0.56,0.0,0.0,5.0,0.6449628755448891
2897,14,train_0375,12599.58945555082,10248.702539305328,74.87025393053283,0.0,12674.459709481353,15.04,0.68,0.0,0.0,5.0,0.6449628755448891
2898,14,train_0477,11942.20798017429,10356.512959105024,85.65129591050245,0.0,12027.859276084791,13.62,0.62,0.0,0.0,5.0,0.6449628755448891
2899,14,train_0121,12148.009449931764,10426.770127245853,92.67701272458527,0.0,12240.68646265635,14.46,0.74,0.0,0.0,5.0,0.6449628755448891
2900,14,train_0304,12825.568386458632,10878.243203690097,137.82432036900974,0.0,12963.39270682764,16.06,0.78,0.0,0.0,5.0,0.6449628755448891
2901,14,train_0480,12216.977711955384,10813.655648772317,131.36556487723175,0.0,12348.343276832615,14.3,0.68,0.0,0.0,5.0,0.6449628755448891
2902,14,train_0517,12279.682804749076,10762.327247929401,126.2327247929401,0.0,12405.915529542017,16.68,0.76,0.0,0.0,5.0,0.6449628755448891
2903,14,train_0370,12228.935584721821,10700.767986608018,120.0767986608018,0.0,12349.012383382624,15.68,0.68,0.0,0.0,5.0,0.6449628755448891
2904,14,train_0391,12500.367929663664,10287.263344198007,78.72633441980071,0.0,12579.094264083464,14.68,0.62,0.0,0.0,5.0,0.6449628755448891
2905,14,train_0518,12591.455273183514,10479.948258161694,97.9948258161694,0.0,12689.450098999683,14.74,0.6,0.0,0.0,5.0,0.6449628755448891
2906,14,train_0374,12458.953038237163,10644.659131798959,114.46591317989588,0.0,12573.41895141706,15.82,0.76,0.0,0.0,5.0,0.6449628755448891
2907,14,train_0569,12069.685661125204,10361.081233911313,86.10812339113127,0.0,12155.793784516336,15.78,0.68,0.0,0.0,5.0,0.6449628755448891
2908,14,train_0076,12299.831399439332,10427.222252554233,92.7222252554233,0.0,12392.553624694756,16.48,0.66,0.0,0.0,5.0,0.6449628755448891
2909,14,train_0208,12190.718634189132,10350.92968184163,85.09296818416297,0.0,12275.811602373295,14.8,0.74,0.0,0.0,5.0,0.6449628755448891
2910,14,train_0067,11962.844149885655,10076.592062962918,57.65920629629181,0.0,12020.503356181947,17.4,0.68,0.0,0.0,5.0,0.6449628755448891
2911,14,train_0054,12135.747355108231,10729.375262508027,122.9375262508027,0.0,12258.684881359033,15.92,0.68,0.0,0.0,5.0,0.6449628755448891
2912,14,train_0283,12370.690949081752,10532.399266700773,103.23992667007734,0.0,12473.93087575183,14.36,0.68,0.0,0.0,5.0,0.6449628755448891
2913,14,train_0135,12400.485502676212,10463.56799836579,96.35679983657901,0.0,12496.842302512792,15.7,0.74,0.0,0.0,5.0,0.6449628755448891
2914,14,train_0244,12211.673491053854,10765.551815191748,126.55518151917477,0.0,12338.22867257303,17.78,0.7,0.0,0.0,5.0,0.6449628755448891
2915,14,train_0262,12297.05416942633,10927.98412777496,142.79841277749603,0.0,12439.852582203826,15.98,0.68,0.0,0.0,5.0,0.6449628755448891
2916,14,train_0372,12504.855693601723,10628.18973080272,112.81897308027202,0.0,12617.674666681994,15.38,0.66,0.0,0.0,5.0,0.6449628755448891
2917,14,train_0567,13088.52963521894,10982.398378726615,148.23983787266152,0.0,13236.769473091601,16.16,0.7,0.0,0.0,5.0,0.6449628755448891
2918,14,train_0509,12080.95693647875,10253.532999011462,75.35329990114624,0.0,12156.310236379895,13.94,0.68,0.0,0.0,5.0,0.6449628755448891
2919,14,train_0226,11997.099783613427,10402.145952037452,90.2145952037452,0.0,12087.314378817171,15.2,0.7,0.0,0.0,5.0,0.6449628755448891
2920,14,train_0195,12864.205425920405,10609.640697895085,110.96406978950854,0.0,12975.169495709913,18.96,0.62,0.0,0.0,5.0,0.6449628755448891
2921,14,train_0462,12428.313010229362,10402.184276361055,90.21842763610549,0.0,12518.531437865468,17.66,0.64,0.0,0.0,5.0,0.6449628755448891
2922,14,train_0074,12523.370431654224,10623.931812448334,112.39318124483344,0.0,12635.763612899058,15.12,0.58,0.0,0.0,5.0,0.6449628755448891
2923,14,train_0324,12234.599993659616,10369.406833487014,86.94068334870136,0.0,12321.540677008317,15.38,0.6,0.0,0.0,5.0,0.6449628755448891
2924,14,train_0253,11777.716715101375,10394.454987518682,89.44549875186823,0.0,11867.162213853242,16.68,0.64,0.0,0.0,5.0,0.6449628755448891
2925,14,train_0109,12575.618364464615,10638.890988132413,113.88909881324126,0.0,12689.507463277856,18.5,0.72,0.0,0.0,5.0,0.6449628755448891
2926,14,train_0369,12101.106803864091,10572.567787235164,107.25677872351645,0.0,12208.363582587608,14.54,0.6,0.0,0.0,5.0,0.6449628755448891
2927,14,train_0192,12446.634438670075,10738.637349646464,123.8637349646464,0.0,12570.498173634722,16.68,0.72,0.0,0.0,5.0,0.6449628755448891
2928,14,train_0111,12213.527133088175,10277.21800721784,77.72180072178399,0.0,12291.248933809959,15.38,0.64,0.0,0.0,5.0,0.6449628755448891
2929,14,train_0391,12332.123991191469,10680.653262674246,118.06532626742465,0.0,12450.189317458893,14.72,0.74,0.0,0.0,5.0,0.6449628755448891
2930,14,train_0104,12340.123227748172,10532.868087066829,103.28680870668286,0.0,12443.410036454856,17.22,0.6,0.0,0.0,5.0,0.6449628755448891
2931,14,train_0403,12313.951568654007,10855.022301526798,135.50223015267986,0.0,12449.453798806688,13.54,0.8,0.0,0.0,5.0,0.6449628755448891
2932,14,train_0097,11958.178325422989,10387.385017491619,88.73850174916188,0.0,12046.91682717215,17.1,0.58,0.0,0.0,5.0,0.6449628755448891
2933,14,train_0260,12316.579652613784,10170.762811353055,67.07628113530555,0.0,12383.655933749089,16.78,0.64,0.0,0.0,5.0,0.6449628755448891
2934,14,train_0484,12485.791015008963,10328.737991098109,82.8737991098109,0.0,12568.664814118774,13.38,0.68,0.0,0.0,5.0,0.6449628755448891
2935,14,train_0137,12057.93543226137,10459.35643364086,95.93564336408599,0.0,12153.871075625457,15.82,0.7,0.0,0.0,5.0,0.6449628755448891
2936,14,train_0460,12221.305783228665,10630.375677143778,113.03756771437784,0.0,12334.343350943043,13.06,0.66,0.0,0.0,5.0,0.6449628755448891
2937,14,train_0433,11927.293926160375,10417.411152189485,91.74111521894848,0.0,12019.035041379324,15.88,0.62,0.0,0.0,5.0,0.6449628755448891
2938,14,train_0541,12333.258835444612,10531.667260506441,103.16672605064414,0.0,12436.425561495256,17.28,0.62,0.0,0.0,5.0,0.6449628755448891
2939,14,train_0101,12428.62029534292,10368.017142329474,86.80171423294742,0.0,12515.422009575868,16.72,0.66,0.0,0.0,5.0,0.6449628755448891
2940,14,train_0429,12644.31187075387,10943.891920028713,144.38919200287128,0.0,12788.701062756742,16.62,0.72,0.0,0.0,5.0,0.6449628755448891
2941,14,train_0562,12241.964712787027,10521.555694305052,102.15556943050524,0.0,12344.120282217533,16.34,0.64,0.0,0.0,5.0,0.6449628755448891
2942,14,train_0457,12419.05221346186,10404.133960367772,90.41339603677716,0.0,12509.465609498639,14.24,0.6,0.0,0.0,5.0,0.6449628755448891
2943,14,train_0112,12204.551295480287,10496.848310586083,99.68483105860832,0.0,12304.236126538895,17.22,0.62,0.0,0.0,5.0,0.6449628755448891
2944,14,train_0493,12143.46324451451,10373.952701469414,87.39527014694141,0.0,12230.858514661451,16.02,0.66,0.0,0.0,5.0,0.6449628755448891
2945,14,train_0064,12409.001415307248,10653.064706077304,115.30647060773045,0.0,12524.30788591498,17.1,0.62,0.0,0.0,5.0,0.6449628755448891
2946,14,train_0353,12261.196776263718,10369.551797933298,86.95517979332982,0.0,12348.151956057047,16.02,0.64,0.0,0.0,5.0,0.6449628755448891
2947,14,train_0298,11593.88733175505,10485.92346333303,98.59234633330307,0.0,11692.479678088353,16.26,0.66,0.0,0.0,5.0,0.6449628755448891
2948,14,train_0318,12199.719766588885,10433.812722740704,93.3812722740704,0.0,12293.101038862955,18.56,0.78,0.0,0.0,5.0,0.6449628755448891
2949,14,train_0311,12622.256059557913,10428.026927844669,92.80269278446686,0.0,12715.05875234238,17.84,0.56,0.0,0.0,5.0,0.6449628755448891
2950,14,train_0018,12293.306531637416,10390.214785406908,89.02147854069081,0.0,12382.328010178107,16.4,0.66,0.0,0.0,5.0,0.6449628755448891
2951,14,train_0304,12835.770992630332,10879.88536721305,137.988536721305,0.0,12973.759529351637,16.16,0.6,0.0,0.0,5.0,0.6449628755448891
2952,14,train_0562,12296.379217795175,10807.2512553909,130.72512553909002,0.0,12427.104343334264,14.2,0.54,0.0,0.0,5.0,0.6449628755448891
2953,14,train_0262,12431.185469597553,10429.398376870666,92.93983768706659,0.0,12524.12530728462,15.32,0.66,0.0,0.0,5.0,0.6449628755448891
2954,14,train_0166,12151.07057540808,10192.209286219299,69.22092862192986,0.0,12220.291504030009,13.82,0.58,0.0,0.0,5.0,0.6449628755448891
2955,14,train_0596,12260.930624670309,10268.807770039935,76.88077700399354,0.0,12337.811401674302,15.7,0.56,0.0,0.0,5.0,0.6449628755448891
2956,14,train_0059,12441.400789597878,10339.627467928745,83.96274679287454,0.0,12525.363536390752,16.1,0.66,0.0,0.0,5.0,0.6449628755448891
2957,14,train_0291,12433.207836317282,10658.162984944549,115.8162984944549,0.0,12549.024134811738,15.58,0.58,0.0,0.0,5.0,0.6449628755448891
2958,14,train_0307,12285.405066773332,10242.781188138246,74.27811881382459,0.0,12359.683185587157,15.32,0.54,0.0,0.0,5.0,0.6449628755448891
2959,14,train_0286,12464.216475758301,10933.70469571706,143.37046957170605,0.0,12607.586945330007,15.02,0.58,0.0,0.0,5.0,0.6449628755448891
2960,14,train_0553,11421.52952030248,9924.275719099363,42.42757190993635,0.0,11463.957092212417,16.22,0.72,0.0,0.0,5.0,0.6449628755448891
2961,14,train_0253,11986.77664133577,10137.739783224668,63.773978322466796,0.0,12050.550619658236,16.3,0.72,0.0,0.0,5.0,0.6449628755448891
2962,14,train_0583,12203.621187718722,10509.24073423754,100.9240734237541,0.0,12304.545261142475,15.42,0.72,0.0,0.0,5.0,0.6449628755448891
2963,14,train_0040,12417.941512308676,10867.925154053033,136.7925154053033,0.0,12554.73402771398,17.58,0.76,0.0,0.0,5.0,0.6449628755448891
2964,14,train_0440,12769.813849192342,10641.8454069269,114.18454069268992,0.0,12883.998389885031,16.54,0.64,0.0,0.0,5.0,0.6449628755448891
2965,14,train_0355,12449.142532159876,10224.28082199366,72.42808219936596,0.0,12521.570614359242,14.72,0.8,0.0,0.0,5.0,0.6449628755448891
2966,14,train_0144,12987.45777403935,10812.155348615646,131.21553486156463,0.0,13118.673308900916,15.62,0.66,0.0,0.0,5.0,0.6449628755448891
2967,14,train_0136,12250.012617723041,10510.652485480845,101.0652485480845,0.0,12351.077866271125,17.98,0.66,0.0,0.0,5.0,0.6449628755448891
2968,14,train_0431,12184.772927466343,10184.177339319793,68.41773393197927,0.0,12253.190661398323,16.66,0.64,0.0,0.0,5.0,0.6449628755448891
2969,14,train_0382,12579.309441876461,10625.96721555647,112.59672155564695,0.0,12691.906163432108,16.22,0.46,0.0,0.0,5.0,0.6449628755448891
2970,14,train_0366,12213.475379567537,10629.544759268732,112.95447592687324,0.0,12326.42985549441,15.54,0.7,0.0,0.0,5.0,0.6449628755448891
2971,14,train_0030,12357.113666038356,10023.371543117588,52.33715431175879,0.0,12409.450820350115,17.82,0.66,0.0,0.0,5.0,0.6449628755448891
2972,14,train_0358,12249.217535928385,10553.84266262245,105.384266262245,0.0,12354.60180219063,16.96,0.64,0.0,0.0,5.0,0.6449628755448891
2973,14,train_0588,12325.618466676115,10299.650295110056,79.96502951100557,0.0,12405.58349618712,17.7,0.54,0.0,0.0,5.0,0.6449628755448891
2974,14,train_0010,12305.109977102558,10739.72639410639,123.97263941063903,0.0,12429.082616513197,17.56,0.68,0.0,0.0,5.0,0.6449628755448891
2975,14,train_0281,12121.990268820438,10758.862200533611,125.88622005336111,0.0,12247.876488873799,16.2,0.76,0.0,0.0,5.0,0.6449628755448891
2976,14,train_0296,12594.546129493814,10352.017466087489,85.20174660874892,0.0,12679.747876102563,15.4,0.66,0.0,0.0,5.0,0.6449628755448891
2977,14,train_0538,12541.233213370379,10609.601967821874,110.96019678218745,0.0,12652.193410152566,16.44,0.6,0.0,0.0,5.0,0.6449628755448891
2978,14,train_0169,11917.363295741467,10109.623147528224,60.96231475282239,0.0,11978.325610494288,16.36,0.72,0.0,0.0,5.0,0.6449628755448891
2979,14,train_0285,12273.632506797147,10689.904073650345,118.99040736503449,0.0,12392.62291416218,15.46,0.58,0.0,0.0,5.0,0.6449628755448891
2980,14,train_0430,12116.086448560069,10413.719326743729,91.37193267437289,0.0,12207.45838123444,14.64,0.68,0.0,0.0,5.0,0.6449628755448891
2981,14,train_0036,12087.815595728247,10660.2784967117,116.02784967117005,0.0,12203.843445399418,16.0,0.64,0.0,0.0,5.0,0.6449628755448891
2982,14,train_0480,12299.473022248276,10845.314255743244,134.5314255743244,0.0,12434.004447822601,16.04,0.82,0.0,0.0,5.0,0.6449628755448891
2983,14,train_0493,11950.129488707833,10586.536253920553,108.65362539205526,0.0,12058.783114099888,17.48,0.66,0.0,0.0,5.0,0.6449628755448891
2984,14,train_0431,12158.470236579453,10468.09615914931,96.80961591493106,0.0,12255.279852494385,18.06,0.64,0.0,0.0,5.0,0.6449628755448891
2985,14,train_0388,12686.67330305099,10481.162711364605,98.11627113646045,0.0,12784.789574187449,15.3,0.68,0.0,0.0,5.0,0.6449628755448891
2986,14,train_0448,12344.865073190585,10534.471379593479,103.44713795934786,0.0,12448.312211149932,15.18,0.78,0.0,0.0,5.0,0.6449628755448891
2987,14,train_0469,12569.68348153248,10812.103688938458,131.21036889384578,0.0,12700.893850426326,15.62,0.74,0.0,0.0,5.0,0.6449628755448891
2988,14,train_0542,12155.682527199966,10268.900795956384,76.89007959563843,0.0,12232.572606795604,15.24,0.58,0.0,0.0,5.0,0.6449628755448891
2989,14,train_0256,12174.957183597853,10507.791480413507,100.77914804135071,0.0,12275.736331639204,17.96,0.64,0.0,0.0,5.0,0.6449628755448891
2990,14,train_0273,12362.579375816484,11152.810406397497,165.2810406397497,0.0,12527.860416456233,16.44,0.62,0.0,0.0,5.0,0.6449628755448891
2991,14,train_0382,12529.409551381385,10679.936684066983,117.99366840669828,0.0,12647.403219788082,16.04,0.6,0.0,0.0,5.0,0.6449628755448891
2992,14,train_0115,12517.179713373986,10663.336420997239,116.33364209972387,0.0,12633.51335547371,16.08,0.62,0.0,0.0,5.0,0.6449628755448891
2993,14,train_0513,12169.666915548738,10347.545245118263,84.75452451182628,0.0,12254.421440060563,15.62,0.84,0.0,0.0,5.0,0.6449628755448891
2994,14,train_0462,12200.400902358511,10798.24985909374,129.82498590937394,0.0,12330.225888267885,16.34,0.64,0.0,0.0,5.0,0.6449628755448891
2995,14,train_0378,12134.957994267905,10613.30282360368,111.33028236036807,0.0,12246.288276628273,17.94,0.66,0.0,0.0,5.0,0.6449628755448891
2996,14,train_0180,12240.123658874068,10719.712716411004,121.97127164110043,0.0,12362.09493051517,16.92,0.68,0.0,0.0,5.0,0.6449628755448891
2997,14,train_0208,12264.011428139289,10568.155029736581,106.81550297365811,0.0,12370.826931112948,14.64,0.68,0.0,0.0,5.0,0.6449628755448891
2998,14,train_0260,12482.468035768892,9969.47213576068,46.94721357606795,0.0,12529.41524934496,17.3,0.54,0.0,0.0,5.0,0.6449628755448891
2999,14,train_0397,12123.60487527811,10240.582628795466,74.0582628795466,0.0,12197.663138157657,16.28,0.66,0.0,0.0,5.0,0.6449628755448891
3000,14,train_0466,12311.862594708822,10638.658531019963,113.86585310199627,0.0,12425.728447810818,16.36,0.62,0.0,0.0,5.0,0.6449628755448891
3001,14,train_0403,12813.829755617322,10500.269922382275,100.02699223822748,0.0,12913.856747855549,13.92,0.64,0.0,0.0,5.0,0.6449628755448891
3002,14,train_0557,12080.147931604975,10158.612204946741,65.86122049467413,0.0,12146.00915209965,14.94,0.6,0.0,0.0,5.0,0.6449628755448891
3003,14,train_0576,12008.684247734152,10513.150683284292,101.31506832842916,0.0,12109.999316062582,15.18,0.64,0.0,0.0,5.0,0.6449628755448891
3004,14,train_0422,12511.38004122548,10493.36210694751,99.33621069475103,0.0,12610.716251920232,15.36,0.62,0.0,0.0,5.0,0.6449628755448891
3005,14,train_0222,12513.262677477147,10504.128258763723,100.41282587637234,0.0,12613.67550335352,16.6,0.78,0.0,0.0,5.0,0.6449628755448891
3006,14,train_0359,12740.331374574836,10428.565209192928,92.85652091929279,0.0,12833.18789549413,14.64,0.7,0.0,0.0,5.0,0.6449628755448891
3007,14,train_0255,12110.945764848277,10468.244493986705,96.82444939867055,0.0,12207.770214246948,17.16,0.66,0.0,0.0,5.0,0.6449628755448891
