episode,update,scenario_id,electricity_cost,carbon_emissions_kg,carbon_trading_cost,carbon_trading_revenue,system_cost,mean_start_delay_slots,remote_subtask_fraction,fallback_actions,capacity_violations,decision_epochs
0,0,train_0053,12285.598585773947,10715.700184071075,121.57001840710745,0.0,12407.168604181054,16.1,0.82,0.0,0.0,5.0
1,0,train_0464,12435.56685361787,10368.05919443845,86.80591944384506,0.0,12522.372773061714,15.76,0.76,0.0,0.0,5.0
2,0,train_0392,12336.654702766635,10513.66724815977,101.36672481597708,0.0,12438.021427582611,16.08,0.68,0.0,0.0,5.0
3,0,train_0263,11971.727635918925,10064.284848174806,56.42848481748061,0.0,12028.156120736407,15.6,0.7,0.0,0.0,5.0
4,0,train_0259,12693.354739791212,10420.081553547658,92.00815535476578,0.0,12785.362895145978,14.96,0.5,0.0,0.0,5.0
5,0,train_0515,12403.982269515194,10490.194650014782,99.01946500147824,0.0,12503.001734516673,17.14,0.74,0.0,0.0,5.0
6,0,train_0051,12175.146551768448,10806.548016461362,130.65480164613618,0.0,12305.801353414585,17.84,0.62,0.0,0.0,5.0
7,0,train_0418,12656.043284204221,10483.083360337283,98.30833603372831,0.0,12754.351620237949,17.4,0.64,0.0,0.0,5.0
8,0,train_0120,11939.668805262654,10313.090944984091,81.30909449840911,0.0,12020.977899761063,16.56,0.64,0.0,0.0,5.0
9,0,train_0056,11760.311166813683,9967.477710587518,46.74777105875182,0.0,11807.058937872434,18.34,0.62,0.0,0.0,5.0
10,0,train_0315,12727.857701425619,10447.831899946334,94.78318999463336,0.0,12822.640891420253,16.46,0.66,0.0,0.0,5.0
11,0,train_0585,12565.76475739387,10453.454434718673,95.3454434718673,0.0,12661.110200865738,12.36,0.54,0.0,0.0,5.0
12,0,train_0441,12518.331165033549,10395.107187329457,89.51071873294569,0.0,12607.841883766494,16.58,0.7,0.0,0.0,5.0
13,0,train_0456,12511.452758842195,10336.761137400194,83.67611374001936,0.0,12595.128872582214,15.84,0.64,0.0,0.0,5.0
14,0,train_0430,12270.748975554006,10422.382277924138,92.23822779241382,0.0,12362.98720334642,15.68,0.68,0.0,0.0,5.0
15,0,train_0471,12701.156310552782,10601.530806921855,110.15308069218554,0.0,12811.309391244968,13.94,0.76,0.0,0.0,5.0
16,0,train_0307,12375.373470330196,10214.559432452825,71.45594324528247,0.0,12446.829413575479,16.24,0.6,0.0,0.0,5.0
17,0,train_0076,12247.835229816865,10589.814206199735,108.9814206199735,0.0,12356.816650436838,16.4,0.7,0.0,0.0,5.0
18,0,train_0503,13234.900678583006,10226.81617060893,72.68161706089305,0.0,13307.582295643899,16.12,0.78,0.0,0.0,5.0
19,0,train_0270,12243.815505791645,10598.1267465521,109.81267465520996,0.0,12353.628180446854,16.34,0.6,0.0,0.0,5.0
20,0,train_0300,11914.301796368996,10282.317534990594,78.23175349905942,0.0,11992.533549868056,14.48,0.64,0.0,0.0,5.0
21,0,train_0222,12427.029828898289,10506.746407848494,100.67464078484937,0.0,12527.704469683138,18.28,0.7,0.0,0.0,5.0
22,0,train_0109,12682.971634180598,10362.696111495487,86.26961114954867,0.0,12769.241245330146,16.82,0.7,0.0,0.0,5.0
23,0,train_0556,12575.986282541062,10181.749896267173,68.17498962671725,0.0,12644.16127216778,14.12,0.74,0.0,0.0,5.0
24,0,train_0468,12415.694485376265,9988.743546895908,48.87435468959084,0.0,12464.568840065856,15.86,0.66,0.0,0.0,5.0
25,0,train_0386,12452.286315903844,10250.357186947269,75.0357186947269,0.0,12527.322034598572,14.92,0.6,0.0,0.0,5.0
26,0,train_0241,12190.978388086296,10141.738355202702,64.17383552027023,0.0,12255.152223606567,15.78,0.52,0.0,0.0,5.0
27,0,train_0493,12063.067606206523,10401.929749549758,90.19297495497577,0.0,12153.2605811615,16.78,0.7,0.0,0.0,5.0
28,0,train_0327,12374.113634068379,10704.88649101145,120.48864910114499,0.0,12494.602283169525,17.2,0.62,0.0,0.0,5.0
29,0,train_0266,12456.010431895003,10642.676478128627,114.26764781286275,0.0,12570.278079707867,16.08,0.62,0.0,0.0,5.0
30,0,train_0270,12294.283221790189,10408.378826558966,90.83788265589665,0.0,12385.121104446085,14.82,0.64,0.0,0.0,5.0
31,0,train_0136,12359.97998229697,10254.360037153154,75.43600371531538,0.0,12435.415986012285,16.68,0.64,0.0,0.0,5.0
32,0,train_0055,12690.090995232582,10288.229208872643,78.82292088726427,0.0,12768.913916119845,13.92,0.64,0.0,0.0,5.0
33,0,train_0332,12020.685154876039,10188.85505852632,68.88550585263202,0.0,12089.57066072867,15.26,0.72,0.0,0.0,5.0
34,0,train_0532,12797.956780760403,10199.69986948351,69.96998694835092,0.0,12867.926767708754,15.86,0.56,0.0,0.0,5.0
35,0,train_0038,12365.491344058695,10585.013588419079,108.50135884190786,0.0,12473.992702900603,17.38,0.76,0.0,0.0,5.0
36,0,train_0514,12368.400324259866,10563.274897477886,106.3274897477886,0.0,12474.727814007656,14.14,0.68,0.0,0.0,5.0
37,0,train_0496,12338.556303504363,10381.058928589839,88.10589285898386,0.0,12426.662196363348,16.38,0.74,0.0,0.0,5.0
38,0,train_0166,12327.428675307161,9993.906909323538,49.390690932353756,0.0,12376.819366239515,15.52,0.68,0.0,0.0,5.0
39,0,train_0378,12602.10227346707,10584.628448186852,108.46284481868516,0.0,12710.565118285755,16.16,0.58,0.0,0.0,5.0
40,0,train_0099,12104.452754932805,9975.660931912062,47.566093191206164,0.0,12152.018848124011,18.0,0.66,0.0,0.0,5.0
41,0,train_0454,12789.662281422703,10889.200558138924,138.9200558138924,0.0,12928.582337236596,15.86,0.68,0.0,0.0,5.0
42,0,train_0420,12373.820176302412,10176.728914008929,67.67289140089288,0.0,12441.493067703304,14.42,0.72,0.0,0.0,5.0
43,0,train_0212,12394.29985940899,10091.246930013149,59.12469300131488,0.0,12453.424552410304,15.98,0.56,0.0,0.0,5.0
44,0,train_0040,12475.276256707453,10707.031152698599,120.7031152698599,0.0,12595.979371977313,17.7,0.58,0.0,0.0,5.0
45,0,train_0582,12833.298453974643,10320.106694243594,82.01066942435938,0.0,12915.309123399002,16.14,0.68,0.0,0.0,5.0
46,0,train_0267,12395.270565762277,9872.07962217279,37.207962217279054,0.0,12432.478527979556,17.82,0.68,0.0,0.0,5.0
47,0,train_0535,12146.582071413242,10399.969643790542,89.99696437905423,0.0,12236.579035792296,14.9,0.68,0.0,0.0,5.0
48,0,train_0406,12265.41819257124,10421.061934205449,92.10619342054488,0.0,12357.524385991785,18.14,0.72,0.0,0.0,5.0
49,0,train_0467,13104.237073481128,10872.498802991857,137.2498802991857,0.0,13241.486953780313,15.96,0.76,0.0,0.0,5.0
50,0,train_0455,13127.852326316135,10877.209461478666,137.72094614786656,0.0,13265.573272464002,17.42,0.64,0.0,0.0,5.0
51,0,train_0116,12257.069850769713,10384.77879738606,88.47787973860596,0.0,12345.547730508319,17.92,0.68,0.0,0.0,5.0
52,0,train_0218,12660.756415622276,10692.191867943056,119.21918679430564,0.0,12779.975602416582,16.56,0.74,0.0,0.0,5.0
53,0,train_0280,12440.73728566607,10429.053721880635,92.9053721880635,0.0,12533.642657854132,17.28,0.74,0.0,0.0,5.0
54,0,train_0298,12039.199089351858,10209.52309000021,70.95230900002097,0.0,12110.151398351878,14.56,0.82,0.0,0.0,5.0
55,0,train_0026,12167.014155518238,10227.687947617846,72.76879476178456,0.0,12239.782950280023,16.16,0.66,0.0,0.0,5.0
56,0,train_0327,12359.300242368523,10940.553779165399,144.05537791653987,0.0,12503.355620285063,16.02,0.64,0.0,0.0,5.0
57,0,train_0092,12660.714901901341,10518.668184101718,101.8668184101718,0.0,12762.581720311513,17.1,0.6,0.0,0.0,5.0
58,0,train_0446,12242.901853430929,10480.154786531446,98.01547865314461,0.0,12340.917332084073,15.06,0.72,0.0,0.0,5.0
59,0,train_0409,12658.652757119275,10729.299871240737,122.9299871240737,0.0,12781.582744243347,17.14,0.62,0.0,0.0,5.0
60,0,train_0553,11590.32484441342,10032.013616103499,53.20136161034989,0.0,11643.526206023771,17.7,0.7,0.0,0.0,5.0
61,0,train_0446,11995.412722663132,10372.579141963566,87.25791419635662,0.0,12082.670636859488,16.44,0.54,0.0,0.0,5.0
62,0,train_0219,12968.203090853374,10197.953122919107,69.7953122919107,0.0,13037.998403145284,15.48,0.62,0.0,0.0,5.0
63,0,train_0580,13081.53013925727,10754.772397388744,125.47723973887442,0.0,13207.007378996144,15.92,0.58,0.0,0.0,5.0
64,0,train_0246,12306.438355124725,10235.25346088934,73.52534608893403,0.0,12379.963701213659,15.8,0.56,0.0,0.0,5.0
65,0,train_0195,12716.17325135409,10880.695045060307,138.0695045060307,0.0,12854.242755860121,19.1,0.66,0.0,0.0,5.0
66,0,train_0543,12514.418651470607,10754.897144527833,125.4897144527833,0.0,12639.908365923391,15.44,0.8,0.0,0.0,5.0
67,0,train_0222,12321.977529810227,10519.625931534672,101.96259315346725,0.0,12423.940122963693,17.46,0.64,0.0,0.0,5.0
68,0,train_0045,12390.041520891424,10312.398160550334,81.23981605503342,0.0,12471.281336946457,14.16,0.7,0.0,0.0,5.0
69,0,train_0281,12544.535631130293,10606.977375407903,110.69773754079034,0.0,12655.233368671083,16.28,0.7,0.0,0.0,5.0
70,0,train_0477,12106.718506792417,10126.133438486004,62.61334384860038,0.0,12169.331850641018,13.64,0.66,0.0,0.0,5.0
71,0,train_0113,12108.895760708932,10272.901933945264,77.29019339452644,0.0,12186.18595410346,17.06,0.64,0.0,0.0,5.0
72,0,train_0277,12634.749748909477,10359.99502031742,85.99950203174194,0.0,12720.749250941219,15.76,0.68,0.0,0.0,5.0
73,0,train_0077,12128.558091222862,10303.24804364939,80.32480436493898,0.0,12208.8828955878,15.58,0.66,0.0,0.0,5.0
74,0,train_0411,12750.005003086193,10935.74890703618,143.57489070361808,0.0,12893.57989378981,16.22,0.58,0.0,0.0,5.0
75,0,train_0285,12267.724243596782,10361.018152864408,86.1018152864408,0.0,12353.826058883224,14.22,0.72,0.0,0.0,5.0
76,0,train_0198,12098.832624758628,9985.834727537356,48.58347275373563,0.0,12147.416097512363,15.28,0.68,0.0,0.0,5.0
77,0,train_0136,12634.993262161031,10088.865982229883,58.886598222988326,0.0,12693.87986038402,16.52,0.56,0.0,0.0,5.0
78,0,train_0338,12280.300417667098,10585.35275538786,108.53527553878594,0.0,12388.835693205885,14.46,0.66,0.0,0.0,5.0
79,0,train_0401,12009.522028989159,10062.212795627169,56.22127956271689,0.0,12065.743308551875,17.08,0.6,0.0,0.0,5.0
80,0,train_0564,12390.105258382093,10617.952868156694,111.79528681566936,0.0,12501.900545197763,17.46,0.68,0.0,0.0,5.0
81,0,train_0262,12577.72197607793,10796.73987605569,129.67398760556898,0.0,12707.395963683499,16.3,0.74,0.0,0.0,5.0
82,0,train_0096,12616.648284715027,10167.719621671713,66.7719621671713,0.0,12683.420246882199,16.48,0.58,0.0,0.0,5.0
83,0,train_0499,12225.268292783729,10248.690239343243,74.86902393432429,0.0,12300.137316718054,17.08,0.72,0.0,0.0,5.0
84,0,train_0377,12221.71409752076,10386.706420803583,88.67064208035828,0.0,12310.384739601119,17.5,0.58,0.0,0.0,5.0
85,0,train_0420,12221.898328318322,10699.071453100893,119.90714531008926,0.0,12341.805473628412,15.22,0.66,0.0,0.0,5.0
86,0,train_0058,11964.503177896604,10093.545975104873,59.354597510487295,0.0,12023.857775407092,15.66,0.64,0.0,0.0,5.0
87,0,train_0187,12265.699577290463,10438.732772683325,93.87327726833246,0.0,12359.572854558795,13.96,0.56,0.0,0.0,5.0
88,0,train_0460,12427.747180056787,10481.139366360472,98.11393663604723,0.0,12525.861116692835,15.2,0.72,0.0,0.0,5.0
89,0,train_0499,12099.305782654712,10338.174110213236,83.81741102132365,0.0,12183.123193676036,16.6,0.74,0.0,0.0,5.0
90,0,train_0261,12548.53966256156,10645.671613962344,114.56716139623441,0.0,12663.106823957794,16.44,0.68,0.0,0.0,5.0
91,0,train_0482,11909.425488151282,10106.678511032977,60.66785110329766,0.0,11970.09333925458,14.34,0.68,0.0,0.0,5.0
92,0,train_0505,12303.83251318384,10547.20685773079,104.72068577307891,0.0,12408.553198956917,16.9,0.54,0.0,0.0,5.0
93,0,train_0232,12421.790746674467,10457.392554711625,95.73925547116251,0.0,12517.53000214563,15.94,0.62,0.0,0.0,5.0
94,0,train_0538,12569.161708916115,10981.158442508467,148.11584425084675,0.0,12717.277553166961,15.88,0.58,0.0,0.0,5.0
95,0,train_0172,12245.86380020677,10410.606097258224,91.06060972582236,0.0,12336.924409932592,16.64,0.64,0.0,0.0,5.0
96,0,train_0143,12652.195604277444,10752.179463482064,125.21794634820635,0.0,12777.41355062565,14.52,0.64,0.0,0.0,5.0
97,0,train_0409,12526.332836050904,10791.996685726775,129.19966857267755,0.0,12655.532504623581,19.04,0.58,0.0,0.0,5.0
98,0,train_0382,12382.92413722863,10916.292451300273,141.62924513002727,0.0,12524.553382358657,16.3,0.76,0.0,0.0,5.0
99,0,train_0083,12307.42349839165,10039.935282969283,53.993528296928346,0.0,12361.41702668858,15.56,0.56,0.0,0.0,5.0
100,0,train_0499,12117.598100447696,10097.338605731433,59.73386057314329,0.0,12177.33196102084,18.2,0.54,0.0,0.0,5.0
101,0,train_0119,12028.844242517738,10500.543301135898,100.05433011358983,0.0,12128.898572631328,17.04,0.54,0.0,0.0,5.0
102,0,train_0482,11986.608309468887,10166.727414857423,66.67274148574234,0.0,12053.281050954629,14.98,0.68,0.0,0.0,5.0
103,0,train_0004,12544.733265321269,10683.901658905279,118.3901658905279,0.0,12663.123431211796,17.3,0.56,0.0,0.0,5.0
104,0,train_0478,12556.76311228417,10541.99839556064,104.19983955606403,0.0,12660.962951840234,16.88,0.82,0.0,0.0,5.0
105,0,train_0472,12360.388067641874,11068.722656267775,156.87226562677753,0.0,12517.260333268652,15.52,0.54,0.0,0.0,5.0
106,0,train_0468,12016.80255944672,10407.311355731868,90.73113557318685,0.0,12107.533695019907,15.42,0.6,0.0,0.0,5.0
107,0,train_0398,12016.314363653264,10385.992720950424,88.59927209504241,0.0,12104.913635748306,14.48,0.66,0.0,0.0,5.0
108,0,train_0282,12033.365580295742,10408.481989747957,90.84819897479575,0.0,12124.213779270538,15.8,0.72,0.0,0.0,5.0
109,0,train_0423,12039.565071090305,10323.47345252684,82.34734525268397,0.0,12121.912416342988,15.88,0.64,0.0,0.0,5.0
110,0,train_0166,12177.990019178676,10035.281826461256,53.52818264612561,0.0,12231.518201824802,14.92,0.58,0.0,0.0,5.0
111,0,train_0468,12281.885359374392,10146.513552076258,64.65135520762578,0.0,12346.536714582016,15.7,0.64,0.0,0.0,5.0
112,0,train_0333,12711.199137010955,10431.326093620692,93.13260936206916,0.0,12804.331746373024,16.5,0.78,0.0,0.0,5.0
113,0,train_0275,12593.284955942554,10211.395121104244,71.1395121104244,0.0,12664.42446805298,15.42,0.64,0.0,0.0,5.0
114,0,train_0303,12057.999903112312,10428.208640325256,92.8208640325256,0.0,12150.820767144836,16.08,0.76,0.0,0.0,5.0
115,0,train_0341,12454.327346939215,10737.887134951074,123.78871349510737,0.0,12578.116060434322,15.5,0.6,0.0,0.0,5.0
116,0,train_0022,12333.324146788673,10718.813237443439,121.8813237443439,0.0,12455.205470533017,16.2,0.56,0.0,0.0,5.0
117,0,train_0083,12110.471902323006,10497.851184054674,99.78511840546744,0.0,12210.257020728473,15.14,0.58,0.0,0.0,5.0
118,0,train_0147,12543.022081784651,10645.210730194405,114.52107301944052,0.0,12657.543154804092,17.32,0.68,0.0,0.0,5.0
119,0,train_0068,12438.068902001116,10792.13969726731,129.21396972673102,0.0,12567.282871727846,15.16,0.7,0.0,0.0,5.0
120,0,train_0263,12134.686414792972,9972.13556652388,47.21355665238807,0.0,12181.89997144536,15.04,0.64,0.0,0.0,5.0
121,0,train_0401,12093.880182388413,10114.651253324286,61.465125332428585,0.0,12155.345307720841,17.2,0.52,0.0,0.0,5.0
122,0,train_0392,12634.288060734752,10441.726769764562,94.17267697645622,0.0,12728.460737711208,15.24,0.58,0.0,0.0,5.0
123,0,train_0282,12171.591605312127,10237.904419243669,73.79044192436686,0.0,12245.382047236493,15.68,0.5,0.0,0.0,5.0
124,0,train_0513,12270.01363854672,10596.374333664793,109.63743336647931,0.0,12379.651071913198,15.84,0.62,0.0,0.0,5.0
125,0,train_0339,12867.240547506704,10304.328181048877,80.4328181048877,0.0,12947.673365611592,16.58,0.72,0.0,0.0,5.0
126,0,train_0047,12383.235229480804,10163.279786047038,66.32797860470383,0.0,12449.563208085508,14.42,0.78,0.0,0.0,5.0
127,0,train_0458,12728.012701516436,10699.200306484718,119.92003064847177,0.0,12847.932732164907,15.28,0.72,0.0,0.0,5.0
128,0,train_0344,12586.156703148356,10510.797892717022,101.07978927170225,0.0,12687.236492420057,14.34,0.58,0.0,0.0,5.0
129,0,train_0380,12243.23800129048,10268.184553213428,76.81845532134285,0.0,12320.056456611823,16.82,0.78,0.0,0.0,5.0
130,0,train_0339,12585.862346000227,10842.0738425569,134.20738425569,0.0,12720.069730255917,16.52,0.64,0.0,0.0,5.0
131,0,train_0332,12299.586844431096,10105.265431596472,60.52654315964719,0.0,12360.113387590744,16.68,0.6,0.0,0.0,5.0
132,0,train_0054,12459.104791227932,10358.500415845421,85.85004158454213,0.0,12544.954832812475,15.56,0.62,0.0,0.0,5.0
133,0,train_0335,12585.550962869333,10846.774908295745,134.67749082957454,0.0,12720.228453698906,17.62,0.58,0.0,0.0,5.0
134,0,train_0476,12246.535209061753,10569.215227487073,106.92152274870733,0.0,12353.45673181046,18.12,0.68,0.0,0.0,5.0
135,0,train_0182,12943.81993501384,10467.442601740557,96.74426017405568,0.0,13040.564195187895,15.72,0.6,0.0,0.0,5.0
136,0,train_0361,12628.049603131614,10787.48873179484,128.74887317948398,0.0,12756.798476311098,14.24,0.64,0.0,0.0,5.0
137,0,train_0018,12219.553059987797,10394.196890583891,89.41968905838912,0.0,12308.972749046186,16.28,0.66,0.0,0.0,5.0
138,0,train_0208,12423.924643912856,10408.65996659941,90.86599665994109,0.0,12514.790640572797,14.32,0.62,0.0,0.0,5.0
139,0,train_0262,12450.039961587147,10575.3445841735,107.53445841734992,0.0,12557.574420004497,16.22,0.64,0.0,0.0,5.0
140,0,train_0589,12359.8327618837,10058.912876410734,55.89128764107336,0.0,12415.724049524773,16.94,0.72,0.0,0.0,5.0
141,0,train_0128,12163.505629496172,10119.77215656868,61.97721565686807,0.0,12225.482845153041,15.42,0.78,0.0,0.0,5.0
142,0,train_0165,12151.393913165946,10405.949014587743,90.59490145877426,0.0,12241.988814624721,15.22,0.54,0.0,0.0,5.0
143,0,train_0245,12008.448671725037,10305.43830219678,80.54383021967806,0.0,12088.992501944715,15.46,0.76,0.0,0.0,5.0
144,0,train_0595,12269.799178172845,9939.750094702184,43.97500947021836,0.0,12313.774187643063,15.68,0.6,0.0,0.0,5.0
145,0,train_0512,12507.280380581633,10148.582124087956,64.8582124087956,0.0,12572.138592990428,14.94,0.7,0.0,0.0,5.0
146,0,train_0020,13032.301691430952,10513.8908530878,101.38908530877998,0.0,13133.690776739732,15.36,0.66,0.0,0.0,5.0
147,0,train_0140,12126.069779373027,10524.544296847984,102.45442968479838,0.0,12228.524209057825,15.06,0.7,0.0,0.0,5.0
148,0,train_0493,11760.813783898939,10584.033936123116,108.40339361231163,0.0,11869.217177511251,17.14,0.62,0.0,0.0,5.0
149,0,train_0034,12368.652657151779,10573.321760685947,107.33217606859472,0.0,12475.984833220373,15.44,0.68,0.0,0.0,5.0
150,0,train_0513,12115.666700363276,10610.49057731346,111.04905773134597,0.0,12226.715758094622,15.48,0.7,0.0,0.0,5.0
151,0,train_0168,12523.994530271744,10797.709679166219,129.77096791662188,0.0,12653.765498188366,17.1,0.74,0.0,0.0,5.0
152,0,train_0550,12479.468463491641,10056.756786085523,55.67567860855234,0.0,12535.144142100193,18.14,0.68,0.0,0.0,5.0
153,0,train_0176,12708.201053318107,10857.454978786645,135.74549787866454,0.0,12843.946551196772,14.92,0.6,0.0,0.0,5.0
154,0,train_0260,11992.195426368851,10460.67935673767,96.067935673767,0.0,12088.263362042619,16.92,0.78,0.0,0.0,5.0
155,0,train_0397,12328.041107554576,10256.315372707693,75.63153727076933,0.0,12403.672644825345,16.3,0.66,0.0,0.0,5.0
156,0,train_0075,12374.754420477211,10697.400058432675,119.74000584326751,0.0,12494.494426320478,15.94,0.64,0.0,0.0,5.0
157,0,train_0334,12373.419455868674,10534.998815236693,103.49988152366933,0.0,12476.919337392343,17.28,0.72,0.0,0.0,5.0
158,0,train_0303,12249.96016061688,10320.52324362432,82.05232436243205,0.0,12332.012484979312,16.3,0.64,0.0,0.0,5.0
159,0,train_0470,12049.529963938174,10342.524517953865,84.25245179538652,0.0,12133.78241573356,16.16,0.58,0.0,0.0,5.0
160,0,train_0597,12354.288570056391,10213.182172848332,71.3182172848332,0.0,12425.606787341225,16.5,0.46,0.0,0.0,5.0
161,0,train_0398,11843.80726838662,10178.11052125182,67.81105212518196,0.0,11911.618320511801,14.72,0.7,0.0,0.0,5.0
162,0,train_0245,11904.903478907418,10147.07103258243,64.70710325824294,0.0,11969.61058216566,13.94,0.58,0.0,0.0,5.0
163,0,train_0243,12336.180238263834,10481.574620789754,98.15746207897537,0.0,12434.33770034281,16.86,0.64,0.0,0.0,5.0
164,0,train_0250,12309.345258882242,10522.460137134221,102.24601371342214,0.0,12411.591272595664,16.7,0.52,0.0,0.0,5.0
165,0,train_0488,12240.233777813472,10453.615750440615,95.36157504406147,0.0,12335.595352857534,14.92,0.76,0.0,0.0,5.0
166,0,train_0192,12676.11362360639,10561.976682840661,106.1976682840661,0.0,12782.311291890457,18.72,0.66,0.0,0.0,5.0
167,0,train_0100,11723.817136550511,10081.80029147803,58.180029147803,0.0,11781.997165698314,15.44,0.7,0.0,0.0,5.0
168,0,train_0200,12222.283457974965,10232.162841179983,73.2162841179983,0.0,12295.499742092963,17.72,0.54,0.0,0.0,5.0
169,0,train_0013,12578.41968987538,10110.09203302498,61.00920330249792,0.0,12639.428893177877,14.62,0.68,0.0,0.0,5.0
170,0,train_0063,12802.501273356886,10266.185843204988,76.61858432049885,0.0,12879.119857677384,16.06,0.68,0.0,0.0,5.0
171,0,train_0054,12521.42240469439,10516.880520620845,101.68805206208454,0.0,12623.110456756474,16.1,0.64,0.0,0.0,5.0
172,0,train_0462,12585.761215192051,10362.560207820963,86.25602078209631,0.0,12672.017235974148,17.7,0.58,0.0,0.0,5.0
173,0,train_0433,12181.62103309082,10386.268252176294,88.62682521762946,0.0,12270.247858308448,15.38,0.64,0.0,0.0,5.0
174,0,train_0418,12402.203326930954,10568.112636753025,106.81126367530251,0.0,12509.014590606257,17.0,0.68,0.0,0.0,5.0
175,0,train_0277,12381.307840046304,10603.338358860565,110.33383588605648,0.0,12491.64167593236,16.38,0.86,0.0,0.0,5.0
176,0,train_0430,12536.293535540046,10049.508855116697,54.95088551166973,0.0,12591.244421051715,15.86,0.72,0.0,0.0,5.0
177,0,train_0096,12342.669238942603,10517.914926459684,101.79149264596836,0.0,12444.460731588571,16.64,0.58,0.0,0.0,5.0
178,0,train_0540,12699.188205664279,10515.220422657947,101.52204226579471,0.0,12800.710247930074,16.36,0.72,0.0,0.0,5.0
179,0,train_0300,12250.224111696501,10094.903571648128,59.49035716481285,0.0,12309.714468861315,14.22,0.66,0.0,0.0,5.0
180,0,train_0562,12240.824493876622,10524.641278338948,102.46412783389479,0.0,12343.288621710517,14.16,0.56,0.0,0.0,5.0
181,0,train_0091,12358.430776492842,10481.378867292864,98.13788672928641,0.0,12456.568663222128,15.14,0.66,0.0,0.0,5.0
182,0,train_0298,11846.756144289226,10181.56571983211,68.15657198321097,0.0,11914.912716272436,16.02,0.76,0.0,0.0,5.0
183,0,train_0417,12412.078547030867,10261.583630193069,76.15836301930686,0.0,12488.236910050175,15.34,0.66,0.0,0.0,5.0
184,0,train_0297,12050.546586118828,10534.765778949979,103.4765778949979,0.0,12154.023164013826,13.42,0.6,0.0,0.0,5.0
185,0,train_0267,12274.553351566652,9963.081544098728,46.308154409872806,0.0,12320.861505976525,16.18,0.68,0.0,0.0,5.0
186,0,train_0099,12056.092986950534,10154.693078068045,65.46930780680451,0.0,12121.56229475734,17.0,0.64,0.0,0.0,5.0
187,0,train_0228,12232.677524694733,10381.029704696342,88.10297046963424,0.0,12320.780495164367,15.42,0.6,0.0,0.0,5.0
188,0,train_0143,12687.783663539143,10465.641924215935,96.56419242159355,0.0,12784.347855960737,13.4,0.56,0.0,0.0,5.0
189,0,train_0180,12517.576020475866,10635.57593765527,113.55759376552706,0.0,12631.133614241393,17.56,0.6,0.0,0.0,5.0
190,0,train_0410,12678.386208539121,10757.768402364009,125.77684023640086,0.0,12804.163048775521,16.7,0.8,0.0,0.0,5.0
191,0,train_0378,12855.867906134645,10171.554234832542,67.15542348325417,0.0,12923.0233296179,16.1,0.7,0.0,0.0,5.0
192,1,train_0364,12470.772305182438,10349.138413653498,84.91384136534981,0.0,12555.686146547787,18.46,0.64,0.0,0.0,5.0
193,1,train_0217,12383.821417609206,10728.455223851597,122.84552238515971,0.0,12506.666939994366,16.66,0.62,0.0,0.0,5.0
194,1,train_0575,12965.97396728378,10604.174856171136,110.41748561711357,0.0,13076.391452900894,17.42,0.64,0.0,0.0,5.0
195,1,train_0052,12664.766256648974,10686.081828283062,118.60818282830624,0.0,12783.37443947728,15.44,0.72,0.0,0.0,5.0
196,1,train_0205,12751.868295206707,10714.643879249063,121.46438792490626,0.0,12873.332683131614,16.78,0.56,0.0,0.0,5.0
197,1,train_0070,12056.366230039952,10006.23655328014,50.62365532801396,0.0,12106.989885367966,14.4,0.74,0.0,0.0,5.0
198,1,train_0203,12638.8241470994,10759.705469568293,125.97054695682928,0.0,12764.794694056229,13.08,0.8,0.0,0.0,5.0
199,1,train_0577,13113.887954124468,10959.266453522894,145.92664535228943,0.0,13259.814599476756,16.14,0.72,0.0,0.0,5.0
200,1,train_0219,12328.327445212057,10662.579625856604,116.25796258566044,0.0,12444.585407797716,14.9,0.58,0.0,0.0,5.0
201,1,train_0545,12082.564573415057,10419.134270459319,91.9134270459319,0.0,12174.47800046099,18.34,0.58,0.0,0.0,5.0
202,1,train_0297,12354.62297881339,10076.303974089229,57.63039740892291,0.0,12412.253376222312,14.9,0.7,0.0,0.0,5.0
203,1,train_0419,12215.397160053759,10454.568152566422,95.45681525664223,0.0,12310.853975310401,15.64,0.68,0.0,0.0,5.0
204,1,train_0274,12685.788886858787,10420.986868145625,92.09868681456247,0.0,12777.88757367335,16.06,0.52,0.0,0.0,5.0
205,1,train_0159,12198.79116815691,9845.042053992098,34.50420539920979,0.0,12233.295373556119,17.88,0.68,0.0,0.0,5.0
206,1,train_0458,12833.346542361056,10773.75241772124,127.375241772124,0.0,12960.72178413318,14.78,0.62,0.0,0.0,5.0
207,1,train_0581,12302.202277893099,10328.185073201992,82.81850732019922,0.0,12385.020785213297,17.28,0.74,0.0,0.0,5.0
208,1,train_0158,12358.066336295855,10686.624143270077,118.66241432700772,0.0,12476.728750622862,17.46,0.66,0.0,0.0,5.0
209,1,train_0467,13047.687158577995,10819.65605253461,131.96560525346104,0.0,13179.652763831456,17.12,0.74,0.0,0.0,5.0
210,1,train_0156,12055.050917977736,10286.790094877215,78.67900948772149,0.0,12133.729927465458,15.76,0.6,0.0,0.0,5.0
211,1,train_0430,12230.4388429994,10237.020199974733,73.70201999747333,0.0,12304.140862996874,14.02,0.66,0.0,0.0,5.0
212,1,train_0473,12140.705371971824,10404.800817011612,90.48008170116118,0.0,12231.185453672986,17.96,0.72,0.0,0.0,5.0
213,1,train_0269,12027.583947602758,9914.237967679976,41.42379676799756,0.0,12069.007744370756,16.94,0.66,0.0,0.0,5.0
214,1,train_0442,12630.797241850498,10891.89286318077,139.18928631807702,0.0,12769.986528168574,13.96,0.6,0.0,0.0,5.0
215,1,train_0163,12739.375187377227,10803.82868761129,130.38286876112906,0.0,12869.758056138357,15.3,0.68,0.0,0.0,5.0
216,1,train_0047,12042.309648634098,10336.72540569803,83.67254056980292,0.0,12125.982189203902,14.94,0.6,0.0,0.0,5.0
217,1,train_0057,11827.039595476846,10216.625595074871,71.6625595074871,0.0,11898.702154984334,15.72,0.74,0.0,0.0,5.0
218,1,train_0268,12522.733499183447,10332.988408463498,83.29884084634978,0.0,12606.032340029797,16.56,0.6,0.0,0.0,5.0
219,1,train_0541,12471.976768149521,10544.002352393516,104.40023523935162,0.0,12576.377003388872,16.4,0.56,0.0,0.0,5.0
220,1,train_0076,12438.891639329093,10215.939849170834,71.59398491708343,0.0,12510.485624246176,14.42,0.66,0.0,0.0,5.0
221,1,train_0273,12795.261360656184,10598.656376295643,109.8656376295643,0.0,12905.126998285748,17.8,0.62,0.0,0.0,5.0
222,1,train_0422,12639.209239994498,10294.990671978987,79.4990671978987,0.0,12718.708307192397,15.06,0.64,0.0,0.0,5.0
223,1,train_0121,12133.625931935876,10442.138238937627,94.21382389376268,0.0,12227.839755829638,14.92,0.58,0.0,0.0,5.0
224,1,train_0432,12159.426626583741,10495.504902172252,99.55049021722516,0.0,12258.977116800967,15.76,0.62,0.0,0.0,5.0
225,1,train_0183,12663.5262205412,10251.576907337889,75.15769073378888,0.0,12738.68391127499,14.88,0.66,0.0,0.0,5.0
226,1,train_0485,12277.207430307366,9889.581883883671,38.95818838836713,0.0,12316.165618695733,14.98,0.6,0.0,0.0,5.0
227,1,train_0347,12211.610202302252,10446.707703688506,94.67077036885058,0.0,12306.280972671102,16.88,0.68,0.0,0.0,5.0
228,1,train_0328,12548.634654663652,10412.537571247562,91.25375712475616,0.0,12639.888411788408,15.16,0.74,0.0,0.0,5.0
229,1,train_0106,12611.632656654576,10940.324499721777,144.03244997217772,0.0,12755.665106626753,17.86,0.66,0.0,0.0,5.0
230,1,train_0277,12503.05054762201,10581.330085558508,108.13300855585076,0.0,12611.18355617786,15.5,0.62,0.0,0.0,5.0
231,1,train_0513,12361.826743594,10279.943943103317,77.9943943103317,0.0,12439.821137904331,16.3,0.8,0.0,0.0,5.0
232,1,train_0011,11988.192953920106,9985.479191395272,48.547919139527224,0.0,12036.740873059634,15.4,0.72,0.0,0.0,5.0
233,1,train_0455,12875.65643899623,10924.336401247048,142.43364012470485,0.0,13018.090079120935,18.68,0.76,0.0,0.0,5.0
234,1,train_0295,12313.598272702813,10396.657044006695,89.66570440066954,0.0,12403.263977103483,15.9,0.8,0.0,0.0,5.0
235,1,train_0431,12394.496896013407,10357.045394420718,85.70453944207185,0.0,12480.201435455478,15.98,0.76,0.0,0.0,5.0
236,1,train_0397,12376.113590971725,9955.85304127261,45.58530412726105,0.0,12421.698895098985,15.24,0.62,0.0,0.0,5.0
237,1,train_0259,12709.257699589121,10464.315037230524,96.43150372305246,0.0,12805.689203312173,14.44,0.72,0.0,0.0,5.0
238,1,train_0185,12434.607539398698,10645.913847325883,114.59138473258827,0.0,12549.198924131286,15.54,0.64,0.0,0.0,5.0
239,1,train_0376,12326.85517909934,10528.861559040019,102.88615590400187,0.0,12429.741335003342,16.08,0.54,0.0,0.0,5.0
240,1,train_0084,12268.604290053114,9848.228515614514,34.82285156145135,0.0,12303.427141614566,17.24,0.72,0.0,0.0,5.0
241,1,train_0350,12332.71493913218,10433.940918732398,93.39409187323982,0.0,12426.10903100542,15.26,0.66,0.0,0.0,5.0
242,1,train_0056,11810.645324631212,9921.977268317307,42.19772683173069,0.0,11852.843051462944,17.22,0.74,0.0,0.0,5.0
243,1,train_0389,12308.700913971863,10483.208590283615,98.32085902836153,0.0,12407.021773000224,16.06,0.74,0.0,0.0,5.0
244,1,train_0377,12472.892595830286,10295.781031435097,79.57810314350974,0.0,12552.470698973795,17.84,0.72,0.0,0.0,5.0
245,1,train_0050,12361.064908043309,10321.69666547158,82.16966654715799,0.0,12443.234574590466,14.16,0.7,0.0,0.0,5.0
246,1,train_0454,12975.063019229567,10465.124845841212,96.5124845841212,0.0,13071.575503813689,16.36,0.68,0.0,0.0,5.0
247,1,train_0249,12565.052998684178,10627.433738312599,112.74337383125986,0.0,12677.796372515437,15.64,0.68,0.0,0.0,5.0
248,1,train_0472,12659.622307180463,10769.733674937088,126.97336749370879,0.0,12786.595674674172,16.34,0.7,0.0,0.0,5.0
249,1,train_0024,11869.810124605036,10348.326346940454,84.83263469404538,0.0,11954.64275929908,16.56,0.7,0.0,0.0,5.0
250,1,train_0107,12859.66941054256,10309.990386866468,80.99903868664678,0.0,12940.668449229206,16.3,0.68,0.0,0.0,5.0
251,1,train_0296,12712.146364882243,10393.510777774229,89.35107777742287,0.0,12801.497442659665,15.36,0.72,0.0,0.0,5.0
252,1,train_0112,12173.860716952418,10491.283016409714,99.12830164097142,0.0,12272.98901859339,17.42,0.7,0.0,0.0,5.0
253,1,train_0197,12479.774252758098,10775.693283363153,127.56932833631527,0.0,12607.343581094414,16.06,0.64,0.0,0.0,5.0
254,1,train_0396,12487.826722826305,10625.703259346123,112.57032593461227,0.0,12600.397048760917,14.4,0.68,0.0,0.0,5.0
255,1,train_0086,11966.664190953114,9835.308082215488,33.530808221548796,0.0,12000.194999174662,16.68,0.58,0.0,0.0,5.0
256,1,train_0406,12562.45223639684,10496.114440454869,99.61144404548686,0.0,12662.063680442328,18.74,0.74,0.0,0.0,5.0
257,1,train_0062,12037.95022087778,10406.544889468722,90.65448894687216,0.0,12128.60470982465,15.58,0.72,0.0,0.0,5.0
258,1,train_0105,12332.321362026836,10901.756487360675,140.17564873606753,0.0,12472.497010762903,13.7,0.68,0.0,0.0,5.0
259,1,train_0352,11976.79964173296,10083.093162007119,58.309316200711876,0.0,12035.108957933671,16.9,0.72,0.0,0.0,5.0
260,1,train_0476,12361.015306181136,10579.22265560406,107.92226556040606,0.0,12468.937571741542,18.64,0.58,0.0,0.0,5.0
261,1,train_0102,11955.437215665013,10587.490915592507,108.7490915592507,0.0,12064.186307224263,14.22,0.72,0.0,0.0,5.0
262,1,train_0179,12183.871099635715,10247.537847190839,74.7537847190839,0.0,12258.624884354798,14.56,0.64,0.0,0.0,5.0
263,1,train_0555,12309.72695167537,10195.502422567608,69.5502422567608,0.0,12379.27719393213,17.2,0.8,0.0,0.0,5.0
264,1,train_0593,12288.047971743264,10599.38063888345,109.93806388834491,0.0,12397.98603563161,12.92,0.68,0.0,0.0,5.0
265,1,train_0348,12458.667586874493,10296.295317099255,79.62953170992552,0.0,12538.297118584418,16.54,0.64,0.0,0.0,5.0
266,1,train_0268,12626.885189140721,10096.386422212234,59.638642221223385,0.0,12686.523831361945,16.6,0.76,0.0,0.0,5.0
267,1,train_0208,12186.8601850303,10570.7673578718,107.07673578718004,0.0,12293.93692081748,14.1,0.68,0.0,0.0,5.0
268,1,train_0367,12124.070585126372,10695.662441421267,119.56624414212675,0.0,12243.636829268498,15.12,0.66,0.0,0.0,5.0
269,1,train_0354,11916.162408232021,10353.431065961227,85.34310659612275,0.0,12001.505514828144,16.7,0.76,0.0,0.0,5.0
270,1,train_0176,12820.042533023801,10726.20984314249,122.62098431424893,0.0,12942.663517338051,14.6,0.68,0.0,0.0,5.0
271,1,train_0013,12145.871753836629,10495.528607918719,99.55286079187191,0.0,12245.4246146285,15.94,0.76,0.0,0.0,5.0
272,1,train_0090,12487.08056470807,10515.796586657063,101.5796586657063,0.0,12588.660223373778,14.42,0.62,0.0,0.0,5.0
273,1,train_0575,12765.499459877945,11008.440550264992,150.84405502649915,0.0,12916.343514904444,17.14,0.68,0.0,0.0,5.0
274,1,train_0250,12381.476065623237,10649.088366584558,114.90883665845577,0.0,12496.384902281694,14.52,0.56,0.0,0.0,5.0
275,1,train_0289,12452.825924118155,10794.163688586525,129.41636885865248,0.0,12582.242292976807,17.58,0.72,0.0,0.0,5.0
276,1,train_0280,12411.503705612004,10515.562990823511,101.55629908235115,0.0,12513.060004694355,15.9,0.72,0.0,0.0,5.0
277,1,train_0469,12672.40908160945,10723.467836658812,122.34678366588123,0.0,12794.755865275332,16.28,0.68,0.0,0.0,5.0
278,1,train_0038,12540.08223927482,10345.71637940931,84.57163794093104,0.0,12624.653877215751,17.6,0.76,0.0,0.0,5.0
279,1,train_0049,12493.617358828265,10667.856529850213,116.78565298502127,0.0,12610.403011813287,13.8,0.62,0.0,0.0,5.0
280,1,train_0165,12117.94826816065,10236.379438909436,73.63794389094365,0.0,12191.586212051594,15.44,0.66,0.0,0.0,5.0
281,1,train_0291,12574.703189864027,10538.389897856332,103.8389897856332,0.0,12678.54217964966,14.42,0.58,0.0,0.0,5.0
282,1,train_0402,12556.279713587042,10663.082469186817,116.30824691868166,0.0,12672.587960505723,16.72,0.7,0.0,0.0,5.0
283,1,train_0294,12225.273439977871,10211.383134522652,71.13831345226518,0.0,12296.411753430137,15.02,0.66,0.0,0.0,5.0
284,1,train_0264,11946.862535677457,10310.507160481808,81.05071604818077,0.0,12027.913251725638,16.14,0.66,0.0,0.0,5.0
285,1,train_0562,12153.943159641174,11101.641019558727,160.1641019558727,0.0,12314.107261597046,15.2,0.64,0.0,0.0,5.0
286,1,train_0096,12848.103536916602,10179.82647388954,67.98264738895396,0.0,12916.086184305555,17.12,0.66,0.0,0.0,5.0
287,1,train_0343,13166.76415691213,10914.971078505747,141.49710785057468,0.0,13308.261264762705,14.76,0.68,0.0,0.0,5.0
288,1,train_0325,12376.08141322151,10386.382477901305,88.63824779013049,0.0,12464.719661011639,14.42,0.58,0.0,0.0,5.0
289,1,train_0284,12297.083084558337,10302.742831763237,80.27428317632366,0.0,12377.357367734661,17.68,0.76,0.0,0.0,5.0
290,1,train_0484,12326.664586515002,10453.071667941676,95.30716679416764,0.0,12421.97175330917,13.38,0.54,0.0,0.0,5.0
291,1,train_0160,12581.77176065118,10341.030867057712,84.10308670577125,0.0,12665.87484735695,16.56,0.7,0.0,0.0,5.0
292,1,train_0572,12132.968355774312,10686.69941696518,118.66994169651808,0.0,12251.63829747083,14.2,0.58,0.0,0.0,5.0
293,1,train_0198,11681.171913489417,10032.999287977134,53.29992879771344,0.0,11734.47184228713,15.26,0.78,0.0,0.0,5.0
294,1,train_0327,12374.292274668878,11013.904490762223,151.3904490762223,0.0,12525.6827237451,16.28,0.68,0.0,0.0,5.0
295,1,train_0312,11863.317018264059,10676.28159142703,117.62815914270305,0.0,11980.945177406762,15.52,0.76,0.0,0.0,5.0
296,1,train_0509,12056.276670641244,10230.511232807075,73.05112328070754,0.0,12129.327793921952,14.66,0.7,0.0,0.0,5.0
297,1,train_0263,12162.882252104722,9931.931316131002,43.1931316131002,0.0,12206.075383717822,16.56,0.7,0.0,0.0,5.0
298,1,train_0170,12098.702965473942,10102.01753446796,60.20175344679592,0.0,12158.904718920738,18.06,0.6,0.0,0.0,5.0
299,1,train_0012,12893.406610803242,10821.78507328777,132.17850732877704,0.0,13025.58511813202,16.28,0.7,0.0,0.0,5.0
300,1,train_0218,12751.915011263376,10707.706754137289,120.7706754137289,0.0,12872.685686677105,15.94,0.62,0.0,0.0,5.0
301,1,train_0495,12212.248114721539,10781.928468043203,128.19284680432028,0.0,12340.44096152586,15.84,0.74,0.0,0.0,5.0
302,1,train_0005,12220.88458110046,10074.818058651425,57.481805865142455,0.0,12278.366386965601,17.58,0.72,0.0,0.0,5.0
303,1,train_0537,12004.875782778185,10295.650683026328,79.5650683026328,0.0,12084.440851080817,17.96,0.7,0.0,0.0,5.0
304,1,train_0325,12195.80385041004,10566.298644502003,106.62986445020033,0.0,12302.43371486024,12.54,0.66,0.0,0.0,5.0
305,1,train_0084,12102.611379768925,10218.631041523118,71.86310415231183,0.0,12174.474483921236,17.64,0.72,0.0,0.0,5.0
306,1,train_0181,11641.350170034922,9846.192220612793,34.61922206127929,0.0,11675.969392096202,17.7,0.74,0.0,0.0,5.0
307,1,train_0332,12070.157634099443,10226.432554944673,72.64325549446731,0.0,12142.800889593911,15.12,0.64,0.0,0.0,5.0
308,1,train_0189,12118.665113558538,10394.698842980066,89.46988429800659,0.0,12208.134997856545,15.0,0.72,0.0,0.0,5.0
309,1,train_0065,12441.595760836964,10609.983621938234,110.99836219382343,0.0,12552.594123030787,15.04,0.66,0.0,0.0,5.0
310,1,train_0399,12257.110629208673,10152.036872312488,65.20368723124885,0.0,12322.314316439923,14.16,0.76,0.0,0.0,5.0
311,1,train_0403,12742.839410784061,10656.130697554938,115.61306975549378,0.0,12858.452480539556,14.52,0.72,0.0,0.0,5.0
312,1,train_0071,12585.787802392551,10586.372451054576,108.63724510545762,0.0,12694.425047498009,15.04,0.72,0.0,0.0,5.0
313,1,train_0168,12511.523084119033,10845.763589595772,134.5763589595772,0.0,12646.09944307861,15.28,0.7,0.0,0.0,5.0
314,1,train_0146,12222.742648845753,11007.35363386205,150.73536338620508,0.0,12373.478012231959,16.46,0.46,0.0,0.0,5.0
315,1,train_0395,12183.656731467723,10073.076814479873,57.30768144798731,0.0,12240.96441291571,15.36,0.64,0.0,0.0,5.0
316,1,train_0438,12235.859791142902,10554.168738461463,105.41687384614634,0.0,12341.27666498905,16.56,0.7,0.0,0.0,5.0
317,1,train_0436,12739.507883409176,10377.056556812418,87.70565568124185,0.0,12827.213539090419,15.58,0.7,0.0,0.0,5.0
318,1,train_0563,12317.194412951123,10438.193136827409,93.81931368274091,0.0,12411.013726633864,16.18,0.6,0.0,0.0,5.0
319,1,train_0461,12249.068508940521,10940.37407551717,144.03740755171694,0.0,12393.105916492239,14.4,0.7,0.0,0.0,5.0
320,1,train_0192,12740.129542058798,10491.427997135623,99.14279971356228,0.0,12839.27234177236,16.26,0.5,0.0,0.0,5.0
321,1,train_0064,12710.557038785491,10624.32004129202,112.43200412920197,0.0,12822.989042914693,16.58,0.62,0.0,0.0,5.0
322,1,train_0368,12440.034933293522,10610.081495966962,111.00814959669624,0.0,12551.043082890219,16.66,0.74,0.0,0.0,5.0
323,1,train_0549,12255.910427070055,10623.438417703812,112.34384177038119,0.0,12368.254268840437,17.04,0.66,0.0,0.0,5.0
324,1,train_0585,12541.694170969844,10510.997344810281,101.09973448102811,0.0,12642.793905450872,14.0,0.58,0.0,0.0,5.0
325,1,train_0138,12249.492031932092,10553.296745456439,105.32967454564387,0.0,12354.821706477736,16.82,0.6,0.0,0.0,5.0
326,1,train_0141,12848.416923067038,10646.640369548228,114.66403695482278,0.0,12963.08096002186,13.88,0.72,0.0,0.0,5.0
327,1,train_0022,12471.568202164082,10522.68371305072,102.26837130507192,0.0,12573.836573469154,18.86,0.66,0.0,0.0,5.0
328,1,train_0084,12208.32342274958,10036.730628626165,53.67306286261646,0.0,12261.996485612195,17.58,0.66,0.0,0.0,5.0
329,1,train_0332,12096.772108077761,10321.092334076919,82.10923340769187,0.0,12178.881341485452,16.38,0.66,0.0,0.0,5.0
330,1,train_0328,12301.899504353896,10773.847577539684,127.38475775396837,0.0,12429.284262107865,16.42,0.6,0.0,0.0,5.0
331,1,train_0222,12335.696259499044,10642.311130320726,114.23111303207261,0.0,12449.927372531116,17.92,0.6,0.0,0.0,5.0
332,1,train_0185,12474.169958063912,10475.184368804981,97.51843688049813,0.0,12571.68839494441,15.82,0.64,0.0,0.0,5.0
333,1,train_0497,12244.986362170435,11000.020863288833,150.00208632888334,0.0,12394.988448499318,14.2,0.56,0.0,0.0,5.0
334,1,train_0276,12426.392642991348,9971.534084044313,47.153408404431325,0.0,12473.546051395779,14.72,0.66,0.0,0.0,5.0
335,1,train_0484,12762.832951007778,10283.504551209962,78.35045512099623,0.0,12841.183406128774,12.04,0.66,0.0,0.0,5.0
336,1,train_0577,13105.089453951918,10982.733262298985,148.27332622989852,0.0,13253.362780181817,16.0,0.68,0.0,0.0,5.0
337,1,train_0190,12717.473666461996,10637.109230663063,113.71092306630635,0.0,12831.184589528302,16.94,0.7,0.0,0.0,5.0
338,1,train_0121,12500.60323216443,9998.295521356493,49.82955213564929,0.0,12550.43278430008,13.68,0.52,0.0,0.0,5.0
339,1,train_0571,12220.175523666312,10519.83383514097,101.98338351409694,0.0,12322.158907180408,15.78,0.74,0.0,0.0,5.0
340,1,train_0380,12171.714164034009,10123.542737041433,62.354273704143274,0.0,12234.068437738151,17.54,0.66,0.0,0.0,5.0
341,1,train_0174,12649.055720797582,10058.413417899857,55.84134178998575,0.0,12704.897062587568,16.5,0.78,0.0,0.0,5.0
342,1,train_0373,12867.323883653095,10349.303511469141,84.93035114691412,0.0,12952.254234800008,14.42,0.62,0.0,0.0,5.0
343,1,train_0309,12367.27646881487,10363.435482201483,86.3435482201483,0.0,12453.620017035018,14.2,0.5,0.0,0.0,5.0
344,1,train_0543,12408.916199596484,10567.358524934576,106.73585249345761,0.0,12515.652052089941,15.76,0.64,0.0,0.0,5.0
345,1,train_0153,12096.60651457353,10426.782048778532,92.6782048778532,0.0,12189.284719451383,16.26,0.66,0.0,0.0,5.0
346,1,train_0594,12023.219185127098,10520.776186581275,102.07761865812755,0.0,12125.296803785226,17.2,0.56,0.0,0.0,5.0
347,1,train_0561,12369.44177420423,10593.421309459742,109.34213094597418,0.0,12478.783905150203,16.98,0.72,0.0,0.0,5.0
348,1,train_0108,12507.590552692236,10572.158143241008,107.21581432410076,0.0,12614.806367016337,18.06,0.64,0.0,0.0,5.0
349,1,train_0098,12647.68497109276,9794.527027376902,29.4527027376902,0.0,12677.13767383045,14.5,0.68,0.0,0.0,5.0
350,1,train_0319,12340.021713288937,10868.77483267177,136.877483267177,0.0,12476.899196556114,14.86,0.64,0.0,0.0,5.0
351,1,train_0026,12159.725654888507,10118.941895791457,61.89418957914568,0.0,12221.619844467652,13.76,0.74,0.0,0.0,5.0
352,1,train_0179,12343.363007637216,10003.441935812669,50.344193581266886,0.0,12393.707201218482,16.12,0.7,0.0,0.0,5.0
353,1,train_0261,12314.327367794525,10693.300312049085,119.3300312049085,0.0,12433.657398999434,16.84,0.66,0.0,0.0,5.0
354,1,train_0581,12294.00029256587,10310.117587265206,81.01175872652057,0.0,12375.012051292391,16.0,0.72,0.0,0.0,5.0
355,1,train_0595,11847.823448961397,10256.94016510439,75.694016510439,0.0,11923.517465471836,16.5,0.62,0.0,0.0,5.0
356,1,train_0090,12274.015530577031,10531.874754807286,103.18747548072861,0.0,12377.20300605776,13.84,0.76,0.0,0.0,5.0
357,1,train_0535,12160.797067857804,10369.775269431262,86.97752694312622,0.0,12247.77459480093,14.46,0.7,0.0,0.0,5.0
358,1,train_0054,12388.780341693437,10296.877687785836,79.68776877858363,0.0,12468.46811047202,15.02,0.7,0.0,0.0,5.0
359,1,train_0449,12427.00757510959,10588.34816381652,108.83481638165195,0.0,12535.842391491242,16.6,0.64,0.0,0.0,5.0
360,1,train_0507,12389.148032798093,10494.50599033797,99.45059903379698,0.0,12488.59863183189,16.86,0.74,0.0,0.0,5.0
361,1,train_0534,12673.078636197179,10439.058897651437,93.90588976514374,0.0,12766.984525962322,16.22,0.58,0.0,0.0,5.0
362,1,train_0134,12886.365401662455,10696.4074429932,119.64074429932008,0.0,13006.006145961775,14.14,0.6,0.0,0.0,5.0
363,1,train_0536,12624.406232589932,10325.351616799218,82.53516167992184,0.0,12706.941394269854,15.6,0.78,0.0,0.0,5.0
364,1,train_0069,12066.571623423893,10487.287526879407,98.7287526879407,0.0,12165.300376111834,16.44,0.6,0.0,0.0,5.0
365,1,train_0311,12353.737633912711,10256.018607230526,75.6018607230526,0.0,12429.339494635764,15.64,0.72,0.0,0.0,5.0
366,1,train_0281,12698.417337054394,10548.185946341859,104.81859463418587,0.0,12803.23593168858,14.84,0.56,0.0,0.0,5.0
367,1,train_0189,12383.563022066817,10154.178739547917,65.41787395479169,0.0,12448.980896021609,15.6,0.54,0.0,0.0,5.0
368,1,train_0013,12118.875416116916,10560.013803153728,106.00138031537281,0.0,12224.876796432289,14.7,0.74,0.0,0.0,5.0
369,1,train_0463,12046.552720291698,10349.85222643721,84.98522264372096,0.0,12131.53794293542,17.12,0.58,0.0,0.0,5.0
370,1,train_0201,12089.156488893583,10635.880652598215,113.58806525982146,0.0,12202.744554153403,16.24,0.66,0.0,0.0,5.0
371,1,train_0396,12414.084837418028,10193.918666952295,69.39186669522951,0.0,12483.476704113258,13.32,0.74,0.0,0.0,5.0
372,1,train_0246,12187.806377046061,10348.73339494747,84.87333949474706,0.0,12272.679716540808,15.92,0.62,0.0,0.0,5.0
373,1,train_0224,12306.52587871589,10406.815998501323,90.68159985013227,0.0,12397.20747856602,14.6,0.72,0.0,0.0,5.0
374,1,train_0531,12109.00510745469,10827.814139273098,132.78141392730979,0.0,12241.786521382,16.86,0.64,0.0,0.0,5.0
375,1,train_0056,11757.610787592897,10214.749864264992,71.47498642649917,0.0,11829.085774019397,16.66,0.72,0.0,0.0,5.0
376,1,train_0441,12383.326554205043,10299.708355238181,79.9708355238181,0.0,12463.297389728861,16.34,0.9,0.0,0.0,5.0
377,1,train_0448,12316.084103417672,10401.657457746778,90.16574577467782,0.0,12406.24984919235,15.3,0.7,0.0,0.0,5.0
378,1,train_0227,12576.828578205284,10634.682879736101,113.46828797361013,0.0,12690.296866178895,17.08,0.68,0.0,0.0,5.0
379,1,train_0157,12487.194894249027,10371.009071760891,87.1009071760891,0.0,12574.295801425116,15.5,0.76,0.0,0.0,5.0
380,1,train_0003,12081.080260488674,10121.629174790498,62.162917479049796,0.0,12143.243177967724,16.94,0.5,0.0,0.0,5.0
381,1,train_0562,12491.294685199107,10537.01820090329,103.70182009032906,0.0,12594.996505289437,16.06,0.7,0.0,0.0,5.0
382,1,train_0568,13176.061881036345,10398.13308241723,89.81330824172292,0.0,13265.875189278067,15.04,0.7,0.0,0.0,5.0
383,1,train_0144,12692.788995498058,11439.785780408482,193.97857804084816,0.0,12886.767573538906,15.12,0.5,0.0,0.0,5.0
384,1,train_0019,12721.873705612388,10427.130410639495,92.71304106394946,0.0,12814.586746676337,16.34,0.58,0.0,0.0,5.0
385,1,train_0073,12479.192304213633,10118.287749924095,61.82877499240949,0.0,12541.021079206042,17.1,0.66,0.0,0.0,5.0
386,1,train_0040,12341.38665610367,10812.822841968815,131.28228419688148,0.0,12472.668940300551,17.44,0.7,0.0,0.0,5.0
387,1,train_0498,12495.172612046656,10619.297921637823,111.92979216378227,0.0,12607.102404210438,15.96,0.6,0.0,0.0,5.0
388,1,train_0535,12056.714774858068,10425.31618266712,92.53161826671203,0.0,12149.24639312478,15.24,0.72,0.0,0.0,5.0
389,1,train_0091,12241.364498512663,10455.96913128379,95.59691312837896,0.0,12336.961411641041,15.7,0.7,0.0,0.0,5.0
390,1,train_0448,12326.925601299987,10387.875453010913,88.78754530109127,0.0,12415.713146601078,14.98,0.6,0.0,0.0,5.0
391,1,train_0107,12657.276298630206,10425.391684135266,92.53916841352657,0.0,12749.815467043732,17.34,0.48,0.0,0.0,5.0
392,1,train_0220,12628.935650129728,10406.316351684905,90.63163516849055,0.0,12719.567285298219,16.7,0.62,0.0,0.0,5.0
393,1,train_0359,12547.968891347962,10442.220760016407,94.22207600164074,0.0,12642.190967349603,15.54,0.88,0.0,0.0,5.0
394,1,train_0431,12300.587146869362,10225.791440582274,72.5791440582274,0.0,12373.16629092759,16.56,0.78,0.0,0.0,5.0
395,1,train_0524,12204.432561341142,10141.61663451571,64.16166345157107,0.0,12268.594224792712,17.32,0.68,0.0,0.0,5.0
396,1,train_0026,12235.088572869061,10176.817004904608,67.68170049046076,0.0,12302.770273359522,15.14,0.76,0.0,0.0,5.0
397,1,train_0117,12134.032140979001,9989.858968537003,48.985896853700254,0.0,12183.018037832702,16.28,0.62,0.0,0.0,5.0
398,1,train_0168,12358.179681696141,10753.229537062029,125.32295370620287,0.0,12483.502635402345,16.9,0.68,0.0,0.0,5.0
399,1,train_0186,12435.035218631832,10540.629921436754,104.06299214367537,0.0,12539.098210775508,15.22,0.8,0.0,0.0,5.0
400,2,train_0598,12354.549164408238,10112.745890281278,61.27458902812778,0.0,12415.823753436365,13.98,0.58,0.0,0.0,5.0
401,2,train_0466,12461.607955080308,10478.164244607611,97.81642446076113,0.0,12559.42437954107,17.26,0.72,0.0,0.0,5.0
402,2,train_0192,12537.605158851651,10743.352015960816,124.33520159608162,0.0,12661.940360447732,17.34,0.66,0.0,0.0,5.0
403,2,train_0583,12508.732270302848,10388.41530295672,88.84153029567206,0.0,12597.57380059852,15.12,0.64,0.0,0.0,5.0
404,2,train_0299,12195.274580864043,10455.714690985042,95.57146909850417,0.0,12290.846049962547,14.34,0.52,0.0,0.0,5.0
405,2,train_0300,12305.88140479416,10157.941283514347,65.79412835143467,0.0,12371.675533145593,16.02,0.58,0.0,0.0,5.0
406,2,train_0260,12113.90936672248,10417.462038838983,91.74620388389832,0.0,12205.65557060638,15.94,0.54,0.0,0.0,5.0
407,2,train_0086,12065.814413933665,9904.364376553796,40.436437655379635,0.0,12106.250851589046,16.66,0.7,0.0,0.0,5.0
408,2,train_0560,12483.619661623563,10439.728435024295,93.97284350242954,0.0,12577.592505125993,16.88,0.56,0.0,0.0,5.0
409,2,train_0008,12179.662807223573,10807.721099197308,130.7721099197308,0.0,12310.434917143304,14.22,0.76,0.0,0.0,5.0
410,2,train_0104,12210.745811388833,10685.2301327824,118.52301327824007,0.0,12329.268824667073,18.08,0.62,0.0,0.0,5.0
411,2,train_0137,12009.408816054198,10161.14364343517,66.11436434351708,0.0,12075.523180397715,16.28,0.64,0.0,0.0,5.0
412,2,train_0167,12075.19036925276,10287.376099419253,78.73760994192526,0.0,12153.927979194685,15.84,0.62,0.0,0.0,5.0
413,2,train_0079,12397.8057294237,10686.66652909897,118.66665290989695,0.0,12516.472382333597,16.28,0.66,0.0,0.0,5.0
414,2,train_0010,12145.95986628775,10817.37135827844,131.73713582784404,0.0,12277.697002115594,16.4,0.68,0.0,0.0,5.0
415,2,train_0406,12825.413371686507,10424.170845944065,92.41708459440652,0.0,12917.830456280913,16.92,0.72,0.0,0.0,5.0
416,2,train_0581,12052.944421918619,10435.23218801888,93.52321880188794,0.0,12146.467640720506,16.46,0.66,0.0,0.0,5.0
417,2,train_0073,12253.029843751638,10263.47502579775,76.34750257977502,0.0,12329.377346331412,16.26,0.72,0.0,0.0,5.0
418,2,train_0177,12469.697089567831,10638.991813528008,113.89918135280078,0.0,12583.596270920632,14.22,0.66,0.0,0.0,5.0
419,2,train_0303,12317.805472116524,10244.289131749714,74.42891317497143,0.0,12392.234385291496,16.44,0.78,0.0,0.0,5.0
420,2,train_0556,12658.89883345868,10036.802474135864,53.68024741358641,0.0,12712.579080872265,14.36,0.76,0.0,0.0,5.0
421,2,train_0416,12303.889936342159,10479.071162625558,97.9071162625558,0.0,12401.797052604714,18.02,0.62,0.0,0.0,5.0
422,2,train_0459,12258.18894315699,10464.502172138304,96.45021721383037,0.0,12354.639160370822,17.4,0.64,0.0,0.0,5.0
423,2,train_0348,12468.265994231762,10653.420810338826,115.34208103388265,0.0,12583.608075265645,16.12,0.64,0.0,0.0,5.0
424,2,train_0250,11922.724020450401,10410.087811033158,91.00878110331578,0.0,12013.732801553717,16.08,0.74,0.0,0.0,5.0
425,2,train_0119,12118.005638209126,10524.690078336498,102.46900783364981,0.0,12220.474646042776,16.04,0.68,0.0,0.0,5.0
426,2,train_0518,12632.976986201722,10633.716594198633,113.37165941986332,0.0,12746.348645621585,15.2,0.56,0.0,0.0,5.0
427,2,train_0482,12140.739043951373,10137.110075161596,63.71100751615959,0.0,12204.450051467533,14.74,0.58,0.0,0.0,5.0
428,2,train_0015,12254.874487042787,10225.004417937078,72.5004417937078,0.0,12327.374928836494,14.74,0.68,0.0,0.0,5.0
429,2,train_0429,12574.15860035651,10915.45153564898,141.54515356489793,0.0,12715.703753921407,15.86,0.66,0.0,0.0,5.0
430,2,train_0050,12239.046704677981,10850.902767285457,135.09027672854572,0.0,12374.136981406527,16.62,0.68,0.0,0.0,5.0
431,2,train_0443,13051.534043787073,10656.241761830574,115.62417618305736,0.0,13167.15821997013,16.5,0.58,0.0,0.0,5.0
432,2,train_0495,12399.500082311948,10607.343394680363,110.73433946803635,0.0,12510.234421779984,18.12,0.68,0.0,0.0,5.0
433,2,train_0078,12216.182318376385,10513.44872806103,101.34487280610301,0.0,12317.527191182488,15.24,0.56,0.0,0.0,5.0
434,2,train_0260,12121.836709255767,10202.705095942569,70.27050959425688,0.0,12192.107218850024,16.22,0.7,0.0,0.0,5.0
435,2,train_0074,12520.466542510785,10613.966895544854,111.39668955448542,0.0,12631.86323206527,16.46,0.64,0.0,0.0,5.0
436,2,train_0340,12153.071968615877,10685.88745364538,118.58874536453806,0.0,12271.660713980415,17.38,0.72,0.0,0.0,5.0
437,2,train_0556,12476.688405564208,10649.389437627993,114.93894376279933,0.0,12591.627349327007,13.64,0.56,0.0,0.0,5.0
438,2,train_0048,12447.290398655974,10279.530196929805,77.95301969298053,0.0,12525.243418348955,15.52,0.64,0.0,0.0,5.0
439,2,train_0238,12460.064209716282,10313.82678764674,81.38267876467398,0.0,12541.446888480956,16.26,0.66,0.0,0.0,5.0
440,2,train_0583,12379.462237266529,10611.55690363257,111.15569036325707,0.0,12490.617927629786,15.1,0.52,0.0,0.0,5.0
441,2,train_0180,12491.463603575396,10743.256936838676,124.32569368386758,0.0,12615.789297259264,16.54,0.74,0.0,0.0,5.0
442,2,train_0079,12209.551498378481,10534.88179718223,103.48817971822301,0.0,12313.039678096704,15.16,0.66,0.0,0.0,5.0
443,2,train_0293,12048.151422858442,10334.368606443393,83.43686064433933,0.0,12131.58828350278,16.22,0.8,0.0,0.0,5.0
444,2,train_0305,12551.84872196714,10355.390121641536,85.53901216415362,0.0,12637.387734131295,15.24,0.66,0.0,0.0,5.0
445,2,train_0397,12461.138435330085,9953.106075263877,45.310607526387685,0.0,12506.449042856473,16.02,0.66,0.0,0.0,5.0
446,2,train_0188,12561.779639657792,10336.592900176849,83.65929001768491,0.0,12645.438929675478,15.58,0.66,0.0,0.0,5.0
447,2,train_0573,12166.195854614212,10079.880598087993,57.988059808799335,0.0,12224.18391442301,15.44,0.6,0.0,0.0,5.0
448,2,train_0312,12391.471975741777,10175.33252620783,67.53325262078306,0.0,12459.00522836256,16.7,0.6,0.0,0.0,5.0
449,2,train_0171,12897.890153553244,10814.604728177941,131.4604728177941,0.0,13029.350626371039,15.44,0.62,0.0,0.0,5.0
450,2,train_0576,12361.275313143098,10142.998819209412,64.29988192094116,0.0,12425.575195064039,14.34,0.6,0.0,0.0,5.0
451,2,train_0554,12367.349647015992,10296.420653023404,79.64206530234043,0.0,12446.991712318331,14.1,0.8,0.0,0.0,5.0
452,2,train_0299,12175.177335986584,10550.316212540285,105.03162125402851,0.0,12280.208957240613,14.8,0.72,0.0,0.0,5.0
453,2,train_0014,12299.798999168808,10720.816697558394,122.08166975583936,0.0,12421.880668924648,16.98,0.72,0.0,0.0,5.0
454,2,train_0358,12623.723202749223,10605.326186793664,110.53261867936635,0.0,12734.25582142859,15.42,0.58,0.0,0.0,5.0
455,2,train_0333,12767.74543597671,11103.306098478879,160.3306098478879,0.0,12928.076045824599,15.96,0.68,0.0,0.0,5.0
456,2,train_0088,12420.26402420575,10638.268767924304,113.82687679243045,0.0,12534.09090099818,17.36,0.6,0.0,0.0,5.0
457,2,train_0380,12167.5999697166,10355.70698802378,85.57069880237796,0.0,12253.170668518978,17.8,0.68,0.0,0.0,5.0
458,2,train_0504,12678.650030138278,10062.440418053291,56.24404180532911,0.0,12734.894071943607,14.98,0.62,0.0,0.0,5.0
459,2,train_0063,12614.325729352346,10286.342879161144,78.63428791611442,0.0,12692.96001726846,13.96,0.56,0.0,0.0,5.0
460,2,train_0433,12117.675377628588,10371.454545623661,87.14545456236611,0.0,12204.820832190953,16.54,0.56,0.0,0.0,5.0
461,2,train_0084,12170.565757744194,10262.358191698971,76.23581916989716,0.0,12246.801576914091,17.08,0.68,0.0,0.0,5.0
462,2,train_0449,12726.007792441807,10741.947205655311,124.19472056553114,0.0,12850.202513007338,16.42,0.64,0.0,0.0,5.0
463,2,train_0251,12232.48329844363,10594.422355415287,109.44223554152869,0.0,12341.925533985159,15.8,0.68,0.0,0.0,5.0
464,2,train_0003,12318.047667232046,10331.365175603496,83.1365175603496,0.0,12401.184184792395,17.26,0.7,0.0,0.0,5.0
465,2,train_0579,12527.675143940909,10474.057277055588,97.40572770555883,0.0,12625.080871646467,15.66,0.64,0.0,0.0,5.0
466,2,train_0099,12123.956867995996,10410.673781970505,91.0673781970505,0.0,12215.024246193047,17.7,0.62,0.0,0.0,5.0
467,2,train_0357,12090.86495194691,10176.558469662647,67.65584696626466,0.0,12158.520798913176,14.46,0.74,0.0,0.0,5.0
468,2,train_0108,12489.642276669705,10539.44692700254,103.94469270025402,0.0,12593.586969369959,19.72,0.62,0.0,0.0,5.0
469,2,train_0559,12401.433625798745,10540.024311272988,104.00243112729878,0.0,12505.436056926044,17.32,0.68,0.0,0.0,5.0
470,2,train_0442,12836.479114288202,10218.699886464514,71.86998864645139,0.0,12908.349102934653,15.24,0.64,0.0,0.0,5.0
471,2,train_0482,12082.437964009618,10067.499502230712,56.74995022307121,0.0,12139.187914232689,15.04,0.62,0.0,0.0,5.0
472,2,train_0259,12295.954448678489,10542.014248967122,104.20142489671217,0.0,12400.1558735752,15.2,0.66,0.0,0.0,5.0
473,2,train_0280,12604.194058311063,10530.811886273095,103.08118862730953,0.0,12707.275246938372,15.9,0.66,0.0,0.0,5.0
474,2,train_0380,12281.495868529946,10356.075616231945,85.6075616231945,0.0,12367.10343015314,17.68,0.62,0.0,0.0,5.0
475,2,train_0470,12212.019031866683,10131.487239922939,63.148723992293895,0.0,12275.167755858976,15.84,0.56,0.0,0.0,5.0
476,2,train_0508,12390.859871132689,10904.568963309343,140.45689633093426,0.0,12531.316767463622,14.96,0.5,0.0,0.0,5.0
477,2,train_0010,12712.91047352754,10149.21217420469,64.92121742046893,0.0,12777.831690948009,17.06,0.64,0.0,0.0,5.0
478,2,train_0398,11907.991962925178,10462.558644292234,96.25586442922341,0.0,12004.247827354402,14.76,0.64,0.0,0.0,5.0
479,2,train_0065,12472.3648379123,10610.56510265579,111.05651026557899,0.0,12583.421348177879,14.58,0.72,0.0,0.0,5.0
480,2,train_0172,12239.633327929565,10553.32179537085,105.332179537085,0.0,12344.96550746665,17.92,0.68,0.0,0.0,5.0
481,2,train_0497,12653.74474092469,10434.522865474964,93.45228654749644,0.0,12747.197027472186,15.84,0.76,0.0,0.0,5.0
482,2,train_0150,12402.44326377349,10217.332509156528,71.73325091565276,0.0,12474.176514689143,18.18,0.62,0.0,0.0,5.0
483,2,train_0478,12273.935917873305,10547.598848177313,104.75988481773129,0.0,12378.695802691036,14.02,0.76,0.0,0.0,5.0
484,2,train_0277,12404.240365999924,10387.432824183621,88.74328241836211,0.0,12492.983648418285,16.5,0.72,0.0,0.0,5.0
485,2,train_0139,12465.122167695426,10103.82206882285,60.38220688228503,0.0,12525.504374577711,13.84,0.6,0.0,0.0,5.0
486,2,train_0200,12361.37861005785,10627.805646492063,112.78056464920628,0.0,12474.159174707058,17.36,0.52,0.0,0.0,5.0
487,2,train_0318,12130.172281255902,10526.11835443311,102.61183544331107,0.0,12232.784116699213,18.2,0.6,0.0,0.0,5.0
488,2,train_0459,12424.545216251809,10328.690559367551,82.8690559367551,0.0,12507.414272188564,16.88,0.72,0.0,0.0,5.0
489,2,train_0363,12527.007334928829,10823.305372056413,132.33053720564132,0.0,12659.33787213447,15.96,0.7,0.0,0.0,5.0
490,2,train_0559,12501.316572191277,10399.429173329207,89.94291733292067,0.0,12591.259489524198,18.2,0.66,0.0,0.0,5.0
491,2,train_0520,12118.802178717879,10114.053390900663,61.40533909006626,0.0,12180.207517807945,14.12,0.56,0.0,0.0,5.0
492,2,train_0452,12297.299798440767,10235.352053236109,73.5352053236109,0.0,12370.835003764378,15.82,0.58,0.0,0.0,5.0
493,2,train_0361,12700.39358674744,10770.564547206443,127.05645472064425,0.0,12827.450041468084,16.28,0.62,0.0,0.0,5.0
494,2,train_0173,12507.732471081916,10843.811515197842,134.3811515197842,0.0,12642.1136226017,17.54,0.64,0.0,0.0,5.0
495,2,train_0247,12337.082294266078,10746.838475573488,124.68384755734878,0.0,12461.766141823427,15.16,0.54,0.0,0.0,5.0
496,2,train_0071,12511.292117316105,10420.597701683235,92.0597701683235,0.0,12603.351887484429,13.64,0.74,0.0,0.0,5.0
497,2,train_0224,12369.936926628263,10557.83036557717,105.78303655771707,0.0,12475.71996318598,14.12,0.66,0.0,0.0,5.0
498,2,train_0555,11958.226027329025,10244.397679286643,74.43976792866434,0.0,12032.66579525769,17.28,0.8,0.0,0.0,5.0
499,2,train_0255,11953.036993436059,10445.607905290974,94.56079052909736,0.0,12047.597783965157,16.7,0.8,0.0,0.0,5.0
500,2,train_0068,12436.214882499786,10706.93848995586,120.6938489955861,0.0,12556.908731495372,15.54,0.6,0.0,0.0,5.0
501,2,train_0391,12177.521381380684,10534.66211768764,103.46621176876397,0.0,12280.987593149448,15.86,0.62,0.0,0.0,5.0
502,2,train_0577,13013.168502782897,10726.03272774774,122.6032727747741,0.0,13135.77177555767,16.0,0.74,0.0,0.0,5.0
503,2,train_0520,11911.25779207741,10462.213202187266,96.22132021872659,0.0,12007.479112296136,14.68,0.68,0.0,0.0,5.0
504,2,train_0164,12563.950065477367,9838.280926820817,33.82809268208166,0.0,12597.77815815945,14.26,0.6,0.0,0.0,5.0
505,2,train_0272,12539.491923056788,10631.405212641097,113.14052126410971,0.0,12652.632444320898,13.42,0.7,0.0,0.0,5.0
506,2,train_0318,12551.850281076535,10184.976516176608,68.49765161766082,0.0,12620.347932694196,17.04,0.56,0.0,0.0,5.0
507,2,train_0148,12676.855143039169,10429.797756603857,92.97977566038571,0.0,12769.834918699555,16.54,0.58,0.0,0.0,5.0
508,2,train_0161,12409.175744721755,10516.042033832467,101.60420338324676,0.0,12510.779948105002,15.1,0.66,0.0,0.0,5.0
509,2,train_0141,12641.46025805307,10682.045632276568,118.20456322765676,0.0,12759.664821280727,13.86,0.64,0.0,0.0,5.0
510,2,train_0596,12370.537267006684,10494.425231936308,99.44252319363078,0.0,12469.979790200316,16.38,0.68,0.0,0.0,5.0
511,2,train_0447,12461.404828235729,10748.112830456856,124.81128304568557,0.0,12586.216111281414,15.8,0.74,0.0,0.0,5.0
512,2,train_0504,12626.604163016855,10238.671908538872,73.86719085388722,0.0,12700.471353870742,14.62,0.68,0.0,0.0,5.0
513,2,train_0489,12007.339371247714,10128.04164719688,62.80416471968802,0.0,12070.143535967401,16.1,0.52,0.0,0.0,5.0
514,2,train_0575,12647.668418557983,11056.998740350562,155.6998740350562,0.0,12803.368292593039,17.34,0.72,0.0,0.0,5.0
515,2,train_0063,12682.149702037394,10393.372288295832,89.33722882958318,0.0,12771.486930866977,15.6,0.58,0.0,0.0,5.0
516,2,train_0528,12610.747654286073,10381.748363681663,88.17483636816632,0.0,12698.92249065424,14.94,0.66,0.0,0.0,5.0
517,2,train_0039,12684.469621666474,10516.269501750987,101.62695017509868,0.0,12786.096571841574,16.66,0.54,0.0,0.0,5.0
518,2,train_0285,12378.252733006164,10068.179106169178,56.817910616917835,0.0,12435.070643623081,14.52,0.78,0.0,0.0,5.0
519,2,train_0356,12501.311817394899,10942.15420373273,144.21542037327308,0.0,12645.527237768172,15.28,0.68,0.0,0.0,5.0
520,2,train_0214,12167.614274819527,10153.859669409134,65.38596694091339,0.0,12233.000241760441,15.06,0.6,0.0,0.0,5.0
521,2,train_0087,12504.463805266161,10722.141530891951,122.21415308919514,0.0,12626.677958355356,14.92,0.66,0.0,0.0,5.0
522,2,train_0115,12599.529464801104,10757.254014468439,125.7254014468439,0.0,12725.254866247948,15.6,0.66,0.0,0.0,5.0
523,2,train_0494,12044.638820756383,10423.230105547771,92.32301055477711,0.0,12136.96183131116,16.9,0.64,0.0,0.0,5.0
524,2,train_0191,12489.384005737296,10860.925339348174,136.0925339348174,0.0,12625.476539672114,15.38,0.68,0.0,0.0,5.0
525,2,train_0186,12343.272384798378,10547.57331411629,104.75733141162891,0.0,12448.029716210007,14.0,0.62,0.0,0.0,5.0
526,2,train_0554,12327.646937516378,10292.71383572675,79.27138357267505,0.0,12406.918321089053,13.46,0.62,0.0,0.0,5.0
527,2,train_0086,11832.300412861558,10019.408930227099,51.940893022709865,0.0,11884.241305884267,17.52,0.58,0.0,0.0,5.0
528,2,train_0549,12739.412153082862,10326.983558201493,82.6983558201493,0.0,12822.110508903012,16.24,0.58,0.0,0.0,5.0
529,2,train_0552,12361.599897146429,10546.431902358734,104.64319023587342,0.0,12466.243087382301,15.54,0.6,0.0,0.0,5.0
530,2,train_0359,12283.447871870141,11104.27243185162,160.42724318516196,0.0,12443.875115055303,15.8,0.7,0.0,0.0,5.0
531,2,train_0099,11967.605938574845,10134.397611730037,63.43976117300372,0.0,12031.045699747849,17.0,0.62,0.0,0.0,5.0
532,2,train_0093,11987.145634716486,10291.007046691459,79.10070466914586,0.0,12066.246339385632,17.68,0.6,0.0,0.0,5.0
533,2,train_0170,11916.909705743257,10487.743252423268,98.77432524232682,0.0,12015.684030985583,17.9,0.74,0.0,0.0,5.0
534,2,train_0346,13018.159063896692,10638.056869063881,113.80568690638812,0.0,13131.96475080308,14.72,0.72,0.0,0.0,5.0
535,2,train_0092,12854.080960128133,10514.246153727305,101.42461537273049,0.0,12955.505575500863,16.06,0.5,0.0,0.0,5.0
536,2,train_0273,12631.464868921365,10433.974190750429,93.39741907504286,0.0,12724.862287996408,17.02,0.66,0.0,0.0,5.0
537,2,train_0069,12291.325365811375,10168.38966918682,66.83896691868195,0.0,12358.164332730057,16.32,0.7,0.0,0.0,5.0
538,2,train_0324,12148.882635023876,10599.546704146906,109.95467041469055,0.0,12258.837305438567,14.1,0.5,0.0,0.0,5.0
539,2,train_0012,12770.499166904656,10870.092890157328,137.0092890157328,0.0,12907.508455920388,15.0,0.7,0.0,0.0,5.0
540,2,train_0425,12457.855738337992,11135.541852200658,163.55418522006585,0.0,12621.409923558058,14.8,0.56,0.0,0.0,5.0
541,2,train_0033,12325.59711318655,10957.85054699103,145.78505469910306,0.0,12471.382167885653,15.88,0.72,0.0,0.0,5.0
542,2,train_0116,11931.713895029992,10739.422185587096,123.94221855870965,0.0,12055.656113588702,16.7,0.74,0.0,0.0,5.0
543,2,train_0104,12280.886722416973,10509.142248842552,100.91422488425525,0.0,12381.800947301228,17.82,0.54,0.0,0.0,5.0
544,2,train_0498,12266.212585100884,10628.97483254203,112.89748325420297,0.0,12379.110068355087,14.9,0.7,0.0,0.0,5.0
545,2,train_0032,12393.954017318061,10771.539399401683,127.15393994016831,0.0,12521.10795725823,17.94,0.62,0.0,0.0,5.0
546,2,train_0257,12415.600973656135,10229.705804646155,72.97058046461552,0.0,12488.57155412075,15.02,0.74,0.0,0.0,5.0
547,2,train_0354,12204.43646416758,10230.408212919516,73.04082129195159,0.0,12277.477285459532,13.98,0.74,0.0,0.0,5.0
548,2,train_0309,12282.981775229031,10661.10338415414,116.11033841541393,0.0,12399.092113644445,15.34,0.52,0.0,0.0,5.0
549,2,train_0408,12051.263102243467,10166.145517751338,66.6145517751338,0.0,12117.8776540186,14.56,0.68,0.0,0.0,5.0
550,2,train_0481,12166.003864005057,10313.754596770583,81.37545967705829,0.0,12247.379323682115,15.94,0.56,0.0,0.0,5.0
551,2,train_0236,12148.655879727023,10575.763539272353,107.57635392723533,0.0,12256.232233654258,18.98,0.66,0.0,0.0,5.0
552,2,train_0496,12432.444816847521,10144.326150550474,64.43261505504744,0.0,12496.877431902569,15.78,0.64,0.0,0.0,5.0
553,2,train_0190,12673.202587477925,10740.303257935266,124.03032579352657,0.0,12797.232913271451,17.32,0.62,0.0,0.0,5.0
554,2,train_0590,12594.602909636236,10223.106647656721,72.31066476567212,0.0,12666.913574401908,18.48,0.74,0.0,0.0,5.0
555,2,train_0302,12559.70070661486,10779.415733306883,127.94157333068834,0.0,12687.642279945549,13.46,0.66,0.0,0.0,5.0
556,2,train_0441,12480.543851207325,10628.284390931502,112.82843909315017,0.0,12593.372290300475,17.0,0.6,0.0,0.0,5.0
557,2,train_0525,12498.738139644582,10262.16950493546,76.21695049354604,0.0,12574.955090138128,15.6,0.72,0.0,0.0,5.0
558,2,train_0475,12148.613330445794,10235.815478763056,73.58154787630556,0.0,12222.1948783221,15.48,0.58,0.0,0.0,5.0
559,2,train_0510,12843.817444081302,10505.327050031443,100.5327050031443,0.0,12944.350149084446,14.9,0.56,0.0,0.0,5.0
560,2,train_0321,12273.169557818575,10572.564499486658,107.2564499486658,0.0,12380.42600776724,18.74,0.58,0.0,0.0,5.0
561,2,train_0026,12116.814451310005,10047.101582076582,54.710158207658246,0.0,12171.524609517663,15.66,0.58,0.0,0.0,5.0
562,2,train_0295,12159.107003435833,10522.483393820647,102.24833938206467,0.0,12261.355342817897,16.34,0.66,0.0,0.0,5.0
563,2,train_0108,12349.113642810291,10556.956297485798,105.69562974857982,0.0,12454.80927255887,18.16,0.66,0.0,0.0,5.0
564,2,train_0533,11872.223344888089,10135.368290907662,63.536829090766155,0.0,11935.760173978855,16.22,0.64,0.0,0.0,5.0
565,2,train_0142,12295.59303140653,11115.23341212389,161.5233412123889,0.0,12457.116372618919,15.78,0.62,0.0,0.0,5.0
566,2,train_0136,12212.117998029644,10492.076669450042,99.20766694500418,0.0,12311.325664974647,18.4,0.74,0.0,0.0,5.0
567,2,train_0149,12351.47951277974,10523.524212490152,102.35242124901525,0.0,12453.831934028756,15.78,0.64,0.0,0.0,5.0
568,2,train_0385,12847.935983958247,10611.872308643691,111.18723086436913,0.0,12959.123214822615,16.28,0.64,0.0,0.0,5.0
569,2,train_0342,12336.160852280607,10522.776307761413,102.27763077614128,0.0,12438.438483056749,19.28,0.64,0.0,0.0,5.0
570,2,train_0569,12006.388585544293,10188.112825523767,68.81128255237672,0.0,12075.19986809667,15.76,0.64,0.0,0.0,5.0
571,2,train_0249,12512.993022745635,10802.749324713153,130.27493247131534,0.0,12643.26795521695,16.78,0.56,0.0,0.0,5.0
572,2,train_0169,11999.669400440183,10179.944439575727,67.99444395757273,0.0,12067.663844397755,15.56,0.52,0.0,0.0,5.0
573,2,train_0029,12193.294673243963,10406.499215374892,90.64992153748918,0.0,12283.944594781453,14.4,0.7,0.0,0.0,5.0
574,2,train_0004,12463.90418031179,10464.702324405014,96.47023244050143,0.0,12560.374412752291,18.5,0.64,0.0,0.0,5.0
575,2,train_0224,12458.39534832461,10449.486842392214,94.94868423922145,0.0,12553.344032563831,14.08,0.72,0.0,0.0,5.0
576,2,train_0555,12099.336305419816,10226.6893084521,72.66893084520999,0.0,12172.005236265026,17.16,0.66,0.0,0.0,5.0
577,2,train_0314,12391.362628378904,10255.724729218899,75.57247292188985,0.0,12466.935101300793,17.4,0.66,0.0,0.0,5.0
578,2,train_0536,12417.50532171061,10625.208967116008,112.52089671160084,0.0,12530.026218422212,14.34,0.54,0.0,0.0,5.0
579,2,train_0061,12292.459782967257,10791.347879708243,129.13478797082425,0.0,12421.594570938081,15.22,0.66,0.0,0.0,5.0
580,2,train_0055,12507.367816936105,10276.649342406141,77.6649342406141,0.0,12585.03275117672,14.68,0.68,0.0,0.0,5.0
581,2,train_0500,11879.125472590013,10519.919374710125,101.99193747101253,0.0,11981.117410061026,16.02,0.68,0.0,0.0,5.0
582,2,train_0064,12465.223335868744,10696.218056079304,119.62180560793041,0.0,12584.845141476675,17.26,0.5,0.0,0.0,5.0
583,2,train_0031,12228.31293354995,10364.066694887657,86.4066694887657,0.0,12314.719603038717,17.22,0.54,0.0,0.0,5.0
584,2,train_0242,12728.15481752211,10682.50343194542,118.25034319454208,0.0,12846.405160716653,15.76,0.74,0.0,0.0,5.0
585,2,train_0554,12371.404730984816,10250.754196881677,75.07541968816768,0.0,12446.480150672984,13.72,0.62,0.0,0.0,5.0
586,2,train_0413,12908.280040259557,10797.415390846552,129.74153908465524,0.0,13038.021579344211,16.64,0.66,0.0,0.0,5.0
587,2,train_0059,12364.686040822275,10710.104994537416,121.01049945374162,0.0,12485.696540276016,15.86,0.64,0.0,0.0,5.0
588,2,train_0502,12349.186655295145,10566.33064458693,106.63306445869294,0.0,12455.819719753837,15.78,0.84,0.0,0.0,5.0
589,2,train_0506,12116.58238593605,10349.7599118405,84.97599118404997,0.0,12201.5583771201,14.82,0.74,0.0,0.0,5.0
590,2,train_0480,12761.60739461179,10484.856008370452,98.48560083704524,0.0,12860.092995448835,14.72,0.56,0.0,0.0,5.0
591,2,train_0541,12667.636203465154,10503.730556630655,100.3730556630655,0.0,12768.00925912822,16.52,0.68,0.0,0.0,5.0
592,2,train_0143,12460.315428506192,10838.937026184198,133.89370261841978,0.0,12594.209131124611,15.02,0.66,0.0,0.0,5.0
593,2,train_0587,12359.14367496574,10271.656948552809,77.16569485528089,0.0,12436.309369821021,16.32,0.56,0.0,0.0,5.0
594,2,train_0192,12472.249804612688,10771.36559014568,127.13655901456805,0.0,12599.386363627256,17.64,0.6,0.0,0.0,5.0
595,2,train_0481,12414.949720578812,9963.475089958132,46.34750899581323,0.0,12461.297229574626,15.28,0.68,0.0,0.0,5.0
596,2,train_0347,12315.05163828357,10274.677309910636,77.46773099106359,0.0,12392.519369274634,16.34,0.62,0.0,0.0,5.0
597,2,train_0467,12817.103300597508,11127.825678975923,162.78256789759234,0.0,12979.885868495101,16.22,0.64,0.0,0.0,5.0
598,2,train_0376,12370.41677966333,10186.084167932924,68.60841679329242,0.0,12439.025196456623,15.84,0.66,0.0,0.0,5.0
599,2,train_0385,12475.725800485954,11069.104865507546,156.91048655075465,0.0,12632.636287036708,16.38,0.68,0.0,0.0,5.0
600,2,train_0369,12298.156458054578,10495.55430050355,99.55543005035507,0.0,12397.711888104934,14.54,0.74,0.0,0.0,5.0
601,2,train_0467,12913.988228470003,10783.415782386326,128.34157823863262,0.0,13042.329806708636,16.42,0.56,0.0,0.0,5.0
602,2,train_0443,12818.246172079635,10636.804517055383,113.68045170553833,0.0,12931.926623785173,17.02,0.66,0.0,0.0,5.0
603,2,train_0080,12991.066337016156,10610.934471294802,111.09344712948024,0.0,13102.159784145637,15.4,0.56,0.0,0.0,5.0
604,2,train_0495,12507.764162280444,10640.231424985323,114.02314249853225,0.0,12621.787304778976,16.46,0.64,0.0,0.0,5.0
605,2,train_0321,12569.723187144835,10232.269713684602,73.22697136846018,0.0,12642.950158513295,16.98,0.58,0.0,0.0,5.0
606,2,train_0193,12533.609783069816,10290.631384135133,79.0631384135133,0.0,12612.67292148333,14.78,0.66,0.0,0.0,5.0
607,2,train_0308,12390.245033298732,10000.531310431117,50.05313104311172,0.0,12440.298164341844,16.06,0.64,0.0,0.0,5.0
608,3,train_0580,12645.006377561785,11019.358006652095,151.93580066520954,0.0,12796.942178226995,16.08,0.58,0.0,0.0,5.0
609,3,train_0514,12566.916699597386,10225.003202496226,72.50032024962256,0.0,12639.41701984701,14.54,0.62,0.0,0.0,5.0
610,3,train_0500,12149.412778580057,10309.980227893539,80.99802278935385,0.0,12230.410801369411,14.48,0.68,0.0,0.0,5.0
611,3,train_0277,12344.000494497988,10484.025320756435,98.40253207564348,0.0,12442.403026573631,16.02,0.64,0.0,0.0,5.0
612,3,train_0470,12203.05678046263,10074.505112083567,57.450511208356694,0.0,12260.507291670987,15.74,0.6,0.0,0.0,5.0
613,3,train_0231,12668.230644793897,10376.069705821725,87.60697058217248,0.0,12755.83761537607,15.52,0.66,0.0,0.0,5.0
614,3,train_0411,12753.77134870587,10762.221266599467,126.22212665994667,0.0,12879.993475365816,16.06,0.56,0.0,0.0,5.0
615,3,train_0383,12263.384745528254,10000.330726358414,50.033072635841386,0.0,12313.417818164095,15.88,0.58,0.0,0.0,5.0
616,3,train_0149,12187.104266986858,10769.490981514544,126.9490981514544,0.0,12314.053365138312,16.04,0.64,0.0,0.0,5.0
617,3,train_0159,11981.42389879944,9858.050989170853,35.805098917085346,0.0,12017.228997716526,16.1,0.7,0.0,0.0,5.0
618,3,train_0036,12118.288873222617,10488.308354991337,98.83083549913373,0.0,12217.11970872175,15.48,0.62,0.0,0.0,5.0
619,3,train_0083,12046.796419144395,10162.197284505128,66.21972845051278,0.0,12113.016147594908,14.82,0.66,0.0,0.0,5.0
620,3,train_0260,12187.837065907086,10284.661626985268,78.46616269852676,0.0,12266.303228605613,18.6,0.78,0.0,0.0,5.0
621,3,train_0286,12543.179508469268,10881.357771139774,138.13577711397738,0.0,12681.315285583245,15.22,0.56,0.0,0.0,5.0
622,3,train_0099,12084.478908064446,10032.559300305442,53.25593003054419,0.0,12137.73483809499,18.78,0.62,0.0,0.0,5.0
623,3,train_0250,12194.558818128768,10575.552682772452,107.55526827724516,0.0,12302.114086406013,17.94,0.7,0.0,0.0,5.0
624,3,train_0362,11933.845448787248,10586.78469136827,108.67846913682698,0.0,12042.523917924074,16.78,0.74,0.0,0.0,5.0
625,3,train_0139,12189.968221189702,10308.694607394997,80.86946073949967,0.0,12270.8376819292,13.9,0.6,0.0,0.0,5.0
626,3,train_0202,12520.58139113929,10777.534450707946,127.75344507079463,0.0,12648.334836210086,16.16,0.72,0.0,0.0,5.0
627,3,train_0220,12289.892696735265,10783.155044895779,128.31550448957788,0.0,12418.208201224843,17.3,0.6,0.0,0.0,5.0
628,3,train_0303,11877.44891938775,10333.064277384055,83.30642773840555,0.0,11960.755347126156,16.58,0.76,0.0,0.0,5.0
629,3,train_0219,12718.01071227856,10490.24304596004,99.02430459600401,0.0,12817.035016874563,16.64,0.66,0.0,0.0,5.0
630,3,train_0442,12137.176608537331,11062.787902767217,156.2787902767217,0.0,12293.455398814052,15.8,0.62,0.0,0.0,5.0
631,3,train_0196,12212.910337965634,10632.38507651401,113.23850765140105,0.0,12326.148845617034,16.7,0.6,0.0,0.0,5.0
632,3,train_0260,12287.32230193233,10297.879298626533,79.78792986265326,0.0,12367.110231794984,17.46,0.66,0.0,0.0,5.0
633,3,train_0227,12626.72923392583,10628.76561647114,112.87656164711407,0.0,12739.605795572943,17.36,0.74,0.0,0.0,5.0
634,3,train_0109,12513.01988374391,10489.149072809065,98.91490728090649,0.0,12611.934791024816,17.96,0.7,0.0,0.0,5.0
635,3,train_0411,12984.182363013078,10397.581127181036,89.75811271810363,0.0,13073.940475731182,16.76,0.62,0.0,0.0,5.0
636,3,train_0141,12449.396815251512,10787.609464147674,128.7609464147674,0.0,12578.15776166628,14.42,0.76,0.0,0.0,5.0
637,3,train_0178,11851.116211710325,10585.424039427568,108.54240394275676,0.0,11959.658615653081,13.92,0.7,0.0,0.0,5.0
638,3,train_0475,12101.537128318872,10336.036678703887,83.60366787038875,0.0,12185.140796189262,15.76,0.74,0.0,0.0,5.0
639,3,train_0569,12223.115523593546,10306.995923278544,80.69959232785442,0.0,12303.8151159214,16.3,0.66,0.0,0.0,5.0
640,3,train_0402,12279.516277694547,10874.625355835582,137.4625355835582,0.0,12416.978813278105,19.32,0.6,0.0,0.0,5.0
641,3,train_0549,12660.458450945964,10314.815749720956,81.48157497209559,0.0,12741.940025918058,17.56,0.78,0.0,0.0,5.0
642,3,train_0512,12268.406365265324,10364.14712655612,86.41471265561195,0.0,12354.821077920937,15.7,0.66,0.0,0.0,5.0
643,3,train_0288,11758.956509072104,10221.976920837411,72.1976920837411,0.0,11831.154201155845,16.54,0.66,0.0,0.0,5.0
644,3,train_0462,12541.233948083096,10609.996595550238,110.99965955502375,0.0,12652.23360763812,17.82,0.66,0.0,0.0,5.0
645,3,train_0197,12518.83223362637,10727.687102175827,122.76871021758271,0.0,12641.600943843952,15.24,0.7,0.0,0.0,5.0
646,3,train_0276,12078.094362669086,10509.955235871157,100.99552358711571,0.0,12179.089886256203,15.46,0.54,0.0,0.0,5.0
647,3,train_0321,12360.493742499686,10305.606338713884,80.56063387138839,0.0,12441.054376371074,18.68,0.68,0.0,0.0,5.0
648,3,train_0576,12140.344741453046,10527.987796612555,102.79877966125551,0.0,12243.143521114302,14.24,0.56,0.0,0.0,5.0
649,3,train_0509,12126.284801520665,10232.710153634476,73.27101536344763,0.0,12199.555816884113,14.64,0.68,0.0,0.0,5.0
650,3,train_0293,12174.429763355645,10126.521488079497,62.65214880794974,0.0,12237.081912163594,16.16,0.7,0.0,0.0,5.0
651,3,train_0391,12120.693901117807,10531.277883103037,103.12778831030374,0.0,12223.82168942811,14.4,0.64,0.0,0.0,5.0
652,3,train_0121,12223.175746461242,10271.832080484464,77.18320804844643,0.0,12300.358954509687,14.64,0.74,0.0,0.0,5.0
653,3,train_0482,12070.494548983255,10227.278738593513,72.72787385935135,0.0,12143.222422842606,14.76,0.66,0.0,0.0,5.0
654,3,train_0331,12144.970049790365,10614.741582646253,111.4741582646253,0.0,12256.44420805499,16.8,0.74,0.0,0.0,5.0
655,3,train_0319,12351.221165982879,10622.868770195955,112.28687701959552,0.0,12463.508043002475,15.56,0.6,0.0,0.0,5.0
656,3,train_0459,12220.585745493849,10563.301136776956,106.33011367769559,0.0,12326.915859171544,16.58,0.54,0.0,0.0,5.0
657,3,train_0379,12920.746584780376,11001.244227985519,150.12442279855188,0.0,13070.871007578928,13.76,0.74,0.0,0.0,5.0
658,3,train_0043,12219.2032502864,10354.460191839411,85.4460191839411,0.0,12304.649269470341,18.54,0.66,0.0,0.0,5.0
659,3,train_0172,12369.887726632352,10209.889866188962,70.98898661889616,0.0,12440.87671325125,17.88,0.8,0.0,0.0,5.0
660,3,train_0106,12726.003444968745,10754.999927523499,125.49999275234987,0.0,12851.503437721094,17.16,0.68,0.0,0.0,5.0
661,3,train_0440,12643.951904877002,11253.109720752855,175.31097207528546,0.0,12819.262876952287,16.76,0.64,0.0,0.0,5.0
662,3,train_0021,12635.696983579059,10848.73609960795,134.87360996079497,0.0,12770.570593539855,17.4,0.7,0.0,0.0,5.0
663,3,train_0121,12242.979669286218,10284.103195598074,78.41031955980743,0.0,12321.389988846026,15.04,0.72,0.0,0.0,5.0
664,3,train_0358,12332.275584275249,10419.373994921943,91.93739949219434,0.0,12424.212983767444,17.24,0.52,0.0,0.0,5.0
665,3,train_0416,12322.05729269227,10720.626812671308,122.06268126713076,0.0,12444.119973959401,16.58,0.64,0.0,0.0,5.0
666,3,train_0301,12438.576166973842,10836.197611932947,133.61976119329466,0.0,12572.195928167137,14.24,0.56,0.0,0.0,5.0
667,3,train_0516,12493.032073475852,10630.544863859137,113.0544863859137,0.0,12606.086559861766,14.74,0.54,0.0,0.0,5.0
668,3,train_0551,12223.385630070563,10119.459057565393,61.94590575653929,0.0,12285.331535827103,16.76,0.68,0.0,0.0,5.0
669,3,train_0079,12359.93212928985,10432.103459124568,93.2103459124568,0.0,12453.142475202307,17.12,0.6,0.0,0.0,5.0
670,3,train_0571,11977.199592843968,10611.27426967461,111.127426967461,0.0,12088.32701981143,15.4,0.74,0.0,0.0,5.0
671,3,train_0368,12633.285872534827,10396.68302111908,89.66830211190809,0.0,12722.954174646735,13.32,0.68,0.0,0.0,5.0
672,3,train_0381,12194.42332193902,10391.516948927696,89.1516948927696,0.0,12283.57501683179,14.48,0.64,0.0,0.0,5.0
673,3,train_0057,12025.162283800466,10477.664518021778,97.76645180217784,0.0,12122.928735602643,15.94,0.68,0.0,0.0,5.0
674,3,train_0373,12736.921017683275,10532.130262498607,103.21302624986075,0.0,12840.134043933136,17.22,0.66,0.0,0.0,5.0
675,3,train_0435,12223.638328395697,10129.704817554135,62.970481755413495,0.0,12286.60881015111,16.3,0.54,0.0,0.0,5.0
676,3,train_0348,12592.417029952343,10408.890428114506,90.88904281145061,0.0,12683.306072763793,16.2,0.72,0.0,0.0,5.0
677,3,train_0050,12510.851049559526,10118.51041513752,61.851041513751994,0.0,12572.702091073277,16.36,0.72,0.0,0.0,5.0
678,3,train_0313,12360.509648098945,10442.869622176295,94.28696221762948,0.0,12454.796610316575,16.36,0.76,0.0,0.0,5.0
679,3,train_0561,12364.516841898483,10587.400855826498,108.74008558264978,0.0,12473.256927481132,16.08,0.72,0.0,0.0,5.0
680,3,train_0434,12472.980925822669,10932.552440654956,143.2552440654956,0.0,12616.236169888165,15.62,0.72,0.0,0.0,5.0
681,3,train_0082,12518.669170235524,10747.245786739653,124.72457867396534,0.0,12643.39374890949,14.96,0.64,0.0,0.0,5.0
682,3,train_0575,12855.769046398535,10310.072149473923,81.00721494739228,0.0,12936.776261345927,16.12,0.58,0.0,0.0,5.0
683,3,train_0575,12535.451879539942,10739.612405753487,123.96124057534871,0.0,12659.41312011529,15.82,0.68,0.0,0.0,5.0
684,3,train_0101,12460.14067723649,10208.954338481213,70.89543384812133,0.0,12531.036111084612,18.18,0.78,0.0,0.0,5.0
685,3,train_0480,12493.579947386894,10615.349580323646,111.53495803236456,0.0,12605.114905419257,14.58,0.58,0.0,0.0,5.0
686,3,train_0244,12263.905063329801,10573.100467542692,107.31004675426921,0.0,12371.215110084071,14.82,0.68,0.0,0.0,5.0
687,3,train_0356,12313.337160469273,10703.767524917592,120.37675249175919,0.0,12433.713912961031,14.32,0.7,0.0,0.0,5.0
688,3,train_0267,12190.808588677737,10288.94342777531,78.894342777531,0.0,12269.702931455267,16.6,0.68,0.0,0.0,5.0
689,3,train_0469,12500.903305990243,10713.40643459711,121.34064345971092,0.0,12622.243949449954,14.94,0.6,0.0,0.0,5.0
690,3,train_0597,12557.030052978724,10132.66600390289,63.26660039028903,0.0,12620.296653369012,16.54,0.68,0.0,0.0,5.0
691,3,train_0477,12155.537801250077,10208.062699937615,70.80626999376146,0.0,12226.344071243839,12.48,0.66,0.0,0.0,5.0
692,3,train_0558,12571.06283950702,10835.750344065924,133.57503440659238,0.0,12704.637873913613,14.86,0.68,0.0,0.0,5.0
693,3,train_0567,12731.958202270125,11539.435646261489,203.94356462614888,0.0,12935.901766896273,15.88,0.7,0.0,0.0,5.0
694,3,train_0054,12302.533981045934,10343.889283611043,84.38892836110426,0.0,12386.922909407038,15.94,0.58,0.0,0.0,5.0
695,3,train_0152,12110.235929725715,10748.29747034187,124.82974703418695,0.0,12235.065676759903,15.22,0.6,0.0,0.0,5.0
696,3,train_0433,12397.401162502043,10286.032777716315,78.60327777163148,0.0,12476.004440273675,16.4,0.54,0.0,0.0,5.0
697,3,train_0354,11848.347174712935,10319.355819385928,81.9355819385928,0.0,11930.282756651528,15.56,0.7,0.0,0.0,5.0
698,3,train_0030,12398.503302566844,10073.94593840589,57.39459384058901,0.0,12455.897896407432,17.32,0.76,0.0,0.0,5.0
699,3,train_0057,12214.256582032504,10230.722719831505,73.0722719831505,0.0,12287.328854015654,15.48,0.7,0.0,0.0,5.0
700,3,train_0312,12108.560687443885,10444.030190391011,94.40301903910114,0.0,12202.963706482986,15.4,0.56,0.0,0.0,5.0
701,3,train_0369,12232.663507483656,10407.664616997632,90.76646169976321,0.0,12323.429969183419,14.86,0.7,0.0,0.0,5.0
702,3,train_0100,11888.443586988642,10244.32123325198,74.43212332519798,0.0,11962.87571031384,15.68,0.58,0.0,0.0,5.0
703,3,train_0102,12134.217560187255,10807.610158599646,130.76101585996457,0.0,12264.978576047219,13.94,0.64,0.0,0.0,5.0
704,3,train_0077,12060.47787014211,10583.473273135016,108.3473273135016,0.0,12168.825197455611,15.42,0.52,0.0,0.0,5.0
705,3,train_0338,12366.65757064235,10415.56617491522,91.55661749152205,0.0,12458.214188133872,15.78,0.6,0.0,0.0,5.0
706,3,train_0004,12620.753425540135,10376.771672205177,87.67716722051773,0.0,12708.430592760653,16.98,0.6,0.0,0.0,5.0
707,3,train_0343,12981.73598299422,11275.856574478483,177.5856574478483,0.0,13159.321640442067,17.68,0.74,0.0,0.0,5.0
708,3,train_0285,12445.727715586843,10363.906946051764,86.3906946051764,0.0,12532.118410192019,15.6,0.48,0.0,0.0,5.0
709,3,train_0279,12551.895689659725,10639.795159918856,113.97951599188565,0.0,12665.87520565161,17.62,0.62,0.0,0.0,5.0
710,3,train_0407,12513.425856067572,10504.027154433683,100.4027154433683,0.0,12613.82857151094,16.4,0.64,0.0,0.0,5.0
711,3,train_0313,12831.217507172576,10095.00056231987,59.50005623198704,0.0,12890.717563404563,16.08,0.76,0.0,0.0,5.0
712,3,train_0436,12350.206298659838,10808.467389639274,130.84673896392744,0.0,12481.053037623766,17.14,0.66,0.0,0.0,5.0
713,3,train_0458,12196.754096309069,10983.517820358102,148.35178203581017,0.0,12345.105878344879,13.2,0.6,0.0,0.0,5.0
714,3,train_0552,12337.824347393107,10243.828809170245,74.38288091702452,0.0,12412.207228310132,14.86,0.62,0.0,0.0,5.0
715,3,train_0479,12718.232614392895,10788.60436079997,128.8604360799971,0.0,12847.093050472891,17.54,0.66,0.0,0.0,5.0
716,3,train_0310,11970.125149386944,10269.14661386283,76.91466138628294,0.0,12047.039810773227,13.62,0.7,0.0,0.0,5.0
717,3,train_0295,11944.57349657661,10672.536297899433,117.25362978994326,0.0,12061.827126366552,17.36,0.74,0.0,0.0,5.0
718,3,train_0141,12716.828388689806,10491.996239269813,99.19962392698126,0.0,12816.028012616787,14.08,0.62,0.0,0.0,5.0
719,3,train_0359,12471.482962164984,10617.55477681577,111.75547768157703,0.0,12583.238439846562,15.82,0.74,0.0,0.0,5.0
720,3,train_0083,12166.74393598063,10236.815853553915,73.6815853553915,0.0,12240.425521336021,16.12,0.64,0.0,0.0,5.0
721,3,train_0558,12633.22628386664,10891.18434938871,139.118434938871,0.0,12772.34471880551,16.38,0.72,0.0,0.0,5.0
722,3,train_0507,12493.011045685851,10525.260919938923,102.52609199389227,0.0,12595.537137679743,15.14,0.56,0.0,0.0,5.0
723,3,train_0071,12479.169917570911,10420.495870389512,92.04958703895119,0.0,12571.219504609862,15.28,0.74,0.0,0.0,5.0
724,3,train_0471,12310.03299177004,10637.37809516893,113.73780951689297,0.0,12423.770801286933,14.78,0.72,0.0,0.0,5.0
725,3,train_0070,12056.551203541645,10245.547750302336,74.55477503023359,0.0,12131.105978571879,16.04,0.7,0.0,0.0,5.0
726,3,train_0432,12487.534980190585,10574.638511085806,107.46385110858064,0.0,12594.998831299166,15.48,0.8,0.0,0.0,5.0
727,3,train_0052,12778.28494453594,10400.612098834667,90.06120988346666,0.0,12868.346154419407,15.84,0.64,0.0,0.0,5.0
728,3,train_0292,12476.108494479893,10463.069913002819,96.30699130028188,0.0,12572.415485780175,17.76,0.7,0.0,0.0,5.0
729,3,train_0394,12318.600512647132,10792.004111084132,129.20041110841322,0.0,12447.800923755545,15.32,0.52,0.0,0.0,5.0
730,3,train_0437,11378.764751563202,9672.210064873872,17.22100648738724,0.0,11395.985758050589,16.18,0.6,0.0,0.0,5.0
731,3,train_0251,12350.18536494944,10578.83134526642,107.88313452664207,0.0,12458.068499476083,13.88,0.6,0.0,0.0,5.0
732,3,train_0552,12263.862121392167,10645.388433933873,114.5388433933873,0.0,12378.400964785555,13.6,0.72,0.0,0.0,5.0
733,3,train_0464,12379.66120363077,10136.728044746573,63.67280447465728,0.0,12443.334008105428,16.96,0.6,0.0,0.0,5.0
734,3,train_0124,12512.611346008965,10494.983807906669,99.49838079066686,0.0,12612.109726799632,18.84,0.64,0.0,0.0,5.0
735,3,train_0402,12301.627655754352,10747.14493343074,124.714493343074,0.0,12426.342149097425,17.9,0.72,0.0,0.0,5.0
736,3,train_0438,12323.725673230168,9992.44871957741,49.24487195774109,0.0,12372.970545187909,17.36,0.6,0.0,0.0,5.0
737,3,train_0200,12615.54582975287,10203.444943456614,70.3444943456614,0.0,12685.890324098531,16.52,0.68,0.0,0.0,5.0
738,3,train_0442,12533.72605563972,10718.945616830135,121.89456168301349,0.0,12655.620617322733,14.2,0.76,0.0,0.0,5.0
739,3,train_0539,12179.795106964571,10193.161041267367,69.31610412673672,0.0,12249.111211091309,14.64,0.58,0.0,0.0,5.0
740,3,train_0490,12391.052761347852,10168.105176003108,66.81051760031077,0.0,12457.863278948162,14.66,0.56,0.0,0.0,5.0
741,3,train_0457,12324.2950930324,10548.034990724296,104.80349907242963,0.0,12429.09859210483,16.84,0.58,0.0,0.0,5.0
742,3,train_0380,11980.676043104124,10366.314811669963,86.63148116699631,0.0,12067.30752427112,16.46,0.7,0.0,0.0,5.0
743,3,train_0162,11661.694997216087,10102.374416405928,60.237441640592806,0.0,11721.93243885668,18.24,0.7,0.0,0.0,5.0
744,3,train_0477,11822.61376800089,10356.348922971622,85.63489229716215,0.0,11908.248660298053,13.02,0.7,0.0,0.0,5.0
745,3,train_0218,12776.585111532997,10538.76491932584,103.87649193258403,0.0,12880.461603465581,15.32,0.76,0.0,0.0,5.0
746,3,train_0319,12514.241720360455,10767.455040892133,126.74550408921333,0.0,12640.987224449667,16.12,0.62,0.0,0.0,5.0
747,3,train_0188,12222.075226106925,10616.371133579567,111.63711335795671,0.0,12333.71233946488,14.5,0.74,0.0,0.0,5.0
748,3,train_0187,12012.57645854738,10583.854856673854,108.38548566738537,0.0,12120.961944214767,13.1,0.56,0.0,0.0,5.0
749,3,train_0094,11861.36261321295,10065.695949393441,56.5695949393441,0.0,11917.932208152295,16.92,0.64,0.0,0.0,5.0
750,3,train_0576,12161.943106274215,10429.358477350961,92.9358477350961,0.0,12254.878954009311,14.62,0.68,0.0,0.0,5.0
751,3,train_0088,12747.187543765598,10247.274769515836,74.7274769515836,0.0,12821.915020717182,16.28,0.7,0.0,0.0,5.0
752,3,train_0051,12587.952773865149,10426.30228515225,92.63022851522493,0.0,12680.583002380374,16.9,0.7,0.0,0.0,5.0
753,3,train_0561,12355.904923936287,10676.298627702314,117.62986277023138,0.0,12473.534786706517,17.3,0.64,0.0,0.0,5.0
754,3,train_0333,12665.391176089212,10635.077012013086,113.50770120130856,0.0,12778.89887729052,15.86,0.64,0.0,0.0,5.0
755,3,train_0262,12623.157769474841,10575.115915097897,107.51159150978965,0.0,12730.669360984632,15.8,0.56,0.0,0.0,5.0
756,3,train_0442,12470.188626304944,10655.901561627543,115.59015616275428,0.0,12585.778782467698,14.12,0.72,0.0,0.0,5.0
757,3,train_0229,12667.488366155714,10864.062340689321,136.4062340689321,0.0,12803.894600224647,14.18,0.64,0.0,0.0,5.0
758,3,train_0076,12324.552836107363,10448.641820108594,94.86418201085945,0.0,12419.417018118222,16.32,0.68,0.0,0.0,5.0
759,3,train_0437,11584.733874643382,9906.436697980807,40.64366979808074,0.0,11625.377544441462,13.98,0.64,0.0,0.0,5.0
760,3,train_0105,12560.027232515402,10197.665289321434,69.76652893214342,0.0,12629.793761447545,14.14,0.78,0.0,0.0,5.0
761,3,train_0331,12869.593377351446,9875.962075788935,37.59620757889352,0.0,12907.18958493034,16.6,0.54,0.0,0.0,5.0
762,3,train_0569,12349.840721084689,10097.878691569267,59.78786915692672,0.0,12409.628590241617,15.84,0.62,0.0,0.0,5.0
763,3,train_0561,12503.30130194801,10509.032762523711,100.90327625237114,0.0,12604.20457820038,19.26,0.7,0.0,0.0,5.0
764,3,train_0216,11988.245767357146,10431.569903997166,93.1569903997166,0.0,12081.402757756863,17.52,0.7,0.0,0.0,5.0
765,3,train_0468,11977.182327730272,10299.620261371809,79.96202613718089,0.0,12057.144353867452,16.26,0.68,0.0,0.0,5.0
766,3,train_0367,12391.420097353293,10305.58317690313,80.55831769031302,0.0,12471.978415043606,14.36,0.66,0.0,0.0,5.0
767,3,train_0287,12554.281138710736,10893.325410754793,139.33254107547927,0.0,12693.613679786215,16.38,0.62,0.0,0.0,5.0
768,3,train_0083,11991.24991380097,10271.67215411091,77.16721541109092,0.0,12068.41712921206,14.38,0.7,0.0,0.0,5.0
769,3,train_0225,12212.723322582802,10640.35444484017,114.03544448401699,0.0,12326.75876706682,16.34,0.6,0.0,0.0,5.0
770,3,train_0391,12032.503866683608,10516.817431626374,101.6817431626374,0.0,12134.185609846245,14.94,0.64,0.0,0.0,5.0
771,3,train_0591,12468.551179624748,10850.861898279158,135.08618982791577,0.0,12603.637369452665,17.66,0.74,0.0,0.0,5.0
772,3,train_0002,12383.657932785478,10281.6276119168,78.16276119167998,0.0,12461.820693977157,13.96,0.62,0.0,0.0,5.0
773,3,train_0430,12104.155617225224,10559.270647023684,105.92706470236845,0.0,12210.082681927592,13.98,0.66,0.0,0.0,5.0
774,3,train_0507,12737.74820013951,10278.418584908946,77.84185849089464,0.0,12815.590058630403,16.48,0.68,0.0,0.0,5.0
775,3,train_0570,12372.873790642383,10009.34116575359,50.93411657535908,0.0,12423.807907217742,13.8,0.74,0.0,0.0,5.0
776,3,train_0254,12339.804829573815,10638.542473189897,113.85424731898966,0.0,12453.659076892805,15.62,0.5,0.0,0.0,5.0
777,3,train_0071,12439.369045713389,10778.484248834906,127.8484248834906,0.0,12567.21747059688,15.28,0.62,0.0,0.0,5.0
778,3,train_0162,11939.21035498315,10109.395299517179,60.93952995171785,0.0,12000.149884934868,16.44,0.68,0.0,0.0,5.0
779,3,train_0510,12713.943828816258,10572.755456773732,107.27554567737316,0.0,12821.219374493632,15.78,0.72,0.0,0.0,5.0
780,3,train_0526,12271.484013763833,10837.403097953502,133.74030979535019,0.0,12405.224323559183,16.16,0.68,0.0,0.0,5.0
781,3,train_0382,12715.658612470193,10633.394386565775,113.33943865657749,0.0,12828.998051126771,16.58,0.7,0.0,0.0,5.0
782,3,train_0073,12288.711866252532,10306.011604590585,80.60116045905852,0.0,12369.31302671159,15.9,0.6,0.0,0.0,5.0
783,3,train_0073,12226.40544463083,10221.486886280632,72.14868862806325,0.0,12298.554133258893,15.22,0.58,0.0,0.0,5.0
784,3,train_0286,12456.246086165269,10940.066766428423,144.00667664284228,0.0,12600.252762808112,14.1,0.6,0.0,0.0,5.0
785,3,train_0352,11814.555579737604,10504.837356212534,100.48373562125344,0.0,11915.039315358857,15.88,0.68,0.0,0.0,5.0
786,3,train_0019,12508.038054495995,10774.134734036546,127.41347340365465,0.0,12635.45152789965,15.22,0.7,0.0,0.0,5.0
787,3,train_0411,13165.541701074137,10642.737662266934,114.27376622669345,0.0,13279.81546730083,14.48,0.68,0.0,0.0,5.0
788,3,train_0326,12084.555277896196,10182.687855840573,68.26878558405734,0.0,12152.824063480253,15.5,0.66,0.0,0.0,5.0
789,3,train_0007,13116.31621896777,11307.77097452935,180.77709745293507,0.0,13297.093316420705,13.78,0.68,0.0,0.0,5.0
790,3,train_0057,11858.71404317033,10228.22753525947,72.82275352594698,0.0,11931.536796696277,14.04,0.66,0.0,0.0,5.0
791,3,train_0272,12543.068604921657,10577.821121473511,107.78211214735111,0.0,12650.850717069008,14.7,0.66,0.0,0.0,5.0
792,3,train_0433,12350.957674254107,10465.42982889324,96.54298288932405,0.0,12447.500657143431,15.98,0.64,0.0,0.0,5.0
793,3,train_0495,12418.225322718947,10599.172925242516,109.91729252425158,0.0,12528.142615243198,15.6,0.7,0.0,0.0,5.0
794,3,train_0258,12529.345950503302,10839.306405002535,133.9306405002535,0.0,12663.276591003556,15.96,0.66,0.0,0.0,5.0
795,3,train_0177,12409.73245016813,10592.310524950979,109.23105249509791,0.0,12518.963502663228,14.62,0.7,0.0,0.0,5.0
796,3,train_0580,12716.113730899615,10727.53823169347,122.75382316934702,0.0,12838.867554068962,16.72,0.68,0.0,0.0,5.0
797,3,train_0275,12316.01867260614,10393.484014576376,89.34840145763756,0.0,12405.367074063777,15.5,0.8,0.0,0.0,5.0
798,3,train_0189,12288.13252887267,10706.873067331053,120.68730673310529,0.0,12408.819835605775,16.16,0.72,0.0,0.0,5.0
799,3,train_0265,12343.763586910845,10515.555552754644,101.5555552754644,0.0,12445.31914218631,14.72,0.74,0.0,0.0,5.0
800,3,train_0007,13078.414462962983,10886.705393984856,138.67053939848557,0.0,13217.085002361468,15.96,0.7,0.0,0.0,5.0
801,3,train_0181,11198.179126698393,9977.344828225232,47.734482822523205,0.0,11245.913609520916,14.94,0.62,0.0,0.0,5.0
802,3,train_0309,12362.838346094197,10624.395311239366,112.43953112393666,0.0,12475.277877218134,14.14,0.8,0.0,0.0,5.0
803,3,train_0551,11998.861047128412,10251.045434469228,75.1045434469228,0.0,12073.965590575335,16.96,0.76,0.0,0.0,5.0
804,3,train_0442,12592.162864853362,10436.172623780694,93.61726237806943,0.0,12685.780127231432,15.36,0.72,0.0,0.0,5.0
805,3,train_0468,12098.061704484131,10288.863690023416,78.88636900234161,0.0,12176.948073486472,16.06,0.62,0.0,0.0,5.0
806,3,train_0326,12195.76031088275,10025.570479176818,52.55704791768185,0.0,12248.317358800432,15.74,0.56,0.0,0.0,5.0
807,3,train_0066,12323.66373109317,10431.338295996851,93.13382959968513,0.0,12416.797560692854,17.6,0.72,0.0,0.0,5.0
808,3,train_0234,12367.42629924012,10302.603774192801,80.26037741928013,0.0,12447.6866766594,14.9,0.5,0.0,0.0,5.0
809,3,train_0598,11850.481408495452,10506.569951355319,100.65699513553191,0.0,11951.138403630985,15.36,0.52,0.0,0.0,5.0
810,3,train_0026,12052.421336672616,10066.185278181663,56.618527818166335,0.0,12109.039864490782,16.34,0.68,0.0,0.0,5.0
811,3,train_0527,12151.305264927792,10569.205581943334,106.92055819433335,0.0,12258.225823122126,14.74,0.66,0.0,0.0,5.0
812,3,train_0410,12569.191074481801,10879.153232724027,137.91532327240276,0.0,12707.106397754203,17.56,0.54,0.0,0.0,5.0
813,3,train_0170,11997.462238062262,10385.802773577469,88.58027735774687,0.0,12086.04251542001,17.26,0.66,0.0,0.0,5.0
814,3,train_0466,12500.218571083995,10493.461475443324,99.34614754433242,0.0,12599.564718628328,16.28,0.56,0.0,0.0,5.0
815,3,train_0502,12527.277889072906,10241.471031817846,74.14710318178459,0.0,12601.424992254691,15.92,0.74,0.0,0.0,5.0
816,4,train_0025,12211.584849047293,10692.014268714067,119.2014268714067,0.0,12330.7862759187,13.9,0.52,0.0,0.0,5.0
817,4,train_0063,12231.628774704168,10938.873100274279,143.8873100274279,0.0,12375.516084731596,15.54,0.68,0.0,0.0,5.0
818,4,train_0399,12320.23559114073,10413.09707970203,91.30970797020309,0.0,12411.545299110934,14.82,0.6,0.0,0.0,5.0
819,4,train_0599,12334.359723425083,10181.16131006072,68.11613100607192,0.0,12402.475854431155,16.76,0.72,0.0,0.0,5.0
820,4,train_0014,12626.024876630046,10532.810928168725,103.28109281687249,0.0,12729.30596944692,17.0,0.62,0.0,0.0,5.0
821,4,train_0399,12104.862055974067,10392.405030281574,89.2405030281574,0.0,12194.102559002224,14.18,0.7,0.0,0.0,5.0
822,4,train_0081,12240.240796157606,10410.84898738838,91.08489873883792,0.0,12331.325694896444,17.86,0.64,0.0,0.0,5.0
823,4,train_0390,12351.474863348249,10661.906432186868,116.19064321868683,0.0,12467.665506566935,16.96,0.6,0.0,0.0,5.0
824,4,train_0373,12747.631278353449,10352.271632271339,85.22716322713387,0.0,12832.858441580582,16.3,0.5,0.0,0.0,5.0
825,4,train_0054,12301.647914151716,10499.933003788337,99.99330037883374,0.0,12401.64121453055,16.06,0.72,0.0,0.0,5.0
826,4,train_0408,12204.440641711273,10028.30700142222,52.83070014222194,0.0,12257.271341853495,14.78,0.7,0.0,0.0,5.0
827,4,train_0538,12523.793009568897,10826.333797852527,132.63337978525269,0.0,12656.42638935415,15.88,0.68,0.0,0.0,5.0
828,4,train_0518,12394.485916652731,10829.669583161238,132.9669583161238,0.0,12527.452874968854,14.48,0.7,0.0,0.0,5.0
829,4,train_0017,12374.381469203534,10491.661464692967,99.16614646929666,0.0,12473.547615672831,15.3,0.66,0.0,0.0,5.0
830,4,train_0147,12558.728671510537,10714.304486670211,121.43044866702112,0.0,12680.159120177557,15.76,0.64,0.0,0.0,5.0
831,4,train_0144,12834.250626320107,10882.159943444118,138.21599434441177,0.0,12972.466620664518,15.52,0.62,0.0,0.0,5.0
832,4,train_0271,12077.529543215336,10321.79322112937,82.17932211293702,0.0,12159.708865328274,15.5,0.74,0.0,0.0,5.0
833,4,train_0085,12434.357626203135,10426.83417647198,92.68341764719808,0.0,12527.041043850333,14.94,0.72,0.0,0.0,5.0
834,4,train_0512,12352.511608596906,10239.161859058306,73.91618590583057,0.0,12426.427794502737,15.88,0.62,0.0,0.0,5.0
835,4,train_0466,12595.366948541869,10520.313880861906,102.0313880861906,0.0,12697.398336628059,18.5,0.68,0.0,0.0,5.0
836,4,train_0485,11721.366670348832,10559.37138828446,105.93713882844605,0.0,11827.303809177278,14.74,0.68,0.0,0.0,5.0
837,4,train_0118,12186.243064431063,10663.43266919145,116.34326691914504,0.0,12302.586331350207,14.56,0.82,0.0,0.0,5.0
838,4,train_0008,12233.246810402254,10783.157216338193,128.31572163381935,0.0,12361.562532036072,14.38,0.66,0.0,0.0,5.0
839,4,train_0546,12276.270987224298,10527.441040007532,102.74410400075323,0.0,12379.01509122505,19.1,0.7,0.0,0.0,5.0
840,4,train_0173,12584.063937098257,10735.183596220631,123.51835962206314,0.0,12707.58229672032,17.22,0.78,0.0,0.0,5.0
841,4,train_0393,12234.51379466299,10838.028542087097,133.8028542087097,0.0,12368.3166488717,13.08,0.62,0.0,0.0,5.0
842,4,train_0545,11946.429515722913,10506.218428810003,100.62184288100035,0.0,12047.051358603914,18.74,0.68,0.0,0.0,5.0
843,4,train_0021,12781.777535334539,10493.293390617204,99.32933906172039,0.0,12881.106874396259,17.28,0.54,0.0,0.0,5.0
844,4,train_0003,12183.233007959188,10107.753218848098,60.77532188480982,0.0,12244.008329843999,16.22,0.5,0.0,0.0,5.0
845,4,train_0003,12174.451178600057,10306.266705411621,80.6266705411621,0.0,12255.077849141218,16.52,0.74,0.0,0.0,5.0
846,4,train_0093,12226.9987272453,10089.772150299952,58.97721502999521,0.0,12285.975942275296,18.4,0.76,0.0,0.0,5.0
847,4,train_0030,12317.35915738111,10407.115957876536,90.71159578765365,0.0,12408.070753168764,16.1,0.58,0.0,0.0,5.0
848,4,train_0491,12223.274562105815,10560.989875396952,106.0989875396952,0.0,12329.37354964551,14.96,0.62,0.0,0.0,5.0
849,4,train_0363,12317.210647193151,10470.442234460044,97.04422344600444,0.0,12414.254870639155,16.46,0.74,0.0,0.0,5.0
850,4,train_0588,12014.671371261249,10513.50367631426,101.35036763142598,0.0,12116.021738892676,17.78,0.66,0.0,0.0,5.0
851,4,train_0480,12595.322366114937,10577.817131594646,107.78171315946457,0.0,12703.1040792744,16.46,0.64,0.0,0.0,5.0
852,4,train_0577,13423.464170903639,10570.451337476874,107.0451337476874,0.0,13530.509304651327,15.9,0.66,0.0,0.0,5.0
853,4,train_0143,12506.299095787645,10828.179265349147,132.81792653491468,0.0,12639.11702232256,14.5,0.7,0.0,0.0,5.0
854,4,train_0172,12124.4076010237,10461.277417111109,96.12774171111087,0.0,12220.535342734811,16.4,0.6,0.0,0.0,5.0
855,4,train_0509,12054.705362049477,10604.078759822907,110.40787598229072,0.0,12165.113238031769,14.12,0.54,0.0,0.0,5.0
856,4,train_0146,12385.954118074565,10467.89817615338,96.78981761533797,0.0,12482.743935689903,14.86,0.76,0.0,0.0,5.0
857,4,train_0034,12013.430804163114,10631.70907034093,113.17090703409303,0.0,12126.601711197207,15.64,0.6,0.0,0.0,5.0
858,4,train_0401,11953.847940365918,10156.139008143318,65.61390081433183,0.0,12019.461841180251,16.42,0.58,0.0,0.0,5.0
859,4,train_0480,12578.578517095215,10643.084432246302,114.30844322463018,0.0,12692.886960319845,16.26,0.66,0.0,0.0,5.0
860,4,train_0580,12851.09747526611,10546.965573165633,104.69655731656331,0.0,12955.794032582673,16.4,0.68,0.0,0.0,5.0
861,4,train_0556,12317.215192636391,10576.77527241693,107.67752724169296,0.0,12424.892719878084,14.06,0.7,0.0,0.0,5.0
862,4,train_0072,12300.04779587362,10604.580495586324,110.45804955863241,0.0,12410.505845432252,15.54,0.72,0.0,0.0,5.0
863,4,train_0463,11906.414592999294,10310.33247627407,81.03324762740704,0.0,11987.4478406267,16.26,0.76,0.0,0.0,5.0
864,4,train_0507,12314.782153252516,10648.631499900865,114.86314999008647,0.0,12429.645303242602,16.02,0.72,0.0,0.0,5.0
865,4,train_0418,12347.777728917774,10749.891995211063,124.98919952110629,0.0,12472.76692843888,16.58,0.72,0.0,0.0,5.0
866,4,train_0491,12463.419510435222,10623.148125088464,112.31481250884644,0.0,12575.734322944068,15.28,0.68,0.0,0.0,5.0
867,4,train_0502,12640.848368799545,10545.899276098615,104.58992760986149,0.0,12745.438296409406,14.3,0.58,0.0,0.0,5.0
868,4,train_0267,12336.046165868338,10319.701859332954,81.9701859332954,0.0,12418.016351801634,16.66,0.58,0.0,0.0,5.0
869,4,train_0024,11862.627157738763,10179.855930416341,67.98559304163409,0.0,11930.612750780398,16.12,0.62,0.0,0.0,5.0
870,4,train_0273,12769.612235180417,10587.916627663952,108.79166276639518,0.0,12878.403897946811,17.6,0.76,0.0,0.0,5.0
871,4,train_0121,12324.599043011982,10238.333668094776,73.8333668094776,0.0,12398.43240982146,14.68,0.64,0.0,0.0,5.0
872,4,train_0068,12608.552585986043,10651.552085160361,115.15520851603615,0.0,12723.70779450208,15.48,0.72,0.0,0.0,5.0
873,4,train_0074,12656.672155880256,10655.347704197691,115.53477041976913,0.0,12772.206926300025,16.3,0.7,0.0,0.0,5.0
874,4,train_0418,12538.171658018284,10390.931565750681,89.09315657506814,0.0,12627.264814593353,17.04,0.8,0.0,0.0,5.0
875,4,train_0302,12522.293733242132,10409.56629915764,90.95662991576393,0.0,12613.250363157895,15.48,0.6,0.0,0.0,5.0
876,4,train_0323,12532.091100354595,10625.631922849585,112.5631922849585,0.0,12644.654292639554,17.78,0.62,0.0,0.0,5.0
877,4,train_0447,12319.59418318661,10467.58017414602,96.75801741460201,0.0,12416.352200601212,15.74,0.62,0.0,0.0,5.0
878,4,train_0328,12450.563337354566,10382.149183318856,88.21491833188557,0.0,12538.778255686451,16.34,0.7,0.0,0.0,5.0
879,4,train_0378,12302.02773352738,10677.33727877965,117.73372787796507,0.0,12419.761461405345,15.48,0.6,0.0,0.0,5.0
880,4,train_0051,12459.951215567397,10573.123187636427,107.31231876364274,0.0,12567.26353433104,18.16,0.72,0.0,0.0,5.0
881,4,train_0510,12824.013789438364,10545.195021392436,104.51950213924357,0.0,12928.533291577607,15.7,0.64,0.0,0.0,5.0
882,4,train_0269,11969.393156531369,10077.077906597067,57.70779065970674,0.0,12027.100947191075,15.36,0.58,0.0,0.0,5.0
883,4,train_0093,12029.01215420437,10333.914408205825,83.39144082058247,0.0,12112.403595024953,18.76,0.58,0.0,0.0,5.0
884,4,train_0487,12279.327478546888,10425.21097543086,92.52109754308604,0.0,12371.848576089973,15.54,0.6,0.0,0.0,5.0
885,4,train_0440,12757.692130930027,10862.841912606758,136.28419126067584,0.0,12893.976322190703,16.12,0.66,0.0,0.0,5.0
886,4,train_0031,12341.88659715603,10305.25213999433,80.52521399943308,0.0,12422.411811155464,17.04,0.64,0.0,0.0,5.0
887,4,train_0115,12760.773559061729,10725.937925127464,122.5937925127464,0.0,12883.367351574474,15.28,0.66,0.0,0.0,5.0
888,4,train_0009,12317.802422523662,10159.987365329765,65.99873653297655,0.0,12383.801159056638,15.16,0.6,0.0,0.0,5.0
889,4,train_0162,11676.588944572979,10284.208609627658,78.4208609627658,0.0,11755.009805535745,16.56,0.48,0.0,0.0,5.0
890,4,train_0059,12205.653471480498,10826.413987404152,132.6413987404152,0.0,12338.294870220914,15.74,0.76,0.0,0.0,5.0
891,4,train_0425,12866.887835984131,10730.315155231518,123.03151552315177,0.0,12989.919351507282,15.02,0.7,0.0,0.0,5.0
892,4,train_0313,12403.947954472766,10686.754210715673,118.67542107156733,0.0,12522.623375544334,18.04,0.76,0.0,0.0,5.0
893,4,train_0588,12396.919937522178,10260.524970036902,76.05249700369022,0.0,12472.972434525867,19.14,0.64,0.0,0.0,5.0
894,4,train_0449,12709.822193413791,10419.214619141567,91.92146191415668,0.0,12801.743655327948,17.84,0.68,0.0,0.0,5.0
895,4,train_0366,12411.728396950397,10317.33566885391,81.73356688539099,0.0,12493.461963835787,16.46,0.68,0.0,0.0,5.0
896,4,train_0305,12320.960159437154,10446.951730848119,94.69517308481191,0.0,12415.655332521967,15.76,0.68,0.0,0.0,5.0
897,4,train_0032,12532.279341025886,10798.567514224007,129.85675142240072,0.0,12662.136092448287,17.24,0.68,0.0,0.0,5.0
898,4,train_0042,12272.980133695528,10281.173074057373,78.11730740573731,0.0,12351.097441101265,15.5,0.6,0.0,0.0,5.0
899,4,train_0369,12175.128774035093,10274.593848748375,77.45938487483745,0.0,12252.58815890993,14.96,0.72,0.0,0.0,5.0
900,4,train_0002,12466.869087923596,10126.760069918957,62.676006991895704,0.0,12529.545094915493,14.48,0.62,0.0,0.0,5.0
901,4,train_0025,12473.284831310059,10523.140598069202,102.31405980692017,0.0,12575.598891116979,15.18,0.66,0.0,0.0,5.0
902,4,train_0131,12752.126104701678,10809.31964385039,130.93196438503892,0.0,12883.058069086717,17.36,0.6,0.0,0.0,5.0
903,4,train_0530,12776.219960225195,10672.293438775396,117.22934387753958,0.0,12893.449304102734,16.8,0.66,0.0,0.0,5.0
904,4,train_0275,12393.36238421991,10367.86337691953,86.78633769195295,0.0,12480.148721911863,15.82,0.66,0.0,0.0,5.0
905,4,train_0425,12407.061869876212,11233.890443316903,173.3890443316903,0.0,12580.450914207902,14.3,0.48,0.0,0.0,5.0
906,4,train_0246,12182.84106825545,10348.542304521858,84.85423045218577,0.0,12267.695298707635,17.08,0.76,0.0,0.0,5.0
907,4,train_0103,11967.219268834993,10386.96177525336,88.69617752533595,0.0,12055.91544636033,15.72,0.7,0.0,0.0,5.0
908,4,train_0222,12523.073576495994,10336.49016647879,83.64901664787904,0.0,12606.722593143873,18.32,0.7,0.0,0.0,5.0
909,4,train_0055,12495.939710086719,10283.125600385474,78.31256003854742,0.0,12574.252270125267,13.24,0.58,0.0,0.0,5.0
910,4,train_0462,12498.175514696168,10729.761059763088,122.97610597630883,0.0,12621.151620672477,15.9,0.74,0.0,0.0,5.0
911,4,train_0110,12509.107808029985,10487.206741831294,98.72067418312946,0.0,12607.828482213114,18.04,0.58,0.0,0.0,5.0
912,4,train_0225,12326.55931666409,10511.536455213063,101.15364552130632,0.0,12427.712962185396,17.04,0.66,0.0,0.0,5.0
913,4,train_0588,12253.793572478105,10431.157857986876,93.11578579868765,0.0,12346.909358276793,16.94,0.66,0.0,0.0,5.0
914,4,train_0355,12962.403390840165,10137.575918135039,63.757591813503865,0.0,13026.16098265367,15.72,0.62,0.0,0.0,5.0
915,4,train_0275,12388.10082995245,10468.199969136836,96.81999691368365,0.0,12484.920826866133,15.92,0.6,0.0,0.0,5.0
916,4,train_0325,12224.582833165128,10443.923298631662,94.3923298631662,0.0,12318.975163028295,13.98,0.72,0.0,0.0,5.0
917,4,train_0470,12300.761016210236,10036.026889882298,53.60268898822979,0.0,12354.363705198466,15.34,0.66,0.0,0.0,5.0
918,4,train_0152,12321.494994881472,10525.661057974681,102.56610579746813,0.0,12424.06110067894,15.12,0.6,0.0,0.0,5.0
919,4,train_0381,12115.252230592785,10244.812980349036,74.48129803490356,0.0,12189.733528627688,15.5,0.62,0.0,0.0,5.0
920,4,train_0523,12232.099373692361,10053.945718314866,55.394571831486616,0.0,12287.493945523847,15.08,0.64,0.0,0.0,5.0
921,4,train_0343,12884.09731321556,10675.07237900527,117.50723790052707,0.0,13001.604551116086,15.66,0.54,0.0,0.0,5.0
922,4,train_0267,12593.415277052749,10086.006516845624,58.6006516845624,0.0,12652.015928737312,15.48,0.62,0.0,0.0,5.0
923,4,train_0087,12651.840070485625,10550.106129104352,105.01061291043516,0.0,12756.85068339606,17.18,0.72,0.0,0.0,5.0
924,4,train_0148,12731.474446279237,10499.101560473724,99.91015604737241,0.0,12831.384602326609,17.9,0.66,0.0,0.0,5.0
925,4,train_0567,13238.0651498677,11146.250577108849,164.6250577108849,0.0,13402.690207578584,17.16,0.66,0.0,0.0,5.0
926,4,train_0324,12379.742945797347,10506.2823197626,100.62823197626004,0.0,12480.371177773606,14.9,0.68,0.0,0.0,5.0
927,4,train_0180,12495.86631618035,10612.258878076542,111.22588780765419,0.0,12607.092203988004,17.12,0.72,0.0,0.0,5.0
928,4,train_0251,12605.48176929797,10168.501456412781,66.85014564127815,0.0,12672.331914939248,15.48,0.66,0.0,0.0,5.0
929,4,train_0346,12587.662983883092,10749.484849432281,124.94848494322815,0.0,12712.61146882632,16.64,0.58,0.0,0.0,5.0
930,4,train_0322,12021.340294789505,10526.27009173428,102.62700917342809,0.0,12123.967303962932,15.28,0.68,0.0,0.0,5.0
931,4,train_0419,12456.203044273494,10531.02205895568,103.10220589556793,0.0,12559.305250169062,16.4,0.66,0.0,0.0,5.0
932,4,train_0154,12050.444278098188,10677.524686488461,117.75246864884612,0.0,12168.196746747035,19.0,0.56,0.0,0.0,5.0
933,4,train_0389,12389.735698042019,10308.635215265433,80.86352152654327,0.0,12470.599219568563,15.1,0.58,0.0,0.0,5.0
934,4,train_0265,12392.65976218025,10535.41925322988,103.54192532298804,0.0,12496.201687503239,13.04,0.66,0.0,0.0,5.0
935,4,train_0564,12276.794772821453,10448.172131172181,94.81721311721813,0.0,12371.61198593867,16.08,0.72,0.0,0.0,5.0
936,4,train_0094,12084.416482072096,9967.02667144161,46.702667144161026,0.0,12131.119149216258,16.84,0.52,0.0,0.0,5.0
937,4,train_0089,12517.151890137333,10661.17635780821,116.117635780821,0.0,12633.269525918155,16.44,0.64,0.0,0.0,5.0
938,4,train_0276,12350.260386795659,10339.84858761567,83.98485876156701,0.0,12434.245245557226,13.78,0.7,0.0,0.0,5.0
939,4,train_0305,12262.672673131037,10356.315585175682,85.6315585175682,0.0,12348.304231648606,15.56,0.62,0.0,0.0,5.0
940,4,train_0414,12431.320304891653,10108.730749148956,60.873074914895554,0.0,12492.19337980655,15.54,0.62,0.0,0.0,5.0
941,4,train_0242,12439.428655770897,11175.765118320254,167.57651183202543,0.0,12607.005167602922,16.46,0.52,0.0,0.0,5.0
942,4,train_0548,12371.571516876473,10553.910462135213,105.39104621352126,0.0,12476.962563089994,15.72,0.58,0.0,0.0,5.0
943,4,train_0284,12221.958159113663,10610.99852128421,111.09985212842093,0.0,12333.058011242083,15.44,0.56,0.0,0.0,5.0
944,4,train_0077,12143.064848147678,10399.89475038994,89.98947503899399,0.0,12233.054323186672,15.96,0.68,0.0,0.0,5.0
945,4,train_0071,12649.509153552717,10868.378382238323,136.8378382238323,0.0,12786.346991776549,14.3,0.68,0.0,0.0,5.0
946,4,train_0584,11995.210313601865,10261.049291720328,76.10492917203283,0.0,12071.315242773897,15.54,0.78,0.0,0.0,5.0
947,4,train_0080,12595.865137932324,10708.259490010794,120.82594900107944,0.0,12716.691086933402,14.58,0.46,0.0,0.0,5.0
948,4,train_0568,12718.661468471295,10781.783295178127,128.17832951781276,0.0,12846.839797989107,15.58,0.72,0.0,0.0,5.0
949,4,train_0166,11894.77839773965,10374.469839022211,87.44698390222112,0.0,11982.22538164187,13.26,0.6,0.0,0.0,5.0
950,4,train_0056,11907.14864043432,9954.640624999924,45.464062499992366,0.0,11952.612702934312,16.16,0.8,0.0,0.0,5.0
951,4,train_0182,12740.429741240201,10359.224748446375,85.92247484463752,0.0,12826.352216084839,15.68,0.7,0.0,0.0,5.0
952,4,train_0368,12365.698797184448,10830.94549541736,133.09454954173597,0.0,12498.793346726185,16.24,0.54,0.0,0.0,5.0
953,4,train_0256,12789.720214643898,10060.216554335351,56.02165543353513,0.0,12845.741870077432,16.54,0.76,0.0,0.0,5.0
954,4,train_0471,12501.040967957182,10454.993123055001,95.4993123055001,0.0,12596.540280262681,15.58,0.6,0.0,0.0,5.0
955,4,train_0366,12221.030347802138,10584.074241148366,108.40742411483662,0.0,12329.437771916975,15.94,0.52,0.0,0.0,5.0
956,4,train_0240,12806.27277372106,11033.916337875598,153.39163378755984,0.0,12959.66440750862,14.66,0.6,0.0,0.0,5.0
957,4,train_0380,12177.928679116241,10480.104966238476,98.01049662384759,0.0,12275.939175740088,17.72,0.6,0.0,0.0,5.0
958,4,train_0582,12239.560704364992,10572.132986535296,107.21329865352965,0.0,12346.774003018521,16.08,0.58,0.0,0.0,5.0
959,4,train_0247,12735.043960564393,10327.122879921102,82.71228799211022,0.0,12817.756248556503,16.9,0.66,0.0,0.0,5.0
960,4,train_0092,12428.001246735545,10678.409921758881,117.8409921758881,0.0,12545.842238911433,17.24,0.72,0.0,0.0,5.0
961,4,train_0245,11922.385499758411,10357.228814234491,85.72288142344915,0.0,12008.10838118186,15.88,0.64,0.0,0.0,5.0
962,4,train_0504,12653.863086174462,10196.095624029154,69.60956240291544,0.0,12723.472648577377,15.48,0.64,0.0,0.0,5.0
963,4,train_0130,12322.015853134875,10437.07986317619,93.707986317619,0.0,12415.723839452494,13.76,0.62,0.0,0.0,5.0
964,4,train_0569,12468.555605162343,10088.59686744068,58.85968674406795,0.0,12527.41529190641,16.42,0.58,0.0,0.0,5.0
965,4,train_0352,11842.838462205542,10231.256506876649,73.1256506876649,0.0,11915.964112893207,17.22,0.62,0.0,0.0,5.0
966,4,train_0360,12372.964547270834,10133.130741424968,63.313074142496774,0.0,12436.277621413332,15.6,0.58,0.0,0.0,5.0
967,4,train_0190,12627.948558171795,10843.119971355089,134.31199713550888,0.0,12762.260555307303,18.02,0.62,0.0,0.0,5.0
968,4,train_0552,12381.777710196711,10321.971465194254,82.19714651942542,0.0,12463.974856716137,14.84,0.66,0.0,0.0,5.0
969,4,train_0021,12290.962612306734,10598.571909101302,109.85719091013016,0.0,12400.819803216864,16.58,0.82,0.0,0.0,5.0
970,4,train_0179,12051.401174023164,10372.799557392413,87.27995573924127,0.0,12138.681129762404,14.76,0.66,0.0,0.0,5.0
971,4,train_0251,12158.091611123597,10602.187707146499,110.21877071464988,0.0,12268.310381838246,14.6,0.56,0.0,0.0,5.0
972,4,train_0286,12541.064478253045,10924.256862105081,142.42568621050813,0.0,12683.490164463554,15.06,0.62,0.0,0.0,5.0
973,4,train_0284,12476.951683392643,10107.733025188189,60.77330251881886,0.0,12537.724985911462,15.56,0.84,0.0,0.0,5.0
974,4,train_0088,12476.586039334921,10467.492396041907,96.74923960419073,0.0,12573.335278939112,16.92,0.48,0.0,0.0,5.0
975,4,train_0135,12388.123602783478,10537.407345369116,103.74073453691163,0.0,12491.86433732039,17.08,0.66,0.0,0.0,5.0
976,4,train_0057,11901.416618539974,10263.516267382744,76.35162673827436,0.0,11977.768245278248,15.34,0.7,0.0,0.0,5.0
977,4,train_0343,12654.027359490663,11172.662352518897,167.26623525188973,0.0,12821.293594742552,16.48,0.62,0.0,0.0,5.0
978,4,train_0210,12258.965796311852,10339.946332311883,83.99463323118835,0.0,12342.96042954304,14.84,0.58,0.0,0.0,5.0
979,4,train_0339,12277.721249038666,10775.258595084179,127.52585950841785,0.0,12405.247108547084,16.04,0.64,0.0,0.0,5.0
980,4,train_0353,12321.150345878768,10402.332102622579,90.23321026225786,0.0,12411.383556141027,15.86,0.68,0.0,0.0,5.0
981,4,train_0421,13125.121149969145,10527.543377123868,102.75433771238677,0.0,13227.875487681533,15.12,0.6,0.0,0.0,5.0
982,4,train_0328,12285.12237670242,10867.695530294379,136.7695530294379,0.0,12421.891929731859,16.34,0.62,0.0,0.0,5.0
983,4,train_0388,12494.880059171875,10618.753234787113,111.8753234787113,0.0,12606.755382650586,14.62,0.68,0.0,0.0,5.0
984,4,train_0352,11811.947626710751,10465.087276075801,96.50872760758011,0.0,11908.456354318332,16.58,0.76,0.0,0.0,5.0
985,4,train_0391,12184.29260009993,10626.50021319418,112.65002131941802,0.0,12296.942621419348,14.74,0.7,0.0,0.0,5.0
986,4,train_0369,12278.03269527005,10200.732913432377,70.07329134323773,0.0,12348.10598661329,15.32,0.8,0.0,0.0,5.0
987,4,train_0189,12579.54208789585,10434.324446797295,93.43244467972946,0.0,12672.97453257558,15.7,0.58,0.0,0.0,5.0
988,4,train_0147,12765.810266564058,10374.927413487654,87.49274134876542,0.0,12853.303007912824,17.38,0.7,0.0,0.0,5.0
989,4,train_0472,12593.811695462738,10507.556531889884,100.75565318898845,0.0,12694.567348651726,16.46,0.6,0.0,0.0,5.0
990,4,train_0205,12628.929638550111,10766.07093302238,126.607093302238,0.0,12755.53673185235,16.64,0.68,0.0,0.0,5.0
991,4,train_0329,12722.620400393149,10245.250829163226,74.52508291632257,0.0,12797.145483309472,16.94,0.72,0.0,0.0,5.0
992,4,train_0118,12323.697912767757,10241.156362401116,74.1156362401116,0.0,12397.813549007868,15.54,0.6,0.0,0.0,5.0
993,4,train_0258,12494.197095751697,10941.974759289817,144.19747592898167,0.0,12638.39457168068,15.5,0.66,0.0,0.0,5.0
994,4,train_0317,12503.769663048835,9983.9584521537,48.395845215369995,0.0,12552.165508264205,15.1,0.58,0.0,0.0,5.0
995,4,train_0375,12394.81424201239,10344.411047652007,84.44110476520073,0.0,12479.25534677759,15.2,0.66,0.0,0.0,5.0
996,4,train_0315,12412.665935342828,11024.79647355567,152.47964735556707,0.0,12565.145582698395,15.98,0.64,0.0,0.0,5.0
997,4,train_0216,12069.68517541219,10241.649199654505,74.16491996545047,0.0,12143.850095377642,18.68,0.7,0.0,0.0,5.0
998,4,train_0577,12808.53169416077,10878.280157463443,137.82801574634433,0.0,12946.359709907116,15.26,0.62,0.0,0.0,5.0
999,4,train_0307,12220.708424273458,10327.753263885654,82.77532638856538,0.0,12303.483750662024,15.9,0.72,0.0,0.0,5.0
1000,4,train_0484,12246.78183292439,10585.603685731916,108.5603685731916,0.0,12355.34220149758,13.18,0.66,0.0,0.0,5.0
1001,4,train_0442,12985.90634441118,10436.005328250372,93.60053282503723,0.0,13079.506877236217,14.58,0.62,0.0,0.0,5.0
1002,4,train_0334,12390.44966456724,10523.772546492259,102.37725464922588,0.0,12492.826919216466,15.78,0.64,0.0,0.0,5.0
1003,4,train_0531,12343.888088820928,10721.722325246017,122.17223252460172,0.0,12466.060321345529,17.34,0.68,0.0,0.0,5.0
1004,4,train_0076,12559.65458856014,10405.95161592909,90.59516159290907,0.0,12650.24975015305,16.48,0.68,0.0,0.0,5.0
1005,4,train_0552,12090.581644312997,10577.662663044033,107.76626630440333,0.0,12198.3479106174,15.58,0.56,0.0,0.0,5.0
1006,4,train_0510,12785.813876114262,11068.201793454891,156.82017934548912,0.0,12942.634055459752,14.52,0.62,0.0,0.0,5.0
1007,4,train_0302,12493.660634270822,10708.955880572834,120.89558805728339,0.0,12614.556222328105,14.78,0.58,0.0,0.0,5.0
1008,4,train_0440,12654.996351910868,11070.056117183063,157.00561171830634,0.0,12812.001963629174,16.86,0.66,0.0,0.0,5.0
1009,4,train_0312,11806.852880818165,10353.44290782716,85.34429078271606,0.0,11892.197171600881,16.22,0.66,0.0,0.0,5.0
1010,4,train_0161,12180.912087177656,10963.850016947468,146.38500169474682,0.0,12327.297088872403,16.8,0.6,0.0,0.0,5.0
1011,4,train_0479,13084.8795870666,10674.428222296607,117.44282222966068,0.0,13202.322409296261,16.26,0.66,0.0,0.0,5.0
1012,4,train_0147,12567.748740332072,10580.324986100823,108.03249861008226,0.0,12675.781238942154,16.78,0.76,0.0,0.0,5.0
1013,4,train_0188,12430.421942731366,10503.27605226079,100.32760522607896,0.0,12530.749547957445,15.84,0.72,0.0,0.0,5.0
1014,4,train_0311,12448.201638983102,10625.644336408961,112.5644336408961,0.0,12560.766072624,16.2,0.74,0.0,0.0,5.0
1015,4,train_0502,12663.106840694272,10568.191246868157,106.81912468681567,0.0,12769.925965381088,15.62,0.74,0.0,0.0,5.0
1016,4,train_0230,12084.93945214402,10551.372964035492,105.13729640354923,0.0,12190.07674854757,15.32,0.68,0.0,0.0,5.0
1017,4,train_0296,12299.777362509112,10672.555234230364,117.25552342303637,0.0,12417.032885932149,14.8,0.76,0.0,0.0,5.0
1018,4,train_0024,12025.927827648638,10124.537836408505,62.45378364085045,0.0,12088.38161128949,17.24,0.62,0.0,0.0,5.0
1019,4,train_0069,12467.877531704708,10426.947139043988,92.69471390439885,0.0,12560.572245609106,18.52,0.64,0.0,0.0,5.0
1020,4,train_0033,12435.44738147959,10786.93249024987,128.693249024987,0.0,12564.140630504577,16.22,0.7,0.0,0.0,5.0
1021,4,train_0043,12019.591747868126,10495.926774577609,99.59267745776089,0.0,12119.184425325886,18.58,0.54,0.0,0.0,5.0
1022,4,train_0521,12549.578406496934,10274.544796175283,77.45447961752835,0.0,12627.032886114463,18.14,0.68,0.0,0.0,5.0
1023,4,train_0505,12469.554159594001,10643.755619705064,114.37556197050635,0.0,12583.929721564507,15.96,0.56,0.0,0.0,5.0
1024,5,train_0493,11936.70338874843,10381.928506223943,88.19285062239433,0.0,12024.896239370824,15.96,0.72,0.0,0.0,5.0
1025,5,train_0033,12689.799302835629,10571.194383972033,107.11943839720334,0.0,12796.918741232832,15.0,0.7,0.0,0.0,5.0
1026,5,train_0046,12108.0685764993,10201.56113929441,70.15611392944102,0.0,12178.22469042874,17.86,0.6,0.0,0.0,5.0
1027,5,train_0168,12882.09403564069,10376.42737193304,87.64273719330396,0.0,12969.736772833994,15.32,0.7,0.0,0.0,5.0
1028,5,train_0339,12975.763341341037,10365.168872637332,86.51688726373322,0.0,13062.28022860477,16.22,0.8,0.0,0.0,5.0
1029,5,train_0200,12479.263243435913,10533.915000559362,103.3915000559362,0.0,12582.654743491848,15.16,0.66,0.0,0.0,5.0
1030,5,train_0292,12421.683104616459,10327.16956392425,82.71695639242499,0.0,12504.400061008884,16.2,0.62,0.0,0.0,5.0
1031,5,train_0103,11876.891569931493,10340.240881029451,84.0240881029451,0.0,11960.915658034439,15.12,0.6,0.0,0.0,5.0
1032,5,train_0438,12366.086744454573,9963.719689511618,46.37196895116176,0.0,12412.458713405735,16.8,0.56,0.0,0.0,5.0
1033,5,train_0188,12571.084315240409,10314.059639660725,81.40596396607253,0.0,12652.49027920648,15.1,0.68,0.0,0.0,5.0
1034,5,train_0039,12758.710467241472,10662.534611366165,116.25346113661654,0.0,12874.963928378089,16.12,0.52,0.0,0.0,5.0
1035,5,train_0445,12702.144540287585,10655.495259768983,115.54952597689827,0.0,12817.694066264483,19.56,0.62,0.0,0.0,5.0
1036,5,train_0541,12525.578856867902,10468.596412237384,96.85964122373844,0.0,12622.43849809164,16.92,0.64,0.0,0.0,5.0
1037,5,train_0008,12568.211770579888,10117.311615174935,61.73116151749346,0.0,12629.942932097381,14.04,0.68,0.0,0.0,5.0
1038,5,train_0262,12417.186114282998,10479.464381341215,97.9464381341215,0.0,12515.13255241712,14.14,0.64,0.0,0.0,5.0
1039,5,train_0496,12020.46826242052,10461.22625605861,96.12262560586096,0.0,12116.590888026381,17.3,0.78,0.0,0.0,5.0
1040,5,train_0423,12172.181684183626,10058.082572830572,55.80825728305717,0.0,12227.989941466683,17.92,0.66,0.0,0.0,5.0
1041,5,train_0513,12326.304014052057,10256.455960473646,75.6455960473646,0.0,12401.949610099422,16.22,0.7,0.0,0.0,5.0
1042,5,train_0249,12190.833495342637,10692.578188437583,119.25781884375829,0.0,12310.091314186395,13.94,0.62,0.0,0.0,5.0
1043,5,train_0223,12520.83312452452,10086.660280873868,58.666028087386806,0.0,12579.499152611908,15.06,0.72,0.0,0.0,5.0
1044,5,train_0425,12586.807901240534,10736.111342082606,123.6111342082606,0.0,12710.419035448795,15.66,0.72,0.0,0.0,5.0
1045,5,train_0092,12362.949044292507,10638.962249492266,113.8962249492266,0.0,12476.845269241734,17.52,0.76,0.0,0.0,5.0
1046,5,train_0143,12413.902937099345,10886.18785856211,138.61878585621108,0.0,12552.521722955556,15.46,0.66,0.0,0.0,5.0
1047,5,train_0360,11992.812118244226,10737.086987254374,123.70869872543736,0.0,12116.520816969663,15.58,0.64,0.0,0.0,5.0
1048,5,train_0401,11953.8424205763,10169.724202069541,66.97242020695413,0.0,12020.814840783254,18.3,0.72,0.0,0.0,5.0
1049,5,train_0071,12386.22146160138,10773.264977332292,127.32649773322919,0.0,12513.54795933461,14.28,0.74,0.0,0.0,5.0
1050,5,train_0304,12667.039999845865,10938.801831930023,143.88018319300227,0.0,12810.920183038867,15.18,0.68,0.0,0.0,5.0
1051,5,train_0218,12636.180282043475,10592.913940405098,109.29139404050984,0.0,12745.471676083986,15.86,0.54,0.0,0.0,5.0
1052,5,train_0301,12641.82613203545,10606.975839091687,110.69758390916869,0.0,12752.523715944619,15.64,0.58,0.0,0.0,5.0
1053,5,train_0575,12903.490239686203,10421.071651506632,92.10716515066325,0.0,12995.597404836866,16.28,0.66,0.0,0.0,5.0
1054,5,train_0045,12119.324195151916,10493.088135762748,99.30881357627477,0.0,12218.633008728191,12.42,0.64,0.0,0.0,5.0
1055,5,train_0597,12160.273003642345,10436.726455712065,93.67264557120653,0.0,12253.945649213552,15.2,0.68,0.0,0.0,5.0
1056,5,train_0269,11931.44397194387,9781.699281833135,28.16992818331346,0.0,11959.613900127184,16.18,0.56,0.0,0.0,5.0
1057,5,train_0463,12074.81301852608,9977.658088535261,47.765808853526146,0.0,12122.578827379606,16.18,0.66,0.0,0.0,5.0
1058,5,train_0254,12224.950562262205,10817.455231081865,131.74552310818655,0.0,12356.696085370391,16.28,0.62,0.0,0.0,5.0
1059,5,train_0186,12046.390009579442,10707.875429423055,120.78754294230549,0.0,12167.177552521747,14.74,0.7,0.0,0.0,5.0
1060,5,train_0462,12365.921585392582,10487.686490691634,98.76864906916344,0.0,12464.690234461745,17.08,0.56,0.0,0.0,5.0
1061,5,train_0412,12255.094121057838,10438.849034997103,93.88490349971035,0.0,12348.97902455755,14.34,0.56,0.0,0.0,5.0
1062,5,train_0086,11982.742996848086,9858.911954761079,35.891195476107896,0.0,12018.634192324194,16.52,0.66,0.0,0.0,5.0
1063,5,train_0423,12346.619691891157,10064.100692589083,56.41006925890834,0.0,12403.029761150066,18.1,0.66,0.0,0.0,5.0
1064,5,train_0451,12499.30847656012,10821.371987817518,132.1371987817518,0.0,12631.44567534187,15.74,0.58,0.0,0.0,5.0
1065,5,train_0232,12417.094430268777,10429.443839585432,92.94438395854323,0.0,12510.03881422732,16.28,0.64,0.0,0.0,5.0
1066,5,train_0555,12188.306496888947,10222.673036133647,72.26730361336467,0.0,12260.573800502312,16.6,0.56,0.0,0.0,5.0
1067,5,train_0384,12017.667966742132,10327.694530195771,82.76945301957713,0.0,12100.437419761709,15.28,0.64,0.0,0.0,5.0
1068,5,train_0200,12158.333950489972,10525.65578245372,102.56557824537195,0.0,12260.899528735345,17.42,0.64,0.0,0.0,5.0
1069,5,train_0006,12002.599372671513,10461.814366905848,96.18143669058482,0.0,12098.780809362099,16.06,0.64,0.0,0.0,5.0
1070,5,train_0404,13176.939971286045,10567.47262507919,106.747262507919,0.0,13283.687233793964,17.0,0.62,0.0,0.0,5.0
1071,5,train_0125,12207.347767892503,10196.611453567079,69.66114535670786,0.0,12277.00891324921,16.26,0.74,0.0,0.0,5.0
1072,5,train_0453,12458.716249058012,10451.584503747286,95.15845037472864,0.0,12553.874699432741,17.36,0.78,0.0,0.0,5.0
1073,5,train_0315,12529.488775614047,10878.526025191653,137.85260251916534,0.0,12667.341378133213,16.54,0.6,0.0,0.0,5.0
1074,5,train_0280,12650.086121987872,10445.102536476043,94.51025364760426,0.0,12744.596375635476,16.76,0.52,0.0,0.0,5.0
1075,5,train_0098,11971.07174668253,10547.470793827077,104.74707938270768,0.0,12075.818826065237,13.86,0.66,0.0,0.0,5.0
1076,5,train_0426,12058.48552180726,10276.697857418381,77.66978574183814,0.0,12136.1553075491,17.78,0.52,0.0,0.0,5.0
1077,5,train_0099,12021.299677007486,9919.226968792867,41.92269687928675,0.0,12063.222373886772,16.24,0.68,0.0,0.0,5.0
1078,5,train_0250,12390.309267215067,10103.462027078884,60.346202707888374,0.0,12450.655469922955,16.4,0.68,0.0,0.0,5.0
1079,5,train_0501,12531.648104826243,10565.595543741885,106.55955437418852,0.0,12638.207659200432,18.3,0.5,0.0,0.0,5.0
1080,5,train_0552,12208.368016675175,10641.290224923916,114.1290224923916,0.0,12322.497039167567,15.44,0.62,0.0,0.0,5.0
1081,5,train_0593,11920.719581696612,10559.739452544283,105.97394525442833,0.0,12026.693526951041,14.92,0.7,0.0,0.0,5.0
1082,5,train_0574,12315.157396126833,10492.717349302724,99.2717349302724,0.0,12414.429131057106,13.58,0.64,0.0,0.0,5.0
1083,5,train_0333,12490.975884923926,10684.095230089311,118.40952300893115,0.0,12609.385407932858,14.72,0.68,0.0,0.0,5.0
1084,5,train_0120,11949.372854732646,10325.409800762212,82.54098007622125,0.0,12031.913834808867,16.8,0.62,0.0,0.0,5.0
1085,5,train_0503,12483.71111316956,10907.455689687398,140.74556896873983,0.0,12624.4566821383,16.34,0.72,0.0,0.0,5.0
1086,5,train_0480,12651.957718265774,10534.900195491191,103.4900195491191,0.0,12755.447737814893,15.42,0.66,0.0,0.0,5.0
1087,5,train_0594,12158.105474547134,10497.39656992113,99.73965699211294,0.0,12257.845131539247,18.4,0.54,0.0,0.0,5.0
1088,5,train_0390,12674.81938839086,10322.925794099841,82.29257940998414,0.0,12757.111967800845,18.36,0.66,0.0,0.0,5.0
1089,5,train_0084,12015.51934340902,10241.485598310253,74.14855983102534,0.0,12089.667903240044,16.14,0.56,0.0,0.0,5.0
1090,5,train_0301,12517.050614118507,10459.960173535834,95.99601735358338,0.0,12613.04663147209,15.0,0.6,0.0,0.0,5.0
1091,5,train_0268,12234.835949049424,10641.108644290915,114.11086442909146,0.0,12348.946813478515,16.64,0.62,0.0,0.0,5.0
1092,5,train_0505,12646.967156522673,10386.745846938626,88.67458469386257,0.0,12735.641741216536,17.04,0.68,0.0,0.0,5.0
1093,5,train_0235,12667.859052185937,10564.212409893222,106.42124098932219,0.0,12774.28029317526,15.86,0.72,0.0,0.0,5.0
1094,5,train_0197,12534.751006945688,10517.40510567265,101.74051056726495,0.0,12636.491517512952,16.88,0.74,0.0,0.0,5.0
1095,5,train_0048,12365.9263663493,10552.57392357127,105.257392357127,0.0,12471.183758706427,15.28,0.52,0.0,0.0,5.0
1096,5,train_0501,12464.01966224942,10597.182236795734,109.71822367957338,0.0,12573.737885928993,17.92,0.64,0.0,0.0,5.0
1097,5,train_0453,12103.22424545462,10591.310753066642,109.13107530666421,0.0,12212.355320761284,16.36,0.56,0.0,0.0,5.0
1098,5,train_0024,12024.689515808703,10044.90910799515,54.49091079951504,0.0,12079.180426608218,15.9,0.56,0.0,0.0,5.0
1099,5,train_0260,12049.190174664374,10557.576157620133,105.7576157620133,0.0,12154.947790426388,16.42,0.7,0.0,0.0,5.0
1100,5,train_0287,12275.813178075197,10607.986423259517,110.79864232595173,0.0,12386.611820401149,16.0,0.68,0.0,0.0,5.0
1101,5,train_0281,12495.247893284317,10664.657909495312,116.46579094953123,0.0,12611.713684233848,16.52,0.72,0.0,0.0,5.0
1102,5,train_0551,12120.380334970863,10073.04188547018,57.30418854701802,0.0,12177.68452351788,17.4,0.6,0.0,0.0,5.0
1103,5,train_0090,12201.933629919373,10670.301018871483,117.03010188714835,0.0,12318.963731806522,14.56,0.66,0.0,0.0,5.0
1104,5,train_0183,12553.023237187437,10420.19852875286,92.01985287528606,0.0,12645.043090062723,14.32,0.58,0.0,0.0,5.0
1105,5,train_0108,12545.344040970474,10391.772942688409,89.1772942688409,0.0,12634.521335239315,18.9,0.52,0.0,0.0,5.0
1106,5,train_0146,12259.405757564742,10566.5557931609,106.65557931609001,0.0,12366.061336880832,15.88,0.58,0.0,0.0,5.0
1107,5,train_0544,12534.47737037274,10838.776685686658,133.87766856866583,0.0,12668.355038941407,15.38,0.62,0.0,0.0,5.0
1108,5,train_0564,12254.080136171275,10846.202873879043,134.6202873879043,0.0,12388.70042355918,15.78,0.56,0.0,0.0,5.0
1109,5,train_0026,12143.561150877074,9974.342798795731,47.43427987957312,0.0,12190.995430756648,15.52,0.7,0.0,0.0,5.0
1110,5,train_0379,12962.951447537664,10938.168959387705,143.81689593877056,0.0,13106.768343476435,15.72,0.8,0.0,0.0,5.0
1111,5,train_0139,12192.739256309054,10290.115580622085,79.01155806220851,0.0,12271.750814371262,13.82,0.62,0.0,0.0,5.0
1112,5,train_0115,12330.028498764827,10780.364290690326,128.0364290690326,0.0,12458.064927833859,15.86,0.74,0.0,0.0,5.0
1113,5,train_0175,12184.915147384263,10306.876454785766,80.68764547857664,0.0,12265.60279286284,17.34,0.64,0.0,0.0,5.0
1114,5,train_0116,12251.629021794655,10303.865536442152,80.38655364421521,0.0,12332.01557543887,17.9,0.7,0.0,0.0,5.0
1115,5,train_0294,12029.5155741257,10465.941137126516,96.5941137126516,0.0,12126.109687838352,16.26,0.72,0.0,0.0,5.0
1116,5,train_0597,12100.196654743031,10505.399359328632,100.53993593286323,0.0,12200.736590675895,16.46,0.6,0.0,0.0,5.0
1117,5,train_0351,12628.626184273884,10660.891996422488,116.08919964224879,0.0,12744.715383916133,16.82,0.74,0.0,0.0,5.0
1118,5,train_0433,12182.707094418522,10255.918020213003,75.59180202130028,0.0,12258.298896439821,15.8,0.7,0.0,0.0,5.0
1119,5,train_0295,12009.623277495451,10679.607152994738,117.96071529947386,0.0,12127.583992794926,16.1,0.74,0.0,0.0,5.0
1120,5,train_0008,12346.01696726981,10520.533129366466,102.05331293664659,0.0,12448.070280206457,13.94,0.64,0.0,0.0,5.0
1121,5,train_0050,12190.260244047484,10595.142363647035,109.51423636470355,0.0,12299.774480412187,15.9,0.68,0.0,0.0,5.0
1122,5,train_0161,12262.425786270996,10506.102018890051,100.61020188900511,0.0,12363.035988160002,16.04,0.64,0.0,0.0,5.0
1123,5,train_0146,12235.627399375298,10898.210210458148,139.82102104581483,0.0,12375.448420421113,14.68,0.54,0.0,0.0,5.0
1124,5,train_0504,12121.335406876038,10638.299312633208,113.82993126332076,0.0,12235.165338139359,16.24,0.72,0.0,0.0,5.0
1125,5,train_0506,12100.868692449749,10027.296895630741,52.72968956307414,0.0,12153.598382012822,15.36,0.72,0.0,0.0,5.0
1126,5,train_0512,12408.54151008398,10278.069483231513,77.8069483231513,0.0,12486.348458407132,15.34,0.54,0.0,0.0,5.0
1127,5,train_0382,12316.226661009801,10760.78604304761,126.07860430476103,0.0,12442.305265314562,15.24,0.58,0.0,0.0,5.0
1128,5,train_0333,12546.657854311576,10772.541862575628,127.25418625756284,0.0,12673.91204056914,15.8,0.64,0.0,0.0,5.0
1129,5,train_0389,12362.697089997575,10493.96647965226,99.39664796522594,0.0,12462.093737962801,16.66,0.74,0.0,0.0,5.0
1130,5,train_0244,11930.082010757162,10854.626147692841,135.46261476928413,0.0,12065.544625526445,17.28,0.5,0.0,0.0,5.0
1131,5,train_0402,12586.882842627445,10631.553157303326,113.15531573033259,0.0,12700.038158357778,17.62,0.7,0.0,0.0,5.0
1132,5,train_0476,12392.754249768721,10626.374844690026,112.63748446900263,0.0,12505.391734237724,19.3,0.64,0.0,0.0,5.0
1133,5,train_0457,12529.112644875317,10267.247128539251,76.72471285392513,0.0,12605.837357729242,17.12,0.72,0.0,0.0,5.0
1134,5,train_0368,12538.324861866517,10514.529131668805,101.45291316688053,0.0,12639.777775033397,16.2,0.56,0.0,0.0,5.0
1135,5,train_0034,12294.26401436446,10569.319103024967,106.93191030249673,0.0,12401.195924666958,15.18,0.58,0.0,0.0,5.0
1136,5,train_0434,12487.860831060963,10652.472333343738,115.24723333437379,0.0,12603.108064395337,14.74,0.74,0.0,0.0,5.0
1137,5,train_0219,12326.659740473264,10779.99699094482,127.99969909448191,0.0,12454.659439567746,15.58,0.68,0.0,0.0,5.0
1138,5,train_0446,11944.927860973014,10249.50398192741,74.95039819274098,0.0,12019.878259165755,16.66,0.66,0.0,0.0,5.0
1139,5,train_0323,12368.890219023375,10809.070672140297,130.90706721402967,0.0,12499.797286237404,17.54,0.68,0.0,0.0,5.0
1140,5,train_0528,12331.59018217286,10599.55539036643,109.95553903664296,0.0,12441.545721209503,14.86,0.7,0.0,0.0,5.0
1141,5,train_0203,12761.239111540006,10641.1993134509,114.11993134508994,0.0,12875.359042885097,13.7,0.74,0.0,0.0,5.0
1142,5,train_0558,12836.029595537555,10568.206311657306,106.82063116573063,0.0,12942.850226703285,15.74,0.62,0.0,0.0,5.0
1143,5,train_0506,12111.715202691255,10349.447934225194,84.94479342251944,0.0,12196.659996113774,14.78,0.64,0.0,0.0,5.0
1144,5,train_0198,11408.51550540305,10002.447472790656,50.244747279065635,0.0,11458.760252682116,16.02,0.62,0.0,0.0,5.0
1145,5,train_0289,12711.053236153135,10730.449278528566,123.04492785285657,0.0,12834.09816400599,15.88,0.64,0.0,0.0,5.0
1146,5,train_0318,12279.221518437127,10465.267476782414,96.52674767824138,0.0,12375.748266115368,17.96,0.66,0.0,0.0,5.0
1147,5,train_0461,12306.354795821266,10182.650420253127,68.2650420253127,0.0,12374.619837846578,13.76,0.72,0.0,0.0,5.0
1148,5,train_0413,12579.892837313662,10784.068677955363,128.40686779553636,0.0,12708.299705109199,16.32,0.66,0.0,0.0,5.0
1149,5,train_0511,11734.872375558716,10642.717020697262,114.27170206972625,0.0,11849.144077628442,16.42,0.68,0.0,0.0,5.0
1150,5,train_0221,12303.349158684923,10289.209511046423,78.92095110464234,0.0,12382.270109789566,16.12,0.68,0.0,0.0,5.0
1151,5,train_0302,12500.323961150178,10511.883565221233,101.18835652212329,0.0,12601.512317672301,13.22,0.6,0.0,0.0,5.0
1152,5,train_0258,12219.158606805813,10849.268049403852,134.92680494038524,0.0,12354.085411746199,14.5,0.68,0.0,0.0,5.0
1153,5,train_0545,12140.758438304889,10218.92970486721,71.89297048672107,0.0,12212.65140879161,19.52,0.7,0.0,0.0,5.0
1154,5,train_0182,12527.016190007354,10927.058629824623,142.70586298246235,0.0,12669.722052989817,16.02,0.68,0.0,0.0,5.0
1155,5,train_0352,11932.301366566375,10148.737042130433,64.87370421304331,0.0,11997.175070779418,15.48,0.52,0.0,0.0,5.0
1156,5,train_0072,12519.76138685771,10492.629753084566,99.26297530845659,0.0,12619.024362166167,16.82,0.74,0.0,0.0,5.0
1157,5,train_0510,12536.540408288689,11000.718808342102,150.07188083421025,0.0,12686.612289122899,14.4,0.66,0.0,0.0,5.0
1158,5,train_0230,12293.067285932173,10647.762730055474,114.77627300554741,0.0,12407.84355893772,16.28,0.66,0.0,0.0,5.0
1159,5,train_0204,12581.190013153682,10679.916541317747,117.99165413177471,0.0,12699.181667285457,17.22,0.82,0.0,0.0,5.0
1160,5,train_0349,11779.007300227076,10477.896032168463,97.78960321684627,0.0,11876.796903443923,15.36,0.7,0.0,0.0,5.0
1161,5,train_0299,12112.514962769486,10554.79546520271,105.47954652027093,0.0,12217.994509289758,14.34,0.68,0.0,0.0,5.0
1162,5,train_0508,12659.028192008063,10616.39487927427,111.63948792742704,0.0,12770.66767993549,14.44,0.72,0.0,0.0,5.0
1163,5,train_0318,12073.997979501077,10461.730382995798,96.17303829957983,0.0,12170.171017800656,18.0,0.64,0.0,0.0,5.0
1164,5,train_0310,12095.719503887589,10224.824907655624,72.4824907655624,0.0,12168.20199465315,15.54,0.58,0.0,0.0,5.0
1165,5,train_0062,12444.53767311827,9913.27243526165,41.32724352616497,0.0,12485.864916644434,15.24,0.7,0.0,0.0,5.0
1166,5,train_0013,12397.16984913707,10114.749865689893,61.47498656898934,0.0,12458.64483570606,14.18,0.62,0.0,0.0,5.0
1167,5,train_0239,11990.625387202064,10601.819119539123,110.18191195391228,0.0,12100.807299155977,14.8,0.6,0.0,0.0,5.0
1168,5,train_0598,12050.974835843117,10365.212230210738,86.52122302107382,0.0,12137.496058864192,13.96,0.62,0.0,0.0,5.0
1169,5,train_0550,12314.906630371384,10365.431214267728,86.54312142677281,0.0,12401.449751798158,19.0,0.8,0.0,0.0,5.0
1170,5,train_0377,12733.69570372071,9960.822243883393,46.08222438833928,0.0,12779.77792810905,17.22,0.68,0.0,0.0,5.0
1171,5,train_0378,12375.795753036005,10654.75692609153,115.47569260915299,0.0,12491.271445645158,18.12,0.7,0.0,0.0,5.0
1172,5,train_0234,12290.265457112368,10492.835294047201,99.28352940472014,0.0,12389.548986517088,15.72,0.56,0.0,0.0,5.0
1173,5,train_0106,12637.68049801315,10754.14669043622,125.41466904362206,0.0,12763.095167056772,17.54,0.56,0.0,0.0,5.0
1174,5,train_0005,11809.156428107053,10466.858788996044,96.68587889960436,0.0,11905.842307006658,16.32,0.64,0.0,0.0,5.0
1175,5,train_0203,12547.8516781662,10969.481368736213,146.9481368736213,0.0,12694.799815039822,12.84,0.76,0.0,0.0,5.0
1176,5,train_0189,12418.792948304126,10143.814875424241,64.38148754242411,0.0,12483.174435846551,17.04,0.62,0.0,0.0,5.0
1177,5,train_0114,12347.071538239761,10286.662822953891,78.66628229538911,0.0,12425.73782053515,15.3,0.54,0.0,0.0,5.0
1178,5,train_0155,12675.73225029988,10364.662000067692,86.46620000676921,0.0,12762.198450306649,15.6,0.7,0.0,0.0,5.0
1179,5,train_0014,12344.063373299981,10771.062980467668,127.10629804676682,0.0,12471.169671346748,17.6,0.68,0.0,0.0,5.0
1180,5,train_0364,12073.086443366748,10690.625796599437,119.06257965994374,0.0,12192.149023026692,18.42,0.64,0.0,0.0,5.0
1181,5,train_0556,12343.620773171373,10394.899725901552,89.48997259015523,0.0,12433.110745761529,13.86,0.58,0.0,0.0,5.0
1182,5,train_0414,12278.841202431693,10339.705145124954,83.97051451249536,0.0,12362.811716944188,16.34,0.54,0.0,0.0,5.0
1183,5,train_0268,12393.10163879366,10353.229934393416,85.32299343934156,0.0,12478.424632233002,15.7,0.7,0.0,0.0,5.0
1184,5,train_0252,12140.504121875647,10230.893800812813,73.08938008128135,0.0,12213.593501956928,14.04,0.62,0.0,0.0,5.0
1185,5,train_0184,12478.153859492932,10365.378063985396,86.53780639853959,0.0,12564.69166589147,17.1,0.58,0.0,0.0,5.0
1186,5,train_0085,12185.932434353039,10612.075653162285,111.20756531622847,0.0,12297.139999669267,14.92,0.64,0.0,0.0,5.0
1187,5,train_0359,12324.080010755843,10618.545817085003,111.85458170850035,0.0,12435.934592464342,16.18,0.72,0.0,0.0,5.0
1188,5,train_0339,12469.094598288013,10934.01111045495,143.40111104549507,0.0,12612.495709333509,15.92,0.68,0.0,0.0,5.0
1189,5,train_0004,12324.187506350008,10843.246357887261,134.3246357887261,0.0,12458.512142138734,18.66,0.66,0.0,0.0,5.0
1190,5,train_0249,12590.000347558846,10542.220218536722,104.22202185367223,0.0,12694.222369412517,15.08,0.64,0.0,0.0,5.0
1191,5,train_0166,11983.893403964836,10398.664132537031,89.86641325370312,0.0,12073.759817218539,13.02,0.62,0.0,0.0,5.0
1192,5,train_0102,12168.805439131724,10539.363714985991,103.93637149859916,0.0,12272.741810630323,14.72,0.62,0.0,0.0,5.0
1193,5,train_0421,12711.14249882708,10708.476060809962,120.84760608099623,0.0,12831.990104908076,15.42,0.66,0.0,0.0,5.0
1194,5,train_0315,12602.000793664647,10906.727026208631,140.67270262086313,0.0,12742.67349628551,14.86,0.68,0.0,0.0,5.0
1195,5,train_0380,12167.036851892773,10403.99775610132,90.39977561013202,0.0,12257.436627502906,16.9,0.66,0.0,0.0,5.0
1196,5,train_0428,12665.48933997883,10333.91250860415,83.39125086041496,0.0,12748.880590839246,16.96,0.6,0.0,0.0,5.0
1197,5,train_0589,11955.33153048424,10280.14197085946,78.01419708594604,0.0,12033.345727570186,16.3,0.66,0.0,0.0,5.0
1198,5,train_0481,12388.86221844592,10135.89822932063,63.589822932063,0.0,12452.452041377983,15.26,0.68,0.0,0.0,5.0
1199,5,train_0372,12495.161494636093,10741.22829926106,124.122829926106,0.0,12619.284324562199,16.06,0.56,0.0,0.0,5.0
1200,5,train_0527,12568.377658283141,10407.76012903059,90.77601290305903,0.0,12659.1536711862,15.14,0.76,0.0,0.0,5.0
1201,5,train_0286,12502.257932900964,10643.83800264723,114.38380026472296,0.0,12616.641733165687,15.04,0.66,0.0,0.0,5.0
1202,5,train_0590,12320.564643022595,10365.338297255399,86.53382972553992,0.0,12407.098472748135,15.72,0.66,0.0,0.0,5.0
1203,5,train_0456,12269.494327245638,10515.36881380255,101.53688138025501,0.0,12371.031208625893,14.52,0.6,0.0,0.0,5.0
1204,5,train_0390,12543.182873672398,10364.431110493564,86.44311104935642,0.0,12629.625984721755,17.72,0.6,0.0,0.0,5.0
1205,5,train_0541,12379.45000735901,10629.450621990047,112.94506219900468,0.0,12492.395069558015,18.32,0.7,0.0,0.0,5.0
1206,5,train_0309,12350.957023535564,10854.80159136435,135.48015913643505,0.0,12486.437182672,13.06,0.7,0.0,0.0,5.0
1207,5,train_0432,12461.567658326052,10372.950897949875,87.29508979498752,0.0,12548.862748121039,14.14,0.7,0.0,0.0,5.0
1208,5,train_0170,12001.471111644678,10371.999221055466,87.19992210554665,0.0,12088.671033750225,17.08,0.62,0.0,0.0,5.0
1209,5,train_0577,12854.376386598804,10839.020621336076,133.90206213360761,0.0,12988.278448732412,16.72,0.68,0.0,0.0,5.0
1210,5,train_0374,12415.014488978104,10545.041210975385,104.50412109753853,0.0,12519.518610075642,16.8,0.72,0.0,0.0,5.0
1211,5,train_0469,12483.050178116242,10917.215022003851,141.72150220038512,0.0,12624.771680316628,14.5,0.66,0.0,0.0,5.0
1212,5,train_0276,12463.399337395296,10209.435069725725,70.94350697257251,0.0,12534.34284436787,14.9,0.5,0.0,0.0,5.0
1213,5,train_0520,12047.27691683878,10134.058645869212,63.40586458692124,0.0,12110.682781425701,16.5,0.64,0.0,0.0,5.0
1214,5,train_0044,12878.597493983249,10420.509834796816,92.0509834796816,0.0,12970.64847746293,16.36,0.62,0.0,0.0,5.0
1215,5,train_0068,12263.856579421132,10764.337507374734,126.43375073747339,0.0,12390.290330158605,14.98,0.56,0.0,0.0,5.0
1216,6,train_0304,12468.199911060923,10785.310847538334,128.53108475383343,0.0,12596.730995814756,16.76,0.6,0.0,0.0,5.0
1217,6,train_0439,12029.46361752939,10593.287064103106,109.32870641031059,0.0,12138.792323939702,12.44,0.54,0.0,0.0,5.0
1218,6,train_0485,12039.061026708998,10075.778598343379,57.57785983433787,0.0,12096.638886543336,17.78,0.8,0.0,0.0,5.0
1219,6,train_0264,11902.847353964682,10405.045149177302,90.5045149177302,0.0,11993.351868882412,14.98,0.58,0.0,0.0,5.0
1220,6,train_0389,12574.583406518555,10134.243226395605,63.42432263956053,0.0,12638.007729158116,15.16,0.62,0.0,0.0,5.0
1221,6,train_0331,12446.764300683742,10478.299032511355,97.82990325113552,0.0,12544.594203934877,16.4,0.6,0.0,0.0,5.0
1222,6,train_0576,12280.606957053824,9997.959695479529,49.795969547952886,0.0,12330.402926601777,15.06,0.62,0.0,0.0,5.0
1223,6,train_0392,12299.061154156587,10703.874863370778,120.38748633707783,0.0,12419.448640493665,16.72,0.62,0.0,0.0,5.0
1224,6,train_0250,12438.752404328141,10566.2802254878,106.62802254878007,0.0,12545.380426876922,16.86,0.7,0.0,0.0,5.0
1225,6,train_0581,12167.37954057977,10815.714547319052,131.57145473190522,0.0,12298.950995311676,16.52,0.64,0.0,0.0,5.0
1226,6,train_0064,12287.363786743554,10763.329223180728,126.33292231807282,0.0,12413.696709061627,16.68,0.78,0.0,0.0,5.0
1227,6,train_0590,12035.560667571055,10549.535535962965,104.95355359629649,0.0,12140.514221167352,17.3,0.7,0.0,0.0,5.0
1228,6,train_0092,12627.556431943203,10316.815231146671,81.68152311466712,0.0,12709.23795505787,17.14,0.64,0.0,0.0,5.0
1229,6,train_0172,12405.268252471173,10726.294114898023,122.62941148980227,0.0,12527.897663960975,18.08,0.58,0.0,0.0,5.0
1230,6,train_0492,12237.738454121958,10295.461100970562,79.54611009705623,0.0,12317.284564219015,17.54,0.64,0.0,0.0,5.0
1231,6,train_0440,12736.598431382285,10295.631316441206,79.56313164412059,0.0,12816.161563026406,15.96,0.58,0.0,0.0,5.0
1232,6,train_0582,12508.89459695974,10593.872011964964,109.38720119649643,0.0,12618.281798156237,15.92,0.66,0.0,0.0,5.0
1233,6,train_0449,12469.649294811663,10665.897517210928,116.58975172109277,0.0,12586.239046532755,17.44,0.7,0.0,0.0,5.0
1234,6,train_0382,12541.124260869103,11152.086545001304,165.20865450013045,0.0,12706.332915369234,15.46,0.66,0.0,0.0,5.0
1235,6,train_0207,12004.412547838307,10229.985104818106,72.99851048181063,0.0,12077.411058320118,15.86,0.78,0.0,0.0,5.0
1236,6,train_0002,12414.245841858588,10384.004588127369,88.40045881273691,0.0,12502.646300671326,14.44,0.76,0.0,0.0,5.0
1237,6,train_0074,12851.438223104997,10464.79927737396,96.47992773739607,0.0,12947.918150842394,14.5,0.7,0.0,0.0,5.0
1238,6,train_0178,12306.919524782588,10204.231477923484,70.42314779234839,0.0,12377.342672574936,13.96,0.7,0.0,0.0,5.0
1239,6,train_0024,12021.641125034115,10296.057763306328,79.60577633063276,0.0,12101.246901364748,16.62,0.66,0.0,0.0,5.0
1240,6,train_0304,12705.912606069898,11073.573781029638,157.3573781029638,0.0,12863.269984172863,16.32,0.76,0.0,0.0,5.0
1241,6,train_0466,12409.514630279904,10724.255911611319,122.42559116113189,0.0,12531.940221441037,18.74,0.7,0.0,0.0,5.0
1242,6,train_0577,13025.203040334096,10895.18053969224,139.51805396922393,0.0,13164.72109430332,17.32,0.66,0.0,0.0,5.0
1243,6,train_0293,11823.1784241397,10504.545487298734,100.4545487298734,0.0,11923.632972869573,14.12,0.66,0.0,0.0,5.0
1244,6,train_0525,12149.598748843331,10702.246948807955,120.22469488079551,0.0,12269.823443724126,14.88,0.58,0.0,0.0,5.0
1245,6,train_0591,12429.914959059679,10713.899960465198,121.38999604651981,0.0,12551.3049551062,17.72,0.82,0.0,0.0,5.0
1246,6,train_0515,12381.426792832937,10426.968743699459,92.69687436994592,0.0,12474.123667202883,17.62,0.72,0.0,0.0,5.0
1247,6,train_0278,12475.345149089984,10322.138060484547,82.21380604845473,0.0,12557.558955138438,17.36,0.7,0.0,0.0,5.0
1248,6,train_0195,12871.607435599788,10906.507798331586,140.6507798331586,0.0,13012.258215432947,17.0,0.74,0.0,0.0,5.0
1249,6,train_0586,12335.050428097984,10334.667669365092,83.46676693650916,0.0,12418.517195034494,15.28,0.68,0.0,0.0,5.0
1250,6,train_0145,12297.91339665795,10322.35165305364,82.23516530536399,0.0,12380.148561963315,14.66,0.72,0.0,0.0,5.0
1251,6,train_0246,12048.84194002273,10271.225922175672,77.12259221756722,0.0,12125.964532240298,17.46,0.56,0.0,0.0,5.0
1252,6,train_0044,12363.12552686132,10739.037587571918,123.90375875719184,0.0,12487.029285618511,16.26,0.64,0.0,0.0,5.0
1253,6,train_0476,12130.215545591092,10246.836217436728,74.68362174367284,0.0,12204.899167334765,18.04,0.62,0.0,0.0,5.0
1254,6,train_0389,12204.237291829984,10427.095677564364,92.70956775643646,0.0,12296.94685958642,15.54,0.72,0.0,0.0,5.0
1255,6,train_0050,12283.475287121812,10219.36136914846,71.93613691484607,0.0,12355.411424036658,15.06,0.6,0.0,0.0,5.0
1256,6,train_0133,12421.656617255947,10971.74676718906,147.17467671890608,0.0,12568.831293974854,17.26,0.66,0.0,0.0,5.0
1257,6,train_0333,12730.017302811175,10848.481331937575,134.84813319375755,0.0,12864.865436004933,16.5,0.56,0.0,0.0,5.0
1258,6,train_0324,12598.464005876212,10249.063468079552,74.9063468079552,0.0,12673.370352684167,14.9,0.7,0.0,0.0,5.0
1259,6,train_0481,12240.071071008397,10343.55040423245,84.35504042324501,0.0,12324.426111431641,15.78,0.62,0.0,0.0,5.0
1260,6,train_0159,11910.24115248438,10071.258345626364,57.12583456263638,0.0,11967.366987047015,17.32,0.68,0.0,0.0,5.0
1261,6,train_0554,12094.081700444762,10549.58953263113,104.95895326311293,0.0,12199.040653707874,14.48,0.68,0.0,0.0,5.0
1262,6,train_0266,12614.590597390647,10288.578506688053,78.85785066880527,0.0,12693.448448059451,14.3,0.58,0.0,0.0,5.0
1263,6,train_0493,12136.859604729314,10248.730840796577,74.87308407965774,0.0,12211.732688808972,16.82,0.78,0.0,0.0,5.0
1264,6,train_0143,12483.084726740432,10768.637679879732,126.86376798797319,0.0,12609.948494728405,14.74,0.66,0.0,0.0,5.0
1265,6,train_0022,12247.126176951104,10817.585772528633,131.75857725286332,0.0,12378.884754203968,15.9,0.68,0.0,0.0,5.0
1266,6,train_0033,12501.56674622645,10891.102842357714,139.11028423577136,0.0,12640.677030462222,14.94,0.7,0.0,0.0,5.0
1267,6,train_0223,11913.188980563016,10617.117674337165,111.71176743371653,0.0,12024.900747996733,15.48,0.76,0.0,0.0,5.0
1268,6,train_0571,12214.66740387423,10270.355219292858,77.03552192928584,0.0,12291.702925803515,15.8,0.72,0.0,0.0,5.0
1269,6,train_0029,12286.415209191418,10602.248126829654,110.22481268296542,0.0,12396.640021874384,14.2,0.64,0.0,0.0,5.0
1270,6,train_0221,12231.889246034742,10544.543492698995,104.45434926989947,0.0,12336.343595304641,15.88,0.54,0.0,0.0,5.0
1271,6,train_0065,12298.233387565073,10722.755368363301,122.27553683633015,0.0,12420.508924401403,14.02,0.64,0.0,0.0,5.0
1272,6,train_0558,12959.154875978207,10679.660223093359,117.96602230933587,0.0,13077.120898287543,15.88,0.78,0.0,0.0,5.0
1273,6,train_0405,12231.05210978019,10611.54328572787,111.15432857278702,0.0,12342.206438352978,16.46,0.74,0.0,0.0,5.0
1274,6,train_0457,12186.534587811973,10731.839136954266,123.18391369542661,0.0,12309.7185015074,14.92,0.58,0.0,0.0,5.0
1275,6,train_0427,12146.367036662177,10582.116472309994,108.21164723099938,0.0,12254.578683893176,16.62,0.72,0.0,0.0,5.0
1276,6,train_0394,12563.873818394364,10575.983929783699,107.59839297836989,0.0,12671.472211372735,15.08,0.56,0.0,0.0,5.0
1277,6,train_0464,12517.313453718114,10222.870632228309,72.28706322283088,0.0,12589.600516940945,16.68,0.66,0.0,0.0,5.0
1278,6,train_0004,12510.334784178674,11048.55852037961,154.85585203796109,0.0,12665.190636216636,18.32,0.64,0.0,0.0,5.0
1279,6,train_0519,12552.757441429978,10517.292276450382,101.7292276450382,0.0,12654.486669075017,17.06,0.56,0.0,0.0,5.0
1280,6,train_0443,12730.418868104,10546.211182584639,104.62111825846387,0.0,12835.039986362463,18.58,0.64,0.0,0.0,5.0
1281,6,train_0443,12702.826242353183,10751.923889657759,125.1923889657759,0.0,12828.018631318959,15.78,0.66,0.0,0.0,5.0
1282,6,train_0236,12474.193301386507,10238.919239196475,73.89192391964752,0.0,12548.085225306155,19.4,0.72,0.0,0.0,5.0
1283,6,train_0480,12777.18454842005,10679.687544685516,117.96875446855157,0.0,12895.1533028886,14.8,0.76,0.0,0.0,5.0
1284,6,train_0229,12319.661958095616,11113.725539203117,161.37255392031167,0.0,12481.034512015927,15.72,0.82,0.0,0.0,5.0
1285,6,train_0029,12125.38302921262,10745.353204697549,124.53532046975488,0.0,12249.918349682375,14.74,0.76,0.0,0.0,5.0
1286,6,train_0544,12531.169629321488,10940.771116983135,144.07711169831347,0.0,12675.246741019802,15.1,0.68,0.0,0.0,5.0
1287,6,train_0140,12190.189775870473,10373.477747492918,87.34777474929179,0.0,12277.537550619765,16.12,0.66,0.0,0.0,5.0
1288,6,train_0061,12364.996548250041,10213.686786352671,71.36867863526713,0.0,12436.365226885307,13.08,0.68,0.0,0.0,5.0
1289,6,train_0373,12372.018976205603,10694.478677788265,119.44786777882655,0.0,12491.46684398443,16.32,0.68,0.0,0.0,5.0
1290,6,train_0140,12116.326674885688,10499.561683223483,99.95616832234828,0.0,12216.282843208035,15.08,0.66,0.0,0.0,5.0
1291,6,train_0514,12354.346593539638,10322.88533043617,82.28853304361692,0.0,12436.635126583255,15.3,0.62,0.0,0.0,5.0
1292,6,train_0266,12512.705369863419,10337.143996669003,83.71439966690032,0.0,12596.41976953032,16.12,0.64,0.0,0.0,5.0
1293,6,train_0002,12548.937689747037,10090.532550368744,59.05325503687436,0.0,12607.990944783913,13.3,0.68,0.0,0.0,5.0
1294,6,train_0571,12126.894922415779,10567.049011283216,106.70490112832158,0.0,12233.5998235441,16.42,0.64,0.0,0.0,5.0
1295,6,train_0308,12052.715401833751,10317.539179569878,81.75391795698779,0.0,12134.46931979074,17.54,0.6,0.0,0.0,5.0
1296,6,train_0157,12469.258125400669,10204.365624062368,70.43656240623677,0.0,12539.694687806907,16.48,0.8,0.0,0.0,5.0
1297,6,train_0406,12471.742164581803,10782.93435405221,128.29343540522095,0.0,12600.035599987024,17.6,0.72,0.0,0.0,5.0
1298,6,train_0318,12296.839988086715,10663.456078943644,116.34560789436438,0.0,12413.185595981078,17.6,0.66,0.0,0.0,5.0
1299,6,train_0017,12311.78463928743,10591.94800173865,109.19480017386505,0.0,12420.979439461296,15.54,0.68,0.0,0.0,5.0
1300,6,train_0455,12645.610360749666,10814.972036484027,131.4972036484027,0.0,12777.10756439807,18.2,0.8,0.0,0.0,5.0
1301,6,train_0240,12892.59723529211,10652.176069807516,115.2176069807516,0.0,13007.814842272863,16.4,0.66,0.0,0.0,5.0
1302,6,train_0419,12254.793543557751,10398.77526247465,89.877526247465,0.0,12344.671069805216,16.08,0.74,0.0,0.0,5.0
1303,6,train_0537,11981.109802540708,10291.680262039703,79.1680262039703,0.0,12060.277828744678,16.74,0.66,0.0,0.0,5.0
1304,6,train_0366,12221.36424704659,10584.456377368731,108.44563773687315,0.0,12329.809884783463,14.6,0.76,0.0,0.0,5.0
1305,6,train_0402,12305.306996632553,10791.933091652736,129.1933091652736,0.0,12434.500305797827,17.6,0.66,0.0,0.0,5.0
1306,6,train_0152,12397.992189600414,10646.85890546258,114.6858905462581,0.0,12512.678080146672,15.22,0.56,0.0,0.0,5.0
1307,6,train_0142,12572.63980055937,10882.105351558428,138.21053515584282,0.0,12710.850335715211,15.82,0.74,0.0,0.0,5.0
1308,6,train_0249,12581.143579832325,10677.983322272026,117.79833222720264,0.0,12698.941912059528,16.94,0.68,0.0,0.0,5.0
1309,6,train_0511,11942.04540121238,10450.78230279046,95.07823027904597,0.0,12037.123631491426,17.08,0.72,0.0,0.0,5.0
1310,6,train_0314,12127.987500204235,10439.703462265323,93.97034622653229,0.0,12221.957846430767,16.1,0.66,0.0,0.0,5.0
1311,6,train_0208,12358.578754438735,10481.509612113434,98.15096121134339,0.0,12456.729715650079,15.86,0.66,0.0,0.0,5.0
1312,6,train_0467,12733.63299567378,10995.014220819841,149.50142208198415,0.0,12883.134417755766,16.18,0.76,0.0,0.0,5.0
1313,6,train_0512,12215.226056184387,10508.157931749112,100.81579317491124,0.0,12316.041849359299,16.26,0.62,0.0,0.0,5.0
1314,6,train_0541,12515.496733824413,10541.160886223883,104.11608862238828,0.0,12619.612822446801,16.58,0.64,0.0,0.0,5.0
1315,6,train_0179,12209.936494351587,10328.199105815398,82.81991058153982,0.0,12292.756404933127,13.92,0.64,0.0,0.0,5.0
1316,6,train_0425,12529.062724082156,10829.13493551098,132.91349355109796,0.0,12661.976217633253,14.36,0.6,0.0,0.0,5.0
1317,6,train_0354,12042.531255404678,10201.833459128859,70.18334591288586,0.0,12112.714601317564,15.0,0.68,0.0,0.0,5.0
1318,6,train_0269,11816.215369201309,10043.897965118671,54.389796511867104,0.0,11870.605165713176,16.16,0.76,0.0,0.0,5.0
1319,6,train_0238,12520.357168260987,10646.210282965882,114.62102829658816,0.0,12634.978196557575,16.9,0.7,0.0,0.0,5.0
1320,6,train_0068,12270.826776798032,10764.535092258575,126.45350922585749,0.0,12397.28028602389,15.34,0.54,0.0,0.0,5.0
1321,6,train_0164,12389.599536845655,10203.376403844852,70.33764038448517,0.0,12459.93717723014,14.82,0.7,0.0,0.0,5.0
1322,6,train_0329,12265.206268799222,10327.408910360393,82.74089103603929,0.0,12347.947159835261,17.98,0.6,0.0,0.0,5.0
1323,6,train_0531,12339.868908549935,10556.20397107802,105.62039710780192,0.0,12445.489305657737,17.72,0.68,0.0,0.0,5.0
1324,6,train_0519,12678.301778203428,10807.166509014276,130.7166509014276,0.0,12809.018429104855,17.92,0.7,0.0,0.0,5.0
1325,6,train_0112,12489.09930581021,10160.162355152952,66.0162355152952,0.0,12555.115541325506,17.88,0.7,0.0,0.0,5.0
1326,6,train_0407,12461.111099211503,10250.61806212541,75.06180621254099,0.0,12536.172905424044,16.3,0.72,0.0,0.0,5.0
1327,6,train_0050,12409.088430413913,10346.076599170257,84.60765991702574,0.0,12493.69609033094,14.46,0.62,0.0,0.0,5.0
1328,6,train_0405,12707.184274160587,11043.316360676748,154.33163606767485,0.0,12861.515910228261,16.98,0.54,0.0,0.0,5.0
1329,6,train_0205,12567.088073792173,10410.882899873457,91.08828998734572,0.0,12658.176363779517,16.08,0.76,0.0,0.0,5.0
1330,6,train_0269,11927.633101964457,9911.538955096294,41.153895509629365,0.0,11968.786997474086,15.56,0.66,0.0,0.0,5.0
1331,6,train_0430,12083.817747363224,10479.377706459793,97.93777064597926,0.0,12181.755518009204,16.04,0.74,0.0,0.0,5.0
1332,6,train_0254,12274.904956603357,10457.061303118637,95.70613031186367,0.0,12370.611086915222,15.26,0.68,0.0,0.0,5.0
1333,6,train_0484,12359.133854011136,10374.043320858176,87.40433208581763,0.0,12446.538186096954,14.14,0.68,0.0,0.0,5.0
1334,6,train_0320,12262.914264108682,10628.954513681307,112.89545136813068,0.0,12375.809715476813,14.44,0.62,0.0,0.0,5.0
1335,6,train_0599,12148.21616785333,10311.772828666528,81.17728286665279,0.0,12229.393450719983,17.08,0.68,0.0,0.0,5.0
1336,6,train_0382,12489.968579953518,10757.66686255037,125.76668625503699,0.0,12615.735266208556,16.04,0.66,0.0,0.0,5.0
1337,6,train_0177,12709.905261048221,10706.99315314339,120.69931531433905,0.0,12830.60457636256,14.7,0.78,0.0,0.0,5.0
1338,6,train_0465,12463.778808474519,10799.732801277723,129.97328012777234,0.0,12593.75208860229,16.66,0.62,0.0,0.0,5.0
1339,6,train_0244,12394.31789414915,10489.368232502775,98.93682325027748,0.0,12493.254717399428,15.94,0.72,0.0,0.0,5.0
1340,6,train_0320,12538.732096241058,10573.357381702437,107.33573817024372,0.0,12646.067834411302,15.46,0.74,0.0,0.0,5.0
1341,6,train_0082,13007.07267243929,10651.60154039782,115.160154039782,0.0,13122.232826479072,15.9,0.68,0.0,0.0,5.0
1342,6,train_0071,12596.077529850274,10759.797243941437,125.97972439414372,0.0,12722.057254244417,14.3,0.7,0.0,0.0,5.0
1343,6,train_0344,12066.77305238317,10696.494999368493,119.64949993684932,0.0,12186.42255232002,16.44,0.58,0.0,0.0,5.0
1344,6,train_0112,11975.538353589705,10676.363639839663,117.6363639839663,0.0,12093.174717573671,17.78,0.66,0.0,0.0,5.0
1345,6,train_0598,11950.264259867185,10702.530636616208,120.25306366162077,0.0,12070.517323528806,13.74,0.68,0.0,0.0,5.0
1346,6,train_0513,12323.467837788565,10379.607546949785,87.96075469497846,0.0,12411.428592483544,16.18,0.62,0.0,0.0,5.0
1347,6,train_0420,11963.882051862223,10643.677026406709,114.36770264067091,0.0,12078.249754502895,15.06,0.76,0.0,0.0,5.0
1348,6,train_0440,12732.785249233106,10964.783724131572,146.4783724131572,0.0,12879.263621646263,17.02,0.58,0.0,0.0,5.0
1349,6,train_0357,11963.191479919005,10347.010816171241,84.70108161712415,0.0,12047.89256153613,14.8,0.66,0.0,0.0,5.0
1350,6,train_0036,12060.996852290422,10635.36857215868,113.53685721586808,0.0,12174.53370950629,15.56,0.72,0.0,0.0,5.0
1351,6,train_0235,12515.899491860824,10878.00609723546,137.80060972354605,0.0,12653.70010158437,16.22,0.66,0.0,0.0,5.0
1352,6,train_0297,12270.176824366472,10140.34799630675,64.03479963067494,0.0,12334.211623997147,13.92,0.64,0.0,0.0,5.0
1353,6,train_0549,12298.7369321701,10773.597518405273,127.35975184052732,0.0,12426.096684010628,14.98,0.6,0.0,0.0,5.0
1354,6,train_0131,12580.493733502179,11193.393400295487,169.33934002954868,0.0,12749.833073531727,17.68,0.68,0.0,0.0,5.0
1355,6,train_0298,11694.57073064441,10031.165683384448,53.116568338444814,0.0,11747.687298982853,14.68,0.86,0.0,0.0,5.0
1356,6,train_0206,12525.594386854722,10467.722536753823,96.77225367538232,0.0,12622.366640530105,14.28,0.68,0.0,0.0,5.0
1357,6,train_0080,12867.875392448397,10675.828647755632,117.58286477556322,0.0,12985.45825722396,14.76,0.38,0.0,0.0,5.0
1358,6,train_0061,12298.002396976157,10348.05918311502,84.80591831150196,0.0,12382.808315287659,14.86,0.64,0.0,0.0,5.0
1359,6,train_0219,12465.083827370123,10442.405501770583,94.24055017705832,0.0,12559.324377547182,16.44,0.6,0.0,0.0,5.0
1360,6,train_0049,12596.076076624207,10538.442229861404,103.84422298614045,0.0,12699.920299610349,15.26,0.64,0.0,0.0,5.0
1361,6,train_0040,12575.426535487042,10352.294014070685,85.22940140706851,0.0,12660.65593689411,16.82,0.6,0.0,0.0,5.0
1362,6,train_0210,12058.69751045248,10576.061789315458,107.60617893154577,0.0,12166.303689384027,14.36,0.46,0.0,0.0,5.0
1363,6,train_0121,12179.083251639637,10188.862979130237,68.88629791302374,0.0,12247.969549552661,15.02,0.68,0.0,0.0,5.0
1364,6,train_0332,12103.314597299468,10486.391173814056,98.6391173814056,0.0,12201.953714680874,14.72,0.8,0.0,0.0,5.0
1365,6,train_0010,12207.649012732676,10641.03603858211,114.10360385821096,0.0,12321.752616590888,15.64,0.6,0.0,0.0,5.0
1366,6,train_0181,11447.215832436275,9795.097982855565,29.509798285556464,0.0,11476.725630721832,16.68,0.7,0.0,0.0,5.0
1367,6,train_0271,11996.791226351157,10461.11316688568,96.11131668856797,0.0,12092.902543039725,14.94,0.68,0.0,0.0,5.0
1368,6,train_0577,12749.627313880668,10989.431393590006,148.94313935900064,0.0,12898.570453239668,15.74,0.66,0.0,0.0,5.0
1369,6,train_0380,12097.542081899563,10254.210541892462,75.4210541892462,0.0,12172.963136088809,16.84,0.72,0.0,0.0,5.0
1370,6,train_0528,12326.976096196839,10536.334810818025,103.63348108180253,0.0,12430.609577278641,14.52,0.6,0.0,0.0,5.0
1371,6,train_0205,12680.077173411823,10240.619647986698,74.06196479866976,0.0,12754.139138210492,17.14,0.68,0.0,0.0,5.0
1372,6,train_0269,11690.67882867738,10141.133244793946,64.11332447939458,0.0,11754.792153156775,15.22,0.76,0.0,0.0,5.0
1373,6,train_0252,11900.056833445615,10432.22027539564,93.22202753956408,0.0,11993.27886098518,15.48,0.76,0.0,0.0,5.0
1374,6,train_0532,12197.304378966579,10509.249556489392,100.92495564893926,0.0,12298.229334615518,16.26,0.8,0.0,0.0,5.0
1375,6,train_0575,12325.626765550616,11028.43145539007,152.84314553900694,0.0,12478.469911089624,15.12,0.64,0.0,0.0,5.0
1376,6,train_0577,13250.008611182939,10703.427116370853,120.34271163708527,0.0,13370.351322820025,16.66,0.74,0.0,0.0,5.0
1377,6,train_0451,12166.76151468608,11013.133060610651,151.31330606106513,0.0,12318.074820747146,15.58,0.8,0.0,0.0,5.0
1378,6,train_0301,12553.648766235374,10731.329741177853,123.13297411778531,0.0,12676.781740353159,15.76,0.68,0.0,0.0,5.0
1379,6,train_0324,12195.76577719437,10760.625212454826,126.06252124548264,0.0,12321.828298439854,15.34,0.66,0.0,0.0,5.0
1380,6,train_0588,12719.845932403281,10051.889376134968,55.18893761349682,0.0,12775.034870016778,18.88,0.62,0.0,0.0,5.0
1381,6,train_0170,11848.402472106083,10307.354455588222,80.73544555882218,0.0,11929.137917664906,17.98,0.64,0.0,0.0,5.0
1382,6,train_0208,12291.790402456942,10499.553860438016,99.95538604380164,0.0,12391.745788500742,13.9,0.54,0.0,0.0,5.0
1383,6,train_0538,12146.083568706264,11083.04365580667,158.30436558066705,0.0,12304.387934286931,15.32,0.76,0.0,0.0,5.0
1384,6,train_0231,12427.560074620547,10409.55475780807,90.95547578080696,0.0,12518.515550401355,14.86,0.54,0.0,0.0,5.0
1385,6,train_0141,12658.630153147464,10661.412047977763,116.14120479777631,0.0,12774.77135794524,12.9,0.72,0.0,0.0,5.0
1386,6,train_0336,12333.676699047133,10348.851356463903,84.88513564639034,0.0,12418.561834693524,14.9,0.64,0.0,0.0,5.0
1387,6,train_0195,12448.546875608496,10981.461825712775,148.1461825712775,0.0,12596.693058179773,18.04,0.72,0.0,0.0,5.0
1388,6,train_0534,12292.570416493323,10729.388965404149,122.93889654041487,0.0,12415.509313033737,15.88,0.58,0.0,0.0,5.0
1389,6,train_0545,12195.420538760973,10470.782134372004,97.07821343720043,0.0,12292.498752198173,18.5,0.66,0.0,0.0,5.0
1390,6,train_0183,12492.476483716435,10843.156271715397,134.31562717153975,0.0,12626.792110887975,14.32,0.64,0.0,0.0,5.0
1391,6,train_0317,12049.62520938972,10649.843375489034,114.9843375489034,0.0,12164.609546938624,16.52,0.68,0.0,0.0,5.0
1392,6,train_0590,12264.57184544854,10514.825133472465,101.48251334724647,0.0,12366.054358795785,15.88,0.72,0.0,0.0,5.0
1393,6,train_0445,12494.054376995868,11099.299167112473,159.9299167112473,0.0,12653.984293707115,19.3,0.64,0.0,0.0,5.0
1394,6,train_0129,12436.590433678288,11003.35961017962,150.33596101796192,0.0,12586.92639469625,14.74,0.72,0.0,0.0,5.0
1395,6,train_0354,11776.82165802204,10206.127240588627,70.61272405886267,0.0,11847.434382080903,16.56,0.72,0.0,0.0,5.0
1396,6,train_0371,12202.247648350109,10276.24510544407,77.62451054440699,0.0,12279.872158894515,15.5,0.62,0.0,0.0,5.0
1397,6,train_0392,12298.960552825436,10788.535253730468,128.8535253730468,0.0,12427.814078198482,17.28,0.7,0.0,0.0,5.0
1398,6,train_0015,12486.221504777732,10082.716863904943,58.271686390494324,0.0,12544.493191168225,15.36,0.64,0.0,0.0,5.0
1399,6,train_0179,12159.957855417179,10358.664928720096,85.86649287200963,0.0,12245.824348289188,14.72,0.66,0.0,0.0,5.0
1400,6,train_0512,12236.28476829546,10474.468469576615,97.44684695766155,0.0,12333.731615253122,15.1,0.58,0.0,0.0,5.0
1401,6,train_0144,12574.468397221706,11252.9116311884,175.2911631188401,0.0,12749.759560340546,15.42,0.68,0.0,0.0,5.0
1402,6,train_0179,12173.654750435731,10408.175498599434,90.8175498599434,0.0,12264.472300295674,15.46,0.58,0.0,0.0,5.0
1403,6,train_0193,12338.379715949955,10472.30549143337,97.23054914333699,0.0,12435.610265093292,13.52,0.68,0.0,0.0,5.0
1404,6,train_0106,12633.870301036535,10806.715716690791,130.6715716690791,0.0,12764.541872705615,17.0,0.68,0.0,0.0,5.0
1405,6,train_0093,12018.278028625045,10215.427614966586,71.54276149665857,0.0,12089.820790121705,19.38,0.68,0.0,0.0,5.0
1406,6,train_0208,12133.38509967512,10763.975830700161,126.39758307001613,0.0,12259.782682745137,14.9,0.74,0.0,0.0,5.0
1407,6,train_0524,11806.312096955651,10422.761714439937,92.27617144399375,0.0,11898.588268399644,16.48,0.72,0.0,0.0,5.0
1408,6,train_0000,12095.32702973843,10189.602547973362,68.96025479733616,0.0,12164.287284535765,15.22,0.64,0.0,0.0,5.0
1409,6,train_0169,11837.369558737988,10374.550114373753,87.45501143737529,0.0,11924.824570175364,16.36,0.6,0.0,0.0,5.0
1410,6,train_0036,12441.885749647408,10112.358861580982,61.235886158098225,0.0,12503.121635805506,15.62,0.76,0.0,0.0,5.0
1411,6,train_0336,12072.714746648177,10499.327017561664,99.93270175616635,0.0,12172.647448404343,16.26,0.46,0.0,0.0,5.0
1412,6,train_0150,12316.479796055466,10295.023376915175,79.50233769151747,0.0,12395.982133746984,18.24,0.7,0.0,0.0,5.0
1413,6,train_0475,11912.600821512293,10323.760916075033,82.37609160750327,0.0,11994.976913119795,16.5,0.56,0.0,0.0,5.0
1414,6,train_0351,12484.335127534017,10790.970832686235,129.09708326862346,0.0,12613.43221080264,16.5,0.72,0.0,0.0,5.0
1415,6,train_0470,12215.719142698561,10329.341067027719,82.9341067027719,0.0,12298.653249401334,15.84,0.6,0.0,0.0,5.0
1416,6,train_0380,12187.344607821027,10295.252446455763,79.52524464557628,0.0,12266.869852466603,16.92,0.7,0.0,0.0,5.0
1417,6,train_0263,11825.20208131197,10086.625476410167,58.66254764101669,0.0,11883.864628952988,13.92,0.78,0.0,0.0,5.0
1418,6,train_0516,12814.124205465403,10494.213747577513,99.42137475775127,0.0,12913.545580223154,14.76,0.6,0.0,0.0,5.0
1419,6,train_0285,12332.020431981267,10369.583392923832,86.95833929238324,0.0,12418.97877127365,14.76,0.78,0.0,0.0,5.0
1420,6,train_0569,11948.092046033225,10494.797010068909,99.4797010068909,0.0,12047.571747040116,15.98,0.76,0.0,0.0,5.0
1421,6,train_0596,12143.901033336206,10389.74095761575,88.97409576157497,0.0,12232.875129097782,16.06,0.64,0.0,0.0,5.0
1422,6,train_0353,12036.545334243274,10215.842713016158,71.58427130161581,0.0,12108.12960554489,15.62,0.56,0.0,0.0,5.0
1423,6,train_0404,13079.454558864218,10844.380165671682,134.43801656716823,0.0,13213.892575431386,16.88,0.68,0.0,0.0,5.0
1424,7,train_0153,12336.432721217316,10680.834028185072,118.08340281850724,0.0,12454.516124035823,17.28,0.86,0.0,0.0,5.0
1425,7,train_0488,12379.828564268624,10641.440907643479,114.14409076434787,0.0,12493.972655032972,14.84,0.72,0.0,0.0,5.0
1426,7,train_0402,12479.389249778771,10580.679915235072,108.06799152350723,0.0,12587.457241302278,16.38,0.74,0.0,0.0,5.0
1427,7,train_0541,12258.737678267658,10927.756819681206,142.77568196812064,0.0,12401.513360235778,16.38,0.7,0.0,0.0,5.0
1428,7,train_0160,12400.444923838382,10663.09011995214,116.30901199521395,0.0,12516.753935833596,15.72,0.68,0.0,0.0,5.0
1429,7,train_0472,12264.44505489904,10838.182899589376,133.81828995893758,0.0,12398.263344857978,15.54,0.6,0.0,0.0,5.0
1430,7,train_0282,11977.875244799567,10396.425066334574,89.64250663345739,0.0,12067.517751433024,15.8,0.68,0.0,0.0,5.0
1431,7,train_0111,12277.336019505065,10286.498869054325,78.64988690543251,0.0,12355.985906410497,15.32,0.52,0.0,0.0,5.0
1432,7,train_0102,12262.366172815626,10618.30536716558,111.83053671655799,0.0,12374.196709532183,13.66,0.68,0.0,0.0,5.0
1433,7,train_0337,11773.677150664382,10317.429528908178,81.74295289081783,0.0,11855.4201035552,16.04,0.66,0.0,0.0,5.0
1434,7,train_0191,12529.11759940065,10581.440503787342,108.14405037873422,0.0,12637.261649779384,15.64,0.66,0.0,0.0,5.0
1435,7,train_0061,12147.226610048332,10474.164962424082,97.41649624240819,0.0,12244.64310629074,14.78,0.62,0.0,0.0,5.0
1436,7,train_0256,12495.860434998187,10356.821817027829,85.68218170278288,0.0,12581.54261670097,14.36,0.62,0.0,0.0,5.0
1437,7,train_0391,12134.601105089801,10518.174241199904,101.81742411999039,0.0,12236.418529209792,14.44,0.62,0.0,0.0,5.0
1438,7,train_0191,12372.059894277669,10673.617924717826,117.36179247178262,0.0,12489.42168674945,15.8,0.6,0.0,0.0,5.0
1439,7,train_0573,11806.276089366675,10272.396622212484,77.23966222124837,0.0,11883.515751587924,16.32,0.64,0.0,0.0,5.0
1440,7,train_0467,12938.82642363875,10952.249588836516,145.22495888365157,0.0,13084.0513825224,15.86,0.66,0.0,0.0,5.0
1441,7,train_0307,12255.91957334337,10439.241899382405,93.92418993824049,0.0,12349.84376328161,16.58,0.66,0.0,0.0,5.0
1442,7,train_0560,12178.834249621465,10694.702657837604,119.47026578376045,0.0,12298.304515405225,17.38,0.74,0.0,0.0,5.0
1443,7,train_0259,12720.925897306548,10622.676843799334,112.26768437993343,0.0,12833.19358168648,16.26,0.64,0.0,0.0,5.0
1444,7,train_0083,11873.974142332187,10456.760522761084,95.6760522761084,0.0,11969.650194608295,15.3,0.62,0.0,0.0,5.0
1445,7,train_0021,12679.865978418115,10571.198021326925,107.11980213269254,0.0,12786.985780550807,16.48,0.68,0.0,0.0,5.0
1446,7,train_0562,12357.907600407358,10580.407483781935,108.04074837819354,0.0,12465.94834878555,15.54,0.74,0.0,0.0,5.0
1447,7,train_0575,12474.490009204019,10967.498249660373,146.74982496603735,0.0,12621.239834170055,17.0,0.68,0.0,0.0,5.0
1448,7,train_0443,12692.138767823682,10575.437413252723,107.54374132527228,0.0,12799.682509148955,16.84,0.82,0.0,0.0,5.0
1449,7,train_0061,12033.599297719715,10410.275473772039,91.02754737720389,0.0,12124.626845096918,15.7,0.72,0.0,0.0,5.0
1450,7,train_0176,12652.275237108592,10868.993879451577,136.89938794515766,0.0,12789.174625053749,15.7,0.58,0.0,0.0,5.0
1451,7,train_0024,12007.923221896053,10048.043378604294,54.804337860429406,0.0,12062.727559756482,15.9,0.58,0.0,0.0,5.0
1452,7,train_0030,12166.56890873345,10487.527501132628,98.75275011326285,0.0,12265.321658846713,16.58,0.62,0.0,0.0,5.0
1453,7,train_0147,12326.782533356358,10785.077633601904,128.50776336019044,0.0,12455.290296716548,17.4,0.62,0.0,0.0,5.0
1454,7,train_0343,13073.652302279135,10903.349176758857,140.33491767588566,0.0,13213.987219955021,17.3,0.6,0.0,0.0,5.0
1455,7,train_0039,12423.225529649044,10744.270244266956,124.42702442669561,0.0,12547.65255407574,16.94,0.74,0.0,0.0,5.0
1456,7,train_0590,12159.483448959787,10384.914750176511,88.49147501765111,0.0,12247.974923977437,17.88,0.66,0.0,0.0,5.0
1457,7,train_0273,12899.092842000035,10381.573514517266,88.15735145172658,0.0,12987.25019345176,17.56,0.72,0.0,0.0,5.0
1458,7,train_0158,12347.700307092455,10649.37795142076,114.937795142076,0.0,12462.63810223453,16.74,0.62,0.0,0.0,5.0
1459,7,train_0309,12162.44518673559,10746.47813764033,124.64781376403299,0.0,12287.093000499623,14.98,0.6,0.0,0.0,5.0
1460,7,train_0474,12387.790674933034,10866.125522025777,136.61255220257772,0.0,12524.403227135612,15.5,0.64,0.0,0.0,5.0
1461,7,train_0187,12144.692362399497,10312.610330387632,81.26103303876317,0.0,12225.95339543826,14.54,0.58,0.0,0.0,5.0
1462,7,train_0028,12357.891145381378,10738.771474911615,123.8771474911615,0.0,12481.768292872539,17.12,0.66,0.0,0.0,5.0
1463,7,train_0030,12160.61030949862,10572.119682953165,107.21196829531655,0.0,12267.822277793935,16.48,0.6,0.0,0.0,5.0
1464,7,train_0511,12047.346540792018,10075.607822492426,57.560782249242585,0.0,12104.90732304126,15.52,0.58,0.0,0.0,5.0
1465,7,train_0066,12509.165400358455,10633.07033505548,113.30703350554796,0.0,12622.472433864003,17.42,0.64,0.0,0.0,5.0
1466,7,train_0381,12171.869652384992,10207.380420099758,70.73804200997584,0.0,12242.607694394968,15.12,0.68,0.0,0.0,5.0
1467,7,train_0230,12370.573486034267,10432.977667389685,93.2977667389685,0.0,12463.871252773235,15.7,0.76,0.0,0.0,5.0
1468,7,train_0466,12446.10724118918,10493.006039341777,99.30060393417772,0.0,12545.407845123358,17.78,0.64,0.0,0.0,5.0
1469,7,train_0036,12132.959054913223,10641.36137285867,114.13613728586698,0.0,12247.095192199089,14.4,0.56,0.0,0.0,5.0
1470,7,train_0538,12529.229789162262,11062.956310578482,156.2956310578482,0.0,12685.52542022011,15.8,0.74,0.0,0.0,5.0
1471,7,train_0418,12713.278492302783,10376.294152832153,87.62941528321535,0.0,12800.907907585999,17.72,0.66,0.0,0.0,5.0
1472,7,train_0269,11918.769805698688,10020.163668081781,52.016366808178105,0.0,11970.786172506867,15.22,0.78,0.0,0.0,5.0
1473,7,train_0124,12454.931711016168,10621.991889418747,112.19918894187468,0.0,12567.130899958043,18.28,0.58,0.0,0.0,5.0
1474,7,train_0586,12142.178272377949,10822.755482250697,132.27554822506974,0.0,12274.45382060302,15.8,0.68,0.0,0.0,5.0
1475,7,train_0181,11525.129469091666,9922.734745071979,42.2734745071979,0.0,11567.402943598863,16.34,0.6,0.0,0.0,5.0
1476,7,train_0294,12172.438044949642,10312.745665555614,81.27456655556144,0.0,12253.712611505203,16.66,0.66,0.0,0.0,5.0
1477,7,train_0236,12415.363726599873,10338.112334236455,83.81123342364555,0.0,12499.174960023518,17.94,0.78,0.0,0.0,5.0
1478,7,train_0138,12384.455478502581,10283.880131081432,78.38801310814324,0.0,12462.843491610725,15.1,0.64,0.0,0.0,5.0
1479,7,train_0249,12311.52907633051,10680.081093035236,118.00810930352364,0.0,12429.537185634033,14.18,0.74,0.0,0.0,5.0
1480,7,train_0090,12292.188388933508,10587.495243809055,108.7495243809055,0.0,12400.937913314414,14.8,0.74,0.0,0.0,5.0
1481,7,train_0000,11877.334721599527,10537.312160623023,103.73121606230234,0.0,11981.06593766183,15.74,0.64,0.0,0.0,5.0
1482,7,train_0173,12339.359640292048,10771.880501609667,127.18805016096667,0.0,12466.547690453015,17.2,0.64,0.0,0.0,5.0
1483,7,train_0067,12257.905769810584,10374.441815219325,87.44418152193248,0.0,12345.349951332517,18.26,0.66,0.0,0.0,5.0
1484,7,train_0248,12340.0104856289,10614.337839247017,111.43378392470169,0.0,12451.444269553602,15.38,0.68,0.0,0.0,5.0
1485,7,train_0517,12573.793685787552,10381.63259716519,88.16325971651895,0.0,12661.956945504071,16.92,0.66,0.0,0.0,5.0
1486,7,train_0097,12286.77743012199,10523.500641376979,102.35006413769788,0.0,12389.127494259688,16.52,0.76,0.0,0.0,5.0
1487,7,train_0000,12198.406623431954,10178.76916995679,67.87691699567895,0.0,12266.283540427634,14.54,0.68,0.0,0.0,5.0
1488,7,train_0066,12698.769301095532,10319.479886932266,81.94798869322659,0.0,12780.717289788758,18.62,0.62,0.0,0.0,5.0
1489,7,train_0304,12437.92273449128,11088.341081586703,158.8341081586703,0.0,12596.75684264995,17.24,0.74,0.0,0.0,5.0
1490,7,train_0164,12007.987030626186,10581.6908486954,108.16908486953999,0.0,12116.156115495725,12.48,0.62,0.0,0.0,5.0
1491,7,train_0293,11966.015037135483,10177.051400465702,67.70514004657016,0.0,12033.720177182053,16.38,0.72,0.0,0.0,5.0
1492,7,train_0017,12163.215554433065,10610.066962377734,111.0066962377734,0.0,12274.222250670839,14.5,0.74,0.0,0.0,5.0
1493,7,train_0199,12384.50481914184,10680.075633282038,118.00756332820384,0.0,12502.512382470042,15.88,0.74,0.0,0.0,5.0
1494,7,train_0246,12052.32751663975,10398.598968197753,89.85989681977536,0.0,12142.187413459525,16.14,0.52,0.0,0.0,5.0
1495,7,train_0258,12691.044287649436,10961.255057724235,146.12550577242345,0.0,12837.16979342186,15.68,0.58,0.0,0.0,5.0
1496,7,train_0330,12014.730217526332,10200.386456134594,70.03864561345945,0.0,12084.768863139792,16.08,0.76,0.0,0.0,5.0
1497,7,train_0468,11924.450992725537,10315.965599922049,81.59655999220486,0.0,12006.047552717742,15.28,0.68,0.0,0.0,5.0
1498,7,train_0280,12469.786331754005,10613.956179581597,111.39561795815972,0.0,12581.181949712165,15.84,0.76,0.0,0.0,5.0
1499,7,train_0504,12284.683248852882,10538.642698584365,103.86426985843646,0.0,12388.547518711319,15.0,0.68,0.0,0.0,5.0
1500,7,train_0317,12013.34627918652,10466.174056215845,96.61740562158448,0.0,12109.963684808105,15.82,0.64,0.0,0.0,5.0
1501,7,train_0156,12254.446138151405,10548.297068584074,104.82970685840738,0.0,12359.275845009812,16.1,0.72,0.0,0.0,5.0
1502,7,train_0137,11980.867294783846,10253.121880883002,75.31218808830018,0.0,12056.179482872147,15.3,0.58,0.0,0.0,5.0
1503,7,train_0193,12467.952220884097,10716.216678784353,121.62166787843526,0.0,12589.573888762532,13.5,0.64,0.0,0.0,5.0
1504,7,train_0358,12452.756339296633,10490.157751886209,99.01577518862086,0.0,12551.772114485255,15.34,0.6,0.0,0.0,5.0
1505,7,train_0145,12237.728199458463,10430.468039754072,93.04680397540724,0.0,12330.77500343387,14.9,0.64,0.0,0.0,5.0
1506,7,train_0548,12456.7618516896,10573.75790563501,107.37579056350097,0.0,12564.137642253101,16.52,0.62,0.0,0.0,5.0
1507,7,train_0287,12365.321374050633,10435.052395266026,93.50523952660261,0.0,12458.826613577236,16.52,0.72,0.0,0.0,5.0
1508,7,train_0517,12489.28287993422,10852.632429759025,135.26324297590256,0.0,12624.546122910124,16.8,0.7,0.0,0.0,5.0
1509,7,train_0409,12792.260026699174,10806.416249068348,130.64162490683483,0.0,12922.90165160601,20.02,0.72,0.0,0.0,5.0
1510,7,train_0200,12427.183598317179,10491.604930100493,99.16049301004932,0.0,12526.344091327228,17.8,0.58,0.0,0.0,5.0
1511,7,train_0136,12318.304110331406,10450.102945759165,95.01029457591649,0.0,12413.314404907323,15.62,0.62,0.0,0.0,5.0
1512,7,train_0446,12234.824610592419,10221.421449626621,72.14214496266213,0.0,12306.96675555508,16.9,0.68,0.0,0.0,5.0
1513,7,train_0198,11605.044912173353,10152.27179540938,65.22717954093805,0.0,11670.27209171429,16.66,0.58,0.0,0.0,5.0
1514,7,train_0148,12429.559437178592,10648.170549545226,114.81705495452262,0.0,12544.376492133115,17.9,0.56,0.0,0.0,5.0
1515,7,train_0558,12510.53470417098,10787.739496509428,128.77394965094282,0.0,12639.308653821921,15.1,0.6,0.0,0.0,5.0
1516,7,train_0289,12803.957069365195,11114.764148817665,161.47641488176652,0.0,12965.433484246962,16.1,0.56,0.0,0.0,5.0
1517,7,train_0029,12112.654448205658,10438.139833038204,93.81398330382035,0.0,12206.468431509478,15.64,0.76,0.0,0.0,5.0
1518,7,train_0296,12488.79543367524,10618.621736755082,111.86217367550817,0.0,12600.657607350748,15.48,0.62,0.0,0.0,5.0
1519,7,train_0276,12030.730882040283,10391.908648460192,89.19086484601922,0.0,12119.921746886303,14.9,0.78,0.0,0.0,5.0
1520,7,train_0518,12365.171820755506,10624.633850259535,112.46338502595354,0.0,12477.63520578146,15.5,0.72,0.0,0.0,5.0
1521,7,train_0426,12405.091846412543,10323.270432230882,82.3270432230882,0.0,12487.41888963563,17.84,0.7,0.0,0.0,5.0
1522,7,train_0114,12034.515588258744,10452.70295031837,95.27029503183695,0.0,12129.78588329058,15.76,0.64,0.0,0.0,5.0
1523,7,train_0090,12424.034046738341,10730.227469537844,123.02274695378438,0.0,12547.056793692125,13.2,0.62,0.0,0.0,5.0
1524,7,train_0362,12075.636112754815,10236.505157038602,73.65051570386022,0.0,12149.286628458676,15.9,0.68,0.0,0.0,5.0
1525,7,train_0028,12509.9645372595,10480.124160596937,98.01241605969372,0.0,12607.976953319194,18.06,0.54,0.0,0.0,5.0
1526,7,train_0191,12685.577189608583,10592.049446744348,109.20494467443478,0.0,12794.782134283018,15.84,0.52,0.0,0.0,5.0
1527,7,train_0082,12908.129580897576,10310.529297210836,81.05292972108364,0.0,12989.182510618659,16.36,0.66,0.0,0.0,5.0
1528,7,train_0012,12986.804834593844,10433.59659771253,93.35965977125306,0.0,13080.164494365097,16.78,0.78,0.0,0.0,5.0
1529,7,train_0551,11857.679808180132,10454.717447588584,95.4717447588584,0.0,11953.15155293899,17.12,0.7,0.0,0.0,5.0
1530,7,train_0053,12371.365066569328,10592.921354850754,109.29213548507542,0.0,12480.657202054403,14.68,0.66,0.0,0.0,5.0
1531,7,train_0005,12104.935914565818,10300.251624164463,80.02516241644626,0.0,12184.961076982265,18.88,0.62,0.0,0.0,5.0
1532,7,train_0559,12301.284969388616,10868.153532533353,136.81535325333536,0.0,12438.100322641953,18.42,0.64,0.0,0.0,5.0
1533,7,train_0112,12464.118600020309,10314.778725754308,81.47787257543078,0.0,12545.59647259574,17.58,0.6,0.0,0.0,5.0
1534,7,train_0489,11924.276174469698,10181.903703141053,68.19037031410535,0.0,11992.466544783803,16.88,0.58,0.0,0.0,5.0
1535,7,train_0018,12374.711761798324,10609.721225832576,110.97212258325763,0.0,12485.683884381582,16.1,0.66,0.0,0.0,5.0
1536,7,train_0092,12658.787146795796,10450.291717089365,95.02917170893653,0.0,12753.816318504732,16.96,0.68,0.0,0.0,5.0
1537,7,train_0066,12255.041846389884,10624.160055255068,112.41600552550682,0.0,12367.457851915391,16.72,0.7,0.0,0.0,5.0
1538,7,train_0423,12269.77308188228,10306.438725123946,80.6438725123946,0.0,12350.416954394675,17.64,0.62,0.0,0.0,5.0
1539,7,train_0372,12389.539681792045,10563.895650451148,106.38956504511481,0.0,12495.929246837159,17.1,0.8,0.0,0.0,5.0
1540,7,train_0285,12390.20801903458,10644.690494658444,114.46904946584436,0.0,12504.677068500425,15.74,0.58,0.0,0.0,5.0
1541,7,train_0144,12471.146052982644,11203.588684467246,170.3588684467246,0.0,12641.504921429369,15.22,0.64,0.0,0.0,5.0
1542,7,train_0053,12422.551233892584,10244.39531051,74.43953105100009,0.0,12496.990764943585,16.24,0.62,0.0,0.0,5.0
1543,7,train_0341,12529.927180827193,10793.837070011965,129.38370700119648,0.0,12659.31088782839,16.28,0.68,0.0,0.0,5.0
1544,7,train_0138,12233.358087820987,10511.449094070651,101.1449094070651,0.0,12334.502997228052,16.22,0.6,0.0,0.0,5.0
1545,7,train_0354,11851.669138783225,10069.553988938198,56.955398893819805,0.0,11908.624537677046,15.24,0.72,0.0,0.0,5.0
1546,7,train_0412,12234.659925860291,10255.443756838979,75.54437568389785,0.0,12310.204301544189,15.54,0.68,0.0,0.0,5.0
1547,7,train_0509,11950.283264939639,10631.738454781422,113.17384547814218,0.0,12063.457110417781,13.94,0.54,0.0,0.0,5.0
1548,7,train_0296,12810.116335878545,10293.820701896664,79.38207018966642,0.0,12889.49840606821,16.72,0.64,0.0,0.0,5.0
1549,7,train_0002,12300.853773226061,10303.843812742427,80.3843812742427,0.0,12381.238154500305,14.0,0.66,0.0,0.0,5.0
1550,7,train_0168,12595.934140948739,10576.832405980142,107.68324059801417,0.0,12703.617381546754,17.26,0.64,0.0,0.0,5.0
1551,7,train_0512,12426.074019961441,10349.242377572122,84.92423775721218,0.0,12510.998257718653,16.02,0.64,0.0,0.0,5.0
1552,7,train_0319,12292.737953942571,10493.8420219933,99.38420219932996,0.0,12392.1221561419,15.48,0.56,0.0,0.0,5.0
1553,7,train_0371,12014.795744120263,10289.449515437327,78.94495154373271,0.0,12093.740695663997,15.68,0.58,0.0,0.0,5.0
1554,7,train_0274,12145.608464530234,10958.849180083187,145.88491800831872,0.0,12291.493382538552,16.4,0.7,0.0,0.0,5.0
1555,7,train_0097,12143.442693758898,10476.619701424605,97.66197014246046,0.0,12241.104663901358,18.06,0.78,0.0,0.0,5.0
1556,7,train_0538,12673.171709117134,10766.511198658354,126.65111986583543,0.0,12799.82282898297,15.56,0.74,0.0,0.0,5.0
1557,7,train_0463,12021.089364869424,10312.839845711978,81.28398457119783,0.0,12102.373349440622,14.86,0.64,0.0,0.0,5.0
1558,7,train_0597,12186.006635178239,10726.645969846726,122.66459698467261,0.0,12308.671232162911,16.66,0.56,0.0,0.0,5.0
1559,7,train_0513,12117.594088474969,10438.293798741948,93.82937987419483,0.0,12211.423468349163,16.68,0.66,0.0,0.0,5.0
1560,7,train_0174,12094.256336658964,10737.529681374543,123.75296813745427,0.0,12218.009304796418,15.52,0.56,0.0,0.0,5.0
1561,7,train_0152,12160.517763200754,10622.845214371391,112.28452143713912,0.0,12272.802284637894,15.78,0.66,0.0,0.0,5.0
1562,7,train_0149,12436.469999356457,10604.956724934924,110.49567249349239,0.0,12546.96567184995,17.36,0.54,0.0,0.0,5.0
1563,7,train_0551,11958.465039714849,10460.42052982482,96.04205298248199,0.0,12054.507092697331,15.42,0.62,0.0,0.0,5.0
1564,7,train_0334,12495.584490486137,10360.656553137776,86.06565531377765,0.0,12581.650145799915,15.54,0.58,0.0,0.0,5.0
1565,7,train_0272,12486.907658848104,10375.9693540966,87.59693540966,0.0,12574.504594257764,15.12,0.64,0.0,0.0,5.0
1566,7,train_0580,12941.282783415423,10528.254671223762,102.82546712237618,0.0,13044.1082505378,16.12,0.72,0.0,0.0,5.0
1567,7,train_0362,12204.455562649884,10532.114974698026,103.21149746980264,0.0,12307.667060119687,15.18,0.68,0.0,0.0,5.0
1568,7,train_0545,12044.507597121912,10360.386396946269,86.03863969462691,0.0,12130.546236816539,18.92,0.6,0.0,0.0,5.0
1569,7,train_0590,12219.62520738852,10399.027934888607,89.90279348886071,0.0,12309.52800087738,17.02,0.54,0.0,0.0,5.0
1570,7,train_0047,12003.425430801857,10524.769760405972,102.47697604059722,0.0,12105.902406842455,15.06,0.72,0.0,0.0,5.0
1571,7,train_0216,11944.029928610162,10358.074355778996,85.80743557789957,0.0,12029.83736418806,18.5,0.64,0.0,0.0,5.0
1572,7,train_0440,12667.795160974605,11198.516997222721,169.85169972227214,0.0,12837.646860696877,15.26,0.7,0.0,0.0,5.0
1573,7,train_0487,12258.375218841611,10538.147292171885,103.81472921718851,0.0,12362.1899480588,15.4,0.76,0.0,0.0,5.0
1574,7,train_0089,12707.474708971942,10507.53232046642,100.75323204664201,0.0,12808.227941018584,16.72,0.64,0.0,0.0,5.0
1575,7,train_0191,12167.888685049538,10795.085461506926,129.50854615069258,0.0,12297.397231200232,15.58,0.66,0.0,0.0,5.0
1576,7,train_0328,12337.92055789908,10490.489084911042,99.04890849110416,0.0,12436.969466390185,15.6,0.6,0.0,0.0,5.0
1577,7,train_0479,12301.364637730601,11053.402792005896,155.34027920058963,0.0,12456.70491693119,16.82,0.6,0.0,0.0,5.0
1578,7,train_0067,12045.61644884523,10454.592700152645,95.45927001526452,0.0,12141.075718860495,17.08,0.64,0.0,0.0,5.0
1579,7,train_0360,12187.437996907574,10317.885131033927,81.78851310339269,0.0,12269.226510010967,15.6,0.6,0.0,0.0,5.0
1580,7,train_0177,12352.832818728395,10578.255411584527,107.8255411584527,0.0,12460.658359886847,13.72,0.66,0.0,0.0,5.0
1581,7,train_0129,12784.679878242201,10903.888551236576,140.3888551236576,0.0,12925.068733365859,13.8,0.66,0.0,0.0,5.0
1582,7,train_0309,12643.217299750686,10613.97561386052,111.39756138605208,0.0,12754.614861136739,12.86,0.56,0.0,0.0,5.0
1583,7,train_0248,12407.483717915788,10547.522712062271,104.75227120622714,0.0,12512.235989122015,16.78,0.62,0.0,0.0,5.0
1584,7,train_0381,11841.901427605539,10306.05338356691,80.60533835669104,0.0,11922.50676596223,14.5,0.68,0.0,0.0,5.0
1585,7,train_0190,12727.284645241885,10887.557728010139,138.75577280101388,0.0,12866.0404180429,16.48,0.56,0.0,0.0,5.0
1586,7,train_0493,12078.479645843116,10439.381071081414,93.93810710814142,0.0,12172.417752951256,16.94,0.58,0.0,0.0,5.0
1587,7,train_0046,12256.710724602966,10154.69215778447,65.46921577844697,0.0,12322.179940381413,15.96,0.66,0.0,0.0,5.0
1588,7,train_0517,12452.334731343724,10799.24586740685,129.92458674068493,0.0,12582.259318084409,15.06,0.7,0.0,0.0,5.0
1589,7,train_0017,12349.687862523035,10497.331976324289,99.7331976324289,0.0,12449.421060155464,15.22,0.68,0.0,0.0,5.0
1590,7,train_0441,12221.605352754154,10509.263068723596,100.9263068723596,0.0,12322.531659626513,16.18,0.6,0.0,0.0,5.0
1591,7,train_0207,11870.78219312727,10109.93645800285,60.99364580028505,0.0,11931.775838927555,14.98,0.72,0.0,0.0,5.0
1592,7,train_0230,12204.657629248317,10585.474083587154,108.54740835871544,0.0,12313.205037607033,14.3,0.72,0.0,0.0,5.0
1593,7,train_0011,12098.062099436444,10233.53522162974,73.35352216297397,0.0,12171.415621599417,15.48,0.58,0.0,0.0,5.0
1594,7,train_0421,12269.25037146201,11062.397908378425,156.23979083784252,0.0,12425.490162299853,16.42,0.68,0.0,0.0,5.0
1595,7,train_0099,11909.289925356996,10128.399518240247,62.83995182402469,0.0,11972.12987718102,17.76,0.64,0.0,0.0,5.0
1596,7,train_0395,11858.419268891008,10478.585778279197,97.85857782791973,0.0,11956.277846718927,15.04,0.68,0.0,0.0,5.0
1597,7,train_0435,12171.429003202042,10365.457567772146,86.54575677721459,0.0,12257.974759979257,16.72,0.62,0.0,0.0,5.0
1598,7,train_0507,12201.116172820492,10657.490147750454,115.74901477504537,0.0,12316.865187595537,16.54,0.66,0.0,0.0,5.0
1599,7,train_0424,12671.519660436956,10557.052852638652,105.70528526386516,0.0,12777.22494570082,17.22,0.54,0.0,0.0,5.0
1600,7,train_0180,12494.146863338447,10863.326218554608,136.33262185546081,0.0,12630.479485193908,16.9,0.68,0.0,0.0,5.0
1601,7,train_0443,12604.006668192027,10947.089547995123,144.70895479951233,0.0,12748.71562299154,16.28,0.74,0.0,0.0,5.0
1602,7,train_0495,12351.191623620894,10627.996289313618,112.79962893136181,0.0,12463.991252552256,17.04,0.72,0.0,0.0,5.0
1603,7,train_0190,12942.335800838082,10607.464162287713,110.74641622877135,0.0,13053.082217066853,16.46,0.8,0.0,0.0,5.0
1604,7,train_0074,12385.783822775858,10887.905218705411,138.79052187054114,0.0,12524.5743446464,16.36,0.68,0.0,0.0,5.0
1605,7,train_0534,12150.694345932558,10330.785872830871,83.07858728308712,0.0,12233.772933215645,16.64,0.56,0.0,0.0,5.0
1606,7,train_0088,12253.658682432128,10760.1478842176,126.01478842176003,0.0,12379.673470853888,14.82,0.62,0.0,0.0,5.0
1607,7,train_0356,12334.739676055342,10724.350682174918,122.43506821749179,0.0,12457.174744272834,15.48,0.76,0.0,0.0,5.0
1608,7,train_0141,12643.166045875305,10713.99421977384,121.39942197738401,0.0,12764.565467852688,14.06,0.62,0.0,0.0,5.0
1609,7,train_0075,12435.029568853683,10517.752769349909,101.77527693499087,0.0,12536.804845788673,16.18,0.68,0.0,0.0,5.0
1610,7,train_0465,12725.288960956732,10841.35915495575,134.13591549557495,0.0,12859.424876452307,16.28,0.74,0.0,0.0,5.0
1611,7,train_0086,11934.291644668225,10032.991387263955,53.29913872639554,0.0,11987.59078339462,16.12,0.7,0.0,0.0,5.0
1612,7,train_0402,12207.748524189545,11012.812005122209,151.28120051222086,0.0,12359.029724701766,18.8,0.64,0.0,0.0,5.0
1613,7,train_0415,12667.01110385598,10732.842714942057,123.28427149420568,0.0,12790.295375350186,13.42,0.68,0.0,0.0,5.0
1614,7,train_0036,12107.401055287184,10429.258112396747,92.92581123967466,0.0,12200.326866526859,16.72,0.72,0.0,0.0,5.0
1615,7,train_0103,12064.016512407092,10155.735871168137,65.57358711681373,0.0,12129.590099523906,15.9,0.58,0.0,0.0,5.0
1616,7,train_0476,12200.745998990846,10461.448379874859,96.14483798748589,0.0,12296.890836978331,18.94,0.68,0.0,0.0,5.0
1617,7,train_0304,12616.037302894756,11083.365611788293,158.3365611788293,0.0,12774.373864073585,16.44,0.82,0.0,0.0,5.0
1618,7,train_0072,12341.607266789342,10730.571804343143,123.05718043431426,0.0,12464.664447223657,15.18,0.62,0.0,0.0,5.0
1619,7,train_0595,11860.306857118598,10205.025257369965,70.50252573699655,0.0,11930.809382855594,16.3,0.68,0.0,0.0,5.0
1620,7,train_0158,12410.271865225317,10796.058141022608,129.60581410226078,0.0,12539.877679327577,16.56,0.6,0.0,0.0,5.0
1621,7,train_0002,12527.549511492407,10280.95705415041,78.0957054150411,0.0,12605.645216907447,13.2,0.7,0.0,0.0,5.0
1622,7,train_0554,12199.612742269472,10248.290042666707,74.82900426667075,0.0,12274.441746536142,14.16,0.66,0.0,0.0,5.0
1623,7,train_0009,12269.322453625404,10589.625031717886,108.96250317178857,0.0,12378.284956797192,15.08,0.66,0.0,0.0,5.0
1624,7,train_0332,12113.992094657935,10115.328317162766,61.53283171627663,0.0,12175.524926374212,17.4,0.66,0.0,0.0,5.0
1625,7,train_0595,11748.509253184744,10311.192761710994,81.11927617109941,0.0,11829.628529355843,14.66,0.78,0.0,0.0,5.0
1626,7,train_0346,12659.764714165274,10934.73491649528,143.47349164952794,0.0,12803.238205814801,17.36,0.62,0.0,0.0,5.0
1627,7,train_0350,12024.646916334848,10473.77050297209,97.37705029720892,0.0,12122.023966632058,18.16,0.64,0.0,0.0,5.0
1628,7,train_0232,12088.574359806027,10678.03241854188,117.80324185418795,0.0,12206.377601660215,16.66,0.78,0.0,0.0,5.0
1629,7,train_0076,12255.194614156277,10596.400970256136,109.64009702561361,0.0,12364.834711181891,17.5,0.68,0.0,0.0,5.0
1630,7,train_0343,12772.957125253391,10980.932200281208,148.09322002812078,0.0,12921.050345281512,15.6,0.66,0.0,0.0,5.0
1631,7,train_0538,12629.360495061883,10744.997366518644,124.49973665186445,0.0,12753.860231713747,16.48,0.66,0.0,0.0,5.0
1632,8,train_0054,12081.64970116112,10645.496359276563,114.54963592765635,0.0,12196.199337088778,16.3,0.62,0.0,0.0,5.0
1633,8,train_0528,12164.810587986089,10588.572200777286,108.85722007772857,0.0,12273.667808063818,15.46,0.64,0.0,0.0,5.0
1634,8,train_0249,12192.742868367017,10817.434100321738,131.74341003217378,0.0,12324.48627839919,15.22,0.72,0.0,0.0,5.0
1635,8,train_0321,12220.326487717102,10621.44422966181,112.14442296618108,0.0,12332.470910683283,17.7,0.62,0.0,0.0,5.0
1636,8,train_0099,11907.203301782363,10172.62446976652,67.26244697665207,0.0,11974.465748759016,17.64,0.62,0.0,0.0,5.0
1637,8,train_0373,12245.228691407867,10892.31331227452,139.23133122745205,0.0,12384.46002263532,14.0,0.72,0.0,0.0,5.0
1638,8,train_0109,12300.42771643178,11051.955897745072,155.19558977450725,0.0,12455.623306206286,17.24,0.7,0.0,0.0,5.0
1639,8,train_0163,12757.786989943597,10569.743530596545,106.97435305965446,0.0,12864.761343003252,15.88,0.6,0.0,0.0,5.0
1640,8,train_0432,12082.386795625853,10627.047924955208,112.70479249552082,0.0,12195.091588121373,14.5,0.62,0.0,0.0,5.0
1641,8,train_0030,12015.891577093613,10556.474972434222,105.6474972434222,0.0,12121.539074337035,16.76,0.6,0.0,0.0,5.0
1642,8,train_0268,12560.583721665656,10337.939769300747,83.79397693007468,0.0,12644.37769859573,15.9,0.74,0.0,0.0,5.0
1643,8,train_0356,12545.987976378545,10601.731133842113,110.17311338421132,0.0,12656.161089762756,14.94,0.58,0.0,0.0,5.0
1644,8,train_0079,12325.378937489153,10767.058181991491,126.70581819914915,0.0,12452.084755688302,15.44,0.68,0.0,0.0,5.0
1645,8,train_0176,12542.602745219745,10980.245697462724,148.0245697462724,0.0,12690.627314966017,15.06,0.54,0.0,0.0,5.0
1646,8,train_0206,12346.370626410673,10958.783201750532,145.87832017505318,0.0,12492.248946585727,14.8,0.66,0.0,0.0,5.0
1647,8,train_0398,11890.721130208762,10754.289038250326,125.42890382503265,0.0,12016.150034033795,14.66,0.78,0.0,0.0,5.0
1648,8,train_0586,12076.342420818626,10682.703063590043,118.27030635900428,0.0,12194.612727177631,15.82,0.66,0.0,0.0,5.0
1649,8,train_0501,12455.271063361713,10766.521539717804,126.65215397178036,0.0,12581.923217333493,17.82,0.7,0.0,0.0,5.0
1650,8,train_0113,12062.856746986536,10201.75838320747,70.17583832074706,0.0,12133.032585307283,15.86,0.74,0.0,0.0,5.0
1651,8,train_0010,12338.794335137727,10611.627311005508,111.16273110055081,0.0,12449.957066238278,17.12,0.66,0.0,0.0,5.0
1652,8,train_0031,12147.597844442027,10305.86595968183,80.58659596818308,0.0,12228.18444041021,16.7,0.8,0.0,0.0,5.0
1653,8,train_0357,12094.240453268045,10389.40939474469,88.94093947446909,0.0,12183.181392742514,15.52,0.7,0.0,0.0,5.0
1654,8,train_0093,12138.059194429869,10109.149025399642,60.914902539964174,0.0,12198.974096969832,16.52,0.62,0.0,0.0,5.0
1655,8,train_0138,12425.368738417517,10537.744917238875,103.77449172388752,0.0,12529.143230141404,16.84,0.7,0.0,0.0,5.0
1656,8,train_0508,12573.625255228866,10710.132328086987,121.01323280869875,0.0,12694.638488037564,15.16,0.64,0.0,0.0,5.0
1657,8,train_0524,11849.542284202224,10322.17188992184,82.21718899218395,0.0,11931.759473194408,17.0,0.66,0.0,0.0,5.0
1658,8,train_0503,12892.090048425725,10525.637157945415,102.56371579454154,0.0,12994.653764220267,16.06,0.68,0.0,0.0,5.0
1659,8,train_0152,12073.482156503189,10700.138384367336,120.01383843673358,0.0,12193.495994939922,16.18,0.64,0.0,0.0,5.0
1660,8,train_0371,12056.670809157824,10340.005374499957,84.00053744999569,0.0,12140.67134660782,15.94,0.66,0.0,0.0,5.0
1661,8,train_0366,12412.141657990975,10362.633854299096,86.26338542990962,0.0,12498.405043420884,15.94,0.6,0.0,0.0,5.0
1662,8,train_0111,12384.916411313181,10085.57343896541,58.55734389654099,0.0,12443.473755209721,13.7,0.68,0.0,0.0,5.0
1663,8,train_0332,11998.216815629848,10491.508903874008,99.1508903874008,0.0,12097.367706017249,17.24,0.74,0.0,0.0,5.0
1664,8,train_0315,12439.752342741125,11147.02474699878,164.70247469987808,0.0,12604.454817441003,16.14,0.56,0.0,0.0,5.0
1665,8,train_0237,12217.348566918248,10705.182547715147,120.5182547715147,0.0,12337.866821689762,17.24,0.62,0.0,0.0,5.0
1666,8,train_0450,12048.112424412004,10350.456901653786,85.04569016537863,0.0,12133.158114577382,15.36,0.68,0.0,0.0,5.0
1667,8,train_0406,12219.705786447663,10582.728865721114,108.27288657211139,0.0,12327.978673019774,17.36,0.8,0.0,0.0,5.0
1668,8,train_0319,12230.794573941406,10744.934464693855,124.49344646938553,0.0,12355.288020410791,14.42,0.64,0.0,0.0,5.0
1669,8,train_0435,12164.280818735193,10397.156522126672,89.7156522126672,0.0,12253.99647094786,17.18,0.72,0.0,0.0,5.0
1670,8,train_0457,12408.769657805526,10384.090706541832,88.40907065418324,0.0,12497.178728459709,16.72,0.66,0.0,0.0,5.0
1671,8,train_0340,12176.522041051918,10536.830090018999,103.68300900189989,0.0,12280.205050053817,16.36,0.7,0.0,0.0,5.0
1672,8,train_0160,12354.172189460547,10606.817151765074,110.68171517650735,0.0,12464.853904637055,16.82,0.76,0.0,0.0,5.0
1673,8,train_0455,12618.303502397011,11048.319210079248,154.83192100792476,0.0,12773.135423404936,17.1,0.76,0.0,0.0,5.0
1674,8,train_0430,12139.457149021877,10754.89089345569,125.48908934556894,0.0,12264.946238367445,14.36,0.58,0.0,0.0,5.0
1675,8,train_0590,12074.080177407217,10554.42972680619,105.44297268061892,0.0,12179.523150087836,17.34,0.62,0.0,0.0,5.0
1676,8,train_0089,12364.295363685078,10963.410296339523,146.34102963395236,0.0,12510.63639331903,16.14,0.62,0.0,0.0,5.0
1677,8,train_0251,12158.282083761354,10590.45610020305,109.04561002030496,0.0,12267.327693781659,14.28,0.66,0.0,0.0,5.0
1678,8,train_0554,12307.538600672551,10073.500735872778,57.350073587277805,0.0,12364.88867425983,13.12,0.7,0.0,0.0,5.0
1679,8,train_0308,12124.942142351334,10334.33760157174,83.43376015717405,0.0,12208.375902508507,15.56,0.68,0.0,0.0,5.0
1680,8,train_0565,12735.85401889541,10741.903785429215,124.19037854292147,0.0,12860.044397438332,15.56,0.6,0.0,0.0,5.0
1681,8,train_0007,12912.81363610693,11587.152206156888,208.71522061568885,0.0,13121.52885672262,15.72,0.62,0.0,0.0,5.0
1682,8,train_0021,12927.273006363732,10737.200220331648,123.7200220331648,0.0,13050.993028396897,16.54,0.64,0.0,0.0,5.0
1683,8,train_0477,12263.207210710683,9983.153553856882,48.315355385688235,0.0,12311.522566096372,12.74,0.8,0.0,0.0,5.0
1684,8,train_0215,12410.867451124845,10869.885520527345,136.9885520527345,0.0,12547.85600317758,16.14,0.58,0.0,0.0,5.0
1685,8,train_0312,12157.503934174405,10581.434671092053,108.14346710920528,0.0,12265.64740128361,14.9,0.62,0.0,0.0,5.0
1686,8,train_0256,12171.504501057574,10630.782093858088,113.0782093858088,0.0,12284.582710443383,16.54,0.62,0.0,0.0,5.0
1687,8,train_0244,12214.495293571887,10605.93125147179,110.59312514717895,0.0,12325.088418719066,16.82,0.68,0.0,0.0,5.0
1688,8,train_0563,12132.537513106763,10517.559543509786,101.75595435097858,0.0,12234.293467457741,15.52,0.62,0.0,0.0,5.0
1689,8,train_0056,11791.510748647706,10305.073985698189,80.50739856981892,0.0,11872.018147217525,16.88,0.64,0.0,0.0,5.0
1690,8,train_0463,11963.45585754982,10331.25849381103,83.12584938110304,0.0,12046.581706930923,15.82,0.7,0.0,0.0,5.0
1691,8,train_0533,11989.903029346908,10373.53501170027,87.35350117002709,0.0,12077.256530516936,15.38,0.7,0.0,0.0,5.0
1692,8,train_0394,12470.28477569314,10854.079585337533,135.40795853375332,0.0,12605.692734226894,16.1,0.64,0.0,0.0,5.0
1693,8,train_0237,11683.61081764623,10612.037909230263,111.20379092302629,0.0,11794.814608569255,17.74,0.6,0.0,0.0,5.0
1694,8,train_0096,12362.032846462007,10562.47514562824,106.24751456282394,0.0,12468.28036102483,15.56,0.64,0.0,0.0,5.0
1695,8,train_0409,12584.787262147664,11250.02229522699,175.00222952269905,0.0,12759.789491670363,18.6,0.58,0.0,0.0,5.0
1696,8,train_0281,12628.895841089456,10778.37600509052,127.83760050905204,0.0,12756.733441598508,16.48,0.7,0.0,0.0,5.0
1697,8,train_0089,12563.404797241225,11020.631802294705,152.06318022947053,0.0,12715.467977470695,14.58,0.62,0.0,0.0,5.0
1698,8,train_0215,12343.472025450215,11197.837978234813,169.7837978234813,0.0,12513.255823273697,16.36,0.74,0.0,0.0,5.0
1699,8,train_0576,12347.331047020369,10176.121699784628,67.61216997846277,0.0,12414.943216998832,14.4,0.7,0.0,0.0,5.0
1700,8,train_0159,11926.448102566485,10369.464220247055,86.9464220247055,0.0,12013.39452459119,17.0,0.6,0.0,0.0,5.0
1701,8,train_0107,12264.243481335921,10702.831617069067,120.2831617069067,0.0,12384.526643042827,16.74,0.68,0.0,0.0,5.0
1702,8,train_0409,12695.53728021336,10676.13162471508,117.61316247150808,0.0,12813.15044268487,16.46,0.62,0.0,0.0,5.0
1703,8,train_0119,12167.850111987605,10319.557122685866,81.95571226858665,0.0,12249.805824256193,16.12,0.62,0.0,0.0,5.0
1704,8,train_0551,11907.480093062895,10176.11631527512,67.61163152751196,0.0,11975.091724590407,17.14,0.64,0.0,0.0,5.0
1705,8,train_0515,11923.202910961065,10832.65390911173,133.26539091117303,0.0,12056.468301872237,18.54,0.7,0.0,0.0,5.0
1706,8,train_0590,12467.018582693836,10373.657809481803,87.36578094818033,0.0,12554.384363642017,18.34,0.58,0.0,0.0,5.0
1707,8,train_0547,12520.35119273151,10788.582908177652,128.8582908177652,0.0,12649.209483549275,18.18,0.72,0.0,0.0,5.0
1708,8,train_0146,12204.27796974377,10656.699254311254,115.66992543112538,0.0,12319.947895174897,16.4,0.6,0.0,0.0,5.0
1709,8,train_0127,12417.696172682354,10369.373989911372,86.93739899113717,0.0,12504.63357167349,15.66,0.62,0.0,0.0,5.0
1710,8,train_0205,12192.076375354369,10775.171794770667,127.51717947706675,0.0,12319.593554831436,14.94,0.64,0.0,0.0,5.0
1711,8,train_0281,12162.565467565173,10998.833420415713,149.88334204157127,0.0,12312.448809606743,14.84,0.62,0.0,0.0,5.0
1712,8,train_0527,12256.221067751303,10540.876567784027,104.08765677840275,0.0,12360.308724529707,15.12,0.6,0.0,0.0,5.0
1713,8,train_0440,12523.97115369809,10926.126784013642,142.61267840136426,0.0,12666.583832099455,14.84,0.56,0.0,0.0,5.0
1714,8,train_0386,12333.000991730127,10588.84204111066,108.884204111066,0.0,12441.885195841192,15.44,0.52,0.0,0.0,5.0
1715,8,train_0527,12526.149853262996,10274.748844522503,77.47488445225027,0.0,12603.624737715247,15.48,0.7,0.0,0.0,5.0
1716,8,train_0387,12113.428774426171,10104.116292158193,60.41162921581927,0.0,12173.84040364199,16.02,0.64,0.0,0.0,5.0
1717,8,train_0227,12566.424677427489,10687.319568826018,118.73195688260185,0.0,12685.156634310091,18.18,0.66,0.0,0.0,5.0
1718,8,train_0247,12564.256420551785,10718.530980802032,121.85309808020321,0.0,12686.109518631987,16.78,0.72,0.0,0.0,5.0
1719,8,train_0310,11967.063371017613,10408.363727413733,90.83637274137328,0.0,12057.899743758986,16.36,0.58,0.0,0.0,5.0
1720,8,train_0053,11993.367795583032,10933.070452789543,143.30704527895432,0.0,12136.674840861986,15.2,0.58,0.0,0.0,5.0
1721,8,train_0445,12568.775357330016,11018.103060348321,151.81030603483214,0.0,12720.585663364847,18.86,0.66,0.0,0.0,5.0
1722,8,train_0391,12297.407158878348,10394.823400320041,89.48234003200415,0.0,12386.889498910352,15.14,0.74,0.0,0.0,5.0
1723,8,train_0438,12123.441546710597,10730.145209864007,123.01452098640075,0.0,12246.456067696998,17.1,0.58,0.0,0.0,5.0
1724,8,train_0320,12307.105123845524,10827.581830210465,132.75818302104653,0.0,12439.86330686657,14.28,0.74,0.0,0.0,5.0
1725,8,train_0469,12737.059297686248,10663.638125224363,116.36381252243628,0.0,12853.423110208685,15.7,0.74,0.0,0.0,5.0
1726,8,train_0569,12144.124610173103,10393.88875419959,89.388875419959,0.0,12233.513485593063,17.16,0.7,0.0,0.0,5.0
1727,8,train_0341,12460.91620159642,11129.967158282027,162.99671582820267,0.0,12623.912917424623,16.74,0.74,0.0,0.0,5.0
1728,8,train_0266,12599.528314915511,10361.098651462196,86.10986514621965,0.0,12685.638180061731,14.88,0.66,0.0,0.0,5.0
1729,8,train_0062,11918.957669047264,10490.098046781295,99.00980467812951,0.0,12017.967473725394,15.16,0.54,0.0,0.0,5.0
1730,8,train_0467,12800.504430912504,11013.504389462316,151.3504389462316,0.0,12951.854869858736,15.6,0.78,0.0,0.0,5.0
1731,8,train_0542,11984.153441419134,10697.6255165673,119.76255165672993,0.0,12103.915993075863,14.98,0.7,0.0,0.0,5.0
1732,8,train_0419,12255.880034796959,10519.290114899934,101.92901148999336,0.0,12357.809046286953,16.14,0.64,0.0,0.0,5.0
1733,8,train_0519,12504.05623811531,11164.838256408613,166.48382564086134,0.0,12670.540063756172,17.78,0.7,0.0,0.0,5.0
1734,8,train_0516,12470.390565178392,10777.04881052846,127.70488105284603,0.0,12598.095446231238,14.98,0.74,0.0,0.0,5.0
1735,8,train_0478,12573.941726091654,10337.21272784582,83.72127278458193,0.0,12657.662998876236,16.86,0.6,0.0,0.0,5.0
1736,8,train_0301,12694.181691459491,10818.72550477461,131.87255047746095,0.0,12826.054241936952,15.78,0.58,0.0,0.0,5.0
1737,8,train_0059,12612.973296263513,10295.812757136784,79.58127571367841,0.0,12692.554571977193,13.36,0.7,0.0,0.0,5.0
1738,8,train_0001,12294.624024102317,10287.1677471195,78.71677471195,0.0,12373.340798814266,14.28,0.72,0.0,0.0,5.0
1739,8,train_0122,12485.001263933249,10149.842971432849,64.98429714328486,0.0,12549.985561076533,16.08,0.72,0.0,0.0,5.0
1740,8,train_0258,12401.337425741596,10835.76710073035,133.57671007303506,0.0,12534.914135814632,15.3,0.56,0.0,0.0,5.0
1741,8,train_0446,11790.91468261068,10497.998263349946,99.79982633499458,0.0,11890.714508945675,15.36,0.68,0.0,0.0,5.0
1742,8,train_0273,12406.24018293642,10468.907312896255,96.89073128962555,0.0,12503.130914226047,17.36,0.54,0.0,0.0,5.0
1743,8,train_0013,11904.931470724086,10680.391173917531,118.03911739175311,0.0,12022.970588115839,14.5,0.8,0.0,0.0,5.0
1744,8,train_0126,12215.179923533025,10546.177217329094,104.61772173290939,0.0,12319.797645265935,16.52,0.62,0.0,0.0,5.0
1745,8,train_0587,12154.53828958552,10310.021504929478,81.00215049294785,0.0,12235.540440078468,16.26,0.56,0.0,0.0,5.0
1746,8,train_0592,12227.353103439105,10497.948408393038,99.79484083930384,0.0,12327.14794427841,14.7,0.76,0.0,0.0,5.0
1747,8,train_0226,12089.096230763525,10543.208148974794,104.32081489747944,0.0,12193.417045661005,15.2,0.72,0.0,0.0,5.0
1748,8,train_0482,12133.039935755794,10379.764912641625,87.97649126416255,0.0,12221.016427019957,14.58,0.7,0.0,0.0,5.0
1749,8,train_0431,12188.915591434848,10455.402907813,95.54029078130007,0.0,12284.455882216149,16.34,0.76,0.0,0.0,5.0
1750,8,train_0558,12234.824549661567,11126.862501642932,162.68625016429326,0.0,12397.51079982586,16.48,0.68,0.0,0.0,5.0
1751,8,train_0532,12153.769229842117,10569.839189308595,106.98391893085955,0.0,12260.753148772976,13.86,0.68,0.0,0.0,5.0
1752,8,train_0377,12085.281353577851,10677.320392256512,117.73203922565118,0.0,12203.013392803503,16.18,0.66,0.0,0.0,5.0
1753,8,train_0236,12336.351816934683,10736.860711390473,123.68607113904727,0.0,12460.03788807373,19.38,0.66,0.0,0.0,5.0
1754,8,train_0375,12756.251481253483,10563.272642478063,106.32726424780631,0.0,12862.578745501289,15.92,0.58,0.0,0.0,5.0
1755,8,train_0191,12479.277008258296,10899.535052730564,139.95350527305638,0.0,12619.230513531353,15.76,0.7,0.0,0.0,5.0
1756,8,train_0208,12268.110167759685,10461.360523295654,96.13605232956543,0.0,12364.246220089251,15.58,0.76,0.0,0.0,5.0
1757,8,train_0365,12489.96465315975,11009.061546376875,150.90615463768754,0.0,12640.870807797437,15.38,0.74,0.0,0.0,5.0
1758,8,train_0342,12262.7292809524,10337.31716347615,83.73171634761493,0.0,12346.460997300015,18.08,0.54,0.0,0.0,5.0
1759,8,train_0348,12511.53615872067,10511.906690542231,101.19066905422315,0.0,12612.726827774894,16.4,0.58,0.0,0.0,5.0
1760,8,train_0230,11985.91613236523,10809.731115841607,130.9731115841607,0.0,12116.88924394939,16.12,0.66,0.0,0.0,5.0
1761,8,train_0245,12024.657302414897,10105.359538806912,60.53595388069116,0.0,12085.193256295588,16.86,0.64,0.0,0.0,5.0
1762,8,train_0006,12363.512680328578,10497.394538983874,99.73945389838737,0.0,12463.252134226967,14.84,0.7,0.0,0.0,5.0
1763,8,train_0361,12047.87247927245,10966.79509264173,146.67950926417308,0.0,12194.551988536623,17.4,0.6,0.0,0.0,5.0
1764,8,train_0345,12273.604308945396,10494.870475163512,99.48704751635124,0.0,12373.091356461748,14.24,0.66,0.0,0.0,5.0
1765,8,train_0561,12220.301539782362,10677.325429089979,117.73254290899786,0.0,12338.03408269136,17.98,0.68,0.0,0.0,5.0
1766,8,train_0302,12328.540894031159,10723.399424143516,122.33994241435158,0.0,12450.88083644551,14.56,0.66,0.0,0.0,5.0
1767,8,train_0280,12481.280759812234,10611.435892838133,111.14358928381336,0.0,12592.424349096047,16.34,0.68,0.0,0.0,5.0
1768,8,train_0040,12503.361066567071,10993.46615573683,149.3466155736831,0.0,12652.707682140754,17.78,0.7,0.0,0.0,5.0
1769,8,train_0118,12269.93071233045,10393.796982629941,89.37969826299414,0.0,12359.310410593444,15.08,0.74,0.0,0.0,5.0
1770,8,train_0202,12505.587526407093,10537.235901275984,103.72359012759844,0.0,12609.31111653469,16.08,0.64,0.0,0.0,5.0
1771,8,train_0226,11907.604574026562,10163.369723808662,66.33697238086624,0.0,11973.941546407428,14.76,0.68,0.0,0.0,5.0
1772,8,train_0217,12317.146403666491,10908.701211189045,140.87012111890454,0.0,12458.016524785395,16.4,0.7,0.0,0.0,5.0
1773,8,train_0236,12392.918823250944,10614.592997100262,111.45929971002624,0.0,12504.37812296097,19.9,0.76,0.0,0.0,5.0
1774,8,train_0461,12276.365411093651,10654.57059775625,115.45705977562503,0.0,12391.822470869276,14.48,0.68,0.0,0.0,5.0
1775,8,train_0078,12252.831246921896,10742.917196705968,124.29171967059683,0.0,12377.122966592493,14.34,0.68,0.0,0.0,5.0
1776,8,train_0199,12556.18692667595,10563.651039532713,106.36510395327133,0.0,12662.55203062922,17.0,0.74,0.0,0.0,5.0
1777,8,train_0097,12209.21106864534,10513.303433541412,101.33034335414123,0.0,12310.54141199948,16.08,0.68,0.0,0.0,5.0
1778,8,train_0184,12200.013501977131,10672.487574254948,117.24875742549484,0.0,12317.262259402627,16.72,0.58,0.0,0.0,5.0
1779,8,train_0410,12185.451683380314,10945.166234392866,144.51662343928658,0.0,12329.968306819601,17.18,0.58,0.0,0.0,5.0
1780,8,train_0028,12497.809477571325,10649.967736747047,114.99677367470468,0.0,12612.80625124603,15.96,0.68,0.0,0.0,5.0
1781,8,train_0203,12449.947103733313,10787.814356706833,128.7814356706833,0.0,12578.728539403997,14.08,0.74,0.0,0.0,5.0
1782,8,train_0014,12413.466353601349,10680.516575785932,118.05165757859322,0.0,12531.518011179942,17.06,0.52,0.0,0.0,5.0
1783,8,train_0572,12464.5344312665,10493.977296491987,99.39772964919867,0.0,12563.9321609157,12.88,0.74,0.0,0.0,5.0
1784,8,train_0436,12762.32510726267,10684.17739801652,118.41773980165199,0.0,12880.742847064323,15.62,0.68,0.0,0.0,5.0
1785,8,train_0146,12228.851107898625,10602.080800449967,110.20808004499668,0.0,12339.059187943622,14.7,0.64,0.0,0.0,5.0
1786,8,train_0118,12159.230083514609,10625.27839536464,112.52783953646394,0.0,12271.757923051073,13.96,0.68,0.0,0.0,5.0
1787,8,train_0059,12293.740785451555,10781.001563358335,128.10015633583353,0.0,12421.840941787388,14.6,0.72,0.0,0.0,5.0
1788,8,train_0283,12564.495689925134,10666.402595552569,116.64025955525686,0.0,12681.135949480391,15.66,0.6,0.0,0.0,5.0
1789,8,train_0452,11937.197924831888,10798.369590658967,129.83695906589674,0.0,12067.034883897784,15.3,0.64,0.0,0.0,5.0
1790,8,train_0350,11853.927077594315,10455.519793728465,95.55197937284647,0.0,11949.479056967162,17.1,0.76,0.0,0.0,5.0
1791,8,train_0528,12532.212719974159,10602.59595897597,110.25959589759697,0.0,12642.472315871755,14.7,0.82,0.0,0.0,5.0
1792,8,train_0206,12477.609607714423,10933.997064966088,143.39970649660881,0.0,12621.00931421103,15.64,0.72,0.0,0.0,5.0
1793,8,train_0166,12310.68577295273,10000.44881893518,50.04488189351796,0.0,12360.730654846247,15.36,0.66,0.0,0.0,5.0
1794,8,train_0286,12322.779035755197,10908.191690928828,140.81916909288285,0.0,12463.59820484808,15.48,0.48,0.0,0.0,5.0
1795,8,train_0121,12126.297352876723,10437.343612107077,93.73436121070773,0.0,12220.03171408743,14.78,0.58,0.0,0.0,5.0
1796,8,train_0585,12148.950037653685,10909.663359835351,140.96633598353512,0.0,12289.916373637221,13.14,0.74,0.0,0.0,5.0
1797,8,train_0111,12134.239948956852,10287.873303969514,78.78733039695145,0.0,12213.027279353804,13.74,0.72,0.0,0.0,5.0
1798,8,train_0287,12131.555975369094,10616.505543867082,111.65055438670825,0.0,12243.206529755802,17.58,0.64,0.0,0.0,5.0
1799,8,train_0313,12482.277873719384,10560.161033615033,106.01610336150334,0.0,12588.293977080888,16.98,0.66,0.0,0.0,5.0
1800,8,train_0034,12262.210847027683,10429.436382473104,92.94363824731045,0.0,12355.154485274994,17.12,0.66,0.0,0.0,5.0
1801,8,train_0281,12413.730017959944,10914.758557787834,141.47585577878345,0.0,12555.205873738727,16.06,0.78,0.0,0.0,5.0
1802,8,train_0272,12283.020465549684,10509.034343421266,100.90343434212664,0.0,12383.92389989181,13.44,0.64,0.0,0.0,5.0
1803,8,train_0155,12318.66080332877,10649.944052165014,114.9944052165014,0.0,12433.655208545271,15.16,0.54,0.0,0.0,5.0
1804,8,train_0076,12139.945369763744,10637.084015965047,113.7084015965047,0.0,12253.653771360248,15.38,0.56,0.0,0.0,5.0
1805,8,train_0027,12752.946694574432,10603.113665518853,110.3113665518853,0.0,12863.258061126317,13.76,0.66,0.0,0.0,5.0
1806,8,train_0005,11915.438605589066,10203.944922506727,70.39449225067274,0.0,11985.833097839739,17.46,0.62,0.0,0.0,5.0
1807,8,train_0288,11767.498238605916,10408.22522033398,90.82252203339795,0.0,11858.320760639315,16.04,0.78,0.0,0.0,5.0
1808,8,train_0053,12272.506904164016,10455.020114243669,95.50201142436691,0.0,12368.008915588383,15.76,0.6,0.0,0.0,5.0
1809,8,train_0575,12749.177823469388,10793.662066473065,129.36620664730654,0.0,12878.544030116695,15.82,0.62,0.0,0.0,5.0
1810,8,train_0146,12140.764210412624,10569.142861841048,106.91428618410482,0.0,12247.678496596729,15.7,0.72,0.0,0.0,5.0
1811,8,train_0391,12194.168927167804,10366.269218212537,86.62692182125375,0.0,12280.795848989059,14.58,0.66,0.0,0.0,5.0
1812,8,train_0404,12687.000809655803,11197.267577365747,169.72675773657465,0.0,12856.727567392378,16.4,0.64,0.0,0.0,5.0
1813,8,train_0297,12190.361392858173,10444.757995203483,94.4757995203483,0.0,12284.837192378522,12.9,0.72,0.0,0.0,5.0
1814,8,train_0530,12657.095298292246,11103.569545785838,160.35695457858384,0.0,12817.45225287083,15.74,0.7,0.0,0.0,5.0
1815,8,train_0066,12427.129350956675,10734.763697570597,123.47636975705973,0.0,12550.605720713735,17.4,0.66,0.0,0.0,5.0
1816,8,train_0140,11973.868935370958,10530.849845042474,103.08498450424742,0.0,12076.953919875205,15.78,0.72,0.0,0.0,5.0
1817,8,train_0151,12629.426379031287,10338.943728837508,83.89437288375085,0.0,12713.320751915038,16.34,0.7,0.0,0.0,5.0
1818,8,train_0081,12313.841137741196,10425.041369114977,92.50413691149771,0.0,12406.345274652693,16.12,0.62,0.0,0.0,5.0
1819,8,train_0176,12765.635940243183,10908.284648878533,140.82846488785327,0.0,12906.464405131035,14.46,0.8,0.0,0.0,5.0
1820,8,train_0187,12221.953786099672,10296.587944910714,79.65879449107143,0.0,12301.612580590743,15.42,0.76,0.0,0.0,5.0
1821,8,train_0458,12608.188557211673,10827.866288102563,132.7866288102563,0.0,12740.97518602193,15.56,0.76,0.0,0.0,5.0
1822,8,train_0180,12317.245131524767,10714.046236197373,121.40462361973732,0.0,12438.649755144505,16.7,0.64,0.0,0.0,5.0
1823,8,train_0526,12443.636762501745,10618.63793354676,111.86379335467609,0.0,12555.50055585642,16.4,0.72,0.0,0.0,5.0
1824,8,train_0463,11909.044950727739,10104.45320633053,60.44532063305306,0.0,11969.490271360792,17.0,0.68,0.0,0.0,5.0
1825,8,train_0540,12329.883785341459,10877.420725456797,137.74207254567975,0.0,12467.625857887138,14.16,0.66,0.0,0.0,5.0
1826,8,train_0063,12398.421293626066,10475.896760882652,97.58967608826515,0.0,12496.01096971433,15.58,0.74,0.0,0.0,5.0
1827,8,train_0590,12385.900039295186,10645.921111695661,114.59211116956612,0.0,12500.492150464752,16.2,0.72,0.0,0.0,5.0
1828,8,train_0368,12275.914791611514,10653.717967504022,115.37179675040225,0.0,12391.286588361916,14.18,0.74,0.0,0.0,5.0
1829,8,train_0589,12042.140273765344,10292.009292946872,79.2009292946872,0.0,12121.341203060032,16.82,0.66,0.0,0.0,5.0
1830,8,train_0212,12228.697597521023,10484.003321033786,98.40033210337862,0.0,12327.0979296244,14.18,0.72,0.0,0.0,5.0
1831,8,train_0571,12207.89388510503,10436.413906018206,93.6413906018206,0.0,12301.53527570685,15.08,0.68,0.0,0.0,5.0
1832,8,train_0353,11772.074163289013,10389.797529574289,88.9797529574289,0.0,11861.053916246441,16.3,0.72,0.0,0.0,5.0
1833,8,train_0043,12181.50898520182,10312.905947847361,81.2905947847361,0.0,12262.799579986557,17.24,0.66,0.0,0.0,5.0
1834,8,train_0246,11873.636871137882,10562.1305606936,106.21305606936004,0.0,11979.849927207242,16.18,0.74,0.0,0.0,5.0
1835,8,train_0082,12476.888375847568,10669.845217097882,116.98452170978817,0.0,12593.872897557356,15.56,0.6,0.0,0.0,5.0
1836,8,train_0564,12399.187635519153,10350.92795392256,85.0927953922561,0.0,12484.280430911409,16.22,0.64,0.0,0.0,5.0
1837,8,train_0182,12466.561898644612,10785.978267880655,128.5978267880655,0.0,12595.159725432677,16.84,0.78,0.0,0.0,5.0
1838,8,train_0133,12409.858137940762,10619.017098970076,111.90170989700765,0.0,12521.75984783777,16.18,0.54,0.0,0.0,5.0
1839,8,train_0331,12260.556799302249,10345.444774846635,84.54447748466356,0.0,12345.101276786912,17.58,0.7,0.0,0.0,5.0
1840,9,train_0255,12078.77077300781,10224.996764618196,72.49967646181959,0.0,12151.270449469628,15.68,0.74,0.0,0.0,5.0
1841,9,train_0058,11989.739585964031,10217.797354160586,71.77973541605861,0.0,12061.51932138009,16.84,0.66,0.0,0.0,5.0
1842,9,train_0489,11864.911020997584,10305.97456191964,80.59745619196401,0.0,11945.508477189549,17.26,0.72,0.0,0.0,5.0
1843,9,train_0507,12104.127735002668,10727.75528258344,122.77552825834391,0.0,12226.903263261012,16.4,0.72,0.0,0.0,5.0
1844,9,train_0445,12602.61736272593,11166.574345676583,166.65743456765833,0.0,12769.274797293589,19.26,0.72,0.0,0.0,5.0
1845,9,train_0370,12390.261521223638,10673.379944586357,117.3379944586357,0.0,12507.599515682274,16.4,0.68,0.0,0.0,5.0
1846,9,train_0241,11976.318191022163,10493.396105391077,99.33961053910771,0.0,12075.65780156127,14.4,0.68,0.0,0.0,5.0
1847,9,train_0325,12149.464161921012,10630.721505729089,113.07215057290887,0.0,12262.536312493921,13.94,0.56,0.0,0.0,5.0
1848,9,train_0312,11962.674869265116,10588.405147588617,108.84051475886173,0.0,12071.515384023978,16.46,0.74,0.0,0.0,5.0
1849,9,train_0099,12051.751242980228,10152.705738453533,65.27057384535328,0.0,12117.021816825581,15.84,0.62,0.0,0.0,5.0
1850,9,train_0049,12361.429525346826,10605.481700206783,110.5481700206783,0.0,12471.977695367505,15.36,0.66,0.0,0.0,5.0
1851,9,train_0151,12325.685624374339,10679.942458082916,117.99424580829164,0.0,12443.67987018263,14.12,0.64,0.0,0.0,5.0
1852,9,train_0272,12172.654214159447,10639.685537129775,113.96855371297752,0.0,12286.622767872424,13.6,0.72,0.0,0.0,5.0
1853,9,train_0096,12559.34265944063,10577.773039720578,107.77730397205778,0.0,12667.119963412688,16.06,0.68,0.0,0.0,5.0
1854,9,train_0064,12334.092765480076,10877.224208240918,137.72242082409176,0.0,12471.815186304168,15.9,0.78,0.0,0.0,5.0
1855,9,train_0511,12124.993934460019,10453.465366540157,95.34653665401567,0.0,12220.340471114034,15.82,0.62,0.0,0.0,5.0
1856,9,train_0224,12031.481622915828,10830.030531895587,133.0030531895587,0.0,12164.484676105387,12.82,0.72,0.0,0.0,5.0
1857,9,train_0350,12109.015749012155,10410.343689626696,91.03436896266959,0.0,12200.050117974824,17.32,0.62,0.0,0.0,5.0
1858,9,train_0314,11857.64869934541,10527.347365357164,102.73473653571637,0.0,11960.383435881125,17.2,0.72,0.0,0.0,5.0
1859,9,train_0441,12470.398991777114,10748.537410877136,124.85374108771357,0.0,12595.252732864828,15.86,0.7,0.0,0.0,5.0
1860,9,train_0443,12745.955479140268,10896.977332154876,139.69773321548766,0.0,12885.653212355755,16.98,0.6,0.0,0.0,5.0
1861,9,train_0177,12175.745940619545,10625.544329509641,112.55443295096411,0.0,12288.30037357051,15.08,0.6,0.0,0.0,5.0
1862,9,train_0508,12279.49041362818,10894.764875500478,139.47648755004775,0.0,12418.966901178228,15.0,0.74,0.0,0.0,5.0
1863,9,train_0222,12272.165835596614,10603.722623030477,110.37226230304769,0.0,12382.538097899662,17.46,0.62,0.0,0.0,5.0
1864,9,train_0501,12418.871556074755,10858.633792801298,135.8633792801298,0.0,12554.734935354885,18.48,0.72,0.0,0.0,5.0
1865,9,train_0242,12151.25776088384,11101.941905731637,160.19419057316372,0.0,12311.451951457004,15.58,0.66,0.0,0.0,5.0
1866,9,train_0066,12127.074036435693,10970.79334981526,147.079334981526,0.0,12274.15337141722,17.3,0.66,0.0,0.0,5.0
1867,9,train_0456,12246.435341138336,10327.92582531435,82.79258253143507,0.0,12329.227923669772,15.18,0.62,0.0,0.0,5.0
1868,9,train_0018,12357.58653012086,10454.407274941012,95.44072749410117,0.0,12453.02725761496,16.44,0.6,0.0,0.0,5.0
1869,9,train_0463,12013.616839179762,10179.62558400261,67.96255840026097,0.0,12081.579397580022,17.14,0.68,0.0,0.0,5.0
1870,9,train_0025,12282.965934843776,10918.415948905913,141.8415948905913,0.0,12424.807529734368,14.54,0.68,0.0,0.0,5.0
1871,9,train_0124,12445.92741302063,11019.998528796672,151.9998528796672,0.0,12597.927265900298,17.78,0.64,0.0,0.0,5.0
1872,9,train_0362,12081.197779728176,10527.728033413767,102.77280334137669,0.0,12183.970583069553,16.74,0.68,0.0,0.0,5.0
1873,9,train_0564,12313.879192666653,10714.738980288183,121.47389802881827,0.0,12435.353090695471,15.68,0.7,0.0,0.0,5.0
1874,9,train_0245,11935.15695132688,10361.516816675226,86.15168166752265,0.0,12021.308632994404,15.06,0.7,0.0,0.0,5.0
1875,9,train_0072,12455.692817413727,10571.456922592668,107.14569225926681,0.0,12562.838509672993,15.2,0.78,0.0,0.0,5.0
1876,9,train_0139,12059.878746882352,10360.372191967826,86.03721919678264,0.0,12145.915966079134,15.84,0.62,0.0,0.0,5.0
1877,9,train_0537,12243.549745511464,10322.47689514517,82.24768951451698,0.0,12325.797435025981,15.0,0.68,0.0,0.0,5.0
1878,9,train_0436,12492.100793952157,10522.003921144056,102.20039211440563,0.0,12594.301186066563,16.9,0.68,0.0,0.0,5.0
1879,9,train_0060,12294.820198506435,11002.609562991172,150.26095629911725,0.0,12445.081154805552,16.06,0.64,0.0,0.0,5.0
1880,9,train_0230,12318.08481542666,10691.530280811712,119.15302808117121,0.0,12437.237843507832,16.04,0.64,0.0,0.0,5.0
1881,9,train_0158,12171.040254106967,10744.200007132495,124.42000071324946,0.0,12295.460254820217,17.3,0.66,0.0,0.0,5.0
1882,9,train_0106,12911.097254755408,10566.524210290692,106.65242102906923,0.0,13017.749675784478,17.36,0.64,0.0,0.0,5.0
1883,9,train_0507,12132.665115864354,10843.849340904791,134.38493409047916,0.0,12267.050049954834,14.94,0.58,0.0,0.0,5.0
1884,9,train_0370,12350.813329152323,10624.195831973395,112.41958319733949,0.0,12463.232912349662,14.88,0.66,0.0,0.0,5.0
1885,9,train_0107,12518.526731541328,10870.46135800549,137.04613580054902,0.0,12655.572867341876,16.9,0.72,0.0,0.0,5.0
1886,9,train_0390,12208.169728371515,10854.28581242642,135.42858124264203,0.0,12343.598309614157,17.02,0.54,0.0,0.0,5.0
1887,9,train_0248,12567.190868967704,10211.38337854387,71.13833785438692,0.0,12638.32920682209,15.4,0.62,0.0,0.0,5.0
1888,9,train_0036,12246.58769636102,10434.470406984365,93.44704069843647,0.0,12340.034737059457,16.92,0.7,0.0,0.0,5.0
1889,9,train_0269,11656.618544922563,10355.585022454652,85.5585022454652,0.0,11742.177047168028,15.98,0.76,0.0,0.0,5.0
1890,9,train_0111,11937.908379672692,10508.87464334901,100.88746433490105,0.0,12038.795844007593,15.18,0.54,0.0,0.0,5.0
1891,9,train_0147,12567.762916316513,10603.975528278228,110.3975528278228,0.0,12678.160469144335,15.66,0.58,0.0,0.0,5.0
1892,9,train_0527,12446.48624600275,10422.27948971363,92.227948971363,0.0,12538.714194974114,15.08,0.52,0.0,0.0,5.0
1893,9,train_0426,12227.335106832375,10447.088526725789,94.70885267257891,0.0,12322.043959504954,16.9,0.66,0.0,0.0,5.0
1894,9,train_0080,12664.837288742652,10914.30188064587,141.43018806458696,0.0,12806.26747680724,15.78,0.76,0.0,0.0,5.0
1895,9,train_0510,12537.721117017765,10874.036399746374,137.40363997463737,0.0,12675.124756992402,14.64,0.58,0.0,0.0,5.0
1896,9,train_0344,12141.07849743385,10659.009429850568,115.90094298505683,0.0,12256.979440418907,15.74,0.62,0.0,0.0,5.0
1897,9,train_0524,11862.997087387666,10200.13256231858,70.01325623185804,0.0,11933.010343619524,16.72,0.66,0.0,0.0,5.0
1898,9,train_0448,12568.336882648531,10326.332916828214,82.63329168282144,0.0,12650.970174331353,15.9,0.66,0.0,0.0,5.0
1899,9,train_0203,12481.463225294481,10819.757038127596,131.97570381275963,0.0,12613.43892910724,13.86,0.74,0.0,0.0,5.0
1900,9,train_0320,12269.898041949333,11028.720991706763,152.8720991706763,0.0,12422.770141120009,14.48,0.56,0.0,0.0,5.0
1901,9,train_0318,12044.300437556267,10478.455868831254,97.84558688312536,0.0,12142.146024439393,16.62,0.6,0.0,0.0,5.0
1902,9,train_0431,12287.225171559552,10665.396221398707,116.5396221398707,0.0,12403.764793699424,15.82,0.72,0.0,0.0,5.0
1903,9,train_0149,12308.310684742792,10641.332265068293,114.13322650682932,0.0,12422.44391124962,17.02,0.68,0.0,0.0,5.0
1904,9,train_0199,12242.188931713663,10741.73813055954,124.1738130559541,0.0,12366.362744769616,16.68,0.72,0.0,0.0,5.0
1905,9,train_0146,12157.709826552516,10925.781652935484,142.5781652935484,0.0,12300.287991846064,14.9,0.68,0.0,0.0,5.0
1906,9,train_0177,12192.14637898763,10757.641615648176,125.76416156481756,0.0,12317.910540552448,14.84,0.72,0.0,0.0,5.0
1907,9,train_0096,12208.779800965462,10843.811852916706,134.3811852916706,0.0,12343.160986257131,17.58,0.68,0.0,0.0,5.0
1908,9,train_0021,12452.5590060762,11277.556238877092,177.75562388770925,0.0,12630.31462996391,18.08,0.76,0.0,0.0,5.0
1909,9,train_0564,12141.953892759806,10797.757809899402,129.7757809899402,0.0,12271.729673749745,15.76,0.56,0.0,0.0,5.0
1910,9,train_0044,12524.5437328986,11177.14375159996,167.71437515999605,0.0,12692.258108058597,16.22,0.58,0.0,0.0,5.0
1911,9,train_0532,12310.917669192562,10366.102513505068,86.61025135050677,0.0,12397.527920543069,16.32,0.74,0.0,0.0,5.0
1912,9,train_0001,11848.653525226753,10478.973729333358,97.89737293333583,0.0,11946.550898160089,13.5,0.74,0.0,0.0,5.0
1913,9,train_0466,12139.774142158112,10795.606806515016,129.56068065150157,0.0,12269.334822809615,16.28,0.68,0.0,0.0,5.0
1914,9,train_0197,12297.79603328907,11105.673676500042,160.56736765000426,0.0,12458.363400939075,15.86,0.74,0.0,0.0,5.0
1915,9,train_0310,12023.78675729578,10482.637577969133,98.26375779691335,0.0,12122.050515092693,16.26,0.64,0.0,0.0,5.0
1916,9,train_0169,11907.805618469709,10244.614156874683,74.46141568746826,0.0,11982.267034157177,15.62,0.6,0.0,0.0,5.0
1917,9,train_0294,11988.579254582457,10525.458143510627,102.54581435106266,0.0,12091.12506893352,14.28,0.68,0.0,0.0,5.0
1918,9,train_0270,12066.58492222664,10752.317729818958,125.23177298189586,0.0,12191.816695208536,16.12,0.64,0.0,0.0,5.0
1919,9,train_0317,12056.65764089191,10550.496489791303,105.04964897913032,0.0,12161.70728987104,16.22,0.6,0.0,0.0,5.0
1920,9,train_0235,12570.52750019123,10612.61711248061,111.26171124806098,0.0,12681.78921143929,15.98,0.58,0.0,0.0,5.0
1921,9,train_0321,12430.772599967466,10468.360234333317,96.83602343333169,0.0,12527.608623400798,18.84,0.72,0.0,0.0,5.0
1922,9,train_0495,12492.348929566291,10757.60833801547,125.76083380154705,0.0,12618.109763367838,16.16,0.6,0.0,0.0,5.0
1923,9,train_0260,12126.143164762454,10398.034107515678,89.80341075156775,0.0,12215.946575514023,17.1,0.68,0.0,0.0,5.0
1924,9,train_0216,12156.289380795075,10150.447481145573,65.0447481145573,0.0,12221.334128909632,16.92,0.7,0.0,0.0,5.0
1925,9,train_0079,12100.721385749835,10944.595773595698,144.4595773595698,0.0,12245.180963109406,16.08,0.62,0.0,0.0,5.0
1926,9,train_0215,12493.354162520887,10991.333271437643,149.1333271437643,0.0,12642.48748966465,17.42,0.62,0.0,0.0,5.0
1927,9,train_0075,12263.225654609616,10848.199243684412,134.8199243684412,0.0,12398.045578978057,19.0,0.8,0.0,0.0,5.0
1928,9,train_0109,12476.163104658937,10758.438801008124,125.84388010081238,0.0,12602.00698475975,17.22,0.66,0.0,0.0,5.0
1929,9,train_0571,12308.346321771412,10464.027385939069,96.40273859390692,0.0,12404.749060365319,16.1,0.74,0.0,0.0,5.0
1930,9,train_0053,12338.33564406986,10434.177851987546,93.41778519875461,0.0,12431.753429268616,16.66,0.72,0.0,0.0,5.0
1931,9,train_0289,12577.76987980834,10920.454528348031,142.04545283480311,0.0,12719.815332643144,17.12,0.56,0.0,0.0,5.0
1932,9,train_0500,11951.723980233535,10413.458841461174,91.34588414611736,0.0,12043.069864379653,15.84,0.72,0.0,0.0,5.0
1933,9,train_0571,12160.846601677938,10563.298722587524,106.3298722587524,0.0,12267.176473936692,15.3,0.62,0.0,0.0,5.0
1934,9,train_0088,12475.919445198553,10972.198273879168,147.21982738791687,0.0,12623.13927258647,15.64,0.74,0.0,0.0,5.0
1935,9,train_0098,11832.519901344738,10479.140178065136,97.91401780651358,0.0,11930.433919151252,14.14,0.82,0.0,0.0,5.0
1936,9,train_0223,12065.332512359615,10261.700005348832,76.17000053488319,0.0,12141.502512894498,15.1,0.7,0.0,0.0,5.0
1937,9,train_0332,12115.84103371757,10265.911284756145,76.59112847561447,0.0,12192.432162193185,15.88,0.56,0.0,0.0,5.0
1938,9,train_0575,12635.26315055399,10788.442617085044,128.84426170850438,0.0,12764.107412262494,15.8,0.72,0.0,0.0,5.0
1939,9,train_0124,12340.60740059257,10825.949096620658,132.59490966206576,0.0,12473.202310254635,17.72,0.6,0.0,0.0,5.0
1940,9,train_0098,11863.738234904935,10432.48511431148,93.24851143114793,0.0,11956.986746336082,14.26,0.7,0.0,0.0,5.0
1941,9,train_0151,12340.5000707966,10694.256342567383,119.42563425673835,0.0,12459.925705053338,14.96,0.6,0.0,0.0,5.0
1942,9,train_0524,11752.810379468428,9996.376190450737,49.637619045073734,0.0,11802.447998513502,16.2,0.54,0.0,0.0,5.0
1943,9,train_0018,12189.720488400424,10330.369667762025,83.03696677620246,0.0,12272.757455176627,15.24,0.74,0.0,0.0,5.0
1944,9,train_0228,12049.937069949017,10591.08917662349,109.10891766234909,0.0,12159.045987611367,14.32,0.78,0.0,0.0,5.0
1945,9,train_0071,12466.045687305477,10499.413667479243,99.94136674792426,0.0,12565.987054053401,15.58,0.7,0.0,0.0,5.0
1946,9,train_0094,11842.25348204332,10228.820410262662,72.88204102626624,0.0,11915.135523069586,16.06,0.8,0.0,0.0,5.0
1947,9,train_0550,12234.48426211318,10612.671488719254,111.26714887192539,0.0,12345.751410985105,17.38,0.68,0.0,0.0,5.0
1948,9,train_0000,12102.440404499735,10150.78648622092,65.07864862209208,0.0,12167.519053121827,13.82,0.64,0.0,0.0,5.0
1949,9,train_0192,12323.223618797865,10699.246439889892,119.9246439889892,0.0,12443.148262786854,17.04,0.7,0.0,0.0,5.0
1950,9,train_0549,12389.391282606379,11002.496915548958,150.2496915548958,0.0,12539.640974161275,17.52,0.66,0.0,0.0,5.0
1951,9,train_0364,12227.796811754397,10650.054009908254,115.00540099082536,0.0,12342.802212745222,17.8,0.74,0.0,0.0,5.0
1952,9,train_0043,11952.924176996723,10524.152967172982,102.41529671729823,0.0,12055.33947371402,17.0,0.66,0.0,0.0,5.0
1953,9,train_0279,12567.249160068364,10527.227471550621,102.72274715506211,0.0,12669.971907223426,15.02,0.6,0.0,0.0,5.0
1954,9,train_0582,12563.118774749975,10591.952052849045,109.19520528490449,0.0,12672.31398003488,16.56,0.6,0.0,0.0,5.0
1955,9,train_0240,13025.776361356104,10697.245580723426,119.72455807234256,0.0,13145.500919428447,15.86,0.54,0.0,0.0,5.0
1956,9,train_0317,12108.319203697449,10648.851615752574,114.88516157525737,0.0,12223.204365272706,15.36,0.66,0.0,0.0,5.0
1957,9,train_0319,12244.542781209591,10743.740444449737,124.3740444449737,0.0,12368.916825654565,15.78,0.66,0.0,0.0,5.0
1958,9,train_0396,12153.56650515048,10678.3692014509,117.83692014508998,0.0,12271.40342529557,13.8,0.64,0.0,0.0,5.0
1959,9,train_0112,12434.804443436115,10457.451040612817,95.74510406128175,0.0,12530.549547497396,17.42,0.76,0.0,0.0,5.0
1960,9,train_0503,12741.671571562547,10870.76132960525,137.07613296052497,0.0,12878.747704523072,16.16,0.64,0.0,0.0,5.0
1961,9,train_0593,12133.266184638615,10768.108159294257,126.81081592942574,0.0,12260.07700056804,15.18,0.62,0.0,0.0,5.0
1962,9,train_0085,12056.807680019358,10710.950379966089,121.09503799660888,0.0,12177.902718015966,14.88,0.7,0.0,0.0,5.0
1963,9,train_0490,12042.9558667958,10649.933066412406,114.99330664124064,0.0,12157.949173437042,15.22,0.6,0.0,0.0,5.0
1964,9,train_0490,12253.133671818145,10384.338064358504,88.43380643585043,0.0,12341.567478253995,16.7,0.6,0.0,0.0,5.0
1965,9,train_0444,12285.777880621932,10572.774833602447,107.2774833602447,0.0,12393.055363982177,17.32,0.6,0.0,0.0,5.0
1966,9,train_0222,12119.5690493086,10559.044977303012,105.90449773030123,0.0,12225.473547038902,17.78,0.78,0.0,0.0,5.0
1967,9,train_0281,12424.850784823524,10760.707171599652,126.07071715996517,0.0,12550.921501983488,17.0,0.62,0.0,0.0,5.0
1968,9,train_0503,12870.933386904544,10905.550728053924,140.55507280539243,0.0,13011.488459709937,14.54,0.7,0.0,0.0,5.0
1969,9,train_0091,12366.354028137,10700.146955022163,120.01469550221628,0.0,12486.368723639216,15.74,0.7,0.0,0.0,5.0
1970,9,train_0497,12433.866133546135,10648.050197659826,114.80501976598262,0.0,12548.671153312118,16.04,0.6,0.0,0.0,5.0
1971,9,train_0552,12273.426803075337,10586.050153523678,108.60501535236781,0.0,12382.031818427706,14.28,0.68,0.0,0.0,5.0
1972,9,train_0409,12822.31453010927,10892.165342451557,139.2165342451557,0.0,12961.531064354425,16.44,0.64,0.0,0.0,5.0
1973,9,train_0204,12533.553068750001,10743.138389076223,124.31383890762227,0.0,12657.866907657624,15.96,0.72,0.0,0.0,5.0
1974,9,train_0335,12437.731966084302,10775.824822606075,127.5824822606075,0.0,12565.31444834491,18.72,0.6,0.0,0.0,5.0
1975,9,train_0030,12410.05840005556,10503.848282903631,100.38482829036312,0.0,12510.443228345923,16.38,0.78,0.0,0.0,5.0
1976,9,train_0559,12258.153747428001,10961.968841410706,146.1968841410706,0.0,12404.350631569072,17.8,0.68,0.0,0.0,5.0
1977,9,train_0205,12161.039985881962,10750.980924163381,125.09809241633812,0.0,12286.1380782983,16.14,0.62,0.0,0.0,5.0
1978,9,train_0034,12150.825141310574,10511.956893043547,101.19568930435472,0.0,12252.020830614929,14.76,0.6,0.0,0.0,5.0
1979,9,train_0476,12520.329559966904,10040.51676789887,54.05167678988692,0.0,12574.38123675679,18.8,0.72,0.0,0.0,5.0
1980,9,train_0394,12513.828957471555,10469.390296767222,96.93902967672221,0.0,12610.767987148276,17.22,0.64,0.0,0.0,5.0
1981,9,train_0373,12488.068221411559,10919.251028397444,141.92510283974443,0.0,12629.993324251303,15.96,0.7,0.0,0.0,5.0
1982,9,train_0032,12698.20257315343,10683.153859710248,118.31538597102481,0.0,12816.517959124456,17.7,0.74,0.0,0.0,5.0
1983,9,train_0450,11816.858277629082,10608.038225576622,110.80382255766217,0.0,11927.662100186744,15.08,0.72,0.0,0.0,5.0
1984,9,train_0382,12347.96574198432,11198.405766440785,169.84057664407848,0.0,12517.8063186284,15.26,0.58,0.0,0.0,5.0
1985,9,train_0476,12047.742091771259,10340.31538728224,84.03153872822405,0.0,12131.773630499483,19.58,0.58,0.0,0.0,5.0
1986,9,train_0496,12119.290305551964,10639.368728336394,113.93687283363943,0.0,12233.227178385603,17.44,0.66,0.0,0.0,5.0
1987,9,train_0127,12429.024262891358,10920.347592949674,142.03475929496744,0.0,12571.059022186326,15.3,0.76,0.0,0.0,5.0
1988,9,train_0126,12410.89232048413,10319.81085757388,81.98108575738807,0.0,12492.873406241519,16.9,0.74,0.0,0.0,5.0
1989,9,train_0554,11953.895027181774,10740.62081877555,124.06208187755493,0.0,12077.957109059329,13.54,0.72,0.0,0.0,5.0
1990,9,train_0318,12288.490987253797,10368.537154447624,86.85371544476239,0.0,12375.34470269856,16.64,0.6,0.0,0.0,5.0
1991,9,train_0262,12345.636297753166,10943.676353693536,144.3676353693536,0.0,12490.00393312252,16.86,0.76,0.0,0.0,5.0
1992,9,train_0172,12173.331907446573,10555.109136638264,105.51091366382644,0.0,12278.842821110398,17.8,0.62,0.0,0.0,5.0
1993,9,train_0383,11883.088604208824,10564.321852469504,106.4321852469504,0.0,11989.520789455775,15.9,0.58,0.0,0.0,5.0
1994,9,train_0452,12326.410739614937,10486.251927285932,98.62519272859318,0.0,12425.035932343531,15.94,0.62,0.0,0.0,5.0
1995,9,train_0001,12039.416311418716,10493.100190900157,99.31001909001571,0.0,12138.72633050873,13.92,0.74,0.0,0.0,5.0
1996,9,train_0331,12196.93121578938,10400.36138804787,90.03613880478697,0.0,12286.967354594168,17.16,0.68,0.0,0.0,5.0
1997,9,train_0596,12122.787997987687,10338.198292663717,83.81982926637176,0.0,12206.607827254058,15.06,0.72,0.0,0.0,5.0
1998,9,train_0168,12310.167846607463,10900.156354511908,140.0156354511908,0.0,12450.183482058654,16.96,0.72,0.0,0.0,5.0
1999,9,train_0168,12261.235751489818,11110.99302457696,161.09930245769593,0.0,12422.335053947514,17.34,0.68,0.0,0.0,5.0
2000,9,train_0526,12472.37787579234,10523.515330292277,102.35153302922772,0.0,12574.729408821568,16.42,0.64,0.0,0.0,5.0
2001,9,train_0037,12667.94582211705,10896.658246030504,139.66582460305037,0.0,12807.6116467201,17.0,0.66,0.0,0.0,5.0
2002,9,train_0238,12214.227083722097,10571.01432791248,107.10143279124804,0.0,12321.328516513346,17.72,0.62,0.0,0.0,5.0
2003,9,train_0274,12180.670170609017,11002.425536535036,150.24255365350365,0.0,12330.91272426252,15.72,0.7,0.0,0.0,5.0
2004,9,train_0478,12219.090026871163,11063.675701719432,156.36757017194324,0.0,12375.457597043107,16.76,0.74,0.0,0.0,5.0
2005,9,train_0077,12178.196937667479,10265.802570484995,76.58025704849952,0.0,12254.777194715978,14.86,0.66,0.0,0.0,5.0
2006,9,train_0260,12118.45339769238,10307.780840590041,80.77808405900414,0.0,12199.231481751383,15.88,0.68,0.0,0.0,5.0
2007,9,train_0091,12488.33325989703,10812.860998278675,131.28609982786747,0.0,12619.619359724897,15.62,0.66,0.0,0.0,5.0
2008,9,train_0472,12500.976050728415,10947.142737393879,144.71427373938786,0.0,12645.690324467803,16.28,0.68,0.0,0.0,5.0
2009,9,train_0379,12837.127067780166,11179.975211836605,167.99752118366052,0.0,13005.124588963827,15.18,0.56,0.0,0.0,5.0
2010,9,train_0298,11694.80475046524,10115.890612696909,61.589061269690866,0.0,11756.393811734932,14.9,0.7,0.0,0.0,5.0
2011,9,train_0235,12573.475553359223,10610.147939683071,111.0147939683071,0.0,12684.49034732753,15.74,0.74,0.0,0.0,5.0
2012,9,train_0091,12214.162781871335,10828.946709765245,132.8946709765245,0.0,12347.05745284786,17.66,0.7,0.0,0.0,5.0
2013,9,train_0553,11755.586531804398,10199.114736041041,69.91147360410415,0.0,11825.498005408503,16.92,0.66,0.0,0.0,5.0
2014,9,train_0388,12322.2479672677,10618.881722862385,111.88817228623849,0.0,12434.136139553939,14.76,0.68,0.0,0.0,5.0
2015,9,train_0191,12588.269096476623,10781.345274572172,128.13452745721716,0.0,12716.40362393384,17.16,0.62,0.0,0.0,5.0
2016,9,train_0248,12201.641082014214,10662.239396195222,116.22393961952221,0.0,12317.865021633736,17.18,0.68,0.0,0.0,5.0
2017,9,train_0435,11965.215075068358,10213.650157973592,71.36501579735923,0.0,12036.580090865717,16.44,0.72,0.0,0.0,5.0
2018,9,train_0431,12444.371065852563,10354.088180767258,85.40881807672577,0.0,12529.779883929288,16.0,0.64,0.0,0.0,5.0
2019,9,train_0276,11868.92684533836,10576.718895318176,107.67188953181758,0.0,11976.598734870176,15.54,0.7,0.0,0.0,5.0
2020,9,train_0181,11556.732952033686,9985.69550472688,48.56955047268803,0.0,11605.302502506374,17.76,0.66,0.0,0.0,5.0
2021,9,train_0395,12163.495674978953,10366.616739639565,86.6616739639565,0.0,12250.157348942908,15.88,0.62,0.0,0.0,5.0
2022,9,train_0394,12165.630364200882,10760.194448502334,126.01944485023341,0.0,12291.649809051116,15.52,0.66,0.0,0.0,5.0
2023,9,train_0359,12415.420702223477,10749.043840116325,124.90438401163247,0.0,12540.325086235109,15.9,0.64,0.0,0.0,5.0
2024,9,train_0043,12095.410895861118,10774.862986889715,127.48629868897152,0.0,12222.897194550089,17.08,0.76,0.0,0.0,5.0
2025,9,train_0283,12073.44879942304,10989.26306982624,148.92630698262403,0.0,12222.375106405665,16.32,0.78,0.0,0.0,5.0
2026,9,train_0368,12487.967304801898,10378.092506223256,87.80925062232564,0.0,12575.776555424223,16.4,0.68,0.0,0.0,5.0
2027,9,train_0570,12066.861394240284,10155.773689287616,65.57736892876164,0.0,12132.438763169046,15.04,0.66,0.0,0.0,5.0
2028,9,train_0315,12371.848288995909,11331.97203834941,183.19720383494098,0.0,12555.04549283085,15.56,0.66,0.0,0.0,5.0
2029,9,train_0205,12288.386913465305,10875.142946362914,137.5142946362914,0.0,12425.901208101597,15.56,0.72,0.0,0.0,5.0
2030,9,train_0333,12816.251194942175,11123.864244208067,162.38642442080675,0.0,12978.637619362982,15.74,0.68,0.0,0.0,5.0
2031,9,train_0106,12651.085487177286,11049.503456879791,154.9503456879791,0.0,12806.035832865266,16.72,0.68,0.0,0.0,5.0
2032,9,train_0054,12128.291469415872,10907.26201315799,140.726201315799,0.0,12269.017670731671,15.52,0.68,0.0,0.0,5.0
2033,9,train_0406,12494.593950475582,10334.031178941463,83.40311789414628,0.0,12577.997068369728,17.66,0.68,0.0,0.0,5.0
2034,9,train_0591,12549.001531702554,10778.674602971165,127.8674602971165,0.0,12676.86899199967,16.6,0.66,0.0,0.0,5.0
2035,9,train_0507,12558.364403822057,10481.908994666821,98.1908994666821,0.0,12656.55530328874,15.24,0.64,0.0,0.0,5.0
2036,9,train_0350,11976.422462740637,10460.602457465651,96.06024574656513,0.0,12072.482708487201,16.16,0.8,0.0,0.0,5.0
2037,9,train_0024,12013.963972256126,10115.821758585702,61.582175858570196,0.0,12075.546148114696,15.18,0.64,0.0,0.0,5.0
2038,9,train_0592,12082.485878607935,10822.13969876576,132.2139698765761,0.0,12214.699848484512,15.06,0.72,0.0,0.0,5.0
2039,9,train_0269,11764.411408581154,10108.475025932697,60.84750259326975,0.0,11825.258911174424,15.06,0.64,0.0,0.0,5.0
2040,9,train_0173,12571.437001054635,10902.39816362653,140.23981636265307,0.0,12711.676817417288,16.68,0.54,0.0,0.0,5.0
2041,9,train_0535,12263.358281577344,10137.206552858828,63.72065528588283,0.0,12327.078936863227,14.5,0.72,0.0,0.0,5.0
2042,9,train_0447,12339.622984558748,10728.59694698835,122.85969469883494,0.0,12462.482679257582,16.3,0.68,0.0,0.0,5.0
2043,9,train_0449,12122.070664396075,10929.693347077817,142.96933470778168,0.0,12265.039999103856,17.2,0.74,0.0,0.0,5.0
2044,9,train_0166,12128.456258399152,10404.034646873046,90.40346468730459,0.0,12218.859723086456,14.06,0.78,0.0,0.0,5.0
2045,9,train_0595,12101.478679039948,10062.980989096948,56.29809890969482,0.0,12157.776777949643,17.12,0.64,0.0,0.0,5.0
2046,9,train_0271,12307.74188289517,10241.432699709616,74.1432699709616,0.0,12381.885152866133,13.2,0.74,0.0,0.0,5.0
2047,9,train_0318,12262.659473116215,10737.419893169234,123.74198931692337,0.0,12386.401462433138,17.96,0.78,0.0,0.0,5.0
2048,10,train_0450,12117.745241963377,10436.37815972987,93.63781597298694,0.0,12211.383057936364,13.74,0.66,0.0,0.0,5.0
2049,10,train_0395,11953.30195135042,10337.622572843282,83.7622572843282,0.0,12037.064208634749,15.92,0.6,0.0,0.0,5.0
2050,10,train_0103,11759.77572049175,10412.05229450265,91.20522945026497,0.0,11850.980949942015,16.52,0.6,0.0,0.0,5.0
2051,10,train_0181,11424.397627487855,9871.022043929428,37.1022043929428,0.0,11461.499831880798,14.3,0.66,0.0,0.0,5.0
2052,10,train_0216,12014.307116365419,10494.666858009958,99.46668580099578,0.0,12113.773802166414,16.88,0.7,0.0,0.0,5.0
2053,10,train_0568,12462.03542684684,11077.29246698389,157.72924669838903,0.0,12619.764673545229,16.4,0.66,0.0,0.0,5.0
2054,10,train_0428,12455.627302925419,10749.380837035813,124.9380837035813,0.0,12580.565386629,16.06,0.68,0.0,0.0,5.0
2055,10,train_0219,12068.653137561992,10644.80640465759,114.48064046575892,0.0,12183.133778027752,16.18,0.72,0.0,0.0,5.0
2056,10,train_0440,12586.22186616074,10827.152434551772,132.7152434551772,0.0,12718.937109615918,16.1,0.64,0.0,0.0,5.0
2057,10,train_0443,12653.445994102087,11123.756644132616,162.37566441326163,0.0,12815.821658515348,16.7,0.66,0.0,0.0,5.0
2058,10,train_0236,12092.822427097803,10418.419731465672,91.84197314656723,0.0,12184.66440024437,16.5,0.78,0.0,0.0,5.0
2059,10,train_0241,11972.048422938315,10536.835407755945,103.68354077559452,0.0,12075.73196371391,15.38,0.64,0.0,0.0,5.0
2060,10,train_0536,12017.027457064243,10673.586948377924,117.35869483779243,0.0,12134.386151902036,16.46,0.58,0.0,0.0,5.0
2061,10,train_0337,11938.350153685325,10201.826338677705,70.18263386777053,0.0,12008.532787553097,16.72,0.64,0.0,0.0,5.0
2062,10,train_0089,12650.44830539713,10868.981042668582,136.89810426685818,0.0,12787.34640966399,15.32,0.68,0.0,0.0,5.0
2063,10,train_0431,12176.88494449393,10447.80541414845,94.780541414845,0.0,12271.665485908774,17.88,0.8,0.0,0.0,5.0
2064,10,train_0353,12227.510676145295,10827.250292066987,132.72502920669868,0.0,12360.235705351994,16.34,0.72,0.0,0.0,5.0
2065,10,train_0305,12202.93897395847,10458.663232020914,95.86632320209138,0.0,12298.805297160561,15.3,0.66,0.0,0.0,5.0
2066,10,train_0435,11871.410501626018,10619.596674760234,111.95966747602343,0.0,11983.370169102041,14.28,0.72,0.0,0.0,5.0
2067,10,train_0544,12727.61138266281,10573.543823781485,107.35438237814851,0.0,12834.965765040959,14.52,0.54,0.0,0.0,5.0
2068,10,train_0198,11519.141361789685,10264.712311132165,76.47123111321653,0.0,11595.612592902902,16.56,0.7,0.0,0.0,5.0
2069,10,train_0251,12218.802701768565,10712.11381011361,121.21138101136094,0.0,12340.014082779926,14.3,0.56,0.0,0.0,5.0
2070,10,train_0113,11968.65432840418,10435.833655078273,93.58336550782734,0.0,12062.237693912008,17.04,0.66,0.0,0.0,5.0
2071,10,train_0388,12432.960550251151,10809.836446518006,130.98364465180057,0.0,12563.944194902951,15.18,0.72,0.0,0.0,5.0
2072,10,train_0241,12128.795289604406,10339.8425063686,83.9842506368601,0.0,12212.779540241267,15.28,0.7,0.0,0.0,5.0
2073,10,train_0205,12318.292757925678,10798.801734885341,129.8801734885341,0.0,12448.172931414212,17.6,0.74,0.0,0.0,5.0
2074,10,train_0417,12322.433414400433,10618.63647164963,111.86364716496301,0.0,12434.297061565396,15.64,0.76,0.0,0.0,5.0
2075,10,train_0244,12050.921588268266,10759.64001390882,125.964001390882,0.0,12176.885589659149,16.76,0.68,0.0,0.0,5.0
2076,10,train_0278,12346.148471752309,10641.349833747065,114.13498337470647,0.0,12460.283455127015,16.94,0.6,0.0,0.0,5.0
2077,10,train_0264,12026.744095663515,10349.836094550745,84.98360945507449,0.0,12111.727705118588,17.1,0.7,0.0,0.0,5.0
2078,10,train_0155,12304.27226238347,10810.727544739791,131.07275447397916,0.0,12435.345016857449,16.92,0.78,0.0,0.0,5.0
2079,10,train_0075,12338.997417151983,10955.034810026878,145.50348100268783,0.0,12484.50089815467,17.18,0.7,0.0,0.0,5.0
2080,10,train_0496,12116.232543865885,10567.469599771086,106.7469599771086,0.0,12222.979503842993,17.08,0.64,0.0,0.0,5.0
2081,10,train_0055,12229.45167105191,10942.57345903487,144.25734590348694,0.0,12373.709016955396,14.44,0.64,0.0,0.0,5.0
2082,10,train_0194,12464.977874811673,10477.120049038958,97.71200490389583,0.0,12562.68987971557,15.52,0.62,0.0,0.0,5.0
2083,10,train_0400,12577.957408877537,10955.926645131149,145.59266451311487,0.0,12723.550073390652,16.44,0.62,0.0,0.0,5.0
2084,10,train_0078,12095.648443757102,10492.51758762166,99.25175876216599,0.0,12194.900202519268,15.64,0.78,0.0,0.0,5.0
2085,10,train_0393,12262.944538232452,10659.6864857279,115.96864857278997,0.0,12378.913186805243,13.76,0.7,0.0,0.0,5.0
2086,10,train_0439,12054.775141856007,10721.40248736726,122.14024873672606,0.0,12176.915390592734,14.14,0.62,0.0,0.0,5.0
2087,10,train_0397,11898.65265214023,10524.138518202748,102.4138518202748,0.0,12001.066503960505,15.64,0.58,0.0,0.0,5.0
2088,10,train_0183,12474.605550145727,10677.876842058804,117.7876842058804,0.0,12592.393234351606,14.88,0.62,0.0,0.0,5.0
2089,10,train_0011,12093.7123701314,10437.062265904247,93.70622659042475,0.0,12187.418596721824,15.72,0.56,0.0,0.0,5.0
2090,10,train_0532,12341.45020058858,10665.201479336713,116.52014793367125,0.0,12457.970348522253,16.14,0.56,0.0,0.0,5.0
2091,10,train_0195,12751.395787415422,10720.18508499139,122.01850849913899,0.0,12873.414295914561,18.26,0.66,0.0,0.0,5.0
2092,10,train_0483,12429.80484725923,11140.274540787213,164.02745407872135,0.0,12593.832301337952,15.48,0.52,0.0,0.0,5.0
2093,10,train_0118,12197.519607875156,10578.302986220995,107.83029862209952,0.0,12305.349906497255,13.56,0.62,0.0,0.0,5.0
2094,10,train_0097,12059.469997472417,10575.149253131964,107.51492531319637,0.0,12166.984922785614,16.96,0.64,0.0,0.0,5.0
2095,10,train_0466,12304.983039947712,10879.307951873805,137.9307951873805,0.0,12442.913835135092,16.28,0.72,0.0,0.0,5.0
2096,10,train_0563,12314.074953290277,10458.17103836357,95.81710383635692,0.0,12409.892057126634,16.08,0.62,0.0,0.0,5.0
2097,10,train_0516,12514.800208814013,10874.405312161343,137.44053121613433,0.0,12652.240740030147,14.9,0.66,0.0,0.0,5.0
2098,10,train_0450,12054.724166559929,10366.36580519821,86.63658051982094,0.0,12141.360747079749,14.7,0.66,0.0,0.0,5.0
2099,10,train_0148,12472.38432775494,10676.040399342706,117.60403993427063,0.0,12589.988367689211,16.44,0.7,0.0,0.0,5.0
2100,10,train_0547,13043.733128655467,10408.559756700433,90.85597567004334,0.0,13134.58910432551,16.62,0.68,0.0,0.0,5.0
2101,10,train_0400,12730.991831761827,11168.936694622924,166.8936694622924,0.0,12897.885501224118,15.44,0.74,0.0,0.0,5.0
2102,10,train_0103,12170.110846170068,10152.11899337679,65.21189933767891,0.0,12235.322745507747,15.94,0.64,0.0,0.0,5.0
2103,10,train_0077,12228.34427586388,10126.673222253448,62.66732222534483,0.0,12291.011598089224,15.52,0.62,0.0,0.0,5.0
2104,10,train_0522,12042.69659891852,10963.572875777172,146.35728757771722,0.0,12189.053886496236,16.7,0.82,0.0,0.0,5.0
2105,10,train_0165,11628.12020803785,10513.732438717918,101.37324387179179,0.0,11729.493451909642,15.48,0.64,0.0,0.0,5.0
2106,10,train_0459,12125.566113566238,10680.971601168672,118.09716011686724,0.0,12243.663273683105,17.56,0.68,0.0,0.0,5.0
2107,10,train_0083,11682.780471834174,10677.490695642744,117.74906956427441,0.0,11800.529541398448,14.74,0.72,0.0,0.0,5.0
2108,10,train_0168,12411.4908096287,10817.626455623493,131.7626455623493,0.0,12543.253455191048,16.1,0.68,0.0,0.0,5.0
2109,10,train_0170,11868.679467386755,10477.043009049485,97.70430090494847,0.0,11966.383768291704,17.58,0.56,0.0,0.0,5.0
2110,10,train_0168,12507.545245136878,10667.87132437386,116.78713243738603,0.0,12624.332377574265,16.94,0.66,0.0,0.0,5.0
2111,10,train_0404,12810.84342878269,11148.562833210275,164.85628332102752,0.0,12975.699712103717,16.6,0.68,0.0,0.0,5.0
2112,10,train_0548,12297.673965729675,10856.578659553723,135.6578659553723,0.0,12433.331831685047,16.98,0.6,0.0,0.0,5.0
2113,10,train_0546,12114.498046845734,10900.833145401979,140.0833145401979,0.0,12254.581361385932,18.38,0.64,0.0,0.0,5.0
2114,10,train_0444,12360.82399977312,10830.253752384511,133.02537523845112,0.0,12493.84937501157,17.36,0.72,0.0,0.0,5.0
2115,10,train_0121,12211.06523391472,10421.699287154837,92.16992871548374,0.0,12303.235162630204,15.48,0.72,0.0,0.0,5.0
2116,10,train_0576,12128.44361069796,10500.509699357535,100.05096993575353,0.0,12228.494580633713,15.5,0.6,0.0,0.0,5.0
2117,10,train_0325,12223.166435389721,10571.44554879094,107.144554879094,0.0,12330.310990268816,14.16,0.8,0.0,0.0,5.0
2118,10,train_0327,12649.580854826501,11077.146655492657,157.71466554926576,0.0,12807.295520375767,17.54,0.7,0.0,0.0,5.0
2119,10,train_0420,12274.496771053664,10577.157217319645,107.71572173196455,0.0,12382.212492785628,14.86,0.74,0.0,0.0,5.0
2120,10,train_0461,12496.890901309775,10588.578245699999,108.85782456999988,0.0,12605.748725879774,13.44,0.74,0.0,0.0,5.0
2121,10,train_0571,12057.058662357329,10488.799996128097,98.87999961280967,0.0,12155.938661970138,15.2,0.66,0.0,0.0,5.0
2122,10,train_0349,11914.892538237054,10405.370035054995,90.53700350549953,0.0,12005.429541742555,16.06,0.72,0.0,0.0,5.0
2123,10,train_0366,12139.768753266286,10739.72850028229,123.972850028229,0.0,12263.741603294515,16.6,0.68,0.0,0.0,5.0
2124,10,train_0447,12206.6789544506,10676.549250629843,117.65492506298433,0.0,12324.333879513584,16.32,0.68,0.0,0.0,5.0
2125,10,train_0153,11937.247737161786,10723.510790001352,122.35107900013519,0.0,12059.59881616192,17.26,0.66,0.0,0.0,5.0
2126,10,train_0184,11869.641631235212,10752.579064700834,125.25790647008344,0.0,11994.899537705296,16.96,0.8,0.0,0.0,5.0
2127,10,train_0375,12462.040275934265,10792.600636618507,129.26006366185067,0.0,12591.300339596115,15.1,0.6,0.0,0.0,5.0
2128,10,train_0038,12185.63114022279,10645.094187817944,114.50941878179438,0.0,12300.140559004583,17.72,0.74,0.0,0.0,5.0
2129,10,train_0192,12278.621874551276,10754.365276580555,125.43652765805547,0.0,12404.058402209332,16.76,0.74,0.0,0.0,5.0
2130,10,train_0430,11966.563536391015,10688.75755328112,118.87575532811206,0.0,12085.439291719127,15.08,0.62,0.0,0.0,5.0
2131,10,train_0585,12463.668375960917,10744.438252989487,124.44382529894865,0.0,12588.112201259866,13.6,0.76,0.0,0.0,5.0
2132,10,train_0311,12258.808631942551,10723.662925376948,122.36629253769479,0.0,12381.174924480245,16.96,0.76,0.0,0.0,5.0
2133,10,train_0239,12214.156639314748,10607.334776606865,110.73347766068656,0.0,12324.890116975434,14.34,0.66,0.0,0.0,5.0
2134,10,train_0264,11987.744433523798,10362.067144816629,86.20671448166286,0.0,12073.95114800546,14.16,0.58,0.0,0.0,5.0
2135,10,train_0411,12557.621093300933,11302.220556481294,180.2220556481294,0.0,12737.843148949063,15.98,0.68,0.0,0.0,5.0
2136,10,train_0326,12286.739315986473,10111.214866088849,61.12148660888488,0.0,12347.860802595358,14.9,0.62,0.0,0.0,5.0
2137,10,train_0013,12327.604659631306,10440.937074726726,94.09370747267258,0.0,12421.698367103978,14.58,0.74,0.0,0.0,5.0
2138,10,train_0323,12203.175394584287,11040.50880395661,154.0508803956611,0.0,12357.226274979948,15.24,0.86,0.0,0.0,5.0
2139,10,train_0240,12598.791387340221,11231.327250053095,173.13272500530948,0.0,12771.92411234553,16.16,0.74,0.0,0.0,5.0
2140,10,train_0420,12152.35467559976,10433.19604049264,93.31960404926394,0.0,12245.674279649023,14.8,0.58,0.0,0.0,5.0
2141,10,train_0525,12330.217359390086,10668.146886183073,116.81468861830727,0.0,12447.032048008394,14.94,0.52,0.0,0.0,5.0
2142,10,train_0577,12824.247817791744,11172.130735919365,167.21307359193653,0.0,12991.46089138368,15.12,0.56,0.0,0.0,5.0
2143,10,train_0366,12209.747768514488,10701.82413036752,120.18241303675205,0.0,12329.930181551239,14.34,0.74,0.0,0.0,5.0
2144,10,train_0217,12354.833189846444,10803.830253018354,130.38302530183537,0.0,12485.216215148279,17.96,0.74,0.0,0.0,5.0
2145,10,train_0266,12189.846043390393,10724.848064562811,122.48480645628115,0.0,12312.330849846674,14.04,0.7,0.0,0.0,5.0
2146,10,train_0105,12238.003235657472,10625.572150549973,112.55721505499733,0.0,12350.56045071247,15.94,0.66,0.0,0.0,5.0
2147,10,train_0561,12371.151304978046,10816.069244218392,131.60692442183918,0.0,12502.758229399886,18.78,0.76,0.0,0.0,5.0
2148,10,train_0508,12580.497606102459,10785.252115335818,128.52521153358177,0.0,12709.022817636042,13.7,0.64,0.0,0.0,5.0
2149,10,train_0512,12201.59778250079,10544.618729660033,104.46187296600328,0.0,12306.059655466794,14.76,0.54,0.0,0.0,5.0
2150,10,train_0196,12196.46790389821,10591.410623330994,109.1410623330994,0.0,12305.60896623131,16.22,0.74,0.0,0.0,5.0
2151,10,train_0193,12468.216000578075,10954.82708245378,145.48270824537795,0.0,12613.698708823453,14.8,0.64,0.0,0.0,5.0
2152,10,train_0513,12046.164894599582,10748.27758671505,124.82775867150504,0.0,12170.992653271087,16.1,0.6,0.0,0.0,5.0
2153,10,train_0326,11807.446298112223,10291.12802942732,79.11280294273202,0.0,11886.559101054956,15.42,0.68,0.0,0.0,5.0
2154,10,train_0422,12152.636710460865,10844.574106094855,134.4574106094855,0.0,12287.094121070351,14.36,0.66,0.0,0.0,5.0
2155,10,train_0293,11941.093688465362,10686.377661143117,118.63776611431167,0.0,12059.731454579674,15.06,0.78,0.0,0.0,5.0
2156,10,train_0265,11813.720910974924,10857.401819685338,135.74018196853376,0.0,11949.461092943457,15.14,0.76,0.0,0.0,5.0
2157,10,train_0379,13149.73820178577,10731.617952205537,123.16179522055373,0.0,13272.899997006325,15.48,0.78,0.0,0.0,5.0
2158,10,train_0487,12085.015185523025,10781.082601777152,128.10826017771524,0.0,12213.123445700741,15.42,0.82,0.0,0.0,5.0
2159,10,train_0200,12355.033230423278,10531.709240540855,103.17092405408549,0.0,12458.204154477364,17.18,0.66,0.0,0.0,5.0
2160,10,train_0485,12215.612490524603,9952.840268263832,45.28402682638316,0.0,12260.896517350986,16.96,0.58,0.0,0.0,5.0
2161,10,train_0146,12394.477285274192,10510.603844588648,101.0603844588648,0.0,12495.537669733056,16.72,0.54,0.0,0.0,5.0
2162,10,train_0241,12043.095599474414,10445.901670303838,94.59016703038378,0.0,12137.685766504797,14.84,0.68,0.0,0.0,5.0
2163,10,train_0547,12712.051506290894,10780.438465599445,128.04384655994454,0.0,12840.09535285084,17.48,0.64,0.0,0.0,5.0
2164,10,train_0572,12551.664789523169,10584.658043202326,108.46580432023256,0.0,12660.130593843402,12.92,0.66,0.0,0.0,5.0
2165,10,train_0554,12209.384690657902,10615.784926430635,111.57849264306351,0.0,12320.963183300966,14.16,0.76,0.0,0.0,5.0
2166,10,train_0189,12157.027868583527,10701.817756047436,120.1817756047436,0.0,12277.209644188271,15.72,0.72,0.0,0.0,5.0
2167,10,train_0505,12351.126898120903,10621.611280386187,112.1611280386187,0.0,12463.288026159522,15.4,0.58,0.0,0.0,5.0
2168,10,train_0561,12249.67246915743,10962.272871947762,146.22728719477618,0.0,12395.899756352206,16.8,0.64,0.0,0.0,5.0
2169,10,train_0586,12214.419276078144,10714.051309372215,121.40513093722149,0.0,12335.824407015365,15.94,0.6,0.0,0.0,5.0
2170,10,train_0012,12753.410284131145,10922.457015130421,142.24570151304215,0.0,12895.655985644187,16.1,0.56,0.0,0.0,5.0
2171,10,train_0446,12076.332588338475,10423.432785682473,92.3432785682473,0.0,12168.675866906722,14.48,0.7,0.0,0.0,5.0
2172,10,train_0598,11961.642371925005,10692.526782820374,119.25267828203742,0.0,12080.895050207042,14.52,0.62,0.0,0.0,5.0
2173,10,train_0458,12573.997457096015,10954.401135179793,145.44011351797926,0.0,12719.437570613994,15.68,0.7,0.0,0.0,5.0
2174,10,train_0139,12029.186394733302,10318.912209245747,81.89122092457474,0.0,12111.077615657878,13.48,0.72,0.0,0.0,5.0
2175,10,train_0457,12157.614703076968,10797.790990400947,129.77909904009468,0.0,12287.393802117063,15.76,0.66,0.0,0.0,5.0
2176,10,train_0063,12056.178730877362,10806.189687720973,130.6189687720973,0.0,12186.79769964946,16.22,0.72,0.0,0.0,5.0
2177,10,train_0288,11777.302434706671,10345.657799106797,84.56577991067971,0.0,11861.86821461735,16.92,0.6,0.0,0.0,5.0
2178,10,train_0375,12204.376456853159,10781.955560838716,128.19555608387165,0.0,12332.572012937031,13.98,0.6,0.0,0.0,5.0
2179,10,train_0273,12676.273828911582,10791.464017028156,129.14640170281564,0.0,12805.420230614398,18.24,0.58,0.0,0.0,5.0
2180,10,train_0419,12538.502876177146,10485.419225390964,98.54192253909642,0.0,12637.044798716242,17.02,0.54,0.0,0.0,5.0
2181,10,train_0144,12848.289962943727,11043.488151235553,154.34881512355534,0.0,13002.638778067283,15.66,0.7,0.0,0.0,5.0
2182,10,train_0363,12596.466206426137,10427.366539020582,92.73665390205825,0.0,12689.202860328196,16.4,0.7,0.0,0.0,5.0
2183,10,train_0386,12392.918612402098,10441.917263510102,94.19172635101023,0.0,12487.110338753107,14.92,0.78,0.0,0.0,5.0
2184,10,train_0380,11989.176725813202,10409.35788729339,90.93578872933904,0.0,12080.112514542541,16.02,0.7,0.0,0.0,5.0
2185,10,train_0173,12307.930781996585,11038.790518253549,153.87905182535488,0.0,12461.80983382194,18.36,0.66,0.0,0.0,5.0
2186,10,train_0183,12447.259334846338,10551.947830772027,105.19478307720274,0.0,12552.45411792354,15.62,0.8,0.0,0.0,5.0
2187,10,train_0154,12647.535797139048,10730.373155270632,123.03731552706323,0.0,12770.57311266611,19.04,0.76,0.0,0.0,5.0
2188,10,train_0277,12414.508406134371,10492.542396721961,99.25423967219614,0.0,12513.762645806568,14.66,0.72,0.0,0.0,5.0
2189,10,train_0351,12356.232866026003,10946.640858297385,144.66408582973855,0.0,12500.89695185574,16.82,0.74,0.0,0.0,5.0
2190,10,train_0217,12392.302579440524,10936.59200297316,143.65920029731606,0.0,12535.96177973784,17.98,0.7,0.0,0.0,5.0
2191,10,train_0245,11794.363720498735,10158.610810749411,65.86108107494111,0.0,11860.224801573677,16.18,0.84,0.0,0.0,5.0
2192,10,train_0171,12791.144026213486,10858.178530477711,135.81785304777114,0.0,12926.961879261256,16.24,0.82,0.0,0.0,5.0
2193,10,train_0131,12528.004704453862,10907.588189582706,140.7588189582706,0.0,12668.763523412134,16.06,0.6,0.0,0.0,5.0
2194,10,train_0394,12293.3692827088,10375.044061347242,87.5044061347242,0.0,12380.873688843523,15.28,0.64,0.0,0.0,5.0
2195,10,train_0489,11872.600458609577,10247.491267188398,74.74912671883976,0.0,11947.349585328417,16.32,0.78,0.0,0.0,5.0
2196,10,train_0174,12316.671355989056,10811.688902813024,131.16889028130245,0.0,12447.840246270358,15.26,0.7,0.0,0.0,5.0
2197,10,train_0516,12613.137042283091,10505.222863492503,100.52228634925032,0.0,12713.659328632342,14.24,0.66,0.0,0.0,5.0
2198,10,train_0342,12318.869970716889,10314.162735525311,81.41627355253114,0.0,12400.28624426942,19.44,0.62,0.0,0.0,5.0
2199,10,train_0100,11629.512540393252,10189.907076009124,68.99070760091236,0.0,11698.503247994166,15.58,0.64,0.0,0.0,5.0
2200,10,train_0219,12305.90418139734,10635.110351338772,113.51103513387716,0.0,12419.415216531217,15.48,0.68,0.0,0.0,5.0
2201,10,train_0004,12190.805967747432,10946.479499154051,144.64794991540512,0.0,12335.453917662837,18.9,0.64,0.0,0.0,5.0
2202,10,train_0023,12085.27113288198,10109.616572621093,60.9616572621093,0.0,12146.23279014409,15.02,0.66,0.0,0.0,5.0
2203,10,train_0201,12082.441734877571,10817.006725938492,131.70067259384925,0.0,12214.142407471421,17.54,0.7,0.0,0.0,5.0
2204,10,train_0272,12310.736477688859,10702.38901452442,120.23890145244205,0.0,12430.9753791413,14.94,0.72,0.0,0.0,5.0
2205,10,train_0478,12335.52143152924,10494.918218345643,99.49182183456433,0.0,12435.013253363804,16.84,0.68,0.0,0.0,5.0
2206,10,train_0080,12347.813225771417,10839.052808220615,133.90528082206148,0.0,12481.71850659348,14.48,0.82,0.0,0.0,5.0
2207,10,train_0503,12328.04200463224,11002.20899412388,150.22089941238792,0.0,12478.262904044628,16.92,0.7,0.0,0.0,5.0
2208,10,train_0140,12069.632825498515,10396.493563318487,89.6493563318487,0.0,12159.282181830364,15.34,0.64,0.0,0.0,5.0
2209,10,train_0082,12909.089357528104,10346.37914473063,84.63791447306303,0.0,12993.727272001168,16.56,0.58,0.0,0.0,5.0
2210,10,train_0419,12114.2020231579,10806.287451518883,130.62874515188832,0.0,12244.830768309788,15.86,0.66,0.0,0.0,5.0
2211,10,train_0464,12166.771409204359,10687.337469301627,118.73374693016268,0.0,12285.50515613452,17.34,0.7,0.0,0.0,5.0
2212,10,train_0362,11951.529616669774,10167.132010772882,66.71320107728825,0.0,12018.242817747061,15.36,0.6,0.0,0.0,5.0
2213,10,train_0069,12291.697292159577,10376.104610611119,87.61046106111189,0.0,12379.307753220688,17.62,0.68,0.0,0.0,5.0
2214,10,train_0069,12279.333793983968,10649.063392750308,114.90633927503077,0.0,12394.240133258998,17.64,0.76,0.0,0.0,5.0
2215,10,train_0234,12551.216498387825,10777.650455707742,127.76504557077425,0.0,12678.981543958598,15.72,0.72,0.0,0.0,5.0
2216,10,train_0270,12082.265224643159,10663.146153624728,116.31461536247281,0.0,12198.579840005632,15.38,0.7,0.0,0.0,5.0
2217,10,train_0599,12109.622574231485,10461.500517358825,96.15005173588253,0.0,12205.772625967367,17.1,0.62,0.0,0.0,5.0
2218,10,train_0171,12398.623815335046,11170.832224229282,167.08322242292817,0.0,12565.707037757975,16.92,0.6,0.0,0.0,5.0
2219,10,train_0115,12322.305895407251,11207.686215884003,170.76862158840032,0.0,12493.074516995652,16.64,0.62,0.0,0.0,5.0
2220,10,train_0567,13207.541462417259,11245.697423467635,174.56974234676346,0.0,13382.111204764022,16.3,0.72,0.0,0.0,5.0
2221,10,train_0092,12494.030861233343,10650.275285207936,115.02752852079357,0.0,12609.058389754136,16.32,0.72,0.0,0.0,5.0
2222,10,train_0015,11782.203882913182,10827.50530078774,132.75053007877395,0.0,11914.954412991956,16.46,0.68,0.0,0.0,5.0
2223,10,train_0253,11891.763617355762,10384.011658451273,88.40116584512725,0.0,11980.16478320089,17.54,0.68,0.0,0.0,5.0
2224,10,train_0240,12500.690980192054,11240.688014770461,174.06880147704615,0.0,12674.7597816691,16.26,0.78,0.0,0.0,5.0
2225,10,train_0371,12035.028535149071,10659.006969233045,115.90069692330454,0.0,12150.929232072376,14.7,0.56,0.0,0.0,5.0
2226,10,train_0526,12423.351940894663,10604.756879274317,110.4756879274317,0.0,12533.827628822095,17.38,0.66,0.0,0.0,5.0
2227,10,train_0559,12450.91793606554,10877.09315532442,137.7093155324421,0.0,12588.627251597982,18.86,0.76,0.0,0.0,5.0
2228,10,train_0173,12531.625989084867,10515.444140122487,101.54441401224868,0.0,12633.170403097116,18.5,0.62,0.0,0.0,5.0
2229,10,train_0588,12345.666964761942,10255.250875668546,75.52508756685457,0.0,12421.192052328797,18.1,0.72,0.0,0.0,5.0
2230,10,train_0379,12623.551501455502,11321.156586391606,182.11565863916059,0.0,12805.667160094663,14.68,0.78,0.0,0.0,5.0
2231,10,train_0041,12340.30661684487,10536.06032046751,103.606032046751,0.0,12443.91264889162,15.02,0.64,0.0,0.0,5.0
2232,10,train_0563,12194.792662318028,10798.801738968134,129.88017389681337,0.0,12324.672836214842,15.94,0.72,0.0,0.0,5.0
2233,10,train_0082,12742.889558000272,10461.864432010696,96.18644320106961,0.0,12839.076001201342,15.5,0.76,0.0,0.0,5.0
2234,10,train_0353,12042.681601629414,10237.857465031957,73.7857465031957,0.0,12116.46734813261,15.76,0.72,0.0,0.0,5.0
2235,10,train_0474,12330.840804176081,10875.216855514256,137.52168555142563,0.0,12468.362489727508,14.7,0.58,0.0,0.0,5.0
2236,10,train_0149,12537.331354236194,10502.86924209356,100.28692420935604,0.0,12637.61827844555,17.22,0.56,0.0,0.0,5.0
2237,10,train_0162,11893.075519089518,10173.607411358444,67.36074113584436,0.0,11960.436260225362,16.1,0.66,0.0,0.0,5.0
2238,10,train_0285,12294.92921843973,10537.073072074332,103.70730720743323,0.0,12398.636525647164,15.32,0.66,0.0,0.0,5.0
2239,10,train_0530,12648.078551456303,10782.861537259407,128.2861537259407,0.0,12776.364705182245,14.82,0.6,0.0,0.0,5.0
2240,11,train_0134,12643.586115320584,10925.334374346628,142.53343743466286,0.0,12786.119552755246,13.06,0.76,0.0,0.0,5.0
2241,11,train_0398,11887.636656228955,10567.902484595172,106.79024845951717,0.0,11994.426904688473,14.88,0.76,0.0,0.0,5.0
2242,11,train_0271,12179.336615985587,10438.817526140934,93.88175261409343,0.0,12273.21836859968,16.1,0.74,0.0,0.0,5.0
2243,11,train_0067,11963.55549330953,10239.819072480397,73.98190724803972,0.0,12037.53740055757,17.46,0.6,0.0,0.0,5.0
2244,11,train_0426,12239.707878476647,10480.218886104489,98.02188861044888,0.0,12337.729767087096,16.12,0.66,0.0,0.0,5.0
2245,11,train_0499,11981.711107214483,10687.093813259731,118.70938132597313,0.0,12100.420488540456,16.24,0.74,0.0,0.0,5.0
2246,11,train_0345,12389.714032778516,10365.648035377515,86.56480353775152,0.0,12476.278836316267,14.62,0.66,0.0,0.0,5.0
2247,11,train_0105,12279.863880679033,10743.53637485302,124.35363748530199,0.0,12404.217518164336,15.36,0.7,0.0,0.0,5.0
2248,11,train_0093,12056.6504302799,10252.907816981591,75.29078169815912,0.0,12131.941211978059,18.88,0.64,0.0,0.0,5.0
2249,11,train_0254,12289.970124285062,10701.204335968494,120.12043359684941,0.0,12410.090557881911,16.14,0.68,0.0,0.0,5.0
2250,11,train_0303,11957.008166402618,10243.379333896315,74.33793338963152,0.0,12031.34609979225,16.08,0.6,0.0,0.0,5.0
2251,11,train_0331,12121.174355255293,10470.300712811879,97.03007128118789,0.0,12218.20442653648,16.4,0.72,0.0,0.0,5.0
2252,11,train_0146,12362.646603028486,10370.375290793248,87.03752907932486,0.0,12449.684132107812,16.26,0.78,0.0,0.0,5.0
2253,11,train_0300,12047.456532506303,10720.912834943554,122.09128349435542,0.0,12169.547816000659,15.04,0.58,0.0,0.0,5.0
2254,11,train_0177,12042.624487575857,10771.534276251696,127.15342762516957,0.0,12169.777915201026,14.62,0.58,0.0,0.0,5.0
2255,11,train_0411,12659.904782483662,11174.752989133416,167.47529891334162,0.0,12827.380081397003,16.04,0.68,0.0,0.0,5.0
2256,11,train_0477,12188.844585500889,10136.665879328797,63.66658793287971,0.0,12252.511173433768,15.02,0.74,0.0,0.0,5.0
2257,11,train_0391,12322.24513017208,10549.705986126653,104.97059861266536,0.0,12427.215728784744,14.18,0.6,0.0,0.0,5.0
2258,11,train_0000,11697.382156546977,10690.710792964053,119.07107929640534,0.0,11816.453235843383,14.42,0.62,0.0,0.0,5.0
2259,11,train_0595,11945.797627251879,10284.97178177938,78.49717817793808,0.0,12024.294805429818,16.42,0.62,0.0,0.0,5.0
2260,11,train_0014,12459.630460364402,10971.924195646565,147.1924195646565,0.0,12606.82287992906,17.42,0.6,0.0,0.0,5.0
2261,11,train_0599,12002.839487395217,10560.16533638716,106.01653363871593,0.0,12108.856021033933,17.68,0.78,0.0,0.0,5.0
2262,11,train_0019,12231.695323552332,10518.194784278587,101.81947842785867,0.0,12333.51480198019,15.7,0.6,0.0,0.0,5.0
2263,11,train_0309,12378.171706300493,11095.51630250847,159.55163025084696,0.0,12537.72333655134,13.64,0.68,0.0,0.0,5.0
2264,11,train_0063,12595.257874925683,10388.249399013519,88.82493990135191,0.0,12684.082814827034,15.46,0.56,0.0,0.0,5.0
2265,11,train_0057,12027.113437904922,10442.94898378483,94.29489837848305,0.0,12121.408336283404,15.92,0.54,0.0,0.0,5.0
2266,11,train_0410,12338.369640369503,11109.647335462065,160.9647335462065,0.0,12499.33437391571,17.7,0.44,0.0,0.0,5.0
2267,11,train_0436,12301.192187318326,10820.569827503225,132.05698275032248,0.0,12433.249170068648,15.98,0.74,0.0,0.0,5.0
2268,11,train_0070,11880.749547394807,10247.536113909206,74.75361139092057,0.0,11955.503158785728,16.24,0.5,0.0,0.0,5.0
2269,11,train_0585,12300.185025526467,10630.73213014429,113.07321301442899,0.0,12413.258238540897,13.72,0.58,0.0,0.0,5.0
2270,11,train_0192,11961.574984488927,11022.604565490201,152.2604565490201,0.0,12113.835441037947,17.86,0.56,0.0,0.0,5.0
2271,11,train_0190,12728.22195845774,11073.300515894472,157.33005158944727,0.0,12885.552010047188,16.56,0.72,0.0,0.0,5.0
2272,11,train_0178,12118.037234058926,10287.270232669343,78.72702326693434,0.0,12196.76425732586,15.86,0.6,0.0,0.0,5.0
2273,11,train_0276,11947.868146632896,10639.822556805942,113.98225568059425,0.0,12061.85040231349,15.14,0.82,0.0,0.0,5.0
2274,11,train_0106,12647.672336872467,10822.177143242992,132.21771432429924,0.0,12779.890051196766,17.72,0.56,0.0,0.0,5.0
2275,11,train_0254,12363.958796934083,10818.381310823246,131.83813108232462,0.0,12495.796928016407,16.28,0.68,0.0,0.0,5.0
2276,11,train_0125,12146.924582825595,10313.747995858683,81.37479958586829,0.0,12228.299382411464,15.6,0.56,0.0,0.0,5.0
2277,11,train_0030,12040.792184378357,10231.161875099184,73.11618750991839,0.0,12113.908371888276,16.58,0.62,0.0,0.0,5.0
2278,11,train_0221,12022.715052686965,10703.083037803517,120.30830378035171,0.0,12143.023356467316,15.28,0.54,0.0,0.0,5.0
2279,11,train_0403,12723.58235740956,10875.076452423056,137.50764524230564,0.0,12861.090002651865,14.54,0.7,0.0,0.0,5.0
2280,11,train_0457,12163.306932259917,10690.948320764617,119.09483207646173,0.0,12282.401764336379,15.46,0.56,0.0,0.0,5.0
2281,11,train_0212,11983.948228791529,10543.583146032743,104.35831460327427,0.0,12088.306543394803,15.16,0.76,0.0,0.0,5.0
2282,11,train_0194,12421.318406185681,10530.181551975254,103.01815519752546,0.0,12524.336561383207,15.16,0.68,0.0,0.0,5.0
2283,11,train_0472,12521.132439965733,11104.230756542902,160.4230756542902,0.0,12681.555515620024,17.56,0.66,0.0,0.0,5.0
2284,11,train_0408,11632.771494987872,10285.766939818921,78.5766939818921,0.0,11711.348188969763,14.6,0.72,0.0,0.0,5.0
2285,11,train_0499,11954.043909394655,10588.352868722886,108.83528687228863,0.0,12062.879196266944,18.98,0.68,0.0,0.0,5.0
2286,11,train_0543,12328.974856661873,10566.759861157323,106.67598611573231,0.0,12435.650842777604,16.78,0.68,0.0,0.0,5.0
2287,11,train_0492,12230.399172280588,10332.701824222402,83.27018242224023,0.0,12313.669354702828,16.68,0.58,0.0,0.0,5.0
2288,11,train_0561,12357.274520836,10776.642759025704,127.66427590257045,0.0,12484.93879673857,16.74,0.6,0.0,0.0,5.0
2289,11,train_0249,12347.456328414719,10780.337172108942,128.03371721089425,0.0,12475.490045625613,14.96,0.64,0.0,0.0,5.0
2290,11,train_0236,12101.904034427247,10516.895896686457,101.68958966864575,0.0,12203.593624095893,16.68,0.56,0.0,0.0,5.0
2291,11,train_0192,12301.352668583619,10746.089851794144,124.60898517941442,0.0,12425.961653763034,17.48,0.62,0.0,0.0,5.0
2292,11,train_0141,12469.769128034013,10870.85243118243,137.08524311824294,0.0,12606.854371152256,13.22,0.7,0.0,0.0,5.0
2293,11,train_0449,12405.054038485672,10982.282338313848,148.22823383138476,0.0,12553.282272317058,17.06,0.56,0.0,0.0,5.0
2294,11,train_0428,12264.352139892995,11165.576288070859,166.5576288070859,0.0,12430.909768700081,16.98,0.68,0.0,0.0,5.0
2295,11,train_0480,12333.259178070366,11021.871610155162,152.18716101551618,0.0,12485.446339085882,15.44,0.7,0.0,0.0,5.0
2296,11,train_0100,11789.784893461383,10483.511453334573,98.35114533345732,0.0,11888.13603879484,15.8,0.6,0.0,0.0,5.0
2297,11,train_0294,12079.597507045959,10181.558400615688,68.15584006156878,0.0,12147.753347107528,14.78,0.66,0.0,0.0,5.0
2298,11,train_0133,12213.025126801618,10616.550642905182,111.65506429051821,0.0,12324.680191092137,15.86,0.68,0.0,0.0,5.0
2299,11,train_0535,11944.254720529065,10691.320762366977,119.13207623669769,0.0,12063.386796765762,13.3,0.54,0.0,0.0,5.0
2300,11,train_0160,12284.318623563326,10497.141115882958,99.7141115882958,0.0,12384.03273515162,17.04,0.78,0.0,0.0,5.0
2301,11,train_0086,11692.129845515185,10356.154445025182,85.61544450251823,0.0,11777.745290017703,16.7,0.66,0.0,0.0,5.0
2302,11,train_0341,12691.130601575944,11416.121607914902,191.61216079149017,0.0,12882.742762367434,16.96,0.62,0.0,0.0,5.0
2303,11,train_0527,12220.583394216312,10518.608673107818,101.86086731078177,0.0,12322.444261527093,15.84,0.6,0.0,0.0,5.0
2304,11,train_0549,12602.852636439224,10618.464396592371,111.84643965923715,0.0,12714.69907609846,16.4,0.7,0.0,0.0,5.0
2305,11,train_0057,11869.824068172122,10433.334562426122,93.3334562426122,0.0,11963.157524414733,16.26,0.6,0.0,0.0,5.0
2306,11,train_0195,12679.295994710246,11099.449949452966,159.94499494529666,0.0,12839.240989655544,16.78,0.72,0.0,0.0,5.0
2307,11,train_0092,12570.977092396959,10573.223717504128,107.32237175041283,0.0,12678.299464147372,17.84,0.78,0.0,0.0,5.0
2308,11,train_0184,12085.575516612897,10766.986385787288,126.69863857872879,0.0,12212.274155191626,17.22,0.64,0.0,0.0,5.0
2309,11,train_0320,12246.572417910824,10477.632608408752,97.76326084087523,0.0,12344.335678751699,14.5,0.62,0.0,0.0,5.0
2310,11,train_0168,12576.470112450472,10738.751469568022,123.87514695680221,0.0,12700.345259407273,17.4,0.7,0.0,0.0,5.0
2311,11,train_0040,12451.34280668905,10834.637592673724,133.46375926737238,0.0,12584.806565956422,18.7,0.64,0.0,0.0,5.0
2312,11,train_0306,12410.812329158085,10904.845944054858,140.48459440548578,0.0,12551.29692356357,15.6,0.54,0.0,0.0,5.0
2313,11,train_0031,11779.859680883274,10599.778554752957,109.97785547529566,0.0,11889.83753635857,16.58,0.74,0.0,0.0,5.0
2314,11,train_0136,12258.644406214113,10527.948253466715,102.7948253466715,0.0,12361.439231560784,16.56,0.6,0.0,0.0,5.0
2315,11,train_0000,11971.567912829103,10368.114227767443,86.81142277674427,0.0,12058.379335605847,16.02,0.6,0.0,0.0,5.0
2316,11,train_0052,12515.12146043422,10794.513531957717,129.45135319577167,0.0,12644.572813629991,15.8,0.7,0.0,0.0,5.0
2317,11,train_0261,12064.214088656532,10769.265487167722,126.92654871677223,0.0,12191.140637373304,16.9,0.58,0.0,0.0,5.0
2318,11,train_0510,12283.079884229344,10912.551208117366,141.25512081173656,0.0,12424.33500504108,15.5,0.66,0.0,0.0,5.0
2319,11,train_0464,12254.136819819912,10625.610068656237,112.56100686562368,0.0,12366.697826685537,16.14,0.62,0.0,0.0,5.0
2320,11,train_0059,12523.037992626632,10626.791101230634,112.67911012306341,0.0,12635.717102749695,15.86,0.64,0.0,0.0,5.0
2321,11,train_0020,12525.864504575047,10805.172593020354,130.5172593020354,0.0,12656.381763877083,16.2,0.7,0.0,0.0,5.0
2322,11,train_0202,12561.212052241637,10882.303945440948,138.23039454409482,0.0,12699.442446785732,16.22,0.78,0.0,0.0,5.0
2323,11,train_0391,12178.708244593206,10460.1002015558,96.01002015558007,0.0,12274.718264748786,15.62,0.66,0.0,0.0,5.0
2324,11,train_0448,12418.971091199674,10577.612682587329,107.7612682587329,0.0,12526.732359458407,15.46,0.76,0.0,0.0,5.0
2325,11,train_0493,12139.489729356163,10394.277766513034,89.42777665130343,0.0,12228.917506007467,17.34,0.66,0.0,0.0,5.0
2326,11,train_0205,12115.43267084421,11078.45689357549,157.84568935754908,0.0,12273.278360201759,16.2,0.76,0.0,0.0,5.0
2327,11,train_0100,11721.385254122306,10113.207104856046,61.32071048560465,0.0,11782.70596460791,15.62,0.6,0.0,0.0,5.0
2328,11,train_0015,12114.119095280914,10371.610803293133,87.16108032931334,0.0,12201.280175610227,15.28,0.74,0.0,0.0,5.0
2329,11,train_0088,12659.055825746069,10410.642178028358,91.06421780283581,0.0,12750.120043548905,16.04,0.62,0.0,0.0,5.0
2330,11,train_0039,12622.32084600193,10663.304627589165,116.33046275891648,0.0,12738.651308760847,17.3,0.76,0.0,0.0,5.0
2331,11,train_0516,12293.977349189086,11039.324762271175,153.93247622711752,0.0,12447.909825416204,14.98,0.64,0.0,0.0,5.0
2332,11,train_0161,12010.49099621018,10646.463701198089,114.64637011980886,0.0,12125.137366329987,15.62,0.64,0.0,0.0,5.0
2333,11,train_0493,11881.442352903261,10636.9787141996,113.69787141996004,0.0,11995.14022432322,17.26,0.58,0.0,0.0,5.0
2334,11,train_0331,12395.661001403547,10487.38029896066,98.73802989606594,0.0,12494.399031299612,17.22,0.62,0.0,0.0,5.0
2335,11,train_0323,12634.307916900174,10570.721691356895,107.07216913568955,0.0,12741.380086035864,17.24,0.62,0.0,0.0,5.0
2336,11,train_0272,12518.003303841802,10535.593509516251,103.55935095162513,0.0,12621.562654793428,14.46,0.78,0.0,0.0,5.0
2337,11,train_0491,12054.024408216057,10740.385239456918,124.03852394569185,0.0,12178.062932161749,16.0,0.62,0.0,0.0,5.0
2338,11,train_0026,11788.409145370213,10491.006655134213,99.10066551342135,0.0,11887.509810883634,15.9,0.66,0.0,0.0,5.0
2339,11,train_0055,12244.95371008391,10601.499891290021,110.14998912900211,0.0,12355.103699212912,15.14,0.54,0.0,0.0,5.0
2340,11,train_0254,12027.153695873625,10793.387061843256,129.33870618432556,0.0,12156.492402057951,16.9,0.74,0.0,0.0,5.0
2341,11,train_0236,12365.981264010032,10552.860086185781,105.28600861857814,0.0,12471.26727262861,17.58,0.58,0.0,0.0,5.0
2342,11,train_0327,12350.02994164368,10765.310979780881,126.53109797808811,0.0,12476.561039621767,17.34,0.82,0.0,0.0,5.0
2343,11,train_0442,12333.312610357316,11069.193910036156,156.9193910036156,0.0,12490.232001360931,14.22,0.7,0.0,0.0,5.0
2344,11,train_0352,11837.258136669105,10426.988724686013,92.69887246860127,0.0,11929.957009137706,16.1,0.68,0.0,0.0,5.0
2345,11,train_0154,12538.894009552641,10843.902495692033,134.3902495692033,0.0,12673.284259121845,17.64,0.82,0.0,0.0,5.0
2346,11,train_0196,12131.05471799711,10644.5126811417,114.45126811416995,0.0,12245.50598611128,16.46,0.58,0.0,0.0,5.0
2347,11,train_0451,12534.79350097229,10564.89597767662,106.48959776766206,0.0,12641.283098739952,14.98,0.56,0.0,0.0,5.0
2348,11,train_0120,11943.343567145912,10455.431761709942,95.54317617099423,0.0,12038.886743316907,15.96,0.74,0.0,0.0,5.0
2349,11,train_0302,12317.407973339803,11010.122077465341,151.01220774653413,0.0,12468.420181086338,14.54,0.64,0.0,0.0,5.0
2350,11,train_0323,12186.566680991546,10810.547169321831,131.05471693218314,0.0,12317.62139792373,17.22,0.8,0.0,0.0,5.0
2351,11,train_0450,11967.360497702939,10534.156201825677,103.41562018256774,0.0,12070.776117885507,15.42,0.72,0.0,0.0,5.0
2352,11,train_0428,12407.916952951786,10830.286955453661,133.0286955453661,0.0,12540.945648497152,15.82,0.72,0.0,0.0,5.0
2353,11,train_0278,12355.355409649688,10682.35903191871,118.23590319187097,0.0,12473.59131284156,17.9,0.74,0.0,0.0,5.0
2354,11,train_0185,12252.311292821687,10576.17688292956,107.61768829295598,0.0,12359.928981114643,14.9,0.7,0.0,0.0,5.0
2355,11,train_0220,12584.132707627152,10334.119747650453,83.41197476504531,0.0,12667.544682392198,17.2,0.58,0.0,0.0,5.0
2356,11,train_0246,11931.955936670318,10445.110859727834,94.51108597278345,0.0,12026.4670226431,16.92,0.62,0.0,0.0,5.0
2357,11,train_0131,12470.712866941029,11040.667109656155,154.0667109656155,0.0,12624.779577906644,16.9,0.62,0.0,0.0,5.0
2358,11,train_0375,12322.638897849745,10764.181457472074,126.41814574720739,0.0,12449.057043596953,14.04,0.6,0.0,0.0,5.0
2359,11,train_0125,12111.477109148334,10383.431285825116,88.34312858251161,0.0,12199.820237730846,15.66,0.58,0.0,0.0,5.0
2360,11,train_0389,11925.388338114306,10961.455751635842,146.1455751635842,0.0,12071.53391327789,16.38,0.72,0.0,0.0,5.0
2361,11,train_0450,12026.813719264614,10486.679278057185,98.6679278057185,0.0,12125.481647070332,15.62,0.6,0.0,0.0,5.0
2362,11,train_0577,12583.83365250289,11242.557010744267,174.25570107442672,0.0,12758.089353577318,15.52,0.72,0.0,0.0,5.0
2363,11,train_0071,12468.35033491335,10948.479064416757,144.8479064416757,0.0,12613.198241355025,13.42,0.82,0.0,0.0,5.0
2364,11,train_0455,12502.137053678485,10964.343525215138,146.43435252151377,0.0,12648.571406199999,17.98,0.68,0.0,0.0,5.0
2365,11,train_0051,12376.910833865404,10996.106023615204,149.61060236152045,0.0,12526.521436226925,17.14,0.7,0.0,0.0,5.0
2366,11,train_0202,12379.742174238763,10755.87347901843,125.58734790184299,0.0,12505.329522140606,16.24,0.68,0.0,0.0,5.0
2367,11,train_0105,12066.587034327056,10887.436224504298,138.74362245042977,0.0,12205.330656777485,15.44,0.52,0.0,0.0,5.0
2368,11,train_0097,12045.801980132812,10456.992456894768,95.69924568947681,0.0,12141.501225822289,17.62,0.6,0.0,0.0,5.0
2369,11,train_0105,12272.004128818657,10638.186101544597,113.81861015445975,0.0,12385.822738973116,14.64,0.56,0.0,0.0,5.0
2370,11,train_0026,11864.342078527163,10381.313565924158,88.1313565924158,0.0,11952.473435119578,16.12,0.58,0.0,0.0,5.0
2371,11,train_0493,11787.719613049196,10604.646022379955,110.4646022379955,0.0,11898.18421528719,17.76,0.64,0.0,0.0,5.0
2372,11,train_0036,12040.407699018815,10493.758744314957,99.37587443149569,0.0,12139.783573450311,16.7,0.58,0.0,0.0,5.0
2373,11,train_0239,12319.72797929925,10577.444260349728,107.74442603497283,0.0,12427.472405334223,13.68,0.66,0.0,0.0,5.0
2374,11,train_0419,12140.633010181213,10672.601542584725,117.26015425847254,0.0,12257.893164439685,15.94,0.56,0.0,0.0,5.0
2375,11,train_0594,11997.052452282544,10262.572892643464,76.2572892643464,0.0,12073.30974154689,17.32,0.62,0.0,0.0,5.0
2376,11,train_0512,12082.420273670145,10430.262437761137,93.02624377611374,0.0,12175.446517446258,15.12,0.58,0.0,0.0,5.0
2377,11,train_0082,12498.150869841294,10709.543476639054,120.95434766390537,0.0,12619.1052175052,14.7,0.56,0.0,0.0,5.0
2378,11,train_0592,12259.909715276684,10690.157671891417,119.01576718914167,0.0,12378.925482465826,15.58,0.64,0.0,0.0,5.0
2379,11,train_0392,12357.537532244914,10891.507646829297,139.15076468292975,0.0,12496.688296927845,15.66,0.66,0.0,0.0,5.0
2380,11,train_0107,12606.729001921281,10674.991230185215,117.49912301852146,0.0,12724.228124939804,16.72,0.74,0.0,0.0,5.0
2381,11,train_0269,11741.65704456386,10128.02582812344,62.80258281234401,0.0,11804.459627376205,14.62,0.68,0.0,0.0,5.0
2382,11,train_0550,12188.568594074997,10601.39164966036,110.13916496603598,0.0,12298.707759041034,18.4,0.8,0.0,0.0,5.0
2383,11,train_0235,12535.483397398486,10657.141738466114,115.71417384661146,0.0,12651.197571245097,15.48,0.6,0.0,0.0,5.0
2384,11,train_0110,12399.424804166269,10561.675563863497,106.16755638634969,0.0,12505.592360552619,16.54,0.62,0.0,0.0,5.0
2385,11,train_0525,11982.103396199858,10628.167870893656,112.81678708936562,0.0,12094.920183289223,15.68,0.54,0.0,0.0,5.0
2386,11,train_0571,12170.32475980452,10490.13725068096,99.01372506809604,0.0,12269.338484872616,15.18,0.66,0.0,0.0,5.0
2387,11,train_0585,12451.285873687411,10455.994315246553,95.5994315246553,0.0,12546.885305212067,14.18,0.66,0.0,0.0,5.0
2388,11,train_0573,11854.748013641765,10416.464137519648,91.6464137519648,0.0,11946.39442739373,15.44,0.66,0.0,0.0,5.0
2389,11,train_0523,11979.584171129998,10253.56385083972,75.35638508397206,0.0,12054.940556213971,16.12,0.7,0.0,0.0,5.0
2390,11,train_0272,12672.947298788724,10455.788139958517,95.57881399585168,0.0,12768.526112784575,14.38,0.68,0.0,0.0,5.0
2391,11,train_0115,12048.073887400391,11200.06712970098,170.00671297009796,0.0,12218.08060037049,15.82,0.62,0.0,0.0,5.0
2392,11,train_0370,12488.608597211321,10677.304468183043,117.73044681830434,0.0,12606.339044029626,15.56,0.62,0.0,0.0,5.0
2393,11,train_0132,11920.771968689527,10802.715280482946,130.27152804829458,0.0,12051.043496737822,17.68,0.64,0.0,0.0,5.0
2394,11,train_0283,12257.670823498482,10870.57798224698,137.05779822469796,0.0,12394.72862172318,16.3,0.78,0.0,0.0,5.0
2395,11,train_0393,12018.497094586928,10637.374303531871,113.73743035318712,0.0,12132.234524940115,13.14,0.66,0.0,0.0,5.0
2396,11,train_0567,12939.786556737297,10928.600838267756,142.86008382677556,0.0,13082.646640564073,16.0,0.68,0.0,0.0,5.0
2397,11,train_0173,12299.276113077369,10703.720438916338,120.37204389163381,0.0,12419.648156969002,16.68,0.66,0.0,0.0,5.0
2398,11,train_0151,12242.615052134852,10837.948352488766,133.79483524887655,0.0,12376.409887383728,15.52,0.62,0.0,0.0,5.0
2399,11,train_0440,12526.343885849947,10848.315105549606,134.83151055496054,0.0,12661.175396404908,16.7,0.62,0.0,0.0,5.0
2400,11,train_0003,11887.389578334856,10534.235085938559,103.42350859385589,0.0,11990.813086928712,17.38,0.7,0.0,0.0,5.0
2401,11,train_0339,12519.446760885075,10666.643547679785,116.66435476797852,0.0,12636.111115653053,15.1,0.68,0.0,0.0,5.0
2402,11,train_0447,12106.476562413325,10770.738214159264,127.07382141592643,0.0,12233.550383829252,15.04,0.78,0.0,0.0,5.0
2403,11,train_0330,12127.961648524168,10185.906802634001,68.5906802634001,0.0,12196.552328787568,15.32,0.68,0.0,0.0,5.0
2404,11,train_0230,12114.286488628499,10404.741273184809,90.4741273184809,0.0,12204.76061594698,15.1,0.72,0.0,0.0,5.0
2405,11,train_0497,12324.5908070485,10724.229045322405,122.42290453224051,0.0,12447.013711580741,15.56,0.7,0.0,0.0,5.0
2406,11,train_0222,12278.756562603246,10790.578832615933,129.05788326159328,0.0,12407.81444586484,18.8,0.5,0.0,0.0,5.0
2407,11,train_0426,12250.134833342981,10490.790199211538,99.07901992115386,0.0,12349.213853264135,15.76,0.66,0.0,0.0,5.0
2408,11,train_0278,12456.235766792966,10337.960723934044,83.7960723934044,0.0,12540.031839186371,16.78,0.64,0.0,0.0,5.0
2409,11,train_0015,12156.523912890874,10131.548499879716,63.15484998797165,0.0,12219.678762878846,15.9,0.76,0.0,0.0,5.0
2410,11,train_0318,12335.221680851868,10483.107010658212,98.3107010658212,0.0,12433.532381917688,17.64,0.62,0.0,0.0,5.0
2411,11,train_0029,12074.449742501432,10488.468754526697,98.8468754526697,0.0,12173.296617954102,16.98,0.6,0.0,0.0,5.0
2412,11,train_0558,12607.065229678652,10983.476501572855,148.34765015728553,0.0,12755.412879835938,16.64,0.74,0.0,0.0,5.0
2413,11,train_0360,11999.701088681672,10880.595683617277,138.05956836172774,0.0,12137.7606570434,15.3,0.72,0.0,0.0,5.0
2414,11,train_0223,12204.464759742454,10487.861782375938,98.78617823759379,0.0,12303.250937980047,14.4,0.74,0.0,0.0,5.0
2415,11,train_0291,12255.607721521686,10865.321555592498,136.53215555924982,0.0,12392.139877080936,16.46,0.74,0.0,0.0,5.0
2416,11,train_0371,12116.710939503564,10650.920908972366,115.09209089723663,0.0,12231.8030304008,14.8,0.7,0.0,0.0,5.0
2417,11,train_0156,12264.498443708835,10364.447818340443,86.44478183404426,0.0,12350.94322554288,15.66,0.68,0.0,0.0,5.0
2418,11,train_0173,12456.990366258298,10941.601775758692,144.16017757586926,0.0,12601.150543834168,17.12,0.78,0.0,0.0,5.0
2419,11,train_0251,12119.239559931233,10591.669244282079,109.16692442820786,0.0,12228.40648435944,15.56,0.66,0.0,0.0,5.0
2420,11,train_0155,12306.027781378974,10871.146639026945,137.11466390269453,0.0,12443.142445281668,16.44,0.58,0.0,0.0,5.0
2421,11,train_0454,12740.49271912036,10770.475456402182,127.04754564021823,0.0,12867.540264760579,16.76,0.64,0.0,0.0,5.0
2422,11,train_0062,11988.336623295483,10431.753452200322,93.17534522003226,0.0,12081.511968515515,16.14,0.54,0.0,0.0,5.0
2423,11,train_0495,12182.96131991072,10940.050595234201,144.0050595234201,0.0,12326.966379434141,17.6,0.7,0.0,0.0,5.0
2424,11,train_0209,11932.121457014511,10858.931607396491,135.89316073964912,0.0,12068.014617754161,15.98,0.68,0.0,0.0,5.0
2425,11,train_0336,11997.356783132313,10538.339765280525,103.83397652805252,0.0,12101.190759660365,16.76,0.66,0.0,0.0,5.0
2426,11,train_0094,11958.878187478,10348.04126156378,84.80412615637798,0.0,12043.682313634377,16.14,0.72,0.0,0.0,5.0
2427,11,train_0231,12327.80134989115,10822.573789212245,132.25737892122453,0.0,12460.058728812373,16.94,0.64,0.0,0.0,5.0
2428,11,train_0452,11990.596268348349,10546.230685825629,104.6230685825629,0.0,12095.219336930912,14.86,0.72,0.0,0.0,5.0
2429,11,train_0162,11548.33656339442,10285.853336293047,78.58533362930467,0.0,11626.921897023723,15.2,0.56,0.0,0.0,5.0
2430,11,train_0079,12502.51478567637,10796.625900283496,129.6625900283496,0.0,12632.17737570472,15.42,0.72,0.0,0.0,5.0
2431,11,train_0313,12223.797938158714,11016.677184403627,151.66771844036268,0.0,12375.465656599077,15.3,0.64,0.0,0.0,5.0
2432,11,train_0097,12144.509196306972,10372.743900067508,87.27439000675076,0.0,12231.783586313722,16.72,0.72,0.0,0.0,5.0
2433,11,train_0188,12323.158340664175,10495.936556301835,99.59365563018346,0.0,12422.751996294359,14.04,0.62,0.0,0.0,5.0
2434,11,train_0270,12256.924559650482,10384.909799785692,88.49097997856916,0.0,12345.415539629052,15.68,0.66,0.0,0.0,5.0
2435,11,train_0338,12326.965906126938,10585.839504057705,108.58395040577052,0.0,12435.549856532709,15.74,0.72,0.0,0.0,5.0
2436,11,train_0383,11718.1211725854,10595.753927016922,109.57539270169218,0.0,11827.696565287091,14.88,0.72,0.0,0.0,5.0
2437,11,train_0405,12435.421686882539,11131.486058140497,163.14860581404974,0.0,12598.570292696588,16.44,0.58,0.0,0.0,5.0
2438,11,train_0506,12297.05522312699,10447.764783665996,94.77647836659963,0.0,12391.83170149359,14.34,0.66,0.0,0.0,5.0
2439,11,train_0039,12398.884529406772,10771.107860548518,127.11078605485181,0.0,12525.995315461623,17.06,0.62,0.0,0.0,5.0
2440,11,train_0217,12262.252062541578,10580.81675213263,108.08167521326305,0.0,12370.333737754841,18.58,0.6,0.0,0.0,5.0
2441,11,train_0000,12036.201957054956,10430.934162400843,93.09341624008431,0.0,12129.295373295041,15.3,0.66,0.0,0.0,5.0
2442,11,train_0005,11923.61378346444,10404.107655044314,90.41076550443141,0.0,12014.024548968871,16.98,0.68,0.0,0.0,5.0
2443,11,train_0127,12188.242930665767,10679.455010414029,117.9455010414029,0.0,12306.188431707169,15.86,0.6,0.0,0.0,5.0
2444,11,train_0358,12184.245129191182,10618.973253926819,111.89732539268189,0.0,12296.142454583864,16.56,0.62,0.0,0.0,5.0
2445,11,train_0536,12114.090210304335,10612.315843692082,111.23158436920822,0.0,12225.321794673544,16.5,0.64,0.0,0.0,5.0
2446,11,train_0464,12242.259101166961,10412.001006019731,91.2001006019731,0.0,12333.459201768934,16.08,0.74,0.0,0.0,5.0
2447,11,train_0387,12118.341646095769,10234.978806845953,73.4978806845953,0.0,12191.839526780364,15.66,0.62,0.0,0.0,5.0
2448,12,train_0466,12356.677672610444,10759.431632949983,125.94316329499834,0.0,12482.620835905442,17.32,0.7,0.0,0.0,5.0
2449,12,train_0103,11743.559406017343,10493.085881550563,99.30858815505636,0.0,11842.867994172399,14.58,0.64,0.0,0.0,5.0
2450,12,train_0503,12674.019089977337,10914.646282070895,141.46462820708948,0.0,12815.483718184427,17.12,0.74,0.0,0.0,5.0
2451,12,train_0534,12260.759155195512,10979.682816660928,147.96828166609285,0.0,12408.727436861605,14.6,0.68,0.0,0.0,5.0
2452,12,train_0057,11976.541618630883,10564.325532470462,106.43255324704624,0.0,12082.97417187793,15.72,0.64,0.0,0.0,5.0
2453,12,train_0281,12168.621553578472,10762.859524292613,126.28595242926131,0.0,12294.907506007734,17.48,0.68,0.0,0.0,5.0
2454,12,train_0498,12521.405886422492,10511.772754755328,101.17727547553278,0.0,12622.583161898025,13.02,0.62,0.0,0.0,5.0
2455,12,train_0285,11759.315393623045,10721.008736981159,122.1008736981159,0.0,11881.416267321161,14.34,0.78,0.0,0.0,5.0
2456,12,train_0504,12132.598761238634,10600.542718426546,110.05427184265464,0.0,12242.65303308129,15.32,0.68,0.0,0.0,5.0
2457,12,train_0561,12123.117624682414,11076.324460941538,157.6324460941538,0.0,12280.750070776568,16.6,0.72,0.0,0.0,5.0
2458,12,train_0284,12136.874341566512,10693.094062090659,119.30940620906586,0.0,12256.183747775578,16.16,0.6,0.0,0.0,5.0
2459,12,train_0035,12675.288102794013,11019.413639567656,151.9413639567656,0.0,12827.229466750778,15.92,0.68,0.0,0.0,5.0
2460,12,train_0204,12718.962059497491,10691.505834282643,119.15058342826433,0.0,12838.112642925757,17.34,0.7,0.0,0.0,5.0
2461,12,train_0129,12634.498389463119,10808.46609125664,130.84660912566397,0.0,12765.344998588782,14.94,0.62,0.0,0.0,5.0
2462,12,train_0284,12149.413368724581,10669.443257788771,116.9443257788771,0.0,12266.357694503458,17.06,0.62,0.0,0.0,5.0
2463,12,train_0351,12484.323880378943,10629.486493344153,112.94864933441532,0.0,12597.272529713358,17.3,0.6,0.0,0.0,5.0
2464,12,train_0278,12065.747333948642,10639.999389682967,113.99993896829675,0.0,12179.747272916939,16.8,0.6,0.0,0.0,5.0
2465,12,train_0117,11975.704875346495,10226.298365017738,72.62983650177375,0.0,12048.334711848269,16.12,0.68,0.0,0.0,5.0
2466,12,train_0180,12162.41214435974,10814.000922407464,131.40009224074637,0.0,12293.812236600486,16.66,0.64,0.0,0.0,5.0
2467,12,train_0407,12294.007058516363,10839.08482579793,133.90848257979306,0.0,12427.915541096156,16.56,0.68,0.0,0.0,5.0
2468,12,train_0016,11867.6472352846,10885.168343908339,138.5168343908339,0.0,12006.164069675433,16.34,0.54,0.0,0.0,5.0
2469,12,train_0128,11824.095716368414,10760.207567160302,126.02075671603016,0.0,11950.116473084445,13.56,0.68,0.0,0.0,5.0
2470,12,train_0535,11941.000681745194,10655.189650376473,115.51896503764729,0.0,12056.519646782841,15.16,0.66,0.0,0.0,5.0
2471,12,train_0059,12453.60556916448,10894.09101011258,139.40910101125792,0.0,12593.014670175737,15.12,0.68,0.0,0.0,5.0
2472,12,train_0248,12429.752221235152,10399.934872961761,89.99348729617614,0.0,12519.745708531329,16.2,0.58,0.0,0.0,5.0
2473,12,train_0124,12209.076033121235,10976.017887454875,147.60178874548748,0.0,12356.677821866722,18.56,0.66,0.0,0.0,5.0
2474,12,train_0062,12150.137563684028,10379.471352237219,87.94713522372186,0.0,12238.084698907749,13.26,0.62,0.0,0.0,5.0
2475,12,train_0253,11956.936908715259,10187.205679785815,68.7205679785815,0.0,12025.657476693841,16.44,0.68,0.0,0.0,5.0
2476,12,train_0312,11737.319300553207,10566.229715814143,106.62297158141428,0.0,11843.94227213462,15.92,0.74,0.0,0.0,5.0
2477,12,train_0105,12386.098831451302,10665.34914470098,116.53491447009802,0.0,12502.6337459214,15.16,0.66,0.0,0.0,5.0
2478,12,train_0046,12061.59368851967,10198.399380248891,69.83993802488912,0.0,12131.433626544558,17.58,0.58,0.0,0.0,5.0
2479,12,train_0080,12897.230912221838,10704.723514891713,120.47235148917134,0.0,13017.70326371101,15.76,0.6,0.0,0.0,5.0
2480,12,train_0390,12193.557844988462,10689.325273211281,118.93252732112815,0.0,12312.49037230959,16.58,0.54,0.0,0.0,5.0
2481,12,train_0516,12335.94703242671,11088.41062785035,158.84106278503498,0.0,12494.788095211745,15.04,0.76,0.0,0.0,5.0
2482,12,train_0108,12606.20427236534,10486.150179432618,98.61501794326178,0.0,12704.819290308602,17.68,0.64,0.0,0.0,5.0
2483,12,train_0192,12084.469792456883,10928.354039339898,142.8354039339898,0.0,12227.305196390873,17.62,0.66,0.0,0.0,5.0
2484,12,train_0206,12937.998704106743,11134.260821205058,163.42608212050584,0.0,13101.42478622725,14.38,0.64,0.0,0.0,5.0
2485,12,train_0216,12010.116006201071,10480.024222552172,98.00242225521725,0.0,12108.118428456288,17.76,0.56,0.0,0.0,5.0
2486,12,train_0146,12491.13580711739,10733.872773640283,123.38727736402835,0.0,12614.52308448142,17.04,0.66,0.0,0.0,5.0
2487,12,train_0033,12476.998286792965,10806.730834993079,130.67308349930792,0.0,12607.671370292273,15.42,0.72,0.0,0.0,5.0
2488,12,train_0315,12560.409134545458,10909.117262847321,140.91172628473214,0.0,12701.32086083019,16.18,0.66,0.0,0.0,5.0
2489,12,train_0214,12091.604718660612,10300.33133630472,80.03313363047201,0.0,12171.637852291084,15.62,0.7,0.0,0.0,5.0
2490,12,train_0205,12161.694190102593,10842.843250439102,134.28432504391023,0.0,12295.978515146504,16.32,0.58,0.0,0.0,5.0
2491,12,train_0158,12315.566738142152,10503.214800441909,100.32148004419088,0.0,12415.888218186343,18.54,0.72,0.0,0.0,5.0
2492,12,train_0557,11919.817944533132,10531.87361028955,103.18736102895491,0.0,12023.005305562087,16.7,0.64,0.0,0.0,5.0
2493,12,train_0366,12158.546556711444,10663.793068069834,116.37930680698338,0.0,12274.925863518427,16.26,0.6,0.0,0.0,5.0
2494,12,train_0251,11958.836512240463,10725.58727783442,122.55872778344201,0.0,12081.395240023905,13.98,0.66,0.0,0.0,5.0
2495,12,train_0123,12322.634349251808,10543.790604569436,104.37906045694363,0.0,12427.013409708752,15.42,0.58,0.0,0.0,5.0
2496,12,train_0480,12495.305393666978,10867.731590762069,136.77315907620687,0.0,12632.078552743185,14.86,0.66,0.0,0.0,5.0
2497,12,train_0533,11757.798400463398,10474.201567396805,97.42015673968054,0.0,11855.21855720308,16.62,0.64,0.0,0.0,5.0
2498,12,train_0019,12521.353100898537,10713.549038949306,121.35490389493062,0.0,12642.708004793469,15.4,0.68,0.0,0.0,5.0
2499,12,train_0557,12130.719276233196,10099.43756595028,59.94375659502803,0.0,12190.663032828224,16.32,0.56,0.0,0.0,5.0
2500,12,train_0419,12188.94851066008,10488.852880116234,98.88528801162339,0.0,12287.833798671703,16.52,0.64,0.0,0.0,5.0
2501,12,train_0059,12337.551811811867,10632.310447709991,113.23104477099915,0.0,12450.782856582866,14.62,0.66,0.0,0.0,5.0
2502,12,train_0451,12423.098306889699,10937.486784818062,143.7486784818062,0.0,12566.846985371505,15.3,0.64,0.0,0.0,5.0
2503,12,train_0064,12300.189608823772,10621.483728440988,112.14837284409879,0.0,12412.33798166787,14.28,0.74,0.0,0.0,5.0
2504,12,train_0030,12009.436200623011,10515.419494349848,101.54194943498479,0.0,12110.978150057996,16.2,0.56,0.0,0.0,5.0
2505,12,train_0069,12442.131651548285,10526.074699535122,102.6074699535122,0.0,12544.739121501798,18.2,0.62,0.0,0.0,5.0
2506,12,train_0275,12392.064009682903,10602.402292945544,110.24022929455441,0.0,12502.304238977456,14.24,0.68,0.0,0.0,5.0
2507,12,train_0371,12129.547441563158,10617.273032607154,111.72730326071542,0.0,12241.274744823873,16.16,0.66,0.0,0.0,5.0
2508,12,train_0244,12244.948106759768,10508.646415091982,100.8646415091982,0.0,12345.812748268967,15.54,0.66,0.0,0.0,5.0
2509,12,train_0073,11824.617624915343,10728.872441995854,122.88724419958544,0.0,11947.504869114928,15.94,0.58,0.0,0.0,5.0
2510,12,train_0119,12092.705451600046,10602.80292600167,110.28029260016702,0.0,12202.985744200214,15.96,0.6,0.0,0.0,5.0
2511,12,train_0511,12002.572061868232,10379.77046146074,87.97704614607392,0.0,12090.549108014306,16.3,0.62,0.0,0.0,5.0
2512,12,train_0577,12941.796772461044,11351.561132986342,185.15611329863424,0.0,13126.952885759678,16.1,0.7,0.0,0.0,5.0
2513,12,train_0452,12154.396123440622,10391.513924762794,89.1513924762794,0.0,12243.5475159169,14.22,0.66,0.0,0.0,5.0
2514,12,train_0062,12076.658695958376,10327.915241275314,82.79152412753137,0.0,12159.450220085908,15.2,0.68,0.0,0.0,5.0
2515,12,train_0491,12423.775686548095,10660.099372945402,116.00993729454022,0.0,12539.785623842636,15.12,0.62,0.0,0.0,5.0
2516,12,train_0415,12645.97912999201,10915.200874646402,141.52008746464017,0.0,12787.49921745665,13.44,0.66,0.0,0.0,5.0
2517,12,train_0315,12552.447499844591,11144.892994864149,164.4892994864149,0.0,12716.936799331006,15.48,0.58,0.0,0.0,5.0
2518,12,train_0085,12155.870095260958,10779.269890692764,127.92698906927636,0.0,12283.797084330234,14.52,0.76,0.0,0.0,5.0
2519,12,train_0598,11976.047900507612,10616.93773295889,111.69377329588897,0.0,12087.7416738035,14.5,0.52,0.0,0.0,5.0
2520,12,train_0265,12267.357905903038,10484.074185270325,98.4074185270325,0.0,12365.76532443007,15.5,0.68,0.0,0.0,5.0
2521,12,train_0026,11928.904111549953,10765.310117084293,126.53101170842929,0.0,12055.435123258383,15.56,0.68,0.0,0.0,5.0
2522,12,train_0125,11784.009959088264,10636.856980101129,113.6856980101129,0.0,11897.695657098377,16.3,0.52,0.0,0.0,5.0
2523,12,train_0240,12776.244349595388,11013.347390594558,151.33473905945576,0.0,12927.579088654844,15.4,0.72,0.0,0.0,5.0
2524,12,train_0037,13001.33622580787,10744.491375323825,124.44913753238252,0.0,13125.785363340254,16.92,0.7,0.0,0.0,5.0
2525,12,train_0194,12385.243330906778,10713.326436341993,121.33264363419931,0.0,12506.575974540978,14.36,0.66,0.0,0.0,5.0
2526,12,train_0281,12207.71525444877,10653.752968126813,115.37529681268134,0.0,12323.090551261452,15.3,0.74,0.0,0.0,5.0
2527,12,train_0569,12108.861969858823,10359.342936483861,85.93429364838613,0.0,12194.796263507209,16.0,0.68,0.0,0.0,5.0
2528,12,train_0051,12546.5794163048,10650.39365118741,115.03936511874109,0.0,12661.61878142354,16.48,0.7,0.0,0.0,5.0
2529,12,train_0346,12465.60188749484,10812.901399171018,131.2901399171018,0.0,12596.892027411943,15.42,0.54,0.0,0.0,5.0
2530,12,train_0549,12251.619374081638,10966.271289816377,146.62712898163772,0.0,12398.246503063276,18.08,0.68,0.0,0.0,5.0
2531,12,train_0483,12753.081169728495,10797.42894402317,129.74289440231698,0.0,12882.824064130813,16.02,0.58,0.0,0.0,5.0
2532,12,train_0554,12112.207603674682,10568.814159838843,106.8814159838843,0.0,12219.089019658566,13.62,0.74,0.0,0.0,5.0
2533,12,train_0102,12569.20376981678,10135.052014175584,63.505201417558425,0.0,12632.708971234339,13.38,0.66,0.0,0.0,5.0
2534,12,train_0480,12438.11776075137,10563.144681353446,106.31446813534458,0.0,12544.432228886713,15.28,0.64,0.0,0.0,5.0
2535,12,train_0587,12199.269715445203,10228.570641571338,72.85706415713376,0.0,12272.126779602337,16.88,0.6,0.0,0.0,5.0
2536,12,train_0195,12426.368322575767,11204.264841622746,170.4264841622746,0.0,12596.794806738042,18.2,0.66,0.0,0.0,5.0
2537,12,train_0299,12390.352222523816,10571.671707542719,107.16717075427187,0.0,12497.519393278088,14.34,0.58,0.0,0.0,5.0
2538,12,train_0318,12006.637626527085,10686.968731653276,118.69687316532764,0.0,12125.334499692412,17.44,0.62,0.0,0.0,5.0
2539,12,train_0296,12285.998799209994,10701.643782355735,120.16437823557354,0.0,12406.163177445567,15.06,0.7,0.0,0.0,5.0
2540,12,train_0173,12579.149275873613,10538.600117713171,103.86001177131712,0.0,12683.00928764493,16.96,0.6,0.0,0.0,5.0
2541,12,train_0582,12584.617298113448,10690.030184076899,119.0030184076899,0.0,12703.620316521137,15.82,0.64,0.0,0.0,5.0
2542,12,train_0573,12178.0236501537,10209.35490402166,70.93549040216604,0.0,12248.959140555866,15.74,0.74,0.0,0.0,5.0
2543,12,train_0228,12029.364504976536,10456.708344910632,95.67083449106322,0.0,12125.0353394676,15.28,0.62,0.0,0.0,5.0
2544,12,train_0483,12625.235425431061,10987.93711186713,148.79371118671298,0.0,12774.029136617773,15.46,0.58,0.0,0.0,5.0
2545,12,train_0238,12114.618482789188,10669.865174967636,116.98651749676355,0.0,12231.605000285952,16.58,0.72,0.0,0.0,5.0
2546,12,train_0476,12212.645166458053,10386.875547415755,88.68755474157552,0.0,12301.332721199627,20.08,0.66,0.0,0.0,5.0
2547,12,train_0350,11923.36886378408,10310.746774120908,81.07467741209075,0.0,12004.443541196171,15.68,0.64,0.0,0.0,5.0
2548,12,train_0282,11995.140816994099,10410.086684068707,91.00866840687068,0.0,12086.149485400969,15.7,0.74,0.0,0.0,5.0
2549,12,train_0076,12456.803338919059,10311.768319169612,81.17683191696125,0.0,12537.98017083602,16.3,0.68,0.0,0.0,5.0
2550,12,train_0392,12317.220159715836,11237.387976799731,173.73879767997315,0.0,12490.95895739581,15.98,0.66,0.0,0.0,5.0
2551,12,train_0192,12110.827937655342,10911.549272745453,141.15492727454532,0.0,12251.982864929887,17.16,0.56,0.0,0.0,5.0
2552,12,train_0130,12109.860618185541,10602.875351120478,110.28753511204778,0.0,12220.148153297589,15.04,0.72,0.0,0.0,5.0
2553,12,train_0115,12586.24611904674,10630.388276074014,113.03882760740144,0.0,12699.284946654141,15.82,0.66,0.0,0.0,5.0
2554,12,train_0589,11912.442660300869,10292.736687114717,79.2736687114717,0.0,11991.71632901234,16.36,0.66,0.0,0.0,5.0
2555,12,train_0061,12266.605799652267,10758.918279189766,125.89182791897656,0.0,12392.497627571243,12.88,0.62,0.0,0.0,5.0
2556,12,train_0479,12433.141567528948,11024.269327980664,152.42693279806645,0.0,12585.568500327015,16.82,0.68,0.0,0.0,5.0
2557,12,train_0519,12329.653404592078,11174.242338841015,167.42423388410154,0.0,12497.07763847618,17.64,0.72,0.0,0.0,5.0
2558,12,train_0018,12365.524346493774,10592.490997096287,109.24909970962872,0.0,12474.773446203402,14.66,0.56,0.0,0.0,5.0
2559,12,train_0353,11882.339157839931,10593.976386376573,109.3976386376573,0.0,11991.73679647759,18.66,0.6,0.0,0.0,5.0
2560,12,train_0346,12639.744303750807,10941.198581865676,144.1198581865676,0.0,12783.864161937376,16.98,0.62,0.0,0.0,5.0
2561,12,train_0215,12511.902079958041,11015.941120012945,151.59411200129452,0.0,12663.496191959335,16.72,0.54,0.0,0.0,5.0
2562,12,train_0400,12457.371880440918,11014.828058009814,151.48280580098145,0.0,12608.854686241899,14.98,0.58,0.0,0.0,5.0
2563,12,train_0245,11691.664138016968,10415.580865260774,91.55808652607739,0.0,11783.222224543046,16.6,0.72,0.0,0.0,5.0
2564,12,train_0263,11567.48878562047,10416.340119938224,91.63401199382243,0.0,11659.122797614293,16.1,0.76,0.0,0.0,5.0
2565,12,train_0258,12213.873104242728,11286.041422557431,178.60414225574314,0.0,12392.47724649847,14.98,0.52,0.0,0.0,5.0
2566,12,train_0480,12396.113017004625,10821.291768224703,132.12917682247027,0.0,12528.242193827096,15.78,0.68,0.0,0.0,5.0
2567,12,train_0379,12697.62221622642,11208.670570071683,170.8670570071683,0.0,12868.489273233588,13.3,0.58,0.0,0.0,5.0
2568,12,train_0227,12377.930425781562,10899.258639597352,139.9258639597352,0.0,12517.856289741298,15.82,0.76,0.0,0.0,5.0
2569,12,train_0556,12212.618477478256,10719.14715628693,121.91471562869302,0.0,12334.533193106949,13.1,0.7,0.0,0.0,5.0
2570,12,train_0481,12084.402827234437,10565.976402342169,106.59764023421685,0.0,12191.000467468653,16.42,0.64,0.0,0.0,5.0
2571,12,train_0559,12420.031004013625,10885.680052796444,138.56800527964444,0.0,12558.59900929327,17.2,0.7,0.0,0.0,5.0
2572,12,train_0438,12220.387248173289,10555.142975347448,105.51429753474477,0.0,12325.901545708033,16.14,0.6,0.0,0.0,5.0
2573,12,train_0234,12139.27012827861,10674.214321994361,117.4214321994361,0.0,12256.691560478046,15.42,0.72,0.0,0.0,5.0
2574,12,train_0463,11802.469197753606,10312.873944075107,81.2873944075107,0.0,11883.756592161117,16.4,0.82,0.0,0.0,5.0
2575,12,train_0197,12350.52048423371,10880.355959913022,138.03559599130222,0.0,12488.556080225011,15.84,0.8,0.0,0.0,5.0
2576,12,train_0162,11595.449571609712,10226.6961801492,72.66961801491998,0.0,11668.119189624631,15.82,0.64,0.0,0.0,5.0
2577,12,train_0270,12016.775506263204,10820.272901820594,132.02729018205937,0.0,12148.802796445263,16.02,0.84,0.0,0.0,5.0
2578,12,train_0581,12113.762007769556,10793.177587296073,129.31775872960733,0.0,12243.079766499162,16.5,0.72,0.0,0.0,5.0
2579,12,train_0340,12158.144196097319,10587.746261989465,108.7746261989465,0.0,12266.918822296266,16.8,0.72,0.0,0.0,5.0
2580,12,train_0230,12250.917527807265,10503.744611231232,100.37446112312318,0.0,12351.291988930388,15.06,0.76,0.0,0.0,5.0
2581,12,train_0277,12264.87344776082,10683.482028335207,118.34820283352074,0.0,12383.22165059434,15.68,0.68,0.0,0.0,5.0
2582,12,train_0174,12197.196482542393,10715.62047135955,121.56204713595508,0.0,12318.758529678347,16.84,0.5,0.0,0.0,5.0
2583,12,train_0395,12148.824182793924,10442.255045341459,94.22550453414588,0.0,12243.04968732807,15.58,0.62,0.0,0.0,5.0
2584,12,train_0210,12120.22289123453,10441.60170416552,94.16017041655196,0.0,12214.383061651082,14.9,0.74,0.0,0.0,5.0
2585,12,train_0332,12027.752920772782,10397.610850757988,89.76108507579885,0.0,12117.514005848581,16.8,0.62,0.0,0.0,5.0
2586,12,train_0221,12302.851534800411,10623.288392908762,112.3288392908762,0.0,12415.180374091287,16.86,0.76,0.0,0.0,5.0
2587,12,train_0192,12377.597768606147,10786.272277438702,128.6272277438702,0.0,12506.224996350018,16.04,0.6,0.0,0.0,5.0
2588,12,train_0582,12709.346566981028,10595.001929083573,109.50019290835735,0.0,12818.846759889386,15.28,0.5,0.0,0.0,5.0
2589,12,train_0207,12128.919693522896,10437.108228185843,93.71082281858435,0.0,12222.63051634148,15.24,0.56,0.0,0.0,5.0
2590,12,train_0042,12219.139841003738,10548.313329739954,104.83133297399546,0.0,12323.971173977734,14.8,0.76,0.0,0.0,5.0
2591,12,train_0227,12463.64520958559,10800.903427517274,130.09034275172743,0.0,12593.735552337317,17.9,0.72,0.0,0.0,5.0
2592,12,train_0319,12210.38616671384,10790.155058249231,129.0155058249231,0.0,12339.401672538765,14.2,0.7,0.0,0.0,5.0
2593,12,train_0056,11558.765951494122,10318.738831677518,81.87388316775179,0.0,11640.639834661873,17.54,0.66,0.0,0.0,5.0
2594,12,train_0183,12245.163653208634,10942.941407644696,144.29414076446957,0.0,12389.457793973104,15.88,0.58,0.0,0.0,5.0
2595,12,train_0099,11713.298274370542,10230.533907786772,73.05339077867721,0.0,11786.35166514922,16.9,0.7,0.0,0.0,5.0
2596,12,train_0300,12172.499336948731,10348.127164684993,84.81271646849927,0.0,12257.31205341723,15.52,0.6,0.0,0.0,5.0
2597,12,train_0433,11985.835008271584,10697.030543013807,119.70305430138069,0.0,12105.538062572965,14.34,0.62,0.0,0.0,5.0
2598,12,train_0581,12162.217999022378,10611.724543047781,111.17245430477816,0.0,12273.390453327156,16.78,0.68,0.0,0.0,5.0
2599,12,train_0233,12653.842036744243,11268.681623513205,176.86816235132048,0.0,12830.710199095563,16.78,0.64,0.0,0.0,5.0
2600,12,train_0517,12301.094228681528,10605.226159341088,110.52261593410877,0.0,12411.616844615637,17.38,0.72,0.0,0.0,5.0
2601,12,train_0128,11875.60289501812,10355.993386705433,85.59933867054333,0.0,11961.202233688664,15.46,0.72,0.0,0.0,5.0
2602,12,train_0468,12251.8293053839,10054.017657823655,55.401765782365516,0.0,12307.231071166267,15.44,0.5,0.0,0.0,5.0
2603,12,train_0337,11873.869160511636,10342.974488948485,84.29744889484846,0.0,11958.166609406486,16.5,0.64,0.0,0.0,5.0
2604,12,train_0454,12408.504045755959,10980.56321091089,148.05632109108902,0.0,12556.560366847048,15.76,0.78,0.0,0.0,5.0
2605,12,train_0453,12121.203370480383,10581.436488798077,108.14364887980774,0.0,12229.347019360192,17.06,0.76,0.0,0.0,5.0
2606,12,train_0319,11877.080498110037,10808.793268929814,130.87932689298142,0.0,12007.95982500302,14.08,0.66,0.0,0.0,5.0
2607,12,train_0154,12375.664459073536,11107.707576359231,160.77075763592313,0.0,12536.435216709458,19.62,0.78,0.0,0.0,5.0
2608,12,train_0315,12942.19648973946,10736.680240625106,123.66802406251064,0.0,13065.86451380197,16.52,0.58,0.0,0.0,5.0
2609,12,train_0496,11995.165157935848,10670.96739584032,117.09673958403201,0.0,12112.26189751988,16.96,0.74,0.0,0.0,5.0
2610,12,train_0582,12547.481937381483,10447.423525569471,94.74235255694713,0.0,12642.22428993843,15.94,0.58,0.0,0.0,5.0
2611,12,train_0556,12259.030546476797,10592.872810582667,109.28728105826667,0.0,12368.317827535064,14.32,0.64,0.0,0.0,5.0
2612,12,train_0108,12380.976477670967,10663.387778436176,116.33877784361758,0.0,12497.315255514584,18.16,0.72,0.0,0.0,5.0
2613,12,train_0358,12081.946908992004,10899.872412559576,139.98724125595763,0.0,12221.934150247962,16.38,0.72,0.0,0.0,5.0
2614,12,train_0062,11931.643591588965,10584.521130012403,108.45211300124029,0.0,12040.095704590205,15.62,0.7,0.0,0.0,5.0
2615,12,train_0401,11820.059520650824,10375.507921724755,87.5507921724755,0.0,11907.610312823299,17.58,0.66,0.0,0.0,5.0
2616,12,train_0595,12148.3755000256,9963.240975839999,46.3240975839999,0.0,12194.6995976096,15.18,0.6,0.0,0.0,5.0
2617,12,train_0031,12037.662450895461,10412.47253287688,91.24725328768801,0.0,12128.909704183148,16.92,0.76,0.0,0.0,5.0
2618,12,train_0393,12252.891485451302,10752.99018397694,125.2990183976941,0.0,12378.190503848997,13.6,0.66,0.0,0.0,5.0
2619,12,train_0567,13109.357771728683,11203.706906595562,170.3706906595562,0.0,13279.728462388239,16.98,0.7,0.0,0.0,5.0
2620,12,train_0508,12409.493887788864,11139.191576006515,163.9191576006515,0.0,12573.413045389516,14.9,0.8,0.0,0.0,5.0
2621,12,train_0235,12625.939899969322,10453.369246940263,95.33692469402632,0.0,12721.276824663348,14.96,0.6,0.0,0.0,5.0
2622,12,train_0062,11930.461720710036,10519.081964627065,101.90819646270648,0.0,12032.369917172742,15.02,0.7,0.0,0.0,5.0
2623,12,train_0554,12139.659689243577,10447.59673092168,94.75967309216794,0.0,12234.419362335746,13.38,0.56,0.0,0.0,5.0
2624,12,train_0552,12013.938716201037,10626.137665073773,112.6137665073773,0.0,12126.552482708414,14.84,0.66,0.0,0.0,5.0
2625,12,train_0347,12203.344004535425,10564.722093476608,106.47220934766084,0.0,12309.816213883087,17.44,0.7,0.0,0.0,5.0
2626,12,train_0587,12117.971214078498,10379.658729900722,87.96587299007224,0.0,12205.93708706857,16.64,0.68,0.0,0.0,5.0
2627,12,train_0002,12099.422356734227,10564.722929096126,106.47229290961259,0.0,12205.89464964384,14.2,0.68,0.0,0.0,5.0
2628,12,train_0369,12226.61994127647,10582.56704126142,108.256704126142,0.0,12334.876645402614,14.22,0.64,0.0,0.0,5.0
2629,12,train_0023,12007.19488689532,10298.206361274955,79.82063612749553,0.0,12087.015523022816,14.86,0.68,0.0,0.0,5.0
2630,12,train_0561,12337.242325250945,10703.028461406346,120.30284614063459,0.0,12457.545171391579,17.72,0.44,0.0,0.0,5.0
2631,12,train_0408,11736.86640619476,10615.783505641968,111.57835056419681,0.0,11848.444756758958,14.62,0.62,0.0,0.0,5.0
2632,12,train_0548,12295.494407819833,10771.70626737779,127.17062673777892,0.0,12422.665034557613,16.34,0.64,0.0,0.0,5.0
2633,12,train_0337,11942.240393055235,10230.013518087046,73.00135180870457,0.0,12015.24174486394,17.88,0.7,0.0,0.0,5.0
2634,12,train_0049,12610.032430539071,10580.736899957594,108.07368999575938,0.0,12718.10612053483,15.1,0.76,0.0,0.0,5.0
2635,12,train_0015,12053.150299301198,10626.198356037665,112.61983560376649,0.0,12165.770134904964,16.08,0.62,0.0,0.0,5.0
2636,12,train_0201,12234.021245096212,10714.874134434525,121.48741344345254,0.0,12355.508658539664,16.34,0.7,0.0,0.0,5.0
2637,12,train_0446,12130.394218051293,10212.301141595886,71.23011415958864,0.0,12201.624332210882,15.7,0.64,0.0,0.0,5.0
2638,12,train_0090,12315.471589092838,10668.948329825425,116.89483298254254,0.0,12432.366422075382,14.48,0.58,0.0,0.0,5.0
2639,12,train_0511,11968.664087114394,10568.587545865492,106.8587545865492,0.0,12075.522841700942,16.54,0.66,0.0,0.0,5.0
2640,12,train_0143,12208.874832348032,11052.5971279805,155.25971279805,0.0,12364.134545146082,15.46,0.76,0.0,0.0,5.0
2641,12,train_0297,12142.01258159187,10427.82477694093,92.782477694093,0.0,12234.795059285962,14.64,0.7,0.0,0.0,5.0
2642,12,train_0121,12053.784765782555,10652.74832212978,115.27483221297808,0.0,12169.059597995532,14.24,0.68,0.0,0.0,5.0
2643,12,train_0279,12117.373493652281,10873.927621288649,137.3927621288649,0.0,12254.766255781145,16.34,0.74,0.0,0.0,5.0
2644,12,train_0271,12188.444095954212,10033.406175831493,53.34061758314929,0.0,12241.784713537361,15.3,0.56,0.0,0.0,5.0
2645,12,train_0003,12019.660333454616,10224.815269090386,72.48152690903862,0.0,12092.141860363656,15.38,0.6,0.0,0.0,5.0
2646,12,train_0340,12312.986518065596,10799.334102564377,129.93341025643767,0.0,12442.919928322033,16.14,0.8,0.0,0.0,5.0
2647,12,train_0471,12492.680884326302,10705.266316985755,120.52663169857551,0.0,12613.207516024879,14.14,0.66,0.0,0.0,5.0
2648,12,train_0561,12073.750179682325,10813.035868111527,131.30358681115268,0.0,12205.053766493478,17.6,0.54,0.0,0.0,5.0
2649,12,train_0198,11624.328149605659,10247.60425000963,74.76042500096301,0.0,11699.088574606621,16.84,0.62,0.0,0.0,5.0
2650,12,train_0528,12385.252627764017,10468.977868389664,96.8977868389664,0.0,12482.150414602984,14.46,0.66,0.0,0.0,5.0
2651,12,train_0527,12159.277299483485,10516.477046893051,101.6477046893051,0.0,12260.92500417279,15.66,0.52,0.0,0.0,5.0
2652,12,train_0593,12242.348520018848,10890.063022183193,139.00630221831926,0.0,12381.354822237166,14.08,0.66,0.0,0.0,5.0
2653,12,train_0223,12333.003905664771,10416.603563830071,91.6603563830071,0.0,12424.664262047778,15.12,0.58,0.0,0.0,5.0
2654,12,train_0510,12412.176411160239,10765.143343308566,126.51433433085658,0.0,12538.690745491096,15.1,0.66,0.0,0.0,5.0
2655,12,train_0339,12622.802549920494,11002.680153436057,150.26801534360567,0.0,12773.070565264099,16.26,0.58,0.0,0.0,5.0
2656,13,train_0034,12131.293121527915,10542.87458866985,104.28745886698508,0.0,12235.5805803949,15.48,0.7,0.0,0.0,5.0
2657,13,train_0162,11798.345415864467,10098.1703396748,59.817033967479986,0.0,11858.162449831947,16.9,0.52,0.0,0.0,5.0
2658,13,train_0403,12377.014692863786,10969.570525022074,146.95705250220746,0.0,12523.971745365994,13.7,0.64,0.0,0.0,5.0
2659,13,train_0096,12084.045438214753,10823.124744326096,132.31247443260963,0.0,12216.357912647363,18.76,0.56,0.0,0.0,5.0
2660,13,train_0260,11845.252217341624,10468.306860681634,96.83068606816342,0.0,11942.082903409788,16.84,0.58,0.0,0.0,5.0
2661,13,train_0464,11972.40967775633,10600.621269763793,110.0621269763793,0.0,12082.47180473271,16.76,0.7,0.0,0.0,5.0
2662,13,train_0089,12556.60651185019,10781.47457151519,128.14745715151895,0.0,12684.75396900171,15.36,0.66,0.0,0.0,5.0
2663,13,train_0297,12045.339708565558,10436.226547935708,93.62265479357085,0.0,12138.962363359129,14.16,0.6,0.0,0.0,5.0
2664,13,train_0128,12150.736850103975,10101.38668598902,60.13866859890204,0.0,12210.875518702876,13.94,0.58,0.0,0.0,5.0
2665,13,train_0321,12358.405447232693,10428.250357419774,92.82503574197744,0.0,12451.230482974672,16.7,0.7,0.0,0.0,5.0
2666,13,train_0144,12503.759916246403,11587.471143413233,208.74711434132334,0.0,12712.507030587727,14.7,0.64,0.0,0.0,5.0
2667,13,train_0579,12127.525283111408,11052.785956208474,155.27859562084743,0.0,12282.803878732257,15.96,0.5,0.0,0.0,5.0
2668,13,train_0046,11744.532331293889,10458.29759544126,95.82975954412596,0.0,11840.362090838014,16.44,0.54,0.0,0.0,5.0
2669,13,train_0578,12090.278310031032,10572.313159874015,107.23131598740147,0.0,12197.509626018433,15.74,0.72,0.0,0.0,5.0
2670,13,train_0475,12063.107888166296,10553.446126019227,105.34461260192275,0.0,12168.452500768219,16.26,0.64,0.0,0.0,5.0
2671,13,train_0513,12166.752443893729,10677.425351657617,117.74253516576174,0.0,12284.494979059491,16.92,0.48,0.0,0.0,5.0
2672,13,train_0510,12490.011188931918,10765.910144781981,126.59101447819813,0.0,12616.602203410115,15.62,0.64,0.0,0.0,5.0
2673,13,train_0112,12586.935826846806,10177.319908297071,67.73199082970714,0.0,12654.667817676513,18.46,0.52,0.0,0.0,5.0
2674,13,train_0558,12418.651657270204,10974.012681329135,147.40126813291354,0.0,12566.052925403117,15.22,0.68,0.0,0.0,5.0
2675,13,train_0356,12484.70169514814,10619.503885162838,111.9503885162838,0.0,12596.652083664423,15.94,0.6,0.0,0.0,5.0
2676,13,train_0577,12637.449863410993,11420.612958284497,192.06129582844972,0.0,12829.511159239442,15.76,0.66,0.0,0.0,5.0
2677,13,train_0526,12333.612792042406,10557.519604832743,105.75196048327435,0.0,12439.36475252568,17.28,0.58,0.0,0.0,5.0
2678,13,train_0347,12143.38741505987,10642.17042704148,114.21704270414794,0.0,12257.604457764017,16.34,0.7,0.0,0.0,5.0
2679,13,train_0224,12157.352090088196,10868.80426885145,136.88042688514506,0.0,12294.232516973341,14.38,0.64,0.0,0.0,5.0
2680,13,train_0070,11829.748700373031,10041.963371730106,54.19633717301058,0.0,11883.945037546042,13.6,0.64,0.0,0.0,5.0
2681,13,train_0060,12215.973194238628,10888.175695456568,138.81756954565682,0.0,12354.790763784285,15.72,0.58,0.0,0.0,5.0
2682,13,train_0233,12949.011630532214,11137.944480233302,163.7944480233302,0.0,13112.806078555544,16.7,0.6,0.0,0.0,5.0
2683,13,train_0486,12192.145344717745,10995.388215655123,149.53882156551228,0.0,12341.684166283258,15.02,0.66,0.0,0.0,5.0
2684,13,train_0303,11938.606667997541,10342.528399496074,84.25283994960738,0.0,12022.859507947149,15.14,0.7,0.0,0.0,5.0
2685,13,train_0289,12802.346742959238,10784.756291023697,128.47562910236977,0.0,12930.822372061608,17.28,0.6,0.0,0.0,5.0
2686,13,train_0146,12319.895844442133,10758.821797221332,125.88217972213316,0.0,12445.778024164267,15.96,0.58,0.0,0.0,5.0
2687,13,train_0338,11973.859382888388,10894.975808001807,139.49758080018074,0.0,12113.356963688568,14.74,0.58,0.0,0.0,5.0
2688,13,train_0382,12565.117970095684,11292.353760704736,179.23537607047365,0.0,12744.353346166157,16.46,0.58,0.0,0.0,5.0
2689,13,train_0589,11919.164384521251,10486.755835563967,98.67558355639667,0.0,12017.839968077647,17.3,0.56,0.0,0.0,5.0
2690,13,train_0437,11726.395508768686,9725.417062338805,22.541706233880543,0.0,11748.937215002567,16.32,0.68,0.0,0.0,5.0
2691,13,train_0364,12398.501683430646,10367.890763432519,86.78907634325188,0.0,12485.290759773898,18.04,0.72,0.0,0.0,5.0
2692,13,train_0546,12356.847252149204,10789.931922894315,128.9931922894315,0.0,12485.840444438636,20.82,0.7,0.0,0.0,5.0
2693,13,train_0254,12344.545324877443,10589.659899933471,108.96598999334711,0.0,12453.51131487079,17.44,0.64,0.0,0.0,5.0
2694,13,train_0560,12138.054831607535,10732.538517577286,123.25385175772863,0.0,12261.308683365263,16.9,0.7,0.0,0.0,5.0
2695,13,train_0221,12246.167504713412,10716.977073487906,121.69770734879057,0.0,12367.865212062203,16.48,0.56,0.0,0.0,5.0
2696,13,train_0076,12191.490917609488,10379.100618123095,87.91006181230951,0.0,12279.400979421798,16.74,0.62,0.0,0.0,5.0
2697,13,train_0250,12167.49449286925,10739.933866320946,123.99338663209456,0.0,12291.487879501345,15.62,0.58,0.0,0.0,5.0
2698,13,train_0077,12146.976261376862,10302.609495116663,80.26094951166634,0.0,12227.237210888528,15.18,0.62,0.0,0.0,5.0
2699,13,train_0071,12684.099175227168,10437.110416855727,93.71104168557268,0.0,12777.81021691274,15.44,0.62,0.0,0.0,5.0
2700,13,train_0528,12688.278567153771,10379.211703130479,87.92117031304788,0.0,12776.199737466819,15.98,0.52,0.0,0.0,5.0
2701,13,train_0476,12026.83311497512,10716.918835004552,121.69188350045516,0.0,12148.524998475574,16.38,0.52,0.0,0.0,5.0
2702,13,train_0132,11929.012059302662,10460.004398201116,96.00043982011158,0.0,12025.012499122773,17.64,0.6,0.0,0.0,5.0
2703,13,train_0502,12125.039401316211,10852.455972918136,135.24559729181365,0.0,12260.284998608025,15.38,0.7,0.0,0.0,5.0
2704,13,train_0041,12137.717696098192,10718.64147002937,121.86414700293699,0.0,12259.581843101128,14.98,0.58,0.0,0.0,5.0
2705,13,train_0170,12187.831200839275,10200.203460964483,70.02034609644834,0.0,12257.851546935723,17.84,0.66,0.0,0.0,5.0
2706,13,train_0423,12109.994125218516,10342.253077468184,84.22530774681837,0.0,12194.219432965334,18.0,0.74,0.0,0.0,5.0
2707,13,train_0182,12551.29684508819,10823.509488090504,132.35094880905035,0.0,12683.647793897242,15.18,0.68,0.0,0.0,5.0
2708,13,train_0438,11980.787043550688,10850.033075344683,135.00330753446835,0.0,12115.790351085157,17.12,0.66,0.0,0.0,5.0
2709,13,train_0524,11634.940463092478,10407.556870900875,90.75568709008749,0.0,11725.696150182566,15.94,0.5,0.0,0.0,5.0
2710,13,train_0039,12313.518624958133,10784.222092264841,128.4222092264841,0.0,12441.940834184617,17.58,0.6,0.0,0.0,5.0
2711,13,train_0014,12105.19021474167,10864.473705163291,136.4473705163291,0.0,12241.637585257999,17.72,0.68,0.0,0.0,5.0
2712,13,train_0564,12244.072472730983,10555.387726004748,105.53877260047484,0.0,12349.611245331458,17.5,0.74,0.0,0.0,5.0
2713,13,train_0312,11997.371649777448,10454.0115042028,95.40115042027992,0.0,12092.772800197727,16.28,0.72,0.0,0.0,5.0
2714,13,train_0303,12346.478320344104,10063.302010530364,56.330201053036404,0.0,12402.80852139714,16.48,0.66,0.0,0.0,5.0
2715,13,train_0278,12124.301372889284,10761.366796343627,126.13667963436274,0.0,12250.438052523647,15.86,0.68,0.0,0.0,5.0
2716,13,train_0260,11974.095597233401,10422.413362655083,92.2413362655083,0.0,12066.33693349891,17.56,0.7,0.0,0.0,5.0
2717,13,train_0414,12221.979926170192,10268.562570766382,76.85625707663822,0.0,12298.83618324683,15.6,0.7,0.0,0.0,5.0
2718,13,train_0347,12280.209320885606,10598.430773573782,109.8430773573782,0.0,12390.052398242984,16.52,0.76,0.0,0.0,5.0
2719,13,train_0098,12063.222439095854,10540.342328729821,104.0342328729821,0.0,12167.256671968837,14.18,0.7,0.0,0.0,5.0
2720,13,train_0375,12488.139213890357,10429.727669547547,92.97276695475466,0.0,12581.111980845111,14.5,0.54,0.0,0.0,5.0
2721,13,train_0400,12756.296950682368,11079.080074402278,157.90800744022783,0.0,12914.204958122597,14.96,0.64,0.0,0.0,5.0
2722,13,train_0068,12301.038769683546,11012.365204167045,151.23652041670448,0.0,12452.27529010025,15.34,0.72,0.0,0.0,5.0
2723,13,train_0226,11867.368362949135,10189.824943988373,68.9824943988373,0.0,11936.350857347972,16.1,0.54,0.0,0.0,5.0
2724,13,train_0474,12399.366607392447,10733.928536155458,123.39285361554576,0.0,12522.759461007992,15.44,0.58,0.0,0.0,5.0
2725,13,train_0371,12128.464926002256,10478.635728541063,97.86357285410632,0.0,12226.328498856363,15.08,0.7,0.0,0.0,5.0
2726,13,train_0081,12063.352880911834,10408.876276445151,90.88762764451513,0.0,12154.24050855635,16.48,0.66,0.0,0.0,5.0
2727,13,train_0024,11776.912085293545,10289.713102251297,78.97131022512968,0.0,11855.883395518675,16.88,0.7,0.0,0.0,5.0
2728,13,train_0348,12263.332285328874,10703.070224435094,120.30702244350942,0.0,12383.639307772382,15.44,0.64,0.0,0.0,5.0
2729,13,train_0277,11957.806013984438,10810.359340137293,131.03593401372927,0.0,12088.841947998168,15.6,0.7,0.0,0.0,5.0
2730,13,train_0576,12199.707168251985,10382.882635169273,88.28826351692733,0.0,12287.995431768913,15.36,0.6,0.0,0.0,5.0
2731,13,train_0313,12191.337671732766,11040.270535680393,154.02705356803926,0.0,12345.364725300806,15.82,0.62,0.0,0.0,5.0
2732,13,train_0558,12751.832056944744,10864.376442901532,136.4376442901532,0.0,12888.269701234898,15.66,0.72,0.0,0.0,5.0
2733,13,train_0128,12319.934935558216,10210.20635962144,71.02063596214394,0.0,12390.95557152036,15.28,0.78,0.0,0.0,5.0
2734,13,train_0268,12332.589977800679,10712.862939678758,121.28629396787584,0.0,12453.876271768555,14.94,0.6,0.0,0.0,5.0
2735,13,train_0083,12141.917975824726,10378.802329864353,87.8802329864353,0.0,12229.798208811162,15.38,0.64,0.0,0.0,5.0
2736,13,train_0344,12216.515841891585,10812.872043602185,131.2872043602185,0.0,12347.803046251804,15.4,0.56,0.0,0.0,5.0
2737,13,train_0113,12215.499795260639,10410.1375049777,91.01375049776999,0.0,12306.51354575841,16.94,0.6,0.0,0.0,5.0
2738,13,train_0295,12207.395071089024,10464.188593421364,96.41885934213643,0.0,12303.81393043116,17.7,0.66,0.0,0.0,5.0
2739,13,train_0206,12689.301024989869,10922.223691102743,142.22236911027431,0.0,12831.523394100142,15.18,0.52,0.0,0.0,5.0
2740,13,train_0111,11920.158178160087,10619.625670345653,111.9625670345653,0.0,12032.120745194652,15.06,0.62,0.0,0.0,5.0
2741,13,train_0058,11689.839130800294,10401.786263468099,90.17862634680988,0.0,11780.017757147103,14.3,0.64,0.0,0.0,5.0
2742,13,train_0307,11997.22367041049,10487.131335205973,98.71313352059734,0.0,12095.936803931088,16.04,0.52,0.0,0.0,5.0
2743,13,train_0568,12067.450106827484,11243.132409114402,174.31324091144018,0.0,12241.763347738924,15.64,0.74,0.0,0.0,5.0
2744,13,train_0119,12078.465969589939,10425.626932178999,92.56269321789988,0.0,12171.02866280784,15.82,0.54,0.0,0.0,5.0
2745,13,train_0242,12439.717702319715,11315.547577930207,181.5547577930207,0.0,12621.272460112736,14.88,0.68,0.0,0.0,5.0
2746,13,train_0134,12245.831889682166,10739.210160303253,123.92101603032535,0.0,12369.75290571249,14.0,0.66,0.0,0.0,5.0
2747,13,train_0485,12019.439374253707,10377.142994903286,87.71429949032864,0.0,12107.153673744035,17.3,0.62,0.0,0.0,5.0
2748,13,train_0248,12194.528017975523,10816.354127151753,131.63541271517533,0.0,12326.163430690698,14.96,0.7,0.0,0.0,5.0
2749,13,train_0584,11969.994161354183,10429.0302488391,92.90302488391008,0.0,12062.897186238093,13.9,0.74,0.0,0.0,5.0
2750,13,train_0147,12464.903385031817,10926.896215021696,142.6896215021696,0.0,12607.593006533987,16.46,0.74,0.0,0.0,5.0
2751,13,train_0048,12249.271803794123,10883.697464880945,138.36974648809448,0.0,12387.641550282218,14.88,0.58,0.0,0.0,5.0
2752,13,train_0349,12093.987667058194,10242.387791400466,74.23877914004662,0.0,12168.226446198241,16.56,0.62,0.0,0.0,5.0
2753,13,train_0391,12188.82967368498,10584.609546671236,108.46095466712359,0.0,12297.290628352104,15.18,0.68,0.0,0.0,5.0
2754,13,train_0594,11887.769666271019,10571.358559244904,107.13585592449036,0.0,11994.90552219551,16.44,0.56,0.0,0.0,5.0
2755,13,train_0522,12498.085349417232,10734.107720921533,123.41077209215328,0.0,12621.496121509384,17.66,0.64,0.0,0.0,5.0
2756,13,train_0530,12523.030043088569,11138.220425573725,163.82204255737253,0.0,12686.852085645942,16.4,0.56,0.0,0.0,5.0
2757,13,train_0380,11988.567953383903,10512.557856318617,101.25578563186173,0.0,12089.823739015765,17.76,0.64,0.0,0.0,5.0
2758,13,train_0215,12333.62591765823,11199.484450668788,169.94844506687878,0.0,12503.574362725109,16.2,0.64,0.0,0.0,5.0
2759,13,train_0257,12354.086698791563,10681.075192443934,118.10751924439337,0.0,12472.194218035957,14.9,0.56,0.0,0.0,5.0
2760,13,train_0080,12550.62361182487,10537.448094405609,103.74480944056086,0.0,12654.368421265432,15.28,0.64,0.0,0.0,5.0
2761,13,train_0258,12870.65799009382,10647.26765675295,114.72676567529507,0.0,12985.384755769115,15.92,0.62,0.0,0.0,5.0
2762,13,train_0218,12453.810094300597,10700.997857624236,120.09978576242356,0.0,12573.909880063022,16.42,0.5,0.0,0.0,5.0
2763,13,train_0021,12561.86062300301,11302.298592433384,180.22985924333844,0.0,12742.090482246347,16.24,0.66,0.0,0.0,5.0
2764,13,train_0122,12040.099167698703,10523.364102202464,102.3364102202464,0.0,12142.43557791895,14.92,0.7,0.0,0.0,5.0
2765,13,train_0320,12248.527093549306,10936.363917056002,143.63639170560018,0.0,12392.163485254907,15.56,0.6,0.0,0.0,5.0
2766,13,train_0221,12082.334920579278,10921.844154697756,142.18441546977556,0.0,12224.519336049054,16.72,0.66,0.0,0.0,5.0
2767,13,train_0596,11975.283068602595,10628.4063053881,112.84063053881,0.0,12088.123699141406,16.5,0.74,0.0,0.0,5.0
2768,13,train_0287,12379.272575212955,10638.46396166573,113.84639616657296,0.0,12493.118971379528,18.04,0.64,0.0,0.0,5.0
2769,13,train_0575,12364.647999285444,11123.61438787023,162.36143878702296,0.0,12527.009438072466,16.64,0.6,0.0,0.0,5.0
2770,13,train_0396,11948.007021462638,10976.41058840049,147.64105884004894,0.0,12095.648080302686,13.32,0.7,0.0,0.0,5.0
2771,13,train_0024,12026.473118172686,10161.60274797225,66.16027479722507,0.0,12092.63339296991,17.14,0.64,0.0,0.0,5.0
2772,13,train_0122,12138.065342767852,10484.500990814488,98.45009908144876,0.0,12236.5154418493,15.94,0.66,0.0,0.0,5.0
2773,13,train_0423,11981.320834400547,10385.703828242078,88.57038282420781,0.0,12069.891217224755,16.64,0.78,0.0,0.0,5.0
2774,13,train_0327,12284.12121498918,10967.985586827377,146.7985586827377,0.0,12430.919773671918,16.98,0.76,0.0,0.0,5.0
2775,13,train_0181,11348.275164105502,10025.572907536138,52.557290753613785,0.0,11400.832454859115,16.82,0.64,0.0,0.0,5.0
2776,13,train_0313,12503.154398780254,10638.267947865992,113.82679478659921,0.0,12616.981193566853,15.58,0.36,0.0,0.0,5.0
2777,13,train_0541,12543.081744563893,10882.755792320191,138.2755792320191,0.0,12681.357323795912,16.24,0.64,0.0,0.0,5.0
2778,13,train_0233,12793.60225506376,11110.08405030952,161.00840503095208,0.0,12954.610660094713,15.98,0.62,0.0,0.0,5.0
2779,13,train_0027,12139.164762751361,10776.025132948736,127.60251329487365,0.0,12266.767276046236,13.86,0.8,0.0,0.0,5.0
2780,13,train_0186,12240.65035571501,10602.562546589414,110.25625465894137,0.0,12350.906610373951,14.68,0.7,0.0,0.0,5.0
2781,13,train_0561,12344.226540612259,10793.991327778067,129.3991327778067,0.0,12473.625673390066,17.64,0.54,0.0,0.0,5.0
2782,13,train_0457,12311.998613028198,10909.964854669777,140.99648546697773,0.0,12452.995098495176,15.26,0.54,0.0,0.0,5.0
2783,13,train_0502,12468.87058587497,10850.653596190292,135.06535961902918,0.0,12603.935945494,14.82,0.7,0.0,0.0,5.0
2784,13,train_0546,12483.761754317715,10714.323295377468,121.43232953774678,0.0,12605.194083855462,19.48,0.6,0.0,0.0,5.0
2785,13,train_0070,11758.02157993711,10152.384386971165,65.23843869711655,0.0,11823.260018634228,13.0,0.64,0.0,0.0,5.0
2786,13,train_0169,11888.989965134511,10168.145558195887,66.81455581958872,0.0,11955.8045209541,16.16,0.46,0.0,0.0,5.0
2787,13,train_0035,12905.930796516457,10915.906324743424,141.5906324743424,0.0,13047.5214289908,16.18,0.52,0.0,0.0,5.0
2788,13,train_0002,12415.314367797662,10274.042960589162,77.40429605891623,0.0,12492.718663856578,13.8,0.66,0.0,0.0,5.0
2789,13,train_0500,12171.243931427469,10394.920730633767,89.49207306337667,0.0,12260.736004490846,15.96,0.6,0.0,0.0,5.0
2790,13,train_0562,12233.931228435466,10690.39390720788,119.03939072078794,0.0,12352.970619156253,15.96,0.58,0.0,0.0,5.0
2791,13,train_0093,11903.24268789596,10417.892008242447,91.78920082424466,0.0,11995.031888720205,18.54,0.58,0.0,0.0,5.0
2792,13,train_0433,12047.505960735467,10562.793457124659,106.27934571246588,0.0,12153.785306447933,15.18,0.64,0.0,0.0,5.0
2793,13,train_0320,12654.988716549553,10543.809562235107,104.38095622351067,0.0,12759.369672773064,14.96,0.64,0.0,0.0,5.0
2794,13,train_0041,12137.149354104227,10746.28451261148,124.62845126114809,0.0,12261.777805365375,14.16,0.48,0.0,0.0,5.0
2795,13,train_0549,12181.483868402805,10683.49303188977,118.34930318897696,0.0,12299.833171591783,15.98,0.74,0.0,0.0,5.0
2796,13,train_0522,12237.651159974317,11090.119932402544,159.01199324025438,0.0,12396.663153214571,16.5,0.78,0.0,0.0,5.0
2797,13,train_0340,12202.532687674848,10626.94334335488,112.69433433548802,0.0,12315.227022010336,16.42,0.58,0.0,0.0,5.0
2798,13,train_0424,12364.665826440076,10944.502989630357,144.4502989630357,0.0,12509.116125403112,17.7,0.58,0.0,0.0,5.0
2799,13,train_0238,12049.096896770263,10621.357734099758,112.13577340997581,0.0,12161.23267018024,14.84,0.66,0.0,0.0,5.0
2800,13,train_0475,12143.256553453499,10668.486658504391,116.8486658504391,0.0,12260.105219303938,16.12,0.7,0.0,0.0,5.0
2801,13,train_0267,12062.658558694427,10520.858220848537,102.08582208485369,0.0,12164.74438077928,15.22,0.5,0.0,0.0,5.0
2802,13,train_0593,12377.756198698618,10596.429863841713,109.64298638417131,0.0,12487.39918508279,14.24,0.66,0.0,0.0,5.0
2803,13,train_0037,12899.53016105228,11069.103929995155,156.91039299951555,0.0,13056.440554051796,17.28,0.68,0.0,0.0,5.0
2804,13,train_0103,11929.700534388634,10289.357474721352,78.93574747213516,0.0,12008.636281860769,15.82,0.6,0.0,0.0,5.0
2805,13,train_0581,12040.826816463605,10598.679464050196,109.86794640501958,0.0,12150.694762868625,17.32,0.62,0.0,0.0,5.0
2806,13,train_0173,12308.5765362526,10802.859099704687,130.28590997046868,0.0,12438.86244622307,17.98,0.76,0.0,0.0,5.0
2807,13,train_0186,12254.349338338663,10791.831366506827,129.1831366506827,0.0,12383.532474989346,13.94,0.66,0.0,0.0,5.0
2808,13,train_0474,12529.070034272805,10558.596832981024,105.8596832981024,0.0,12634.929717570907,14.62,0.68,0.0,0.0,5.0
2809,13,train_0113,11996.643798837955,10753.956571777911,125.39565717779115,0.0,12122.039456015746,16.84,0.56,0.0,0.0,5.0
2810,13,train_0308,12287.598531644377,10234.276855194186,73.42768551941863,0.0,12361.026217163795,15.96,0.58,0.0,0.0,5.0
2811,13,train_0171,12747.058566852324,10921.169410497678,142.11694104976777,0.0,12889.175507902091,17.58,0.64,0.0,0.0,5.0
2812,13,train_0118,12344.996072061856,10773.153459090747,127.31534590907468,0.0,12472.311417970932,15.44,0.48,0.0,0.0,5.0
2813,13,train_0578,12194.836681483313,10510.038377063409,101.0038377063409,0.0,12295.840519189655,17.24,0.6,0.0,0.0,5.0
2814,13,train_0119,12268.447193516644,10334.562361202274,83.45623612022737,0.0,12351.903429636872,16.18,0.56,0.0,0.0,5.0
2815,13,train_0056,11562.254765029837,10329.8913502937,82.98913502936995,0.0,11645.243900059206,18.76,0.66,0.0,0.0,5.0
2816,13,train_0404,12955.743065202569,11348.650161411935,184.86501614119354,0.0,13140.608081343762,15.64,0.76,0.0,0.0,5.0
2817,13,train_0520,11653.791224287452,10301.558591155766,80.15585911557665,0.0,11733.947083403029,16.68,0.66,0.0,0.0,5.0
2818,13,train_0076,11795.613645671478,10643.451251135575,114.34512511355751,0.0,11909.958770785035,15.92,0.64,0.0,0.0,5.0
2819,13,train_0424,12125.746005388042,11087.597423229005,158.75974232290048,0.0,12284.505747710942,18.32,0.58,0.0,0.0,5.0
2820,13,train_0324,12137.745169622747,10806.745668037109,130.6745668037109,0.0,12268.419736426458,14.18,0.68,0.0,0.0,5.0
2821,13,train_0498,12165.434031129103,10728.393350949798,122.83933509497984,0.0,12288.273366224083,16.06,0.66,0.0,0.0,5.0
2822,13,train_0076,12178.603825254562,10586.971937120434,108.69719371204337,0.0,12287.301018966606,17.34,0.6,0.0,0.0,5.0
2823,13,train_0585,12548.219380446666,10593.317964737284,109.33179647372836,0.0,12657.551176920395,13.68,0.72,0.0,0.0,5.0
2824,13,train_0371,12246.939826229236,10368.867068316524,86.88670683165238,0.0,12333.826533060888,14.86,0.72,0.0,0.0,5.0
2825,13,train_0505,12264.711381642323,10778.801593623297,127.88015936232969,0.0,12392.591541004653,18.18,0.7,0.0,0.0,5.0
2826,13,train_0217,12600.550277436203,10478.320731509928,97.83207315099281,0.0,12698.382350587195,16.6,0.72,0.0,0.0,5.0
2827,13,train_0566,12126.82640735395,10165.098680854662,66.50986808546622,0.0,12193.336275439417,14.12,0.66,0.0,0.0,5.0
2828,13,train_0375,12200.724229186557,10845.6077443141,134.56077443141004,0.0,12335.285003617966,16.06,0.64,0.0,0.0,5.0
2829,13,train_0076,12101.14410671571,10714.386880237085,121.43868802370854,0.0,12222.58279473942,16.6,0.58,0.0,0.0,5.0
2830,13,train_0553,11533.486351017418,10193.033914183641,69.30339141836411,0.0,11602.789742435782,15.42,0.74,0.0,0.0,5.0
2831,13,train_0477,12103.449375012173,10104.347633607389,60.43476336073891,0.0,12163.884138372912,14.78,0.58,0.0,0.0,5.0
2832,13,train_0180,12257.791702212913,10802.767716753251,130.2767716753251,0.0,12388.068473888237,17.74,0.82,0.0,0.0,5.0
2833,13,train_0327,12627.790897821367,10454.578104358632,95.45781043586322,0.0,12723.24870825723,16.78,0.58,0.0,0.0,5.0
2834,13,train_0232,12151.269137177373,10795.554390486554,129.55543904865536,0.0,12280.824576226029,16.16,0.7,0.0,0.0,5.0
2835,13,train_0326,12064.920461809335,10130.667896021196,63.06678960211957,0.0,12127.987251411454,15.8,0.7,0.0,0.0,5.0
2836,13,train_0579,12401.910627296227,10899.280575186274,139.92805751862744,0.0,12541.838684814855,16.8,0.54,0.0,0.0,5.0
2837,13,train_0539,12040.945740150646,10660.298245633416,116.02982456334158,0.0,12156.975564713988,14.3,0.76,0.0,0.0,5.0
2838,13,train_0129,12621.049797959837,11020.958125604735,152.0958125604735,0.0,12773.14561052031,15.5,0.7,0.0,0.0,5.0
2839,13,train_0583,12002.694324257836,10892.145681132064,139.2145681132064,0.0,12141.908892371042,14.92,0.56,0.0,0.0,5.0
2840,13,train_0262,12282.826956954012,10909.742394450624,140.97423944506247,0.0,12423.801196399074,15.64,0.68,0.0,0.0,5.0
2841,13,train_0422,12279.763781442824,10730.128890067026,123.01288900670261,0.0,12402.776670449526,16.24,0.58,0.0,0.0,5.0
2842,13,train_0458,12460.893266078205,10907.996806490733,140.79968064907334,0.0,12601.692946727278,14.72,0.62,0.0,0.0,5.0
2843,13,train_0289,12459.662894477933,10713.954926223505,121.3954926223505,0.0,12581.058387100284,16.76,0.74,0.0,0.0,5.0
2844,13,train_0273,12316.591186702208,10725.201915674297,122.52019156742972,0.0,12439.111378269637,16.8,0.72,0.0,0.0,5.0
2845,13,train_0273,12626.769135808687,10843.127590886354,134.31275908863537,0.0,12761.081894897323,17.34,0.6,0.0,0.0,5.0
2846,13,train_0517,12346.14610466279,10676.764381104953,117.6764381104953,0.0,12463.822542773285,17.1,0.7,0.0,0.0,5.0
2847,13,train_0231,12406.129376333942,10660.18670868927,116.01867086892707,0.0,12522.148047202869,15.46,0.56,0.0,0.0,5.0
2848,13,train_0167,11883.484109866493,10587.410626361203,108.7410626361203,0.0,11992.225172502613,14.14,0.64,0.0,0.0,5.0
2849,13,train_0216,12082.480269663192,10466.489858334968,96.64898583349678,0.0,12179.12925549669,18.24,0.68,0.0,0.0,5.0
2850,13,train_0116,11940.746588525946,10538.336970551456,103.8336970551456,0.0,12044.580285581093,16.5,0.7,0.0,0.0,5.0
2851,13,train_0234,12118.96722646054,10612.636945445189,111.26369454451888,0.0,12230.230921005059,15.32,0.54,0.0,0.0,5.0
2852,13,train_0068,12379.258935602173,10753.717973201628,125.37179732016284,0.0,12504.630732922335,14.24,0.66,0.0,0.0,5.0
2853,13,train_0053,12248.033960851657,10595.87871669602,109.58787166960192,0.0,12357.62183252126,16.8,0.68,0.0,0.0,5.0
2854,13,train_0434,12566.44989546104,11136.807636157355,163.6807636157355,0.0,12730.130659076776,14.58,0.72,0.0,0.0,5.0
2855,13,train_0046,11799.435510965706,10475.555066860863,97.5555066860863,0.0,11896.991017651793,18.3,0.64,0.0,0.0,5.0
2856,13,train_0340,12541.084543534198,10289.49219738059,78.94921973805904,0.0,12620.033763272257,16.0,0.58,0.0,0.0,5.0
2857,13,train_0467,12458.81255275082,11194.141682038931,169.41416820389315,0.0,12628.226720954714,16.24,0.62,0.0,0.0,5.0
2858,13,train_0434,12691.330537610906,11038.01097162252,153.80109716225198,0.0,12845.131634773157,15.24,0.66,0.0,0.0,5.0
2859,13,train_0267,12334.097420645561,10411.419930515141,91.14199305151415,0.0,12425.239413697076,17.12,0.54,0.0,0.0,5.0
2860,13,train_0116,12327.80040021854,10432.527691690355,93.2527691690355,0.0,12421.053169387576,16.62,0.68,0.0,0.0,5.0
2861,13,train_0558,12570.036153324352,10732.247038718771,123.22470387187714,0.0,12693.26085719623,16.54,0.62,0.0,0.0,5.0
2862,13,train_0501,12415.414473818219,10810.94102422525,131.09410242252508,0.0,12546.508576240743,18.98,0.58,0.0,0.0,5.0
2863,13,train_0367,12252.358339282897,10309.095481225297,80.90954812252967,0.0,12333.267887405427,13.48,0.82,0.0,0.0,5.0
2864,14,train_0052,12405.457401561827,10990.28046392458,149.02804639245807,0.0,12554.485447954285,15.8,0.76,0.0,0.0,5.0
2865,14,train_0021,12273.327028980433,10865.291104291973,136.52911042919732,0.0,12409.85613940963,17.62,0.58,0.0,0.0,5.0
2866,14,train_0189,12189.827347446342,10718.289951347535,121.8289951347535,0.0,12311.656342581096,16.34,0.74,0.0,0.0,5.0
2867,14,train_0094,11867.847021661004,10409.578683825195,90.95786838251952,0.0,11958.804890043524,16.98,0.62,0.0,0.0,5.0
2868,14,train_0516,12339.413532917393,10966.1009986781,146.6100998678099,0.0,12486.023632785204,14.64,0.7,0.0,0.0,5.0
2869,14,train_0123,12139.76712007605,10718.633460947905,121.86334609479054,0.0,12261.630466170842,15.64,0.52,0.0,0.0,5.0
2870,14,train_0169,12104.186851433562,10367.603873454755,86.76038734547546,0.0,12190.947238779037,16.58,0.52,0.0,0.0,5.0
2871,14,train_0585,12435.785157279559,10653.917436987234,115.39174369872345,0.0,12551.176900978282,13.02,0.6,0.0,0.0,5.0
2872,14,train_0490,12077.987830729977,10399.619852230535,89.96198522305349,0.0,12167.94981595303,15.42,0.7,0.0,0.0,5.0
2873,14,train_0131,12910.995805020197,10986.346200360476,148.63462003604764,0.0,13059.630425056244,17.44,0.58,0.0,0.0,5.0
2874,14,train_0230,12186.983731508633,10628.473488466843,112.84734884668433,0.0,12299.831080355318,14.32,0.68,0.0,0.0,5.0
2875,14,train_0309,12402.808098029975,11046.663551330254,154.66635513302538,0.0,12557.474453163,15.06,0.62,0.0,0.0,5.0
2876,14,train_0398,11820.865342649988,10521.468633366567,102.14686333665668,0.0,11923.012205986644,14.08,0.74,0.0,0.0,5.0
2877,14,train_0561,12332.446197662532,10744.868873726045,124.48688737260454,0.0,12456.933085035136,18.22,0.7,0.0,0.0,5.0
2878,14,train_0522,12565.007696863318,10754.782161675044,125.47821616750444,0.0,12690.485913030823,17.12,0.72,0.0,0.0,5.0
2879,14,train_0586,12222.084417169457,10706.263555010399,120.62635550103988,0.0,12342.710772670496,16.42,0.7,0.0,0.0,5.0
2880,14,train_0024,11796.645750125619,10279.039836129801,77.90398361298013,0.0,11874.549733738599,16.68,0.56,0.0,0.0,5.0
2881,14,train_0141,12338.376576716553,11033.803774318754,153.38037743187542,0.0,12491.756954148428,12.82,0.58,0.0,0.0,5.0
2882,14,train_0337,11924.10526008594,10144.651236878599,64.46512368785989,0.0,11988.5703837738,16.34,0.58,0.0,0.0,5.0
2883,14,train_0029,12261.381985806021,10577.020615307292,107.70206153072922,0.0,12369.08404733675,16.4,0.74,0.0,0.0,5.0
2884,14,train_0213,12142.535866507942,10484.481718425795,98.44817184257954,0.0,12240.984038350522,16.72,0.64,0.0,0.0,5.0
2885,14,train_0092,12352.881721070837,10678.954575147296,117.89545751472961,0.0,12470.777178585566,15.74,0.8,0.0,0.0,5.0
2886,14,train_0559,12190.064235282729,10865.420976222122,136.54209762221217,0.0,12326.606332904941,18.88,0.68,0.0,0.0,5.0
2887,14,train_0037,12606.872687098861,11318.41967835493,181.84196783549305,0.0,12788.714654934354,16.28,0.52,0.0,0.0,5.0
2888,14,train_0089,12381.240062726416,10972.761085426631,147.27610854266314,0.0,12528.516171269079,15.98,0.68,0.0,0.0,5.0
2889,14,train_0117,12053.66433364867,10151.261726777306,65.12617267773058,0.0,12118.7905063264,16.86,0.6,0.0,0.0,5.0
2890,14,train_0089,12705.841577749361,11103.991571444154,160.39915714441543,0.0,12866.240734893776,16.2,0.46,0.0,0.0,5.0
2891,14,train_0341,12249.647354172044,10994.768117193245,149.47681171932456,0.0,12399.12416589137,17.16,0.7,0.0,0.0,5.0
2892,14,train_0218,12614.159991693514,10515.15734239035,101.51573423903501,0.0,12715.67572593255,16.44,0.5,0.0,0.0,5.0
2893,14,train_0547,12639.067045165906,10686.020342966214,118.60203429662143,0.0,12757.669079462528,17.68,0.76,0.0,0.0,5.0
2894,14,train_0156,12318.36437316175,10948.975260825857,144.8975260825857,0.0,12463.261899244337,16.16,0.52,0.0,0.0,5.0
2895,14,train_0322,12112.170493651578,10627.023551388782,112.7023551388782,0.0,12224.872848790455,15.84,0.7,0.0,0.0,5.0
2896,14,train_0396,12383.724304205069,10482.196317206884,98.21963172068845,0.0,12481.943935925758,14.44,0.52,0.0,0.0,5.0
2897,14,train_0375,12473.983334670209,10640.957422754433,114.09574227544327,0.0,12588.079076945653,14.72,0.66,0.0,0.0,5.0
2898,14,train_0477,11876.772141927882,10474.175657087559,97.41756570875587,0.0,11974.189707636639,13.82,0.68,0.0,0.0,5.0
2899,14,train_0121,12012.219711603491,10738.735654674194,123.8735654674194,0.0,12136.093277070911,14.94,0.82,0.0,0.0,5.0
2900,14,train_0304,12712.606566713093,11036.334068200842,153.63340682008422,0.0,12866.239973533178,16.3,0.74,0.0,0.0,5.0
2901,14,train_0480,12185.860760275476,10858.272451182274,135.82724511822744,0.0,12321.688005393704,14.54,0.74,0.0,0.0,5.0
2902,14,train_0517,12291.485609914405,10788.246032590458,128.82460325904577,0.0,12420.31021317345,16.66,0.76,0.0,0.0,5.0
2903,14,train_0370,12139.987258024637,10885.084494622199,138.5084494622199,0.0,12278.495707486858,15.5,0.64,0.0,0.0,5.0
2904,14,train_0391,12490.605169462306,10268.402154243748,76.84021542437478,0.0,12567.44538488668,14.48,0.62,0.0,0.0,5.0
2905,14,train_0518,12437.495246872579,10665.086404385142,116.50864043851416,0.0,12554.003887311093,14.74,0.58,0.0,0.0,5.0
2906,14,train_0374,12190.608673201168,10936.232229944635,143.6232229944635,0.0,12334.231896195632,15.66,0.72,0.0,0.0,5.0
2907,14,train_0569,12045.872990358906,10480.078257970848,98.00782579708485,0.0,12143.880816155992,15.86,0.66,0.0,0.0,5.0
2908,14,train_0076,12252.17453074933,10461.744351930862,96.17443519308618,0.0,12348.348965942416,16.44,0.62,0.0,0.0,5.0
2909,14,train_0208,12143.963794905216,10399.510849521703,89.95108495217028,0.0,12233.914879857386,14.86,0.72,0.0,0.0,5.0
2910,14,train_0067,11920.348677634507,10143.279917844638,64.32799178446385,0.0,11984.676669418972,17.32,0.68,0.0,0.0,5.0
2911,14,train_0054,12084.918667976755,10802.372187490535,130.2372187490535,0.0,12215.155886725808,15.88,0.66,0.0,0.0,5.0
2912,14,train_0283,12252.325269917701,10726.362561557837,122.63625615578367,0.0,12374.961526073484,14.64,0.72,0.0,0.0,5.0
2913,14,train_0135,12011.24758318275,10824.15195243426,132.41519524342604,0.0,12143.662778426176,17.16,0.7,0.0,0.0,5.0
2914,14,train_0244,12192.924303801867,10884.81999222053,138.48199922205296,0.0,12331.40630302392,17.82,0.7,0.0,0.0,5.0
2915,14,train_0262,12251.782286541598,11002.140617067405,150.21406170674055,0.0,12401.996348248338,15.92,0.72,0.0,0.0,5.0
2916,14,train_0372,12432.366438872774,10828.946304535966,132.89463045359662,0.0,12565.26106932637,15.64,0.58,0.0,0.0,5.0
2917,14,train_0567,12941.20407898917,11229.96114801111,172.99611480111108,0.0,13114.200193790282,16.42,0.7,0.0,0.0,5.0
2918,14,train_0509,12158.236269997626,10457.019913299118,95.70199132991183,0.0,12253.938261327537,14.28,0.56,0.0,0.0,5.0
2919,14,train_0226,12148.561473630825,10716.053299508038,121.60532995080376,0.0,12270.16680358163,15.36,0.7,0.0,0.0,5.0
2920,14,train_0195,12845.175879323671,10904.86438150404,140.48643815040396,0.0,12985.662317474074,18.5,0.64,0.0,0.0,5.0
2921,14,train_0462,12280.20339720667,10587.370340856769,108.7370340856769,0.0,12388.940431292347,17.62,0.64,0.0,0.0,5.0
2922,14,train_0074,12377.491570937153,10807.153448648944,130.71534486489438,0.0,12508.206915802048,15.32,0.56,0.0,0.0,5.0
2923,14,train_0324,12178.566480259356,10573.516729669565,107.35167296695654,0.0,12285.918153226314,15.12,0.66,0.0,0.0,5.0
2924,14,train_0253,11756.215759649176,10425.838408060912,92.58384080609122,0.0,11848.799600455268,16.68,0.62,0.0,0.0,5.0
2925,14,train_0109,12518.770922384198,10824.910936445549,132.4910936445549,0.0,12651.262016028752,18.46,0.78,0.0,0.0,5.0
2926,14,train_0369,12065.662129742974,10802.181670476955,130.21816704769554,0.0,12195.880296790669,13.84,0.6,0.0,0.0,5.0
2927,14,train_0192,12364.162924346605,11035.525124474188,153.55251244741885,0.0,12517.715436794024,17.1,0.62,0.0,0.0,5.0
2928,14,train_0111,11994.552419594736,10577.204736098773,107.72047360987727,0.0,12102.272893204614,14.54,0.64,0.0,0.0,5.0
2929,14,train_0391,12282.941697563658,10740.028555530971,124.0028555530971,0.0,12406.944553116755,14.58,0.76,0.0,0.0,5.0
2930,14,train_0104,12229.17288221039,10624.581803141518,112.45818031415183,0.0,12341.631062524542,17.28,0.62,0.0,0.0,5.0
2931,14,train_0403,12363.02739969442,11181.950806936056,168.19508069360563,0.0,12531.222480388025,14.2,0.8,0.0,0.0,5.0
2932,14,train_0097,11957.129482595545,10630.157938240849,113.01579382408491,0.0,12070.14527641963,17.02,0.56,0.0,0.0,5.0
2933,14,train_0260,12266.326732804731,10243.174240458371,74.31742404583711,0.0,12340.644156850569,16.76,0.66,0.0,0.0,5.0
2934,14,train_0484,12195.212138550663,10646.018740147278,114.60187401472777,0.0,12309.814012565392,13.78,0.72,0.0,0.0,5.0
2935,14,train_0137,12020.014657409269,10706.093123930057,120.60931239300572,0.0,12140.623969802275,15.6,0.76,0.0,0.0,5.0
2936,14,train_0460,12044.819811674748,10809.67984487657,130.96798448765693,0.0,12175.787796162405,13.66,0.66,0.0,0.0,5.0
2937,14,train_0433,11916.465056905341,10648.70001767394,114.87000176739403,0.0,12031.335058672736,15.7,0.6,0.0,0.0,5.0
2938,14,train_0541,12173.03598456483,10709.235164351423,120.9235164351423,0.0,12293.959500999974,17.06,0.66,0.0,0.0,5.0
2939,14,train_0101,12205.28716773443,10599.876745905807,109.98767459058072,0.0,12315.27484232501,16.88,0.72,0.0,0.0,5.0
2940,14,train_0429,12575.46593552133,11096.770057867288,159.67700578672884,0.0,12735.142941308059,16.9,0.66,0.0,0.0,5.0
2941,14,train_0562,12129.263570492334,11015.65493976358,151.56549397635808,0.0,12280.829064468693,15.86,0.66,0.0,0.0,5.0
2942,14,train_0457,12201.458877070072,10674.755199234778,117.4755199234778,0.0,12318.93439699355,14.34,0.6,0.0,0.0,5.0
2943,14,train_0112,12167.555856469811,10588.767836020495,108.87678360204956,0.0,12276.43264007186,17.46,0.62,0.0,0.0,5.0
2944,14,train_0493,12172.724598714334,10504.274797687089,100.42747976870888,0.0,12273.152078483043,16.24,0.66,0.0,0.0,5.0
2945,14,train_0064,12357.63999567771,10818.352327046865,131.8352327046865,0.0,12489.475228382396,17.06,0.64,0.0,0.0,5.0
2946,14,train_0353,12305.524309425778,10591.7536769232,109.17536769231992,0.0,12414.699677118098,16.38,0.72,0.0,0.0,5.0
2947,14,train_0298,11456.249491114424,10630.645688450168,113.06456884501677,0.0,11569.31405995944,16.12,0.72,0.0,0.0,5.0
2948,14,train_0318,12090.087409997204,10675.395658208085,117.53956582080846,0.0,12207.626975818013,18.56,0.72,0.0,0.0,5.0
2949,14,train_0311,12487.176582293112,10607.106802201819,110.7106802201819,0.0,12597.887262513294,18.0,0.48,0.0,0.0,5.0
2950,14,train_0018,12272.648952338404,10501.520677099781,100.15206770997811,0.0,12372.801020048382,16.86,0.62,0.0,0.0,5.0
2951,14,train_0304,12746.621592436113,11057.719034106467,155.7719034106467,0.0,12902.39349584676,16.16,0.66,0.0,0.0,5.0
2952,14,train_0562,12298.682674504209,10898.603659796096,139.86036597960955,0.0,12438.543040483819,14.74,0.54,0.0,0.0,5.0
2953,14,train_0262,12343.859342505111,10601.374701488292,110.13747014882921,0.0,12453.99681265394,14.66,0.66,0.0,0.0,5.0
2954,14,train_0166,12060.042889631466,10420.513747397574,92.05137473975738,0.0,12152.094264371224,14.2,0.56,0.0,0.0,5.0
2955,14,train_0596,12144.207319392044,10416.920452650922,91.6920452650922,0.0,12235.899364657136,15.72,0.56,0.0,0.0,5.0
2956,14,train_0059,12415.41544395069,10416.560787048573,91.6560787048573,0.0,12507.071522655546,15.78,0.64,0.0,0.0,5.0
2957,14,train_0291,12262.471408190793,10842.824335726287,134.28243357262872,0.0,12396.753841763422,15.72,0.54,0.0,0.0,5.0
2958,14,train_0307,12130.358907357284,10464.134816755795,96.41348167557953,0.0,12226.772389032863,15.28,0.46,0.0,0.0,5.0
2959,14,train_0286,12378.005085865472,11121.98194278611,162.19819427861094,0.0,12540.203280144084,15.22,0.54,0.0,0.0,5.0
2960,14,train_0553,11489.957395433003,10180.925458522695,68.09254585226954,0.0,11558.049941285271,16.48,0.74,0.0,0.0,5.0
2961,14,train_0253,11886.623400066019,10274.016465588506,77.40164655885056,0.0,11964.025046624869,16.86,0.66,0.0,0.0,5.0
2962,14,train_0583,12055.2363575265,10709.400099460108,120.94000994601083,0.0,12176.176367472512,15.42,0.64,0.0,0.0,5.0
2963,14,train_0040,12255.692574349072,11073.88137084481,157.38813708448106,0.0,12413.080711433553,17.62,0.82,0.0,0.0,5.0
2964,14,train_0440,12795.949325990681,10739.917804683108,123.99178046831076,0.0,12919.941106458991,16.8,0.62,0.0,0.0,5.0
2965,14,train_0355,12221.30935722026,10421.170907908294,92.1170907908294,0.0,12313.426448011089,14.8,0.78,0.0,0.0,5.0
2966,14,train_0144,12748.692615715434,11219.734285788581,171.97342857885815,0.0,12920.666044294292,15.4,0.6,0.0,0.0,5.0
2967,14,train_0136,11994.720907699118,10842.734227970795,134.27342279707955,0.0,12128.994330496198,17.9,0.62,0.0,0.0,5.0
2968,14,train_0431,12129.61273097905,10560.961361266543,106.09613612665436,0.0,12235.708867105704,16.76,0.74,0.0,0.0,5.0
2969,14,train_0382,12650.23327916527,10737.074529595293,123.70745295952929,0.0,12773.9407321248,16.08,0.5,0.0,0.0,5.0
2970,14,train_0366,12260.305090567848,10624.237825728973,112.4237825728973,0.0,12372.728873140746,14.48,0.72,0.0,0.0,5.0
2971,14,train_0030,12287.620884719363,10542.926063234241,104.29260632342412,0.0,12391.913491042787,17.44,0.66,0.0,0.0,5.0
2972,14,train_0358,12216.472696608187,10659.667288581546,115.96672885815461,0.0,12332.439425466342,16.96,0.62,0.0,0.0,5.0
2973,14,train_0588,12070.603312026546,10598.04782200211,109.80478220021105,0.0,12180.408094226757,16.92,0.52,0.0,0.0,5.0
2974,14,train_0010,12216.852876320727,10948.047978353723,144.8047978353723,0.0,12361.657674156098,17.26,0.68,0.0,0.0,5.0
2975,14,train_0281,12029.144299713062,10866.304438282736,136.63044382827357,0.0,12165.774743541335,16.12,0.8,0.0,0.0,5.0
2976,14,train_0296,12412.16440262225,10629.35548613816,112.935548613816,0.0,12525.099951236065,15.66,0.62,0.0,0.0,5.0
2977,14,train_0538,12582.310447232196,11149.251665841492,164.92516658414917,0.0,12747.235613816345,16.0,0.56,0.0,0.0,5.0
2978,14,train_0169,11907.426532780995,10347.29217415073,84.72921741507308,0.0,11992.155750196069,16.16,0.68,0.0,0.0,5.0
2979,14,train_0285,12160.911128150728,11057.788124152354,155.7788124152354,0.0,12316.689940565964,14.78,0.52,0.0,0.0,5.0
2980,14,train_0430,12054.473969847506,10490.264296127301,99.02642961273014,0.0,12153.500399460236,14.6,0.66,0.0,0.0,5.0
2981,14,train_0036,11998.65794286758,10863.150251479678,136.31502514796776,0.0,12134.972968015547,15.84,0.66,0.0,0.0,5.0
2982,14,train_0480,12284.382021505375,10867.713459649767,136.77134596497672,0.0,12421.153367470351,16.06,0.84,0.0,0.0,5.0
2983,14,train_0493,11858.808969428535,10676.03955979085,117.60395597908501,0.0,11976.41292540762,17.26,0.7,0.0,0.0,5.0
2984,14,train_0431,12037.370038225501,10578.207393108545,107.82073931085452,0.0,12145.190777536356,18.1,0.72,0.0,0.0,5.0
2985,14,train_0388,12439.343907341776,10825.07423222527,132.507423222527,0.0,12571.851330564303,15.58,0.68,0.0,0.0,5.0
2986,14,train_0448,12196.460848863673,10791.321168191917,129.13211681919165,0.0,12325.592965682865,15.28,0.76,0.0,0.0,5.0
2987,14,train_0469,12481.152223204255,10910.732301175423,141.07323011754235,0.0,12622.225453321798,15.46,0.7,0.0,0.0,5.0
2988,14,train_0542,11948.647198932442,10523.07477657842,102.307477657842,0.0,12050.954676590283,15.5,0.64,0.0,0.0,5.0
2989,14,train_0256,12109.936840649054,10566.56993383316,106.65699338331598,0.0,12216.59383403237,17.92,0.64,0.0,0.0,5.0
2990,14,train_0273,12336.38899535896,11233.36278828291,173.33627882829097,0.0,12509.72527418725,16.48,0.64,0.0,0.0,5.0
2991,14,train_0382,12620.010120514864,10792.00604448115,129.20060444811497,0.0,12749.210724962979,15.98,0.56,0.0,0.0,5.0
2992,14,train_0115,12444.20439575272,10975.271921602785,147.52719216027853,0.0,12591.731587912998,15.26,0.66,0.0,0.0,5.0
2993,14,train_0513,12217.009305890839,10455.068301021889,95.50683010218891,0.0,12312.516135993028,16.14,0.82,0.0,0.0,5.0
2994,14,train_0462,12126.500490722781,10892.933868971439,139.29338689714388,0.0,12265.793877619924,16.24,0.62,0.0,0.0,5.0
2995,14,train_0378,11997.532068209115,10908.348555118038,140.83485551180385,0.0,12138.36692372092,17.62,0.7,0.0,0.0,5.0
2996,14,train_0180,12157.246258789719,10847.91530403821,134.79153040382099,0.0,12292.03778919354,16.12,0.68,0.0,0.0,5.0
2997,14,train_0208,12300.10609327825,10641.435911012999,114.1435911012999,0.0,12414.249684379549,14.72,0.64,0.0,0.0,5.0
2998,14,train_0260,12259.359648145053,10180.743718599013,68.07437185990129,0.0,12327.434020004954,17.5,0.6,0.0,0.0,5.0
2999,14,train_0397,11851.587262273571,10571.083467343848,107.10834673438477,0.0,11958.695609007957,16.18,0.6,0.0,0.0,5.0
3000,14,train_0466,12304.42982477029,10773.211806933177,127.32118069331773,0.0,12431.751005463608,16.96,0.58,0.0,0.0,5.0
3001,14,train_0403,12631.702359370847,11111.877228576992,161.1877228576992,0.0,12792.890082228547,13.56,0.74,0.0,0.0,5.0
3002,14,train_0557,11951.496581856089,10181.955628675327,68.19556286753269,0.0,12019.692144723622,15.34,0.64,0.0,0.0,5.0
3003,14,train_0576,12002.751174186498,10519.778494524464,101.97784945244639,0.0,12104.729023638945,15.18,0.64,0.0,0.0,5.0
3004,14,train_0422,12376.591714976053,10664.250835307916,116.42508353079157,0.0,12493.016798506846,15.34,0.6,0.0,0.0,5.0
3005,14,train_0222,12391.44974138746,10850.574865406747,135.05748654067466,0.0,12526.507227928134,15.82,0.76,0.0,0.0,5.0
3006,14,train_0359,12709.788678857427,10539.01823812467,103.90182381246706,0.0,12813.690502669893,14.64,0.68,0.0,0.0,5.0
3007,14,train_0255,12033.343576316063,10446.241941616148,94.62419416161484,0.0,12127.967770477679,16.76,0.68,0.0,0.0,5.0
