episode,update,scenario_id,electricity_cost,carbon_emissions_kg,carbon_trading_cost,carbon_trading_revenue,system_cost,mean_start_delay_slots,remote_subtask_fraction,fallback_actions,capacity_violations,decision_epochs,carbon_lambda
0,0,train_0566,12111.89419804575,10327.038237324628,82.70382373246285,0.0,12194.598021778213,14.74,0.62,0.0,0.0,7.0,1.215664014892263
1,0,train_0375,12585.627853042926,10487.380711723159,98.73807117231591,0.0,12684.365924215243,15.06,0.66,0.0,0.0,7.0,1.5887339609013997
2,0,train_0410,12778.60692762389,10714.922353039372,121.4922353039372,0.0,12900.099162927827,16.92,0.78,0.0,0.0,7.0,1.8968592631667593
3,0,train_0538,12938.260081694089,10515.769293205087,101.57692932050868,0.0,13039.837011014597,16.8,0.72,0.0,0.0,7.0,1.8968592631667593
4,0,train_0346,12893.205240079877,10607.860919442612,110.78609194426117,0.0,13003.991332024138,16.06,0.56,0.0,0.0,7.0,1.8968592631667593
5,0,train_0465,12654.478962400197,10749.605667262127,124.96056672621272,0.0,12779.43952912641,16.26,0.72,0.0,0.0,7.0,1.8968592631667593
6,0,train_0500,12209.37326265399,10292.896413197304,79.28964131973044,0.0,12288.66290397372,15.62,0.66,0.0,0.0,7.0,1.8968592631667593
7,0,train_0135,12348.393468250497,10657.867394794408,115.78673947944081,0.0,12464.180207729938,16.32,0.6,0.0,0.0,7.0,1.8968592631667593
8,0,train_0033,12420.377546631944,10619.17891569926,111.917891569926,0.0,12532.29543820187,14.54,0.7,0.0,0.0,7.0,1.8968592631667593
9,0,train_0180,12441.760120916333,10686.642635685557,118.66426356855573,0.0,12560.42438448489,17.16,0.68,0.0,0.0,7.0,1.8968592631667593
10,0,train_0171,12944.137742625466,10758.838737780276,125.88387377802756,0.0,13070.021616403494,16.34,0.72,0.0,0.0,7.0,1.8968592631667593
11,0,train_0524,11753.344141545196,10033.862389078387,53.386238907838745,0.0,11806.730380453035,15.32,0.58,0.0,0.0,7.0,1.8968592631667593
12,0,train_0547,12498.041578267112,10838.310883813001,133.8310883813001,0.0,12631.87266664841,15.16,0.64,0.0,0.0,7.0,1.8968592631667593
13,0,train_0003,12489.259836637639,10120.215878962903,62.0215878962903,0.0,12551.281424533929,17.44,0.72,0.0,0.0,7.0,1.8968592631667593
14,0,train_0299,12428.333418755032,10435.194135074747,93.51941350747475,0.0,12521.852832262506,15.94,0.68,0.0,0.0,7.0,1.8968592631667593
15,0,train_0492,12610.336293950966,10048.4554382793,54.845543827929944,0.0,12665.181837778897,16.18,0.66,0.0,0.0,7.0,1.8968592631667593
16,0,train_0078,12227.63766198755,10511.143353988562,101.11433539885621,0.0,12328.751997386405,14.04,0.66,0.0,0.0,7.0,1.8968592631667593
17,0,train_0478,12484.254632660635,10446.580500413678,94.65805004136783,0.0,12578.912682702003,17.0,0.54,0.0,0.0,7.0,1.8968592631667593
18,0,train_0071,12570.503152929887,10652.425927831424,115.2425927831424,0.0,12685.74574571303,14.88,0.58,0.0,0.0,7.0,1.8968592631667593
19,0,train_0280,12864.803799857144,10110.449408003798,61.04494080037985,0.0,12925.848740657524,16.66,0.74,0.0,0.0,7.0,1.8968592631667593
20,0,train_0489,11903.448924548893,10230.327949009727,73.03279490097266,0.0,11976.481719449866,16.7,0.7,0.0,0.0,7.0,1.8968592631667593
21,0,train_0181,11629.69503673,9831.78296380904,33.178296380904065,0.0,11662.873333110903,17.22,0.62,0.0,0.0,7.0,1.8968592631667593
22,0,train_0204,12782.081118705666,10818.23405808163,131.82340580816307,0.0,12913.90452451383,16.94,0.64,0.0,0.0,7.0,1.8968592631667593
23,0,train_0167,12378.689620247384,10212.128859368077,71.21288593680765,0.0,12449.902506184191,15.34,0.78,0.0,0.0,7.0,1.8968592631667593
24,0,train_0431,12412.36075352482,10400.526825979583,90.05268259795831,0.0,12502.413436122777,16.4,0.64,0.0,0.0,7.0,1.8968592631667593
25,0,train_0152,12334.76474370708,10510.325208348688,101.03252083486878,0.0,12435.797264541949,16.0,0.62,0.0,0.0,7.0,1.8968592631667593
26,0,train_0594,11905.538508294681,10374.608183834493,87.46081838344926,0.0,11992.999326678131,17.74,0.52,0.0,0.0,7.0,1.8968592631667593
27,0,train_0267,12386.921887417517,10562.180708917731,106.2180708917731,0.0,12493.13995830929,15.14,0.7,0.0,0.0,7.0,1.8968592631667593
28,0,train_0286,12450.095608296768,10673.974898076307,117.3974898076307,0.0,12567.493098104398,13.48,0.66,0.0,0.0,7.0,1.8968592631667593
29,0,train_0302,12681.152159007195,10485.273587576881,98.52735875768813,0.0,12779.679517764884,13.7,0.72,0.0,0.0,7.0,1.8968592631667593
30,0,train_0349,12257.796361321802,10150.477071253554,65.04770712535537,0.0,12322.844068447157,16.22,0.68,0.0,0.0,7.0,1.8968592631667593
31,0,train_0332,12206.751141871831,10063.57945694447,56.357945694446975,0.0,12263.109087566278,16.56,0.66,0.0,0.0,7.0,1.8968592631667593
32,0,train_0305,12803.36913116599,10129.59221860586,62.95922186058597,0.0,12866.328353026576,16.3,0.68,0.0,0.0,7.0,1.8968592631667593
33,0,train_0597,12488.231238731994,10170.680266541318,67.0680266541318,0.0,12555.299265386126,18.12,0.7,0.0,0.0,7.0,1.8968592631667593
34,0,train_0484,12472.075771336902,10547.51167948639,104.75116794863898,0.0,12576.826939285542,13.88,0.66,0.0,0.0,7.0,1.8968592631667593
35,0,train_0475,12328.655694781624,10266.567577171052,76.65675771710521,0.0,12405.312452498729,16.92,0.68,0.0,0.0,7.0,1.8968592631667593
36,0,train_0420,12279.291942771111,10335.371250016045,83.53712500160455,0.0,12362.829067772716,15.26,0.58,0.0,0.0,7.0,1.8968592631667593
37,0,train_0373,12437.869754385536,10699.736699687486,119.97366996874862,0.0,12557.843424354285,15.78,0.68,0.0,0.0,7.0,1.8968592631667593
38,0,train_0204,12725.04716191291,10559.960843019817,105.99608430198168,0.0,12831.043246214891,17.44,0.68,0.0,0.0,7.0,1.8968592631667593
39,0,train_0593,12490.63682697709,10302.599366399081,80.25993663990812,0.0,12570.896763616998,14.28,0.7,0.0,0.0,7.0,1.8968592631667593
40,0,train_0279,12418.839796421125,10212.143654764886,71.21436547648864,0.0,12490.054161897613,18.08,0.78,0.0,0.0,7.0,1.8968592631667593
41,0,train_0129,13005.536683507802,10436.023459492793,93.60234594927934,0.0,13099.139029457081,14.46,0.72,0.0,0.0,7.0,1.8968592631667593
42,0,train_0507,12739.95454290205,10229.453249522703,72.94532495227031,0.0,12812.899867854321,17.8,0.74,0.0,0.0,7.0,1.8968592631667593
43,0,train_0096,12755.132507132139,10392.938758330933,89.29387583309327,0.0,12844.426382965232,17.62,0.88,0.0,0.0,7.0,1.8968592631667593
44,0,train_0514,12451.676388472955,10235.721637383846,73.57216373838456,0.0,12525.24855221134,16.32,0.7,0.0,0.0,7.0,1.8968592631667593
45,0,train_0367,12420.41164129633,10392.876945993019,89.28769459930191,0.0,12509.699335895632,15.16,0.78,0.0,0.0,7.0,1.8968592631667593
46,0,train_0068,12682.009116264499,10648.927501894383,114.89275018943827,0.0,12796.901866453936,14.32,0.66,0.0,0.0,7.0,1.8968592631667593
47,0,train_0026,12182.238539991988,10305.045683536457,80.50456835364567,0.0,12262.743108345634,15.58,0.66,0.0,0.0,7.0,1.8968592631667593
48,0,train_0266,12558.120845612177,10586.909623864594,108.69096238645943,0.0,12666.811807998636,14.58,0.62,0.0,0.0,7.0,1.8968592631667593
49,0,train_0021,12362.398814692631,10650.551377614154,115.05513776141544,0.0,12477.453952454047,16.66,0.68,0.0,0.0,7.0,1.8968592631667593
50,0,train_0084,12010.790565394314,10397.269407504697,89.72694075046967,0.0,12100.517506144784,16.32,0.7,0.0,0.0,7.0,1.8968592631667593
51,0,train_0308,12336.097594226238,9879.849703371778,37.984970337177764,0.0,12374.082564563416,18.26,0.84,0.0,0.0,7.0,1.8968592631667593
52,0,train_0582,12514.076711759637,10655.942245593169,115.5942245593169,0.0,12629.670936318955,15.4,0.7,0.0,0.0,7.0,1.8968592631667593
53,0,train_0279,12163.658987912684,10574.112377843234,107.41123778432339,0.0,12271.070225697007,17.4,0.68,0.0,0.0,7.0,1.8968592631667593
54,0,train_0485,12136.154361536845,9924.444985757029,42.444498575702895,0.0,12178.598860112548,17.88,0.74,0.0,0.0,7.0,1.8968592631667593
55,0,train_0550,12202.524816888234,10360.524796876558,86.0524796876558,0.0,12288.57729657589,16.9,0.68,0.0,0.0,7.0,1.8968592631667593
56,0,train_0494,12162.579597845146,10387.944719524286,88.79447195242865,0.0,12251.374069797575,16.84,0.78,0.0,0.0,7.0,1.8968592631667593
57,0,train_0377,12342.453641055736,10156.761759913305,65.67617599133045,0.0,12408.129817047065,17.6,0.66,0.0,0.0,7.0,1.8968592631667593
58,0,train_0264,12209.407590211114,9980.514657019185,48.05146570191846,0.0,12257.459055913034,14.22,0.72,0.0,0.0,7.0,1.8968592631667593
59,0,train_0308,11900.124418781836,10438.06328491469,93.80632849146896,0.0,11993.930747273305,16.7,0.62,0.0,0.0,7.0,1.8968592631667593
60,0,train_0159,12013.866303898012,10213.348440480691,71.33484404806914,0.0,12085.201147946082,18.38,0.7,0.0,0.0,7.0,1.8968592631667593
61,0,train_0298,11839.119704522003,9975.334063427259,47.533406342725904,0.0,11886.653110864729,16.38,0.7,0.0,0.0,7.0,1.8968592631667593
62,0,train_0227,12711.470158275726,10457.83929896513,95.78392989651293,0.0,12807.25408817224,16.4,0.58,0.0,0.0,7.0,1.8968592631667593
63,0,train_0148,12548.047206484847,10642.084238393722,114.20842383937216,0.0,12662.25563032422,17.18,0.7,0.0,0.0,7.0,1.8968592631667593
64,0,train_0595,12148.72615476475,9943.109987561054,44.31099875610544,0.0,12193.037153520856,16.92,0.74,0.0,0.0,7.0,1.8968592631667593
65,0,train_0007,13109.85926795263,11035.461756914512,153.54617569145123,0.0,13263.405443644082,13.52,0.6,0.0,0.0,7.0,1.8968592631667593
66,0,train_0058,11932.859089707728,9842.320833158388,34.23208331583883,0.0,11967.091173023568,15.52,0.66,0.0,0.0,7.0,1.8968592631667593
67,0,train_0115,12757.134437636341,10750.116289280655,125.01162892806552,0.0,12882.146066564406,14.92,0.74,0.0,0.0,7.0,1.8968592631667593
68,0,train_0581,12349.279981955071,10333.827506728465,83.3827506728465,0.0,12432.662732627918,15.3,0.66,0.0,0.0,7.0,1.8968592631667593
69,0,train_0415,12854.005351410378,10582.197963722872,108.21979637228725,0.0,12962.225147782665,13.62,0.56,0.0,0.0,7.0,1.8968592631667593
70,0,train_0529,12629.612161813606,10315.864936132406,81.5864936132406,0.0,12711.198655426846,15.64,0.74,0.0,0.0,7.0,1.8968592631667593
71,0,train_0120,12428.806081878181,10088.989795029272,58.898979502927254,0.0,12487.705061381108,16.26,0.56,0.0,0.0,7.0,1.8968592631667593
72,0,train_0432,12439.24935710676,10416.268858846113,91.62688588461134,0.0,12530.876242991371,15.98,0.7,0.0,0.0,7.0,1.8968592631667593
73,0,train_0221,12357.852187178834,10640.899032891855,114.08990328918554,0.0,12471.94209046802,15.84,0.6,0.0,0.0,7.0,1.8968592631667593
74,0,train_0293,11944.884306904587,10116.482727186416,61.64827271864161,0.0,12006.532579623228,14.38,0.6,0.0,0.0,7.0,1.8968592631667593
75,0,train_0002,12588.625265209621,10129.143169966943,62.91431699669429,0.0,12651.539582206315,13.24,0.62,0.0,0.0,7.0,1.8968592631667593
76,0,train_0370,12705.34986936188,10572.735909808456,107.27359098084563,0.0,12812.623460342726,15.56,0.64,0.0,0.0,7.0,1.8968592631667593
77,0,train_0498,12346.187056753437,10965.310753964344,146.53107539643443,0.0,12492.718132149872,15.34,0.68,0.0,0.0,7.0,1.8968592631667593
78,0,train_0398,11960.722706549492,10155.239143087245,65.52391430872449,0.0,12026.246620858215,15.22,0.68,0.0,0.0,7.0,1.8968592631667593
79,0,train_0092,12556.92583702483,10766.782146166595,126.67821461665955,0.0,12683.604051641489,17.1,0.76,0.0,0.0,7.0,1.8968592631667593
80,0,train_0320,12370.945597448148,10435.641368370008,93.56413683700085,0.0,12464.50973428515,15.06,0.68,0.0,0.0,7.0,1.8968592631667593
81,0,train_0160,12587.898596421383,10396.23427454739,89.62342745473907,0.0,12677.522023876121,18.2,0.7,0.0,0.0,7.0,1.8968592631667593
82,0,train_0578,12195.249075089992,10265.797025927672,76.57970259276718,0.0,12271.82877768276,19.66,0.68,0.0,0.0,7.0,1.8968592631667593
83,0,train_0528,12412.400027286078,10634.115703283544,113.41157032835436,0.0,12525.811597614433,14.02,0.82,0.0,0.0,7.0,1.8968592631667593
84,0,train_0111,12038.506022258163,10355.297107978406,85.52971079784056,0.0,12124.035733056004,14.84,0.66,0.0,0.0,7.0,1.8968592631667593
85,0,train_0305,12299.900423548785,10795.887390411426,129.58873904114262,0.0,12429.489162589927,14.94,0.68,0.0,0.0,7.0,1.8968592631667593
86,0,train_0563,12558.641438979981,10578.637731449671,107.86377314496713,0.0,12666.505212124948,15.06,0.64,0.0,0.0,7.0,1.8968592631667593
87,0,train_0508,12672.796643641568,10353.501946819,85.35019468190004,0.0,12758.146838323468,14.24,0.7,0.0,0.0,7.0,1.8968592631667593
88,0,train_0424,12647.155444160468,10397.564057671058,89.75640576710576,0.0,12736.911849927574,19.24,0.6,0.0,0.0,7.0,1.8968592631667593
89,0,train_0383,12202.071297482007,10303.474742006827,80.34747420068271,0.0,12282.41877168269,16.56,0.7,0.0,0.0,7.0,1.8968592631667593
90,0,train_0025,12534.906981411517,10516.884455202142,101.6884455202142,0.0,12636.595426931732,14.56,0.74,0.0,0.0,7.0,1.8968592631667593
91,0,train_0445,12867.505610972676,11206.604450592058,170.6604450592058,0.0,13038.166056031881,18.48,0.66,0.0,0.0,7.0,1.8968592631667593
92,0,train_0284,12637.57446429138,10149.470321031864,64.9470321031864,0.0,12702.521496394565,16.02,0.7,0.0,0.0,7.0,1.8968592631667593
93,0,train_0054,12324.888670038728,10466.753113877581,96.67531138775813,0.0,12421.563981426487,17.68,0.68,0.0,0.0,7.0,1.8968592631667593
94,0,train_0146,12348.854986533861,10350.980620471655,85.09806204716551,0.0,12433.953048581026,15.74,0.7,0.0,0.0,7.0,1.8968592631667593
95,0,train_0324,12648.537216610339,10169.009834780318,66.90098347803178,0.0,12715.43820008837,15.98,0.7,0.0,0.0,7.0,1.8968592631667593
96,0,train_0436,12905.365824221362,10926.674786763131,142.66747867631312,0.0,13048.033302897675,15.68,0.76,0.0,0.0,7.0,1.8968592631667593
97,0,train_0304,12700.615328597385,10908.103926322572,140.81039263225722,0.0,12841.425721229642,17.54,0.62,0.0,0.0,7.0,1.8968592631667593
98,0,train_0367,12216.500337256173,10493.98676098177,99.39867609817702,0.0,12315.89901335435,15.36,0.62,0.0,0.0,7.0,1.8968592631667593
99,0,train_0522,12611.863089047376,10448.096169212617,94.80961692126166,0.0,12706.672705968638,16.32,0.68,0.0,0.0,7.0,1.8968592631667593
100,0,train_0411,12628.38368013878,11005.514260802816,150.55142608028163,0.0,12778.935106219062,15.78,0.7,0.0,0.0,7.0,1.8968592631667593
101,0,train_0216,12142.41708601333,10109.745409594892,60.97454095948925,0.0,12203.39162697282,15.88,0.64,0.0,0.0,7.0,1.8968592631667593
102,0,train_0385,12650.273598432079,11146.744333261373,164.67443332613732,0.0,12814.948031758217,15.68,0.62,0.0,0.0,7.0,1.8968592631667593
103,0,train_0358,12304.431952325423,10569.396349585244,106.93963495852441,0.0,12411.371587283948,14.58,0.72,0.0,0.0,7.0,1.8968592631667593
104,0,train_0064,12673.400929936659,10436.301604587636,93.63016045876357,0.0,12767.031090395423,14.86,0.62,0.0,0.0,7.0,1.8968592631667593
105,0,train_0035,12765.149631739294,11090.299868185088,159.02998681850877,0.0,12924.179618557802,17.76,0.74,0.0,0.0,7.0,1.8968592631667593
106,0,train_0396,12546.892399886894,10288.148984835017,78.81489848350175,0.0,12625.707298370397,13.68,0.68,0.0,0.0,7.0,1.8968592631667593
107,0,train_0232,12768.5822013043,10293.922241010443,79.3922241010443,0.0,12847.974425405344,17.22,0.64,0.0,0.0,7.0,1.8968592631667593
108,0,train_0358,12400.835303968326,10317.32710194819,81.73271019481909,0.0,12482.568014163146,16.28,0.58,0.0,0.0,7.0,1.8968592631667593
109,0,train_0193,12637.682982809218,10414.776477541089,91.47764775410889,0.0,12729.160630563327,14.48,0.68,0.0,0.0,7.0,1.8968592631667593
110,0,train_0135,12528.841933693426,10375.752341490168,87.57523414901681,0.0,12616.417167842443,17.86,0.68,0.0,0.0,7.0,1.8968592631667593
111,0,train_0090,12216.98791766234,10433.901559757076,93.39015597570761,0.0,12310.378073638047,14.4,0.7,0.0,0.0,7.0,1.8968592631667593
112,0,train_0228,11952.172680216949,10624.395456877592,112.43954568775916,0.0,12064.612225904708,15.14,0.74,0.0,0.0,7.0,1.8968592631667593
113,0,train_0489,11930.123963419202,10109.740251978728,60.974025197872834,0.0,11991.097988617075,17.02,0.66,0.0,0.0,7.0,1.8968592631667593
114,0,train_0240,12944.551849757412,10939.613343477398,143.96133434773984,0.0,13088.513184105152,14.88,0.68,0.0,0.0,7.0,1.8968592631667593
115,0,train_0227,12905.05628335312,10302.445003442412,80.24450034424117,0.0,12985.300783697361,17.4,0.72,0.0,0.0,7.0,1.8968592631667593
116,0,train_0345,12311.878305445442,10363.966674700734,86.39666747007341,0.0,12398.274972915515,15.54,0.58,0.0,0.0,7.0,1.8968592631667593
117,0,train_0587,12563.87923624255,10057.70136745184,55.77013674518403,0.0,12619.649372987735,16.56,0.74,0.0,0.0,7.0,1.8968592631667593
118,0,train_0235,12342.990796718113,10479.184628493647,97.91846284936474,0.0,12440.909259567477,15.94,0.66,0.0,0.0,7.0,1.8968592631667593
119,0,train_0353,12160.150181304782,10507.866299049103,100.7866299049103,0.0,12260.936811209693,15.36,0.62,0.0,0.0,7.0,1.8968592631667593
120,0,train_0263,12227.177023670461,9887.781056278398,38.7781056278398,0.0,12265.955129298301,14.94,0.64,0.0,0.0,7.0,1.8968592631667593
121,0,train_0363,12470.039690327516,10576.129306687286,107.6129306687286,0.0,12577.652620996245,16.74,0.74,0.0,0.0,7.0,1.8968592631667593
122,0,train_0267,12217.627791844814,10354.413745524114,85.44137455241145,0.0,12303.069166397225,17.34,0.58,0.0,0.0,7.0,1.8968592631667593
123,0,train_0382,12629.939101568238,10631.353590551167,113.13535905511672,0.0,12743.074460623355,16.34,0.7,0.0,0.0,7.0,1.8968592631667593
124,0,train_0328,12259.405999646133,10598.446766860048,109.84467668600483,0.0,12369.250676332138,15.3,0.6,0.0,0.0,7.0,1.8968592631667593
125,0,train_0405,12744.666285437848,10697.025872108312,119.7025872108312,0.0,12864.36887264868,14.38,0.78,0.0,0.0,7.0,1.8968592631667593
126,0,train_0574,12487.608191127361,10579.509725321,107.95097253210007,0.0,12595.559163659462,15.24,0.56,0.0,0.0,7.0,1.8968592631667593
127,0,train_0090,12376.586588982927,10575.998664245217,107.59986642452168,0.0,12484.18645540745,14.36,0.6,0.0,0.0,7.0,1.8968592631667593
128,0,train_0336,12537.617114198392,10085.588380648065,58.558838064806515,0.0,12596.175952263198,14.8,0.54,0.0,0.0,7.0,1.8968592631667593
129,0,train_0264,12236.107806030974,10066.219878706674,56.62198787066737,0.0,12292.72979390164,15.48,0.68,0.0,0.0,7.0,1.8968592631667593
130,0,train_0214,12200.420320548346,10076.03677880166,57.603677880165925,0.0,12258.023998428513,15.34,0.72,0.0,0.0,7.0,1.8968592631667593
131,0,train_0143,12833.393856638344,10349.822689352424,84.98226893524243,0.0,12918.376125573586,15.44,0.6,0.0,0.0,7.0,1.8968592631667593
132,0,train_0031,12241.27151913808,10317.060484399417,81.7060484399417,0.0,12322.977567578022,17.08,0.78,0.0,0.0,7.0,1.8968592631667593
133,0,train_0241,12163.751321312184,10199.065813884343,69.90658138843428,0.0,12233.657902700617,15.88,0.58,0.0,0.0,7.0,1.8968592631667593
134,0,train_0495,12607.396093317,10620.57997063741,112.05799706374091,0.0,12719.454090380741,19.78,0.66,0.0,0.0,7.0,1.8968592631667593
135,0,train_0058,11964.520590468184,10046.99327264732,54.699327264731984,0.0,12019.219917732917,14.92,0.7,0.0,0.0,7.0,1.8968592631667593
136,0,train_0243,12696.320495153876,10459.948082676767,95.99480826767667,0.0,12792.315303421552,16.98,0.7,0.0,0.0,7.0,1.8968592631667593
137,0,train_0580,12392.50736277026,10937.332891725642,143.7332891725642,0.0,12536.240651942824,15.82,0.64,0.0,0.0,7.0,1.8968592631667593
138,0,train_0570,12141.34282703613,10437.766485087795,93.77664850877954,0.0,12235.119475544909,14.32,0.64,0.0,0.0,7.0,1.8968592631667593
139,0,train_0129,12850.174727222562,10691.295231010157,119.12952310101574,0.0,12969.304250323577,15.28,0.62,0.0,0.0,7.0,1.8968592631667593
140,0,train_0004,12555.691020353679,10302.37413561222,80.23741356122191,0.0,12635.928433914902,16.34,0.66,0.0,0.0,7.0,1.8968592631667593
141,0,train_0403,12945.054859862073,10318.803379506215,81.88033795062148,0.0,13026.935197812694,14.24,0.6,0.0,0.0,7.0,1.8968592631667593
142,0,train_0008,12551.337078025806,10458.435297192296,95.84352971922964,0.0,12647.180607745036,14.6,0.64,0.0,0.0,7.0,1.8968592631667593
143,0,train_0180,12508.0051825633,10435.511019596242,93.55110195962425,0.0,12601.556284522925,17.48,0.6,0.0,0.0,7.0,1.8968592631667593
144,1,train_0298,11702.468179356454,10001.161658528285,50.11616585282846,0.0,11752.584345209283,14.7,0.7,0.0,0.0,7.0,1.8968592631667593
145,1,train_0524,11707.666266448115,10392.088200946388,89.20882009463877,0.0,11796.875086542754,15.06,0.62,0.0,0.0,7.0,1.8968592631667593
146,1,train_0055,12442.656478673525,10491.802951457474,99.18029514574738,0.0,12541.836773819272,14.22,0.68,0.0,0.0,7.0,1.8968592631667593
147,1,train_0397,12191.652790170185,10185.834937889362,68.58349378893618,0.0,12260.23628395912,16.96,0.64,0.0,0.0,7.0,1.8968592631667593
148,1,train_0319,12529.107514173991,10645.724005572389,114.57240055723888,0.0,12643.67991473123,16.0,0.72,0.0,0.0,7.0,1.8968592631667593
149,1,train_0078,11965.001325216756,10558.006497075641,105.80064970756412,0.0,12070.80197492432,15.6,0.6,0.0,0.0,7.0,1.8968592631667593
150,1,train_0507,12649.10873798596,10288.878130276298,78.88781302762982,0.0,12727.99655101359,16.24,0.62,0.0,0.0,7.0,1.8968592631667593
151,1,train_0507,12194.743987861824,10624.53252452558,112.45325245255809,0.0,12307.197240314383,16.32,0.72,0.0,0.0,7.0,1.8968592631667593
152,1,train_0289,12680.660703512185,10322.224976405103,82.22249764051031,0.0,12762.883201152696,16.68,0.7,0.0,0.0,7.0,1.8968592631667593
153,1,train_0566,12199.984813725776,10130.964076844033,63.09640768440332,0.0,12263.081221410179,15.04,0.72,0.0,0.0,7.0,1.8968592631667593
154,1,train_0364,12307.555535734038,10584.562726057404,108.45627260574038,0.0,12416.01180833978,17.06,0.58,0.0,0.0,7.0,1.8968592631667593
155,1,train_0542,12039.896324042646,10488.537029329978,98.85370293299785,0.0,12138.750026975644,15.56,0.76,0.0,0.0,7.0,1.8968592631667593
156,1,train_0576,12272.730754492932,10104.625171510252,60.46251715102517,0.0,12333.193271643957,15.22,0.68,0.0,0.0,7.0,1.8968592631667593
157,1,train_0341,12790.185857707851,10794.548971717566,129.4548971717566,0.0,12919.640754879607,15.7,0.78,0.0,0.0,7.0,1.8968592631667593
158,1,train_0168,12681.862764415022,10544.627474723518,104.46274747235185,0.0,12786.325511887373,17.1,0.76,0.0,0.0,7.0,1.8968592631667593
159,1,train_0087,12552.865563111238,10665.054871364706,116.50548713647059,0.0,12669.371050247708,16.02,0.74,0.0,0.0,7.0,1.8968592631667593
160,1,train_0337,12153.252455943219,10153.887784457052,65.38877844570526,0.0,12218.641234388924,16.42,0.66,0.0,0.0,7.0,1.8968592631667593
161,1,train_0115,13005.464304245299,10195.370598900623,69.53705989006231,0.0,13075.001364135362,17.72,0.62,0.0,0.0,7.0,1.8968592631667593
162,1,train_0450,12074.764529567721,10494.006763515423,99.40067635154229,0.0,12174.165205919264,15.2,0.66,0.0,0.0,7.0,1.8968592631667593
163,1,train_0556,12534.839626416478,10512.749485657969,101.27494856579688,0.0,12636.114574982275,13.78,0.74,0.0,0.0,7.0,1.8968592631667593
164,1,train_0147,12990.81790266163,10112.666599923054,61.266659992305364,0.0,13052.084562653936,15.28,0.7,0.0,0.0,7.0,1.8968592631667593
165,1,train_0331,12829.275018243214,10205.50475464535,70.55047546453498,0.0,12899.825493707749,17.98,0.7,0.0,0.0,7.0,1.8968592631667593
166,1,train_0029,12308.123032475643,10466.516581350406,96.65165813504063,0.0,12404.774690610684,16.6,0.66,0.0,0.0,7.0,1.8968592631667593
167,1,train_0108,12649.447079883714,10169.059268505778,66.90592685057781,0.0,12716.35300673429,17.96,0.7,0.0,0.0,7.0,1.8968592631667593
168,1,train_0226,12041.283083021435,10342.378260885715,84.23782608857147,0.0,12125.520909110006,15.28,0.7,0.0,0.0,7.0,1.8968592631667593
169,1,train_0530,12498.127225096845,11074.007551790357,157.4007551790357,0.0,12655.527980275881,16.06,0.66,0.0,0.0,7.0,1.8968592631667593
170,1,train_0581,12154.970742175796,10313.079041850116,81.30790418501165,0.0,12236.278646360808,17.2,0.8,0.0,0.0,7.0,1.8968592631667593
171,1,train_0384,12194.90855741737,10267.728156287654,76.77281562876543,0.0,12271.681373046134,17.58,0.62,0.0,0.0,7.0,1.8968592631667593
172,1,train_0350,12104.298579149552,9990.212082277343,49.02120822773432,0.0,12153.319787377286,18.0,0.66,0.0,0.0,7.0,1.8968592631667593
173,1,train_0341,12726.732580365613,10622.883844563426,112.28838445634265,0.0,12839.020964821955,14.7,0.76,0.0,0.0,7.0,1.8968592631667593
174,1,train_0036,12261.848857020459,10250.714738572537,75.07147385725366,0.0,12336.920330877712,17.12,0.66,0.0,0.0,7.0,1.8968592631667593
175,1,train_0225,12287.828455614746,10649.52114021593,114.95211402159293,0.0,12402.78056963634,17.38,0.66,0.0,0.0,7.0,1.8968592631667593
176,1,train_0589,12256.932560445162,10100.966057102247,60.09660571022469,0.0,12317.029166155387,15.86,0.72,0.0,0.0,7.0,1.8968592631667593
177,1,train_0246,12293.339520768295,10119.049544048386,61.90495440483865,0.0,12355.244475173135,16.52,0.68,0.0,0.0,7.0,1.8968592631667593
178,1,train_0127,12503.824480001698,10420.467210843992,92.04672108439918,0.0,12595.871201086098,14.62,0.68,0.0,0.0,7.0,1.8968592631667593
179,1,train_0143,12683.341532280301,10577.06977231222,107.70697723122194,0.0,12791.048509511524,16.0,0.7,0.0,0.0,7.0,1.8968592631667593
180,1,train_0428,12568.285882313605,10317.855675335875,81.78556753358754,0.0,12650.071449847192,16.86,0.7,0.0,0.0,7.0,1.8968592631667593
181,1,train_0022,12350.916360405125,10598.854882065087,109.88548820650868,0.0,12460.801848611633,18.34,0.72,0.0,0.0,7.0,1.8968592631667593
182,1,train_0581,12426.970698003915,10300.61345987532,80.06134598753198,0.0,12507.032043991447,14.74,0.6,0.0,0.0,7.0,1.8968592631667593
183,1,train_0525,11973.71473037076,10512.809412795565,101.28094127955647,0.0,12074.995671650317,15.08,0.66,0.0,0.0,7.0,1.8968592631667593
184,1,train_0340,12597.55618761378,10370.362709451154,87.0362709451154,0.0,12684.592458558895,17.88,0.58,0.0,0.0,7.0,1.8968592631667593
185,1,train_0280,12681.24357076306,10334.545129438953,83.45451294389532,0.0,12764.698083706955,15.82,0.64,0.0,0.0,7.0,1.8968592631667593
186,1,train_0456,12213.425203480127,10617.183696792647,111.71836967926465,0.0,12325.143573159392,16.72,0.64,0.0,0.0,7.0,1.8968592631667593
187,1,train_0328,12375.178370728543,10520.485410118068,102.04854101180682,0.0,12477.22691174035,14.58,0.64,0.0,0.0,7.0,1.8968592631667593
188,1,train_0286,13035.46213793355,10580.3509107879,108.03509107879,0.0,13143.497229012339,15.14,0.64,0.0,0.0,7.0,1.8968592631667593
189,1,train_0193,12431.690191634403,10569.294664873483,106.92946648734834,0.0,12538.619658121752,13.98,0.72,0.0,0.0,7.0,1.8968592631667593
190,1,train_0268,12674.248185947785,10260.991363455862,76.09913634558616,0.0,12750.347322293372,16.96,0.72,0.0,0.0,7.0,1.8968592631667593
191,1,train_0450,12278.377423122987,10100.898886425784,60.089888642578444,0.0,12338.467311765566,14.52,0.72,0.0,0.0,7.0,1.8968592631667593
192,1,train_0033,12441.997468102109,10812.703017443648,131.2703017443648,0.0,12573.267769846474,16.5,0.62,0.0,0.0,7.0,1.8968592631667593
193,1,train_0015,12373.444942023443,10123.823002823261,62.382300282326106,0.0,12435.82724230577,16.28,0.68,0.0,0.0,7.0,1.8968592631667593
194,1,train_0432,12168.105295093592,10457.810997135566,95.78109971355661,0.0,12263.886394807148,13.9,0.68,0.0,0.0,7.0,1.8968592631667593
195,1,train_0223,12430.323352075327,10182.579840037219,68.25798400372187,0.0,12498.581336079049,13.48,0.74,0.0,0.0,7.0,1.8968592631667593
196,1,train_0482,12199.462174142158,10022.765610419268,52.27656104192684,0.0,12251.738735184084,14.02,0.52,0.0,0.0,7.0,1.8968592631667593
197,1,train_0018,12443.086804925504,10280.390470916536,78.03904709165363,0.0,12521.125852017158,16.26,0.7,0.0,0.0,7.0,1.8968592631667593
198,1,train_0544,12819.521887343806,10643.705607208116,114.3705607208116,0.0,12933.892448064618,15.24,0.64,0.0,0.0,7.0,1.8968592631667593
199,1,train_0073,12149.238653848191,10286.091921608671,78.60919216086714,0.0,12227.84784600906,14.56,0.56,0.0,0.0,7.0,1.8968592631667593
200,1,train_0249,12612.568213012397,10670.874819069635,117.08748190696352,0.0,12729.65569491936,15.74,0.74,0.0,0.0,7.0,1.8968592631667593
201,1,train_0580,12659.28147519586,10760.363615126567,126.03636151265674,0.0,12785.317836708517,15.76,0.62,0.0,0.0,7.0,1.8968592631667593
202,1,train_0065,12716.809523265238,10515.318988250123,101.53189882501229,0.0,12818.34142209025,14.92,0.8,0.0,0.0,7.0,1.8968592631667593
203,1,train_0394,12507.64655271111,10650.661064589984,115.06610645899838,0.0,12622.712659170109,15.62,0.68,0.0,0.0,7.0,1.8968592631667593
204,1,train_0436,12519.687227031582,10792.57954790621,129.25795479062108,0.0,12648.945181822202,18.2,0.76,0.0,0.0,7.0,1.8968592631667593
205,1,train_0256,12374.577337160023,10529.635393084027,102.96353930840269,0.0,12477.540876468425,15.8,0.68,0.0,0.0,7.0,1.8968592631667593
206,1,train_0047,12412.710681423308,10135.259310292087,63.525931029208735,0.0,12476.236612452518,15.26,0.66,0.0,0.0,7.0,1.8968592631667593
207,1,train_0314,12574.582471477814,10057.214481311954,55.721448131195395,0.0,12630.303919609009,15.7,0.76,0.0,0.0,7.0,1.8968592631667593
208,1,train_0260,12335.350583648127,10083.579524456924,58.357952445692355,0.0,12393.70853609382,16.9,0.7,0.0,0.0,7.0,1.8968592631667593
209,1,train_0523,12156.9148484198,10238.899697843168,73.88996978431679,0.0,12230.804818204117,16.84,0.8,0.0,0.0,7.0,1.8968592631667593
210,1,train_0409,12648.946101611406,10995.845040185952,149.5845040185952,0.0,12798.530605630001,18.88,0.58,0.0,0.0,7.0,1.8968592631667593
211,1,train_0206,12571.471396649245,10902.898379527747,140.28983795277472,0.0,12711.76123460202,13.92,0.74,0.0,0.0,7.0,1.8968592631667593
212,1,train_0034,12517.508346308638,10484.851498451519,98.48514984515187,0.0,12615.99349615379,16.76,0.64,0.0,0.0,7.0,1.8968592631667593
213,1,train_0354,11951.229773825966,10350.668794343259,85.0668794343259,0.0,12036.296653260291,15.7,0.6,0.0,0.0,7.0,1.8968592631667593
214,1,train_0167,12260.596974289881,9989.609712023459,48.9609712023459,0.0,12309.557945492228,15.66,0.52,0.0,0.0,7.0,1.8968592631667593
215,1,train_0410,12911.443171514977,10350.731298481183,85.07312984811834,0.0,12996.516301363095,17.22,0.8,0.0,0.0,7.0,1.8968592631667593
216,1,train_0518,12258.7651032965,10975.081291813818,147.5081291813818,0.0,12406.273232477883,15.18,0.66,0.0,0.0,7.0,1.8968592631667593
217,1,train_0213,12448.915550873448,10523.321068732414,102.33210687324136,0.0,12551.24765774669,16.78,0.64,0.0,0.0,7.0,1.8968592631667593
218,1,train_0542,12383.220719231771,10088.381001802332,58.83810018023323,0.0,12442.058819412005,15.2,0.66,0.0,0.0,7.0,1.8968592631667593
219,1,train_0311,12399.642864208188,10304.468401250993,80.44684012509934,0.0,12480.089704333288,16.04,0.62,0.0,0.0,7.0,1.8968592631667593
220,1,train_0318,12595.778598453679,10415.503426674173,91.55034266741733,0.0,12687.328941121095,17.1,0.64,0.0,0.0,7.0,1.8968592631667593
221,1,train_0459,12692.593399382196,10244.302281459906,74.43022814599063,0.0,12767.023627528188,16.68,0.74,0.0,0.0,7.0,1.8968592631667593
222,1,train_0473,12330.801329608112,10464.250988302763,96.42509883027634,0.0,12427.226428438387,17.3,0.6,0.0,0.0,7.0,1.8968592631667593
223,1,train_0545,12267.30329939921,10256.782793001938,75.67827930019375,0.0,12342.981578699402,16.04,0.76,0.0,0.0,7.0,1.8968592631667593
224,1,train_0599,12167.941043166311,10347.38469222356,84.73846922235607,0.0,12252.679512388668,17.16,0.78,0.0,0.0,7.0,1.8968592631667593
225,1,train_0090,12352.999500071406,10531.93113322328,103.19311332232792,0.0,12456.192613393734,15.14,0.66,0.0,0.0,7.0,1.8968592631667593
226,1,train_0247,12776.899440871019,10529.906271933556,102.99062719335562,0.0,12879.890068064375,16.84,0.64,0.0,0.0,7.0,1.8968592631667593
227,1,train_0560,12489.143546178144,10266.660582010723,76.66605820107235,0.0,12565.809604379216,18.0,0.6,0.0,0.0,7.0,1.8968592631667593
228,1,train_0184,12122.252790479004,10465.29356215594,96.52935621559409,0.0,12218.782146694599,15.62,0.68,0.0,0.0,7.0,1.8968592631667593
229,1,train_0003,12167.552795321151,10305.19395603729,80.51939560372904,0.0,12248.07219092488,14.96,0.64,0.0,0.0,7.0,1.8968592631667593
230,1,train_0345,12900.594409214522,9882.465027424381,38.24650274243813,0.0,12938.84091195696,16.04,0.64,0.0,0.0,7.0,1.8968592631667593
231,1,train_0451,12595.940073010592,10626.749658924567,112.67496589245675,0.0,12708.615038903048,16.24,0.66,0.0,0.0,7.0,1.8968592631667593
232,1,train_0445,13142.196412865847,10711.939562391228,121.19395623912278,0.0,13263.39036910497,18.96,0.74,0.0,0.0,7.0,1.8968592631667593
233,1,train_0486,12688.285676058087,10543.641030539096,104.36410305390964,0.0,12792.649779111996,15.46,0.62,0.0,0.0,7.0,1.8968592631667593
234,1,train_0386,12673.050567283413,10021.573760379586,52.157376037958606,0.0,12725.207943321371,14.16,0.64,0.0,0.0,7.0,1.8968592631667593
235,1,train_0082,12626.633781035938,10330.093847626233,83.00938476262327,0.0,12709.643165798561,17.1,0.62,0.0,0.0,7.0,1.8968592631667593
236,1,train_0508,12538.671076692443,10878.828370215822,137.88283702158225,0.0,12676.553913714024,14.24,0.76,0.0,0.0,7.0,1.8968592631667593
237,1,train_0251,12373.445431955517,10480.340245083971,98.03402450839712,0.0,12471.479456463914,14.7,0.66,0.0,0.0,7.0,1.8968592631667593
238,1,train_0508,12571.558971667388,10807.699838477169,130.76998384771687,0.0,12702.328955515104,14.48,0.66,0.0,0.0,7.0,1.8968592631667593
239,1,train_0489,12434.095109718328,9974.324054674576,47.43240546745765,0.0,12481.527515185786,15.48,0.56,0.0,0.0,7.0,1.8968592631667593
240,1,train_0582,12792.060473263511,10452.334717148284,95.23347171482838,0.0,12887.293944978339,15.24,0.64,0.0,0.0,7.0,1.8968592631667593
241,1,train_0008,12357.502625377561,10283.859914103516,78.38599141035156,0.0,12435.888616787914,12.94,0.62,0.0,0.0,7.0,1.8968592631667593
242,1,train_0519,12685.604619283837,11046.979995371188,154.69799953711882,0.0,12840.302618820955,16.92,0.66,0.0,0.0,7.0,1.8968592631667593
243,1,train_0377,12215.914286534793,10241.790387590307,74.17903875903066,0.0,12290.093325293823,17.96,0.84,0.0,0.0,7.0,1.8968592631667593
244,1,train_0291,12771.057120865118,10530.841650931714,103.0841650931714,0.0,12874.141285958289,14.84,0.7,0.0,0.0,7.0,1.8968592631667593
245,1,train_0475,12098.63420834261,10145.082765557458,64.50827655574577,0.0,12163.142484898355,17.42,0.66,0.0,0.0,7.0,1.8968592631667593
246,1,train_0571,12451.37848760618,10233.215385930522,73.32153859305218,0.0,12524.700026199233,15.98,0.76,0.0,0.0,7.0,1.8968592631667593
247,1,train_0307,12236.38487433956,10253.305464601279,75.33054646012788,0.0,12311.715420799686,17.14,0.66,0.0,0.0,7.0,1.8968592631667593
248,1,train_0052,12715.589805699605,10599.618571155857,109.96185711558574,0.0,12825.55166281519,15.78,0.68,0.0,0.0,7.0,1.8968592631667593
249,1,train_0435,12173.982370709895,10260.439514769994,76.04395147699942,0.0,12250.026322186894,16.02,0.68,0.0,0.0,7.0,1.8968592631667593
250,1,train_0138,12244.678165791443,10363.970469866363,86.39704698663627,0.0,12331.07521277808,16.72,0.72,0.0,0.0,7.0,1.8968592631667593
251,1,train_0135,12721.034104844759,10229.390900642968,72.93909006429676,0.0,12793.973194909056,15.96,0.66,0.0,0.0,7.0,1.8968592631667593
252,1,train_0115,12871.610528996773,10449.307750055508,94.93077500555083,0.0,12966.541304002323,16.36,0.78,0.0,0.0,7.0,1.8968592631667593
253,1,train_0119,12198.74352135478,10378.966779303226,87.8966779303226,0.0,12286.640199285102,16.34,0.62,0.0,0.0,7.0,1.8968592631667593
254,1,train_0545,12167.749807856966,10333.943519850918,83.39435198509182,0.0,12251.144159842057,18.84,0.6,0.0,0.0,7.0,1.8968592631667593
255,1,train_0217,12405.69497454668,10856.051603785741,135.60516037857414,0.0,12541.300134925255,18.28,0.66,0.0,0.0,7.0,1.8968592631667593
256,1,train_0063,12771.42284946658,10364.557423432903,86.45574234329034,0.0,12857.878591809871,15.86,0.74,0.0,0.0,7.0,1.8968592631667593
257,1,train_0107,12693.277195364746,10694.798031111146,119.4798031111146,0.0,12812.756998475861,16.02,0.68,0.0,0.0,7.0,1.8968592631667593
258,1,train_0236,12508.214459265815,10237.394528971217,73.73945289712174,0.0,12581.953912162937,18.8,0.62,0.0,0.0,7.0,1.8968592631667593
259,1,train_0207,12096.686237961047,10044.433836282304,54.44338362823037,0.0,12151.129621589276,15.06,0.68,0.0,0.0,7.0,1.8968592631667593
260,1,train_0186,12443.417112990428,10377.479798769979,87.74797987699786,0.0,12531.165092867426,14.8,0.6,0.0,0.0,7.0,1.8968592631667593
261,1,train_0568,12561.439981369149,10860.319999717667,136.0319999717667,0.0,12697.471981340916,16.58,0.5,0.0,0.0,7.0,1.8968592631667593
262,1,train_0519,12536.562130562324,10751.025681456264,125.10256814562636,0.0,12661.664698707951,16.46,0.72,0.0,0.0,7.0,1.8968592631667593
263,1,train_0343,13031.020733548718,11110.57516563734,161.05751656373397,0.0,13192.078250112452,17.44,0.52,0.0,0.0,7.0,1.8968592631667593
264,1,train_0591,12647.360235852828,10472.096912728646,97.20969127286463,0.0,12744.569927125693,16.96,0.58,0.0,0.0,7.0,1.8968592631667593
265,1,train_0204,12523.78882846528,10632.573563819346,113.25735638193456,0.0,12637.046184847215,16.82,0.72,0.0,0.0,7.0,1.8968592631667593
266,1,train_0082,12750.585732610372,10379.819123273312,87.98191232733116,0.0,12838.567644937704,16.62,0.66,0.0,0.0,7.0,1.8968592631667593
267,1,train_0162,11846.226964784966,10065.881133016304,56.58811330163044,0.0,11902.815078086596,15.66,0.62,0.0,0.0,7.0,1.8968592631667593
268,1,train_0053,12006.349889210695,10949.71253601879,144.97125360187894,0.0,12151.321142812574,16.8,0.72,0.0,0.0,7.0,1.8968592631667593
269,1,train_0571,12265.920545807097,10409.5052018285,90.95052018285006,0.0,12356.871065989948,16.5,0.54,0.0,0.0,7.0,1.8968592631667593
270,1,train_0131,12845.948405841307,10779.014325413622,127.9014325413622,0.0,12973.84983838267,15.6,0.66,0.0,0.0,7.0,1.8968592631667593
271,1,train_0266,12796.880389825412,10106.202067612008,60.620206761200826,0.0,12857.500596586613,14.88,0.72,0.0,0.0,7.0,1.8968592631667593
272,1,train_0121,12371.989837127767,10262.4312179631,76.24312179630998,0.0,12448.232958924076,16.18,0.68,0.0,0.0,7.0,1.8968592631667593
273,1,train_0588,12048.868990842595,10563.844648469143,106.38446484691431,0.0,12155.25345568951,18.42,0.7,0.0,0.0,7.0,1.8968592631667593
274,1,train_0094,12387.66485400838,10041.78115381561,54.17811538156093,0.0,12441.842969389942,14.68,0.62,0.0,0.0,7.0,1.8968592631667593
275,1,train_0309,12483.833307546534,10437.026923041562,93.70269230415616,0.0,12577.53599985069,14.16,0.78,0.0,0.0,7.0,1.8968592631667593
276,1,train_0570,12239.818593489748,10258.656064513369,75.86560645133686,0.0,12315.684199941084,14.94,0.64,0.0,0.0,7.0,1.8968592631667593
277,1,train_0312,12156.475178765111,10235.046678859486,73.50466788594859,0.0,12229.97984665106,16.24,0.68,0.0,0.0,7.0,1.8968592631667593
278,1,train_0539,12316.375250888774,10209.95042048021,70.99504204802106,0.0,12387.370292936796,14.8,0.68,0.0,0.0,7.0,1.8968592631667593
279,1,train_0537,12183.703381178966,10347.502352703585,84.75023527035847,0.0,12268.453616449324,17.46,0.62,0.0,0.0,7.0,1.8968592631667593
280,1,train_0460,12388.305815071817,10408.216291100125,90.82162911001251,0.0,12479.12744418183,14.18,0.54,0.0,0.0,7.0,1.8968592631667593
281,1,train_0445,12990.448651126271,10621.698276700541,112.16982767005412,0.0,13102.618478796325,19.56,0.62,0.0,0.0,7.0,1.8968592631667593
282,1,train_0345,12405.167500777461,10294.133839369237,79.41338393692368,0.0,12484.580884714385,16.06,0.62,0.0,0.0,7.0,1.8968592631667593
283,1,train_0348,12644.558415590702,10186.356327192369,68.63563271923685,0.0,12713.194048309939,15.48,0.72,0.0,0.0,7.0,1.8968592631667593
284,1,train_0498,12529.224353688496,10727.366987186113,122.73669871861131,0.0,12651.961052407107,15.36,0.66,0.0,0.0,7.0,1.8968592631667593
285,1,train_0255,12254.24158964819,10141.163539330999,64.11635393309989,0.0,12318.35794358129,17.16,0.66,0.0,0.0,7.0,1.8968592631667593
286,1,train_0567,12968.299886754192,11207.970952706944,170.79709527069446,0.0,13139.096982024887,15.74,0.66,0.0,0.0,7.0,1.8968592631667593
287,1,train_0526,12390.254693394487,10645.485832067625,114.54858320676249,0.0,12504.80327660125,16.98,0.68,0.0,0.0,7.0,1.8968592631667593
288,2,train_0224,12601.517872772594,10478.614340493457,97.86143404934575,0.0,12699.37930682194,14.52,0.7,0.0,0.0,7.0,1.8968592631667593
289,2,train_0246,12354.154692726972,10163.133731167729,66.3133731167729,0.0,12420.468065843745,16.62,0.58,0.0,0.0,7.0,1.8968592631667593
290,2,train_0428,12370.690961816788,10742.101026889519,124.21010268895189,0.0,12494.90106450574,16.62,0.66,0.0,0.0,7.0,1.8968592631667593
291,2,train_0553,11558.34435334265,10208.862159506874,70.88621595068744,0.0,11629.230569293339,16.62,0.64,0.0,0.0,7.0,1.8968592631667593
292,2,train_0057,12031.697097932152,10021.924349076973,52.19243490769732,0.0,12083.88953283985,15.54,0.66,0.0,0.0,7.0,1.8968592631667593
293,2,train_0041,12339.32385702695,10628.098065992763,112.80980659927627,0.0,12452.133663626226,13.6,0.68,0.0,0.0,7.0,1.8968592631667593
294,2,train_0148,12556.807731741428,10372.5768313343,87.25768313342996,0.0,12644.065414874858,17.84,0.72,0.0,0.0,7.0,1.8968592631667593
295,2,train_0257,12462.97338480268,10499.039012363448,99.9039012363448,0.0,12562.877286039025,16.5,0.6,0.0,0.0,7.0,1.8968592631667593
296,2,train_0097,12249.993792801924,10087.300408536648,58.73004085366483,0.0,12308.72383365559,15.8,0.6,0.0,0.0,7.0,1.8968592631667593
297,2,train_0311,12448.45864008993,10543.86406920759,104.38640692075897,0.0,12552.845047010689,17.0,0.54,0.0,0.0,7.0,1.8968592631667593
298,2,train_0324,12418.046852189531,10485.985844844758,98.59858448447577,0.0,12516.645436674007,15.34,0.74,0.0,0.0,7.0,1.8968592631667593
299,2,train_0570,12102.586188897405,10344.473360691012,84.44733606910123,0.0,12187.033524966506,14.82,0.72,0.0,0.0,7.0,1.8968592631667593
300,2,train_0447,12311.132369307237,10590.284366557471,109.0284366557471,0.0,12420.160805962983,15.72,0.6,0.0,0.0,7.0,1.8968592631667593
301,2,train_0150,12218.919914356758,10402.13015354438,90.213015354438,0.0,12309.132929711197,18.34,0.72,0.0,0.0,7.0,1.8968592631667593
302,2,train_0471,12407.18922290076,10728.632804772045,122.86328047720454,0.0,12530.052503377965,15.4,0.74,0.0,0.0,7.0,1.8968592631667593
303,2,train_0483,12960.91045705841,10653.707796847713,115.37077968477134,0.0,13076.281236743182,16.26,0.66,0.0,0.0,7.0,1.8968592631667593
304,2,train_0407,12751.82060474628,10406.067819463902,90.60678194639023,0.0,12842.42738669267,15.98,0.72,0.0,0.0,7.0,1.8968592631667593
305,2,train_0405,12638.233650495738,10542.622637116048,104.26226371160483,0.0,12742.495914207344,16.92,0.72,0.0,0.0,7.0,1.8968592631667593
306,2,train_0186,12294.57982359183,10354.4282587583,85.44282587583002,0.0,12380.02264946766,14.9,0.64,0.0,0.0,7.0,1.8968592631667593
307,2,train_0430,12416.757272936018,10201.532907309182,70.15329073091816,0.0,12486.910563666936,15.76,0.62,0.0,0.0,7.0,1.8968592631667593
308,2,train_0080,12564.849028138462,10740.125910140312,124.01259101403122,0.0,12688.861619152492,15.36,0.62,0.0,0.0,7.0,1.8968592631667593
309,2,train_0377,12611.75362328447,10103.240467902247,60.32404679022475,0.0,12672.077670074696,16.5,0.74,0.0,0.0,7.0,1.8968592631667593
310,2,train_0552,12424.557149479713,10260.333313150017,76.03333131500167,0.0,12500.590480794715,16.14,0.76,0.0,0.0,7.0,1.8968592631667593
311,2,train_0582,12620.464067233945,10372.65486704919,87.26548670491903,0.0,12707.729553938863,16.32,0.68,0.0,0.0,7.0,1.8968592631667593
312,2,train_0178,12070.023775868762,10248.752820365637,74.87528203656366,0.0,12144.899057905326,15.14,0.7,0.0,0.0,7.0,1.8968592631667593
313,2,train_0199,12878.964127666412,10237.24027675482,73.72402767548192,0.0,12952.688155341893,17.02,0.64,0.0,0.0,7.0,1.8968592631667593
314,2,train_0371,12423.5565076426,10168.941979289255,66.8941979289255,0.0,12490.450705571524,15.56,0.72,0.0,0.0,7.0,1.8968592631667593
315,2,train_0238,12325.061736734468,10514.597092288644,101.45970922886445,0.0,12426.521445963332,16.1,0.72,0.0,0.0,7.0,1.8968592631667593
316,2,train_0438,12256.889453716249,10372.316773590843,87.23167735908429,0.0,12344.121131075333,16.34,0.64,0.0,0.0,7.0,1.8968592631667593
317,2,train_0121,12213.267509872658,10203.672362492427,70.36723624924271,0.0,12283.634746121901,15.58,0.74,0.0,0.0,7.0,1.8968592631667593
318,2,train_0101,12536.207544215787,10334.073080458733,83.4073080458733,0.0,12619.61485226166,17.68,0.6,0.0,0.0,7.0,1.8968592631667593
319,2,train_0030,12431.398908965366,10147.74333854859,64.77433385485892,0.0,12496.173242820225,16.98,0.66,0.0,0.0,7.0,1.8968592631667593
320,2,train_0281,12653.791471354301,10681.911688174703,118.19116881747033,0.0,12771.982640171771,15.76,0.7,0.0,0.0,7.0,1.8968592631667593
321,2,train_0127,12376.922693166955,10652.493480846011,115.24934808460112,0.0,12492.172041251555,15.44,0.58,0.0,0.0,7.0,1.8968592631667593
322,2,train_0179,12378.607406199295,9845.031623452287,34.5031623452287,0.0,12413.110568544524,14.4,0.56,0.0,0.0,7.0,1.8968592631667593
323,2,train_0549,12419.731411742418,10559.218133472943,105.9218133472943,0.0,12525.653225089713,17.04,0.7,0.0,0.0,7.0,1.8968592631667593
324,2,train_0488,12619.643153716137,10231.07496849144,73.10749684914408,0.0,12692.750650565282,14.46,0.6,0.0,0.0,7.0,1.8968592631667593
325,2,train_0504,12500.4667654314,10398.650037253254,89.86500372532538,0.0,12590.331769156724,14.84,0.6,0.0,0.0,7.0,1.8968592631667593
326,2,train_0355,12292.105084828068,10326.936290058453,82.6936290058453,0.0,12374.798713833914,16.2,0.76,0.0,0.0,7.0,1.8968592631667593
327,2,train_0067,12323.60576232055,10275.991115517572,77.59911155175723,0.0,12401.204873872308,16.44,0.66,0.0,0.0,7.0,1.8968592631667593
328,2,train_0448,12415.475423817014,10311.02781590895,81.10278159089503,0.0,12496.578205407908,15.42,0.72,0.0,0.0,7.0,1.8968592631667593
329,2,train_0362,12240.556231737115,10395.039440163779,89.50394401637787,0.0,12330.060175753493,16.58,0.72,0.0,0.0,7.0,1.8968592631667593
330,2,train_0545,12284.473295893338,10325.801123263636,82.58011232636363,0.0,12367.053408219701,18.42,0.66,0.0,0.0,7.0,1.8968592631667593
331,2,train_0287,12633.026537241582,10195.992921065923,69.5992921065923,0.0,12702.625829348173,16.32,0.7,0.0,0.0,7.0,1.8968592631667593
332,2,train_0103,12248.906055051073,10012.858634040917,51.28586340409166,0.0,12300.191918455164,16.0,0.72,0.0,0.0,7.0,1.8968592631667593
333,2,train_0356,12499.784518484224,10562.862117655039,106.28621176550388,0.0,12606.070730249729,15.18,0.72,0.0,0.0,7.0,1.8968592631667593
334,2,train_0273,12700.797393687211,10506.03049065926,100.60304906592592,0.0,12801.400442753136,18.78,0.56,0.0,0.0,7.0,1.8968592631667593
335,2,train_0395,12407.629087285613,10044.769429441612,54.47694294416124,0.0,12462.106030229774,15.46,0.72,0.0,0.0,7.0,1.8968592631667593
336,2,train_0225,12701.563485551149,10330.54956546923,83.05495654692295,0.0,12784.618442098072,17.5,0.72,0.0,0.0,7.0,1.8968592631667593
337,2,train_0183,12850.30236170925,10361.980054635565,86.19800546355656,0.0,12936.500367172806,15.58,0.58,0.0,0.0,7.0,1.8968592631667593
338,2,train_0075,12539.234725886166,10666.369684615775,116.63696846157745,0.0,12655.871694347745,17.64,0.64,0.0,0.0,7.0,1.8968592631667593
339,2,train_0576,12467.792213515326,10046.401519036517,54.64015190365171,0.0,12522.432365418977,13.9,0.72,0.0,0.0,7.0,1.8968592631667593
340,2,train_0453,12608.714324020124,10131.371684505706,63.13716845057061,0.0,12671.851492470694,16.0,0.64,0.0,0.0,7.0,1.8968592631667593
341,2,train_0279,12376.185377052767,10728.657532320285,122.86575323202851,0.0,12499.051130284795,15.9,0.56,0.0,0.0,7.0,1.8968592631667593
342,2,train_0140,12274.856805746374,10154.050223565064,65.40502235650638,0.0,12340.26182810288,15.58,0.74,0.0,0.0,7.0,1.8968592631667593
343,2,train_0376,12279.383341695031,10338.9702925451,83.89702925451002,0.0,12363.280370949542,17.7,0.68,0.0,0.0,7.0,1.8968592631667593
344,2,train_0247,12419.72668937675,10684.872863103654,118.48728631036539,0.0,12538.213975687115,16.64,0.5,0.0,0.0,7.0,1.8968592631667593
345,2,train_0381,12088.9879079261,10250.844320279874,75.08443202798735,0.0,12164.072339954088,15.6,0.66,0.0,0.0,7.0,1.8968592631667593
346,2,train_0054,12460.654777961156,10442.804857823454,94.2804857823454,0.0,12554.9352637435,16.72,0.64,0.0,0.0,7.0,1.8968592631667593
347,2,train_0110,12328.323941561595,10409.727869764905,90.97278697649054,0.0,12419.296728538086,18.22,0.6,0.0,0.0,7.0,1.8968592631667593
348,2,train_0440,12562.190392291344,10986.137390913344,148.61373909133437,0.0,12710.804131382678,15.38,0.66,0.0,0.0,7.0,1.8968592631667593
349,2,train_0037,12666.096178926135,10806.156487447648,130.6156487447648,0.0,12796.711827670899,18.56,0.64,0.0,0.0,7.0,1.8968592631667593
350,2,train_0406,12610.324836114847,10088.208323215233,58.82083232152327,0.0,12669.145668436371,18.54,0.66,0.0,0.0,7.0,1.8968592631667593
351,2,train_0246,12300.717356031884,10247.469340005271,74.7469340005271,0.0,12375.46429003241,16.0,0.74,0.0,0.0,7.0,1.8968592631667593
352,2,train_0001,12273.474983541726,10456.628212477235,95.66282124772351,0.0,12369.13780478945,14.82,0.68,0.0,0.0,7.0,1.8968592631667593
353,2,train_0458,12284.849134185697,10973.261791985256,147.32617919852564,0.0,12432.175313384223,14.4,0.68,0.0,0.0,7.0,1.8968592631667593
354,2,train_0419,12611.153348015727,10277.938621574353,77.79386215743526,0.0,12688.947210173163,16.64,0.66,0.0,0.0,7.0,1.8968592631667593
355,2,train_0489,12111.422315503372,9956.216741469609,45.62167414696087,0.0,12157.043989650334,17.02,0.76,0.0,0.0,7.0,1.8968592631667593
356,2,train_0537,12354.818146837182,10036.402469700004,53.64024697000041,0.0,12408.458393807183,15.92,0.62,0.0,0.0,7.0,1.8968592631667593
357,2,train_0437,11585.465678931429,9483.714546347688,-1.6285453652311845,1.6285453652311845,11583.837133566198,16.42,0.66,0.0,0.0,7.0,1.8968592631667593
358,2,train_0504,12496.793387625992,10243.482155221584,74.34821552215836,0.0,12571.141603148151,15.1,0.56,0.0,0.0,7.0,1.8968592631667593
359,2,train_0067,12309.083637650381,10276.340822019138,77.63408220191377,0.0,12386.717719852295,17.92,0.58,0.0,0.0,7.0,1.8968592631667593
360,2,train_0551,12094.516105578903,10458.0406146694,95.80406146694004,0.0,12190.320167045844,16.1,0.74,0.0,0.0,7.0,1.8968592631667593
361,2,train_0548,12670.274293280723,10425.201680545473,92.52016805454733,0.0,12762.79446133527,16.12,0.72,0.0,0.0,7.0,1.8968592631667593
362,2,train_0416,12365.358919472546,10263.040772959073,76.30407729590733,0.0,12441.662996768453,18.94,0.62,0.0,0.0,7.0,1.8968592631667593
363,2,train_0481,12450.185777754987,10011.26394198745,51.12639419874504,0.0,12501.312171953732,15.22,0.8,0.0,0.0,7.0,1.8968592631667593
364,2,train_0444,12539.474888328119,10242.057052853022,74.20570528530224,0.0,12613.68059361342,16.88,0.64,0.0,0.0,7.0,1.8968592631667593
365,2,train_0526,12566.880143853437,10297.907804727496,79.79078047274962,0.0,12646.670924326187,18.06,0.68,0.0,0.0,7.0,1.8968592631667593
366,2,train_0533,11825.386728500442,10453.032332587367,95.3032332587367,0.0,11920.689961759179,16.76,0.9,0.0,0.0,7.0,1.8968592631667593
367,2,train_0313,12338.80868788598,10405.920733515703,90.59207335157026,0.0,12429.40076123755,15.64,0.64,0.0,0.0,7.0,1.8968592631667593
368,2,train_0489,12253.108250531,9955.163087030833,45.51630870308327,0.0,12298.624559234084,17.86,0.66,0.0,0.0,7.0,1.8968592631667593
369,2,train_0549,12485.653394664263,10529.78366928557,102.97836692855708,0.0,12588.63176159282,16.12,0.76,0.0,0.0,7.0,1.8968592631667593
370,2,train_0178,11900.16839274806,10407.442928784665,90.74429287846652,0.0,11990.912685626527,16.0,0.64,0.0,0.0,7.0,1.8968592631667593
371,2,train_0027,12709.691306127315,10857.06938817474,135.70693881747394,0.0,12845.398244944789,15.22,0.72,0.0,0.0,7.0,1.8968592631667593
372,2,train_0102,12563.71367384752,10173.648739711345,67.36487397113451,0.0,12631.078547818655,13.1,0.64,0.0,0.0,7.0,1.8968592631667593
373,2,train_0018,12641.924232705667,10374.58666354201,87.45866635420099,0.0,12729.382899059869,17.1,0.72,0.0,0.0,7.0,1.8968592631667593
374,2,train_0260,12383.075919450479,10007.856133360729,50.785613336072856,0.0,12433.861532786552,17.16,0.74,0.0,0.0,7.0,1.8968592631667593
375,2,train_0012,12548.135036953172,10670.135575914583,117.01355759145827,0.0,12665.14859454463,15.64,0.7,0.0,0.0,7.0,1.8968592631667593
376,2,train_0155,12409.77353443659,10712.612115011867,121.26121150118671,0.0,12531.034745937777,16.42,0.74,0.0,0.0,7.0,1.8968592631667593
377,2,train_0151,12511.667578823643,10538.125177049029,103.8125177049029,0.0,12615.480096528545,14.12,0.64,0.0,0.0,7.0,1.8968592631667593
378,2,train_0424,12425.46256717904,10698.62438045691,119.86243804569095,0.0,12545.325005224731,18.56,0.68,0.0,0.0,7.0,1.8968592631667593
379,2,train_0149,12524.956574426345,10410.143852596055,91.01438525960549,0.0,12615.97095968595,17.48,0.74,0.0,0.0,7.0,1.8968592631667593
380,2,train_0569,12082.705546414625,10440.29719862025,94.02971986202502,0.0,12176.73526627665,16.84,0.8,0.0,0.0,7.0,1.8968592631667593
381,2,train_0112,12551.804891989377,10314.402775174025,81.4402775174025,0.0,12633.24516950678,16.94,0.72,0.0,0.0,7.0,1.8968592631667593
382,2,train_0583,12388.420819722069,10298.778436251654,79.87784362516541,0.0,12468.298663347234,15.54,0.62,0.0,0.0,7.0,1.8968592631667593
383,2,train_0340,12506.482795803115,10462.72625030157,96.272625030157,0.0,12602.755420833271,17.12,0.66,0.0,0.0,7.0,1.8968592631667593
384,2,train_0146,12467.830444318242,10592.423664277769,109.24236642777687,0.0,12577.07281074602,15.28,0.64,0.0,0.0,7.0,1.8968592631667593
385,2,train_0023,11927.364879798202,10091.514258988513,59.15142589885127,0.0,11986.516305697054,14.86,0.7,0.0,0.0,7.0,1.8968592631667593
386,2,train_0183,12435.156008720838,10666.829386515888,116.68293865158886,0.0,12551.838947372427,15.22,0.68,0.0,0.0,7.0,1.8968592631667593
387,2,train_0354,12006.41861911898,10043.921281500829,54.39212815008287,0.0,12060.810747269063,15.92,0.74,0.0,0.0,7.0,1.8968592631667593
388,2,train_0065,12572.974335458783,10459.236249637137,95.9236249637137,0.0,12668.897960422497,14.64,0.7,0.0,0.0,7.0,1.8968592631667593
389,2,train_0099,12268.512450149177,9951.766479138769,45.17664791387688,0.0,12313.689098063054,16.98,0.72,0.0,0.0,7.0,1.8968592631667593
390,2,train_0068,12635.174647289976,10655.556760951276,115.55567609512764,0.0,12750.730323385103,14.92,0.64,0.0,0.0,7.0,1.8968592631667593
391,2,train_0406,12388.917216500571,10347.06525078075,84.706525078075,0.0,12473.623741578645,18.02,0.72,0.0,0.0,7.0,1.8968592631667593
392,2,train_0052,12644.489715877215,10741.764402491459,124.1764402491459,0.0,12768.66615612636,16.28,0.7,0.0,0.0,7.0,1.8968592631667593
393,2,train_0012,12848.077086059442,10667.558549464557,116.75585494645566,0.0,12964.832941005898,15.06,0.72,0.0,0.0,7.0,1.8968592631667593
394,2,train_0273,12807.784858600862,10347.032800750736,84.70328007507361,0.0,12892.488138675935,16.88,0.54,0.0,0.0,7.0,1.8968592631667593
395,2,train_0186,12167.876900358897,10479.695981451303,97.9695981451303,0.0,12265.846498504026,15.46,0.66,0.0,0.0,7.0,1.8968592631667593
396,2,train_0342,12603.349848919912,10335.493334060642,83.54933340606422,0.0,12686.899182325977,18.72,0.66,0.0,0.0,7.0,1.8968592631667593
397,2,train_0563,12590.839713681613,10315.136218592841,81.51362185928411,0.0,12672.353335540896,16.86,0.76,0.0,0.0,7.0,1.8968592631667593
398,2,train_0514,12146.486208872924,10394.762650399558,89.4762650399558,0.0,12235.96247391288,13.5,0.76,0.0,0.0,7.0,1.8968592631667593
399,2,train_0323,12783.286970772053,10343.808649066556,84.38086490665556,0.0,12867.667835678709,15.8,0.68,0.0,0.0,7.0,1.8968592631667593
400,2,train_0385,12793.447792266226,10567.133913069374,106.71339130693741,0.0,12900.161183573164,15.92,0.7,0.0,0.0,7.0,1.8968592631667593
401,2,train_0486,12474.12192602045,10558.333135459128,105.83331354591283,0.0,12579.955239566363,15.04,0.62,0.0,0.0,7.0,1.8968592631667593
402,2,train_0262,12935.785004294134,10117.978508924549,61.79785089245488,0.0,12997.582855186589,15.38,0.62,0.0,0.0,7.0,1.8968592631667593
403,2,train_0394,12533.770678350986,10557.821076837332,105.7821076837332,0.0,12639.55278603472,14.76,0.62,0.0,0.0,7.0,1.8968592631667593
404,2,train_0129,12873.427159395109,10619.756090053235,111.97560900532353,0.0,12985.402768400432,15.38,0.6,0.0,0.0,7.0,1.8968592631667593
405,2,train_0366,12147.343334186993,10781.500539555933,128.15005395559328,0.0,12275.493388142586,15.98,0.64,0.0,0.0,7.0,1.8968592631667593
406,2,train_0142,12724.136117221378,10575.08860037965,107.50886003796495,0.0,12831.644977259344,15.04,0.64,0.0,0.0,7.0,1.8968592631667593
407,2,train_0114,12345.395729590557,10109.206869041582,60.920686904158174,0.0,12406.316416494716,17.08,0.66,0.0,0.0,7.0,1.8968592631667593
408,2,train_0456,12322.939884305839,10338.67419243322,83.867419243322,0.0,12406.807303549162,15.52,0.78,0.0,0.0,7.0,1.8968592631667593
409,2,train_0344,12479.44783935004,10324.634260188468,82.4634260188468,0.0,12561.911265368886,14.94,0.62,0.0,0.0,7.0,1.8968592631667593
410,2,train_0226,12020.872305964427,10318.931615530386,81.8931615530386,0.0,12102.765467517465,15.2,0.78,0.0,0.0,7.0,1.8968592631667593
411,2,train_0023,12276.185541526247,9995.176299980632,49.51762999806324,0.0,12325.70317152431,15.62,0.66,0.0,0.0,7.0,1.8968592631667593
412,2,train_0142,12407.842420914854,10710.887123185286,121.08871231852864,0.0,12528.931133233384,15.68,0.62,0.0,0.0,7.0,1.8968592631667593
413,2,train_0480,12762.571948352477,10648.502966301872,114.85029663018723,0.0,12877.422244982665,16.18,0.6,0.0,0.0,7.0,1.8968592631667593
414,2,train_0280,12386.478603596304,10617.622910262393,111.7622910262393,0.0,12498.240894622544,16.24,0.7,0.0,0.0,7.0,1.8968592631667593
415,2,train_0576,12429.481783827283,10244.863233854416,74.48632338544158,0.0,12503.968107212724,14.82,0.64,0.0,0.0,7.0,1.8968592631667593
416,2,train_0540,12719.14935677312,10487.720274101113,98.77202741011133,0.0,12817.921384183232,15.62,0.7,0.0,0.0,7.0,1.8968592631667593
417,2,train_0512,12252.33379234077,10440.47631728731,94.047631728731,0.0,12346.381424069501,15.68,0.6,0.0,0.0,7.0,1.8968592631667593
418,2,train_0009,12577.128655737735,10152.570042918913,65.25700429189128,0.0,12642.385660029626,13.98,0.64,0.0,0.0,7.0,1.8968592631667593
419,2,train_0030,12345.5239099196,10349.108481763236,84.91084817632364,0.0,12430.434758095924,16.66,0.52,0.0,0.0,7.0,1.8968592631667593
420,2,train_0347,12632.277140093713,10333.642486692483,83.36424866924827,0.0,12715.64138876296,18.8,0.64,0.0,0.0,7.0,1.8968592631667593
421,2,train_0203,12863.64341993093,11087.337175925037,158.7337175925037,0.0,13022.377137523434,11.74,0.58,0.0,0.0,7.0,1.8968592631667593
422,2,train_0505,12425.220467837864,10654.751411751804,115.4751411751804,0.0,12540.695609013044,17.3,0.62,0.0,0.0,7.0,1.8968592631667593
423,2,train_0190,12883.45459094779,10735.085951824558,123.50859518245579,0.0,13006.963186130244,16.72,0.62,0.0,0.0,7.0,1.8968592631667593
424,2,train_0091,12348.983396590054,10367.243003179408,86.72430031794084,0.0,12435.707696907995,16.64,0.72,0.0,0.0,7.0,1.8968592631667593
425,2,train_0067,12156.118660970282,10177.338453926288,67.7338453926288,0.0,12223.852506362911,18.04,0.66,0.0,0.0,7.0,1.8968592631667593
426,2,train_0180,12544.64588933499,10740.698210096789,124.06982100967889,0.0,12668.71571034467,16.04,0.62,0.0,0.0,7.0,1.8968592631667593
427,2,train_0375,12365.62786953758,10363.611357230526,86.36113572305258,0.0,12451.989005260633,15.08,0.64,0.0,0.0,7.0,1.8968592631667593
428,2,train_0075,12203.579058060372,10591.939811427064,109.19398114270643,0.0,12312.773039203079,16.36,0.74,0.0,0.0,7.0,1.8968592631667593
429,2,train_0478,12445.970579275569,10522.598068086852,102.25980680868525,0.0,12548.230386084253,15.54,0.64,0.0,0.0,7.0,1.8968592631667593
430,2,train_0181,11621.7617436269,9672.772125497826,17.2772125497826,0.0,11639.038956176682,17.44,0.8,0.0,0.0,7.0,1.8968592631667593
431,2,train_0188,12625.211850644315,10194.160121980713,69.41601219807126,0.0,12694.627862842386,14.42,0.72,0.0,0.0,7.0,1.8968592631667593
432,3,train_0397,12318.77643664386,10007.74690970112,50.77469097011199,0.0,12369.551127613973,15.44,0.6,0.0,0.0,7.0,1.8968592631667593
433,3,train_0517,12654.530041483637,10536.324701697777,103.63247016977766,0.0,12758.162511653414,17.3,0.62,0.0,0.0,7.0,1.8968592631667593
434,3,train_0261,12359.010309749814,10655.956577527286,115.59565775272858,0.0,12474.605967502543,15.94,0.68,0.0,0.0,7.0,1.8968592631667593
435,3,train_0478,12759.217418702841,10284.366443141134,78.43664431411344,0.0,12837.654063016955,15.08,0.54,0.0,0.0,7.0,1.8968592631667593
436,3,train_0182,12594.003251187314,10766.654358563028,126.66543585630279,0.0,12720.668687043617,16.08,0.66,0.0,0.0,7.0,1.8968592631667593
437,3,train_0077,12181.739865954525,10160.919786398688,66.09197863986883,0.0,12247.831844594393,15.32,0.76,0.0,0.0,7.0,1.8968592631667593
438,3,train_0497,12394.765511965335,10504.155080927601,100.41550809276015,0.0,12495.181020058095,15.76,0.62,0.0,0.0,7.0,1.8968592631667593
439,3,train_0460,12487.562310796058,10387.138966688872,88.71389666888717,0.0,12576.276207464945,14.38,0.64,0.0,0.0,7.0,1.8968592631667593
440,3,train_0450,12251.17778909224,10301.000344680273,80.1000344680273,0.0,12331.277823560267,14.54,0.74,0.0,0.0,7.0,1.8968592631667593
441,3,train_0529,12650.064807898776,10247.863619230102,74.78636192301019,0.0,12724.851169821786,18.42,0.66,0.0,0.0,7.0,1.8968592631667593
442,3,train_0298,11854.674797780177,10096.606571283835,59.66065712838354,0.0,11914.33545490856,15.94,0.72,0.0,0.0,7.0,1.8968592631667593
443,3,train_0118,12313.64746032177,10542.06604278879,104.20660427887907,0.0,12417.85406460065,13.2,0.58,0.0,0.0,7.0,1.8968592631667593
444,3,train_0351,12869.640399447177,10595.472205302292,109.54722053022925,0.0,12979.187619977405,14.84,0.58,0.0,0.0,7.0,1.8968592631667593
445,3,train_0344,12594.07566186681,10412.63346106456,91.26334610645608,0.0,12685.339007973265,15.72,0.62,0.0,0.0,7.0,1.8968592631667593
446,3,train_0231,12372.052288013852,10536.74255914614,103.67425591461398,0.0,12475.726543928466,15.0,0.68,0.0,0.0,7.0,1.8968592631667593
447,3,train_0383,12279.890488491077,10379.356090214733,87.93560902147328,0.0,12367.82609751255,16.64,0.56,0.0,0.0,7.0,1.8968592631667593
448,3,train_0157,12461.43352509787,10283.112416898497,78.31124168984971,0.0,12539.744766787719,16.18,0.62,0.0,0.0,7.0,1.8968592631667593
449,3,train_0365,12655.310755842027,10821.803133820129,132.1803133820129,0.0,12787.49106922404,14.52,0.66,0.0,0.0,7.0,1.8968592631667593
450,3,train_0476,12205.405211819198,10434.432483255518,93.44324832555176,0.0,12298.848460144749,18.92,0.68,0.0,0.0,7.0,1.8968592631667593
451,3,train_0057,12037.826517798945,10339.535966375268,83.9535966375268,0.0,12121.780114436471,14.14,0.68,0.0,0.0,7.0,1.8968592631667593
452,3,train_0272,12630.871749883852,10405.948424380675,90.59484243806747,0.0,12721.46659232192,14.14,0.52,0.0,0.0,7.0,1.8968592631667593
453,3,train_0396,12455.279945407488,10309.917762549874,80.99177625498743,0.0,12536.271721662475,14.02,0.72,0.0,0.0,7.0,1.8968592631667593
454,3,train_0030,12189.90589966044,10606.74625687474,110.67462568747396,0.0,12300.580525347914,15.9,0.6,0.0,0.0,7.0,1.8968592631667593
455,3,train_0379,13120.40224725493,10895.61421009098,139.561421009098,0.0,13259.963668264027,15.38,0.74,0.0,0.0,7.0,1.8968592631667593
456,3,train_0547,12481.109857879546,10874.419846413874,137.44198464138736,0.0,12618.551842520934,16.52,0.66,0.0,0.0,7.0,1.8968592631667593
457,3,train_0494,12045.062718829253,10499.836431846,99.98364318460008,0.0,12145.046362013853,16.12,0.68,0.0,0.0,7.0,1.8968592631667593
458,3,train_0411,12891.340940738894,10627.191281669591,112.71912816695914,0.0,13004.060068905852,17.22,0.62,0.0,0.0,7.0,1.8968592631667593
459,3,train_0482,11969.93768254709,10216.69648069063,71.66964806906309,0.0,12041.607330616152,14.6,0.68,0.0,0.0,7.0,1.8968592631667593
460,3,train_0217,12255.825867312262,10598.077305443448,109.80773054434485,0.0,12365.633597856606,17.62,0.74,0.0,0.0,7.0,1.8968592631667593
461,3,train_0196,12156.860827055129,10416.775349270925,91.67753492709254,0.0,12248.53836198222,16.64,0.62,0.0,0.0,7.0,1.8968592631667593
462,3,train_0050,12339.467902202721,10216.148263419722,71.61482634197219,0.0,12411.082728544694,15.96,0.64,0.0,0.0,7.0,1.8968592631667593
463,3,train_0433,12296.614756397315,10038.747304136497,53.87473041364974,0.0,12350.489486810966,15.26,0.68,0.0,0.0,7.0,1.8968592631667593
464,3,train_0188,12271.385866743862,10707.54925237415,120.75492523741505,0.0,12392.140791981277,15.6,0.54,0.0,0.0,7.0,1.8968592631667593
465,3,train_0520,12096.698583759373,9928.573725738226,42.857372573822616,0.0,12139.555956333195,16.24,0.7,0.0,0.0,7.0,1.8968592631667593
466,3,train_0279,12426.629179352272,10231.120811368826,73.11208113688262,0.0,12499.741260489154,17.76,0.56,0.0,0.0,7.0,1.8968592631667593
467,3,train_0535,12195.652328551023,10354.26145908292,85.42614590829199,0.0,12281.078474459315,15.62,0.66,0.0,0.0,7.0,1.8968592631667593
468,3,train_0082,12531.016446393616,10482.7217271335,98.27217271334995,0.0,12629.288619106967,16.6,0.64,0.0,0.0,7.0,1.8968592631667593
469,3,train_0096,12595.21181444225,10381.731753528291,88.1731753528291,0.0,12683.384989795079,16.9,0.8,0.0,0.0,7.0,1.8968592631667593
470,3,train_0208,12506.585788543623,10185.41253277906,68.54125327790608,0.0,12575.12704182153,14.54,0.72,0.0,0.0,7.0,1.8968592631667593
471,3,train_0016,12210.549829581762,10443.833684633915,94.38336846339153,0.0,12304.933198045153,17.94,0.68,0.0,0.0,7.0,1.8968592631667593
472,3,train_0295,12232.713690339813,10612.67861964067,111.26786196406702,0.0,12343.98155230388,15.66,0.68,0.0,0.0,7.0,1.8968592631667593
473,3,train_0390,12768.790955560467,10359.485757122893,85.94857571228931,0.0,12854.739531272757,16.8,0.76,0.0,0.0,7.0,1.8968592631667593
474,3,train_0396,12708.06827187731,10234.522825022304,73.45228250223045,0.0,12781.52055437954,14.18,0.64,0.0,0.0,7.0,1.8968592631667593
475,3,train_0128,12104.305635041695,10139.24456486608,63.924456486607966,0.0,12168.230091528303,15.52,0.66,0.0,0.0,7.0,1.8968592631667593
476,3,train_0098,12262.467484505854,10017.856946201679,51.78569462016785,0.0,12314.253179126023,14.16,0.74,0.0,0.0,7.0,1.8968592631667593
477,3,train_0338,12343.30067332612,10734.198348904272,123.41983489042724,0.0,12466.720508216547,16.48,0.52,0.0,0.0,7.0,1.8968592631667593
478,3,train_0379,13117.790535620916,11086.482774348748,158.64827743487479,0.0,13276.43881305579,13.76,0.78,0.0,0.0,7.0,1.8968592631667593
479,3,train_0566,11999.030050976113,10013.41959761227,51.34195976122701,0.0,12050.37201073734,15.26,0.68,0.0,0.0,7.0,1.8968592631667593
480,3,train_0537,12203.440164755057,10259.354548967287,75.9354548967287,0.0,12279.375619651786,15.8,0.66,0.0,0.0,7.0,1.8968592631667593
481,3,train_0227,12844.22274867159,10548.38150990197,104.83815099019704,0.0,12949.060899661787,17.42,0.74,0.0,0.0,7.0,1.8968592631667593
482,3,train_0097,12400.457833439847,10184.52421622852,68.45242162285194,0.0,12468.9102550627,17.18,0.6,0.0,0.0,7.0,1.8968592631667593
483,3,train_0151,12526.127565906054,10369.956316942213,86.99563169422127,0.0,12613.123197600275,16.26,0.84,0.0,0.0,7.0,1.8968592631667593
484,3,train_0528,12676.235535315707,10418.969267280352,91.89692672803523,0.0,12768.132462043743,15.6,0.68,0.0,0.0,7.0,1.8968592631667593
485,3,train_0273,12530.487033972378,10676.446265900144,117.64462659001438,0.0,12648.131660562392,18.1,0.62,0.0,0.0,7.0,1.8968592631667593
486,3,train_0595,12142.161811162507,10044.22563568519,54.42256356851904,0.0,12196.584374731026,17.06,0.8,0.0,0.0,7.0,1.8968592631667593
487,3,train_0394,12492.453223833974,10538.428355270607,103.84283552706074,0.0,12596.296059361035,15.0,0.72,0.0,0.0,7.0,1.8968592631667593
488,3,train_0357,12273.510129985425,10119.491066257395,61.94910662573948,0.0,12335.459236611165,15.82,0.74,0.0,0.0,7.0,1.8968592631667593
489,3,train_0060,12764.690697488639,10214.008377623633,71.40083776236334,0.0,12836.091535251002,16.4,0.72,0.0,0.0,7.0,1.8968592631667593
490,3,train_0354,12213.315245505786,9865.554725850456,36.55547258504557,0.0,12249.870718090831,15.96,0.58,0.0,0.0,7.0,1.8968592631667593
491,3,train_0228,12206.023309449456,10384.064137097534,88.40641370975337,0.0,12294.42972315921,13.8,0.6,0.0,0.0,7.0,1.8968592631667593
492,3,train_0506,12230.99443005116,10189.808700029997,68.98087000299965,0.0,12299.975300054159,16.04,0.68,0.0,0.0,7.0,1.8968592631667593
493,3,train_0080,12546.823987336837,10654.90788303708,115.490788303708,0.0,12662.314775640545,15.56,0.62,0.0,0.0,7.0,1.8968592631667593
494,3,train_0115,12607.010761358237,10355.350671298867,85.53506712988674,0.0,12692.545828488124,14.66,0.68,0.0,0.0,7.0,1.8968592631667593
495,3,train_0397,12229.385581676772,10219.836639178131,71.9836639178131,0.0,12301.369245594586,15.72,0.62,0.0,0.0,7.0,1.8968592631667593
496,3,train_0408,11935.952411469923,10147.46024509421,64.74602450942093,0.0,12000.698435979344,14.26,0.66,0.0,0.0,7.0,1.8968592631667593
497,3,train_0498,12546.986475529913,10771.223955254944,127.12239552549437,0.0,12674.108871055407,16.72,0.68,0.0,0.0,7.0,1.8968592631667593
498,3,train_0314,12231.20389089991,10443.833404809277,94.38334048092766,0.0,12325.587231380838,15.18,0.58,0.0,0.0,7.0,1.8968592631667593
499,3,train_0226,11825.43188179079,10217.665216127296,71.76652161272959,0.0,11897.19840340352,15.7,0.8,0.0,0.0,7.0,1.8968592631667593
500,3,train_0183,12483.408752404433,10546.42784101296,104.64278410129592,0.0,12588.051536505729,14.48,0.64,0.0,0.0,7.0,1.8968592631667593
501,3,train_0223,12536.547761929476,10177.488073071752,67.74880730717523,0.0,12604.29656923665,15.4,0.68,0.0,0.0,7.0,1.8968592631667593
502,3,train_0397,12225.723231283653,10524.224383962915,102.42243839629155,0.0,12328.145669679945,15.74,0.78,0.0,0.0,7.0,1.8968592631667593
503,3,train_0323,12738.612513803022,10507.19295721563,100.71929572156296,0.0,12839.331809524585,17.44,0.74,0.0,0.0,7.0,1.8968592631667593
504,3,train_0177,12315.345666771878,10557.52673515552,105.75267351555195,0.0,12421.09834028743,14.46,0.54,0.0,0.0,7.0,1.8968592631667593
505,3,train_0129,12826.954032491265,10808.262065292038,130.82620652920377,0.0,12957.780239020469,15.4,0.64,0.0,0.0,7.0,1.8968592631667593
506,3,train_0426,12669.937232237146,9935.23514925049,43.52351492504895,0.0,12713.460747162195,17.74,0.72,0.0,0.0,7.0,1.8968592631667593
507,3,train_0148,12485.890902185347,10395.421369859007,89.54213698590065,0.0,12575.433039171248,17.72,0.64,0.0,0.0,7.0,1.8968592631667593
508,3,train_0125,12143.459169045187,10324.296947770072,82.42969477700717,0.0,12225.888863822194,16.74,0.68,0.0,0.0,7.0,1.8968592631667593
509,3,train_0197,12800.633948339993,10617.114418772606,111.7114418772606,0.0,12912.345390217253,14.98,0.64,0.0,0.0,7.0,1.8968592631667593
510,3,train_0512,12399.237620932356,10342.70997369861,84.27099736986094,0.0,12483.508618302216,15.94,0.62,0.0,0.0,7.0,1.8968592631667593
511,3,train_0274,12575.51508775571,10419.445328341071,91.94453283410712,0.0,12667.459620589816,15.66,0.6,0.0,0.0,7.0,1.8968592631667593
512,3,train_0356,12708.618753904968,10638.862866112318,113.88628661123185,0.0,12822.5050405162,16.34,0.64,0.0,0.0,7.0,1.8968592631667593
513,3,train_0048,12788.297678770254,10273.131278818055,77.31312788180549,0.0,12865.61080665206,16.06,0.68,0.0,0.0,7.0,1.8968592631667593
514,3,train_0206,12628.0428700112,10719.206652697352,121.92066526973522,0.0,12749.963535280936,12.62,0.6,0.0,0.0,7.0,1.8968592631667593
515,3,train_0451,12474.473791241315,10675.493651670522,117.5493651670522,0.0,12592.023156408366,15.66,0.7,0.0,0.0,7.0,1.8968592631667593
516,3,train_0463,11998.374492483388,10237.798659107792,73.77986591077915,0.0,12072.154358394168,16.64,0.64,0.0,0.0,7.0,1.8968592631667593
517,3,train_0347,12502.361391776105,10413.336554487443,91.33365544874432,0.0,12593.69504722485,16.78,0.58,0.0,0.0,7.0,1.8968592631667593
518,3,train_0525,12156.980012424114,10392.582600557853,89.25826005578529,0.0,12246.238272479899,14.34,0.66,0.0,0.0,7.0,1.8968592631667593
519,3,train_0179,12164.968979137,10529.12166965063,102.91216696506308,0.0,12267.881146102063,15.1,0.58,0.0,0.0,7.0,1.8968592631667593
520,3,train_0098,12321.074408671688,10147.191565926894,64.71915659268943,0.0,12385.793565264377,14.58,0.58,0.0,0.0,7.0,1.8968592631667593
521,3,train_0046,12004.063035507768,10232.031577489855,73.20315774898555,0.0,12077.266193256753,17.3,0.64,0.0,0.0,7.0,1.8968592631667593
522,3,train_0119,12280.15974930095,10317.770732832338,81.77707328323378,0.0,12361.936822584184,16.46,0.6,0.0,0.0,7.0,1.8968592631667593
523,3,train_0457,12428.28418980036,10593.206171016409,109.32061710164089,0.0,12537.604806902002,16.58,0.56,0.0,0.0,7.0,1.8968592631667593
524,3,train_0542,12422.165273769544,10040.605345733853,54.060534573385304,0.0,12476.22580834293,15.56,0.58,0.0,0.0,7.0,1.8968592631667593
525,3,train_0078,12425.603578404576,10408.815753120314,90.88157531203143,0.0,12516.485153716607,15.02,0.62,0.0,0.0,7.0,1.8968592631667593
526,3,train_0301,12689.47752950693,10655.085483668294,115.50854836682939,0.0,12804.98607787376,15.26,0.52,0.0,0.0,7.0,1.8968592631667593
527,3,train_0079,12529.26379517018,10394.990493912239,89.49904939122389,0.0,12618.762844561405,17.12,0.66,0.0,0.0,7.0,1.8968592631667593
528,3,train_0506,12166.814926205165,10365.511409126038,86.55114091260384,0.0,12253.366067117768,14.92,0.72,0.0,0.0,7.0,1.8968592631667593
529,3,train_0078,12199.539970024709,10450.010842264386,95.00108422643862,0.0,12294.541054251147,13.7,0.7,0.0,0.0,7.0,1.8968592631667593
530,3,train_0384,11859.368860704266,10384.911496436001,88.49114964360015,0.0,11947.860010347866,16.02,0.7,0.0,0.0,7.0,1.8968592631667593
531,3,train_0048,12459.81822728313,10066.447871884702,56.64478718847022,0.0,12516.463014471601,15.66,0.7,0.0,0.0,7.0,1.8968592631667593
532,3,train_0442,12236.192969135143,10592.40121480067,109.24012148006696,0.0,12345.43309061521,14.32,0.6,0.0,0.0,7.0,1.8968592631667593
533,3,train_0543,12662.30390985384,10412.1231766304,91.2123176630401,0.0,12753.516227516879,15.02,0.58,0.0,0.0,7.0,1.8968592631667593
534,3,train_0438,12054.64753602451,10692.707807672072,119.27078076720719,0.0,12173.918316791716,17.84,0.66,0.0,0.0,7.0,1.8968592631667593
535,3,train_0161,12510.962932737646,10435.959233041202,93.59592330412016,0.0,12604.558856041765,14.5,0.64,0.0,0.0,7.0,1.8968592631667593
536,3,train_0505,12477.007284922951,10489.11474915072,98.911474915072,0.0,12575.918759838023,16.2,0.74,0.0,0.0,7.0,1.8968592631667593
537,3,train_0183,12449.451641607551,10641.91221359256,114.19122135925609,0.0,12563.642862966808,14.42,0.74,0.0,0.0,7.0,1.8968592631667593
538,3,train_0452,12243.161402244667,10287.315105027023,78.73151050270226,0.0,12321.89291274737,14.84,0.64,0.0,0.0,7.0,1.8968592631667593
539,3,train_0499,12219.944929949987,10151.083800243416,65.10838002434157,0.0,12285.053309974328,16.3,0.7,0.0,0.0,7.0,1.8968592631667593
540,3,train_0291,12683.655009705519,10190.146261638212,69.01462616382123,0.0,12752.66963586934,15.28,0.6,0.0,0.0,7.0,1.8968592631667593
541,3,train_0371,12200.207985602698,10556.116399136674,105.61163991366739,0.0,12305.819625516366,14.54,0.66,0.0,0.0,7.0,1.8968592631667593
542,3,train_0513,12324.37872463806,10289.8776643046,78.98776643046004,0.0,12403.36649106852,16.4,0.7,0.0,0.0,7.0,1.8968592631667593
543,3,train_0112,12511.95321581484,10438.472403000018,93.8472403000018,0.0,12605.800456114841,17.0,0.66,0.0,0.0,7.0,1.8968592631667593
544,3,train_0011,11995.885871146362,10106.000816271537,60.60008162715367,0.0,12056.485952773515,15.96,0.7,0.0,0.0,7.0,1.8968592631667593
545,3,train_0260,12470.035501098751,9866.063797856905,36.60637978569048,0.0,12506.641880884443,15.68,0.62,0.0,0.0,7.0,1.8968592631667593
546,3,train_0108,12542.487813175605,10335.773236083838,83.57732360838382,0.0,12626.06513678399,17.7,0.64,0.0,0.0,7.0,1.8968592631667593
547,3,train_0530,12619.062453701914,10617.86227311446,111.78622731144605,0.0,12730.84868101336,15.84,0.66,0.0,0.0,7.0,1.8968592631667593
548,3,train_0520,12078.287190515111,10046.20157771275,54.62015777127508,0.0,12132.907348286386,15.78,0.6,0.0,0.0,7.0,1.8968592631667593
549,3,train_0225,12217.97760030886,10506.556765859765,100.65567658597648,0.0,12318.633276894836,16.66,0.62,0.0,0.0,7.0,1.8968592631667593
550,3,train_0185,12255.573708919695,10484.443632823994,98.44436328239937,0.0,12354.018072202094,16.4,0.74,0.0,0.0,7.0,1.8968592631667593
551,3,train_0426,12195.54512800934,10261.702827004165,76.17028270041646,0.0,12271.715410709756,17.12,0.62,0.0,0.0,7.0,1.8968592631667593
552,3,train_0271,12221.814477577762,10138.200431192481,63.82004311924811,0.0,12285.63452069701,16.12,0.58,0.0,0.0,7.0,1.8968592631667593
553,3,train_0058,11851.609786463894,10107.423149814425,60.74231498144255,0.0,11912.352101445336,14.68,0.7,0.0,0.0,7.0,1.8968592631667593
554,3,train_0397,12324.798022777322,10297.028421353903,79.70284213539036,0.0,12404.500864912712,16.08,0.7,0.0,0.0,7.0,1.8968592631667593
555,3,train_0436,12709.374560528857,10249.87276264347,74.98727626434702,0.0,12784.361836793203,17.3,0.68,0.0,0.0,7.0,1.8968592631667593
556,3,train_0042,12261.526449944591,10624.536829142397,112.45368291423966,0.0,12373.980132858831,16.14,0.72,0.0,0.0,7.0,1.8968592631667593
557,3,train_0465,12511.251247413387,10931.709399946369,143.17093999463688,0.0,12654.422187408025,17.4,0.64,0.0,0.0,7.0,1.8968592631667593
558,3,train_0320,12530.105973772192,10179.530134034594,67.95301340345941,0.0,12598.058987175651,15.9,0.62,0.0,0.0,7.0,1.8968592631667593
559,3,train_0495,12450.618220868999,10604.562096182963,110.45620961829627,0.0,12561.074430487295,18.4,0.6,0.0,0.0,7.0,1.8968592631667593
560,3,train_0510,12931.608387084576,10626.36403082599,112.63640308259892,0.0,13044.244790167175,15.56,0.68,0.0,0.0,7.0,1.8968592631667593
561,3,train_0404,13027.313059733402,10877.347122999177,137.73471229991773,0.0,13165.04777203332,15.56,0.68,0.0,0.0,7.0,1.8968592631667593
562,3,train_0200,12170.07717335101,10403.52768691552,90.35276869155206,0.0,12260.429942042561,17.12,0.72,0.0,0.0,7.0,1.8968592631667593
563,3,train_0222,12504.666238345322,10344.437141350598,84.44371413505979,0.0,12589.109952480381,17.94,0.72,0.0,0.0,7.0,1.8968592631667593
564,3,train_0434,12900.812626630459,10534.28931909361,103.42893190936103,0.0,13004.24155853982,16.72,0.64,0.0,0.0,7.0,1.8968592631667593
565,3,train_0038,12619.549305273744,10457.444819695967,95.74448196959675,0.0,12715.293787243341,17.46,0.56,0.0,0.0,7.0,1.8968592631667593
566,3,train_0138,12245.387613438983,10561.32854546667,106.13285454666693,0.0,12351.52046798565,17.14,0.7,0.0,0.0,7.0,1.8968592631667593
567,3,train_0311,12469.77862595131,10680.35552267269,118.03555226726894,0.0,12587.81417821858,16.38,0.56,0.0,0.0,7.0,1.8968592631667593
568,3,train_0565,12751.488551268567,10846.362383964104,134.63623839641042,0.0,12886.124789664977,15.34,0.76,0.0,0.0,7.0,1.8968592631667593
569,3,train_0454,12649.89877193619,10971.755731230136,147.1755731230136,0.0,12797.074345059204,16.04,0.6,0.0,0.0,7.0,1.8968592631667593
570,3,train_0489,12460.87611308873,9879.000970959325,37.90009709593251,0.0,12498.776210184664,17.28,0.66,0.0,0.0,7.0,1.8968592631667593
571,3,train_0114,12429.799988693007,10177.60968346093,67.76096834609307,0.0,12497.560957039099,17.04,0.62,0.0,0.0,7.0,1.8968592631667593
572,3,train_0168,12778.103100088118,10467.935699903048,96.79356999030479,0.0,12874.896670078422,15.74,0.74,0.0,0.0,7.0,1.8968592631667593
573,3,train_0159,11918.653726533106,10057.2057436339,55.72057436339001,0.0,11974.374300896496,16.78,0.68,0.0,0.0,7.0,1.8968592631667593
574,3,train_0449,12559.617336446132,10453.74401518544,95.37440151854408,0.0,12654.991737964676,16.42,0.7,0.0,0.0,7.0,1.8968592631667593
575,3,train_0321,12215.920436223456,10574.815397457289,107.48153974572888,0.0,12323.401975969186,17.96,0.68,0.0,0.0,7.0,1.8968592631667593
576,4,train_0126,12686.881061407188,10157.432645257115,65.7432645257115,0.0,12752.6243259329,17.08,0.56,0.0,0.0,7.0,1.8968592631667593
577,4,train_0448,12159.102690124155,10473.703978652738,97.37039786527384,0.0,12256.473087989429,15.82,0.68,0.0,0.0,7.0,1.8968592631667593
578,4,train_0382,12533.681861143888,10602.19181591863,110.21918159186299,0.0,12643.901042735752,14.64,0.6,0.0,0.0,7.0,1.8968592631667593
579,4,train_0537,12467.943008738253,10004.921905212625,50.49219052126246,0.0,12518.435199259517,16.62,0.74,0.0,0.0,7.0,1.8968592631667593
580,4,train_0335,12823.801929159754,10732.402187421547,123.2402187421547,0.0,12947.042147901908,16.96,0.82,0.0,0.0,7.0,1.8968592631667593
581,4,train_0075,12579.79038454402,10612.672877936215,111.26728779362148,0.0,12691.057672337642,16.8,0.62,0.0,0.0,7.0,1.8968592631667593
582,4,train_0533,12030.917437677319,10106.776802343844,60.67768023438439,0.0,12091.595117911704,17.56,0.74,0.0,0.0,7.0,1.8968592631667593
583,4,train_0110,12442.93225349257,10639.143505537037,113.91435055370367,0.0,12556.846604046274,18.88,0.7,0.0,0.0,7.0,1.8968592631667593
584,4,train_0032,12686.635932158051,10650.563667006973,115.05636670069725,0.0,12801.692298858748,17.34,0.8,0.0,0.0,7.0,1.8968592631667593
585,4,train_0479,12858.065771333793,10592.676138927152,109.26761389271525,0.0,12967.333385226508,16.42,0.64,0.0,0.0,7.0,1.8968592631667593
586,4,train_0270,12214.358042046195,10681.898030022909,118.18980300229087,0.0,12332.547845048486,15.48,0.6,0.0,0.0,7.0,1.8968592631667593
587,4,train_0386,12838.488397514544,10407.194611389332,90.71946113893318,0.0,12929.207858653477,14.22,0.76,0.0,0.0,7.0,1.8968592631667593
588,4,train_0077,12075.996526719959,10295.923550351612,79.5923550351612,0.0,12155.58888175512,16.2,0.66,0.0,0.0,7.0,1.8968592631667593
589,4,train_0432,12573.117212129147,10374.80076634133,87.48007663413301,0.0,12660.59728876328,15.26,0.7,0.0,0.0,7.0,1.8968592631667593
590,4,train_0243,12745.730260021552,10564.128194882182,106.41281948821816,0.0,12852.14307950977,17.0,0.66,0.0,0.0,7.0,1.8968592631667593
591,4,train_0598,12448.316316415192,10131.834314549902,63.183431454990206,0.0,12511.499747870183,15.76,0.72,0.0,0.0,7.0,1.8968592631667593
592,4,train_0381,12132.242142754241,10229.199980789886,72.91999807898866,0.0,12205.16214083323,14.24,0.76,0.0,0.0,7.0,1.8968592631667593
593,4,train_0563,12532.618840374314,10367.806755129566,86.78067551295663,0.0,12619.399515887271,16.06,0.64,0.0,0.0,7.0,1.8968592631667593
594,4,train_0475,12370.741453602728,10178.7240983917,67.87240983917,0.0,12438.613863441899,14.3,0.68,0.0,0.0,7.0,1.8968592631667593
595,4,train_0505,12635.841322510401,10451.619002786889,95.16190027868889,0.0,12731.00322278909,17.16,0.72,0.0,0.0,7.0,1.8968592631667593
596,4,train_0052,12733.897927438466,10534.297496936077,103.42974969360768,0.0,12837.327677132072,15.84,0.72,0.0,0.0,7.0,1.8968592631667593
597,4,train_0466,12741.18520325821,10477.514300332896,97.75143003328958,0.0,12838.9366332915,17.68,0.62,0.0,0.0,7.0,1.8968592631667593
598,4,train_0361,12640.68430962779,10572.743036308042,107.27430363080421,0.0,12747.958613258594,16.38,0.72,0.0,0.0,7.0,1.8968592631667593
599,4,train_0237,12085.784497453129,10360.862095272869,86.08620952728688,0.0,12171.870706980415,15.46,0.68,0.0,0.0,7.0,1.8968592631667593
600,4,train_0187,12440.581967889266,10113.865038886923,61.38650388869228,0.0,12501.968471777958,13.84,0.56,0.0,0.0,7.0,1.8968592631667593
601,4,train_0384,11866.694174540666,10574.773193732522,107.47731937325226,0.0,11974.171493913918,16.34,0.68,0.0,0.0,7.0,1.8968592631667593
602,4,train_0118,12424.655431640145,10603.571788756628,110.3571788756628,0.0,12535.012610515809,13.68,0.62,0.0,0.0,7.0,1.8968592631667593
603,4,train_0110,12342.800875926689,10560.003491315085,106.00034913150849,0.0,12448.801225058198,17.5,0.6,0.0,0.0,7.0,1.8968592631667593
604,4,train_0524,12003.664733340654,10130.926634017032,63.09266340170325,0.0,12066.757396742358,15.78,0.72,0.0,0.0,7.0,1.8968592631667593
605,4,train_0455,12706.819475382574,10736.523904562822,123.65239045628223,0.0,12830.471865838856,16.5,0.58,0.0,0.0,7.0,1.8968592631667593
606,4,train_0354,11986.134134927,10102.290252628063,60.22902526280632,0.0,12046.363160189807,14.8,0.68,0.0,0.0,7.0,1.8968592631667593
607,4,train_0454,12747.23253281039,10523.198807573177,102.3198807573177,0.0,12849.552413567708,17.3,0.7,0.0,0.0,7.0,1.8968592631667593
608,4,train_0193,12468.836199522219,10566.183157228488,106.61831572284882,0.0,12575.454515245066,14.42,0.62,0.0,0.0,7.0,1.8968592631667593
609,4,train_0432,12236.762661918903,10322.325034227024,82.2325034227024,0.0,12318.995165341606,14.68,0.62,0.0,0.0,7.0,1.8968592631667593
610,4,train_0123,12623.684690943897,10248.89137153995,74.88913715399504,0.0,12698.573828097893,13.86,0.68,0.0,0.0,7.0,1.8968592631667593
611,4,train_0266,12355.560020437095,10728.855740831954,122.8855740831954,0.0,12478.44559452029,15.78,0.6,0.0,0.0,7.0,1.8968592631667593
612,4,train_0088,12491.93609234971,10528.186388574024,102.8186388574024,0.0,12594.754731207113,17.16,0.62,0.0,0.0,7.0,1.8968592631667593
613,4,train_0226,12128.912035221121,10498.140716166632,99.81407161666321,0.0,12228.726106837785,15.28,0.76,0.0,0.0,7.0,1.8968592631667593
614,4,train_0204,12778.512273267199,10428.27173592833,92.82717359283306,0.0,12871.339446860033,17.2,0.68,0.0,0.0,7.0,1.8968592631667593
615,4,train_0251,12329.766036591156,10568.3842198698,106.83842198698004,0.0,12436.604458578136,15.82,0.58,0.0,0.0,7.0,1.8968592631667593
616,4,train_0285,12467.746133306926,10234.63094588269,73.46309458826909,0.0,12541.209227895195,15.0,0.66,0.0,0.0,7.0,1.8968592631667593
617,4,train_0020,12589.89425995288,10626.801835811546,112.68018358115461,0.0,12702.574443534035,14.84,0.72,0.0,0.0,7.0,1.8968592631667593
618,4,train_0205,12704.331949467185,10160.82879821397,66.082879821397,0.0,12770.414829288582,15.76,0.76,0.0,0.0,7.0,1.8968592631667593
619,4,train_0506,12286.589609225983,10129.9365986964,62.993659869640034,0.0,12349.583269095623,16.04,0.62,0.0,0.0,7.0,1.8968592631667593
620,4,train_0259,12792.399562626848,10487.442921872105,98.74429218721053,0.0,12891.143854814058,14.02,0.62,0.0,0.0,7.0,1.8968592631667593
621,4,train_0325,12349.303375107847,10344.821343776022,84.48213437760224,0.0,12433.78550948545,15.14,0.7,0.0,0.0,7.0,1.8968592631667593
622,4,train_0061,12474.504157998272,10138.80643819637,63.880643819637044,0.0,12538.384801817909,15.4,0.7,0.0,0.0,7.0,1.8968592631667593
623,4,train_0232,12633.948055188726,10115.58539081047,61.558539081046916,0.0,12695.506594269773,16.24,0.64,0.0,0.0,7.0,1.8968592631667593
624,4,train_0581,12350.775665367346,10385.629669803053,88.56296698030529,0.0,12439.338632347652,16.96,0.66,0.0,0.0,7.0,1.8968592631667593
625,4,train_0328,12257.153223597192,10675.055040284351,117.5055040284351,0.0,12374.658727625627,16.02,0.68,0.0,0.0,7.0,1.8968592631667593
626,4,train_0012,12770.67245531129,10890.935367228745,139.09353672287452,0.0,12909.765992034165,16.8,0.64,0.0,0.0,7.0,1.8968592631667593
627,4,train_0432,12337.412440533302,9996.16769789972,49.616769789972025,0.0,12387.029210323275,14.08,0.76,0.0,0.0,7.0,1.8968592631667593
628,4,train_0461,12375.10671212217,10764.005391528652,126.40053915286518,0.0,12501.507251275034,14.06,0.6,0.0,0.0,7.0,1.8968592631667593
629,4,train_0228,12401.626335528073,10414.630323251906,91.46303232519058,0.0,12493.089367853265,15.1,0.74,0.0,0.0,7.0,1.8968592631667593
630,4,train_0019,12569.196687707761,10388.79943977262,88.87994397726197,0.0,12658.076631685024,16.42,0.6,0.0,0.0,7.0,1.8968592631667593
631,4,train_0498,12574.373224519819,10360.655873078482,86.06558730784819,0.0,12660.438811827667,15.82,0.7,0.0,0.0,7.0,1.8968592631667593
632,4,train_0151,12705.762746326702,10497.282963613572,99.72829636135721,0.0,12805.49104268806,14.58,0.72,0.0,0.0,7.0,1.8968592631667593
633,4,train_0551,12015.473198662115,10042.900146499542,54.29001464995417,0.0,12069.76321331207,16.46,0.54,0.0,0.0,7.0,1.8968592631667593
634,4,train_0218,12579.515590748546,10674.595786628943,117.45957866289427,0.0,12696.97516941144,16.18,0.8,0.0,0.0,7.0,1.8968592631667593
635,4,train_0232,12434.977372197933,10510.130191786044,101.01301917860438,0.0,12535.990391376537,15.84,0.7,0.0,0.0,7.0,1.8968592631667593
636,4,train_0476,12467.087449230527,10123.037581717661,62.3037581717661,0.0,12529.391207402292,19.1,0.7,0.0,0.0,7.0,1.8968592631667593
637,4,train_0082,13054.27661368176,10075.793339523998,57.57933395239979,0.0,13111.855947634162,16.5,0.68,0.0,0.0,7.0,1.8968592631667593
638,4,train_0017,12272.013070077306,10540.036861802088,104.00368618020876,0.0,12376.016756257515,14.46,0.58,0.0,0.0,7.0,1.8968592631667593
639,4,train_0456,12362.218535233942,10372.445021159572,87.24450211595723,0.0,12449.463037349899,16.3,0.7,0.0,0.0,7.0,1.8968592631667593
640,4,train_0555,12131.32863197432,10252.849149004145,75.28491490041452,0.0,12206.613546874734,17.8,0.5,0.0,0.0,7.0,1.8968592631667593
641,4,train_0595,12180.681761387224,10087.533490520998,58.75334905209984,0.0,12239.435110439324,16.24,0.76,0.0,0.0,7.0,1.8968592631667593
642,4,train_0077,12291.422817541523,10330.82963726818,83.08296372681798,0.0,12374.50578126834,15.66,0.6,0.0,0.0,7.0,1.8968592631667593
643,4,train_0088,12685.055809235644,10082.218108356377,58.22181083563774,0.0,12743.277620071281,16.36,0.72,0.0,0.0,7.0,1.8968592631667593
644,4,train_0203,12583.730669528171,10595.436061207649,109.54360612076489,0.0,12693.274275648937,13.24,0.6,0.0,0.0,7.0,1.8968592631667593
645,4,train_0427,12550.143533290964,10201.196143751307,70.11961437513074,0.0,12620.263147666095,16.26,0.78,0.0,0.0,7.0,1.8968592631667593
646,4,train_0547,12956.306149135693,10581.144417846592,108.11444178465918,0.0,13064.420590920352,16.92,0.54,0.0,0.0,7.0,1.8968592631667593
647,4,train_0495,12525.998885020334,10354.247878164058,85.42478781640585,0.0,12611.42367283674,18.44,0.68,0.0,0.0,7.0,1.8968592631667593
648,4,train_0224,12499.411929551554,10565.18065821147,106.51806582114696,0.0,12605.9299953727,14.26,0.74,0.0,0.0,7.0,1.8968592631667593
649,4,train_0552,12165.660478005866,10779.341509667765,127.93415096677654,0.0,12293.594628972642,14.1,0.72,0.0,0.0,7.0,1.8968592631667593
650,4,train_0153,12293.452583790602,10336.637186468595,83.66371864685954,0.0,12377.116302437462,16.68,0.64,0.0,0.0,7.0,1.8968592631667593
651,4,train_0074,12912.697276633637,10415.791589416225,91.57915894162252,0.0,13004.276435575259,16.58,0.62,0.0,0.0,7.0,1.8968592631667593
652,4,train_0260,12243.789745398253,10129.18644686419,62.91864468641907,0.0,12306.708390084672,16.22,0.66,0.0,0.0,7.0,1.8968592631667593
653,4,train_0055,12642.292272104776,10315.391170860683,81.5391170860683,0.0,12723.831389190844,15.68,0.7,0.0,0.0,7.0,1.8968592631667593
654,4,train_0407,12556.041523540758,10408.062746388487,90.80627463884866,0.0,12646.847798179606,16.3,0.78,0.0,0.0,7.0,1.8968592631667593
655,4,train_0592,12414.967773876158,10527.826959225424,102.78269592254237,0.0,12517.7504697987,15.02,0.68,0.0,0.0,7.0,1.8968592631667593
656,4,train_0064,12532.16294712959,10822.978576652455,132.29785766524546,0.0,12664.460804794835,17.6,0.72,0.0,0.0,7.0,1.8968592631667593
657,4,train_0070,11840.15632415793,10267.76162393668,76.77616239366799,0.0,11916.932486551597,15.22,0.56,0.0,0.0,7.0,1.8968592631667593
658,4,train_0107,12682.83401061915,10371.118066284387,87.11180662843873,0.0,12769.945817247588,15.6,0.68,0.0,0.0,7.0,1.8968592631667593
659,4,train_0106,12838.533341241258,10529.717439240623,102.97174392406232,0.0,12941.505085165321,16.54,0.66,0.0,0.0,7.0,1.8968592631667593
660,4,train_0320,12695.217611575446,10108.860641362313,60.88606413623129,0.0,12756.103675711678,16.02,0.74,0.0,0.0,7.0,1.8968592631667593
661,4,train_0344,12551.704373901517,10513.824290269144,101.38242902691437,0.0,12653.086802928432,15.46,0.66,0.0,0.0,7.0,1.8968592631667593
662,4,train_0570,12345.191082415444,10192.561970241572,69.25619702415716,0.0,12414.4472794396,14.6,0.82,0.0,0.0,7.0,1.8968592631667593
663,4,train_0267,11906.430238615558,10390.862690492773,89.08626904927733,0.0,11995.516507664835,16.84,0.68,0.0,0.0,7.0,1.8968592631667593
664,4,train_0556,12241.944707777348,10381.09033108013,88.10903310801297,0.0,12330.05374088536,13.96,0.66,0.0,0.0,7.0,1.8968592631667593
665,4,train_0450,12116.009578661902,10349.4932962694,84.94932962694003,0.0,12200.958908288841,14.98,0.66,0.0,0.0,7.0,1.8968592631667593
666,4,train_0512,12574.760518976855,10188.203825673958,68.8203825673958,0.0,12643.58090154425,14.78,0.7,0.0,0.0,7.0,1.8968592631667593
667,4,train_0114,12333.617579448093,10117.1307727436,61.71307727435997,0.0,12395.330656722454,16.32,0.7,0.0,0.0,7.0,1.8968592631667593
668,4,train_0272,12350.157403665027,10400.373019365168,90.03730193651683,0.0,12440.194705601543,13.78,0.68,0.0,0.0,7.0,1.8968592631667593
669,4,train_0548,12451.37619954061,10887.883597288557,138.78835972885574,0.0,12590.164559269466,17.86,0.6,0.0,0.0,7.0,1.8968592631667593
670,4,train_0450,12179.07583731927,10285.32108823262,78.53210882326204,0.0,12257.60794614253,14.72,0.56,0.0,0.0,7.0,1.8968592631667593
671,4,train_0130,12313.631064654935,10457.126963992776,95.7126963992776,0.0,12409.343761054213,15.8,0.74,0.0,0.0,7.0,1.8968592631667593
672,4,train_0507,12362.064948132138,10457.905149680366,95.79051496803659,0.0,12457.855463100175,16.06,0.58,0.0,0.0,7.0,1.8968592631667593
673,4,train_0461,12279.288395415371,10743.88857829425,124.38885782942508,0.0,12403.677253244796,14.3,0.6,0.0,0.0,7.0,1.8968592631667593
674,4,train_0087,12713.364350835818,10594.667050058633,109.46670500586333,0.0,12822.831055841682,15.02,0.72,0.0,0.0,7.0,1.8968592631667593
675,4,train_0040,12809.841209593962,10522.510701701507,102.25107017015071,0.0,12912.092279764112,17.0,0.76,0.0,0.0,7.0,1.8968592631667593
676,4,train_0155,12289.344139876697,10821.90159711225,132.190159711225,0.0,12421.534299587922,15.7,0.58,0.0,0.0,7.0,1.8968592631667593
677,4,train_0284,12507.643844922115,10273.870159015694,77.38701590156944,0.0,12585.030860823685,15.7,0.62,0.0,0.0,7.0,1.8968592631667593
678,4,train_0092,12630.744196168507,10700.823133463538,120.08231334635384,0.0,12750.826509514862,17.52,0.7,0.0,0.0,7.0,1.8968592631667593
679,4,train_0019,12562.084758268971,10436.826250342203,93.6826250342203,0.0,12655.767383303191,15.18,0.74,0.0,0.0,7.0,1.8968592631667593
680,4,train_0066,12479.657164002669,10682.481721349148,118.2481721349148,0.0,12597.905336137583,17.58,0.7,0.0,0.0,7.0,1.8968592631667593
681,4,train_0188,12489.32294943538,10539.29257830608,103.92925783060801,0.0,12593.252207265989,15.24,0.58,0.0,0.0,7.0,1.8968592631667593
682,4,train_0233,12926.984552219987,11120.819059257385,162.08190592573848,0.0,13089.066458145726,15.48,0.72,0.0,0.0,7.0,1.8968592631667593
683,4,train_0187,12292.980425786667,10423.794246200705,92.3794246200705,0.0,12385.359850406738,15.48,0.7,0.0,0.0,7.0,1.8968592631667593
684,4,train_0268,12123.827649835825,10488.35585652198,98.83558565219792,0.0,12222.663235488022,15.9,0.6,0.0,0.0,7.0,1.8968592631667593
685,4,train_0431,12211.979707773235,10551.21916640679,105.12191664067905,0.0,12317.101624413914,16.66,0.82,0.0,0.0,7.0,1.8968592631667593
686,4,train_0148,12631.952654597846,10163.154597389585,66.31545973895845,0.0,12698.268114336805,17.84,0.62,0.0,0.0,7.0,1.8968592631667593
687,4,train_0273,12761.119324015122,10358.634246143949,85.8634246143949,0.0,12846.982748629518,17.82,0.72,0.0,0.0,7.0,1.8968592631667593
688,4,train_0437,11622.243808134106,9632.957481270278,13.295748127027764,0.0,11635.539556261134,15.46,0.72,0.0,0.0,7.0,1.8968592631667593
689,4,train_0034,12102.648892904888,10651.755676244633,115.1755676244633,0.0,12217.824460529351,16.34,0.76,0.0,0.0,7.0,1.8968592631667593
690,4,train_0563,12627.740383622571,10390.750537674583,89.07505376745831,0.0,12716.815437390029,15.6,0.6,0.0,0.0,7.0,1.8968592631667593
691,4,train_0597,12448.842417977137,10379.088188229143,87.90881882291433,0.0,12536.751236800052,17.68,0.6,0.0,0.0,7.0,1.8968592631667593
692,4,train_0174,12678.580439552923,10343.06143597122,84.306143597122,0.0,12762.886583150044,15.08,0.6,0.0,0.0,7.0,1.8968592631667593
693,4,train_0533,11980.588777277735,10606.92678916201,110.69267891620093,0.0,12091.281456193936,16.12,0.64,0.0,0.0,7.0,1.8968592631667593
694,4,train_0151,12774.700097304038,10447.576315495808,94.75763154958076,0.0,12869.457728853618,15.46,0.7,0.0,0.0,7.0,1.8968592631667593
695,4,train_0549,12604.031238030726,10660.511575434874,116.05115754348736,0.0,12720.082395574213,17.7,0.66,0.0,0.0,7.0,1.8968592631667593
696,4,train_0396,12591.43709720323,10375.76951931571,87.57695193157106,0.0,12679.014049134801,12.98,0.52,0.0,0.0,7.0,1.8968592631667593
697,4,train_0147,12544.012840864309,10700.771059306173,120.0771059306173,0.0,12664.089946794926,15.84,0.76,0.0,0.0,7.0,1.8968592631667593
698,4,train_0037,12696.61928145253,10952.299530296055,145.22995302960553,0.0,12841.849234482135,18.0,0.64,0.0,0.0,7.0,1.8968592631667593
699,4,train_0236,12319.785415200446,10481.538275961928,98.1538275961928,0.0,12417.939242796638,17.6,0.78,0.0,0.0,7.0,1.8968592631667593
700,4,train_0446,12327.380582057078,10056.612989029036,55.66129890290358,0.0,12383.041880959981,15.32,0.66,0.0,0.0,7.0,1.8968592631667593
701,4,train_0136,12540.333443451353,10078.316661527268,57.83166615272676,0.0,12598.165109604079,17.54,0.66,0.0,0.0,7.0,1.8968592631667593
702,4,train_0308,12220.724652913814,10131.096543665113,63.109654366511315,0.0,12283.834307280325,17.08,0.74,0.0,0.0,7.0,1.8968592631667593
703,4,train_0074,12659.583528422707,10394.211250464541,89.42112504645411,0.0,12749.004653469161,15.28,0.7,0.0,0.0,7.0,1.8968592631667593
704,4,train_0254,12389.708964923044,10616.741135188127,111.67411351881275,0.0,12501.383078441857,16.16,0.64,0.0,0.0,7.0,1.8968592631667593
705,4,train_0019,12477.90061416808,10748.285078742061,124.82850787420612,0.0,12602.729122042287,15.88,0.64,0.0,0.0,7.0,1.8968592631667593
706,4,train_0591,12491.66297366327,10844.921364072954,134.49213640729542,0.0,12626.155110070566,16.78,0.7,0.0,0.0,7.0,1.8968592631667593
707,4,train_0302,12609.639930780188,10323.44054569327,82.3440545693271,0.0,12691.983985349514,15.34,0.58,0.0,0.0,7.0,1.8968592631667593
708,4,train_0505,12630.464837946567,10324.00899427439,82.40089942743907,0.0,12712.865737374006,16.94,0.58,0.0,0.0,7.0,1.8968592631667593
709,4,train_0073,12411.982799997024,10322.444800287369,82.24448002873687,0.0,12494.227280025762,14.92,0.68,0.0,0.0,7.0,1.8968592631667593
710,4,train_0100,11962.41993155644,10093.956911977024,59.395691197702405,0.0,12021.815622754142,16.16,0.62,0.0,0.0,7.0,1.8968592631667593
711,4,train_0105,12457.166615701486,10475.151779795837,97.51517797958368,0.0,12554.68179368107,14.24,0.72,0.0,0.0,7.0,1.8968592631667593
712,4,train_0341,12736.42469123379,10763.444368927401,126.34443689274013,0.0,12862.769128126529,17.9,0.64,0.0,0.0,7.0,1.8968592631667593
713,4,train_0516,12300.35177098261,10694.195295364163,119.4195295364163,0.0,12419.771300519027,15.3,0.7,0.0,0.0,7.0,1.8968592631667593
714,4,train_0364,12502.163469625648,10336.659890207648,83.66598902076475,0.0,12585.829458646413,18.14,0.66,0.0,0.0,7.0,1.8968592631667593
715,4,train_0290,12499.998905705492,10492.841016158447,99.2841016158447,0.0,12599.283007321337,16.4,0.58,0.0,0.0,7.0,1.8968592631667593
716,4,train_0565,12849.800672069014,10509.81605074171,100.98160507417106,0.0,12950.782277143186,15.96,0.7,0.0,0.0,7.0,1.8968592631667593
717,4,train_0110,12430.22660708519,10664.928056194938,116.49280561949382,0.0,12546.719412704682,16.94,0.66,0.0,0.0,7.0,1.8968592631667593
718,4,train_0098,12171.334799120727,10340.302087979366,84.03020879793658,0.0,12255.365007918663,13.64,0.52,0.0,0.0,7.0,1.8968592631667593
719,4,train_0401,12014.76530111704,10138.503173840796,63.85031738407961,0.0,12078.61561850112,17.88,0.7,0.0,0.0,7.0,1.8968592631667593
720,5,train_0512,12370.778419330387,10327.495531615972,82.74955316159722,0.0,12453.527972491984,15.38,0.64,0.0,0.0,7.0,1.8968592631667593
721,5,train_0159,11991.192962530444,10055.329545792378,55.53295457923778,0.0,12046.725917109681,17.44,0.7,0.0,0.0,7.0,1.8968592631667593
722,5,train_0156,12578.229396825782,10455.31806207657,95.53180620765707,0.0,12673.761203033439,16.14,0.64,0.0,0.0,7.0,1.8968592631667593
723,5,train_0316,12836.601156601384,10243.23692924372,74.32369292437197,0.0,12910.924849525756,14.72,0.54,0.0,0.0,7.0,1.8968592631667593
724,5,train_0466,12570.777104045703,10591.82022647532,109.182022647532,0.0,12679.959126693235,18.0,0.74,0.0,0.0,7.0,1.8968592631667593
725,5,train_0169,12104.484825337013,10128.757475267319,62.87574752673191,0.0,12167.360572863745,15.36,0.7,0.0,0.0,7.0,1.8968592631667593
726,5,train_0494,12353.220783063676,9943.76135197395,44.37613519739498,0.0,12397.596918261072,15.74,0.64,0.0,0.0,7.0,1.8968592631667593
727,5,train_0309,12930.855546405037,10070.542943801967,57.05429438019674,0.0,12987.909840785234,14.24,0.72,0.0,0.0,7.0,1.8968592631667593
728,5,train_0423,12533.967817979366,9986.816651261423,48.681665126142256,0.0,12582.649483105508,18.08,0.6,0.0,0.0,7.0,1.8968592631667593
729,5,train_0377,12289.757403239859,10346.521979090474,84.6521979090474,0.0,12374.409601148905,17.16,0.72,0.0,0.0,7.0,1.8968592631667593
730,5,train_0288,11935.03259805798,10224.269796412656,72.42697964126565,0.0,12007.459577699246,15.84,0.72,0.0,0.0,7.0,1.8968592631667593
731,5,train_0321,12240.08495457489,10464.404306021866,96.44043060218665,0.0,12336.525385177076,17.4,0.64,0.0,0.0,7.0,1.8968592631667593
732,5,train_0596,12151.435516168647,10583.392348586025,108.33923485860251,0.0,12259.77475102725,15.88,0.66,0.0,0.0,7.0,1.8968592631667593
733,5,train_0237,12386.64786897246,10350.547249069961,85.05472490699613,0.0,12471.702593879458,16.82,0.62,0.0,0.0,7.0,1.8968592631667593
734,5,train_0566,12231.589558375272,9985.147737222263,48.51477372222635,0.0,12280.104332097499,15.04,0.68,0.0,0.0,7.0,1.8968592631667593
735,5,train_0474,12366.844485621254,10768.828919896974,126.88289198969743,0.0,12493.72737761095,14.12,0.62,0.0,0.0,7.0,1.8968592631667593
736,5,train_0109,12756.419392330754,10275.819829707916,77.58198297079161,0.0,12834.001375301545,16.38,0.58,0.0,0.0,7.0,1.8968592631667593
737,5,train_0524,12127.466472963517,10139.225192832528,63.92251928325277,0.0,12191.38899224677,16.4,0.74,0.0,0.0,7.0,1.8968592631667593
738,5,train_0229,12822.55203155936,10575.05196074407,107.50519607440692,0.0,12930.057227633768,16.0,0.68,0.0,0.0,7.0,1.8968592631667593
739,5,train_0107,12640.252206097855,10437.427288313509,93.74272883135092,0.0,12733.994934929206,17.3,0.66,0.0,0.0,7.0,1.8968592631667593
740,5,train_0151,12702.13651858761,10354.79505620232,85.47950562023198,0.0,12787.61602420784,15.26,0.66,0.0,0.0,7.0,1.8968592631667593
741,5,train_0081,12498.170960158273,10115.405568223981,61.540556822398145,0.0,12559.711516980671,16.1,0.62,0.0,0.0,7.0,1.8968592631667593
742,5,train_0203,12351.295465432835,10785.61505816107,128.56150581610692,0.0,12479.856971248943,13.98,0.78,0.0,0.0,7.0,1.8968592631667593
743,5,train_0067,12125.159242656213,10132.877424896265,63.287742489626545,0.0,12188.44698514584,16.12,0.74,0.0,0.0,7.0,1.8968592631667593
744,5,train_0326,11979.568823191308,10291.02637161548,79.10263716154805,0.0,12058.671460352856,15.84,0.62,0.0,0.0,7.0,1.8968592631667593
745,5,train_0587,12394.11867301062,10107.19686727181,60.719686727181035,0.0,12454.838359737802,16.62,0.62,0.0,0.0,7.0,1.8968592631667593
746,5,train_0578,12201.491742465376,10380.411357212788,88.0411357212788,0.0,12289.532878186656,19.04,0.72,0.0,0.0,7.0,1.8968592631667593
747,5,train_0564,12662.883638737248,10298.517511049171,79.8517511049171,0.0,12742.735389842166,16.42,0.64,0.0,0.0,7.0,1.8968592631667593
748,5,train_0146,12462.155984114346,10396.871908045596,89.68719080455958,0.0,12551.843174918906,14.96,0.74,0.0,0.0,7.0,1.8968592631667593
749,5,train_0138,12725.110575910363,9950.310075245137,45.03100752451374,0.0,12770.141583434877,16.46,0.8,0.0,0.0,7.0,1.8968592631667593
750,5,train_0406,12609.238655107116,10496.931104442137,99.69311044421374,0.0,12708.93176555133,18.1,0.72,0.0,0.0,7.0,1.8968592631667593
751,5,train_0581,12022.650672237498,10516.69105186587,101.66910518658698,0.0,12124.319777424085,17.46,0.72,0.0,0.0,7.0,1.8968592631667593
752,5,train_0495,12430.660581853306,10537.459142077649,103.74591420776488,0.0,12534.40649606107,18.04,0.76,0.0,0.0,7.0,1.8968592631667593
753,5,train_0124,12643.796930310957,10415.28620441299,91.52862044129907,0.0,12735.325550752255,16.4,0.66,0.0,0.0,7.0,1.8968592631667593
754,5,train_0441,12541.302813098375,10242.666182407394,74.26661824073945,0.0,12615.569431339114,16.12,0.72,0.0,0.0,7.0,1.8968592631667593
755,5,train_0303,12196.929168838818,10141.460256503398,64.14602565033984,0.0,12261.075194489158,15.9,0.74,0.0,0.0,7.0,1.8968592631667593
756,5,train_0265,11977.457772296193,10684.188577315372,118.41885773153717,0.0,12095.876630027731,16.44,0.72,0.0,0.0,7.0,1.8968592631667593
757,5,train_0298,12032.937178818167,9772.108649533384,27.210864953338387,0.0,12060.148043771505,16.0,0.78,0.0,0.0,7.0,1.8968592631667593
758,5,train_0327,12558.381345950313,10688.706432339326,118.87064323393261,0.0,12677.251989184246,16.9,0.66,0.0,0.0,7.0,1.8968592631667593
759,5,train_0548,12554.80830840829,10371.96464784036,87.19646478403592,0.0,12642.004773192326,17.58,0.68,0.0,0.0,7.0,1.8968592631667593
760,5,train_0475,12166.971563487494,10108.415762594846,60.84157625948465,0.0,12227.813139746979,16.22,0.8,0.0,0.0,7.0,1.8968592631667593
761,5,train_0024,12277.587345841375,9729.2355611816,22.923556118160015,0.0,12300.510901959535,16.04,0.72,0.0,0.0,7.0,1.8968592631667593
762,5,train_0457,12322.169972966189,10695.152950759048,119.51529507590476,0.0,12441.685268042093,15.82,0.6,0.0,0.0,7.0,1.8968592631667593
763,5,train_0189,12489.242948461755,10185.324454177035,68.53244541770346,0.0,12557.77539387946,16.18,0.78,0.0,0.0,7.0,1.8968592631667593
764,5,train_0202,12633.346634198879,10862.1716448673,136.21716448672996,0.0,12769.563798685609,16.22,0.78,0.0,0.0,7.0,1.8968592631667593
765,5,train_0359,12592.426178673371,10449.25048998266,94.92504899826599,0.0,12687.351227671637,15.38,0.58,0.0,0.0,7.0,1.8968592631667593
766,5,train_0590,12598.40966636255,10167.426362220649,66.7426362220649,0.0,12665.152302584615,16.8,0.64,0.0,0.0,7.0,1.8968592631667593
767,5,train_0039,12722.88756215702,10523.044713619389,102.3044713619389,0.0,12825.192033518959,17.42,0.56,0.0,0.0,7.0,1.8968592631667593
768,5,train_0308,12497.251637112986,10342.607486256687,84.26074862566875,0.0,12581.512385738655,16.52,0.7,0.0,0.0,7.0,1.8968592631667593
769,5,train_0141,12504.102308934389,10481.1839085362,98.11839085362008,0.0,12602.22069978801,13.68,0.6,0.0,0.0,7.0,1.8968592631667593
770,5,train_0548,12684.653922635898,10527.992956308768,102.79929563087681,0.0,12787.453218266775,16.98,0.7,0.0,0.0,7.0,1.8968592631667593
771,5,train_0279,12394.711736562618,10422.661795921103,92.26617959211035,0.0,12486.977916154729,18.7,0.68,0.0,0.0,7.0,1.8968592631667593
772,5,train_0513,12596.264854396275,10310.364486318922,81.0364486318922,0.0,12677.301303028167,16.02,0.66,0.0,0.0,7.0,1.8968592631667593
773,5,train_0528,12532.028702274285,10205.488834141668,70.54888341416681,0.0,12602.577585688452,14.36,0.7,0.0,0.0,7.0,1.8968592631667593
774,5,train_0060,12555.56467603037,10542.384749786059,104.2384749786059,0.0,12659.803151008975,16.8,0.62,0.0,0.0,7.0,1.8968592631667593
775,5,train_0456,12585.360913175122,10101.442846749509,60.14428467495091,0.0,12645.505197850072,15.54,0.66,0.0,0.0,7.0,1.8968592631667593
776,5,train_0474,12454.513463827898,10444.517613412108,94.45176134121084,0.0,12548.965225169108,16.76,0.62,0.0,0.0,7.0,1.8968592631667593
777,5,train_0497,12650.7528226734,10297.87388068028,79.78738806802795,0.0,12730.540210741427,14.72,0.66,0.0,0.0,7.0,1.8968592631667593
778,5,train_0592,12650.090176636015,10229.053110817651,72.9053110817651,0.0,12722.99548771778,15.86,0.72,0.0,0.0,7.0,1.8968592631667593
779,5,train_0456,12298.006545014023,10426.240542923313,92.62405429233132,0.0,12390.630599306354,15.96,0.66,0.0,0.0,7.0,1.8968592631667593
780,5,train_0500,12311.918072833185,10163.292693996862,66.3292693996862,0.0,12378.247342232871,15.06,0.66,0.0,0.0,7.0,1.8968592631667593
781,5,train_0424,12719.008222622291,10383.09204752534,88.30920475253407,0.0,12807.317427374825,18.72,0.7,0.0,0.0,7.0,1.8968592631667593
782,5,train_0177,12520.339578095132,10572.299330193116,107.22993301931166,0.0,12627.569511114443,14.22,0.8,0.0,0.0,7.0,1.8968592631667593
783,5,train_0509,12195.330618924976,10182.339176681598,68.23391766815985,0.0,12263.564536593136,13.74,0.74,0.0,0.0,7.0,1.8968592631667593
784,5,train_0420,12509.169038421243,10298.175003083394,79.81750030833938,0.0,12588.986538729583,15.84,0.66,0.0,0.0,7.0,1.8968592631667593
785,5,train_0408,12152.472814201625,10090.074603842288,59.007460384228764,0.0,12211.480274585854,15.06,0.7,0.0,0.0,7.0,1.8968592631667593
786,5,train_0583,12394.55006496754,10420.273973687228,92.02739736872282,0.0,12486.577462336263,14.24,0.7,0.0,0.0,7.0,1.8968592631667593
787,5,train_0441,12986.400769396536,10012.125835237377,51.212583523737706,0.0,13037.613352920274,16.92,0.64,0.0,0.0,7.0,1.8968592631667593
788,5,train_0203,12865.978602674191,11042.412759311794,154.2412759311794,0.0,13020.21987860537,15.04,0.66,0.0,0.0,7.0,1.8968592631667593
789,5,train_0180,12816.639240160388,10684.89663545103,118.48966354510304,0.0,12935.12890370549,17.68,0.72,0.0,0.0,7.0,1.8968592631667593
790,5,train_0196,12380.77026551221,10459.041152545233,95.90411525452328,0.0,12476.674380766734,16.96,0.72,0.0,0.0,7.0,1.8968592631667593
791,5,train_0100,12146.481170486511,9977.754297427315,47.77542974273147,0.0,12194.256600229242,15.5,0.76,0.0,0.0,7.0,1.8968592631667593
792,5,train_0048,12416.011097919032,10352.669474940385,85.2669474940385,0.0,12501.27804541307,16.52,0.74,0.0,0.0,7.0,1.8968592631667593
793,5,train_0453,12521.985070499715,10240.937276334304,74.09372763343036,0.0,12596.078798133145,16.7,0.64,0.0,0.0,7.0,1.8968592631667593
794,5,train_0470,12119.41710154306,9950.781602601459,45.07816026014589,0.0,12164.495261803206,15.72,0.68,0.0,0.0,7.0,1.8968592631667593
795,5,train_0099,11801.890640881555,10113.921121595191,61.392112159519094,0.0,11863.282753041074,16.28,0.62,0.0,0.0,7.0,1.8968592631667593
796,5,train_0236,12287.582529936237,10318.965900834073,81.89659008340732,0.0,12369.479120019645,20.36,0.68,0.0,0.0,7.0,1.8968592631667593
797,5,train_0551,12245.118496049932,10201.40890333885,70.140890333885,0.0,12315.259386383817,15.3,0.82,0.0,0.0,7.0,1.8968592631667593
798,5,train_0502,12355.556722584768,10658.319291414356,115.83192914143565,0.0,12471.388651726204,14.96,0.7,0.0,0.0,7.0,1.8968592631667593
799,5,train_0357,12354.16043862174,10106.049297273737,60.60492972737375,0.0,12414.765368349113,15.8,0.6,0.0,0.0,7.0,1.8968592631667593
800,5,train_0582,12606.120979721192,10504.10970854805,100.41097085480506,0.0,12706.531950575998,16.12,0.62,0.0,0.0,7.0,1.8968592631667593
801,5,train_0197,12622.639223144855,10745.326433319444,124.53264333194439,0.0,12747.1718664768,16.4,0.66,0.0,0.0,7.0,1.8968592631667593
802,5,train_0506,12365.423459246815,10208.03013990897,70.80301399089694,0.0,12436.226473237712,15.76,0.66,0.0,0.0,7.0,1.8968592631667593
803,5,train_0561,12838.291737401432,10254.068866606278,75.40688666062779,0.0,12913.69862406206,17.62,0.64,0.0,0.0,7.0,1.8968592631667593
804,5,train_0355,12381.457096491984,10500.272563793853,100.02725637938529,0.0,12481.48435287137,15.8,0.78,0.0,0.0,7.0,1.8968592631667593
805,5,train_0093,12420.266075294467,9767.684279903393,26.768427990339298,0.0,12447.034503284805,17.92,0.66,0.0,0.0,7.0,1.8968592631667593
806,5,train_0176,12730.101425716117,10528.150205564018,102.81502055640176,0.0,12832.916446272518,15.1,0.66,0.0,0.0,7.0,1.8968592631667593
807,5,train_0308,12242.964365039654,10322.650686571174,82.26506865711745,0.0,12325.229433696772,15.4,0.66,0.0,0.0,7.0,1.8968592631667593
808,5,train_0167,11923.071936666518,10532.339839505925,103.23398395059249,0.0,12026.305920617111,14.04,0.72,0.0,0.0,7.0,1.8968592631667593
809,5,train_0054,12740.2160618728,10311.499897643294,81.14998976432945,0.0,12821.36605163713,16.0,0.62,0.0,0.0,7.0,1.8968592631667593
810,5,train_0102,12359.84740947631,10540.584274530762,104.05842745307619,0.0,12463.905836929385,14.46,0.64,0.0,0.0,7.0,1.8968592631667593
811,5,train_0579,13018.71649466029,10181.93779418052,68.19377941805196,0.0,13086.910274078342,15.94,0.6,0.0,0.0,7.0,1.8968592631667593
812,5,train_0229,12729.66348577877,10622.161231046271,112.21612310462716,0.0,12841.879608883397,15.0,0.62,0.0,0.0,7.0,1.8968592631667593
813,5,train_0345,12653.467153129171,10069.745292447504,56.97452924475038,0.0,12710.441682373921,14.22,0.76,0.0,0.0,7.0,1.8968592631667593
814,5,train_0263,11936.233351677716,10127.518305612884,62.75183056128844,0.0,11998.985182239005,16.0,0.58,0.0,0.0,7.0,1.8968592631667593
815,5,train_0482,12060.412434170623,10158.859241052318,65.8859241052318,0.0,12126.298358275855,14.02,0.72,0.0,0.0,7.0,1.8968592631667593
816,5,train_0060,12201.975784406413,10703.732959476045,120.3732959476045,0.0,12322.349080354017,17.38,0.7,0.0,0.0,7.0,1.8968592631667593
817,5,train_0169,12150.402023572422,9983.500632702639,48.35006327026386,0.0,12198.752086842685,16.1,0.68,0.0,0.0,7.0,1.8968592631667593
818,5,train_0350,12135.4957960295,10052.787996017112,55.27879960171122,0.0,12190.77459563121,17.62,0.6,0.0,0.0,7.0,1.8968592631667593
819,5,train_0481,12482.48611609944,10089.39852280535,58.93985228053498,0.0,12541.425968379976,15.44,0.68,0.0,0.0,7.0,1.8968592631667593
820,5,train_0276,12608.083836468704,10226.900023611699,72.6900023611699,0.0,12680.773838829875,15.9,0.66,0.0,0.0,7.0,1.8968592631667593
821,5,train_0421,12965.803786048375,10532.962402492896,103.29624024928962,0.0,13069.100026297665,15.46,0.66,0.0,0.0,7.0,1.8968592631667593
822,5,train_0480,12458.813338623595,10703.25478306348,120.32547830634795,0.0,12579.138816929943,14.36,0.62,0.0,0.0,7.0,1.8968592631667593
823,5,train_0386,12714.71297407698,10195.691834138353,69.56918341383535,0.0,12784.282157490816,15.76,0.66,0.0,0.0,7.0,1.8968592631667593
824,5,train_0491,13004.668195443119,10022.058893083044,52.205889308304364,0.0,13056.874084751424,16.56,0.82,0.0,0.0,7.0,1.8968592631667593
825,5,train_0570,12201.915525382805,10073.514982869729,57.351498286972856,0.0,12259.267023669778,15.18,0.56,0.0,0.0,7.0,1.8968592631667593
826,5,train_0131,13315.931370265469,10467.232932118714,96.72329321187135,0.0,13412.65466347734,16.64,0.64,0.0,0.0,7.0,1.8968592631667593
827,5,train_0260,12106.930490432953,10011.037150133168,51.10371501331684,0.0,12158.034205446269,16.84,0.62,0.0,0.0,7.0,1.8968592631667593
828,5,train_0135,12544.77186396137,10407.35969928559,90.73596992855892,0.0,12635.50783388993,16.16,0.68,0.0,0.0,7.0,1.8968592631667593
829,5,train_0249,12632.934191027667,10358.736104221078,85.87361042210779,0.0,12718.807801449775,15.76,0.66,0.0,0.0,7.0,1.8968592631667593
830,5,train_0001,12198.064990474457,10071.445141021055,57.1445141021055,0.0,12255.209504576562,13.28,0.56,0.0,0.0,7.0,1.8968592631667593
831,5,train_0415,12881.729642064602,10632.871666703339,113.28716667033387,0.0,12995.016808734936,14.08,0.68,0.0,0.0,7.0,1.8968592631667593
832,5,train_0141,12898.358120654959,10109.741437967012,60.97414379670118,0.0,12959.33226445166,14.7,0.76,0.0,0.0,7.0,1.8968592631667593
833,5,train_0501,12579.601653129277,10500.725063229822,100.07250632298219,0.0,12679.67415945226,18.24,0.6,0.0,0.0,7.0,1.8968592631667593
834,5,train_0431,12151.954539918635,10486.830174058738,98.68301740587377,0.0,12250.63755732451,17.58,0.62,0.0,0.0,7.0,1.8968592631667593
835,5,train_0201,12633.450550323161,10169.853423317243,66.98534233172431,0.0,12700.435892654885,16.46,0.58,0.0,0.0,7.0,1.8968592631667593
836,5,train_0272,12558.555188995175,10417.978985887334,91.79789858873337,0.0,12650.353087583908,15.52,0.7,0.0,0.0,7.0,1.8968592631667593
837,5,train_0401,12362.668534498694,9680.489987181947,18.048998718194706,0.0,12380.71753321689,17.72,0.66,0.0,0.0,7.0,1.8968592631667593
838,5,train_0250,12518.926740193916,10321.601141644544,82.16011416445436,0.0,12601.086854358371,16.12,0.76,0.0,0.0,7.0,1.8968592631667593
839,5,train_0125,12042.823319284042,10223.708511388571,72.37085113885715,0.0,12115.1941704229,16.44,0.6,0.0,0.0,7.0,1.8968592631667593
840,5,train_0025,12510.440103616827,10399.313755092158,89.93137550921584,0.0,12600.371479126043,15.0,0.64,0.0,0.0,7.0,1.8968592631667593
841,5,train_0331,12614.49609197441,10226.399586460464,72.6399586460464,0.0,12687.136050620456,18.66,0.54,0.0,0.0,7.0,1.8968592631667593
842,5,train_0319,12286.98163185814,10485.794084552828,98.57940845528283,0.0,12385.561040313423,13.72,0.6,0.0,0.0,7.0,1.8968592631667593
843,5,train_0461,12688.751621520905,10211.44385805306,71.14438580530604,0.0,12759.896007326211,14.28,0.68,0.0,0.0,7.0,1.8968592631667593
844,5,train_0077,12341.141560029371,10062.571902807867,56.257190280786745,0.0,12397.398750310158,15.8,0.68,0.0,0.0,7.0,1.8968592631667593
845,5,train_0039,12705.08840898988,10388.603909817346,88.86039098173461,0.0,12793.948799971613,18.04,0.68,0.0,0.0,7.0,1.8968592631667593
846,5,train_0441,12495.184663614124,10374.666038479634,87.46660384796343,0.0,12582.651267462086,16.16,0.7,0.0,0.0,7.0,1.8968592631667593
847,5,train_0436,12643.888042484425,10633.044746217165,113.30447462171651,0.0,12757.192517106141,16.26,0.7,0.0,0.0,7.0,1.8968592631667593
848,5,train_0479,12853.846776775466,10466.440891276006,96.64408912760064,0.0,12950.490865903066,16.3,0.78,0.0,0.0,7.0,1.8968592631667593
849,5,train_0009,12284.496073768452,10406.575157812906,90.65751578129057,0.0,12375.153589549744,15.96,0.64,0.0,0.0,7.0,1.8968592631667593
850,5,train_0393,12486.292655804074,10466.409041104776,96.64090411047765,0.0,12582.933559914552,12.52,0.64,0.0,0.0,7.0,1.8968592631667593
851,5,train_0575,12990.656101595747,10661.100557541642,116.11005575416421,0.0,13106.766157349912,16.42,0.68,0.0,0.0,7.0,1.8968592631667593
852,5,train_0458,12785.318154259428,10702.917475845776,120.29174758457758,0.0,12905.609901844005,15.1,0.6,0.0,0.0,7.0,1.8968592631667593
853,5,train_0281,12595.530726219158,10678.679401803209,117.86794018032089,0.0,12713.398666399478,16.52,0.8,0.0,0.0,7.0,1.8968592631667593
854,5,train_0285,12575.679168145456,10216.854871334508,71.6854871334508,0.0,12647.364655278907,15.68,0.56,0.0,0.0,7.0,1.8968592631667593
855,5,train_0245,12062.945896736743,10262.881757441235,76.2881757441235,0.0,12139.234072480866,15.8,0.66,0.0,0.0,7.0,1.8968592631667593
856,5,train_0032,12572.491416213355,10670.56375803689,117.05637580368894,0.0,12689.547792017045,16.96,0.66,0.0,0.0,7.0,1.8968592631667593
857,5,train_0432,12198.951944855286,10150.218583108135,65.02185831081351,0.0,12263.9738031661,15.64,0.68,0.0,0.0,7.0,1.8968592631667593
858,5,train_0322,12364.373970282106,10268.8207449983,76.88207449983003,0.0,12441.256044781936,16.74,0.7,0.0,0.0,7.0,1.8968592631667593
859,5,train_0313,12570.316334031053,10367.221043029684,86.72210430296838,0.0,12657.03843833402,15.42,0.62,0.0,0.0,7.0,1.8968592631667593
860,5,train_0559,12567.877019324053,10344.521813435407,84.45218134354073,0.0,12652.329200667593,18.04,0.68,0.0,0.0,7.0,1.8968592631667593
861,5,train_0438,12334.314124641918,10581.576232401614,108.15762324016141,0.0,12442.47174788208,15.86,0.76,0.0,0.0,7.0,1.8968592631667593
862,5,train_0575,13082.3010716485,10216.39347931863,71.63934793186309,0.0,13153.940419580364,16.08,0.58,0.0,0.0,7.0,1.8968592631667593
863,5,train_0050,12377.569522577975,10190.502503208307,69.05025032083067,0.0,12446.619772898805,15.34,0.76,0.0,0.0,7.0,1.8968592631667593
864,6,train_0571,12380.733026029742,10188.09865595527,68.80986559552694,0.0,12449.54289162527,15.62,0.54,0.0,0.0,7.0,1.8968592631667593
865,6,train_0337,11991.343308790485,10062.306962122528,56.230696212252774,0.0,12047.574005002738,17.74,0.64,0.0,0.0,7.0,1.8968592631667593
866,6,train_0241,12119.892298741104,10393.271834606425,89.32718346064249,0.0,12209.219482201746,15.12,0.58,0.0,0.0,7.0,1.8968592631667593
867,6,train_0334,12572.421425108496,10346.450947119389,84.64509471193888,0.0,12657.066519820435,16.38,0.6,0.0,0.0,7.0,1.8968592631667593
868,6,train_0022,12482.474158615962,10443.225576920906,94.3225576920906,0.0,12576.796716308052,17.6,0.48,0.0,0.0,7.0,1.8968592631667593
869,6,train_0559,12594.065962410958,10431.695497675619,93.16954976756188,0.0,12687.235512178519,17.3,0.62,0.0,0.0,7.0,1.8968592631667593
870,6,train_0377,12283.624977349125,10385.125941184444,88.5125941184444,0.0,12372.13757146757,17.5,0.72,0.0,0.0,7.0,1.8968592631667593
871,6,train_0023,12141.306906818074,10014.139025554146,51.413902555414644,0.0,12192.720809373488,15.44,0.76,0.0,0.0,7.0,1.8968592631667593
872,6,train_0548,12443.273139614666,10365.834095685066,86.58340956850662,0.0,12529.856549183172,17.24,0.62,0.0,0.0,7.0,1.8968592631667593
873,6,train_0271,12446.581491189803,9712.626183760809,21.2626183760809,0.0,12467.844109565884,16.52,0.56,0.0,0.0,7.0,1.8968592631667593
874,6,train_0071,12694.816019494843,10360.888852515347,86.0888852515347,0.0,12780.904904746378,14.32,0.62,0.0,0.0,7.0,1.8968592631667593
875,6,train_0378,12286.229588918,10652.50190717004,115.25019071700409,0.0,12401.479779635005,16.82,0.64,0.0,0.0,7.0,1.8968592631667593
876,6,train_0041,12495.53495755271,10321.727597300522,82.17275973005218,0.0,12577.707717282763,14.86,0.66,0.0,0.0,7.0,1.8968592631667593
877,6,train_0330,12034.753240986323,9819.776820276107,31.97768202761072,0.0,12066.730923013934,15.58,0.5,0.0,0.0,7.0,1.8968592631667593
878,6,train_0456,12419.457123962817,10171.774571993526,67.17745719935265,0.0,12486.634581162169,14.84,0.68,0.0,0.0,7.0,1.8968592631667593
879,6,train_0044,12832.865039161992,10686.179132013034,118.61791320130342,0.0,12951.482952363296,16.2,0.6,0.0,0.0,7.0,1.8968592631667593
880,6,train_0474,12847.991525733134,10620.17144967632,112.01714496763198,0.0,12960.008670700767,14.22,0.72,0.0,0.0,7.0,1.8968592631667593
881,6,train_0355,12839.53066477808,10105.015523395607,60.50155233956066,0.0,12900.032217117641,16.1,0.82,0.0,0.0,7.0,1.8968592631667593
882,6,train_0194,12504.064786090621,10557.555533683133,105.75555336831331,0.0,12609.820339458935,13.88,0.74,0.0,0.0,7.0,1.8968592631667593
883,6,train_0133,12294.87291476057,10717.811765299688,121.7811765299688,0.0,12416.654091290538,16.66,0.82,0.0,0.0,7.0,1.8968592631667593
884,6,train_0006,12690.786813820405,10208.809447309264,70.88094473092643,0.0,12761.667758551332,15.9,0.74,0.0,0.0,7.0,1.8968592631667593
885,6,train_0117,11905.571666915876,10272.997480114624,77.29974801146237,0.0,11982.871414927338,16.46,0.62,0.0,0.0,7.0,1.8968592631667593
886,6,train_0170,12041.239648965919,10062.2040931268,56.220409312680026,0.0,12097.460058278599,18.02,0.6,0.0,0.0,7.0,1.8968592631667593
887,6,train_0527,12453.68188441847,10086.940994739001,58.69409947390014,0.0,12512.37598389237,15.1,0.6,0.0,0.0,7.0,1.8968592631667593
888,6,train_0308,12496.741127522157,10139.00282628023,63.90028262802298,0.0,12560.64141015018,16.56,0.74,0.0,0.0,7.0,1.8968592631667593
889,6,train_0118,12469.096623749605,10719.604394279648,121.96043942796479,0.0,12591.05706317757,15.52,0.68,0.0,0.0,7.0,1.8968592631667593
890,6,train_0445,12867.672286086472,11132.464120883538,163.24641208835385,0.0,13030.918698174826,19.9,0.72,0.0,0.0,7.0,1.8968592631667593
891,6,train_0272,12794.976124392575,10258.168872769505,75.81688727695055,0.0,12870.793011669526,14.32,0.7,0.0,0.0,7.0,1.8968592631667593
892,6,train_0501,12663.618099605399,10600.81240156584,110.08124015658396,0.0,12773.699339761983,17.12,0.6,0.0,0.0,7.0,1.8968592631667593
893,6,train_0450,12216.081952678638,10128.665701824786,62.86657018247861,0.0,12278.948522861117,15.3,0.54,0.0,0.0,7.0,1.8968592631667593
894,6,train_0559,12719.893906801039,10305.523610843382,80.5523610843382,0.0,12800.446267885376,17.02,0.7,0.0,0.0,7.0,1.8968592631667593
895,6,train_0424,12755.828194287913,10368.710568562154,86.87105685621538,0.0,12842.699251144128,17.98,0.72,0.0,0.0,7.0,1.8968592631667593
896,6,train_0065,12735.628587991712,10333.711417614264,83.37114176142641,0.0,12818.999729753139,13.82,0.74,0.0,0.0,7.0,1.8968592631667593
897,6,train_0332,11988.375844510185,9991.561804307721,49.15618043077211,0.0,12037.532024940956,15.42,0.76,0.0,0.0,7.0,1.8968592631667593
898,6,train_0254,12585.823889979316,10551.445338852687,105.14453388526873,0.0,12690.968423864584,15.34,0.64,0.0,0.0,7.0,1.8968592631667593
899,6,train_0484,12488.294587409142,10259.35562618665,75.93556261866506,0.0,12564.230150027806,14.24,0.72,0.0,0.0,7.0,1.8968592631667593
900,6,train_0092,12497.16215904975,10592.737254279004,109.27372542790036,0.0,12606.43588447765,15.28,0.66,0.0,0.0,7.0,1.8968592631667593
901,6,train_0279,12020.643684550567,10550.816160038086,105.08161600380863,0.0,12125.725300554375,17.06,0.66,0.0,0.0,7.0,1.8968592631667593
902,6,train_0495,12524.479724198802,10477.508906666488,97.75089066664879,0.0,12622.23061486545,17.28,0.68,0.0,0.0,7.0,1.8968592631667593
903,6,train_0372,12739.58605113888,10354.765838686199,85.47658386861985,0.0,12825.0626350075,16.8,0.7,0.0,0.0,7.0,1.8968592631667593
904,6,train_0022,12191.08041217323,10590.228093986494,109.02280939864941,0.0,12300.10322157188,17.08,0.6,0.0,0.0,7.0,1.8968592631667593
905,6,train_0491,12365.695221919988,10559.248636697115,105.92486366971153,0.0,12471.6200855897,15.28,0.66,0.0,0.0,7.0,1.8968592631667593
906,6,train_0220,12413.166678354417,10357.53513784155,85.75351378415507,0.0,12498.920192138572,17.22,0.8,0.0,0.0,7.0,1.8968592631667593
907,6,train_0406,12370.016508029086,10352.664183755756,85.26641837557564,0.0,12455.282926404661,17.98,0.74,0.0,0.0,7.0,1.8968592631667593
908,6,train_0391,12621.903596655473,10303.284402442505,80.32844024425049,0.0,12702.232036899724,15.0,0.68,0.0,0.0,7.0,1.8968592631667593
909,6,train_0385,12336.018976146028,10792.868681767595,129.28686817675953,0.0,12465.305844322787,15.86,0.68,0.0,0.0,7.0,1.8968592631667593
910,6,train_0250,12410.06568097225,10547.559195761145,104.75591957611451,0.0,12514.821600548365,17.44,0.66,0.0,0.0,7.0,1.8968592631667593
911,6,train_0243,12534.783761254366,10373.651677762608,87.36516777626076,0.0,12622.148929030627,15.72,0.74,0.0,0.0,7.0,1.8968592631667593
912,6,train_0060,12341.361553043429,10570.280478936533,107.02804789365328,0.0,12448.389600937082,17.44,0.7,0.0,0.0,7.0,1.8968592631667593
913,6,train_0334,12576.099856411403,10675.30106724925,117.53010672492492,0.0,12693.629963136329,16.22,0.64,0.0,0.0,7.0,1.8968592631667593
914,6,train_0174,12595.813093847335,10085.510924551472,58.55109245514723,0.0,12654.364186302482,16.1,0.68,0.0,0.0,7.0,1.8968592631667593
915,6,train_0237,12318.60018683104,10502.78931285959,100.27893128595898,0.0,12418.879118116998,15.94,0.56,0.0,0.0,7.0,1.8968592631667593
916,6,train_0100,11962.228314022734,10045.672943270683,54.56729432706834,0.0,12016.795608349803,16.14,0.72,0.0,0.0,7.0,1.8968592631667593
917,6,train_0446,12262.142397179063,10190.123328416536,69.01233284165356,0.0,12331.154730020717,16.78,0.7,0.0,0.0,7.0,1.8968592631667593
918,6,train_0553,11838.900360605843,9881.114432727427,38.11144327274269,0.0,11877.011803878586,16.28,0.64,0.0,0.0,7.0,1.8968592631667593
919,6,train_0228,12367.718823624988,10195.303859190046,69.53038591900459,0.0,12437.249209543992,15.26,0.54,0.0,0.0,7.0,1.8968592631667593
920,6,train_0254,12571.743991805277,10295.464022947102,79.54640229471025,0.0,12651.290394099988,15.62,0.7,0.0,0.0,7.0,1.8968592631667593
921,6,train_0279,12583.728524077218,10245.536605306796,74.55366053067955,0.0,12658.282184607897,16.8,0.64,0.0,0.0,7.0,1.8968592631667593
922,6,train_0043,12219.342545188669,10146.207151632032,64.6207151632032,0.0,12283.963260351871,18.68,0.6,0.0,0.0,7.0,1.8968592631667593
923,6,train_0453,12388.073879821539,10473.486849594818,97.34868495948177,0.0,12485.42256478102,16.84,0.76,0.0,0.0,7.0,1.8968592631667593
924,6,train_0528,12439.11964089195,10565.600140476241,106.56001404762411,0.0,12545.679654939573,14.42,0.66,0.0,0.0,7.0,1.8968592631667593
925,6,train_0302,12625.02036207573,10188.731232009422,68.87312320094225,0.0,12693.893485276672,13.72,0.66,0.0,0.0,7.0,1.8968592631667593
926,6,train_0037,13091.241661516717,10829.533325714474,132.9533325714474,0.0,13224.194994088164,18.12,0.72,0.0,0.0,7.0,1.8968592631667593
927,6,train_0202,12831.96109848267,10333.161947486806,83.31619474868057,0.0,12915.277293231351,15.98,0.68,0.0,0.0,7.0,1.8968592631667593
928,6,train_0094,12045.95817184653,9945.88508607669,44.58850860766907,0.0,12090.5466804542,15.64,0.76,0.0,0.0,7.0,1.8968592631667593
929,6,train_0496,12576.122890118022,10223.476083023012,72.34760830230117,0.0,12648.470498420324,17.16,0.72,0.0,0.0,7.0,1.8968592631667593
930,6,train_0480,12717.751431944196,10499.599221037159,99.95992210371588,0.0,12817.711354047911,14.5,0.64,0.0,0.0,7.0,1.8968592631667593
931,6,train_0228,12157.715048385015,10514.131580231904,101.41315802319042,0.0,12259.128206408204,15.72,0.74,0.0,0.0,7.0,1.8968592631667593
932,6,train_0225,12659.354846093505,10152.619726565672,65.2619726565672,0.0,12724.616818750073,16.48,0.68,0.0,0.0,7.0,1.8968592631667593
933,6,train_0506,12164.090237839726,10106.90253252419,60.69025325241892,0.0,12224.780491092144,14.34,0.68,0.0,0.0,7.0,1.8968592631667593
934,6,train_0053,12649.124268645219,10025.142109329303,52.5142109329303,0.0,12701.638479578149,15.16,0.58,0.0,0.0,7.0,1.8968592631667593
935,6,train_0471,12556.342427352822,10546.98802252594,104.69880225259404,0.0,12661.041229605416,15.34,0.58,0.0,0.0,7.0,1.8968592631667593
936,6,train_0577,12811.22393412175,10947.793352460714,144.77933524607144,0.0,12956.003269367822,14.76,0.76,0.0,0.0,7.0,1.8968592631667593
937,6,train_0268,12454.717385363638,10541.341466805517,104.13414668055175,0.0,12558.85153204419,17.42,0.64,0.0,0.0,7.0,1.8968592631667593
938,6,train_0452,12613.211794601259,10301.084492921964,80.10844929219638,0.0,12693.320243893455,16.04,0.74,0.0,0.0,7.0,1.8968592631667593
939,6,train_0427,12794.970173327762,9992.839595915699,49.283959591569875,0.0,12844.254132919332,16.12,0.56,0.0,0.0,7.0,1.8968592631667593
940,6,train_0537,12325.885161130602,10221.212208225734,72.12122082257338,0.0,12398.006381953175,16.28,0.72,0.0,0.0,7.0,1.8968592631667593
941,6,train_0020,12832.282966901488,10293.482461285861,79.34824612858611,0.0,12911.631213030074,14.42,0.74,0.0,0.0,7.0,1.8968592631667593
942,6,train_0423,12321.81039154093,10127.457162866003,62.74571628660033,0.0,12384.556107827531,16.84,0.7,0.0,0.0,7.0,1.8968592631667593
943,6,train_0233,13079.61719005078,10267.293225635254,76.72932256352543,0.0,13156.346512614306,16.34,0.76,0.0,0.0,7.0,1.8968592631667593
944,6,train_0515,12002.352330626873,10663.609134405433,116.3609134405433,0.0,12118.713244067416,17.54,0.56,0.0,0.0,7.0,1.8968592631667593
945,6,train_0516,12937.275958311993,10120.396506178357,62.039650617835655,0.0,12999.315608929828,14.64,0.62,0.0,0.0,7.0,1.8968592631667593
946,6,train_0171,13317.707325825648,10445.59700293586,94.55970029358596,0.0,13412.267026119234,17.56,0.62,0.0,0.0,7.0,1.8968592631667593
947,6,train_0347,12382.263181798198,10330.882765126316,83.08827651263164,0.0,12465.35145831083,16.24,0.6,0.0,0.0,7.0,1.8968592631667593
948,6,train_0296,12617.79138961333,10393.883897564861,89.38838975648615,0.0,12707.179779369817,13.74,0.7,0.0,0.0,7.0,1.8968592631667593
949,6,train_0334,12523.100780114659,10352.9169868863,85.29169868862992,0.0,12608.39247880329,15.42,0.68,0.0,0.0,7.0,1.8968592631667593
950,6,train_0499,11903.962559108491,10436.99139422161,93.699139422161,0.0,11997.661698530652,17.48,0.84,0.0,0.0,7.0,1.8968592631667593
951,6,train_0398,12022.44184921432,10040.043672786698,54.00436727866982,0.0,12076.44621649299,14.76,0.56,0.0,0.0,7.0,1.8968592631667593
952,6,train_0453,12285.609885530228,10282.027151948136,78.20271519481358,0.0,12363.812600725041,16.32,0.62,0.0,0.0,7.0,1.8968592631667593
953,6,train_0406,12555.743514416972,9919.883934208287,41.98839342082866,0.0,12597.7319078378,17.46,0.62,0.0,0.0,7.0,1.8968592631667593
954,6,train_0150,12300.484983931641,10418.252066256755,91.82520662567549,0.0,12392.310190557317,17.7,0.74,0.0,0.0,7.0,1.8968592631667593
955,6,train_0350,12188.452485686728,10396.049152527943,89.60491525279431,0.0,12278.057400939522,16.1,0.64,0.0,0.0,7.0,1.8968592631667593
956,6,train_0227,12682.11432872495,10760.24607189358,126.024607189358,0.0,12808.138935914309,15.9,0.64,0.0,0.0,7.0,1.8968592631667593
957,6,train_0252,12165.67515333863,10247.429208912188,74.74292089121882,0.0,12240.418074229849,15.0,0.6,0.0,0.0,7.0,1.8968592631667593
958,6,train_0067,12065.974117103771,10107.370735537632,60.73707355376319,0.0,12126.711190657534,19.62,0.66,0.0,0.0,7.0,1.8968592631667593
959,6,train_0110,12558.99282273543,10463.549398067682,96.3549398067682,0.0,12655.347762542198,17.72,0.74,0.0,0.0,7.0,1.8968592631667593
960,6,train_0206,12638.773290048552,10618.742092172246,111.8742092172246,0.0,12750.647499265777,13.52,0.68,0.0,0.0,7.0,1.8968592631667593
961,6,train_0175,12239.745718363376,10500.147069602623,100.01470696026227,0.0,12339.760425323639,17.04,0.64,0.0,0.0,7.0,1.8968592631667593
962,6,train_0381,12216.94374651271,10127.955348556974,62.79553485569741,0.0,12279.739281368407,15.32,0.68,0.0,0.0,7.0,1.8968592631667593
963,6,train_0175,12412.085812455636,10112.812916926803,61.28129169268032,0.0,12473.367104148316,18.16,0.68,0.0,0.0,7.0,1.8968592631667593
964,6,train_0148,12682.229803474074,10408.103035461138,90.81030354611376,0.0,12773.040107020188,18.12,0.62,0.0,0.0,7.0,1.8968592631667593
965,6,train_0258,12610.778708591482,10415.114978817848,91.51149788178482,0.0,12702.290206473268,15.66,0.76,0.0,0.0,7.0,1.8968592631667593
966,6,train_0340,12313.397664745655,10496.136030600559,99.61360306005591,0.0,12413.01126780571,16.8,0.76,0.0,0.0,7.0,1.8968592631667593
967,6,train_0599,12147.224619443892,10144.22353331044,64.422353331044,0.0,12211.646972774935,16.22,0.58,0.0,0.0,7.0,1.8968592631667593
968,6,train_0306,12378.764234117376,10584.814813978404,108.48148139784044,0.0,12487.245715515217,15.4,0.7,0.0,0.0,7.0,1.8968592631667593
969,6,train_0211,12548.148295421624,10251.46965545157,75.14696554515704,0.0,12623.295260966781,17.66,0.66,0.0,0.0,7.0,1.8968592631667593
970,6,train_0193,12697.132649421637,10462.022796797479,96.20227967974789,0.0,12793.334929101386,13.28,0.62,0.0,0.0,7.0,1.8968592631667593
971,6,train_0268,12550.091416828946,10390.236441213103,89.02364412131028,0.0,12639.115060950257,16.66,0.64,0.0,0.0,7.0,1.8968592631667593
972,6,train_0556,12462.832170169186,10339.000727111415,83.90007271114155,0.0,12546.732242880327,13.82,0.6,0.0,0.0,7.0,1.8968592631667593
973,6,train_0222,12399.37449936437,10399.32213745306,89.93221374530604,0.0,12489.306713109676,18.26,0.7,0.0,0.0,7.0,1.8968592631667593
974,6,train_0147,12430.200535535809,10926.660084639901,142.66600846399015,0.0,12572.866543999799,16.1,0.76,0.0,0.0,7.0,1.8968592631667593
975,6,train_0348,12610.705916435969,10223.968296700239,72.3968296700239,0.0,12683.102746105993,16.26,0.7,0.0,0.0,7.0,1.8968592631667593
976,6,train_0464,12496.275089457726,9979.835637812801,47.983563781280104,0.0,12544.258653239005,15.8,0.62,0.0,0.0,7.0,1.8968592631667593
977,6,train_0568,13119.14322572291,10575.116803805638,107.51168038056386,0.0,13226.654906103473,16.96,0.64,0.0,0.0,7.0,1.8968592631667593
978,6,train_0168,12782.397286634214,10347.212999823098,84.72129998230976,0.0,12867.118586616523,16.88,0.6,0.0,0.0,7.0,1.8968592631667593
979,6,train_0533,11982.274184558992,10123.481034900662,62.34810349006621,0.0,12044.622288049059,17.22,0.7,0.0,0.0,7.0,1.8968592631667593
980,6,train_0513,12755.640375074261,10079.802196762137,57.980219676213714,0.0,12813.620594750475,16.42,0.74,0.0,0.0,7.0,1.8968592631667593
981,6,train_0226,12352.742174350637,10154.575540421365,65.45755404213651,0.0,12418.199728392774,15.04,0.68,0.0,0.0,7.0,1.8968592631667593
982,6,train_0201,12140.779244062594,10491.478448730239,99.14784487302387,0.0,12239.927088935618,17.68,0.72,0.0,0.0,7.0,1.8968592631667593
983,6,train_0160,12429.75251539187,10371.005495780177,87.10054957801768,0.0,12516.853064969888,17.14,0.68,0.0,0.0,7.0,1.8968592631667593
984,6,train_0190,12845.166720990357,10660.738571941498,116.0738571941498,0.0,12961.240578184506,17.4,0.68,0.0,0.0,7.0,1.8968592631667593
985,6,train_0530,13095.68876372839,10363.368833782617,86.3368833782617,0.0,13182.025647106653,16.7,0.78,0.0,0.0,7.0,1.8968592631667593
986,6,train_0186,12324.299909817066,10563.706388642866,106.3706388642866,0.0,12430.670548681352,14.2,0.8,0.0,0.0,7.0,1.8968592631667593
987,6,train_0296,12448.942495483236,10510.861081875326,101.0861081875326,0.0,12550.028603670768,15.96,0.74,0.0,0.0,7.0,1.8968592631667593
988,6,train_0560,12672.633789356336,10395.040652518359,89.5040652518359,0.0,12762.137854608172,16.78,0.68,0.0,0.0,7.0,1.8968592631667593
989,6,train_0411,12948.272992205064,10993.550623041658,149.35506230416578,0.0,13097.62805450923,16.6,0.74,0.0,0.0,7.0,1.8968592631667593
990,6,train_0078,12625.481182487472,10348.273045478416,84.8273045478416,0.0,12710.308487035314,14.88,0.7,0.0,0.0,7.0,1.8968592631667593
991,6,train_0043,12412.074838276732,10332.49250679477,83.24925067947697,0.0,12495.32408895621,18.28,0.7,0.0,0.0,7.0,1.8968592631667593
992,6,train_0134,13097.670826144498,10291.280279998224,79.12802799982238,0.0,13176.798854144321,13.4,0.76,0.0,0.0,7.0,1.8968592631667593
993,6,train_0519,12753.843919776336,10650.470316519306,115.0470316519306,0.0,12868.890951428268,17.24,0.68,0.0,0.0,7.0,1.8968592631667593
994,6,train_0136,12549.433535585715,10181.274526544366,68.12745265443664,0.0,12617.560988240151,16.32,0.7,0.0,0.0,7.0,1.8968592631667593
995,6,train_0187,12352.093895176535,10065.432625891146,56.543262589114605,0.0,12408.63715776565,15.74,0.8,0.0,0.0,7.0,1.8968592631667593
996,6,train_0324,12536.925684456848,10208.958275811003,70.89582758110028,0.0,12607.821512037948,14.12,0.56,0.0,0.0,7.0,1.8968592631667593
997,6,train_0296,12525.492706411029,10352.500050885486,85.25000508854865,0.0,12610.742711499577,14.64,0.6,0.0,0.0,7.0,1.8968592631667593
998,6,train_0045,12369.822755533503,10393.332938116362,89.33329381163622,0.0,12459.15604934514,13.28,0.7,0.0,0.0,7.0,1.8968592631667593
999,6,train_0118,12237.872778568864,10397.885283152878,89.78852831528785,0.0,12327.661306884153,14.92,0.72,0.0,0.0,7.0,1.8968592631667593
1000,6,train_0596,12374.889697373213,10349.929277295761,84.99292772957615,0.0,12459.88262510279,16.2,0.64,0.0,0.0,7.0,1.8968592631667593
1001,6,train_0252,11946.536184630388,10329.777534574912,82.97775345749125,0.0,12029.513938087879,16.16,0.7,0.0,0.0,7.0,1.8968592631667593
1002,6,train_0166,12416.659259654705,9824.933536930876,32.493353693087556,0.0,12449.152613347793,13.22,0.72,0.0,0.0,7.0,1.8968592631667593
1003,6,train_0496,12736.955913913473,9950.594503469703,45.05945034697034,0.0,12782.015364260444,15.72,0.76,0.0,0.0,7.0,1.8968592631667593
1004,6,train_0279,12512.079127160534,10170.258944733567,67.02589447335667,0.0,12579.10502163389,16.94,0.76,0.0,0.0,7.0,1.8968592631667593
1005,6,train_0496,12660.517440716107,10018.249205523101,51.82492055231015,0.0,12712.342361268416,17.34,0.66,0.0,0.0,7.0,1.8968592631667593
1006,6,train_0095,12653.875497003217,9847.03046266733,34.70304626673296,0.0,12688.57854326995,17.32,0.6,0.0,0.0,7.0,1.8968592631667593
1007,6,train_0284,12470.666925518883,10199.963989401407,69.99639894014072,0.0,12540.663324459023,16.42,0.76,0.0,0.0,7.0,1.8968592631667593
1008,6,train_0486,12617.756671714862,10372.358211020704,87.23582110207045,0.0,12704.992492816933,14.96,0.6,0.0,0.0,7.0,1.8968592631667593
1009,6,train_0460,12113.652162137143,10630.559669596114,113.0559669596114,0.0,12226.708129096754,15.54,0.72,0.0,0.0,7.0,1.8968592631667593
1010,6,train_0406,12401.459984152272,10413.6301066759,91.36301066759006,0.0,12492.822994819862,17.16,0.56,0.0,0.0,7.0,1.8968592631667593
1011,6,train_0274,12298.949866748386,10439.034557119667,93.90345571196667,0.0,12392.853322460353,15.14,0.68,0.0,0.0,7.0,1.8968592631667593
1012,6,train_0494,12036.257408957397,10510.983228997593,101.0983228997593,0.0,12137.355731857157,16.94,0.78,0.0,0.0,7.0,1.8968592631667593
1013,6,train_0224,12403.772633956702,10192.463390220651,69.24633902206516,0.0,12473.018972978767,14.16,0.74,0.0,0.0,7.0,1.8968592631667593
1014,6,train_0395,11856.85131160612,10482.805964762918,98.2805964762918,0.0,11955.131908082412,15.48,0.84,0.0,0.0,7.0,1.8968592631667593
1015,6,train_0327,12733.471153950906,10313.429581582066,81.34295815820661,0.0,12814.814112109112,16.32,0.62,0.0,0.0,7.0,1.8968592631667593
1016,6,train_0180,12855.824722995148,10234.770726500501,73.4770726500501,0.0,12929.301795645199,18.48,0.7,0.0,0.0,7.0,1.8968592631667593
1017,6,train_0120,12452.573206795714,9953.454405086264,45.34544050862642,0.0,12497.918647304341,18.08,0.7,0.0,0.0,7.0,1.8968592631667593
1018,6,train_0319,12332.816398448918,10199.639473581163,69.96394735811627,0.0,12402.780345807034,15.5,0.74,0.0,0.0,7.0,1.8968592631667593
1019,6,train_0189,12362.815881366902,10121.838671827689,62.183867182768886,0.0,12424.99974854967,16.22,0.58,0.0,0.0,7.0,1.8968592631667593
1020,6,train_0310,11999.308961757451,10295.957599320112,79.59575993201125,0.0,12078.904721689463,15.56,0.62,0.0,0.0,7.0,1.8968592631667593
1021,6,train_0423,12385.826169597345,9990.753931468491,49.075393146849095,0.0,12434.901562744195,17.76,0.78,0.0,0.0,7.0,1.8968592631667593
1022,6,train_0481,12272.130643059101,10135.485694141978,63.54856941419785,0.0,12335.679212473298,15.96,0.68,0.0,0.0,7.0,1.8968592631667593
1023,6,train_0462,12878.704305902598,10158.375072448027,65.8375072448027,0.0,12944.541813147402,15.86,0.74,0.0,0.0,7.0,1.8968592631667593
1024,7,train_0306,12622.409214000858,10473.899313638962,97.38993136389618,0.0,12719.799145364754,13.68,0.6,0.0,0.0,7.0,1.8968592631667593
1025,7,train_0034,12456.594791399377,10621.846271837563,112.18462718375632,0.0,12568.779418583134,15.12,0.62,0.0,0.0,7.0,1.8968592631667593
1026,7,train_0108,12278.946014762047,10430.48101533404,93.04810153340405,0.0,12371.994116295451,18.84,0.6,0.0,0.0,7.0,1.8968592631667593
1027,7,train_0439,12229.046621258602,10457.302007928218,95.73020079282179,0.0,12324.776822051423,13.84,0.7,0.0,0.0,7.0,1.8968592631667593
1028,7,train_0357,12078.472626294182,10368.5781723749,86.85781723749005,0.0,12165.330443531671,16.52,0.76,0.0,0.0,7.0,1.8968592631667593
1029,7,train_0490,12443.868866664649,9994.702140261443,49.470214026144276,0.0,12493.339080690792,16.76,0.76,0.0,0.0,7.0,1.8968592631667593
1030,7,train_0294,12315.427984838298,10236.954580217278,73.69545802172779,0.0,12389.123442860026,15.94,0.6,0.0,0.0,7.0,1.8968592631667593
1031,7,train_0267,12729.280952266745,9792.483452467526,29.248345246752617,0.0,12758.529297513498,15.8,0.76,0.0,0.0,7.0,1.8968592631667593
1032,7,train_0146,12299.861916959719,10425.42584011647,92.54258401164698,0.0,12392.404500971366,15.72,0.66,0.0,0.0,7.0,1.8968592631667593
1033,7,train_0037,13308.894599008687,10486.34353473362,98.634353473362,0.0,13407.52895248205,17.38,0.74,0.0,0.0,7.0,1.8968592631667593
1034,7,train_0086,11903.541660555878,9930.328709771215,43.03287097712146,0.0,11946.574531533,15.6,0.78,0.0,0.0,7.0,1.8968592631667593
1035,7,train_0409,12719.550884552194,10792.166938346634,129.21669383466343,0.0,12848.767578386858,18.34,0.58,0.0,0.0,7.0,1.8968592631667593
1036,7,train_0347,12410.637073237987,10347.033762344125,84.70337623441247,0.0,12495.3404494724,15.88,0.76,0.0,0.0,7.0,1.8968592631667593
1037,7,train_0147,12802.929129990607,10274.093532892392,77.40935328923916,0.0,12880.338483279846,17.74,0.66,0.0,0.0,7.0,1.8968592631667593
1038,7,train_0217,12376.545986690922,10751.822557733278,125.18225577332778,0.0,12501.72824246425,18.5,0.66,0.0,0.0,7.0,1.8968592631667593
1039,7,train_0386,12660.836897608442,10347.462103993863,84.7462103993863,0.0,12745.583108007828,16.1,0.72,0.0,0.0,7.0,1.8968592631667593
1040,7,train_0229,13104.990610752178,10386.14951912335,88.61495191233499,0.0,13193.605562664514,16.12,0.74,0.0,0.0,7.0,1.8968592631667593
1041,7,train_0225,12302.68261983018,10492.40228362727,99.24022836272707,0.0,12401.922848192908,16.3,0.76,0.0,0.0,7.0,1.8968592631667593
1042,7,train_0162,11867.922944127438,9751.957448624222,25.19574486242218,0.0,11893.11868898986,16.16,0.64,0.0,0.0,7.0,1.8968592631667593
1043,7,train_0382,12617.323785967015,10584.620597495908,108.46205974959085,0.0,12725.785845716606,16.22,0.72,0.0,0.0,7.0,1.8968592631667593
1044,7,train_0534,12346.114991199784,10656.092438481184,115.60924384811842,0.0,12461.724235047903,16.66,0.74,0.0,0.0,7.0,1.8968592631667593
1045,7,train_0154,12677.39525948614,10368.219620828384,86.82196208283841,0.0,12764.217221568979,19.98,0.58,0.0,0.0,7.0,1.8968592631667593
1046,7,train_0174,12704.410649508896,10132.737028105497,63.273702810549736,0.0,12767.684352319446,15.64,0.72,0.0,0.0,7.0,1.8968592631667593
1047,7,train_0285,12746.635685358826,9962.564572302961,46.256457230296114,0.0,12792.892142589122,15.26,0.62,0.0,0.0,7.0,1.8968592631667593
1048,7,train_0114,12610.121830134165,9702.489887107102,20.248988710710183,0.0,12630.370818844875,16.08,0.68,0.0,0.0,7.0,1.8968592631667593
1049,7,train_0314,12363.172300978738,10190.254718640654,69.02547186406537,0.0,12432.197772842803,15.96,0.6,0.0,0.0,7.0,1.8968592631667593
1050,7,train_0531,12471.307695104282,10339.580693596718,83.95806935967175,0.0,12555.265764463955,17.68,0.6,0.0,0.0,7.0,1.8968592631667593
1051,7,train_0378,12509.75018410184,10447.62698525001,94.762698525001,0.0,12604.512882626841,17.14,0.84,0.0,0.0,7.0,1.8968592631667593
1052,7,train_0098,12356.404639621827,10131.452650278421,63.14526502784211,0.0,12419.54990464967,14.9,0.7,0.0,0.0,7.0,1.8968592631667593
1053,7,train_0121,12433.247706669,10146.50853688951,64.65085368895107,0.0,12497.898560357951,13.52,0.54,0.0,0.0,7.0,1.8968592631667593
1054,7,train_0045,12507.243485681383,10447.277600020374,94.7277600020374,0.0,12601.97124568342,15.28,0.78,0.0,0.0,7.0,1.8968592631667593
1055,7,train_0577,13001.061419604592,10725.511712824624,122.55117128246239,0.0,13123.612590887054,15.56,0.66,0.0,0.0,7.0,1.8968592631667593
1056,7,train_0207,12085.069589293325,10117.26119491479,61.72611949147904,0.0,12146.795708784804,15.46,0.68,0.0,0.0,7.0,1.8968592631667593
1057,7,train_0173,12747.175980181819,10403.848215963095,90.3848215963095,0.0,12837.560801778129,17.32,0.58,0.0,0.0,7.0,1.8968592631667593
1058,7,train_0515,12669.870025664615,10216.11108920205,71.61110892020497,0.0,12741.481134584821,17.9,0.78,0.0,0.0,7.0,1.8968592631667593
1059,7,train_0183,12965.236182671226,10043.662139675302,54.36621396753017,0.0,13019.602396638757,15.48,0.74,0.0,0.0,7.0,1.8968592631667593
1060,7,train_0139,12331.980718525872,10306.102156297817,80.61021562978168,0.0,12412.590934155654,14.98,0.66,0.0,0.0,7.0,1.8968592631667593
1061,7,train_0153,12228.45964397212,10374.812792761677,87.4812792761677,0.0,12315.940923248289,17.66,0.64,0.0,0.0,7.0,1.8968592631667593
1062,7,train_0237,12304.471005509504,10358.745217080206,85.87452170802062,0.0,12390.345527217525,16.36,0.66,0.0,0.0,7.0,1.8968592631667593
1063,7,train_0040,12759.97662614996,10478.699884519327,97.86998845193267,0.0,12857.846614601893,15.44,0.66,0.0,0.0,7.0,1.8968592631667593
1064,7,train_0384,12058.974497378604,10118.493638951546,61.8493638951546,0.0,12120.823861273759,16.4,0.64,0.0,0.0,7.0,1.8968592631667593
1065,7,train_0253,11837.196105173936,10190.281840075235,69.02818400752349,0.0,11906.22428918146,18.04,0.76,0.0,0.0,7.0,1.8968592631667593
1066,7,train_0582,12332.791392819108,10536.236246362356,103.62362463623559,0.0,12436.415017455343,15.04,0.78,0.0,0.0,7.0,1.8968592631667593
1067,7,train_0463,12051.485532857047,10070.213345548302,57.021334554830176,0.0,12108.506867411877,15.96,0.68,0.0,0.0,7.0,1.8968592631667593
1068,7,train_0230,12590.483305480959,10119.26810252551,61.92681025255097,0.0,12652.41011573351,16.88,0.64,0.0,0.0,7.0,1.8968592631667593
1069,7,train_0425,13024.66495516582,10333.161074457152,83.31610744571518,0.0,13107.981062611534,14.52,0.78,0.0,0.0,7.0,1.8968592631667593
1070,7,train_0483,13037.187817845595,10448.687985300472,94.86879853004721,0.0,13132.056616375643,16.78,0.64,0.0,0.0,7.0,1.8968592631667593
1071,7,train_0117,12135.457226305301,10032.418483892294,53.24184838922938,0.0,12188.69907469453,16.36,0.7,0.0,0.0,7.0,1.8968592631667593
1072,7,train_0095,12666.621338383484,9994.2635436928,49.42635436927995,0.0,12716.047692752763,17.04,0.64,0.0,0.0,7.0,1.8968592631667593
1073,7,train_0082,12997.81321685305,10215.668849135454,71.56688491354544,0.0,13069.380101766596,15.86,0.68,0.0,0.0,7.0,1.8968592631667593
1074,7,train_0027,12314.571212213348,10680.280090566346,118.02800905663463,0.0,12432.599221269982,14.68,0.64,0.0,0.0,7.0,1.8968592631667593
1075,7,train_0192,12619.298284557008,10509.182828180812,100.91828281808121,0.0,12720.21656737509,16.22,0.68,0.0,0.0,7.0,1.8968592631667593
1076,7,train_0476,12273.092940872666,10506.819457991158,100.6819457991158,0.0,12373.774886671781,16.3,0.64,0.0,0.0,7.0,1.8968592631667593
1077,7,train_0460,12863.771601268945,10001.133889474337,50.11338894743367,0.0,12913.884990216378,13.5,0.62,0.0,0.0,7.0,1.8968592631667593
1078,7,train_0226,11990.232241882673,10121.393543764185,62.13935437641849,0.0,12052.371596259092,14.76,0.66,0.0,0.0,7.0,1.8968592631667593
1079,7,train_0292,12652.877948774632,10301.431216538333,80.14312165383326,0.0,12733.021070428465,17.86,0.8,0.0,0.0,7.0,1.8968592631667593
1080,7,train_0460,12437.951315616381,10279.623082094957,77.96230820949569,0.0,12515.913623825876,13.74,0.52,0.0,0.0,7.0,1.8968592631667593
1081,7,train_0553,11985.769916560232,9722.334396230617,22.233439623061713,0.0,12008.003356183293,16.42,0.72,0.0,0.0,7.0,1.8968592631667593
1082,7,train_0168,13142.410172783722,10209.5827025993,70.95827025993003,0.0,13213.368443043651,16.1,0.64,0.0,0.0,7.0,1.8968592631667593
1083,7,train_0393,12487.75713791726,10166.265331454435,66.6265331454435,0.0,12554.383671062704,13.62,0.64,0.0,0.0,7.0,1.8968592631667593
1084,7,train_0356,12696.957254177927,10571.847807836748,107.1847807836748,0.0,12804.142034961602,14.34,0.54,0.0,0.0,7.0,1.8968592631667593
1085,7,train_0372,12802.387696248692,10587.376383193516,108.73763831935157,0.0,12911.125334568043,16.08,0.76,0.0,0.0,7.0,1.8968592631667593
1086,7,train_0481,12235.393670966343,10352.234514058478,85.22345140584785,0.0,12320.61712237219,16.14,0.66,0.0,0.0,7.0,1.8968592631667593
1087,7,train_0460,12683.015820349565,10202.540117040873,70.25401170408732,0.0,12753.269832053653,15.16,0.68,0.0,0.0,7.0,1.8968592631667593
1088,7,train_0237,12366.271042025757,10384.061492506702,88.40614925067021,0.0,12454.677191276427,15.1,0.66,0.0,0.0,7.0,1.8968592631667593
1089,7,train_0450,12566.504867479294,9792.713476327392,29.271347632739165,0.0,12595.776215112033,13.26,0.6,0.0,0.0,7.0,1.8968592631667593
1090,7,train_0032,13036.478272441926,10121.59082097277,62.15908209727695,0.0,13098.637354539202,18.68,0.76,0.0,0.0,7.0,1.8968592631667593
1091,7,train_0206,12750.70988556751,10241.836970100494,74.1836970100494,0.0,12824.893582577559,14.84,0.8,0.0,0.0,7.0,1.8968592631667593
1092,7,train_0130,12340.240971459069,10360.538521775714,86.0538521775714,0.0,12426.29482363664,15.12,0.64,0.0,0.0,7.0,1.8968592631667593
1093,7,train_0154,12557.855393938546,10648.56771942212,114.85677194221208,0.0,12672.712165880757,19.3,0.68,0.0,0.0,7.0,1.8968592631667593
1094,7,train_0541,12944.11747398361,10091.035721908906,59.10357219089056,0.0,13003.2210461745,17.98,0.72,0.0,0.0,7.0,1.8968592631667593
1095,7,train_0262,12736.404453694428,10245.43558965003,74.54355896500293,0.0,12810.94801265943,14.86,0.7,0.0,0.0,7.0,1.8968592631667593
1096,7,train_0043,12138.858104676077,10445.047442806379,94.50474428063791,0.0,12233.362848956715,17.14,0.68,0.0,0.0,7.0,1.8968592631667593
1097,7,train_0293,11930.601470652484,10307.751467113389,80.77514671133886,0.0,12011.376617363823,15.46,0.66,0.0,0.0,7.0,1.8968592631667593
1098,7,train_0041,12518.816973917728,10174.944214228672,67.49442142286716,0.0,12586.311395340595,14.54,0.68,0.0,0.0,7.0,1.8968592631667593
1099,7,train_0085,12766.509603424052,9997.865374378744,49.78653743787436,0.0,12816.296140861927,15.5,0.68,0.0,0.0,7.0,1.8968592631667593
1100,7,train_0230,12428.276919230117,10247.014757696621,74.70147576966211,0.0,12502.978394999778,16.66,0.74,0.0,0.0,7.0,1.8968592631667593
1101,7,train_0264,12216.54609855248,10033.99410553166,53.39941055316595,0.0,12269.945509105646,16.62,0.58,0.0,0.0,7.0,1.8968592631667593
1102,7,train_0139,12543.117182274484,10068.829496537033,56.88294965370333,0.0,12600.000131928187,13.94,0.8,0.0,0.0,7.0,1.8968592631667593
1103,7,train_0383,12189.174220876594,10171.119188387293,67.11191883872925,0.0,12256.286139715323,16.34,0.7,0.0,0.0,7.0,1.8968592631667593
1104,7,train_0298,11926.946803957499,10061.138638563101,56.11386385631013,0.0,11983.060667813808,16.48,0.7,0.0,0.0,7.0,1.8968592631667593
1105,7,train_0081,12436.44239546762,10320.439869756385,82.04398697563848,0.0,12518.48638244326,16.06,0.7,0.0,0.0,7.0,1.8968592631667593
1106,7,train_0493,12372.756952914664,9882.984054883626,38.298405488362555,0.0,12411.055358403026,17.02,0.68,0.0,0.0,7.0,1.8968592631667593
1107,7,train_0082,13030.405911178728,10282.794660844718,78.27946608447184,0.0,13108.6853772632,14.82,0.82,0.0,0.0,7.0,1.8968592631667593
1108,7,train_0215,12830.225663259433,10756.4625674824,125.64625674824002,0.0,12955.871920007672,16.44,0.62,0.0,0.0,7.0,1.8968592631667593
1109,7,train_0104,12121.678348123569,10818.07691837127,131.80769183712692,0.0,12253.486039960695,17.4,0.72,0.0,0.0,7.0,1.8968592631667593
1110,7,train_0566,12323.386575177003,9785.137602460029,28.51376024600286,0.0,12351.900335423006,14.62,0.74,0.0,0.0,7.0,1.8968592631667593
1111,7,train_0169,12084.032481914734,9980.650957758842,48.065095775884224,0.0,12132.097577690618,16.74,0.68,0.0,0.0,7.0,1.8968592631667593
1112,7,train_0520,12101.509299348883,10082.28616870183,58.22861687018303,0.0,12159.737916219066,17.42,0.68,0.0,0.0,7.0,1.8968592631667593
1113,7,train_0577,13230.031971714563,10633.604049372789,113.36040493727887,0.0,13343.392376651842,15.8,0.62,0.0,0.0,7.0,1.8968592631667593
1114,7,train_0131,13019.036636185783,10779.230304948414,127.92303049484144,0.0,13146.959666680625,16.76,0.7,0.0,0.0,7.0,1.8968592631667593
1115,7,train_0015,12168.592268221604,10281.16673004465,78.11667300446499,0.0,12246.708941226068,15.76,0.8,0.0,0.0,7.0,1.8968592631667593
1116,7,train_0008,12616.37991813523,10593.15894280341,109.31589428034096,0.0,12725.69581241557,15.26,0.72,0.0,0.0,7.0,1.8968592631667593
1117,7,train_0110,12490.525827284588,10212.26804345204,71.22680434520407,0.0,12561.752631629792,18.42,0.68,0.0,0.0,7.0,1.8968592631667593
1118,7,train_0240,12849.686856699334,10721.058935242192,122.10589352421921,0.0,12971.792750223554,16.44,0.76,0.0,0.0,7.0,1.8968592631667593
1119,7,train_0099,12156.812624766291,9917.545261885314,41.75452618853142,0.0,12198.567150954823,16.96,0.74,0.0,0.0,7.0,1.8968592631667593
1120,7,train_0574,12587.641847676143,10347.097840032042,84.70978400320419,0.0,12672.351631679347,14.3,0.7,0.0,0.0,7.0,1.8968592631667593
1121,7,train_0284,12595.953226620371,10168.31873186299,66.83187318629898,0.0,12662.78509980667,14.76,0.66,0.0,0.0,7.0,1.8968592631667593
1122,7,train_0508,12789.603110576814,10265.955474845126,76.59554748451265,0.0,12866.198658061327,15.5,0.58,0.0,0.0,7.0,1.8968592631667593
1123,7,train_0009,12504.482214028598,10331.10922751968,83.11092275196808,0.0,12587.593136780566,14.9,0.76,0.0,0.0,7.0,1.8968592631667593
1124,7,train_0079,12577.43172944654,10356.00623755906,85.60062375590606,0.0,12663.032353202447,16.64,0.58,0.0,0.0,7.0,1.8968592631667593
1125,7,train_0274,12762.578399554879,10442.36725858847,94.23672585884707,0.0,12856.815125413726,18.14,0.56,0.0,0.0,7.0,1.8968592631667593
1126,7,train_0097,12350.906032956218,10212.732293944853,71.27322939448531,0.0,12422.179262350703,17.68,0.8,0.0,0.0,7.0,1.8968592631667593
1127,7,train_0097,12129.083476380765,10415.667615576931,91.5667615576931,0.0,12220.650237938458,16.68,0.66,0.0,0.0,7.0,1.8968592631667593
1128,7,train_0014,12698.867270959312,10296.102966885699,79.61029668856992,0.0,12778.477567647882,17.02,0.72,0.0,0.0,7.0,1.8968592631667593
1129,7,train_0161,12588.888499900491,10218.691006951003,71.86910069510031,0.0,12660.757600595593,16.12,0.76,0.0,0.0,7.0,1.8968592631667593
1130,7,train_0458,12829.919104477107,10569.335893825726,106.93358938257262,0.0,12936.852693859679,14.54,0.66,0.0,0.0,7.0,1.8968592631667593
1131,7,train_0475,12163.599573119147,9731.364938693401,23.13649386934012,0.0,12186.736066988487,16.18,0.8,0.0,0.0,7.0,1.8968592631667593
1132,7,train_0305,12447.908491154354,10282.6786695855,78.26786695855009,0.0,12526.176358112903,14.56,0.66,0.0,0.0,7.0,1.8968592631667593
1133,7,train_0110,12428.377415792274,10461.514492254351,96.15144922543514,0.0,12524.52886501771,18.14,0.62,0.0,0.0,7.0,1.8968592631667593
1134,7,train_0269,12101.242190725337,9605.448212232079,10.544821223207874,0.0,12111.787011948545,14.74,0.5,0.0,0.0,7.0,1.8968592631667593
1135,7,train_0370,12594.962927657984,10212.110190956686,71.2110190956686,0.0,12666.173946753652,14.56,0.78,0.0,0.0,7.0,1.8968592631667593
1136,7,train_0088,12813.93190689119,10064.664485531837,56.46644855318373,0.0,12870.398355444373,17.16,0.68,0.0,0.0,7.0,1.8968592631667593
1137,7,train_0243,12475.648286432319,10308.787117924592,80.87871179245923,0.0,12556.526998224777,16.64,0.7,0.0,0.0,7.0,1.8968592631667593
1138,7,train_0493,12433.33924672223,9868.793736560861,36.87937365608614,0.0,12470.218620378315,17.22,0.7,0.0,0.0,7.0,1.8968592631667593
1139,7,train_0250,12410.67045495393,10277.061807367776,77.70618073677761,0.0,12488.376635690707,14.34,0.74,0.0,0.0,7.0,1.8968592631667593
1140,7,train_0282,12643.981181856514,9830.798425647674,33.07984256476739,0.0,12677.061024421282,16.32,0.64,0.0,0.0,7.0,1.8968592631667593
1141,7,train_0490,12282.158634788508,10098.040934391029,59.80409343910287,0.0,12341.96272822761,16.62,0.66,0.0,0.0,7.0,1.8968592631667593
1142,7,train_0402,12406.489870957483,10710.757012860362,121.0757012860362,0.0,12527.565572243519,16.8,0.62,0.0,0.0,7.0,1.8968592631667593
1143,7,train_0096,12526.697860534578,10559.122903105286,105.91229031052863,0.0,12632.610150845107,16.5,0.76,0.0,0.0,7.0,1.8968592631667593
1144,7,train_0365,12865.503911743393,10659.209173387826,115.9209173387826,0.0,12981.424829082176,16.58,0.7,0.0,0.0,7.0,1.8968592631667593
1145,7,train_0554,12394.137161766512,10225.451430116409,72.5451430116409,0.0,12466.682304778153,13.74,0.5,0.0,0.0,7.0,1.8968592631667593
1146,7,train_0127,12465.479142003918,10279.312922756606,77.93129227566061,0.0,12543.410434279578,15.24,0.58,0.0,0.0,7.0,1.8968592631667593
1147,7,train_0536,12313.616324483068,10381.219325014237,88.12193250142373,0.0,12401.738256984492,15.26,0.7,0.0,0.0,7.0,1.8968592631667593
1148,7,train_0351,12947.392174522516,10543.648076315063,104.36480763150631,0.0,13051.756982154022,16.2,0.62,0.0,0.0,7.0,1.8968592631667593
1149,7,train_0400,12805.647586147894,10902.053767556332,140.20537675563318,0.0,12945.852962903527,15.76,0.62,0.0,0.0,7.0,1.8968592631667593
1150,7,train_0198,11860.022648998523,10099.701961497301,59.97019614973015,0.0,11919.992845148254,16.08,0.8,0.0,0.0,7.0,1.8968592631667593
1151,7,train_0029,12400.678716763163,10338.076496225833,83.80764962258327,0.0,12484.486366385747,16.5,0.46,0.0,0.0,7.0,1.8968592631667593
1152,7,train_0016,12176.03898542148,10585.83646275253,108.58364627525299,0.0,12284.622631696733,16.24,0.72,0.0,0.0,7.0,1.8968592631667593
1153,7,train_0397,12462.2396173045,10186.302482913266,68.63024829132665,0.0,12530.869865595827,15.04,0.8,0.0,0.0,7.0,1.8968592631667593
1154,7,train_0589,12472.010536616559,9899.849564015021,39.98495640150213,0.0,12511.995493018061,16.24,0.68,0.0,0.0,7.0,1.8968592631667593
1155,7,train_0360,12169.952892905314,10618.438554217171,111.84385542171714,0.0,12281.796748327031,15.12,0.66,0.0,0.0,7.0,1.8968592631667593
1156,7,train_0214,12189.61774918624,9960.33474251847,46.03347425184693,0.0,12235.651223438086,15.22,0.7,0.0,0.0,7.0,1.8968592631667593
1157,7,train_0463,12196.001199801562,10096.248827942383,59.62488279423833,0.0,12255.6260825958,16.22,0.66,0.0,0.0,7.0,1.8968592631667593
1158,7,train_0567,13053.210117639344,10868.318612768602,136.83186127686022,0.0,13190.041978916204,16.26,0.56,0.0,0.0,7.0,1.8968592631667593
1159,7,train_0128,12211.259620351215,10194.09280166353,69.40928016635299,0.0,12280.668900517569,14.76,0.6,0.0,0.0,7.0,1.8968592631667593
1160,7,train_0062,12349.80248886334,10036.798183424722,53.67981834247221,0.0,12403.482307205813,15.86,0.76,0.0,0.0,7.0,1.8968592631667593
1161,7,train_0572,12582.51114450398,10400.540188790155,90.05401887901553,0.0,12672.565163382995,13.64,0.62,0.0,0.0,7.0,1.8968592631667593
1162,7,train_0027,12833.709144761318,10310.316136326346,81.03161363263462,0.0,12914.740758393953,13.48,0.64,0.0,0.0,7.0,1.8968592631667593
1163,7,train_0531,12409.165366233454,10342.580025065667,84.25800250656667,0.0,12493.423368740021,19.32,0.66,0.0,0.0,7.0,1.8968592631667593
1164,7,train_0086,12154.361990248017,9802.135361406228,30.21353614062282,0.0,12184.57552638864,17.38,0.88,0.0,0.0,7.0,1.8968592631667593
1165,7,train_0068,12434.96313761702,10471.302107174011,97.13021071740114,0.0,12532.093348334422,15.14,0.6,0.0,0.0,7.0,1.8968592631667593
1166,7,train_0165,12305.063213051359,10079.183466899862,57.91834668998618,0.0,12362.981559741345,16.3,0.74,0.0,0.0,7.0,1.8968592631667593
1167,7,train_0189,12147.568219303756,10256.056014262616,75.60560142626164,0.0,12223.173820730017,16.32,0.68,0.0,0.0,7.0,1.8968592631667593
1168,8,train_0198,11852.809883283568,9834.702391617375,33.47023916173748,0.0,11886.280122445305,15.44,0.62,0.0,0.0,7.0,1.8968592631667593
1169,8,train_0019,13110.58630729052,10035.277471893001,53.527747189300136,0.0,13164.11405447982,15.66,0.7,0.0,0.0,7.0,1.8968592631667593
1170,8,train_0512,12490.555608948274,10268.975631709227,76.8975631709227,0.0,12567.453172119196,16.68,0.68,0.0,0.0,7.0,1.8968592631667593
1171,8,train_0498,12622.259795759619,10366.34731155289,86.63473115528905,0.0,12708.894526914908,16.34,0.7,0.0,0.0,7.0,1.8968592631667593
1172,8,train_0408,12047.63021641289,10095.859807210087,59.585980721008674,0.0,12107.2161971339,15.22,0.64,0.0,0.0,7.0,1.8968592631667593
1173,8,train_0549,12710.079712296909,10439.60934206882,93.96093420688194,0.0,12804.04064650379,16.58,0.64,0.0,0.0,7.0,1.8968592631667593
1174,8,train_0562,12388.05061040978,10696.792255425222,119.67922554252219,0.0,12507.729835952303,15.44,0.68,0.0,0.0,7.0,1.8968592631667593
1175,8,train_0593,12137.131057207163,10413.40325550764,91.34032555076392,0.0,12228.471382757927,14.64,0.62,0.0,0.0,7.0,1.8968592631667593
1176,8,train_0225,12531.515767119185,10216.717767057104,71.67177670571037,0.0,12603.187543824895,16.34,0.84,0.0,0.0,7.0,1.8968592631667593
1177,8,train_0367,12526.063423361415,10073.125887219201,57.312588721920115,0.0,12583.376012083334,15.82,0.66,0.0,0.0,7.0,1.8968592631667593
1178,8,train_0457,12490.577792751319,10332.7575035404,83.27575035404007,0.0,12573.853543105359,15.78,0.58,0.0,0.0,7.0,1.8968592631667593
1179,8,train_0399,12625.607325360072,10211.333092570901,71.13330925709015,0.0,12696.740634617161,15.12,0.64,0.0,0.0,7.0,1.8968592631667593
1180,8,train_0474,12494.311551130068,10786.88970532046,128.688970532046,0.0,12623.000521662114,14.08,0.72,0.0,0.0,7.0,1.8968592631667593
1181,8,train_0407,12614.508424193209,10384.207808085439,88.4207808085439,0.0,12702.929205001754,16.54,0.76,0.0,0.0,7.0,1.8968592631667593
1182,8,train_0232,12737.416434032893,10155.70222245873,65.57022224587308,0.0,12802.986656278767,15.38,0.68,0.0,0.0,7.0,1.8968592631667593
1183,8,train_0342,12159.635772323229,10438.811817108017,93.88118171080168,0.0,12253.51695403403,18.38,0.7,0.0,0.0,7.0,1.8968592631667593
1184,8,train_0119,12317.671338832226,10352.354377915151,85.23543779151515,0.0,12402.90677662374,16.14,0.68,0.0,0.0,7.0,1.8968592631667593
1185,8,train_0571,12339.412570544426,10352.238573951061,85.22385739510611,0.0,12424.636427939531,15.14,0.64,0.0,0.0,7.0,1.8968592631667593
1186,8,train_0537,12376.973320316047,9945.619244972178,44.561924497217845,0.0,12421.535244813265,17.64,0.66,0.0,0.0,7.0,1.8968592631667593
1187,8,train_0364,12678.975008743026,10163.41859021808,66.34185902180798,0.0,12745.316867764834,18.3,0.7,0.0,0.0,7.0,1.8968592631667593
1188,8,train_0460,12507.026964490946,10298.466438919879,79.84664389198788,0.0,12586.873608382934,14.66,0.78,0.0,0.0,7.0,1.8968592631667593
1189,8,train_0201,12313.664554104476,10410.072316660258,91.00723166602585,0.0,12404.671785770503,17.76,0.74,0.0,0.0,7.0,1.8968592631667593
1190,8,train_0228,12662.007407093151,10094.902338158012,59.49023381580119,0.0,12721.497640908952,14.96,0.74,0.0,0.0,7.0,1.8968592631667593
1191,8,train_0307,12384.730199140966,10238.43525609056,73.84352560905609,0.0,12458.573724750022,15.84,0.78,0.0,0.0,7.0,1.8968592631667593
1192,8,train_0158,12428.98958786542,10678.211009044622,117.82110090446223,0.0,12546.810688769883,16.72,0.7,0.0,0.0,7.0,1.8968592631667593
1193,8,train_0011,11806.468988717541,10030.09807061031,53.00980706103092,0.0,11859.478795778572,15.72,0.74,0.0,0.0,7.0,1.8968592631667593
1194,8,train_0237,12156.832011645685,10071.513350028008,57.151335002800806,0.0,12213.983346648485,16.58,0.74,0.0,0.0,7.0,1.8968592631667593
1195,8,train_0434,12538.228107899753,10695.952950228544,119.59529502285442,0.0,12657.823402922608,15.32,0.84,0.0,0.0,7.0,1.8968592631667593
1196,8,train_0156,12402.55494596751,10446.916940857336,94.69169408573362,0.0,12497.246640053243,17.1,0.76,0.0,0.0,7.0,1.8968592631667593
1197,8,train_0416,12478.363629478199,10331.473666255799,83.14736662557989,0.0,12561.51099610378,17.12,0.64,0.0,0.0,7.0,1.8968592631667593
1198,8,train_0359,12500.699235603395,10532.922927661826,103.29229276618263,0.0,12603.991528369577,16.26,0.62,0.0,0.0,7.0,1.8968592631667593
1199,8,train_0252,12052.95352934222,10045.050449428509,54.50504494285087,0.0,12107.45857428507,16.32,0.62,0.0,0.0,7.0,1.8968592631667593
1200,8,train_0435,12030.265826500607,10308.872222391434,80.88722223914338,0.0,12111.15304873975,16.32,0.54,0.0,0.0,7.0,1.8968592631667593
1201,8,train_0510,13040.442075516812,10289.930685303076,78.99306853030758,0.0,13119.43514404712,16.64,0.64,0.0,0.0,7.0,1.8968592631667593
1202,8,train_0570,12356.539805715754,10012.646946184035,51.264694618403524,0.0,12407.804500334158,14.74,0.74,0.0,0.0,7.0,1.8968592631667593
1203,8,train_0453,12498.690211308232,10150.852158720323,65.08521587203232,0.0,12563.775427180264,17.18,0.78,0.0,0.0,7.0,1.8968592631667593
1204,8,train_0054,12326.120608584579,10331.411816670992,83.14118166709923,0.0,12409.261790251678,16.14,0.68,0.0,0.0,7.0,1.8968592631667593
1205,8,train_0202,12684.351391864737,10335.350192239355,83.53501922393554,0.0,12767.886411088672,15.88,0.74,0.0,0.0,7.0,1.8968592631667593
1206,8,train_0316,12600.65904215463,10106.307720695562,60.63077206955623,0.0,12661.289814224187,16.1,0.64,0.0,0.0,7.0,1.8968592631667593
1207,8,train_0046,12105.903321912896,10052.269678151692,55.22696781516916,0.0,12161.130289728066,17.02,0.56,0.0,0.0,7.0,1.8968592631667593
1208,8,train_0250,12433.78074664067,10417.928474838605,91.79284748386054,0.0,12525.573594124531,16.06,0.66,0.0,0.0,7.0,1.8968592631667593
1209,8,train_0079,12545.963799746218,10586.66972430706,108.66697243070594,0.0,12654.630772176924,15.98,0.72,0.0,0.0,7.0,1.8968592631667593
1210,8,train_0332,12313.09747946604,10083.241813874489,58.32418138744888,0.0,12371.421660853488,14.86,0.56,0.0,0.0,7.0,1.8968592631667593
1211,8,train_0110,12593.833073713602,10178.747210622829,67.87472106228289,0.0,12661.707794775884,18.0,0.64,0.0,0.0,7.0,1.8968592631667593
1212,8,train_0162,11806.19319452404,9811.582503796111,31.15825037961113,0.0,11837.35144490365,17.18,0.6,0.0,0.0,7.0,1.8968592631667593
1213,8,train_0182,12910.091899627278,10503.139821090172,100.31398210901716,0.0,13010.405881736295,15.66,0.6,0.0,0.0,7.0,1.8968592631667593
1214,8,train_0583,12512.994643198348,10220.953614418064,72.09536144180639,0.0,12585.090004640155,15.2,0.7,0.0,0.0,7.0,1.8968592631667593
1215,8,train_0268,12636.879792348755,10173.149994295116,67.31499942951159,0.0,12704.194791778265,16.36,0.74,0.0,0.0,7.0,1.8968592631667593
1216,8,train_0333,12766.159326614754,10651.443951657739,115.14439516577386,0.0,12881.303721780529,14.82,0.68,0.0,0.0,7.0,1.8968592631667593
1217,8,train_0556,12651.785464760642,10371.850848712846,87.18508487128457,0.0,12738.970549631926,14.08,0.82,0.0,0.0,7.0,1.8968592631667593
1218,8,train_0008,12510.940356181085,10400.70118333886,90.07011833388606,0.0,12601.010474514971,14.04,0.6,0.0,0.0,7.0,1.8968592631667593
1219,8,train_0167,12215.431644993072,10261.14349549917,76.11434954991692,0.0,12291.545994542988,15.78,0.5,0.0,0.0,7.0,1.8968592631667593
1220,8,train_0254,12555.790653114153,10369.649068124458,86.96490681244578,0.0,12642.755559926598,16.6,0.76,0.0,0.0,7.0,1.8968592631667593
1221,8,train_0539,12372.123308929331,10082.16065146216,58.21606514621599,0.0,12430.339374075547,14.86,0.62,0.0,0.0,7.0,1.8968592631667593
1222,8,train_0433,12015.287092987324,10383.823133716378,88.38231337163779,0.0,12103.669406358962,15.92,0.64,0.0,0.0,7.0,1.8968592631667593
1223,8,train_0408,12199.825680604168,10250.823799202062,75.08237992020622,0.0,12274.908060524374,15.36,0.72,0.0,0.0,7.0,1.8968592631667593
1224,8,train_0226,12212.942289386488,10134.454189730823,63.44541897308227,0.0,12276.38770835957,15.02,0.72,0.0,0.0,7.0,1.8968592631667593
1225,8,train_0512,12200.825996513016,10421.021758009956,92.10217580099561,0.0,12292.928172314012,15.16,0.54,0.0,0.0,7.0,1.8968592631667593
1226,8,train_0111,12584.285959808325,9901.785665470594,40.17856654705938,0.0,12624.464526355385,15.32,0.74,0.0,0.0,7.0,1.8968592631667593
1227,8,train_0241,12480.55510135161,9934.181468617178,43.41814686171784,0.0,12523.973248213328,16.26,0.7,0.0,0.0,7.0,1.8968592631667593
1228,8,train_0213,12488.759769835087,10490.817405115667,99.08174051156675,0.0,12587.841510346654,16.94,0.78,0.0,0.0,7.0,1.8968592631667593
1229,8,train_0001,12246.671486142086,10159.63262013016,65.96326201301599,0.0,12312.634748155102,12.48,0.6,0.0,0.0,7.0,1.8968592631667593
1230,8,train_0054,12484.172999970062,10224.146294427333,72.41462944273336,0.0,12556.587629412796,16.16,0.68,0.0,0.0,7.0,1.8968592631667593
1231,8,train_0472,12531.91456937604,10397.427641575352,89.7427641575352,0.0,12621.657333533576,17.92,0.64,0.0,0.0,7.0,1.8968592631667593
1232,8,train_0566,12408.938825955112,9711.527731189462,21.152773118946243,0.0,12430.091599074058,14.44,0.68,0.0,0.0,7.0,1.8968592631667593
1233,8,train_0147,12708.398414052612,10463.666147570792,96.36661475707916,0.0,12804.76502880969,17.58,0.76,0.0,0.0,7.0,1.8968592631667593
1234,8,train_0046,12208.672439206483,10025.266930935377,52.52669309353769,0.0,12261.19913230002,18.34,0.82,0.0,0.0,7.0,1.8968592631667593
1235,8,train_0085,12501.639043811849,10129.720158396562,62.972015839656166,0.0,12564.611059651505,15.54,0.76,0.0,0.0,7.0,1.8968592631667593
1236,8,train_0035,12991.658157548398,10673.715395625733,117.37153956257335,0.0,13109.029697110971,17.56,0.64,0.0,0.0,7.0,1.8968592631667593
1237,8,train_0479,13170.286838578804,10312.128903180837,81.21289031808374,0.0,13251.499728896888,17.14,0.76,0.0,0.0,7.0,1.8968592631667593
1238,8,train_0029,12141.834484591163,10292.37378382179,79.23737838217895,0.0,12221.071862973342,17.02,0.64,0.0,0.0,7.0,1.8968592631667593
1239,8,train_0411,13321.85224009579,10779.700444065926,127.97004440659258,0.0,13449.822284502383,16.5,0.8,0.0,0.0,7.0,1.8968592631667593
1240,8,train_0476,12351.806127385822,10432.605376790936,93.26053767909362,0.0,12445.066665064916,16.24,0.72,0.0,0.0,7.0,1.8968592631667593
1241,8,train_0127,12705.74996437848,10207.602543616125,70.76025436161254,0.0,12776.510218740092,15.3,0.66,0.0,0.0,7.0,1.8968592631667593
1242,8,train_0137,12375.362671396493,9976.672815593662,47.66728155936617,0.0,12423.02995295586,17.4,0.66,0.0,0.0,7.0,1.8968592631667593
1243,8,train_0160,12478.006173444439,10490.59862059525,99.05986205952505,0.0,12577.066035503964,17.7,0.72,0.0,0.0,7.0,1.8968592631667593
1244,8,train_0455,12810.180217431769,10660.583778028496,116.05837780284965,0.0,12926.23859523462,17.9,0.76,0.0,0.0,7.0,1.8968592631667593
1245,8,train_0563,12638.329728559045,10469.194330379625,96.91943303796252,0.0,12735.249161597008,15.96,0.7,0.0,0.0,7.0,1.8968592631667593
1246,8,train_0453,12198.739244210112,10473.647315714144,97.36473157141445,0.0,12296.103975781527,16.7,0.72,0.0,0.0,7.0,1.8968592631667593
1247,8,train_0161,12529.979840421252,10366.07700743109,86.60770074310895,0.0,12616.587541164361,16.14,0.72,0.0,0.0,7.0,1.8968592631667593
1248,8,train_0429,13062.510542104941,10488.55973299146,98.855973299146,0.0,13161.366515404086,15.12,0.62,0.0,0.0,7.0,1.8968592631667593
1249,8,train_0421,12754.290302336556,10454.016099634744,95.40160996347441,0.0,12849.69191230003,15.54,0.62,0.0,0.0,7.0,1.8968592631667593
1250,8,train_0253,12102.725400357205,10046.021808752268,54.60218087522681,0.0,12157.327581232432,15.06,0.66,0.0,0.0,7.0,1.8968592631667593
1251,8,train_0077,12308.154837653045,10038.073652476774,53.807365247677446,0.0,12361.962202900722,15.62,0.62,0.0,0.0,7.0,1.8968592631667593
1252,8,train_0188,12309.792159279063,10367.907109033695,86.79071090336947,0.0,12396.582870182432,14.04,0.76,0.0,0.0,7.0,1.8968592631667593
1253,8,train_0489,12299.780042869315,9956.771696901458,45.677169690145824,0.0,12345.45721255946,15.38,0.64,0.0,0.0,7.0,1.8968592631667593
1254,8,train_0309,12366.404878923748,10487.512074796605,98.75120747966048,0.0,12465.156086403407,14.14,0.76,0.0,0.0,7.0,1.8968592631667593
1255,8,train_0070,12063.528242587576,9918.769521654023,41.87695216540233,0.0,12105.405194752979,14.74,0.68,0.0,0.0,7.0,1.8968592631667593
1256,8,train_0548,12340.12736673239,10745.365289766916,124.53652897669163,0.0,12464.663895709082,14.84,0.68,0.0,0.0,7.0,1.8968592631667593
1257,8,train_0309,12845.336606652132,10261.939477509923,76.19394775099227,0.0,12921.530554403125,14.02,0.76,0.0,0.0,7.0,1.8968592631667593
1258,8,train_0209,12363.814587881412,9894.814988971502,39.48149889715023,0.0,12403.296086778562,16.94,0.7,0.0,0.0,7.0,1.8968592631667593
1259,8,train_0021,12489.695381502928,10982.196856009863,148.2196856009863,0.0,12637.915067103915,16.38,0.64,0.0,0.0,7.0,1.8968592631667593
1260,8,train_0343,12974.571942741373,10812.098741783539,131.20987417835386,0.0,13105.781816919727,16.44,0.7,0.0,0.0,7.0,1.8968592631667593
1261,8,train_0330,12038.966083204028,9891.556696420364,39.15566964203645,0.0,12078.121752846064,14.52,0.64,0.0,0.0,7.0,1.8968592631667593
1262,8,train_0090,12620.62467947655,10240.90309390307,74.09030939030708,0.0,12694.714988866857,14.38,0.68,0.0,0.0,7.0,1.8968592631667593
1263,8,train_0507,13042.111351542313,9945.462967695368,44.54629676953682,0.0,13086.65764831185,16.18,0.62,0.0,0.0,7.0,1.8968592631667593
1264,8,train_0302,12721.040006397798,10297.300748083817,79.73007480838169,0.0,12800.77008120618,14.82,0.68,0.0,0.0,7.0,1.8968592631667593
1265,8,train_0050,12487.72074501505,10463.54595588796,96.35459558879593,0.0,12584.075340603848,15.56,0.74,0.0,0.0,7.0,1.8968592631667593
1266,8,train_0117,12235.877625897429,9848.3424079054,34.83424079054003,0.0,12270.711866687969,15.4,0.76,0.0,0.0,7.0,1.8968592631667593
1267,8,train_0164,12282.150820616756,9958.1316182046,45.81316182045994,0.0,12327.963982437217,14.02,0.7,0.0,0.0,7.0,1.8968592631667593
1268,8,train_0449,12424.150609279422,10993.802507228993,149.3802507228993,0.0,12573.530860002322,17.82,0.66,0.0,0.0,7.0,1.8968592631667593
1269,8,train_0458,12657.567026589812,10472.077388673712,97.20773886737116,0.0,12754.774765457183,14.78,0.68,0.0,0.0,7.0,1.8968592631667593
1270,8,train_0492,12267.561003224284,10184.265450075687,68.42654500756872,0.0,12335.987548231853,16.64,0.66,0.0,0.0,7.0,1.8968592631667593
1271,8,train_0364,12655.922908057328,10586.833634931889,108.68336349318889,0.0,12764.606271550516,17.7,0.76,0.0,0.0,7.0,1.8968592631667593
1272,8,train_0545,12420.195100230281,10186.184213231389,68.61842132313886,0.0,12488.81352155342,17.5,0.66,0.0,0.0,7.0,1.8968592631667593
1273,8,train_0187,12494.656361356727,10051.51757480267,55.151757480267044,0.0,12549.808118836994,14.8,0.64,0.0,0.0,7.0,1.8968592631667593
1274,8,train_0349,12093.862692142699,10140.344885355833,64.0344885355833,0.0,12157.897180678281,16.02,0.7,0.0,0.0,7.0,1.8968592631667593
1275,8,train_0377,12675.333762849925,10136.41496243051,63.64149624305101,0.0,12738.975259092977,16.18,0.64,0.0,0.0,7.0,1.8968592631667593
1276,8,train_0220,12362.212724560866,10543.04971392038,104.304971392038,0.0,12466.517695952904,17.54,0.58,0.0,0.0,7.0,1.8968592631667593
1277,8,train_0272,12602.960939119614,10369.838926179193,86.98389261791927,0.0,12689.944831737534,13.74,0.62,0.0,0.0,7.0,1.8968592631667593
1278,8,train_0423,12442.590087171593,9807.781484873416,30.778148487341607,0.0,12473.368235658934,17.16,0.72,0.0,0.0,7.0,1.8968592631667593
1279,8,train_0517,12712.609060084245,10384.44486300008,88.44448630000807,0.0,12801.053546384253,16.5,0.6,0.0,0.0,7.0,1.8968592631667593
1280,8,train_0553,11841.874256768986,10068.596588145318,56.85965881453176,0.0,11898.733915583518,16.56,0.76,0.0,0.0,7.0,1.8968592631667593
1281,8,train_0175,12498.605382994978,10083.21729081457,58.321729081456944,0.0,12556.927112076435,16.58,0.62,0.0,0.0,7.0,1.8968592631667593
1282,8,train_0430,12343.583685833744,10222.665433575641,72.26654335756412,0.0,12415.850229191308,15.44,0.7,0.0,0.0,7.0,1.8968592631667593
1283,8,train_0454,12977.575204130913,10633.385991480573,113.33859914805726,0.0,13090.91380327897,16.82,0.68,0.0,0.0,7.0,1.8968592631667593
1284,8,train_0562,12436.725239417878,10532.068417166305,103.20684171663052,0.0,12539.932081134508,16.02,0.7,0.0,0.0,7.0,1.8968592631667593
1285,8,train_0381,12187.461795257082,10164.098594431553,66.40985944315526,0.0,12253.871654700237,15.44,0.68,0.0,0.0,7.0,1.8968592631667593
1286,8,train_0120,12279.264568321163,10036.872483772897,53.68724837728969,0.0,12332.951816698453,16.8,0.62,0.0,0.0,7.0,1.8968592631667593
1287,8,train_0444,12591.12734821995,10445.107623923912,94.5107623923912,0.0,12685.63811061234,18.46,0.76,0.0,0.0,7.0,1.8968592631667593
1288,8,train_0102,12394.43446855436,10111.198999938435,61.119899993843504,0.0,12455.554368548204,14.34,0.7,0.0,0.0,7.0,1.8968592631667593
1289,8,train_0226,12188.134165178933,10237.521657908119,73.75216579081189,0.0,12261.886330969744,15.2,0.72,0.0,0.0,7.0,1.8968592631667593
1290,8,train_0293,12091.13424046108,10439.95493988723,93.99549398872296,0.0,12185.129734449803,15.26,0.74,0.0,0.0,7.0,1.8968592631667593
1291,8,train_0434,12540.815403442823,10771.646964820908,127.16469648209078,0.0,12667.980099924913,15.48,0.7,0.0,0.0,7.0,1.8968592631667593
1292,8,train_0100,12077.473812832914,9901.414605179061,40.141460517906125,0.0,12117.61527335082,16.14,0.76,0.0,0.0,7.0,1.8968592631667593
1293,8,train_0419,12547.41388286218,10420.02918557209,92.00291855720899,0.0,12639.41680141939,15.82,0.78,0.0,0.0,7.0,1.8968592631667593
1294,8,train_0086,11913.201408191202,9877.442769832624,37.74427698326235,0.0,11950.945685174465,16.52,0.7,0.0,0.0,7.0,1.8968592631667593
1295,8,train_0232,12626.689061787725,10346.070539548698,84.60705395486985,0.0,12711.296115742594,16.14,0.74,0.0,0.0,7.0,1.8968592631667593
1296,8,train_0072,12355.936739973142,10396.573209043232,89.65732090432321,0.0,12445.594060877465,15.84,0.8,0.0,0.0,7.0,1.8968592631667593
1297,8,train_0015,12592.581397106393,9738.059545150847,23.805954515084707,0.0,12616.387351621477,16.2,0.74,0.0,0.0,7.0,1.8968592631667593
1298,8,train_0195,13070.074473774548,10665.678929300222,116.56789293002221,0.0,13186.642366704571,17.12,0.56,0.0,0.0,7.0,1.8968592631667593
1299,8,train_0577,13071.997966938616,11017.212884911341,151.72128849113415,0.0,13223.71925542975,16.82,0.68,0.0,0.0,7.0,1.8968592631667593
1300,8,train_0336,12337.917405682058,10241.108492179243,74.11084921792427,0.0,12412.028254899982,16.8,0.72,0.0,0.0,7.0,1.8968592631667593
1301,8,train_0428,12575.886139671817,10456.973626654708,95.69736266547079,0.0,12671.583502337287,17.58,0.72,0.0,0.0,7.0,1.8968592631667593
1302,8,train_0137,12123.829673107346,10110.154240448912,61.01542404489119,0.0,12184.845097152238,17.58,0.72,0.0,0.0,7.0,1.8968592631667593
1303,8,train_0122,12336.97942554679,10156.64596599381,65.664596599381,0.0,12402.64402214617,14.68,0.64,0.0,0.0,7.0,1.8968592631667593
1304,8,train_0543,12673.445576310893,10382.39331599559,88.23933159955905,0.0,12761.684907910452,16.46,0.72,0.0,0.0,7.0,1.8968592631667593
1305,8,train_0438,12694.314807553807,10010.220000790252,51.022000079025204,0.0,12745.336807632832,16.64,0.62,0.0,0.0,7.0,1.8968592631667593
1306,8,train_0293,12345.579456203679,9937.706830842322,43.770683084232225,0.0,12389.350139287912,15.04,0.66,0.0,0.0,7.0,1.8968592631667593
1307,8,train_0167,12290.361096897315,9906.089583519055,40.6089583519055,0.0,12330.970055249221,16.34,0.68,0.0,0.0,7.0,1.8968592631667593
1308,8,train_0517,12731.996700670912,10450.595793546847,95.05957935468469,0.0,12827.056280025598,16.76,0.62,0.0,0.0,7.0,1.8968592631667593
1309,8,train_0281,12757.868674211317,10527.847344309579,102.78473443095791,0.0,12860.653408642274,16.0,0.66,0.0,0.0,7.0,1.8968592631667593
1310,8,train_0031,12404.892992609384,10153.324083081392,65.33240830813921,0.0,12470.225400917523,16.28,0.64,0.0,0.0,7.0,1.8968592631667593
1311,8,train_0515,12774.192637368471,10155.173609546924,65.51736095469242,0.0,12839.709998323164,16.78,0.66,0.0,0.0,7.0,1.8968592631667593
1312,9,train_0250,12539.090764350334,10133.106350699145,63.3106350699145,0.0,12602.401399420249,15.28,0.72,0.0,0.0,7.0,1.8968592631667593
1313,9,train_0268,12771.197430130258,10093.966396267488,59.396639626748765,0.0,12830.594069757008,16.68,0.84,0.0,0.0,7.0,1.8968592631667593
1314,9,train_0229,12867.455547272633,10658.65264009637,115.86526400963703,0.0,12983.32081128227,14.82,0.68,0.0,0.0,7.0,1.8968592631667593
1315,9,train_0172,12514.220251141973,10306.190514894777,80.61905148947773,0.0,12594.83930263145,18.28,0.66,0.0,0.0,7.0,1.8968592631667593
1316,9,train_0360,12314.302676767937,10101.28332815502,60.12833281550193,0.0,12374.431009583439,16.94,0.68,0.0,0.0,7.0,1.8968592631667593
1317,9,train_0183,13043.359672013805,10034.477395336462,53.4477395336462,0.0,13096.807411547452,15.7,0.72,0.0,0.0,7.0,1.8968592631667593
1318,9,train_0305,12498.845513032156,10257.646678069472,75.76466780694719,0.0,12574.610180839103,16.34,0.76,0.0,0.0,7.0,1.8968592631667593
1319,9,train_0046,12124.386721837407,10110.986710638565,61.09867106385646,0.0,12185.485392901264,15.88,0.72,0.0,0.0,7.0,1.8968592631667593
1320,9,train_0500,12402.73102042839,10236.09400061662,73.60940006166201,0.0,12476.34042049005,16.9,0.64,0.0,0.0,7.0,1.8968592631667593
1321,9,train_0131,12877.200291039142,10689.463275442515,118.94632754425147,0.0,12996.146618583394,16.32,0.68,0.0,0.0,7.0,1.8968592631667593
1322,9,train_0363,12593.199952885647,10660.27381672815,116.02738167281495,0.0,12709.227334558462,17.32,0.74,0.0,0.0,7.0,1.8968592631667593
1323,9,train_0162,11896.351439956146,10015.17530238851,51.51753023885104,0.0,11947.868970194997,16.88,0.68,0.0,0.0,7.0,1.8968592631667593
1324,9,train_0111,12379.311843069361,9933.34788208506,43.33478820850596,0.0,12422.646631277867,13.52,0.72,0.0,0.0,7.0,1.8968592631667593
1325,9,train_0103,12046.22108113202,10163.131315663408,66.31313156634079,0.0,12112.534212698361,16.68,0.72,0.0,0.0,7.0,1.8968592631667593
1326,9,train_0423,12369.883923990354,10067.164918653532,56.71649186535324,0.0,12426.600415855706,18.42,0.74,0.0,0.0,7.0,1.8968592631667593
1327,9,train_0037,13042.149173646867,10737.744908826076,123.77449088260765,0.0,13165.923664529475,18.94,0.66,0.0,0.0,7.0,1.8968592631667593
1328,9,train_0477,12138.057775424097,10072.626170216425,57.26261702164248,0.0,12195.32039244574,13.72,0.6,0.0,0.0,7.0,1.8968592631667593
1329,9,train_0279,12537.423758554287,10255.708208175303,75.57082081753033,0.0,12612.994579371818,16.8,0.84,0.0,0.0,7.0,1.8968592631667593
1330,9,train_0272,12734.122028937167,10311.834010337912,81.18340103379124,0.0,12815.305429970958,14.2,0.66,0.0,0.0,7.0,1.8968592631667593
1331,9,train_0128,12360.850064619037,10136.965293298235,63.696529329823534,0.0,12424.54659394886,15.36,0.68,0.0,0.0,7.0,1.8968592631667593
1332,9,train_0214,12234.090074002856,10022.423000829807,52.242300082980734,0.0,12286.332374085836,14.92,0.62,0.0,0.0,7.0,1.8968592631667593
1333,9,train_0443,13018.711550427179,10259.763418419647,75.97634184196468,0.0,13094.687892269143,15.58,0.64,0.0,0.0,7.0,1.8968592631667593
1334,9,train_0534,12484.759471252019,10199.138357691123,69.91383576911231,0.0,12554.67330702113,15.3,0.6,0.0,0.0,7.0,1.8968592631667593
1335,9,train_0553,11798.73091007082,9708.85425708057,20.88542570805694,0.0,11819.616335778877,16.28,0.62,0.0,0.0,7.0,1.8968592631667593
1336,9,train_0372,12771.024169039363,10338.110245138658,83.81102451386579,0.0,12854.835193553228,15.92,0.66,0.0,0.0,7.0,1.8968592631667593
1337,9,train_0163,12680.04676050041,10553.43591058719,105.343591058719,0.0,12785.39035155913,15.24,0.7,0.0,0.0,7.0,1.8968592631667593
1338,9,train_0046,12357.88174170176,9902.637126184214,40.263712618421415,0.0,12398.145454320182,16.82,0.76,0.0,0.0,7.0,1.8968592631667593
1339,9,train_0343,13116.342914029354,10764.779087634372,126.47790876343716,0.0,13242.820822792792,17.24,0.76,0.0,0.0,7.0,1.8968592631667593
1340,9,train_0331,12634.267842988002,10206.462035168384,70.64620351683844,0.0,12704.91404650484,15.84,0.7,0.0,0.0,7.0,1.8968592631667593
1341,9,train_0304,13052.322464013549,10489.258859733547,98.92588597335471,0.0,13151.248349986903,17.18,0.7,0.0,0.0,7.0,1.8968592631667593
1342,9,train_0315,12681.150383388185,11082.569061031247,158.2569061031247,0.0,12839.40728949131,16.42,0.66,0.0,0.0,7.0,1.8968592631667593
1343,9,train_0045,11965.870065841096,10930.99234157825,143.09923415782507,0.0,12108.969299998922,13.3,0.72,0.0,0.0,7.0,1.8968592631667593
1344,9,train_0236,12374.880386583962,10437.710612804523,93.77106128045234,0.0,12468.651447864415,18.42,0.62,0.0,0.0,7.0,1.8968592631667593
1345,9,train_0074,12900.376365533912,10315.206699700339,81.52066997003385,0.0,12981.897035503946,16.36,0.72,0.0,0.0,7.0,1.8968592631667593
1346,9,train_0513,12409.092281100879,10191.22154655249,69.12215465524896,0.0,12478.214435756128,15.58,0.66,0.0,0.0,7.0,1.8968592631667593
1347,9,train_0530,12669.366705753291,10609.400198536498,110.94001985364976,0.0,12780.30672560694,14.9,0.7,0.0,0.0,7.0,1.8968592631667593
1348,9,train_0494,12256.158750229093,9981.816068611672,48.18160686116717,0.0,12304.340357090261,16.1,0.68,0.0,0.0,7.0,1.8968592631667593
1349,9,train_0284,12810.33683162908,10205.777249278348,70.5777249278348,0.0,12880.914556556914,16.64,0.68,0.0,0.0,7.0,1.8968592631667593
1350,9,train_0481,12649.164097720553,9928.637098162948,42.8637098162948,0.0,12692.027807536848,16.46,0.68,0.0,0.0,7.0,1.8968592631667593
1351,9,train_0482,12049.193260397944,10229.97363872558,72.99736387255798,0.0,12122.190624270503,14.62,0.68,0.0,0.0,7.0,1.8968592631667593
1352,9,train_0208,12473.565602428956,10217.309942949927,71.73099429499271,0.0,12545.296596723949,14.98,0.66,0.0,0.0,7.0,1.8968592631667593
1353,9,train_0039,12494.555175991563,10394.395390541202,89.43953905412019,0.0,12583.994715045683,16.84,0.62,0.0,0.0,7.0,1.8968592631667593
1354,9,train_0506,12244.858829970086,10318.33862959093,81.83386295909295,0.0,12326.692692929179,15.46,0.64,0.0,0.0,7.0,1.8968592631667593
1355,9,train_0356,12872.415677135628,10255.712870299672,75.57128702996725,0.0,12947.986964165595,15.96,0.58,0.0,0.0,7.0,1.8968592631667593
1356,9,train_0269,12018.825764008276,9843.24115841895,34.324115841895036,0.0,12053.14987985017,15.32,0.46,0.0,0.0,7.0,1.8968592631667593
1357,9,train_0519,12567.606690815614,10722.020590163038,122.20205901630379,0.0,12689.808749831918,17.54,0.68,0.0,0.0,7.0,1.8968592631667593
1358,9,train_0570,12313.05114704792,10002.760461082788,50.276046108278756,0.0,12363.327193156198,15.24,0.72,0.0,0.0,7.0,1.8968592631667593
1359,9,train_0520,12127.894824993113,9905.789388600486,40.57893886004859,0.0,12168.47376385316,15.32,0.58,0.0,0.0,7.0,1.8968592631667593
1360,9,train_0007,13497.440580934503,10958.050363849216,145.80503638492155,0.0,13643.245617319424,14.96,0.76,0.0,0.0,7.0,1.8968592631667593
1361,9,train_0003,12204.813023379855,10083.245756431865,58.32457564318648,0.0,12263.13759902304,17.58,0.6,0.0,0.0,7.0,1.8968592631667593
1362,9,train_0293,12084.696468248576,10057.20099425757,55.72009942575696,0.0,12140.416567674332,14.82,0.68,0.0,0.0,7.0,1.8968592631667593
1363,9,train_0313,12713.306812341893,10167.788441472889,66.77884414728888,0.0,12780.085656489182,15.74,0.68,0.0,0.0,7.0,1.8968592631667593
1364,9,train_0140,12111.857523539602,10331.257744571805,83.12577445718053,0.0,12194.983297996783,14.84,0.8,0.0,0.0,7.0,1.8968592631667593
1365,9,train_0221,12110.019908384993,10825.384170307148,132.53841703071484,0.0,12242.558325415708,16.66,0.7,0.0,0.0,7.0,1.8968592631667593
1366,9,train_0339,12828.566307292915,10512.141345526685,101.21413455266848,0.0,12929.780441845583,17.78,0.8,0.0,0.0,7.0,1.8968592631667593
1367,9,train_0456,12292.718981719685,10305.797487132395,80.5797487132395,0.0,12373.298730432925,16.1,0.64,0.0,0.0,7.0,1.8968592631667593
1368,9,train_0454,12889.158654302752,10484.599877830227,98.45998778302274,0.0,12987.618642085774,17.38,0.66,0.0,0.0,7.0,1.8968592631667593
1369,9,train_0043,12035.47338711032,10551.270624635246,105.12706246352464,0.0,12140.600449573845,16.98,0.78,0.0,0.0,7.0,1.8968592631667593
1370,9,train_0229,12770.462439460855,10454.06995887329,95.40699588732896,0.0,12865.869435348184,14.6,0.68,0.0,0.0,7.0,1.8968592631667593
1371,9,train_0158,12648.00982237461,10515.409322694912,101.54093226949118,0.0,12749.5507546441,17.94,0.62,0.0,0.0,7.0,1.8968592631667593
1372,9,train_0173,12281.52027662467,10716.87787023178,121.68778702317796,0.0,12403.208063647848,17.54,0.7,0.0,0.0,7.0,1.8968592631667593
1373,9,train_0487,12320.767990316263,10546.432880276116,104.64328802761156,0.0,12425.411278343874,15.86,0.78,0.0,0.0,7.0,1.8968592631667593
1374,9,train_0257,12478.401596044674,10371.629192808065,87.16291928080646,0.0,12565.56451532548,15.14,0.76,0.0,0.0,7.0,1.8968592631667593
1375,9,train_0281,12459.90816810117,10489.306892684323,98.93068926843226,0.0,12558.838857369603,16.0,0.7,0.0,0.0,7.0,1.8968592631667593
1376,9,train_0587,12584.537648739179,10070.24775052019,57.02477505201896,0.0,12641.562423791198,14.68,0.76,0.0,0.0,7.0,1.8968592631667593
1377,9,train_0271,12036.968709287328,10137.550304852208,63.75503048522078,0.0,12100.72373977255,14.22,0.58,0.0,0.0,7.0,1.8968592631667593
1378,9,train_0450,12140.467314515507,10270.385723948679,77.03857239486788,0.0,12217.505886910374,14.68,0.64,0.0,0.0,7.0,1.8968592631667593
1379,9,train_0581,12401.43862539351,10426.658377761552,92.66583777615524,0.0,12494.104463169666,15.76,0.6,0.0,0.0,7.0,1.8968592631667593
1380,9,train_0585,12573.15044278872,10212.87935485032,71.287935485032,0.0,12644.438378273751,14.1,0.52,0.0,0.0,7.0,1.8968592631667593
1381,9,train_0191,12399.530563692748,10314.320690230306,81.43206902303064,0.0,12480.962632715778,16.84,0.62,0.0,0.0,7.0,1.8968592631667593
1382,9,train_0242,12660.769759937495,10638.740010647827,113.87400106478272,0.0,12774.643761002279,15.24,0.58,0.0,0.0,7.0,1.8968592631667593
1383,9,train_0025,13222.57712855362,10042.294912793592,54.22949127935917,0.0,13276.806619832978,14.4,0.72,0.0,0.0,7.0,1.8968592631667593
1384,9,train_0448,12153.622482994591,10436.963481356603,93.69634813566027,0.0,12247.318831130251,15.06,0.66,0.0,0.0,7.0,1.8968592631667593
1385,9,train_0235,12523.183979739582,10524.56262473941,102.45626247394102,0.0,12625.640242213523,14.64,0.7,0.0,0.0,7.0,1.8968592631667593
1386,9,train_0007,13362.402457650538,10859.026020193724,135.90260201937235,0.0,13498.30505966991,15.34,0.64,0.0,0.0,7.0,1.8968592631667593
1387,9,train_0092,12684.557348187016,10428.714637948331,92.87146379483312,0.0,12777.428811981848,16.7,0.76,0.0,0.0,7.0,1.8968592631667593
1388,9,train_0106,12976.14966061669,10338.991817325601,83.89918173256011,0.0,13060.04884234925,17.68,0.7,0.0,0.0,7.0,1.8968592631667593
1389,9,train_0049,12608.50601716101,10431.610122755344,93.16101227553446,0.0,12701.667029436543,16.0,0.66,0.0,0.0,7.0,1.8968592631667593
1390,9,train_0042,12374.26289847526,10245.5232462749,74.5523246274901,0.0,12448.815223102749,15.46,0.58,0.0,0.0,7.0,1.8968592631667593
1391,9,train_0340,12474.769049777857,10182.89124775053,68.28912477505291,0.0,12543.058174552909,16.2,0.64,0.0,0.0,7.0,1.8968592631667593
1392,9,train_0140,12265.713474633627,10279.813558901522,77.9813558901522,0.0,12343.694830523778,15.8,0.62,0.0,0.0,7.0,1.8968592631667593
1393,9,train_0572,12705.937912359803,10267.492167758623,76.74921677586227,0.0,12782.687129135666,12.48,0.74,0.0,0.0,7.0,1.8968592631667593
1394,9,train_0343,12974.171618508033,10803.332062518244,130.3332062518244,0.0,13104.504824759857,16.36,0.8,0.0,0.0,7.0,1.8968592631667593
1395,9,train_0347,12569.710398950658,10317.474813431982,81.74748134319816,0.0,12651.457880293856,16.18,0.66,0.0,0.0,7.0,1.8968592631667593
1396,9,train_0314,12608.868276172096,10169.414474008496,66.94144740084958,0.0,12675.809723572946,15.42,0.64,0.0,0.0,7.0,1.8968592631667593
1397,9,train_0388,12676.134564301541,10558.702124305899,105.8702124305899,0.0,12782.00477673213,15.2,0.76,0.0,0.0,7.0,1.8968592631667593
1398,9,train_0469,12804.116092757484,10685.753712170526,118.57537121705263,0.0,12922.691463974537,16.02,0.68,0.0,0.0,7.0,1.8968592631667593
1399,9,train_0194,12602.368283023086,10556.113399153444,105.61133991534444,0.0,12707.97962293843,16.16,0.76,0.0,0.0,7.0,1.8968592631667593
1400,9,train_0368,12564.835620259348,10503.672137665466,100.3672137665466,0.0,12665.202834025895,16.68,0.68,0.0,0.0,7.0,1.8968592631667593
1401,9,train_0342,12361.97294071985,10250.250703325008,75.02507033250076,0.0,12436.99801105235,17.36,0.62,0.0,0.0,7.0,1.8968592631667593
1402,9,train_0411,13182.816474423074,10428.251819538018,92.8251819538018,0.0,13275.641656376876,15.38,0.56,0.0,0.0,7.0,1.8968592631667593
1403,9,train_0451,12826.506785609563,10675.207649525797,117.52076495257971,0.0,12944.027550562143,16.5,0.76,0.0,0.0,7.0,1.8968592631667593
1404,9,train_0458,13009.691157081776,10496.224094160229,99.62240941602286,0.0,13109.313566497798,14.7,0.54,0.0,0.0,7.0,1.8968592631667593
1405,9,train_0353,12315.141250420475,9995.553651910644,49.55536519106445,0.0,12364.69661561154,15.88,0.8,0.0,0.0,7.0,1.8968592631667593
1406,9,train_0042,12447.904785083772,10456.754600152457,95.6754600152457,0.0,12543.580245099018,16.58,0.74,0.0,0.0,7.0,1.8968592631667593
1407,9,train_0481,12369.018161680851,10080.363780886639,58.03637808866388,0.0,12427.054539769515,15.46,0.82,0.0,0.0,7.0,1.8968592631667593
1408,9,train_0581,12268.175615440472,10185.561972510272,68.55619725102716,0.0,12336.7318126915,15.38,0.72,0.0,0.0,7.0,1.8968592631667593
1409,9,train_0330,12153.648378663383,9884.477997350614,38.44779973506138,0.0,12192.096178398446,16.32,0.74,0.0,0.0,7.0,1.8968592631667593
1410,9,train_0263,12359.209789663328,9844.31100217255,34.43110021725497,0.0,12393.640889880582,15.4,0.66,0.0,0.0,7.0,1.8968592631667593
1411,9,train_0118,12582.921748473898,10364.732441294353,86.47324412943527,0.0,12669.394992603333,14.42,0.64,0.0,0.0,7.0,1.8968592631667593
1412,9,train_0275,12610.467874800095,10221.090401263564,72.10904012635638,0.0,12682.576914926452,15.82,0.76,0.0,0.0,7.0,1.8968592631667593
1413,9,train_0349,12287.479432338929,10074.500026364592,57.45000263645925,0.0,12344.929434975387,16.66,0.72,0.0,0.0,7.0,1.8968592631667593
1414,9,train_0465,12869.60394290977,10307.649104091926,80.76491040919264,0.0,12950.368853318962,15.4,0.84,0.0,0.0,7.0,1.8968592631667593
1415,9,train_0294,12467.103799714325,9993.72517503431,49.37251750343094,0.0,12516.476317217755,15.0,0.68,0.0,0.0,7.0,1.8968592631667593
1416,9,train_0108,12595.790526149403,9977.9005871255,47.79005871254995,0.0,12643.580584861953,18.52,0.7,0.0,0.0,7.0,1.8968592631667593
1417,9,train_0099,12507.640788840567,9669.767112674497,16.97671126744972,0.0,12524.617500108016,16.92,0.76,0.0,0.0,7.0,1.8968592631667593
1418,9,train_0320,12548.149412263996,10230.139517167387,73.01395171673867,0.0,12621.163363980735,15.48,0.76,0.0,0.0,7.0,1.8968592631667593
1419,9,train_0371,12387.957070362048,10191.566436792553,69.15664367925528,0.0,12457.113714041303,16.12,0.68,0.0,0.0,7.0,1.8968592631667593
1420,9,train_0529,12948.768522883587,10068.182847433127,56.81828474331269,0.0,13005.5868076269,18.64,0.74,0.0,0.0,7.0,1.8968592631667593
1421,9,train_0490,12361.147413125567,10036.445838518664,53.64458385186645,0.0,12414.791996977434,13.54,0.74,0.0,0.0,7.0,1.8968592631667593
1422,9,train_0347,12208.525627581133,10425.648361883144,92.56483618831444,0.0,12301.090463769448,17.9,0.68,0.0,0.0,7.0,1.8968592631667593
1423,9,train_0081,12226.058928032453,10341.418159237819,84.1418159237819,0.0,12310.200743956235,17.22,0.66,0.0,0.0,7.0,1.8968592631667593
1424,9,train_0495,12566.363349774514,10320.489966594478,82.04899665944777,0.0,12648.412346433961,16.9,0.76,0.0,0.0,7.0,1.8968592631667593
1425,9,train_0326,12095.745247729496,10098.20812954389,59.820812954388934,0.0,12155.566060683885,14.14,0.78,0.0,0.0,7.0,1.8968592631667593
1426,9,train_0505,12979.271651949388,10270.144018371326,77.01440183713258,0.0,13056.28605378652,16.6,0.62,0.0,0.0,7.0,1.8968592631667593
1427,9,train_0440,12882.056776752364,10555.506269795616,105.55062697956164,0.0,12987.607403731927,14.4,0.7,0.0,0.0,7.0,1.8968592631667593
1428,9,train_0189,12587.874290062518,9996.054653530859,49.60546535308586,0.0,12637.479755415605,15.34,0.7,0.0,0.0,7.0,1.8968592631667593
1429,9,train_0241,12176.951853326169,10090.141915562934,59.014191556293376,0.0,12235.966044882462,12.86,0.64,0.0,0.0,7.0,1.8968592631667593
1430,9,train_0247,12842.556181781672,10090.042428282863,59.004242828286266,0.0,12901.56042460996,15.68,0.72,0.0,0.0,7.0,1.8968592631667593
1431,9,train_0162,11948.027415613244,10075.31061931397,57.53106193139702,0.0,12005.55847754464,15.22,0.72,0.0,0.0,7.0,1.8968592631667593
1432,9,train_0461,12346.202751961508,10194.642838809505,69.46428388095046,0.0,12415.667035842458,13.54,0.76,0.0,0.0,7.0,1.8968592631667593
1433,9,train_0223,12318.420909775821,10116.901658976138,61.690165897613774,0.0,12380.111075673434,15.18,0.72,0.0,0.0,7.0,1.8968592631667593
1434,9,train_0418,12581.564150146209,10593.765693150228,109.37656931502279,0.0,12690.940719461232,17.04,0.7,0.0,0.0,7.0,1.8968592631667593
1435,9,train_0325,12809.362929460423,9925.11340156923,42.51134015692296,0.0,12851.874269617347,13.52,0.78,0.0,0.0,7.0,1.8968592631667593
1436,9,train_0245,11859.39534083849,10098.790324457419,59.879032445741906,0.0,11919.274373284232,16.14,0.8,0.0,0.0,7.0,1.8968592631667593
1437,9,train_0411,12891.197436290386,10440.198814819005,94.01988148190048,0.0,12985.217317772287,16.96,0.62,0.0,0.0,7.0,1.8968592631667593
1438,9,train_0104,12228.964776617671,10590.291989041341,109.02919890413415,0.0,12337.993975521806,15.42,0.7,0.0,0.0,7.0,1.8968592631667593
1439,9,train_0335,12723.294520794812,10659.434974424878,115.94349744248775,0.0,12839.2380182373,17.42,0.74,0.0,0.0,7.0,1.8968592631667593
1440,9,train_0088,12347.163075218861,10461.298443980613,96.12984439806132,0.0,12443.292919616923,15.72,0.72,0.0,0.0,7.0,1.8968592631667593
1441,9,train_0064,12764.728852000813,10268.479039589985,76.84790395899854,0.0,12841.576755959812,16.04,0.58,0.0,0.0,7.0,1.8968592631667593
1442,9,train_0497,12489.590502898362,10493.044068848445,99.30440688484451,0.0,12588.894909783206,15.98,0.72,0.0,0.0,7.0,1.8968592631667593
1443,9,train_0490,12408.245935217317,10038.841138898788,53.88411388987879,0.0,12462.130049107196,15.22,0.72,0.0,0.0,7.0,1.8968592631667593
1444,9,train_0404,13016.200768178885,10836.063655861297,133.6063655861297,0.0,13149.807133765014,16.26,0.7,0.0,0.0,7.0,1.8968592631667593
1445,9,train_0554,12253.833459727426,10263.864098330901,76.38640983309016,0.0,12330.219869560517,12.72,0.76,0.0,0.0,7.0,1.8968592631667593
1446,9,train_0363,12757.582020957712,10084.555686423104,58.455568642310396,0.0,12816.037589600022,16.68,0.68,0.0,0.0,7.0,1.8968592631667593
1447,9,train_0060,12393.34580168191,10227.541008486507,72.75410084865071,0.0,12466.099902530561,17.2,0.8,0.0,0.0,7.0,1.8968592631667593
1448,9,train_0230,12737.092794668013,9867.214386424863,36.721438642486284,0.0,12773.814233310499,15.84,0.78,0.0,0.0,7.0,1.8968592631667593
1449,9,train_0149,12796.237449920725,10118.665989069868,61.86659890698684,0.0,12858.104048827712,16.04,0.82,0.0,0.0,7.0,1.8968592631667593
1450,9,train_0432,12567.925921334729,10134.789595728414,63.478959572841454,0.0,12631.40488090757,14.82,0.68,0.0,0.0,7.0,1.8968592631667593
1451,9,train_0104,12421.363535251277,10389.137293193036,88.91372931930364,0.0,12510.27726457058,18.22,0.72,0.0,0.0,7.0,1.8968592631667593
1452,9,train_0362,12180.478299992581,10354.106791208738,85.41067912087384,0.0,12265.888979113455,16.36,0.62,0.0,0.0,7.0,1.8968592631667593
1453,9,train_0509,12347.577986577868,10087.809384855389,58.780938485538904,0.0,12406.358925063407,13.7,0.78,0.0,0.0,7.0,1.8968592631667593
1454,9,train_0109,12770.469728773816,10504.729331621938,100.47293316219384,0.0,12870.94266193601,17.98,0.6,0.0,0.0,7.0,1.8968592631667593
1455,9,train_0546,12547.231253330969,10310.712467541163,81.07124675411633,0.0,12628.302500085085,18.8,0.74,0.0,0.0,7.0,1.8968592631667593
1456,10,train_0422,12883.32471294527,9776.253741707278,27.62537417072781,0.0,12910.950087115998,14.28,0.72,0.0,0.0,7.0,1.8968592631667593
1457,10,train_0026,12167.233980183195,9842.67685466048,34.267685466047986,0.0,12201.501665649243,16.1,0.68,0.0,0.0,7.0,1.8968592631667593
1458,10,train_0320,12520.597000950649,10560.15523895481,106.01552389548107,0.0,12626.61252484613,15.88,0.76,0.0,0.0,7.0,1.8968592631667593
1459,10,train_0199,12931.284369773286,10362.79593031753,86.27959303175304,0.0,13017.56396280504,16.18,0.72,0.0,0.0,7.0,1.8968592631667593
1460,10,train_0419,12680.983261284975,10180.77596852645,68.077596852645,0.0,12749.06085813762,14.38,0.58,0.0,0.0,7.0,1.8968592631667593
1461,10,train_0115,12833.22096020203,10624.490660016463,112.44906600164632,0.0,12945.670026203676,15.22,0.78,0.0,0.0,7.0,1.8968592631667593
1462,10,train_0295,12368.615212332668,10254.198469445491,75.41984694454914,0.0,12444.035059277217,15.9,0.76,0.0,0.0,7.0,1.8968592631667593
1463,10,train_0281,12407.333985561121,10683.838100587898,118.38381005878983,0.0,12525.71779561991,16.66,0.68,0.0,0.0,7.0,1.8968592631667593
1464,10,train_0298,11891.8353627112,9929.779128868779,42.97791288687786,0.0,11934.813275598077,14.82,0.78,0.0,0.0,7.0,1.8968592631667593
1465,10,train_0552,12333.671753295104,10168.456826863247,66.84568268632465,0.0,12400.517435981428,14.22,0.7,0.0,0.0,7.0,1.8968592631667593
1466,10,train_0565,12399.3535685518,10897.072803725106,139.70728037251067,0.0,12539.060848924311,15.88,0.7,0.0,0.0,7.0,1.8968592631667593
1467,10,train_0042,12682.247793588416,10010.68299310113,51.068299310113076,0.0,12733.316092898529,16.58,0.62,0.0,0.0,7.0,1.8968592631667593
1468,10,train_0471,12487.53492629858,10768.768709335407,126.87687093354072,0.0,12614.41179723212,15.18,0.7,0.0,0.0,7.0,1.8968592631667593
1469,10,train_0102,12514.28877568636,10411.966801726656,91.1966801726656,0.0,12605.485455859025,14.02,0.82,0.0,0.0,7.0,1.8968592631667593
1470,10,train_0094,12082.52219262123,9976.700200751868,47.67002007518677,0.0,12130.192212696418,16.38,0.82,0.0,0.0,7.0,1.8968592631667593
1471,10,train_0292,12592.688743214829,10296.5558501124,79.65558501123996,0.0,12672.344328226069,18.68,0.66,0.0,0.0,7.0,1.8968592631667593
1472,10,train_0585,12427.084698052426,10436.819370840432,93.68193708404324,0.0,12520.76663513647,14.5,0.7,0.0,0.0,7.0,1.8968592631667593
1473,10,train_0314,12357.932857633728,10315.31085957076,81.531085957076,0.0,12439.463943590805,16.98,0.6,0.0,0.0,7.0,1.8968592631667593
1474,10,train_0351,12740.628739679109,10621.381368489587,112.13813684895868,0.0,12852.766876528067,16.18,0.62,0.0,0.0,7.0,1.8968592631667593
1475,10,train_0447,12552.735533393634,10448.097733683882,94.80977336838824,0.0,12647.545306762022,16.5,0.64,0.0,0.0,7.0,1.8968592631667593
1476,10,train_0286,12939.629957953302,10240.688505024664,74.06885050246638,0.0,13013.698808455769,14.58,0.76,0.0,0.0,7.0,1.8968592631667593
1477,10,train_0262,12451.828380794515,10772.447956630545,127.24479566305455,0.0,12579.07317645757,16.78,0.86,0.0,0.0,7.0,1.8968592631667593
1478,10,train_0417,12554.779449270856,10311.00926521118,81.10092652111798,0.0,12635.880375791974,16.1,0.62,0.0,0.0,7.0,1.8968592631667593
1479,10,train_0084,12309.362332411576,9907.987876649437,40.79878766494367,0.0,12350.16112007652,17.24,0.76,0.0,0.0,7.0,1.8968592631667593
1480,10,train_0528,12897.61712119327,10437.547986626978,93.7547986626978,0.0,12991.371919855968,14.76,0.62,0.0,0.0,7.0,1.8968592631667593
1481,10,train_0212,12311.976508577101,9977.694243665224,47.769424366522436,0.0,12359.745932943624,14.94,0.68,0.0,0.0,7.0,1.8968592631667593
1482,10,train_0353,12269.559448364664,10076.278713144693,57.6278713144693,0.0,12327.187319679133,16.66,0.66,0.0,0.0,7.0,1.8968592631667593
1483,10,train_0589,12213.60836077523,10038.163627245394,53.81636272453943,0.0,12267.42472349977,16.68,0.6,0.0,0.0,7.0,1.8968592631667593
1484,10,train_0457,12543.242412113254,10164.517581306258,66.45175813062579,0.0,12609.69417024388,16.38,0.72,0.0,0.0,7.0,1.8968592631667593
1485,10,train_0450,12043.739653713348,10241.246949461149,74.12469494611487,0.0,12117.864348659463,14.5,0.58,0.0,0.0,7.0,1.8968592631667593
1486,10,train_0489,12221.833646881882,9866.199920447041,36.61999204470413,0.0,12258.453638926585,17.08,0.58,0.0,0.0,7.0,1.8968592631667593
1487,10,train_0069,12613.646542802824,9957.417376171252,45.74173761712518,0.0,12659.38828041995,16.9,0.68,0.0,0.0,7.0,1.8968592631667593
1488,10,train_0264,12210.675819052447,10042.928961606038,54.29289616060378,0.0,12264.96871521305,15.38,0.74,0.0,0.0,7.0,1.8968592631667593
1489,10,train_0484,12689.406744472846,10227.931282255926,72.7931282255926,0.0,12762.199872698438,13.74,0.58,0.0,0.0,7.0,1.8968592631667593
1490,10,train_0156,12341.919502504585,10092.592123933468,59.25921239334676,0.0,12401.178714897931,17.84,0.76,0.0,0.0,7.0,1.8968592631667593
1491,10,train_0186,12380.548876357436,10567.230966672154,106.7230966672154,0.0,12487.271973024652,14.1,0.66,0.0,0.0,7.0,1.8968592631667593
1492,10,train_0526,12543.468846557142,10341.961443182197,84.19614431821975,0.0,12627.66499087536,16.48,0.76,0.0,0.0,7.0,1.8968592631667593
1493,10,train_0468,12441.976411124017,9934.67898682578,43.46789868257802,0.0,12485.444309806595,15.84,0.74,0.0,0.0,7.0,1.8968592631667593
1494,10,train_0150,12508.333898007175,10102.721250823015,60.2721250823015,0.0,12568.606023089476,17.16,0.74,0.0,0.0,7.0,1.8968592631667593
1495,10,train_0007,13453.777993126783,10545.725213484948,104.57252134849477,0.0,13558.350514475278,14.7,0.66,0.0,0.0,7.0,1.8968592631667593
1496,10,train_0289,12731.456902278791,10348.61498450036,84.86149845003602,0.0,12816.318400728827,17.16,0.7,0.0,0.0,7.0,1.8968592631667593
1497,10,train_0522,12375.418217264378,10758.301206121307,125.83012061213067,0.0,12501.248337876508,15.96,0.7,0.0,0.0,7.0,1.8968592631667593
1498,10,train_0328,12631.422577255464,10176.137583028989,67.6137583028989,0.0,12699.036335558363,16.22,0.74,0.0,0.0,7.0,1.8968592631667593
1499,10,train_0097,12330.073311570271,10190.184904046555,69.0184904046555,0.0,12399.091801974926,15.52,0.66,0.0,0.0,7.0,1.8968592631667593
1500,10,train_0289,13109.46802161982,10455.277459436413,95.52774594364128,0.0,13204.995767563461,16.24,0.78,0.0,0.0,7.0,1.8968592631667593
1501,10,train_0273,12772.78841506202,10485.185029218013,98.51850292180134,0.0,12871.30691798382,16.76,0.68,0.0,0.0,7.0,1.8968592631667593
1502,10,train_0362,12123.65858812976,10232.848370153726,73.28483701537262,0.0,12196.943425145133,16.88,0.7,0.0,0.0,7.0,1.8968592631667593
1503,10,train_0397,12273.020502602672,10042.076194854326,54.20761948543259,0.0,12327.228122088105,16.56,0.7,0.0,0.0,7.0,1.8968592631667593
1504,10,train_0146,12605.348831337522,10212.836091354653,71.28360913546531,0.0,12676.632440472988,16.4,0.76,0.0,0.0,7.0,1.8968592631667593
1505,10,train_0304,12973.464916523499,10696.590291919983,119.65902919199834,0.0,13093.123945715497,16.96,0.7,0.0,0.0,7.0,1.8968592631667593
1506,10,train_0294,12413.769468769879,9958.986599118609,45.89865991186089,0.0,12459.66812868174,15.18,0.6,0.0,0.0,7.0,1.8968592631667593
1507,10,train_0099,11842.816948611044,10105.017900803474,60.501790080347384,0.0,11903.31873869139,17.94,0.72,0.0,0.0,7.0,1.8968592631667593
1508,10,train_0299,12443.31866495358,10354.11605749296,85.411605749296,0.0,12528.730270702876,14.52,0.68,0.0,0.0,7.0,1.8968592631667593
1509,10,train_0083,12161.742448538855,10380.35073096702,88.03507309670204,0.0,12249.777521635557,15.56,0.68,0.0,0.0,7.0,1.8968592631667593
1510,10,train_0117,12253.932119904079,9949.708659996377,44.97086599963768,0.0,12298.902985903716,16.84,0.8,0.0,0.0,7.0,1.8968592631667593
1511,10,train_0170,12198.997846158447,10182.03147616601,68.20314761660102,0.0,12267.200993775048,17.7,0.68,0.0,0.0,7.0,1.8968592631667593
1512,10,train_0582,12493.558451066157,10593.599204322178,109.35992043221778,0.0,12602.918371498376,16.68,0.64,0.0,0.0,7.0,1.8968592631667593
1513,10,train_0031,12376.535907845584,10091.509879931476,59.15098799314765,0.0,12435.686895838731,17.22,0.68,0.0,0.0,7.0,1.8968592631667593
1514,10,train_0514,12465.580693761429,10088.359633123608,58.83596331236077,0.0,12524.416657073789,14.2,0.66,0.0,0.0,7.0,1.8968592631667593
1515,10,train_0129,12790.7757874407,10586.272714416249,108.62727144162491,0.0,12899.403058882324,13.92,0.68,0.0,0.0,7.0,1.8968592631667593
1516,10,train_0568,12835.957388625877,10611.953972876627,111.19539728766267,0.0,12947.152785913539,17.9,0.66,0.0,0.0,7.0,1.8968592631667593
1517,10,train_0078,12402.378830977515,10143.433027034269,64.34330270342689,0.0,12466.722133680942,14.66,0.58,0.0,0.0,7.0,1.8968592631667593
1518,10,train_0366,12451.063937837285,10370.72823273138,87.07282327313806,0.0,12538.136761110423,16.02,0.72,0.0,0.0,7.0,1.8968592631667593
1519,10,train_0278,12576.991978144259,10400.538822348997,90.05388223489973,0.0,12667.045860379158,17.42,0.72,0.0,0.0,7.0,1.8968592631667593
1520,10,train_0135,12575.035290459202,10270.80364404877,77.08036440487705,0.0,12652.11565486408,18.24,0.6,0.0,0.0,7.0,1.8968592631667593
1521,10,train_0213,12834.45911836441,10104.464299086243,60.44642990862431,0.0,12894.905548273035,16.04,0.78,0.0,0.0,7.0,1.8968592631667593
1522,10,train_0243,12975.346682081108,10019.749785045766,51.974978504576576,0.0,13027.321660585685,18.14,0.64,0.0,0.0,7.0,1.8968592631667593
1523,10,train_0352,12027.731858202804,9867.696013164801,36.76960131648011,0.0,12064.501459519284,15.86,0.66,0.0,0.0,7.0,1.8968592631667593
1524,10,train_0440,12796.264260437776,10601.514166766534,110.1514166766534,0.0,12906.41567711443,16.06,0.76,0.0,0.0,7.0,1.8968592631667593
1525,10,train_0168,12851.823256335269,10325.391652510174,82.53916525101741,0.0,12934.362421586286,16.94,0.66,0.0,0.0,7.0,1.8968592631667593
1526,10,train_0228,12579.907076711796,10149.03109923134,64.90310992313407,0.0,12644.81018663493,15.32,0.7,0.0,0.0,7.0,1.8968592631667593
1527,10,train_0020,13086.222106626366,10315.950185068277,81.59501850682773,0.0,13167.817125133195,15.52,0.76,0.0,0.0,7.0,1.8968592631667593
1528,10,train_0155,12722.692808386068,10664.393896471458,116.4393896471458,0.0,12839.132198033214,16.4,0.6,0.0,0.0,7.0,1.8968592631667593
1529,10,train_0198,11926.792644543004,9998.817760359718,49.88177603597178,0.0,11976.674420578976,15.7,0.7,0.0,0.0,7.0,1.8968592631667593
1530,10,train_0484,12618.213812611795,10146.230785901658,64.62307859016583,0.0,12682.836891201961,13.12,0.72,0.0,0.0,7.0,1.8968592631667593
1531,10,train_0453,12545.994210068404,10175.706739213965,67.57067392139652,0.0,12613.5648839898,16.5,0.74,0.0,0.0,7.0,1.8968592631667593
1532,10,train_0463,12017.037419224871,10240.794316715943,74.07943167159429,0.0,12091.116850896466,17.12,0.56,0.0,0.0,7.0,1.8968592631667593
1533,10,train_0153,12355.34877823884,10369.79880525622,86.97988052562197,0.0,12442.328658764462,16.06,0.7,0.0,0.0,7.0,1.8968592631667593
1534,10,train_0128,12104.093908016897,10216.750884948044,71.67508849480437,0.0,12175.768996511702,14.1,0.78,0.0,0.0,7.0,1.8968592631667593
1535,10,train_0242,12646.164338476236,10657.906765091671,115.79067650916714,0.0,12761.955014985402,15.58,0.8,0.0,0.0,7.0,1.8968592631667593
1536,10,train_0256,12476.940757985783,10344.014208464709,84.40142084647087,0.0,12561.342178832254,13.86,0.68,0.0,0.0,7.0,1.8968592631667593
1537,10,train_0452,12300.821868863837,10190.01853540868,69.00185354086807,0.0,12369.823722404704,15.0,0.78,0.0,0.0,7.0,1.8968592631667593
1538,10,train_0519,12948.920968432125,10251.969988722238,75.19699887222377,0.0,13024.117967304348,16.88,0.74,0.0,0.0,7.0,1.8968592631667593
1539,10,train_0244,12458.762026411167,10210.083986345784,71.00839863457841,0.0,12529.770425045745,16.68,0.64,0.0,0.0,7.0,1.8968592631667593
1540,10,train_0129,13253.902671713566,10181.320367872258,68.13203678722584,0.0,13322.034708500792,15.6,0.62,0.0,0.0,7.0,1.8968592631667593
1541,10,train_0532,12290.968379039681,10210.361823458994,71.0361823458994,0.0,12362.00456138558,16.44,0.7,0.0,0.0,7.0,1.8968592631667593
1542,10,train_0321,12667.8599227548,10076.362199475523,57.63621994755231,0.0,12725.496142702352,17.68,0.72,0.0,0.0,7.0,1.8968592631667593
1543,10,train_0550,12467.82316170115,9966.98024987843,46.69802498784302,0.0,12514.521186688993,17.02,0.68,0.0,0.0,7.0,1.8968592631667593
1544,10,train_0233,13107.715968531353,10966.66941156881,146.66694115688097,0.0,13254.382909688233,14.82,0.74,0.0,0.0,7.0,1.8968592631667593
1545,10,train_0186,12492.225311943652,10243.689305626609,74.3689305626609,0.0,12566.594242506313,15.62,0.64,0.0,0.0,7.0,1.8968592631667593
1546,10,train_0036,12434.759556245155,10329.438071101224,82.94380711012236,0.0,12517.703363355278,16.9,0.68,0.0,0.0,7.0,1.8968592631667593
1547,10,train_0441,12652.43169281714,10120.600767402764,62.06007674027642,0.0,12714.491769557415,15.22,0.82,0.0,0.0,7.0,1.8968592631667593
1548,10,train_0297,12133.669717513952,10294.522631521813,79.45226315218133,0.0,12213.121980666134,12.92,0.66,0.0,0.0,7.0,1.8968592631667593
1549,10,train_0151,12748.640654007453,10382.6203453663,88.26203453663003,0.0,12836.902688544084,15.22,0.74,0.0,0.0,7.0,1.8968592631667593
1550,10,train_0268,12686.185865499754,9976.352801683432,47.635280168343165,0.0,12733.821145668097,16.88,0.6,0.0,0.0,7.0,1.8968592631667593
1551,10,train_0083,12236.073162000823,10171.152817386706,67.11528173867065,0.0,12303.188443739493,15.76,0.74,0.0,0.0,7.0,1.8968592631667593
1552,10,train_0582,12696.685869870611,10260.913311122804,76.09133111228039,0.0,12772.777200982891,16.22,0.66,0.0,0.0,7.0,1.8968592631667593
1553,10,train_0262,12539.981103223676,10311.614252283864,81.16142522838636,0.0,12621.142528452063,16.02,0.7,0.0,0.0,7.0,1.8968592631667593
1554,10,train_0180,12920.606351787654,10180.54494104746,68.05449410474594,0.0,12988.6608458924,17.98,0.7,0.0,0.0,7.0,1.8968592631667593
1555,10,train_0361,12828.770324150122,10154.546472376442,65.45464723764417,0.0,12894.224971387766,17.26,0.76,0.0,0.0,7.0,1.8968592631667593
1556,10,train_0476,12378.488669121012,10254.377248409764,75.43772484097644,0.0,12453.926393961989,19.4,0.6,0.0,0.0,7.0,1.8968592631667593
1557,10,train_0561,12754.924911903807,10387.321472066873,88.7321472066873,0.0,12843.657059110494,17.04,0.74,0.0,0.0,7.0,1.8968592631667593
1558,10,train_0409,12880.293623620057,10451.778014756866,95.17780147568665,0.0,12975.471425095744,19.04,0.7,0.0,0.0,7.0,1.8968592631667593
1559,10,train_0087,13035.535753622367,10250.155644866169,75.01556448661687,0.0,13110.551318108985,16.78,0.84,0.0,0.0,7.0,1.8968592631667593
1560,10,train_0250,12807.885221380766,10066.305894393787,56.630589439378674,0.0,12864.515810820145,15.64,0.7,0.0,0.0,7.0,1.8968592631667593
1561,10,train_0427,12572.82369973557,10099.212655677577,59.92126556775766,0.0,12632.744965303329,16.04,0.66,0.0,0.0,7.0,1.8968592631667593
1562,10,train_0494,12406.11686468267,9923.179508046735,42.31795080467346,0.0,12448.434815487344,15.44,0.66,0.0,0.0,7.0,1.8968592631667593
1563,10,train_0285,12218.69984332767,10356.989900900908,85.69899009009077,0.0,12304.39883341776,14.42,0.74,0.0,0.0,7.0,1.8968592631667593
1564,10,train_0511,12252.841636456753,10109.515366740432,60.951536674043204,0.0,12313.793173130796,16.82,0.72,0.0,0.0,7.0,1.8968592631667593
1565,10,train_0079,12545.795291971717,10584.404967803202,108.44049678032025,0.0,12654.235788752037,14.7,0.66,0.0,0.0,7.0,1.8968592631667593
1566,10,train_0206,12756.962144271776,10364.913258613662,86.4913258613662,0.0,12843.453470133143,13.5,0.78,0.0,0.0,7.0,1.8968592631667593
1567,10,train_0583,12076.470888853795,10484.480734116863,98.44807341168635,0.0,12174.918962265481,15.54,0.74,0.0,0.0,7.0,1.8968592631667593
1568,10,train_0117,12226.922240865708,9828.659663420505,32.86596634205053,0.0,12259.78820720776,14.68,0.74,0.0,0.0,7.0,1.8968592631667593
1569,10,train_0417,12357.876952547547,10270.409978224656,77.04099782246558,0.0,12434.917950370012,15.9,0.68,0.0,0.0,7.0,1.8968592631667593
1570,10,train_0126,12614.384173885614,10134.621448867809,63.462144886780884,0.0,12677.846318772394,17.88,0.68,0.0,0.0,7.0,1.8968592631667593
1571,10,train_0077,12427.324385338823,10019.952568213917,51.99525682139174,0.0,12479.319642160215,16.1,0.72,0.0,0.0,7.0,1.8968592631667593
1572,10,train_0095,12460.453288277959,10172.617643265683,67.2617643265683,0.0,12527.715052604526,16.64,0.56,0.0,0.0,7.0,1.8968592631667593
1573,10,train_0543,12903.449717036046,10067.894030423278,56.789403042327834,0.0,12960.239120078375,15.2,0.64,0.0,0.0,7.0,1.8968592631667593
1574,10,train_0588,12594.873484857268,9966.52485843368,46.652485843368055,0.0,12641.525970700635,16.58,0.76,0.0,0.0,7.0,1.8968592631667593
1575,10,train_0061,12525.932295817354,10298.983320907852,79.89833209078516,0.0,12605.830627908139,15.14,0.66,0.0,0.0,7.0,1.8968592631667593
1576,10,train_0424,12742.483768484453,10439.037704190894,93.90377041908943,0.0,12836.387538903542,17.18,0.74,0.0,0.0,7.0,1.8968592631667593
1577,10,train_0055,12999.503474978665,9823.534249062595,32.353424906259534,0.0,13031.856899884924,15.26,0.7,0.0,0.0,7.0,1.8968592631667593
1578,10,train_0491,12828.089803722563,10346.840729627384,84.68407296273836,0.0,12912.773876685302,15.38,0.78,0.0,0.0,7.0,1.8968592631667593
1579,10,train_0198,11796.90391461044,9997.64895450967,49.76489545096702,0.0,11846.668810061408,16.5,0.62,0.0,0.0,7.0,1.8968592631667593
1580,10,train_0028,12426.751932394365,10611.899663411557,111.18996634115575,0.0,12537.94189873552,17.76,0.62,0.0,0.0,7.0,1.8968592631667593
1581,10,train_0562,12652.101454902535,10266.248798765575,76.6248798765575,0.0,12728.726334779092,16.04,0.58,0.0,0.0,7.0,1.8968592631667593
1582,10,train_0552,12552.333430415587,10339.292817766778,83.92928177667783,0.0,12636.262712192265,14.42,0.68,0.0,0.0,7.0,1.8968592631667593
1583,10,train_0019,12654.329617829691,10606.423074451359,110.64230744513588,0.0,12764.971925274827,16.16,0.66,0.0,0.0,7.0,1.8968592631667593
1584,10,train_0233,13221.247768647856,10359.989119786687,85.99891197866873,0.0,13307.246680626526,15.36,0.76,0.0,0.0,7.0,1.8968592631667593
1585,10,train_0550,12334.376077557012,10293.515327417608,79.35153274176082,0.0,12413.727610298773,16.22,0.7,0.0,0.0,7.0,1.8968592631667593
1586,10,train_0210,12297.225590619755,10266.50345542943,76.65034554294307,0.0,12373.875936162698,13.88,0.52,0.0,0.0,7.0,1.8968592631667593
1587,10,train_0366,12689.785583000288,10038.191529904201,53.81915299042012,0.0,12743.604735990708,15.62,0.88,0.0,0.0,7.0,1.8968592631667593
1588,10,train_0521,12446.375212055194,10318.142339809903,81.81423398099032,0.0,12528.189446036185,17.1,0.72,0.0,0.0,7.0,1.8968592631667593
1589,10,train_0040,12527.027318752855,10863.325928036447,136.33259280364473,0.0,12663.3599115565,17.94,0.74,0.0,0.0,7.0,1.8968592631667593
1590,10,train_0294,12216.525543018855,10091.326612759953,59.132661275995275,0.0,12275.65820429485,15.46,0.72,0.0,0.0,7.0,1.8968592631667593
1591,10,train_0341,12909.844102212752,10222.034890895717,72.20348908957168,0.0,12982.047591302324,16.3,0.62,0.0,0.0,7.0,1.8968592631667593
1592,10,train_0554,12391.58980312011,10058.216598756504,55.821659875650404,0.0,12447.41146299576,14.4,0.68,0.0,0.0,7.0,1.8968592631667593
1593,10,train_0275,12735.218408428758,10124.833387063807,62.483338706380714,0.0,12797.70174713514,15.68,0.72,0.0,0.0,7.0,1.8968592631667593
1594,10,train_0502,12790.566432217167,10320.888503965893,82.08885039658927,0.0,12872.655282613756,14.44,0.78,0.0,0.0,7.0,1.8968592631667593
1595,10,train_0338,12749.881878101449,10127.051347757048,62.70513477570476,0.0,12812.587012877153,15.72,0.68,0.0,0.0,7.0,1.8968592631667593
1596,10,train_0259,12792.675012903383,10284.478535288905,78.44785352889049,0.0,12871.122866432273,14.44,0.62,0.0,0.0,7.0,1.8968592631667593
1597,10,train_0442,13045.933823342908,10357.107492534291,85.7107492534291,0.0,13131.644572596337,14.96,0.56,0.0,0.0,7.0,1.8968592631667593
1598,10,train_0507,12836.074788403494,9940.382357079838,44.03823570798377,0.0,12880.113024111477,15.26,0.74,0.0,0.0,7.0,1.8968592631667593
1599,10,train_0407,12756.966942445786,10196.998795948268,69.69987959482678,0.0,12826.666822040614,17.56,0.7,0.0,0.0,7.0,1.8968592631667593
1600,11,train_0371,12336.210241770823,10326.7795274421,82.67795274421006,0.0,12418.888194515033,15.46,0.58,0.0,0.0,7.0,1.8968592631667593
1601,11,train_0598,12353.161218724967,10108.52486912887,60.85248691288707,0.0,12414.013705637853,14.5,0.66,0.0,0.0,7.0,1.8968592631667593
1602,11,train_0361,12785.718778225393,10652.663364518161,115.2663364518161,0.0,12900.985114677209,18.12,0.66,0.0,0.0,7.0,1.8968592631667593
1603,11,train_0094,12018.536887655164,9839.296224052017,33.929622405201734,0.0,12052.466510060365,16.68,0.68,0.0,0.0,7.0,1.8968592631667593
1604,11,train_0551,12343.614576732345,10041.466424759532,54.1466424759532,0.0,12397.761219208298,16.88,0.66,0.0,0.0,7.0,1.8968592631667593
1605,11,train_0487,13017.307732354337,10030.661348158123,53.06613481581226,0.0,13070.373867170149,15.66,0.58,0.0,0.0,7.0,1.8968592631667593
1606,11,train_0222,12456.718825235212,10445.12321824938,94.51232182493806,0.0,12551.231147060149,19.04,0.78,0.0,0.0,7.0,1.8968592631667593
1607,11,train_0246,12161.947994371885,10383.194125979526,88.31941259795258,0.0,12250.267406969837,16.42,0.72,0.0,0.0,7.0,1.8968592631667593
1608,11,train_0399,12273.236895739872,10311.177219785066,81.11772197850661,0.0,12354.354617718378,14.72,0.72,0.0,0.0,7.0,1.8968592631667593
1609,11,train_0469,12806.502135873885,10653.227596235702,115.32275962357016,0.0,12921.824895497455,15.58,0.76,0.0,0.0,7.0,1.8968592631667593
1610,11,train_0422,12710.15015201207,10237.043432023249,73.70434320232489,0.0,12783.854495214395,15.94,0.76,0.0,0.0,7.0,1.8968592631667593
1611,11,train_0535,12327.978485316464,10266.743504548273,76.67435045482726,0.0,12404.65283577129,14.12,0.64,0.0,0.0,7.0,1.8968592631667593
1612,11,train_0042,12391.020945886477,10544.509945424576,104.45099454245756,0.0,12495.471940428935,16.68,0.66,0.0,0.0,7.0,1.8968592631667593
1613,11,train_0595,12248.104135985754,10011.052604946912,51.10526049469118,0.0,12299.209396480444,16.2,0.66,0.0,0.0,7.0,1.8968592631667593
1614,11,train_0292,12213.265665067756,10489.12742583198,98.9127425831981,0.0,12312.178407650954,17.32,0.72,0.0,0.0,7.0,1.8968592631667593
1615,11,train_0159,12354.55152541949,9726.393675178468,22.639367517846768,0.0,12377.190892937337,16.38,0.66,0.0,0.0,7.0,1.8968592631667593
1616,11,train_0129,12785.872070429208,10656.571344892007,115.6571344892007,0.0,12901.529204918408,15.1,0.72,0.0,0.0,7.0,1.8968592631667593
1617,11,train_0271,12487.362649152576,9604.313506114862,10.431350611486232,0.0,12497.793999764062,14.86,0.7,0.0,0.0,7.0,1.8968592631667593
1618,11,train_0181,11760.876189800878,9581.976291249299,8.19762912492988,0.0,11769.073818925808,17.6,0.64,0.0,0.0,7.0,1.8968592631667593
1619,11,train_0565,12980.455600226058,10642.76129646005,114.27612964600503,0.0,13094.731729872063,15.78,0.68,0.0,0.0,7.0,1.8968592631667593
1620,11,train_0298,11909.62736054698,9960.15767867427,46.01576786742699,0.0,11955.643128414407,15.94,0.64,0.0,0.0,7.0,1.8968592631667593
1621,11,train_0567,12851.808142613065,11246.247881242292,174.62478812422924,0.0,13026.432930737294,16.9,0.76,0.0,0.0,7.0,1.8968592631667593
1622,11,train_0403,13006.231305239471,10012.215392708982,51.22153927089821,0.0,13057.45284451037,13.86,0.56,0.0,0.0,7.0,1.8968592631667593
1623,11,train_0223,12365.994890812857,10046.211925009493,54.62119250094929,0.0,12420.616083313806,14.86,0.7,0.0,0.0,7.0,1.8968592631667593
1624,11,train_0240,13040.385512099288,10872.271221132214,137.2271221132214,0.0,13177.61263421251,15.22,0.64,0.0,0.0,7.0,1.8968592631667593
1625,11,train_0564,12434.51669604988,10377.353155543244,87.73531555432437,0.0,12522.252011604203,16.2,0.74,0.0,0.0,7.0,1.8968592631667593
1626,11,train_0394,12777.858422129564,10525.601827819162,102.56018278191624,0.0,12880.41860491148,14.48,0.72,0.0,0.0,7.0,1.8968592631667593
1627,11,train_0243,12436.0512672189,10615.47594254083,111.54759425408302,0.0,12547.598861472983,17.2,0.72,0.0,0.0,7.0,1.8968592631667593
1628,11,train_0449,12576.094179927211,10774.673363659283,127.46733636592836,0.0,12703.561516293139,17.18,0.76,0.0,0.0,7.0,1.8968592631667593
1629,11,train_0224,12789.613054582118,10060.633934569028,56.06339345690285,0.0,12845.676448039021,14.64,0.6,0.0,0.0,7.0,1.8968592631667593
1630,11,train_0130,12448.654058771323,10202.110064884588,70.21100648845878,0.0,12518.86506525978,14.26,0.72,0.0,0.0,7.0,1.8968592631667593
1631,11,train_0453,12188.109237718047,10425.534731187057,92.55347311870574,0.0,12280.662710836752,17.64,0.76,0.0,0.0,7.0,1.8968592631667593
1632,11,train_0050,12318.214583302466,10505.826301557276,100.58263015572757,0.0,12418.797213458194,15.3,0.8,0.0,0.0,7.0,1.8968592631667593
1633,11,train_0282,12442.757507085396,10037.99622262203,53.79962226220305,0.0,12496.557129347599,16.36,0.74,0.0,0.0,7.0,1.8968592631667593
1634,11,train_0246,12289.893830766203,10178.195967002572,67.81959670025718,0.0,12357.71342746646,17.74,0.7,0.0,0.0,7.0,1.8968592631667593
1635,11,train_0268,12867.250852035428,10059.390485533278,55.93904855332785,0.0,12923.189900588755,16.6,0.78,0.0,0.0,7.0,1.8968592631667593
1636,11,train_0127,12401.711068218367,10553.683087248268,105.36830872482679,0.0,12507.079376943193,15.78,0.72,0.0,0.0,7.0,1.8968592631667593
1637,11,train_0231,12426.70818797977,10013.651227943004,51.36512279430045,0.0,12478.07331077407,14.44,0.64,0.0,0.0,7.0,1.8968592631667593
1638,11,train_0073,12413.46030233507,10207.370117508059,70.73701175080588,0.0,12484.197314085875,14.68,0.7,0.0,0.0,7.0,1.8968592631667593
1639,11,train_0259,12624.513657149784,10324.665808532372,82.46658085323725,0.0,12706.980238003021,14.42,0.66,0.0,0.0,7.0,1.8968592631667593
1640,11,train_0441,12826.756781235501,9964.56634230899,46.456634230899,0.0,12873.2134154664,16.48,0.74,0.0,0.0,7.0,1.8968592631667593
1641,11,train_0083,12339.887979326391,10367.623932079987,86.76239320799868,0.0,12426.65037253439,14.1,0.6,0.0,0.0,7.0,1.8968592631667593
1642,11,train_0090,12472.75173013405,10293.527512279747,79.35275122797466,0.0,12552.104481362025,14.74,0.6,0.0,0.0,7.0,1.8968592631667593
1643,11,train_0036,12447.616826443385,10100.561908293323,60.056190829332266,0.0,12507.673017272718,16.86,0.72,0.0,0.0,7.0,1.8968592631667593
1644,11,train_0499,12516.45482115926,9698.419418628617,19.841941862861677,0.0,12536.296763022121,16.74,0.64,0.0,0.0,7.0,1.8968592631667593
1645,11,train_0452,12398.371318640107,10089.463417169363,58.94634171693633,0.0,12457.317660357043,16.56,0.68,0.0,0.0,7.0,1.8968592631667593
1646,11,train_0026,11750.733931559093,10284.67871363221,78.46787136322092,0.0,11829.201802922313,15.5,0.56,0.0,0.0,7.0,1.8968592631667593
1647,11,train_0338,12643.373203499743,10140.154267527141,64.01542675271412,0.0,12707.388630252457,15.5,0.66,0.0,0.0,7.0,1.8968592631667593
1648,11,train_0281,12606.119584913522,10352.96980882148,85.29698088214792,0.0,12691.41656579567,15.52,0.58,0.0,0.0,7.0,1.8968592631667593
1649,11,train_0403,12617.531083068723,10902.211717112536,140.22117171125356,0.0,12757.752254779976,14.42,0.64,0.0,0.0,7.0,1.8968592631667593
1650,11,train_0224,12750.427692316065,10232.61555857463,73.26155585746292,0.0,12823.689248173529,14.56,0.66,0.0,0.0,7.0,1.8968592631667593
1651,11,train_0481,12534.924748257057,9914.157247959214,41.41572479592142,0.0,12576.340473052978,16.08,0.76,0.0,0.0,7.0,1.8968592631667593
1652,11,train_0304,12772.07950449927,10515.05289167522,101.50528916752192,0.0,12873.584793666792,16.02,0.64,0.0,0.0,7.0,1.8968592631667593
1653,11,train_0138,12470.936717217468,10091.531249485184,59.15312494851842,0.0,12530.089842165986,16.9,0.7,0.0,0.0,7.0,1.8968592631667593
1654,11,train_0301,12667.501482321533,10831.86850790073,133.186850790073,0.0,12800.688333111606,14.5,0.66,0.0,0.0,7.0,1.8968592631667593
1655,11,train_0140,12209.406897980967,10183.145169588144,68.31451695881442,0.0,12277.721414939782,15.7,0.66,0.0,0.0,7.0,1.8968592631667593
1656,11,train_0301,12627.82593511087,10623.68313778768,112.36831377876807,0.0,12740.194248889638,14.78,0.58,0.0,0.0,7.0,1.8968592631667593
1657,11,train_0166,12119.249708455936,10128.880466346254,62.888046634625425,0.0,12182.137755090562,13.84,0.6,0.0,0.0,7.0,1.8968592631667593
1658,11,train_0259,12768.436476877581,10510.424144407956,101.04241444079562,0.0,12869.478891318377,15.48,0.68,0.0,0.0,7.0,1.8968592631667593
1659,11,train_0182,13006.026421515888,10242.433875043389,74.2433875043389,0.0,13080.269809020227,16.2,0.66,0.0,0.0,7.0,1.8968592631667593
1660,11,train_0313,12563.823309257301,10313.986100872386,81.39861008723857,0.0,12645.22191934454,16.02,0.72,0.0,0.0,7.0,1.8968592631667593
1661,11,train_0456,12371.620436768848,10457.882477060932,95.78824770609317,0.0,12467.408684474942,15.66,0.56,0.0,0.0,7.0,1.8968592631667593
1662,11,train_0412,12172.406214130571,10225.102896002027,72.51028960020267,0.0,12244.916503730774,14.24,0.7,0.0,0.0,7.0,1.8968592631667593
1663,11,train_0224,12608.386352651632,10248.749284247893,74.87492842478933,0.0,12683.261281076422,14.96,0.72,0.0,0.0,7.0,1.8968592631667593
1664,11,train_0299,12658.365430261527,9960.414404353123,46.041440435312325,0.0,12704.40687069684,14.24,0.66,0.0,0.0,7.0,1.8968592631667593
1665,11,train_0193,12484.097867048684,10485.98240452032,98.59824045203204,0.0,12582.696107500717,13.42,0.72,0.0,0.0,7.0,1.8968592631667593
1666,11,train_0186,12473.33030708609,10416.500400374298,91.65004003742979,0.0,12564.98034712352,15.16,0.8,0.0,0.0,7.0,1.8968592631667593
1667,11,train_0381,12124.482802102768,10015.872290828636,51.58722908286364,0.0,12176.07003118563,14.08,0.8,0.0,0.0,7.0,1.8968592631667593
1668,11,train_0469,12828.44277027412,10819.927252547,131.99272525470005,0.0,12960.43549552882,14.42,0.58,0.0,0.0,7.0,1.8968592631667593
1669,11,train_0111,12384.976957057876,9956.12524975367,45.61252497536698,0.0,12430.589482033243,14.2,0.68,0.0,0.0,7.0,1.8968592631667593
1670,11,train_0153,12448.864145604763,10192.457978352797,69.2457978352797,0.0,12518.109943440042,16.26,0.8,0.0,0.0,7.0,1.8968592631667593
1671,11,train_0063,12578.959662191708,10346.057053515564,84.6057053515564,0.0,12663.565367543264,14.52,0.72,0.0,0.0,7.0,1.8968592631667593
1672,11,train_0595,12015.914536364897,10185.979761712471,68.59797617124714,0.0,12084.512512536145,17.26,0.74,0.0,0.0,7.0,1.8968592631667593
1673,11,train_0418,12439.773381034598,10502.956202859757,100.29562028597576,0.0,12540.069001320573,16.34,0.74,0.0,0.0,7.0,1.8968592631667593
1674,11,train_0094,12052.451045106664,9987.67815749273,48.767815749273,0.0,12101.218860855937,15.46,0.74,0.0,0.0,7.0,1.8968592631667593
1675,11,train_0453,12345.284530354842,10059.64741031524,55.96474103152396,0.0,12401.249271386367,16.84,0.7,0.0,0.0,7.0,1.8968592631667593
1676,11,train_0183,13021.91877648859,9954.76999466493,45.476999466493,0.0,13067.395775955083,15.68,0.64,0.0,0.0,7.0,1.8968592631667593
1677,11,train_0177,12597.578512217955,10455.138351877406,95.51383518774055,0.0,12693.092347405696,14.36,0.78,0.0,0.0,7.0,1.8968592631667593
1678,11,train_0293,12252.143857891137,10214.829237955391,71.48292379553914,0.0,12323.626781686675,15.32,0.66,0.0,0.0,7.0,1.8968592631667593
1679,11,train_0381,12100.434525137258,9927.711117886909,42.77111178869091,0.0,12143.205636925948,16.12,0.64,0.0,0.0,7.0,1.8968592631667593
1680,11,train_0395,11971.770610958069,10222.443392404271,72.24433924042715,0.0,12044.014950198496,16.86,0.74,0.0,0.0,7.0,1.8968592631667593
1681,11,train_0020,12749.879243376492,10369.257126660259,86.9257126660259,0.0,12836.804956042517,14.32,0.74,0.0,0.0,7.0,1.8968592631667593
1682,11,train_0444,12661.874010807202,10376.535000833057,87.6535000833057,0.0,12749.527510890508,17.12,0.76,0.0,0.0,7.0,1.8968592631667593
1683,11,train_0242,12703.319374253695,10502.897241437602,100.28972414376022,0.0,12803.609098397455,14.74,0.68,0.0,0.0,7.0,1.8968592631667593
1684,11,train_0549,12620.83824468684,10293.366422066178,79.33664220661777,0.0,12700.174886893457,16.38,0.7,0.0,0.0,7.0,1.8968592631667593
1685,11,train_0346,13031.348879120005,10277.676158199307,77.7676158199307,0.0,13109.116494939935,16.24,0.64,0.0,0.0,7.0,1.8968592631667593
1686,11,train_0561,12404.761173654748,10599.787393735056,109.9787393735056,0.0,12514.739913028254,17.52,0.7,0.0,0.0,7.0,1.8968592631667593
1687,11,train_0152,12272.269119776947,10304.535802839217,80.45358028392167,0.0,12352.72270006087,14.94,0.68,0.0,0.0,7.0,1.8968592631667593
1688,11,train_0398,12137.659861820379,10176.748347689241,67.67483476892413,0.0,12205.334696589303,15.26,0.58,0.0,0.0,7.0,1.8968592631667593
1689,11,train_0208,12899.781248630708,9999.556955655898,49.95569556558985,0.0,12949.736944196298,15.42,0.62,0.0,0.0,7.0,1.8968592631667593
1690,11,train_0515,12486.676759260317,10242.035812509956,74.20358125099555,0.0,12560.880340511312,17.32,0.68,0.0,0.0,7.0,1.8968592631667593
1691,11,train_0365,12967.588020923416,10151.132828725134,65.11328287251345,0.0,13032.70130379593,15.64,0.68,0.0,0.0,7.0,1.8968592631667593
1692,11,train_0451,12810.326440268898,10470.126082411007,97.01260824110068,0.0,12907.339048509999,15.84,0.68,0.0,0.0,7.0,1.8968592631667593
1693,11,train_0353,12235.79613913393,9944.489495578142,44.448949557814196,0.0,12280.245088691745,17.12,0.66,0.0,0.0,7.0,1.8968592631667593
1694,11,train_0458,13097.718651532383,10204.745697220958,70.47456972209584,0.0,13168.193221254478,15.18,0.72,0.0,0.0,7.0,1.8968592631667593
1695,11,train_0092,12518.686224021021,10598.39645235562,109.83964523556206,0.0,12628.525869256584,16.9,0.7,0.0,0.0,7.0,1.8968592631667593
1696,11,train_0137,12242.06966861559,10045.352811797875,54.53528117978749,0.0,12296.604949795377,16.66,0.62,0.0,0.0,7.0,1.8968592631667593
1697,11,train_0423,12194.238711033066,10197.415910128273,69.7415910128273,0.0,12263.980302045893,18.58,0.64,0.0,0.0,7.0,1.8968592631667593
1698,11,train_0110,12361.778897587348,10333.018118885673,83.30181188856733,0.0,12445.080709475915,17.7,0.62,0.0,0.0,7.0,1.8968592631667593
1699,11,train_0048,12528.19615934206,10434.673498807899,93.46734988078988,0.0,12621.66350922285,16.52,0.64,0.0,0.0,7.0,1.8968592631667593
1700,11,train_0335,12710.279088057127,10479.18668931286,97.91866893128609,0.0,12808.197756988413,18.98,0.72,0.0,0.0,7.0,1.8968592631667593
1701,11,train_0581,12430.580691163686,10129.549768985358,62.954976898535826,0.0,12493.535668062223,16.46,0.66,0.0,0.0,7.0,1.8968592631667593
1702,11,train_0186,12747.771985658324,9963.021166566643,46.302116656664296,0.0,12794.07410231499,15.52,0.5,0.0,0.0,7.0,1.8968592631667593
1703,11,train_0121,12229.276712045646,10222.585508446507,72.25855084465074,0.0,12301.535262890297,15.9,0.6,0.0,0.0,7.0,1.8968592631667593
1704,11,train_0435,12317.041121667802,10084.370788677195,58.43707886771954,0.0,12375.478200535521,16.04,0.64,0.0,0.0,7.0,1.8968592631667593
1705,11,train_0152,12454.698868855256,10038.631020064891,53.863102006489136,0.0,12508.561970861745,14.52,0.7,0.0,0.0,7.0,1.8968592631667593
1706,11,train_0465,12862.378715455641,10420.07920625067,92.00792062506699,0.0,12954.386636080708,15.74,0.74,0.0,0.0,7.0,1.8968592631667593
1707,11,train_0120,12500.708947091458,9771.33368850936,27.133368850935952,0.0,12527.842315942395,16.56,0.64,0.0,0.0,7.0,1.8968592631667593
1708,11,train_0113,12388.813981713483,10325.846894309536,82.58468943095359,0.0,12471.398671144438,16.28,0.7,0.0,0.0,7.0,1.8968592631667593
1709,11,train_0594,12235.576765808471,10162.720543152658,66.27205431526582,0.0,12301.848820123738,17.64,0.64,0.0,0.0,7.0,1.8968592631667593
1710,11,train_0359,12802.733663796658,10318.693095191218,81.86930951912183,0.0,12884.60297331578,15.58,0.68,0.0,0.0,7.0,1.8968592631667593
1711,11,train_0171,12833.174077401542,10586.699692815586,108.6699692815586,0.0,12941.8440466831,17.72,0.72,0.0,0.0,7.0,1.8968592631667593
1712,11,train_0270,12622.882453803237,9956.474476084035,45.647447608403496,0.0,12668.52990141164,16.46,0.66,0.0,0.0,7.0,1.8968592631667593
1713,11,train_0363,12486.581560554678,10336.061690065602,83.60616900656024,0.0,12570.187729561238,15.1,0.62,0.0,0.0,7.0,1.8968592631667593
1714,11,train_0027,12597.584016624507,10238.11430788648,73.81143078864807,0.0,12671.395447413155,14.82,0.7,0.0,0.0,7.0,1.8968592631667593
1715,11,train_0594,12285.688498811567,9925.748048797941,42.5748048797941,0.0,12328.263303691361,18.0,0.74,0.0,0.0,7.0,1.8968592631667593
1716,11,train_0287,12495.966642751646,10160.694850885266,66.06948508852656,0.0,12562.036127840172,16.1,0.76,0.0,0.0,7.0,1.8968592631667593
1717,11,train_0570,12666.610934874214,9672.013280573043,17.201328057304273,0.0,12683.812262931518,14.9,0.76,0.0,0.0,7.0,1.8968592631667593
1718,11,train_0474,12395.973425853757,10260.983011297794,76.09830112977943,0.0,12472.071726983537,14.5,0.62,0.0,0.0,7.0,1.8968592631667593
1719,11,train_0025,12918.06949849808,10298.974351077224,79.89743510772242,0.0,12997.966933605803,14.68,0.86,0.0,0.0,7.0,1.8968592631667593
1720,11,train_0480,12839.29008824849,10153.21197971095,65.32119797109499,0.0,12904.611286219584,15.78,0.68,0.0,0.0,7.0,1.8968592631667593
1721,11,train_0312,11988.046524343312,9876.35624306458,37.63562430645798,0.0,12025.68214864977,15.06,0.7,0.0,0.0,7.0,1.8968592631667593
1722,11,train_0529,12472.450375601531,10313.424598366928,81.3424598366928,0.0,12553.792835438224,14.66,0.74,0.0,0.0,7.0,1.8968592631667593
1723,11,train_0360,12288.678567071769,10481.056484842233,98.10564848422328,0.0,12386.784215555992,16.54,0.56,0.0,0.0,7.0,1.8968592631667593
1724,11,train_0167,12372.738105003711,10057.604389522474,55.76043895224739,0.0,12428.498543955959,16.74,0.78,0.0,0.0,7.0,1.8968592631667593
1725,11,train_0421,13038.013950009157,10307.115529620467,80.71155296204671,0.0,13118.725502971203,16.28,0.72,0.0,0.0,7.0,1.8968592631667593
1726,11,train_0171,13239.556327027785,10306.519390767604,80.6519390767604,0.0,13320.208266104546,17.12,0.8,0.0,0.0,7.0,1.8968592631667593
1727,11,train_0201,12553.568339969737,10215.570969223816,71.5570969223816,0.0,12625.125436892118,15.54,0.54,0.0,0.0,7.0,1.8968592631667593
1728,11,train_0353,12130.90268631823,10305.605163270324,80.56051632703239,0.0,12211.463202645262,16.5,0.64,0.0,0.0,7.0,1.8968592631667593
1729,11,train_0196,12103.056869405253,10514.748318968766,101.47483189687665,0.0,12204.531701302129,15.52,0.68,0.0,0.0,7.0,1.8968592631667593
1730,11,train_0560,13125.233302719667,9734.9968048283,23.499680482830083,0.0,13148.732983202497,17.74,0.64,0.0,0.0,7.0,1.8968592631667593
1731,11,train_0002,12342.01291515596,10287.761483608947,78.7761483608947,0.0,12420.789063516855,14.72,0.7,0.0,0.0,7.0,1.8968592631667593
1732,11,train_0230,12442.307023553049,10075.715130214883,57.57151302148832,0.0,12499.878536574537,15.34,0.74,0.0,0.0,7.0,1.8968592631667593
1733,11,train_0021,12735.226449571417,10617.894418869859,111.78944188698588,0.0,12847.015891458403,17.32,0.68,0.0,0.0,7.0,1.8968592631667593
1734,11,train_0431,12206.271386533515,10386.89785565384,88.68978556538406,0.0,12294.9611720989,15.08,0.66,0.0,0.0,7.0,1.8968592631667593
1735,11,train_0330,11962.215806600256,9749.308507314196,24.93085073141956,0.0,11987.146657331676,15.7,0.66,0.0,0.0,7.0,1.8968592631667593
1736,11,train_0089,12785.242541712996,9969.1938524722,46.91938524722009,0.0,12832.161926960216,15.28,0.7,0.0,0.0,7.0,1.8968592631667593
1737,11,train_0045,12632.65214427248,10238.85627239784,73.88562723978394,0.0,12706.537771512265,13.96,0.74,0.0,0.0,7.0,1.8968592631667593
1738,11,train_0447,12461.469355484372,10408.815156529388,90.88151565293884,0.0,12552.35087113731,16.92,0.72,0.0,0.0,7.0,1.8968592631667593
1739,11,train_0121,12499.489685896471,9990.507338468116,49.05073384681164,0.0,12548.540419743284,15.02,0.84,0.0,0.0,7.0,1.8968592631667593
1740,11,train_0505,12475.757171557256,10403.764832596604,90.37648325966039,0.0,12566.133654816917,17.22,0.6,0.0,0.0,7.0,1.8968592631667593
1741,11,train_0199,13069.1626561316,9954.312607471313,45.431260747131276,0.0,13114.593916878732,16.12,0.84,0.0,0.0,7.0,1.8968592631667593
1742,11,train_0329,12530.516538888165,10008.651809508614,50.8651809508614,0.0,12581.381719839026,16.52,0.62,0.0,0.0,7.0,1.8968592631667593
1743,11,train_0042,12343.602433505195,10470.305464820609,97.0305464820609,0.0,12440.632979987256,16.36,0.78,0.0,0.0,7.0,1.8968592631667593
1744,12,train_0304,13024.053989241413,10638.627902470269,113.86279024702691,0.0,13137.91677948844,16.98,0.7,0.0,0.0,7.0,1.8968592631667593
1745,12,train_0018,12249.609887707167,10458.954696738587,95.89546967385868,0.0,12345.505357381026,16.22,0.58,0.0,0.0,7.0,1.8968592631667593
1746,12,train_0133,12609.696994880747,10139.796332559301,63.979633255930096,0.0,12673.676628136678,16.84,0.7,0.0,0.0,7.0,1.8968592631667593
1747,12,train_0556,12679.219139377741,10228.779918917768,72.87799189177677,0.0,12752.097131269518,12.68,0.72,0.0,0.0,7.0,1.8968592631667593
1748,12,train_0586,12461.739737146789,10527.00572825428,102.70057282542803,0.0,12564.440309972217,14.18,0.82,0.0,0.0,7.0,1.8968592631667593
1749,12,train_0261,12632.363147756576,10484.774420019756,98.47744200197559,0.0,12730.84058975855,17.14,0.58,0.0,0.0,7.0,1.8968592631667593
1750,12,train_0544,12965.865230819512,10728.541509632527,122.85415096325269,0.0,13088.719381782765,14.58,0.66,0.0,0.0,7.0,1.8968592631667593
1751,12,train_0122,12375.253028357769,9990.240384119252,49.024038411925176,0.0,12424.277066769693,15.92,0.74,0.0,0.0,7.0,1.8968592631667593
1752,12,train_0352,12233.715160500993,10038.538815050433,53.85388150504332,0.0,12287.569042006036,16.84,0.78,0.0,0.0,7.0,1.8968592631667593
1753,12,train_0425,13129.485378286085,10535.806654887941,103.58066548879415,0.0,13233.06604377488,14.58,0.76,0.0,0.0,7.0,1.8968592631667593
1754,12,train_0534,12282.979354397383,10192.7932224084,69.27932224083997,0.0,12352.258676638223,16.42,0.56,0.0,0.0,7.0,1.8968592631667593
1755,12,train_0005,12038.050138224564,10038.530126279695,53.85301262796948,0.0,12091.903150852533,16.54,0.68,0.0,0.0,7.0,1.8968592631667593
1756,12,train_0356,12895.493408142653,10207.205945469812,70.72059454698119,0.0,12966.214002689634,17.14,0.72,0.0,0.0,7.0,1.8968592631667593
1757,12,train_0147,12993.83754987003,10267.214820617222,76.72148206172224,0.0,13070.559031931753,16.4,0.8,0.0,0.0,7.0,1.8968592631667593
1758,12,train_0232,12861.617958704039,9831.043297224904,33.10432972249037,0.0,12894.722288426528,15.9,0.56,0.0,0.0,7.0,1.8968592631667593
1759,12,train_0576,12532.43742677309,9929.950603237086,42.99506032370864,0.0,12575.432487096798,14.6,0.74,0.0,0.0,7.0,1.8968592631667593
1760,12,train_0391,12645.51748242185,10224.50577249877,72.45057724987691,0.0,12717.968059671726,14.34,0.62,0.0,0.0,7.0,1.8968592631667593
1761,12,train_0538,12655.024899104115,10396.453571089798,89.64535710897981,0.0,12744.670256213096,16.56,0.72,0.0,0.0,7.0,1.8968592631667593
1762,12,train_0114,12412.333858232549,10421.647482107872,92.1647482107872,0.0,12504.498606443336,16.5,0.6,0.0,0.0,7.0,1.8968592631667593
1763,12,train_0381,12297.03754324894,9997.24249967782,49.72424996778209,0.0,12346.761793216721,15.2,0.68,0.0,0.0,7.0,1.8968592631667593
1764,12,train_0555,12236.158120577196,9899.940576472163,39.99405764721632,0.0,12276.152178224413,15.94,0.7,0.0,0.0,7.0,1.8968592631667593
1765,12,train_0055,12652.322624778131,10358.97753028807,85.89775302880699,0.0,12738.220377806938,14.26,0.76,0.0,0.0,7.0,1.8968592631667593
1766,12,train_0523,12002.422191119824,10324.834278424572,82.48342784245725,0.0,12084.90561896228,15.82,0.7,0.0,0.0,7.0,1.8968592631667593
1767,12,train_0190,12858.748117923125,10638.14871153669,113.81487115366909,0.0,12972.562989076794,16.22,0.62,0.0,0.0,7.0,1.8968592631667593
1768,12,train_0252,12146.360226120785,10117.007155178406,61.700715517840585,0.0,12208.060941638625,16.54,0.74,0.0,0.0,7.0,1.8968592631667593
1769,12,train_0016,12369.442561656171,10500.678557655236,100.06785576552357,0.0,12469.510417421694,15.22,0.62,0.0,0.0,7.0,1.8968592631667593
1770,12,train_0502,12641.714303134911,10329.862649852936,82.98626498529357,0.0,12724.700568120204,15.88,0.64,0.0,0.0,7.0,1.8968592631667593
1771,12,train_0131,12969.683285127834,10476.333821416305,97.6333821416305,0.0,13067.316667269464,18.0,0.64,0.0,0.0,7.0,1.8968592631667593
1772,12,train_0594,12180.870814580147,9937.224156129203,43.72241561292031,0.0,12224.593230193066,18.22,0.74,0.0,0.0,7.0,1.8968592631667593
1773,12,train_0015,12306.569122549961,10250.985716459694,75.09857164596943,0.0,12381.66769419593,16.72,0.68,0.0,0.0,7.0,1.8968592631667593
1774,12,train_0065,12751.891494531563,10205.326848765799,70.53268487657988,0.0,12822.424179408143,12.9,0.6,0.0,0.0,7.0,1.8968592631667593
1775,12,train_0075,12425.258435685717,10359.911302809563,85.99113028095636,0.0,12511.249565966673,15.76,0.72,0.0,0.0,7.0,1.8968592631667593
1776,12,train_0407,12567.172217915704,10217.432607494371,71.74326074943711,0.0,12638.915478665142,16.7,0.78,0.0,0.0,7.0,1.8968592631667593
1777,12,train_0379,13135.267544073404,10697.07903312967,119.70790331296703,0.0,13254.97544738637,14.62,0.58,0.0,0.0,7.0,1.8968592631667593
1778,12,train_0123,12454.19012982614,10130.77491078803,63.077491078803,0.0,12517.267620904942,15.24,0.76,0.0,0.0,7.0,1.8968592631667593
1779,12,train_0060,12791.621293450806,10322.606356891265,82.2606356891265,0.0,12873.881929139932,16.96,0.68,0.0,0.0,7.0,1.8968592631667593
1780,12,train_0157,12488.707201930136,10164.786605650768,66.47866056507682,0.0,12555.185862495213,16.44,0.64,0.0,0.0,7.0,1.8968592631667593
1781,12,train_0093,12283.672883396332,9784.769781024122,28.47697810241225,0.0,12312.149861498743,17.5,0.64,0.0,0.0,7.0,1.8968592631667593
1782,12,train_0429,12932.17631964697,10606.833378179734,110.68333781797338,0.0,13042.859657464942,15.78,0.62,0.0,0.0,7.0,1.8968592631667593
1783,12,train_0541,12826.952387837522,10277.334334162362,77.73343341623622,0.0,12904.685821253759,18.1,0.58,0.0,0.0,7.0,1.8968592631667593
1784,12,train_0257,12164.079533110938,10551.930941123277,105.19309411232771,0.0,12269.272627223267,14.0,0.74,0.0,0.0,7.0,1.8968592631667593
1785,12,train_0201,12751.275628803649,9986.064614115814,48.60646141158141,0.0,12799.882090215231,17.14,0.6,0.0,0.0,7.0,1.8968592631667593
1786,12,train_0313,12835.998618056725,10212.617164766236,71.26171647662359,0.0,12907.260334533348,15.16,0.74,0.0,0.0,7.0,1.8968592631667593
1787,12,train_0199,13044.457739402838,10066.13161850593,56.61316185059295,0.0,13101.070901253432,15.4,0.74,0.0,0.0,7.0,1.8968592631667593
1788,12,train_0108,12786.331957749582,10256.851283028835,75.68512830288346,0.0,12862.017086052465,16.62,0.74,0.0,0.0,7.0,1.8968592631667593
1789,12,train_0051,12464.568658493556,10105.54095700874,60.55409570087395,0.0,12525.12275419443,17.28,0.58,0.0,0.0,7.0,1.8968592631667593
1790,12,train_0390,13008.13976891832,9870.773891438334,37.07738914383335,0.0,13045.217158062153,18.0,0.76,0.0,0.0,7.0,1.8968592631667593
1791,12,train_0477,12477.723286406352,9769.72711168251,26.972711168251045,0.0,12504.695997574603,13.04,0.68,0.0,0.0,7.0,1.8968592631667593
1792,12,train_0311,12361.12021984183,10223.481982140318,72.3481982140318,0.0,12433.468418055862,14.64,0.62,0.0,0.0,7.0,1.8968592631667593
1793,12,train_0405,12510.250969907118,10308.480594167904,80.84805941679042,0.0,12591.099029323908,16.62,0.72,0.0,0.0,7.0,1.8968592631667593
1794,12,train_0069,12651.824625215142,10212.461699606769,71.2461699606769,0.0,12723.07079517582,16.34,0.56,0.0,0.0,7.0,1.8968592631667593
1795,12,train_0328,12628.879805444443,10097.021793153112,59.702179315311156,0.0,12688.581984759754,15.64,0.72,0.0,0.0,7.0,1.8968592631667593
1796,12,train_0403,12746.127701857564,10488.478418699295,98.84784186992948,0.0,12844.975543727493,13.66,0.6,0.0,0.0,7.0,1.8968592631667593
1797,12,train_0370,12541.29043557333,10527.948321959815,102.79483219598151,0.0,12644.085267769311,14.58,0.66,0.0,0.0,7.0,1.8968592631667593
1798,12,train_0014,12945.832153745785,10241.115077796061,74.11150777960611,0.0,13019.94366152539,17.26,0.72,0.0,0.0,7.0,1.8968592631667593
1799,12,train_0060,12792.721137937468,10058.383949031631,55.838394903163135,0.0,12848.55953284063,17.84,0.76,0.0,0.0,7.0,1.8968592631667593
1800,12,train_0591,12680.432230618953,10321.289493109096,82.1289493109096,0.0,12762.561179929862,17.58,0.66,0.0,0.0,7.0,1.8968592631667593
1801,12,train_0156,12385.082993194894,10243.986368013586,74.39863680135859,0.0,12459.481629996253,16.22,0.62,0.0,0.0,7.0,1.8968592631667593
1802,12,train_0138,12636.857475794726,10159.697690105455,65.9697690105455,0.0,12702.827244805272,17.24,0.68,0.0,0.0,7.0,1.8968592631667593
1803,12,train_0350,12067.270800708573,10230.368204294085,73.03682042940855,0.0,12140.307621137981,16.52,0.68,0.0,0.0,7.0,1.8968592631667593
1804,12,train_0439,12383.089576653874,10354.233612930584,85.4233612930584,0.0,12468.512937946933,13.02,0.74,0.0,0.0,7.0,1.8968592631667593
1805,12,train_0571,12467.743818508974,10062.597616041956,56.259761604195596,0.0,12524.003580113169,14.12,0.7,0.0,0.0,7.0,1.8968592631667593
1806,12,train_0446,12553.245910307254,9807.548492973958,30.75484929739578,0.0,12584.00075960465,15.72,0.72,0.0,0.0,7.0,1.8968592631667593
1807,12,train_0490,12245.344470808282,10155.104894318345,65.5104894318345,0.0,12310.854960240116,15.28,0.66,0.0,0.0,7.0,1.8968592631667593
1808,12,train_0550,12442.80730877407,9985.699724806498,48.56997248064982,0.0,12491.37728125472,16.3,0.48,0.0,0.0,7.0,1.8968592631667593
1809,12,train_0384,12167.203830956418,10115.044490401338,61.50444904013384,0.0,12228.708279996552,15.58,0.64,0.0,0.0,7.0,1.8968592631667593
1810,12,train_0363,12748.919461104644,10263.538212933076,76.35382129330756,0.0,12825.273282397951,15.78,0.6,0.0,0.0,7.0,1.8968592631667593
1811,12,train_0311,12520.232083368704,10628.964699275795,112.89646992757953,0.0,12633.128553296285,14.76,0.62,0.0,0.0,7.0,1.8968592631667593
1812,12,train_0123,12184.239983933554,10530.846242039457,103.08462420394572,0.0,12287.3246081375,13.62,0.66,0.0,0.0,7.0,1.8968592631667593
1813,12,train_0009,12169.139690342327,10454.184449693481,95.4184449693481,0.0,12264.558135311674,16.16,0.66,0.0,0.0,7.0,1.8968592631667593
1814,12,train_0073,12470.3541667616,10107.261708202284,60.72617082022844,0.0,12531.080337581827,14.66,0.62,0.0,0.0,7.0,1.8968592631667593
1815,12,train_0534,12438.292856493234,10490.87655944792,99.08765594479192,0.0,12537.380512438025,15.3,0.56,0.0,0.0,7.0,1.8968592631667593
1816,12,train_0183,12507.485544314724,10426.030969352494,92.60309693524943,0.0,12600.088641249973,14.28,0.56,0.0,0.0,7.0,1.8968592631667593
1817,12,train_0040,12961.048129868695,10030.115439110912,53.011543911091216,0.0,13014.059673779786,17.0,0.66,0.0,0.0,7.0,1.8968592631667593
1818,12,train_0083,12358.527668555142,10107.409006179158,60.74090061791576,0.0,12419.268569173057,15.52,0.66,0.0,0.0,7.0,1.8968592631667593
1819,12,train_0077,12407.774199935131,9960.365633818743,46.036563381874295,0.0,12453.810763317006,15.28,0.7,0.0,0.0,7.0,1.8968592631667593
1820,12,train_0225,12323.268931056089,10342.99592957376,84.29959295737609,0.0,12407.568524013464,17.28,0.66,0.0,0.0,7.0,1.8968592631667593
1821,12,train_0415,12830.178531007734,10493.133284384929,99.31332843849287,0.0,12929.491859446227,14.28,0.64,0.0,0.0,7.0,1.8968592631667593
1822,12,train_0483,12825.776630162967,10732.423063538303,123.24230635383029,0.0,12949.018936516797,15.52,0.68,0.0,0.0,7.0,1.8968592631667593
1823,12,train_0487,12590.589926334884,10079.015624118765,57.90156241187651,0.0,12648.49148874676,14.88,0.58,0.0,0.0,7.0,1.8968592631667593
1824,12,train_0575,12948.843681321727,10336.705919473588,83.67059194735884,0.0,13032.514273269086,16.62,0.78,0.0,0.0,7.0,1.8968592631667593
1825,12,train_0471,12790.901680393144,10119.30590462983,61.93059046298295,0.0,12852.832270856128,15.56,0.7,0.0,0.0,7.0,1.8968592631667593
1826,12,train_0158,12600.383604139617,10466.245387006456,96.62453870064564,0.0,12697.008142840263,16.52,0.6,0.0,0.0,7.0,1.8968592631667593
1827,12,train_0271,12163.855613009786,10092.230925140475,59.223092514047494,0.0,12223.078705523832,15.8,0.64,0.0,0.0,7.0,1.8968592631667593
1828,12,train_0388,12739.256201285238,10367.339459514566,86.73394595145656,0.0,12825.990147236695,15.48,0.7,0.0,0.0,7.0,1.8968592631667593
1829,12,train_0106,12756.788796358745,10583.171452111563,108.31714521115629,0.0,12865.105941569902,16.22,0.62,0.0,0.0,7.0,1.8968592631667593
1830,12,train_0412,12449.440274741093,10003.49730688852,50.34973068885193,0.0,12499.790005429944,14.16,0.68,0.0,0.0,7.0,1.8968592631667593
1831,12,train_0021,12346.323642869189,10567.356502035107,106.73565020351072,0.0,12453.0592930727,16.78,0.7,0.0,0.0,7.0,1.8968592631667593
1832,12,train_0134,12895.025223215876,10694.232131376517,119.4232131376517,0.0,13014.448436353528,13.42,0.7,0.0,0.0,7.0,1.8968592631667593
1833,12,train_0510,13023.54508486571,10462.661666685326,96.2661666685326,0.0,13119.811251534242,15.08,0.74,0.0,0.0,7.0,1.8968592631667593
1834,12,train_0191,12408.541812560572,10428.281542898778,92.82815428987779,0.0,12501.36996685045,16.12,0.7,0.0,0.0,7.0,1.8968592631667593
1835,12,train_0586,12446.447028993438,10081.187787142677,58.118778714267684,0.0,12504.565807707706,15.26,0.72,0.0,0.0,7.0,1.8968592631667593
1836,12,train_0503,13095.110886823062,10523.597624107506,102.35976241075059,0.0,13197.470649233812,15.0,0.74,0.0,0.0,7.0,1.8968592631667593
1837,12,train_0146,12485.95393734863,10366.74730579583,86.67473057958306,0.0,12572.628667928213,15.2,0.68,0.0,0.0,7.0,1.8968592631667593
1838,12,train_0552,12479.268793062794,10053.918537744863,55.3918537744863,0.0,12534.660646837281,13.64,0.74,0.0,0.0,7.0,1.8968592631667593
1839,12,train_0519,12685.927287950788,10487.113733519207,98.71137335192071,0.0,12784.638661302708,17.36,0.64,0.0,0.0,7.0,1.8968592631667593
1840,12,train_0589,12476.644388383127,9902.566978467632,40.2566978467632,0.0,12516.901086229891,14.84,0.74,0.0,0.0,7.0,1.8968592631667593
1841,12,train_0241,12555.797885759046,9897.773883804397,39.7773883804397,0.0,12595.575274139486,15.4,0.58,0.0,0.0,7.0,1.8968592631667593
1842,12,train_0544,13024.196816374664,10260.250155888429,76.02501558884288,0.0,13100.221831963507,14.04,0.72,0.0,0.0,7.0,1.8968592631667593
1843,12,train_0186,12579.866399936429,10188.867607179449,68.8867607179449,0.0,12648.753160654374,14.28,0.66,0.0,0.0,7.0,1.8968592631667593
1844,12,train_0213,12774.47182390858,9915.511591269355,41.55115912693546,0.0,12816.022983035515,15.34,0.62,0.0,0.0,7.0,1.8968592631667593
1845,12,train_0303,12475.196688651838,9761.232337214089,26.12323372140891,0.0,12501.319922373248,17.08,0.7,0.0,0.0,7.0,1.8968592631667593
1846,12,train_0216,12236.99683430819,10281.493314616506,78.14933146165059,0.0,12315.14616576984,16.82,0.6,0.0,0.0,7.0,1.8968592631667593
1847,12,train_0004,12677.92737134008,10609.096521680689,110.9096521680689,0.0,12788.83702350815,17.64,0.56,0.0,0.0,7.0,1.8968592631667593
1848,12,train_0430,12493.166641028583,10107.287190579158,60.72871905791581,0.0,12553.895360086499,15.3,0.66,0.0,0.0,7.0,1.8968592631667593
1849,12,train_0265,12477.667893876416,10243.387439846549,74.33874398465487,0.0,12552.006637861072,15.18,0.7,0.0,0.0,7.0,1.8968592631667593
1850,12,train_0490,12476.602753334208,10059.614322155556,55.96143221555558,0.0,12532.564185549763,15.26,0.72,0.0,0.0,7.0,1.8968592631667593
1851,12,train_0119,12454.01318339966,10291.704029874412,79.17040298744124,0.0,12533.183586387102,16.96,0.66,0.0,0.0,7.0,1.8968592631667593
1852,12,train_0136,12594.76076710902,10128.47113388382,62.84711338838206,0.0,12657.607880497402,18.92,0.66,0.0,0.0,7.0,1.8968592631667593
1853,12,train_0427,12572.46606240881,10163.988193816687,66.39881938166873,0.0,12638.86488179048,16.68,0.72,0.0,0.0,7.0,1.8968592631667593
1854,12,train_0419,12439.04556490788,10390.144371941704,89.0144371941704,0.0,12528.06000210205,15.44,0.7,0.0,0.0,7.0,1.8968592631667593
1855,12,train_0301,12851.49019723972,10100.298248903686,60.02982489036859,0.0,12911.52002213009,15.28,0.68,0.0,0.0,7.0,1.8968592631667593
1856,12,train_0361,12673.922048337181,10704.394242637358,120.43942426373579,0.0,12794.361472600916,15.36,0.56,0.0,0.0,7.0,1.8968592631667593
1857,12,train_0521,12678.066876937504,10235.719620792735,73.57196207927355,0.0,12751.638839016778,17.24,0.7,0.0,0.0,7.0,1.8968592631667593
1858,12,train_0527,12283.898897098194,10633.33097970331,113.33309797033108,0.0,12397.231995068525,14.5,0.66,0.0,0.0,7.0,1.8968592631667593
1859,12,train_0537,12257.13275073856,9962.384694899258,46.23846948992578,0.0,12303.371220228486,17.06,0.6,0.0,0.0,7.0,1.8968592631667593
1860,12,train_0595,12272.999404627884,9807.536034633256,30.753603463325636,0.0,12303.75300809121,16.08,0.64,0.0,0.0,7.0,1.8968592631667593
1861,12,train_0190,12998.88088434791,10528.989013241026,102.89890132410255,0.0,13101.779785672012,17.98,0.68,0.0,0.0,7.0,1.8968592631667593
1862,12,train_0478,12526.634841762905,10380.146822228799,88.01468222287986,0.0,12614.649523985785,16.62,0.66,0.0,0.0,7.0,1.8968592631667593
1863,12,train_0168,12882.951078595612,10229.885255472098,72.98852554720979,0.0,12955.93960414282,16.66,0.56,0.0,0.0,7.0,1.8968592631667593
1864,12,train_0520,12401.8568874833,9843.916994661216,34.39169946612164,0.0,12436.248586949421,17.78,0.64,0.0,0.0,7.0,1.8968592631667593
1865,12,train_0563,12837.571264852208,10038.446276344825,53.844627634482464,0.0,12891.41589248669,15.64,0.64,0.0,0.0,7.0,1.8968592631667593
1866,12,train_0263,12085.785227295717,9955.9016267151,45.59016267151001,0.0,12131.375389967227,16.22,0.7,0.0,0.0,7.0,1.8968592631667593
1867,12,train_0302,12803.568339362828,10162.45316359206,66.24531635920594,0.0,12869.813655722033,14.96,0.6,0.0,0.0,7.0,1.8968592631667593
1868,12,train_0070,11904.324959082762,9984.372652008748,48.437265200874755,0.0,11952.762224283637,16.2,0.62,0.0,0.0,7.0,1.8968592631667593
1869,12,train_0057,12327.996100644661,10189.055184471916,68.90551844719157,0.0,12396.901619091852,14.68,0.68,0.0,0.0,7.0,1.8968592631667593
1870,12,train_0118,12567.135876213224,10469.349764613245,96.93497646132455,0.0,12664.07085267455,15.18,0.52,0.0,0.0,7.0,1.8968592631667593
1871,12,train_0027,12580.903463400791,10574.977687411381,107.49776874113815,0.0,12688.401232141929,14.94,0.58,0.0,0.0,7.0,1.8968592631667593
1872,12,train_0239,12672.723513879859,10118.438695427169,61.84386954271686,0.0,12734.567383422576,14.08,0.66,0.0,0.0,7.0,1.8968592631667593
1873,12,train_0594,12199.885852097654,10147.927630783557,64.79276307835572,0.0,12264.67861517601,17.22,0.66,0.0,0.0,7.0,1.8968592631667593
1874,12,train_0424,12820.119010750283,10393.78445122007,89.37844512200701,0.0,12909.49745587229,18.36,0.68,0.0,0.0,7.0,1.8968592631667593
1875,12,train_0347,12434.721817221465,10095.269324578883,59.52693245788833,0.0,12494.248749679353,16.82,0.56,0.0,0.0,7.0,1.8968592631667593
1876,12,train_0437,11450.49353194235,9585.421478040817,8.542147804081651,0.0,11459.03567974643,16.1,0.8,0.0,0.0,7.0,1.8968592631667593
1877,12,train_0032,12543.56492950091,10619.546029624134,111.95460296241345,0.0,12655.519532463324,18.12,0.72,0.0,0.0,7.0,1.8968592631667593
1878,12,train_0393,12738.274071355776,10033.25008211035,53.32500821103495,0.0,12791.599079566811,13.98,0.7,0.0,0.0,7.0,1.8968592631667593
1879,12,train_0306,12518.796661320777,10381.533274742711,88.15332747427111,0.0,12606.949988795048,15.54,0.68,0.0,0.0,7.0,1.8968592631667593
1880,12,train_0068,12795.339340324323,10311.63014445725,81.16301444572491,0.0,12876.502354770048,15.22,0.66,0.0,0.0,7.0,1.8968592631667593
1881,12,train_0302,12828.971149099052,10289.962915905242,78.99629159052421,0.0,12907.967440689576,15.2,0.56,0.0,0.0,7.0,1.8968592631667593
1882,12,train_0398,11965.229680329772,10015.039702040609,51.5039702040609,0.0,12016.733650533833,12.82,0.46,0.0,0.0,7.0,1.8968592631667593
1883,12,train_0261,12331.619008094076,10711.060574461986,121.10605744619862,0.0,12452.725065540275,17.44,0.7,0.0,0.0,7.0,1.8968592631667593
1884,12,train_0553,11831.584815060818,9800.425641410635,30.042564141063487,0.0,11861.627379201882,15.56,0.54,0.0,0.0,7.0,1.8968592631667593
1885,12,train_0570,12277.470201591008,9874.924508221942,37.49245082219422,0.0,12314.962652413202,15.28,0.76,0.0,0.0,7.0,1.8968592631667593
1886,12,train_0216,12249.36303688417,9972.937158583532,47.293715858353245,0.0,12296.656752742523,17.74,0.6,0.0,0.0,7.0,1.8968592631667593
1887,12,train_0569,12356.926193025172,10190.09312474319,69.00931247431909,0.0,12425.935505499492,16.92,0.66,0.0,0.0,7.0,1.8968592631667593
1888,13,train_0145,12624.877910226773,10012.001649552887,51.20016495528871,0.0,12676.078075182062,14.54,0.56,0.0,0.0,7.0,1.8968592631667593
1889,13,train_0074,12671.790345616888,10446.147082135034,94.6147082135034,0.0,12766.40505383039,15.76,0.62,0.0,0.0,7.0,1.8968592631667593
1890,13,train_0389,12826.710081568861,9895.458528364736,39.54585283647357,0.0,12866.255934405335,15.84,0.68,0.0,0.0,7.0,1.8968592631667593
1891,13,train_0091,12319.154403922352,10289.75638286634,78.97563828663407,0.0,12398.130042208986,14.18,0.64,0.0,0.0,7.0,1.8968592631667593
1892,13,train_0191,12541.249303754723,10574.863041347133,107.4863041347133,0.0,12648.735607889435,16.0,0.64,0.0,0.0,7.0,1.8968592631667593
1893,13,train_0244,12343.264747178113,10422.39362078776,92.23936207877597,0.0,12435.504109256888,15.96,0.6,0.0,0.0,7.0,1.8968592631667593
1894,13,train_0412,12100.439750225683,10391.802257679703,89.1802257679703,0.0,12189.619975993653,13.96,0.64,0.0,0.0,7.0,1.8968592631667593
1895,13,train_0500,12112.48159738182,10110.36582838771,61.03658283877103,0.0,12173.518180220592,16.44,0.66,0.0,0.0,7.0,1.8968592631667593
1896,13,train_0535,12290.55286819888,10274.085028519863,77.40850285198631,0.0,12367.961371050866,14.52,0.68,0.0,0.0,7.0,1.8968592631667593
1897,13,train_0374,12671.026662483742,10543.983618259565,104.39836182595646,0.0,12775.4250243097,17.58,0.62,0.0,0.0,7.0,1.8968592631667593
1898,13,train_0578,12550.760907384025,10030.452087361207,53.045208736120735,0.0,12603.806116120146,18.62,0.66,0.0,0.0,7.0,1.8968592631667593
1899,13,train_0437,11666.271808388501,9788.323522730716,28.832352273071592,0.0,11695.104160661573,14.54,0.82,0.0,0.0,7.0,1.8968592631667593
1900,13,train_0524,11875.676971852077,9971.515156913478,47.15151569134778,0.0,11922.828487543426,15.38,0.8,0.0,0.0,7.0,1.8968592631667593
1901,13,train_0345,12435.260984861616,10282.197009189513,78.21970091895128,0.0,12513.480685780567,16.02,0.66,0.0,0.0,7.0,1.8968592631667593
1902,13,train_0070,11674.665618075729,9957.803929986061,45.78039299860612,0.0,11720.446011074335,16.58,0.64,0.0,0.0,7.0,1.8968592631667593
1903,13,train_0126,12666.661227138538,10033.933843310188,53.39338433101875,0.0,12720.054611469557,15.48,0.6,0.0,0.0,7.0,1.8968592631667593
1904,13,train_0248,12772.255297497039,10294.618325825226,79.46183258252259,0.0,12851.717130079562,15.34,0.68,0.0,0.0,7.0,1.8968592631667593
1905,13,train_0490,12083.06179244351,10163.217829848023,66.32178298480231,0.0,12149.383575428312,16.54,0.82,0.0,0.0,7.0,1.8968592631667593
1906,13,train_0248,12512.231583022969,10202.30629969911,70.23062996991102,0.0,12582.46221299288,15.04,0.6,0.0,0.0,7.0,1.8968592631667593
1907,13,train_0008,12366.344864540099,10556.424961938646,105.64249619386464,0.0,12471.987360733963,13.58,0.68,0.0,0.0,7.0,1.8968592631667593
1908,13,train_0259,12787.807674224494,10349.921717784357,84.99217177843566,0.0,12872.79984600293,15.12,0.66,0.0,0.0,7.0,1.8968592631667593
1909,13,train_0419,12637.383428521483,10219.577272531136,71.95772725311363,0.0,12709.341155774597,15.36,0.74,0.0,0.0,7.0,1.8968592631667593
1910,13,train_0594,12211.551678162099,10061.711885561614,56.17118855616136,0.0,12267.72286671826,15.44,0.76,0.0,0.0,7.0,1.8968592631667593
1911,13,train_0116,12482.151488680336,10114.709252485745,61.47092524857453,0.0,12543.622413928912,18.96,0.64,0.0,0.0,7.0,1.8968592631667593
1912,13,train_0186,12454.599635241499,10343.821173809014,84.3821173809014,0.0,12538.9817526224,14.74,0.58,0.0,0.0,7.0,1.8968592631667593
1913,13,train_0282,12304.07856229207,9906.776574169531,40.67765741695312,0.0,12344.756219709023,16.36,0.54,0.0,0.0,7.0,1.8968592631667593
1914,13,train_0293,12413.5235504493,9922.618678353265,42.261867835326484,0.0,12455.785418284626,15.7,0.6,0.0,0.0,7.0,1.8968592631667593
1915,13,train_0585,12405.993314478334,10693.515260457574,119.35152604575742,0.0,12525.34484052409,14.22,0.8,0.0,0.0,7.0,1.8968592631667593
1916,13,train_0239,12752.242484193448,10303.967452848043,80.39674528480428,0.0,12832.639229478253,13.76,0.74,0.0,0.0,7.0,1.8968592631667593
1917,13,train_0323,12372.778549314153,10704.20087175897,120.42008717589707,0.0,12493.19863649005,17.58,0.62,0.0,0.0,7.0,1.8968592631667593
1918,13,train_0150,12235.188521956192,10123.17323779533,62.31732377953304,0.0,12297.505845735725,17.68,0.54,0.0,0.0,7.0,1.8968592631667593
1919,13,train_0034,12249.722330140647,10425.582592322753,92.5582592322753,0.0,12342.280589372922,16.1,0.74,0.0,0.0,7.0,1.8968592631667593
1920,13,train_0235,12535.26863953301,10484.653123142234,98.46531231422341,0.0,12633.733951847233,16.2,0.72,0.0,0.0,7.0,1.8968592631667593
1921,13,train_0257,12814.68769680674,10293.410446874053,79.34104468740534,0.0,12894.028741494147,15.44,0.64,0.0,0.0,7.0,1.8968592631667593
1922,13,train_0103,12053.011015916172,10122.849152884683,62.284915288468255,0.0,12115.29593120464,16.94,0.58,0.0,0.0,7.0,1.8968592631667593
1923,13,train_0396,12298.486996015301,10324.120540624372,82.41205406243716,0.0,12380.899050077738,14.8,0.72,0.0,0.0,7.0,1.8968592631667593
1924,13,train_0198,11955.431683731382,9901.584392680204,40.15843926802045,0.0,11995.590122999402,15.7,0.64,0.0,0.0,7.0,1.8968592631667593
1925,13,train_0034,12686.775106257097,10110.70424143111,61.07042414311109,0.0,12747.845530400207,16.52,0.6,0.0,0.0,7.0,1.8968592631667593
1926,13,train_0321,12460.772714791732,10283.951279098568,78.39512790985682,0.0,12539.167842701589,18.86,0.6,0.0,0.0,7.0,1.8968592631667593
1927,13,train_0151,12648.438666525315,10247.202146610773,74.72021466107726,0.0,12723.158881186393,15.48,0.8,0.0,0.0,7.0,1.8968592631667593
1928,13,train_0436,12691.465489702008,10766.365039123839,126.63650391238389,0.0,12818.101993614393,16.56,0.72,0.0,0.0,7.0,1.8968592631667593
1929,13,train_0011,12160.694152216669,10338.455867302917,83.8455867302917,0.0,12244.53973894696,14.58,0.74,0.0,0.0,7.0,1.8968592631667593
1930,13,train_0461,12370.20921815147,10300.855712903864,80.08557129038637,0.0,12450.294789441858,14.38,0.66,0.0,0.0,7.0,1.8968592631667593
1931,13,train_0324,12451.108388214867,10340.078364543526,84.00783645435259,0.0,12535.11622466922,14.0,0.68,0.0,0.0,7.0,1.8968592631667593
1932,13,train_0438,12229.509262897605,10254.611816807721,75.4611816807721,0.0,12304.970444578377,17.66,0.7,0.0,0.0,7.0,1.8968592631667593
1933,13,train_0228,12219.150370856412,10422.027862351351,92.20278623513514,0.0,12311.353157091547,15.08,0.78,0.0,0.0,7.0,1.8968592631667593
1934,13,train_0529,12541.039658000132,10193.333764051273,69.33337640512728,0.0,12610.37303440526,14.3,0.7,0.0,0.0,7.0,1.8968592631667593
1935,13,train_0302,12703.742084131887,10458.08138637174,95.80813863717395,0.0,12799.550222769061,13.76,0.68,0.0,0.0,7.0,1.8968592631667593
1936,13,train_0598,12320.292993859934,10049.02269067343,54.90226906734297,0.0,12375.195262927276,13.82,0.74,0.0,0.0,7.0,1.8968592631667593
1937,13,train_0177,12411.374467865237,10517.34716058966,101.73471605896594,0.0,12513.109183924202,14.28,0.64,0.0,0.0,7.0,1.8968592631667593
1938,13,train_0513,12230.651457871238,10275.296800222866,77.52968002228664,0.0,12308.181137893524,14.9,0.66,0.0,0.0,7.0,1.8968592631667593
1939,13,train_0394,12794.875710891232,10157.895211285524,65.78952112855241,0.0,12860.665232019785,15.8,0.7,0.0,0.0,7.0,1.8968592631667593
1940,13,train_0555,12290.180428811225,10230.297548083146,73.02975480831465,0.0,12363.21018361954,16.48,0.66,0.0,0.0,7.0,1.8968592631667593
1941,13,train_0103,12098.705024666258,10100.7649254001,60.07649254001008,0.0,12158.78151720627,16.84,0.62,0.0,0.0,7.0,1.8968592631667593
1942,13,train_0308,12167.654500832396,10364.688621155372,86.4688621155372,0.0,12254.123362947932,17.18,0.62,0.0,0.0,7.0,1.8968592631667593
1943,13,train_0543,12784.842905695517,10106.128833762985,60.61288337629849,0.0,12845.455789071815,14.46,0.76,0.0,0.0,7.0,1.8968592631667593
1944,13,train_0146,12584.479166684654,10233.597085423222,73.3597085423222,0.0,12657.838875226977,13.76,0.72,0.0,0.0,7.0,1.8968592631667593
1945,13,train_0576,12515.771577895273,9920.848427037388,42.084842703738836,0.0,12557.856420599011,15.26,0.76,0.0,0.0,7.0,1.8968592631667593
1946,13,train_0580,12965.195173728262,10331.227822177752,83.12278221777524,0.0,13048.317955946037,16.3,0.58,0.0,0.0,7.0,1.8968592631667593
1947,13,train_0295,12456.861089381526,10026.922564993427,52.6922564993427,0.0,12509.553345880868,15.94,0.62,0.0,0.0,7.0,1.8968592631667593
1948,13,train_0437,11754.681218214137,9565.360265883359,6.536026588335881,0.0,11761.217244802472,15.26,0.66,0.0,0.0,7.0,1.8968592631667593
1949,13,train_0279,12470.145291941246,10302.944334985452,80.29443349854519,0.0,12550.439725439792,17.82,0.56,0.0,0.0,7.0,1.8968592631667593
1950,13,train_0394,12400.345696831002,10245.791190907017,74.57911909070172,0.0,12474.924815921704,16.0,0.66,0.0,0.0,7.0,1.8968592631667593
1951,13,train_0515,12556.427702155179,10315.68284448019,81.56828444801904,0.0,12637.995986603199,16.8,0.62,0.0,0.0,7.0,1.8968592631667593
1952,13,train_0444,12549.9424637277,10307.663978537013,80.76639785370135,0.0,12630.708861581403,17.14,0.68,0.0,0.0,7.0,1.8968592631667593
1953,13,train_0173,12659.7708254783,10755.922288318372,125.5922288318372,0.0,12785.363054310137,17.38,0.66,0.0,0.0,7.0,1.8968592631667593
1954,13,train_0347,12530.174554144607,10048.677582027498,54.8677582027498,0.0,12585.042312347357,18.06,0.68,0.0,0.0,7.0,1.8968592631667593
1955,13,train_0481,12370.039279425791,10177.18955759026,67.718955759026,0.0,12437.758235184818,16.72,0.68,0.0,0.0,7.0,1.8968592631667593
1956,13,train_0348,12490.021320257882,10506.706081481307,100.67060814813067,0.0,12590.691928406013,15.7,0.62,0.0,0.0,7.0,1.8968592631667593
1957,13,train_0172,12344.379938230128,10277.34058923127,77.73405892312695,0.0,12422.113997153254,16.48,0.72,0.0,0.0,7.0,1.8968592631667593
1958,13,train_0451,12962.476240018153,10113.36516236833,61.33651623683309,0.0,13023.812756254987,15.82,0.7,0.0,0.0,7.0,1.8968592631667593
1959,13,train_0431,12714.118542377957,9985.671294089214,48.567129408921396,0.0,12762.685671786878,16.18,0.6,0.0,0.0,7.0,1.8968592631667593
1960,13,train_0381,12115.655685796879,10011.271358467442,51.12713584674421,0.0,12166.782821643623,14.64,0.56,0.0,0.0,7.0,1.8968592631667593
1961,13,train_0200,12782.308207071228,9822.302325463485,32.230232546348454,0.0,12814.538439617576,16.0,0.78,0.0,0.0,7.0,1.8968592631667593
1962,13,train_0337,12224.378660683382,9976.038021132763,47.60380211327629,0.0,12271.98246279666,17.18,0.64,0.0,0.0,7.0,1.8968592631667593
1963,13,train_0361,12641.373201381746,10588.3285675429,108.83285675428998,0.0,12750.206058136037,16.34,0.68,0.0,0.0,7.0,1.8968592631667593
1964,13,train_0128,12288.443829485781,10024.723881433749,52.472388143374886,0.0,12340.916217629156,14.36,0.72,0.0,0.0,7.0,1.8968592631667593
1965,13,train_0555,12256.005587942662,10125.168433847623,62.516843384762254,0.0,12318.522431327425,16.16,0.64,0.0,0.0,7.0,1.8968592631667593
1966,13,train_0356,12486.195894848282,10750.411445560847,125.0411445560847,0.0,12611.237039404366,15.64,0.78,0.0,0.0,7.0,1.8968592631667593
1967,13,train_0032,12613.719393407016,10445.626481024468,94.56264810244684,0.0,12708.282041509463,16.74,0.66,0.0,0.0,7.0,1.8968592631667593
1968,13,train_0162,11936.768486078992,10043.430605397323,54.34306053973233,0.0,11991.111546618724,16.2,0.54,0.0,0.0,7.0,1.8968592631667593
1969,13,train_0484,12681.637183346847,10084.462953528218,58.446295352821835,0.0,12740.08347869967,15.5,0.62,0.0,0.0,7.0,1.8968592631667593
1970,13,train_0415,12684.903179577766,11049.889816050778,154.9889816050778,0.0,12839.892161182845,13.68,0.76,0.0,0.0,7.0,1.8968592631667593
1971,13,train_0325,12382.980013933571,10289.91132187616,78.99113218761596,0.0,12461.971146121186,12.92,0.72,0.0,0.0,7.0,1.8968592631667593
1972,13,train_0296,12974.179451098815,10217.71046035802,71.77104603580192,0.0,13045.950497134616,15.46,0.62,0.0,0.0,7.0,1.8968592631667593
1973,13,train_0227,12836.715518953039,10587.25426282527,108.72542628252705,0.0,12945.440945235565,17.18,0.62,0.0,0.0,7.0,1.8968592631667593
1974,13,train_0565,12913.386729977461,10550.754762619737,105.07547626197375,0.0,13018.462206239436,15.5,0.6,0.0,0.0,7.0,1.8968592631667593
1975,13,train_0210,12108.910917755251,10184.583012931278,68.4583012931278,0.0,12177.369219048378,15.04,0.64,0.0,0.0,7.0,1.8968592631667593
1976,13,train_0498,12404.660181303938,10788.280932996622,128.8280932996622,0.0,12533.4882746036,16.36,0.56,0.0,0.0,7.0,1.8968592631667593
1977,13,train_0041,12579.034060520436,10073.984266839823,57.39842668398233,0.0,12636.432487204418,14.8,0.78,0.0,0.0,7.0,1.8968592631667593
1978,13,train_0320,12271.903892226394,10327.537126993066,82.75371269930656,0.0,12354.6576049257,15.8,0.72,0.0,0.0,7.0,1.8968592631667593
1979,13,train_0155,12731.429843326483,10204.699172678656,70.46991726786564,0.0,12801.899760594348,16.56,0.76,0.0,0.0,7.0,1.8968592631667593
1980,13,train_0253,12216.896707623015,9922.255429867346,42.22554298673458,0.0,12259.12225060975,16.56,0.62,0.0,0.0,7.0,1.8968592631667593
1981,13,train_0373,12573.037227840678,10398.254289461267,89.8254289461267,0.0,12662.862656786805,16.98,0.7,0.0,0.0,7.0,1.8968592631667593
1982,13,train_0040,12919.083579985443,10304.118469391524,80.41184693915238,0.0,12999.495426924595,17.0,0.74,0.0,0.0,7.0,1.8968592631667593
1983,13,train_0058,12066.83328115325,9765.01552555105,26.501552555105082,0.0,12093.334833708353,16.38,0.68,0.0,0.0,7.0,1.8968592631667593
1984,13,train_0347,12256.680233966801,10192.441774553792,69.24417745537922,0.0,12325.92441142218,16.28,0.64,0.0,0.0,7.0,1.8968592631667593
1985,13,train_0401,12443.482919786431,9733.098754758248,23.30987547582481,0.0,12466.792795262256,16.02,0.74,0.0,0.0,7.0,1.8968592631667593
1986,13,train_0037,13120.44572001829,10438.787055280336,93.8787055280336,0.0,13214.324425546323,18.82,0.68,0.0,0.0,7.0,1.8968592631667593
1987,13,train_0577,13281.75109684445,10700.571939750238,120.05719397502381,0.0,13401.808290819474,15.42,0.7,0.0,0.0,7.0,1.8968592631667593
1988,13,train_0262,12753.831468280081,10172.814661985652,67.28146619856525,0.0,12821.112934478646,14.96,0.66,0.0,0.0,7.0,1.8968592631667593
1989,13,train_0588,12405.28010088528,10208.175626889886,70.81756268898862,0.0,12476.097663574268,16.44,0.68,0.0,0.0,7.0,1.8968592631667593
1990,13,train_0081,12098.658614177972,10452.62336750345,95.26233675034491,0.0,12193.920950928317,17.98,0.68,0.0,0.0,7.0,1.8968592631667593
1991,13,train_0533,12198.227859449591,9748.208692144954,24.82086921449536,0.0,12223.048728664086,17.68,0.52,0.0,0.0,7.0,1.8968592631667593
1992,13,train_0386,12577.417177718584,10593.220918682855,109.3220918682855,0.0,12686.73926958687,13.32,0.62,0.0,0.0,7.0,1.8968592631667593
1993,13,train_0483,13249.684077962233,10155.732316256748,65.57323162567482,0.0,13315.257309587907,15.44,0.56,0.0,0.0,7.0,1.8968592631667593
1994,13,train_0484,12891.033845103684,9977.943022440193,47.79430224401931,0.0,12938.828147347704,13.96,0.62,0.0,0.0,7.0,1.8968592631667593
1995,13,train_0106,12984.956402239655,10502.501537380862,100.2501537380862,0.0,13085.206555977742,16.12,0.6,0.0,0.0,7.0,1.8968592631667593
1996,13,train_0100,12082.960564038953,9799.389511891379,29.93895118913788,0.0,12112.899515228091,15.06,0.74,0.0,0.0,7.0,1.8968592631667593
1997,13,train_0582,12538.05511751797,10505.533141449212,100.55331414492122,0.0,12638.608431662891,15.82,0.72,0.0,0.0,7.0,1.8968592631667593
1998,13,train_0259,12393.394893444538,10646.419056470835,114.64190564708352,0.0,12508.036799091622,14.8,0.56,0.0,0.0,7.0,1.8968592631667593
1999,13,train_0121,12406.253607329541,10021.647618610796,52.16476186107957,0.0,12458.418369190622,14.62,0.7,0.0,0.0,7.0,1.8968592631667593
2000,13,train_0378,12710.21794619342,10146.999421389275,64.69994213892751,0.0,12774.917888332348,16.2,0.68,0.0,0.0,7.0,1.8968592631667593
2001,13,train_0521,12660.490167234475,10300.723144770756,80.07231447707564,0.0,12740.562481711551,19.66,0.6,0.0,0.0,7.0,1.8968592631667593
2002,13,train_0164,12327.121245588387,9986.255710784244,48.6255710784244,0.0,12375.746816666811,14.46,0.7,0.0,0.0,7.0,1.8968592631667593
2003,13,train_0526,12676.733582776138,10151.645559763758,65.16455597637578,0.0,12741.898138752515,15.98,0.68,0.0,0.0,7.0,1.8968592631667593
2004,13,train_0038,12814.048030557715,10056.82742028082,55.68274202808207,0.0,12869.730772585797,17.16,0.68,0.0,0.0,7.0,1.8968592631667593
2005,13,train_0373,12828.335103652376,10284.86676409522,78.48667640952209,0.0,12906.821780061899,16.76,0.64,0.0,0.0,7.0,1.8968592631667593
2006,13,train_0225,12810.130535425484,10195.124478659032,69.51244786590324,0.0,12879.642983291387,18.7,0.7,0.0,0.0,7.0,1.8968592631667593
2007,13,train_0312,11765.663785947976,10501.18714483843,100.11871448384301,0.0,11865.782500431818,16.14,0.54,0.0,0.0,7.0,1.8968592631667593
2008,13,train_0363,12921.252558466414,10151.206721899784,65.12067218997836,0.0,12986.373230656392,16.64,0.56,0.0,0.0,7.0,1.8968592631667593
2009,13,train_0120,12474.965400484183,9948.462903185111,44.846290318511095,0.0,12519.811690802695,17.3,0.6,0.0,0.0,7.0,1.8968592631667593
2010,13,train_0029,12274.34016982026,10253.472759726512,75.34727597265119,0.0,12349.687445792912,16.12,0.64,0.0,0.0,7.0,1.8968592631667593
2011,13,train_0311,12394.239190060973,10602.22751181151,110.22275118115104,0.0,12504.461941242123,16.14,0.66,0.0,0.0,7.0,1.8968592631667593
2012,13,train_0572,12653.515292170909,10364.945516217478,86.49455162174782,0.0,12740.009843792657,14.18,0.8,0.0,0.0,7.0,1.8968592631667593
2013,13,train_0174,12606.371832866564,10248.336557695666,74.83365576956658,0.0,12681.20548863613,16.42,0.68,0.0,0.0,7.0,1.8968592631667593
2014,13,train_0335,12858.869982089265,10221.046655754883,72.10466557548826,0.0,12930.974647664754,16.26,0.72,0.0,0.0,7.0,1.8968592631667593
2015,13,train_0075,12424.227935042818,10518.981902700629,101.89819027006288,0.0,12526.126125312881,16.8,0.64,0.0,0.0,7.0,1.8968592631667593
2016,13,train_0206,12825.058611936904,10404.837446716447,90.48374467164467,0.0,12915.542356608548,14.64,0.64,0.0,0.0,7.0,1.8968592631667593
2017,13,train_0076,12525.791000622587,10084.92542014777,58.492542014777065,0.0,12584.283542637364,17.74,0.66,0.0,0.0,7.0,1.8968592631667593
2018,13,train_0067,12300.085407350181,9838.246413766625,33.82464137666248,0.0,12333.910048726844,16.16,0.74,0.0,0.0,7.0,1.8968592631667593
2019,13,train_0480,12614.61328539022,10489.66892686818,98.96689268681803,0.0,12713.580178077038,15.94,0.7,0.0,0.0,7.0,1.8968592631667593
2020,13,train_0542,12390.679286329316,9824.494245600377,32.449424560037734,0.0,12423.128710889354,16.54,0.6,0.0,0.0,7.0,1.8968592631667593
2021,13,train_0553,12082.765151243075,9812.486657512964,31.248665751296357,0.0,12114.013816994371,17.66,0.66,0.0,0.0,7.0,1.8968592631667593
2022,13,train_0437,11507.168086018457,9793.24325806818,29.32432580681798,0.0,11536.492411825275,16.4,0.64,0.0,0.0,7.0,1.8968592631667593
2023,13,train_0085,12587.450306493844,10217.16337866685,71.716337866685,0.0,12659.166644360528,14.0,0.58,0.0,0.0,7.0,1.8968592631667593
2024,13,train_0555,12424.282425403027,9778.022143946077,27.802214394607656,0.0,12452.084639797635,16.88,0.66,0.0,0.0,7.0,1.8968592631667593
2025,13,train_0007,13126.790112933322,11209.543074414387,170.9543074414387,0.0,13297.744420374762,14.38,0.72,0.0,0.0,7.0,1.8968592631667593
2026,13,train_0161,12819.989403950747,10055.128794510874,55.51287945108743,0.0,12875.502283401835,15.58,0.62,0.0,0.0,7.0,1.8968592631667593
2027,13,train_0158,12951.401895850855,10217.937599532686,71.79375995326863,0.0,13023.195655804124,17.86,0.72,0.0,0.0,7.0,1.8968592631667593
2028,13,train_0446,12422.876229658734,9828.981178967635,32.89811789676351,0.0,12455.774347555498,14.96,0.62,0.0,0.0,7.0,1.8968592631667593
2029,13,train_0080,12742.182701011927,10260.093587030933,76.00935870309331,0.0,12818.19205971502,14.28,0.68,0.0,0.0,7.0,1.8968592631667593
2030,13,train_0580,13011.501557004178,10294.694222108046,79.46942221080462,0.0,13090.970979214982,16.34,0.62,0.0,0.0,7.0,1.8968592631667593
2031,13,train_0113,12515.958013921194,10242.576037410978,74.25760374109778,0.0,12590.215617662292,17.0,0.74,0.0,0.0,7.0,1.8968592631667593
2032,13,train_0517,12535.868844107816,10426.143831382982,92.61438313829822,0.0,12628.483227246114,16.3,0.5,0.0,0.0,7.0,1.8968592631667593
2033,13,train_0349,12134.062674972927,10064.452845051559,56.44528450515591,0.0,12190.507959478084,14.56,0.66,0.0,0.0,7.0,1.8968592631667593
2034,13,train_0150,12679.665615846581,9960.506603439453,46.05066034394531,0.0,12725.716276190527,17.06,0.6,0.0,0.0,7.0,1.8968592631667593
2035,13,train_0253,12265.88928761903,9911.323144720234,41.13231447202343,0.0,12307.021602091052,16.72,0.62,0.0,0.0,7.0,1.8968592631667593
2036,13,train_0068,12546.025756539324,10303.940760845457,80.39407608454567,0.0,12626.41983262387,16.12,0.66,0.0,0.0,7.0,1.8968592631667593
2037,13,train_0257,12597.153839726234,10441.20386291332,94.12038629133204,0.0,12691.274226017566,15.36,0.74,0.0,0.0,7.0,1.8968592631667593
2038,13,train_0415,12681.801082440317,10829.958090044462,132.99580900444616,0.0,12814.796891444763,14.62,0.58,0.0,0.0,7.0,1.8968592631667593
2039,13,train_0123,12677.783081870577,10045.447552785045,54.544755278504454,0.0,12732.327837149081,16.74,0.7,0.0,0.0,7.0,1.8968592631667593
2040,13,train_0577,13221.763959239386,10707.835112341432,120.78351123414323,0.0,13342.54747047353,15.46,0.64,0.0,0.0,7.0,1.8968592631667593
2041,13,train_0398,11954.949036695896,9819.618732680443,31.961873268044293,0.0,11986.91090996394,14.16,0.5,0.0,0.0,7.0,1.8968592631667593
2042,13,train_0220,12116.314211324641,10542.54395432417,104.25439543241701,0.0,12220.568606757059,16.78,0.56,0.0,0.0,7.0,1.8968592631667593
2043,13,train_0173,12570.879642121003,10814.353750855253,131.43537508552527,0.0,12702.315017206529,18.28,0.66,0.0,0.0,7.0,1.8968592631667593
2044,13,train_0465,12849.627061123314,10496.642931445796,99.66429314457964,0.0,12949.291354267894,16.78,0.54,0.0,0.0,7.0,1.8968592631667593
2045,13,train_0239,12664.181289245746,10215.7901961112,71.57901961112002,0.0,12735.760308856865,14.1,0.72,0.0,0.0,7.0,1.8968592631667593
2046,13,train_0565,12751.870087315208,10433.448081663191,93.34480816631913,0.0,12845.214895481527,16.3,0.66,0.0,0.0,7.0,1.8968592631667593
2047,13,train_0278,12546.243688767361,10116.545355865495,61.65453558654954,0.0,12607.89822435391,17.2,0.56,0.0,0.0,7.0,1.8968592631667593
2048,14,train_0420,12438.946522805825,10109.878157547797,60.987815754779696,0.0,12499.934338560604,15.2,0.6,0.0,0.0,7.0,1.8968592631667593
2049,14,train_0542,12323.884073238083,10069.587705016535,56.958770501653454,0.0,12380.842843739736,14.98,0.64,0.0,0.0,7.0,1.8968592631667593
2050,14,train_0570,12242.938419717564,10259.166826127936,75.91668261279356,0.0,12318.855102330357,14.66,0.66,0.0,0.0,7.0,1.8968592631667593
2051,14,train_0147,12783.920783446974,10291.651994216474,79.16519942164742,0.0,12863.085982868623,16.96,0.72,0.0,0.0,7.0,1.8968592631667593
2052,14,train_0259,12544.075883950154,10295.208133016553,79.5208133016553,0.0,12623.596697251809,15.08,0.56,0.0,0.0,7.0,1.8968592631667593
2053,14,train_0431,12475.84098142271,10161.125718613512,66.11257186135117,0.0,12541.953553284062,15.64,0.7,0.0,0.0,7.0,1.8968592631667593
2054,14,train_0246,12153.042489675381,10422.714004477199,92.27140044771987,0.0,12245.313890123101,15.74,0.68,0.0,0.0,7.0,1.8968592631667593
2055,14,train_0185,12542.677631086306,10217.109755729663,71.71097557296635,0.0,12614.388606659273,16.18,0.58,0.0,0.0,7.0,1.8968592631667593
2056,14,train_0371,12624.14277543069,9738.613582062866,23.861358206286607,0.0,12648.004133636976,15.84,0.68,0.0,0.0,7.0,1.8968592631667593
2057,14,train_0536,12716.596613942038,10149.012518608944,64.90125186089445,0.0,12781.497865802932,14.14,0.72,0.0,0.0,7.0,1.8968592631667593
2058,14,train_0279,12283.252927868185,10217.658705558943,71.76587055589425,0.0,12355.01879842408,17.06,0.68,0.0,0.0,7.0,1.8968592631667593
2059,14,train_0236,12249.843888973675,10415.371667449679,91.53716674496792,0.0,12341.381055718643,19.12,0.66,0.0,0.0,7.0,1.8968592631667593
2060,14,train_0457,12268.560004576168,10592.492831148636,109.24928311486366,0.0,12377.80928769103,16.04,0.72,0.0,0.0,7.0,1.8968592631667593
2061,14,train_0303,12386.959871709532,9983.480471407764,48.348047140776366,0.0,12435.307918850309,16.08,0.64,0.0,0.0,7.0,1.8968592631667593
2062,14,train_0186,12456.17071966879,10224.016203870153,72.40162038701529,0.0,12528.572340055805,14.18,0.66,0.0,0.0,7.0,1.8968592631667593
2063,14,train_0526,12475.406248506457,10489.968609339281,98.99686093392812,0.0,12574.403109440385,17.76,0.76,0.0,0.0,7.0,1.8968592631667593
2064,14,train_0365,12976.13407647476,10288.967742839708,78.89677428397081,0.0,13055.03085075873,15.7,0.76,0.0,0.0,7.0,1.8968592631667593
2065,14,train_0403,12746.128016362885,10385.452514728286,88.54525147282857,0.0,12834.673267835715,12.56,0.6,0.0,0.0,7.0,1.8968592631667593
2066,14,train_0487,12684.43084956085,10233.35762456376,73.33576245637596,0.0,12757.766612017225,14.74,0.58,0.0,0.0,7.0,1.8968592631667593
2067,14,train_0056,12034.428980467259,9705.63860898573,20.56386089857297,0.0,12054.992841365833,16.44,0.76,0.0,0.0,7.0,1.8968592631667593
2068,14,train_0510,13055.28552270584,10274.34957756268,77.43495775626798,0.0,13132.720480462109,15.28,0.76,0.0,0.0,7.0,1.8968592631667593
2069,14,train_0082,12631.249147623988,10673.366239148585,117.3366239148585,0.0,12748.585771538847,15.26,0.74,0.0,0.0,7.0,1.8968592631667593
2070,14,train_0006,12237.173031656308,10342.28226131729,84.22822613172903,0.0,12321.401257788037,16.36,0.68,0.0,0.0,7.0,1.8968592631667593
2071,14,train_0594,12046.633207574534,9996.300316249197,49.63003162491969,0.0,12096.263239199454,17.46,0.74,0.0,0.0,7.0,1.8968592631667593
2072,14,train_0167,12182.901148364774,10028.446396197818,52.844639619781816,0.0,12235.745787984555,16.18,0.7,0.0,0.0,7.0,1.8968592631667593
2073,14,train_0017,12488.09419573611,10288.437636494737,78.84376364947366,0.0,12566.937959385585,15.04,0.64,0.0,0.0,7.0,1.8968592631667593
2074,14,train_0421,13014.401914041271,10389.646412360271,88.96464123602709,0.0,13103.366555277298,15.94,0.62,0.0,0.0,7.0,1.8968592631667593
2075,14,train_0180,12755.989387458438,10225.367370475202,72.53673704752019,0.0,12828.526124505957,17.68,0.78,0.0,0.0,7.0,1.8968592631667593
2076,14,train_0250,12486.002270660098,10044.472080807896,54.44720808078964,0.0,12540.449478740888,16.68,0.74,0.0,0.0,7.0,1.8968592631667593
2077,14,train_0575,12962.850008472713,10497.387149779322,99.73871497793226,0.0,13062.588723450644,17.76,0.68,0.0,0.0,7.0,1.8968592631667593
2078,14,train_0342,12325.237049003088,10180.10601759319,68.01060175931907,0.0,12393.247650762407,17.08,0.76,0.0,0.0,7.0,1.8968592631667593
2079,14,train_0009,12722.174047520764,9812.933114592517,31.29331145925171,0.0,12753.467358980017,16.12,0.58,0.0,0.0,7.0,1.8968592631667593
2080,14,train_0406,12773.518811979451,9912.441764643376,41.244176464337585,0.0,12814.762988443788,18.84,0.78,0.0,0.0,7.0,1.8968592631667593
2081,14,train_0096,12714.517297728446,10176.545257721795,67.65452577217948,0.0,12782.171823500625,16.38,0.76,0.0,0.0,7.0,1.8968592631667593
2082,14,train_0193,12662.723621928999,10131.13923496469,63.113923496469035,0.0,12725.837545425467,13.26,0.62,0.0,0.0,7.0,1.8968592631667593
2083,14,train_0128,12343.212453527736,9995.69625948414,49.56962594841407,0.0,12392.78207947615,14.74,0.68,0.0,0.0,7.0,1.8968592631667593
2084,14,train_0548,12637.053321164167,10295.861315989827,79.58613159898269,0.0,12716.63945276315,16.78,0.62,0.0,0.0,7.0,1.8968592631667593
2085,14,train_0051,12704.829129068738,10144.288979146419,64.42889791464187,0.0,12769.25802698338,17.72,0.7,0.0,0.0,7.0,1.8968592631667593
2086,14,train_0324,12411.838025586543,10139.145987971558,63.914598797155854,0.0,12475.752624383698,14.98,0.68,0.0,0.0,7.0,1.8968592631667593
2087,14,train_0283,12525.413255551462,10337.663610776533,83.76636107765336,0.0,12609.179616629115,16.14,0.62,0.0,0.0,7.0,1.8968592631667593
2088,14,train_0331,12586.667056297916,10257.443195615644,75.74431956156441,0.0,12662.411375859481,16.64,0.7,0.0,0.0,7.0,1.8968592631667593
2089,14,train_0355,12686.910991999084,10172.495415277142,67.24954152771424,0.0,12754.160533526798,16.16,0.56,0.0,0.0,7.0,1.8968592631667593
2090,14,train_0061,12491.309817274618,10430.997457127329,93.09974571273288,0.0,12584.40956298735,15.24,0.64,0.0,0.0,7.0,1.8968592631667593
2091,14,train_0190,13417.498571107493,10322.154119402552,82.21541194025522,0.0,13499.713983047748,17.12,0.78,0.0,0.0,7.0,1.8968592631667593
2092,14,train_0340,12565.297932303469,9980.147311642731,48.014731164273144,0.0,12613.312663467743,17.18,0.78,0.0,0.0,7.0,1.8968592631667593
2093,14,train_0065,12697.414711790929,10418.418069516176,91.84180695161758,0.0,12789.256518742546,13.92,0.74,0.0,0.0,7.0,1.8968592631667593
2094,14,train_0486,12945.82568761983,10240.85079941422,74.08507994142201,0.0,13019.910767561252,14.78,0.84,0.0,0.0,7.0,1.8968592631667593
2095,14,train_0486,12341.780172985125,10897.640570428111,139.76405704281115,0.0,12481.544230027936,15.3,0.6,0.0,0.0,7.0,1.8968592631667593
2096,14,train_0317,12463.104644736855,10291.061864081195,79.10618640811954,0.0,12542.210831144976,15.72,0.58,0.0,0.0,7.0,1.8968592631667593
2097,14,train_0482,12249.012668893132,9996.317477126247,49.63174771262475,0.0,12298.644416605757,15.26,0.74,0.0,0.0,7.0,1.8968592631667593
2098,14,train_0257,12632.352038069173,10439.520544973284,93.95205449732839,0.0,12726.304092566501,15.82,0.64,0.0,0.0,7.0,1.8968592631667593
2099,14,train_0337,12088.546748921846,10044.086819690638,54.408681969063764,0.0,12142.95543089091,17.14,0.66,0.0,0.0,7.0,1.8968592631667593
2100,14,train_0279,12320.336054391963,10560.26076187656,106.02607618765597,0.0,12426.362130579619,17.02,0.78,0.0,0.0,7.0,1.8968592631667593
2101,14,train_0082,12948.646801001845,10184.995891075545,68.4995891075545,0.0,13017.1463901094,16.06,0.74,0.0,0.0,7.0,1.8968592631667593
2102,14,train_0105,12942.250505834301,9887.46439351254,38.746439351254054,0.0,12980.996945185556,14.64,0.72,0.0,0.0,7.0,1.8968592631667593
2103,14,train_0325,12986.584840023268,9781.145956441109,28.11459564411089,0.0,13014.699435667379,14.7,0.76,0.0,0.0,7.0,1.8968592631667593
2104,14,train_0046,12186.0932311324,10152.652315197025,65.26523151970251,0.0,12251.358462652102,17.58,0.78,0.0,0.0,7.0,1.8968592631667593
2105,14,train_0377,12329.965631493234,10146.82020222646,64.68202022264596,0.0,12394.64765171588,17.24,0.72,0.0,0.0,7.0,1.8968592631667593
2106,14,train_0193,12628.273335260232,10632.996639428206,113.29966394282056,0.0,12741.572999203052,14.12,0.7,0.0,0.0,7.0,1.8968592631667593
2107,14,train_0256,12811.173733247782,9913.72977574843,41.37297757484303,0.0,12852.546710822626,17.98,0.64,0.0,0.0,7.0,1.8968592631667593
2108,14,train_0538,12808.877700206314,10523.04652875159,102.30465287515909,0.0,12911.182353081473,14.8,0.58,0.0,0.0,7.0,1.8968592631667593
2109,14,train_0518,12605.36727163802,10353.70284470175,85.37028447017492,0.0,12690.737556108195,15.8,0.66,0.0,0.0,7.0,1.8968592631667593
2110,14,train_0281,12726.667845876907,10379.580010214235,87.95800102142348,0.0,12814.62584689833,16.54,0.58,0.0,0.0,7.0,1.8968592631667593
2111,14,train_0234,12242.993101935235,10648.844978279296,114.8844978279296,0.0,12357.877599763166,16.84,0.66,0.0,0.0,7.0,1.8968592631667593
2112,14,train_0487,12706.096934416939,10208.842218414264,70.88422184142637,0.0,12776.981156258365,14.52,0.64,0.0,0.0,7.0,1.8968592631667593
2113,14,train_0306,12798.43629489958,10353.096913342677,85.30969133426771,0.0,12883.745986233847,15.32,0.6,0.0,0.0,7.0,1.8968592631667593
2114,14,train_0442,12845.953372373526,10489.523871916263,98.95238719162626,0.0,12944.905759565152,14.64,0.8,0.0,0.0,7.0,1.8968592631667593
2115,14,train_0068,12863.422577343248,10220.68363485877,72.06836348587694,0.0,12935.490940829124,14.5,0.76,0.0,0.0,7.0,1.8968592631667593
2116,14,train_0426,12508.679445195907,10315.317022257157,81.53170222571572,0.0,12590.211147421622,15.74,0.76,0.0,0.0,7.0,1.8968592631667593
2117,14,train_0338,12899.69198040213,9879.670191677602,37.96701916776019,0.0,12937.65899956989,17.06,0.78,0.0,0.0,7.0,1.8968592631667593
2118,14,train_0126,12524.728988699171,10181.894236976159,68.1894236976159,0.0,12592.918412396786,16.6,0.74,0.0,0.0,7.0,1.8968592631667593
2119,14,train_0459,12218.915147508213,10321.242914889881,82.12429148898809,0.0,12301.0394389972,16.46,0.72,0.0,0.0,7.0,1.8968592631667593
2120,14,train_0322,12373.177140127238,10250.832244653957,75.08322446539569,0.0,12448.260364592634,16.26,0.56,0.0,0.0,7.0,1.8968592631667593
2121,14,train_0438,12253.359482695218,10341.943705109865,84.19437051098649,0.0,12337.553853206204,16.96,0.56,0.0,0.0,7.0,1.8968592631667593
2122,14,train_0497,12631.83919633348,10203.337273493937,70.33372734939367,0.0,12702.172923682874,14.76,0.86,0.0,0.0,7.0,1.8968592631667593
2123,14,train_0154,12823.874629061937,10554.867068514512,105.48670685145117,0.0,12929.361335913387,18.44,0.78,0.0,0.0,7.0,1.8968592631667593
2124,14,train_0486,12685.828923698162,10510.957158795063,101.09571587950632,0.0,12786.924639577668,14.98,0.72,0.0,0.0,7.0,1.8968592631667593
2125,14,train_0595,12399.640906698653,9807.474784948376,30.747478494837562,0.0,12430.38838519349,15.22,0.7,0.0,0.0,7.0,1.8968592631667593
2126,14,train_0310,12134.535762962705,10236.68701591767,73.66870159176706,0.0,12208.204464554472,12.32,0.66,0.0,0.0,7.0,1.8968592631667593
2127,14,train_0431,12798.945999837939,9962.887835680172,46.288783568017244,0.0,12845.234783405956,15.7,0.64,0.0,0.0,7.0,1.8968592631667593
2128,14,train_0462,12649.799041833698,10196.979519284498,69.69795192844977,0.0,12719.496993762148,16.66,0.74,0.0,0.0,7.0,1.8968592631667593
2129,14,train_0254,12691.904597861665,10377.919487183273,87.79194871832733,0.0,12779.696546579993,17.06,0.6,0.0,0.0,7.0,1.8968592631667593
2130,14,train_0483,12973.00165207445,10490.877966764288,99.08779667642885,0.0,13072.08944875088,15.6,0.66,0.0,0.0,7.0,1.8968592631667593
2131,14,train_0248,12745.69436240425,10142.260330071831,64.2260330071831,0.0,12809.920395411435,15.02,0.66,0.0,0.0,7.0,1.8968592631667593
2132,14,train_0531,12699.780587914072,10269.557344856468,76.95573448564683,0.0,12776.73632239972,18.56,0.8,0.0,0.0,7.0,1.8968592631667593
2133,14,train_0467,13131.023481226617,10601.920520744827,110.19205207448267,0.0,13241.2155333011,15.9,0.6,0.0,0.0,7.0,1.8968592631667593
2134,14,train_0323,12844.042132593622,10278.205914103692,77.82059141036916,0.0,12921.862724003991,17.26,0.6,0.0,0.0,7.0,1.8968592631667593
2135,14,train_0105,12684.4706603013,10229.684763053056,72.96847630530556,0.0,12757.439136606605,14.22,0.64,0.0,0.0,7.0,1.8968592631667593
2136,14,train_0496,12461.75635285522,10151.993786790606,65.19937867906064,0.0,12526.95573153428,16.82,0.7,0.0,0.0,7.0,1.8968592631667593
2137,14,train_0383,12068.054883966606,10004.610501375473,50.46105013754732,0.0,12118.515934104154,15.52,0.64,0.0,0.0,7.0,1.8968592631667593
2138,14,train_0342,12218.832123387088,10455.432155328266,95.54321553282662,0.0,12314.375338919916,18.66,0.74,0.0,0.0,7.0,1.8968592631667593
2139,14,train_0431,12451.852974733489,10122.32284280967,62.232284280967,0.0,12514.085259014455,16.38,0.62,0.0,0.0,7.0,1.8968592631667593
2140,14,train_0596,12459.593004302082,10209.207127762722,70.9207127762722,0.0,12530.513717078355,17.08,0.7,0.0,0.0,7.0,1.8968592631667593
2141,14,train_0309,12644.659006971375,10417.912097751543,91.79120977515431,0.0,12736.450216746529,14.98,0.6,0.0,0.0,7.0,1.8968592631667593
2142,14,train_0231,12787.753179494717,10456.011665732132,95.60116657321323,0.0,12883.35434606793,16.54,0.66,0.0,0.0,7.0,1.8968592631667593
2143,14,train_0523,12426.295914616861,9946.555258494718,44.655525849471815,0.0,12470.951440466333,13.94,0.7,0.0,0.0,7.0,1.8968592631667593
2144,14,train_0389,12372.116120883453,10162.317957124127,66.23179571241272,0.0,12438.347916595865,15.24,0.72,0.0,0.0,7.0,1.8968592631667593
2145,14,train_0281,12948.668041531468,10232.291635000212,73.22916350002124,0.0,13021.89720503149,16.48,0.48,0.0,0.0,7.0,1.8968592631667593
2146,14,train_0109,12977.16220140303,10554.446608404827,105.44466084048273,0.0,13082.606862243514,18.14,0.7,0.0,0.0,7.0,1.8968592631667593
2147,14,train_0278,12547.44511232894,10237.108681361864,73.7108681361864,0.0,12621.155980465126,17.18,0.66,0.0,0.0,7.0,1.8968592631667593
2148,14,train_0561,12599.149551770146,10424.60926570926,92.46092657092595,0.0,12691.610478341072,18.16,0.68,0.0,0.0,7.0,1.8968592631667593
2149,14,train_0170,12141.704594938696,10220.36783780072,72.03678378007207,0.0,12213.741378718767,18.48,0.66,0.0,0.0,7.0,1.8968592631667593
2150,14,train_0575,12830.070076866832,10642.729106873277,114.27291068732775,0.0,12944.34298755416,15.28,0.66,0.0,0.0,7.0,1.8968592631667593
2151,14,train_0551,12083.19851509342,10448.955996060868,94.89559960608676,0.0,12178.094114699506,16.32,0.72,0.0,0.0,7.0,1.8968592631667593
2152,14,train_0507,12682.22569286896,10221.264605369906,72.12646053699063,0.0,12754.352153405951,16.24,0.7,0.0,0.0,7.0,1.8968592631667593
2153,14,train_0189,12111.455466991334,10271.612334094985,77.16123340949854,0.0,12188.616700400833,15.64,0.68,0.0,0.0,7.0,1.8968592631667593
2154,14,train_0476,12159.612525108882,10331.873221351185,83.18732213511849,0.0,12242.799847244,19.48,0.56,0.0,0.0,7.0,1.8968592631667593
2155,14,train_0417,12524.079759422002,9960.650272876217,46.06502728762171,0.0,12570.144786709623,14.74,0.7,0.0,0.0,7.0,1.8968592631667593
2156,14,train_0538,13022.865284280251,10392.566052151727,89.25660521517275,0.0,13112.121889495424,16.92,0.74,0.0,0.0,7.0,1.8968592631667593
2157,14,train_0245,12055.609548289594,10130.213700925564,63.021370092556396,0.0,12118.63091838215,14.62,0.62,0.0,0.0,7.0,1.8968592631667593
2158,14,train_0371,12203.424328335612,10536.138802703874,103.61388027038738,0.0,12307.038208606,13.78,0.6,0.0,0.0,7.0,1.8968592631667593
2159,14,train_0561,12915.878750268823,10119.871718606675,61.987171860667516,0.0,12977.865922129491,18.42,0.68,0.0,0.0,7.0,1.8968592631667593
2160,14,train_0548,12297.806721736546,10462.224174939449,96.22241749394489,0.0,12394.029139230492,14.96,0.54,0.0,0.0,7.0,1.8968592631667593
2161,14,train_0568,12849.763227475625,10672.905416617581,117.29054166175811,0.0,12967.053769137383,17.04,0.64,0.0,0.0,7.0,1.8968592631667593
2162,14,train_0060,12785.655584160457,9919.348987536428,41.93489875364285,0.0,12827.5904829141,16.72,0.74,0.0,0.0,7.0,1.8968592631667593
2163,14,train_0018,12757.451015384322,10019.704764126414,51.97047641264144,0.0,12809.421491796964,16.14,0.74,0.0,0.0,7.0,1.8968592631667593
2164,14,train_0056,12138.901652407922,10050.198311577835,55.019831157783486,0.0,12193.921483565706,16.1,0.64,0.0,0.0,7.0,1.8968592631667593
2165,14,train_0596,12342.870063277625,10015.894594456657,51.589459445665675,0.0,12394.459522723291,16.24,0.6,0.0,0.0,7.0,1.8968592631667593
2166,14,train_0249,12723.040954290806,10402.166670716811,90.21666707168116,0.0,12813.257621362487,16.16,0.76,0.0,0.0,7.0,1.8968592631667593
2167,14,train_0362,12081.17727921929,10395.72780687547,89.57278068754695,0.0,12170.750059906837,14.96,0.56,0.0,0.0,7.0,1.8968592631667593
2168,14,train_0250,12539.647505819634,10105.504885224462,60.55048852244618,0.0,12600.19799434208,14.56,0.68,0.0,0.0,7.0,1.8968592631667593
2169,14,train_0044,12908.100174735137,10803.823679135363,130.38236791353629,0.0,13038.482542648673,17.24,0.82,0.0,0.0,7.0,1.8968592631667593
2170,14,train_0546,12581.980539117845,10317.344547894543,81.73445478945433,0.0,12663.714993907299,17.9,0.78,0.0,0.0,7.0,1.8968592631667593
2171,14,train_0298,12013.335045767235,9702.939101067714,20.293910106771364,0.0,12033.628955874006,15.52,0.68,0.0,0.0,7.0,1.8968592631667593
2172,14,train_0182,13274.537397875978,9944.472231734528,44.44722317345277,0.0,13318.98462104943,14.62,0.62,0.0,0.0,7.0,1.8968592631667593
2173,14,train_0029,12345.209893160223,10002.225578294769,50.22255782947687,0.0,12395.4324509897,16.66,0.66,0.0,0.0,7.0,1.8968592631667593
2174,14,train_0069,12318.198621656506,10525.597165424942,102.55971654249424,0.0,12420.758338199,18.4,0.64,0.0,0.0,7.0,1.8968592631667593
2175,14,train_0329,12468.575225689172,10364.1038257662,86.41038257662004,0.0,12554.985608265792,16.5,0.6,0.0,0.0,7.0,1.8968592631667593
2176,14,train_0460,12683.494068297263,10123.79920490337,62.37992049033692,0.0,12745.8739887876,15.08,0.6,0.0,0.0,7.0,1.8968592631667593
2177,14,train_0111,12492.54336680857,9923.581769214336,42.358176921433554,0.0,12534.901543730004,15.54,0.78,0.0,0.0,7.0,1.8968592631667593
2178,14,train_0318,12335.142088849712,10293.439912280875,79.34399122808755,0.0,12414.4860800778,18.6,0.78,0.0,0.0,7.0,1.8968592631667593
2179,14,train_0220,12498.331638309146,10069.251201268882,56.92512012688822,0.0,12555.256758436035,15.0,0.7,0.0,0.0,7.0,1.8968592631667593
2180,14,train_0392,12597.091769733015,10341.204995980997,84.12049959809974,0.0,12681.212269331114,15.54,0.7,0.0,0.0,7.0,1.8968592631667593
2181,14,train_0182,13063.635413433924,10240.63987483018,74.063987483018,0.0,13137.699400916941,16.86,0.62,0.0,0.0,7.0,1.8968592631667593
2182,14,train_0530,12778.562688995185,10573.199849855295,107.31998498552949,0.0,12885.882673980715,15.54,0.66,0.0,0.0,7.0,1.8968592631667593
2183,14,train_0361,12826.298021112261,10479.56491749606,97.956491749606,0.0,12924.254512861868,15.48,0.66,0.0,0.0,7.0,1.8968592631667593
2184,14,train_0105,12602.559211028616,10274.082759834822,77.40827598348224,0.0,12679.967487012098,15.76,0.6,0.0,0.0,7.0,1.8968592631667593
2185,14,train_0493,11954.936192694353,10486.566761850678,98.65667618506778,0.0,12053.592868879421,16.06,0.66,0.0,0.0,7.0,1.8968592631667593
2186,14,train_0386,12979.98965581489,9751.166665346522,25.11666653465218,0.0,13005.106322349542,15.0,0.68,0.0,0.0,7.0,1.8968592631667593
2187,14,train_0561,12492.1481760122,10243.708955213158,74.37089552131583,0.0,12566.519071533516,17.54,0.58,0.0,0.0,7.0,1.8968592631667593
2188,14,train_0553,11913.18074231808,9590.515886762194,9.0515886762194,0.0,11922.232330994299,16.32,0.62,0.0,0.0,7.0,1.8968592631667593
2189,14,train_0197,12569.688101969192,10953.815526308837,145.38155263088376,0.0,12715.069654600076,14.7,0.74,0.0,0.0,7.0,1.8968592631667593
2190,14,train_0415,13123.913975833251,10366.057623929053,86.60576239290532,0.0,13210.519738226156,15.42,0.64,0.0,0.0,7.0,1.8968592631667593
2191,14,train_0341,12780.006115379027,10764.20844938614,126.42084493861404,0.0,12906.42696031764,15.38,0.66,0.0,0.0,7.0,1.8968592631667593
2192,15,train_0260,12337.749816876192,9967.078159869652,46.707815986965215,0.0,12384.457632863157,17.66,0.66,0.0,0.0,7.0,1.8968592631667593
2193,15,train_0003,12619.50037322427,9914.828708617473,41.48287086174733,0.0,12660.983244086017,15.3,0.8,0.0,0.0,7.0,1.8968592631667593
2194,15,train_0488,12601.08652439215,10286.18508090311,78.61850809031094,0.0,12679.705032482461,14.0,0.68,0.0,0.0,7.0,1.8968592631667593
2195,15,train_0223,12220.126659845868,10366.083085228678,86.60830852286782,0.0,12306.734968368735,14.14,0.68,0.0,0.0,7.0,1.8968592631667593
2196,15,train_0041,12348.777895475836,10283.085812281059,78.30858122810588,0.0,12427.086476703942,14.72,0.7,0.0,0.0,7.0,1.8968592631667593
2197,15,train_0576,12463.72651369694,9954.719976936993,45.47199769369927,0.0,12509.19851139064,14.62,0.68,0.0,0.0,7.0,1.8968592631667593
2198,15,train_0240,13104.392601223959,10859.452377551224,135.94523775512243,0.0,13240.337838979081,15.78,0.7,0.0,0.0,7.0,1.8968592631667593
2199,15,train_0071,12801.423354146602,10001.889112439774,50.18891124397742,0.0,12851.612265390579,13.1,0.74,0.0,0.0,7.0,1.8968592631667593
2200,15,train_0261,12777.645891604327,10223.844602724555,72.38446027245554,0.0,12850.030351876781,16.0,0.6,0.0,0.0,7.0,1.8968592631667593
2201,15,train_0521,12707.546363308076,9949.554129412845,44.95541294128452,0.0,12752.50177624936,17.96,0.76,0.0,0.0,7.0,1.8968592631667593
2202,15,train_0449,12622.382949863495,10226.645893926761,72.66458939267613,0.0,12695.047539256171,16.62,0.7,0.0,0.0,7.0,1.8968592631667593
2203,15,train_0391,12335.041551327551,10319.023344636385,81.90233446363855,0.0,12416.94388579119,15.78,0.8,0.0,0.0,7.0,1.8968592631667593
2204,15,train_0178,12170.411944599118,10123.829803517376,62.38298035173757,0.0,12232.794924950857,16.08,0.6,0.0,0.0,7.0,1.8968592631667593
2205,15,train_0176,12896.621055323743,10583.057243414862,108.30572434148617,0.0,13004.92677966523,16.06,0.66,0.0,0.0,7.0,1.8968592631667593
2206,15,train_0157,12640.666816004948,10217.85652656351,71.78565265635098,0.0,12712.4524686613,16.44,0.66,0.0,0.0,7.0,1.8968592631667593
2207,15,train_0466,12483.876976872116,10596.498894015142,109.64988940151416,0.0,12593.52686627363,18.0,0.6,0.0,0.0,7.0,1.8968592631667593
2208,15,train_0483,13025.168248181686,10330.288106235632,83.02881062356319,0.0,13108.19705880525,15.42,0.7,0.0,0.0,7.0,1.8968592631667593
2209,15,train_0173,12676.547854208551,10332.322286366141,83.23222863661414,0.0,12759.780082845165,18.12,0.5,0.0,0.0,7.0,1.8968592631667593
2210,15,train_0180,12622.974624478873,10480.933581681022,98.09335816810217,0.0,12721.067982646975,17.36,0.68,0.0,0.0,7.0,1.8968592631667593
2211,15,train_0536,12557.977808585458,10121.402719316498,62.14027193164984,0.0,12620.118080517108,15.96,0.62,0.0,0.0,7.0,1.8968592631667593
2212,15,train_0584,11970.584270442534,10173.971448872735,67.3971448872735,0.0,12037.981415329807,14.74,0.8,0.0,0.0,7.0,1.8968592631667593
2213,15,train_0049,12696.297053726643,10459.446493584459,95.9446493584459,0.0,12792.241703085088,15.5,0.66,0.0,0.0,7.0,1.8968592631667593
2214,15,train_0153,12406.247719235529,10433.338084470062,93.33380844700623,0.0,12499.581527682536,17.2,0.72,0.0,0.0,7.0,1.8968592631667593
2215,15,train_0071,12708.194664167178,10479.532811501558,97.95328115015582,0.0,12806.147945317334,15.76,0.62,0.0,0.0,7.0,1.8968592631667593
2216,15,train_0214,12388.694573346347,9846.295803244333,34.6295803244333,0.0,12423.324153670781,14.7,0.6,0.0,0.0,7.0,1.8968592631667593
2217,15,train_0450,12180.648906879502,10191.021898032732,69.10218980327318,0.0,12249.751096682776,15.28,0.58,0.0,0.0,7.0,1.8968592631667593
2218,15,train_0352,12074.801960928165,10110.89798672585,61.08979867258495,0.0,12135.89175960075,15.52,0.76,0.0,0.0,7.0,1.8968592631667593
2219,15,train_0269,12195.38850960361,9707.309713328868,20.73097133288684,0.0,12216.119480936497,15.1,0.52,0.0,0.0,7.0,1.8968592631667593
2220,15,train_0124,12619.55916278136,10497.172628101933,99.71726281019329,0.0,12719.276425591552,18.58,0.62,0.0,0.0,7.0,1.8968592631667593
2221,15,train_0088,12829.416381593212,10061.362785938223,56.13627859382232,0.0,12885.552660187033,16.34,0.58,0.0,0.0,7.0,1.8968592631667593
2222,15,train_0456,12393.134875841988,10219.445014439418,71.94450144394177,0.0,12465.07937728593,15.9,0.68,0.0,0.0,7.0,1.8968592631667593
2223,15,train_0308,12333.80380016578,10321.494831055887,82.14948310558867,0.0,12415.953283271368,17.4,0.7,0.0,0.0,7.0,1.8968592631667593
2224,15,train_0012,13142.3359406957,10456.566945443992,95.65669454439922,0.0,13237.9926352401,15.38,0.62,0.0,0.0,7.0,1.8968592631667593
2225,15,train_0178,12209.386109549718,10328.883353405039,82.88833534050391,0.0,12292.274444890221,13.6,0.66,0.0,0.0,7.0,1.8968592631667593
2226,15,train_0407,12656.099249749808,10356.595527858,85.65955278580005,0.0,12741.758802535609,16.44,0.58,0.0,0.0,7.0,1.8968592631667593
2227,15,train_0329,12548.826063382403,10183.327103036741,68.33271030367415,0.0,12617.158773686077,17.5,0.66,0.0,0.0,7.0,1.8968592631667593
2228,15,train_0437,11616.586912093982,9681.93097913055,18.193097913054952,0.0,11634.780010007038,16.6,0.7,0.0,0.0,7.0,1.8968592631667593
2229,15,train_0446,12284.154204584613,10034.981088504457,53.49810885044572,0.0,12337.65231343506,16.38,0.68,0.0,0.0,7.0,1.8968592631667593
2230,15,train_0066,12495.144490892999,10393.707033755181,89.37070337551813,0.0,12584.515194268517,17.54,0.68,0.0,0.0,7.0,1.8968592631667593
2231,15,train_0514,12457.564892871851,10251.355020363973,75.13550203639734,0.0,12532.700394908248,15.18,0.64,0.0,0.0,7.0,1.8968592631667593
2232,15,train_0358,12610.876361459574,10389.62366161272,88.96236616127209,0.0,12699.838727620845,16.38,0.7,0.0,0.0,7.0,1.8968592631667593
2233,15,train_0035,13231.132018095512,10680.487668554746,118.04876685547461,0.0,13349.180784950986,17.26,0.66,0.0,0.0,7.0,1.8968592631667593
2234,15,train_0573,12099.023920463742,10175.019751674503,67.5019751674503,0.0,12166.525895631192,15.04,0.64,0.0,0.0,7.0,1.8968592631667593
2235,15,train_0355,12546.751793433308,10163.32093347689,66.33209334768908,0.0,12613.083886780998,15.28,0.78,0.0,0.0,7.0,1.8968592631667593
2236,15,train_0142,12375.5822810112,10615.4117354463,111.54117354462997,0.0,12487.12345455583,15.08,0.64,0.0,0.0,7.0,1.8968592631667593
2237,15,train_0590,12580.222447925651,10168.953268243633,66.8953268243633,0.0,12647.117774750015,16.84,0.7,0.0,0.0,7.0,1.8968592631667593
2238,15,train_0020,12838.721390735123,10620.11042375704,112.011042375704,0.0,12950.732433110827,13.84,0.62,0.0,0.0,7.0,1.8968592631667593
2239,15,train_0275,12385.898184759006,10261.938224467509,76.1938224467509,0.0,12462.092007205756,14.62,0.66,0.0,0.0,7.0,1.8968592631667593
2240,15,train_0023,12014.977525872819,10279.708539548546,77.97085395485465,0.0,12092.948379827674,16.08,0.74,0.0,0.0,7.0,1.8968592631667593
2241,15,train_0461,12529.72676399054,10230.239265769836,73.02392657698365,0.0,12602.750690567524,14.96,0.74,0.0,0.0,7.0,1.8968592631667593
2242,15,train_0464,12806.45732658871,9936.153647515785,43.615364751578454,0.0,12850.072691340289,16.26,0.76,0.0,0.0,7.0,1.8968592631667593
2243,15,train_0058,12431.322080800732,9467.672574138218,-3.2327425861782104,3.2327425861782104,12428.089338214553,14.12,0.64,0.0,0.0,7.0,1.8968592631667593
2244,15,train_0175,12305.970811458561,10447.729955278704,94.77299552787045,0.0,12400.743806986431,17.62,0.72,0.0,0.0,7.0,1.8968592631667593
2245,15,train_0524,11896.237765490312,10038.648362747826,53.86483627478265,0.0,11950.102601765095,17.92,0.64,0.0,0.0,7.0,1.8968592631667593
2246,15,train_0157,12473.547045745661,10218.339847489759,71.83398474897585,0.0,12545.381030494636,14.94,0.64,0.0,0.0,7.0,1.8968592631667593
2247,15,train_0349,12220.830360931552,9954.829284219122,45.48292842191222,0.0,12266.313289353464,15.32,0.66,0.0,0.0,7.0,1.8968592631667593
2248,15,train_0326,12552.766940494821,9726.71834959979,22.671834959979062,0.0,12575.4387754548,15.64,0.66,0.0,0.0,7.0,1.8968592631667593
2249,15,train_0532,12429.824476240792,10447.206315692867,94.72063156928671,0.0,12524.54510781008,16.44,0.58,0.0,0.0,7.0,1.8968592631667593
2250,15,train_0446,12171.113046023978,10093.825576882022,59.38255768820218,0.0,12230.495603712181,15.58,0.68,0.0,0.0,7.0,1.8968592631667593
2251,15,train_0472,12615.202360152427,10472.244752251256,97.22447522512557,0.0,12712.426835377553,16.56,0.74,0.0,0.0,7.0,1.8968592631667593
2252,15,train_0053,12689.47247780527,9945.848442505574,44.5848442505574,0.0,12734.057322055827,15.72,0.52,0.0,0.0,7.0,1.8968592631667593
2253,15,train_0521,12498.103213402228,10478.591294678456,97.85912946784556,0.0,12595.962342870074,17.82,0.66,0.0,0.0,7.0,1.8968592631667593
2254,15,train_0272,12521.548202430762,10126.299905438816,62.629990543881654,0.0,12584.178192974643,14.14,0.62,0.0,0.0,7.0,1.8968592631667593
2255,15,train_0034,12672.324326943999,10101.40127998649,60.14012799864904,0.0,12732.464454942648,15.16,0.66,0.0,0.0,7.0,1.8968592631667593
2256,15,train_0057,12310.464001006298,10068.244955945924,56.82449559459238,0.0,12367.28849660089,15.94,0.68,0.0,0.0,7.0,1.8968592631667593
2257,15,train_0429,13117.48079111097,10607.9999898178,110.79999898177994,0.0,13228.28079009275,15.1,0.64,0.0,0.0,7.0,1.8968592631667593
2258,15,train_0533,12072.938051377707,10148.966044168621,64.8966044168621,0.0,12137.83465579457,17.82,0.64,0.0,0.0,7.0,1.8968592631667593
2259,15,train_0118,12680.267368403194,10167.270108174453,66.72701081744526,0.0,12746.99437922064,14.82,0.64,0.0,0.0,7.0,1.8968592631667593
2260,15,train_0176,12817.018259908738,10404.465912262574,90.44659122625745,0.0,12907.464851134995,15.76,0.68,0.0,0.0,7.0,1.8968592631667593
2261,15,train_0159,12121.216240554028,9875.460951216046,37.546095121604594,0.0,12158.762335675632,17.0,0.66,0.0,0.0,7.0,1.8968592631667593
2262,15,train_0534,12565.766689098857,10708.547771675981,120.85477716759816,0.0,12686.621466266455,15.2,0.68,0.0,0.0,7.0,1.8968592631667593
2263,15,train_0194,12376.240160248442,10547.346095216551,104.73460952165516,0.0,12480.974769770097,16.04,0.66,0.0,0.0,7.0,1.8968592631667593
2264,15,train_0390,12820.331117470942,10330.429807325112,83.04298073251121,0.0,12903.374098203452,18.24,0.72,0.0,0.0,7.0,1.8968592631667593
2265,15,train_0354,11902.845601287685,10171.569562407196,67.1569562407196,0.0,11970.002557528405,16.48,0.48,0.0,0.0,7.0,1.8968592631667593
2266,15,train_0245,12047.816284676712,9992.877797853995,49.28777978539947,0.0,12097.104064462112,15.24,0.58,0.0,0.0,7.0,1.8968592631667593
2267,15,train_0376,12204.0120200713,10256.012787568976,75.6012787568976,0.0,12279.613298828199,15.16,0.66,0.0,0.0,7.0,1.8968592631667593
2268,15,train_0123,12339.49508569764,10283.378635255183,78.33786352551834,0.0,12417.832949223157,16.48,0.64,0.0,0.0,7.0,1.8968592631667593
2269,15,train_0558,13288.59401796554,10171.881278275996,67.1881278275996,0.0,13355.78214579314,15.64,0.56,0.0,0.0,7.0,1.8968592631667593
2270,15,train_0549,12493.856519637558,10649.617724806445,114.96177248064451,0.0,12608.818292118203,17.64,0.72,0.0,0.0,7.0,1.8968592631667593
2271,15,train_0007,12961.951702901035,11401.374724329668,190.13747243296677,0.0,13152.089175334002,15.54,0.64,0.0,0.0,7.0,1.8968592631667593
2272,15,train_0289,12923.775441593316,10460.477929529658,96.04779295296576,0.0,13019.823234546282,18.16,0.64,0.0,0.0,7.0,1.8968592631667593
2273,15,train_0116,12482.395781626394,10146.347854997754,64.63478549977536,0.0,12547.030567126169,17.52,0.66,0.0,0.0,7.0,1.8968592631667593
2274,15,train_0269,11998.209050021851,9942.396544670963,44.239654467096265,0.0,12042.448704488947,17.7,0.7,0.0,0.0,7.0,1.8968592631667593
2275,15,train_0217,12230.514077566662,10717.490997711138,121.74909977111383,0.0,12352.263177337776,17.74,0.74,0.0,0.0,7.0,1.8968592631667593
2276,15,train_0524,11855.103596260607,9992.820176260395,49.28201762603949,0.0,11904.385613886647,15.44,0.72,0.0,0.0,7.0,1.8968592631667593
2277,15,train_0490,12458.20176879039,9999.393033783836,49.939303378383556,0.0,12508.141072168773,15.54,0.72,0.0,0.0,7.0,1.8968592631667593
2278,15,train_0172,12406.69277454511,10407.796805663682,90.7796805663682,0.0,12497.472455111478,17.18,0.7,0.0,0.0,7.0,1.8968592631667593
2279,15,train_0329,12518.937857680161,10162.949659371634,66.2949659371634,0.0,12585.232823617323,19.02,0.5,0.0,0.0,7.0,1.8968592631667593
2280,15,train_0235,12717.060090102725,10331.096381993924,83.10963819939244,0.0,12800.169728302117,14.78,0.7,0.0,0.0,7.0,1.8968592631667593
2281,15,train_0307,12410.336069628154,10281.358382589404,78.1358382589404,0.0,12488.471907887095,16.46,0.72,0.0,0.0,7.0,1.8968592631667593
2282,15,train_0542,12219.907354074121,10125.313137358195,62.53131373581946,0.0,12282.43866780994,15.68,0.66,0.0,0.0,7.0,1.8968592631667593
2283,15,train_0456,12244.764301578947,10103.677140125343,60.36771401253427,0.0,12305.132015591482,14.44,0.68,0.0,0.0,7.0,1.8968592631667593
2284,15,train_0031,12539.680462141794,9802.575289248693,30.25752892486926,0.0,12569.937991066663,18.1,0.62,0.0,0.0,7.0,1.8968592631667593
2285,15,train_0393,12626.77622740556,10655.602286726367,115.56022867263674,0.0,12742.336456078197,14.36,0.68,0.0,0.0,7.0,1.8968592631667593
2286,15,train_0462,12687.830261008427,9971.011305432625,47.101130543262485,0.0,12734.931391551689,16.7,0.6,0.0,0.0,7.0,1.8968592631667593
2287,15,train_0173,12585.40990794303,10713.40557550344,121.34055755034406,0.0,12706.750465493375,17.48,0.74,0.0,0.0,7.0,1.8968592631667593
2288,15,train_0444,12264.682669647776,10708.152073529818,120.81520735298182,0.0,12385.497877000758,16.46,0.64,0.0,0.0,7.0,1.8968592631667593
2289,15,train_0052,12788.00245530065,10600.151098485843,110.01510984858433,0.0,12898.017565149234,15.14,0.6,0.0,0.0,7.0,1.8968592631667593
2290,15,train_0056,11870.903500500684,9781.775262311612,28.17752623116121,0.0,11899.081026731845,16.02,0.74,0.0,0.0,7.0,1.8968592631667593
2291,15,train_0277,12617.150314921022,10296.324885724742,79.63248857247419,0.0,12696.782803493496,15.76,0.62,0.0,0.0,7.0,1.8968592631667593
2292,15,train_0247,12547.860201327037,10722.123543451225,122.21235434512255,0.0,12670.072555672159,16.9,0.68,0.0,0.0,7.0,1.8968592631667593
2293,15,train_0528,12491.240245126042,10372.988917951669,87.29889179516687,0.0,12578.539136921208,15.2,0.68,0.0,0.0,7.0,1.8968592631667593
2294,15,train_0495,12870.283621226954,10234.374027618866,73.43740276188656,0.0,12943.72102398884,17.64,0.6,0.0,0.0,7.0,1.8968592631667593
2295,15,train_0358,12541.66330283432,10298.29215030916,79.82921503091603,0.0,12621.492517865236,14.24,0.78,0.0,0.0,7.0,1.8968592631667593
2296,15,train_0326,12198.305299575251,10058.86931578003,55.88693157800299,0.0,12254.192231153254,16.96,0.62,0.0,0.0,7.0,1.8968592631667593
2297,15,train_0031,12281.6636823792,10167.043702619105,66.70437026191048,0.0,12348.36805264111,17.08,0.7,0.0,0.0,7.0,1.8968592631667593
2298,15,train_0113,12056.353718201435,10138.264918276434,63.826491827643444,0.0,12120.180210029079,17.3,0.68,0.0,0.0,7.0,1.8968592631667593
2299,15,train_0264,12218.337803060167,10239.771684528907,73.9771684528907,0.0,12292.314971513058,16.62,0.68,0.0,0.0,7.0,1.8968592631667593
2300,15,train_0254,12489.176199960966,10459.518159980911,95.95181599809112,0.0,12585.128015959057,15.84,0.74,0.0,0.0,7.0,1.8968592631667593
2301,15,train_0230,12621.824771188076,10048.186284821675,54.81862848216752,0.0,12676.643399670244,15.96,0.82,0.0,0.0,7.0,1.8968592631667593
2302,15,train_0300,12503.689858809259,10118.277606779991,61.827760677999144,0.0,12565.517619487258,14.76,0.6,0.0,0.0,7.0,1.8968592631667593
2303,15,train_0349,12321.287135968101,9918.162308820807,41.81623088208071,0.0,12363.103366850182,15.72,0.72,0.0,0.0,7.0,1.8968592631667593
2304,15,train_0234,12256.08291687736,10374.910107452015,87.49101074520149,0.0,12343.573927622561,16.42,0.66,0.0,0.0,7.0,1.8968592631667593
2305,15,train_0352,12216.521458410538,9814.522320383025,31.452232038302466,0.0,12247.97369044884,17.2,0.74,0.0,0.0,7.0,1.8968592631667593
2306,15,train_0064,12842.620932996506,10318.869351890142,81.8869351890142,0.0,12924.50786818552,16.1,0.6,0.0,0.0,7.0,1.8968592631667593
2307,15,train_0570,12368.795618638633,10216.573228168932,71.65732281689326,0.0,12440.452941455525,14.88,0.6,0.0,0.0,7.0,1.8968592631667593
2308,15,train_0310,12212.211630037165,9942.94635498564,44.29463549856391,0.0,12256.506265535729,14.28,0.7,0.0,0.0,7.0,1.8968592631667593
2309,15,train_0202,12559.572877677476,10480.978034225616,98.09780342256164,0.0,12657.670681100037,15.32,0.68,0.0,0.0,7.0,1.8968592631667593
2310,15,train_0266,12716.668668326078,10344.375130916502,84.43751309165019,0.0,12801.106181417728,15.34,0.78,0.0,0.0,7.0,1.8968592631667593
2311,15,train_0244,12221.789181952656,10270.920426064904,77.0920426064904,0.0,12298.881224559147,16.5,0.64,0.0,0.0,7.0,1.8968592631667593
2312,15,train_0171,13214.02967645107,10444.693228418462,94.46932284184624,0.0,13308.498999292915,17.86,0.74,0.0,0.0,7.0,1.8968592631667593
2313,15,train_0368,12833.752557236287,10299.212913878602,79.92129138786022,0.0,12913.673848624147,14.18,0.62,0.0,0.0,7.0,1.8968592631667593
2314,15,train_0532,12435.147891546214,10509.614082442658,100.96140824426584,0.0,12536.10929979048,15.94,0.66,0.0,0.0,7.0,1.8968592631667593
2315,15,train_0531,12769.050191964034,10370.625537341526,87.06255373415262,0.0,12856.112745698187,17.64,0.72,0.0,0.0,7.0,1.8968592631667593
2316,15,train_0100,11746.719583910579,9959.934966698558,45.993496669855816,0.0,11792.713080580435,14.84,0.84,0.0,0.0,7.0,1.8968592631667593
2317,15,train_0423,12441.266189823542,9969.451765842343,46.94517658423429,0.0,12488.211366407777,15.46,0.82,0.0,0.0,7.0,1.8968592631667593
2318,15,train_0452,12392.723683320395,10227.240375954816,72.7240375954816,0.0,12465.447720915876,15.22,0.68,0.0,0.0,7.0,1.8968592631667593
2319,15,train_0282,12223.905927776957,10185.74051518288,68.57405151828807,0.0,12292.479979295245,16.22,0.58,0.0,0.0,7.0,1.8968592631667593
2320,15,train_0412,12184.838293481098,10244.52905124473,74.452905124473,0.0,12259.291198605571,14.68,0.62,0.0,0.0,7.0,1.8968592631667593
2321,15,train_0488,12669.82945482004,9975.248346617638,47.52483466176382,0.0,12717.354289481804,14.92,0.74,0.0,0.0,7.0,1.8968592631667593
2322,15,train_0062,12137.840602020746,10244.81568068769,74.48156806876905,0.0,12212.322170089516,15.82,0.72,0.0,0.0,7.0,1.8968592631667593
2323,15,train_0291,12724.879711310778,10395.039022357354,89.50390223573541,0.0,12814.383613546514,14.2,0.66,0.0,0.0,7.0,1.8968592631667593
2324,15,train_0018,12656.965064207194,10205.704734836658,70.57047348366578,0.0,12727.53553769086,15.54,0.7,0.0,0.0,7.0,1.8968592631667593
2325,15,train_0578,12526.611669693217,10119.805602210923,61.98056022109231,0.0,12588.59222991431,19.06,0.6,0.0,0.0,7.0,1.8968592631667593
2326,15,train_0316,12520.82008022099,10200.627144713093,70.0627144713093,0.0,12590.8827946923,16.02,0.64,0.0,0.0,7.0,1.8968592631667593
2327,15,train_0169,11953.160637569643,9911.74282906426,41.174282906426015,0.0,11994.334920476069,17.06,0.66,0.0,0.0,7.0,1.8968592631667593
2328,15,train_0038,12826.828889623128,10260.248260095554,76.02482600955537,0.0,12902.853715632684,17.68,0.66,0.0,0.0,7.0,1.8968592631667593
2329,15,train_0076,12694.089067871992,10018.087599115472,51.80875991154717,0.0,12745.89782778354,16.16,0.7,0.0,0.0,7.0,1.8968592631667593
2330,15,train_0169,12021.107160134738,10115.62214856043,61.56221485604292,0.0,12082.66937499078,15.24,0.5,0.0,0.0,7.0,1.8968592631667593
2331,15,train_0498,12575.632890767256,10088.427183139102,58.842718313910154,0.0,12634.475609081166,14.3,0.64,0.0,0.0,7.0,1.8968592631667593
2332,15,train_0589,11966.171847021818,10334.203480752443,83.42034807524433,0.0,12049.592195097062,16.76,0.58,0.0,0.0,7.0,1.8968592631667593
2333,15,train_0178,12265.071014465659,10252.248719774474,75.2248719774474,0.0,12340.295886443106,15.64,0.66,0.0,0.0,7.0,1.8968592631667593
2334,15,train_0203,12611.291785743428,10542.055552315465,104.20555523154654,0.0,12715.497340974975,13.62,0.66,0.0,0.0,7.0,1.8968592631667593
2335,15,train_0508,12701.058596296418,10314.359417730131,81.43594177301311,0.0,12782.494538069432,15.22,0.7,0.0,0.0,7.0,1.8968592631667593
2336,16,train_0060,12374.02283987349,10512.06900698025,101.20690069802495,0.0,12475.229740571516,16.7,0.68,0.0,0.0,7.0,1.8968592631667593
2337,16,train_0365,12956.965208891354,10575.076281261347,107.50762812613466,0.0,13064.472837017489,16.38,0.82,0.0,0.0,7.0,1.8968592631667593
2338,16,train_0359,12926.741380538268,10171.767758757069,67.17677587570688,0.0,12993.918156413974,15.46,0.48,0.0,0.0,7.0,1.8968592631667593
2339,16,train_0305,12414.198269314538,10515.796465866724,101.57964658667242,0.0,12515.77791590121,15.2,0.7,0.0,0.0,7.0,1.8968592631667593
2340,16,train_0501,12602.159892526503,10190.402279468464,69.04022794684643,0.0,12671.20012047335,17.8,0.6,0.0,0.0,7.0,1.8968592631667593
2341,16,train_0052,12733.400370656564,10349.44894973291,84.94489497329106,0.0,12818.345265629854,14.6,0.64,0.0,0.0,7.0,1.8968592631667593
2342,16,train_0170,12113.417247362646,10203.665005004012,70.36650050040116,0.0,12183.783747863046,16.2,0.72,0.0,0.0,7.0,1.8968592631667593
2343,16,train_0471,12660.498421408633,10518.040301491583,101.80403014915828,0.0,12762.30245155779,14.74,0.7,0.0,0.0,7.0,1.8968592631667593
2344,16,train_0181,11663.390469343909,9703.052460473747,20.30524604737475,0.0,11683.695715391284,15.9,0.66,0.0,0.0,7.0,1.8968592631667593
2345,16,train_0039,12511.645948974023,10684.859335744914,118.48593357449136,0.0,12630.131882548514,16.44,0.68,0.0,0.0,7.0,1.8968592631667593
2346,16,train_0274,12538.790107657022,10352.857619123311,85.28576191233115,0.0,12624.075869569353,13.9,0.54,0.0,0.0,7.0,1.8968592631667593
2347,16,train_0579,12341.20724244212,10597.544972396558,109.75449723965576,0.0,12450.961739681776,16.92,0.58,0.0,0.0,7.0,1.8968592631667593
2348,16,train_0474,12664.630626611168,10325.904929603133,82.59049296031336,0.0,12747.22111957148,14.8,0.6,0.0,0.0,7.0,1.8968592631667593
2349,16,train_0526,12357.081850002281,10292.531280771927,79.25312807719274,0.0,12436.334978079474,16.5,0.6,0.0,0.0,7.0,1.8968592631667593
2350,16,train_0171,13224.835428045426,10380.434144580342,88.0434144580342,0.0,13312.87884250346,17.62,0.64,0.0,0.0,7.0,1.8968592631667593
2351,16,train_0181,11543.985290027827,9784.400796654256,28.440079665425586,0.0,11572.425369693254,16.24,0.72,0.0,0.0,7.0,1.8968592631667593
2352,16,train_0092,12737.915527082368,10205.856970825298,70.5856970825298,0.0,12808.501224164898,15.68,0.64,0.0,0.0,7.0,1.8968592631667593
2353,16,train_0076,12433.567310860068,10257.632300435205,75.76323004352052,0.0,12509.330540903587,16.62,0.62,0.0,0.0,7.0,1.8968592631667593
2354,16,train_0167,12401.918329548924,9906.982599776233,40.69825997762328,0.0,12442.616589526548,16.68,0.8,0.0,0.0,7.0,1.8968592631667593
2355,16,train_0531,12222.167346894727,10575.918497162715,107.59184971627147,0.0,12329.759196610998,16.84,0.66,0.0,0.0,7.0,1.8968592631667593
2356,16,train_0405,12438.571863983409,10511.833142911873,101.18331429118734,0.0,12539.755178274596,16.12,0.64,0.0,0.0,7.0,1.8968592631667593
2357,16,train_0287,12555.657339325753,10006.67557636981,50.66755763698093,0.0,12606.324896962735,17.2,0.72,0.0,0.0,7.0,1.8968592631667593
2358,16,train_0282,12252.607519388028,10126.650607540952,62.66506075409525,0.0,12315.272580142124,14.46,0.58,0.0,0.0,7.0,1.8968592631667593
2359,16,train_0074,12927.358390325735,10136.05448989453,63.605448989453,0.0,12990.963839315187,16.4,0.76,0.0,0.0,7.0,1.8968592631667593
2360,16,train_0294,12118.104784741692,10203.82109360223,70.38210936022297,0.0,12188.486894101916,17.04,0.74,0.0,0.0,7.0,1.8968592631667593
2361,16,train_0299,12706.984489292248,10335.866859791207,83.58668597912074,0.0,12790.571175271369,15.62,0.72,0.0,0.0,7.0,1.8968592631667593
2362,16,train_0459,12174.378277235697,10228.266064196872,72.82660641968724,0.0,12247.204883655384,15.84,0.52,0.0,0.0,7.0,1.8968592631667593
2363,16,train_0148,12563.066712014363,10265.222896295098,76.52228962950976,0.0,12639.589001643872,17.2,0.66,0.0,0.0,7.0,1.8968592631667593
2364,16,train_0518,12580.090874992788,10153.515752441142,65.35157524411424,0.0,12645.442450236902,15.6,0.62,0.0,0.0,7.0,1.8968592631667593
2365,16,train_0244,12838.719535952658,10092.016655849766,59.20166558497658,0.0,12897.921201537634,16.26,0.64,0.0,0.0,7.0,1.8968592631667593
2366,16,train_0035,13667.635930797624,10226.474576311402,72.64745763114024,0.0,13740.283388428765,17.46,0.62,0.0,0.0,7.0,1.8968592631667593
2367,16,train_0384,12133.174421195958,10074.987846633005,57.49878466330047,0.0,12190.673205859259,17.74,0.62,0.0,0.0,7.0,1.8968592631667593
2368,16,train_0363,12505.986268843411,10637.223696767564,113.72236967675636,0.0,12619.708638520167,17.22,0.64,0.0,0.0,7.0,1.8968592631667593
2369,16,train_0549,12531.146959554,10592.045053009402,109.20450530094023,0.0,12640.35146485494,15.54,0.7,0.0,0.0,7.0,1.8968592631667593
2370,16,train_0331,12622.499426698158,10025.364256580888,52.536425658088774,0.0,12675.035852356246,17.5,0.7,0.0,0.0,7.0,1.8968592631667593
2371,16,train_0480,12628.422873563624,10299.47305292802,79.94730529280206,0.0,12708.370178856427,15.58,0.68,0.0,0.0,7.0,1.8968592631667593
2372,16,train_0143,12855.300098863416,10514.538860870834,101.45388608708345,0.0,12956.7539849505,12.76,0.64,0.0,0.0,7.0,1.8968592631667593
2373,16,train_0096,12694.670718714386,10244.584990531695,74.45849905316955,0.0,12769.129217767555,17.32,0.66,0.0,0.0,7.0,1.8968592631667593
2374,16,train_0385,12561.642757568989,10970.014966964707,147.00149669647072,0.0,12708.644254265459,16.7,0.76,0.0,0.0,7.0,1.8968592631667593
2375,16,train_0286,12887.568997675538,10321.639791988866,82.1639791988866,0.0,12969.732976874426,14.86,0.74,0.0,0.0,7.0,1.8968592631667593
2376,16,train_0475,12386.295406392353,9901.557241493705,40.15572414937051,0.0,12426.451130541724,15.7,0.74,0.0,0.0,7.0,1.8968592631667593
2377,16,train_0295,12467.31783772368,10077.367830995921,57.736783099592145,0.0,12525.054620823272,15.5,0.58,0.0,0.0,7.0,1.8968592631667593
2378,16,train_0477,12293.41448574275,9822.860413489107,32.28604134891066,0.0,12325.70052709166,14.28,0.76,0.0,0.0,7.0,1.8968592631667593
2379,16,train_0593,12300.022349308667,10184.508191038762,68.45081910387617,0.0,12368.473168412544,14.24,0.74,0.0,0.0,7.0,1.8968592631667593
2380,16,train_0581,12312.10273163778,10384.620439429353,88.46204394293528,0.0,12400.564775580715,16.74,0.58,0.0,0.0,7.0,1.8968592631667593
2381,16,train_0052,13013.319243736209,10230.413612241307,73.04136122413074,0.0,13086.360604960339,15.74,0.68,0.0,0.0,7.0,1.8968592631667593
2382,16,train_0581,12305.313224392923,10199.641902656163,69.96419026561635,0.0,12375.27741465854,16.84,0.68,0.0,0.0,7.0,1.8968592631667593
2383,16,train_0306,12704.800629413632,10226.040261725913,72.60402617259133,0.0,12777.404655586224,15.3,0.6,0.0,0.0,7.0,1.8968592631667593
2384,16,train_0224,12631.522021969242,10028.370108796164,52.83701087961636,0.0,12684.359032848859,13.74,0.68,0.0,0.0,7.0,1.8968592631667593
2385,16,train_0548,12528.758004296677,10476.711015156092,97.6711015156092,0.0,12626.429105812285,16.56,0.6,0.0,0.0,7.0,1.8968592631667593
2386,16,train_0101,12660.402917803778,10318.131402689332,81.81314026893324,0.0,12742.21605807271,17.22,0.74,0.0,0.0,7.0,1.8968592631667593
2387,16,train_0239,12625.768698794007,10095.264742931366,59.526474293136566,0.0,12685.295173087143,13.42,0.64,0.0,0.0,7.0,1.8968592631667593
2388,16,train_0499,12198.61694101529,10042.323545563297,54.23235455632967,0.0,12252.849295571621,15.32,0.64,0.0,0.0,7.0,1.8968592631667593
2389,16,train_0157,12798.722551222774,9941.812398993827,44.181239899382675,0.0,12842.903791122157,16.22,0.66,0.0,0.0,7.0,1.8968592631667593
2390,16,train_0561,12635.727879657396,10292.595862626407,79.25958626264074,0.0,12714.987465920036,17.5,0.78,0.0,0.0,7.0,1.8968592631667593
2391,16,train_0333,12406.21439034303,10742.5836591345,124.25836591344996,0.0,12530.47275625648,15.34,0.46,0.0,0.0,7.0,1.8968592631667593
2392,16,train_0307,12398.894174954456,10257.240076710525,75.72400767105246,0.0,12474.618182625509,15.58,0.8,0.0,0.0,7.0,1.8968592631667593
2393,16,train_0192,12814.077417265336,10222.773232612482,72.27732326124824,0.0,12886.354740526585,17.14,0.64,0.0,0.0,7.0,1.8968592631667593
2394,16,train_0075,12235.403908042917,10667.531591271807,116.75315912718071,0.0,12352.157067170097,17.06,0.74,0.0,0.0,7.0,1.8968592631667593
2395,16,train_0556,12458.026561419814,10396.867675630592,89.68676756305922,0.0,12547.713328982874,15.48,0.64,0.0,0.0,7.0,1.8968592631667593
2396,16,train_0002,12701.220301280307,9799.732414305385,29.973241430538476,0.0,12731.193542710846,13.74,0.54,0.0,0.0,7.0,1.8968592631667593
2397,16,train_0050,12135.341095284857,10335.062158306555,83.50621583065549,0.0,12218.847311115513,16.1,0.7,0.0,0.0,7.0,1.8968592631667593
2398,16,train_0045,12525.374359884503,10287.821414696244,78.78214146962438,0.0,12604.156501354128,14.9,0.64,0.0,0.0,7.0,1.8968592631667593
2399,16,train_0124,12355.874356300388,10328.781631536565,82.87816315365654,0.0,12438.752519454045,16.02,0.62,0.0,0.0,7.0,1.8968592631667593
2400,16,train_0440,12741.90991704724,10683.753132348842,118.3753132348842,0.0,12860.285230282125,15.8,0.76,0.0,0.0,7.0,1.8968592631667593
2401,16,train_0050,12485.641982690064,9940.906248435254,44.09062484352544,0.0,12529.73260753359,14.36,0.5,0.0,0.0,7.0,1.8968592631667593
2402,16,train_0088,12551.220011208536,10237.455973591448,73.74559735914481,0.0,12624.96560856768,16.4,0.74,0.0,0.0,7.0,1.8968592631667593
2403,16,train_0427,12270.002891440417,10563.750613852684,106.37506138526842,0.0,12376.377952825685,17.0,0.78,0.0,0.0,7.0,1.8968592631667593
2404,16,train_0020,12843.16050911607,10629.675620311342,112.9675620311342,0.0,12956.128071147205,15.58,0.74,0.0,0.0,7.0,1.8968592631667593
2405,16,train_0175,12714.454722942948,10061.77491710402,56.17749171040196,0.0,12770.63221465335,16.36,0.72,0.0,0.0,7.0,1.8968592631667593
2406,16,train_0496,12372.682584076892,10187.865825999317,68.78658259993172,0.0,12441.469166676825,17.42,0.74,0.0,0.0,7.0,1.8968592631667593
2407,16,train_0540,12830.672830662636,10317.160651898068,81.7160651898068,0.0,12912.388895852442,15.74,0.66,0.0,0.0,7.0,1.8968592631667593
2408,16,train_0297,11974.846323967042,10537.092030055384,103.70920300553844,0.0,12078.555526972581,14.44,0.56,0.0,0.0,7.0,1.8968592631667593
2409,16,train_0536,12434.321772387517,10276.626385485473,77.66263854854733,0.0,12511.984410936064,15.38,0.56,0.0,0.0,7.0,1.8968592631667593
2410,16,train_0532,12494.891630769405,10275.96524658311,77.59652465831095,0.0,12572.488155427716,15.92,0.6,0.0,0.0,7.0,1.8968592631667593
2411,16,train_0561,12401.799525054841,10507.49675009954,100.74967500995409,0.0,12502.549200064796,17.8,0.58,0.0,0.0,7.0,1.8968592631667593
2412,16,train_0148,12584.30339540401,10395.63660923197,89.56366092319695,0.0,12673.867056327206,16.44,0.68,0.0,0.0,7.0,1.8968592631667593
2413,16,train_0153,12428.034433898993,10057.556480048403,55.75564800484026,0.0,12483.790081903833,15.52,0.74,0.0,0.0,7.0,1.8968592631667593
2414,16,train_0395,12265.827925197935,10076.86019889816,57.686019889816095,0.0,12323.51394508775,15.92,0.64,0.0,0.0,7.0,1.8968592631667593
2415,16,train_0000,12191.434630894015,10060.516867446033,56.05168674460329,0.0,12247.486317638619,15.4,0.68,0.0,0.0,7.0,1.8968592631667593
2416,16,train_0159,12204.024293602144,9875.896215149452,37.58962151494525,0.0,12241.61391511709,17.56,0.62,0.0,0.0,7.0,1.8968592631667593
2417,16,train_0232,12650.351284236693,10355.046091595272,85.50460915952718,0.0,12735.85589339622,16.82,0.74,0.0,0.0,7.0,1.8968592631667593
2418,16,train_0533,12361.640756011664,10028.588650602002,52.85886506020015,0.0,12414.499621071864,17.68,0.68,0.0,0.0,7.0,1.8968592631667593
2419,16,train_0577,13236.46152364749,10684.569295883492,118.45692958834917,0.0,13354.918453235838,15.42,0.7,0.0,0.0,7.0,1.8968592631667593
2420,16,train_0205,12785.18043806803,10471.757129001446,97.17571290014457,0.0,12882.356150968175,15.34,0.68,0.0,0.0,7.0,1.8968592631667593
2421,16,train_0458,13148.843173754489,10202.794087921575,70.27940879215748,0.0,13219.122582546646,15.92,0.56,0.0,0.0,7.0,1.8968592631667593
2422,16,train_0326,12454.606698417723,9959.346498092786,45.93464980927857,0.0,12500.541348227001,14.96,0.66,0.0,0.0,7.0,1.8968592631667593
2423,16,train_0035,12990.596989843154,10847.927294786303,134.7927294786303,0.0,13125.389719321784,17.14,0.74,0.0,0.0,7.0,1.8968592631667593
2424,16,train_0238,12348.497760860828,10498.837983728434,99.88379837284339,0.0,12448.38155923367,16.86,0.68,0.0,0.0,7.0,1.8968592631667593
2425,16,train_0421,12590.027280476334,10941.096115321214,144.1096115321214,0.0,12734.136892008455,15.32,0.8,0.0,0.0,7.0,1.8968592631667593
2426,16,train_0423,12428.8983637891,10048.970248989921,54.8970248989921,0.0,12483.795388688091,16.64,0.66,0.0,0.0,7.0,1.8968592631667593
2427,16,train_0550,12461.831576794946,9975.197139996728,47.51971399967279,0.0,12509.351290794619,17.78,0.64,0.0,0.0,7.0,1.8968592631667593
2428,16,train_0376,12259.386704878423,10089.100891332435,58.910089133243495,0.0,12318.296794011667,16.9,0.7,0.0,0.0,7.0,1.8968592631667593
2429,16,train_0580,12759.61350020729,10250.214107402593,75.02141074025931,0.0,12834.634910947549,16.24,0.76,0.0,0.0,7.0,1.8968592631667593
2430,16,train_0271,12152.389138394305,10179.231549674805,67.92315496748051,0.0,12220.312293361785,14.56,0.78,0.0,0.0,7.0,1.8968592631667593
2431,16,train_0429,12703.976012485778,10779.110269382523,127.91102693825233,0.0,12831.887039424031,16.42,0.66,0.0,0.0,7.0,1.8968592631667593
2432,16,train_0371,12078.454620082013,10305.147645546313,80.51476455463126,0.0,12158.969384636644,15.76,0.74,0.0,0.0,7.0,1.8968592631667593
2433,16,train_0517,12810.79563544767,10253.385776561823,75.33857765618232,0.0,12886.134213103853,17.5,0.68,0.0,0.0,7.0,1.8968592631667593
2434,16,train_0557,12059.980690525936,10041.291626035832,54.12916260358325,0.0,12114.10985312952,15.66,0.6,0.0,0.0,7.0,1.8968592631667593
2435,16,train_0505,12615.710892688727,10235.56128704113,73.55612870411296,0.0,12689.26702139284,16.78,0.68,0.0,0.0,7.0,1.8968592631667593
2436,16,train_0573,12228.537062429916,9828.886297757595,32.88862977575955,0.0,12261.425692205676,15.66,0.6,0.0,0.0,7.0,1.8968592631667593
2437,16,train_0215,12860.094656511952,10563.371405732447,106.3371405732447,0.0,12966.431797085197,17.48,0.68,0.0,0.0,7.0,1.8968592631667593
2438,16,train_0595,12448.341654507698,9667.790067835758,16.779006783575824,0.0,12465.120661291274,18.22,0.68,0.0,0.0,7.0,1.8968592631667593
2439,16,train_0059,13106.802577555682,10012.098263529322,51.20982635293222,0.0,13158.012403908613,14.38,0.6,0.0,0.0,7.0,1.8968592631667593
2440,16,train_0220,12372.944737058073,10633.68860256163,113.36886025616296,0.0,12486.313597314236,15.78,0.68,0.0,0.0,7.0,1.8968592631667593
2441,16,train_0436,12671.937873511772,10292.771157081654,79.27711570816537,0.0,12751.214989219938,15.84,0.64,0.0,0.0,7.0,1.8968592631667593
2442,16,train_0371,12274.304733538382,10400.85122514783,90.08512251478297,0.0,12364.389856053165,15.88,0.64,0.0,0.0,7.0,1.8968592631667593
2443,16,train_0082,13010.136095155334,10134.479395922142,63.44793959221425,0.0,13073.584034747548,16.18,0.66,0.0,0.0,7.0,1.8968592631667593
2444,16,train_0408,11983.283143310951,10138.684892990306,63.86848929903063,0.0,12047.151632609983,13.8,0.68,0.0,0.0,7.0,1.8968592631667593
2445,16,train_0230,12431.469236062107,10276.911493026073,77.6911493026073,0.0,12509.160385364714,14.76,0.56,0.0,0.0,7.0,1.8968592631667593
2446,16,train_0477,12241.602281947118,10005.116230043528,50.511623004352806,0.0,12292.113904951471,15.26,0.72,0.0,0.0,7.0,1.8968592631667593
2447,16,train_0597,12108.296700834984,10380.989932229377,88.09899322293768,0.0,12196.395694057923,16.44,0.66,0.0,0.0,7.0,1.8968592631667593
2448,16,train_0121,12178.578205524924,10235.692079374126,73.56920793741266,0.0,12252.147413462337,14.94,0.54,0.0,0.0,7.0,1.8968592631667593
2449,16,train_0335,12951.14002072029,10565.831364301675,106.58313643016754,0.0,13057.723157150456,17.12,0.7,0.0,0.0,7.0,1.8968592631667593
2450,16,train_0016,12653.60035256657,10020.747051138133,52.07470511381325,0.0,12705.675057680382,16.24,0.62,0.0,0.0,7.0,1.8968592631667593
2451,16,train_0313,12793.754472032659,10081.701760795628,58.17017607956277,0.0,12851.92464811222,15.62,0.74,0.0,0.0,7.0,1.8968592631667593
2452,16,train_0505,12633.194900388957,10496.942931460462,99.69429314604622,0.0,12732.889193535004,17.18,0.7,0.0,0.0,7.0,1.8968592631667593
2453,16,train_0568,13149.687341861107,10380.099866932826,88.00998669328256,0.0,13237.69732855439,16.52,0.76,0.0,0.0,7.0,1.8968592631667593
2454,16,train_0475,12128.14236225371,9973.388465196345,47.33884651963454,0.0,12175.481208773344,15.68,0.7,0.0,0.0,7.0,1.8968592631667593
2455,16,train_0170,12383.110418703627,9755.937213692605,25.593721369260493,0.0,12408.704140072889,17.72,0.68,0.0,0.0,7.0,1.8968592631667593
2456,16,train_0225,12350.65168752111,10301.812045996394,80.18120459963939,0.0,12430.832892120749,16.66,0.68,0.0,0.0,7.0,1.8968592631667593
2457,16,train_0599,12368.516788330702,9794.200164541642,29.420016454164216,0.0,12397.936804784866,16.7,0.54,0.0,0.0,7.0,1.8968592631667593
2458,16,train_0474,12641.258775162834,10334.203534024296,83.42035340242965,0.0,12724.679128565263,14.5,0.62,0.0,0.0,7.0,1.8968592631667593
2459,16,train_0547,13061.220755783897,10118.2687974685,61.826879746849954,0.0,13123.047635530747,17.44,0.68,0.0,0.0,7.0,1.8968592631667593
2460,16,train_0147,12512.961988457166,10645.569523459864,114.55695234598643,0.0,12627.518940803153,17.56,0.68,0.0,0.0,7.0,1.8968592631667593
2461,16,train_0218,12657.978583372456,10541.87233512045,104.187233512045,0.0,12762.1658168845,15.12,0.6,0.0,0.0,7.0,1.8968592631667593
2462,16,train_0494,12376.628276571573,10177.23494045651,67.72349404565102,0.0,12444.351770617224,16.8,0.64,0.0,0.0,7.0,1.8968592631667593
2463,16,train_0196,12385.76636977293,10055.76932029772,55.576932029772074,0.0,12441.3433018027,14.86,0.74,0.0,0.0,7.0,1.8968592631667593
2464,16,train_0452,12489.411159062638,10053.681276212685,55.36812762126847,0.0,12544.779286683906,15.18,0.7,0.0,0.0,7.0,1.8968592631667593
2465,16,train_0075,12640.762194660845,10109.010342867401,60.901034286740106,0.0,12701.663228947586,17.44,0.58,0.0,0.0,7.0,1.8968592631667593
2466,16,train_0037,13278.515240199798,10328.082198751905,82.80821987519049,0.0,13361.32346007499,17.44,0.64,0.0,0.0,7.0,1.8968592631667593
2467,16,train_0549,12590.577264630294,10461.835610357246,96.18356103572461,0.0,12686.760825666019,17.68,0.6,0.0,0.0,7.0,1.8968592631667593
2468,16,train_0181,11627.430098542052,9751.571290428048,25.15712904280481,0.0,11652.587227584858,17.04,0.62,0.0,0.0,7.0,1.8968592631667593
2469,16,train_0111,12553.316100473628,9958.237158487213,45.823715848721264,0.0,12599.13981632235,13.88,0.72,0.0,0.0,7.0,1.8968592631667593
2470,16,train_0152,12358.02933312661,10338.579660352656,83.8579660352656,0.0,12441.887299161875,15.18,0.7,0.0,0.0,7.0,1.8968592631667593
2471,16,train_0005,12216.621567547822,9954.642197468705,45.464219746870555,0.0,12262.085787294693,16.74,0.68,0.0,0.0,7.0,1.8968592631667593
2472,16,train_0456,12335.73139501609,10549.142606336904,104.91426063369036,0.0,12440.64565564978,15.04,0.68,0.0,0.0,7.0,1.8968592631667593
2473,16,train_0534,12611.378228017726,10281.681060385727,78.16810603857266,0.0,12689.546334056298,15.22,0.6,0.0,0.0,7.0,1.8968592631667593
2474,16,train_0010,12748.329731528056,10440.493667179799,94.04936671797986,0.0,12842.379098246036,16.9,0.76,0.0,0.0,7.0,1.8968592631667593
2475,16,train_0358,12728.11917574794,10113.37147515037,61.33714751503703,0.0,12789.456323262977,16.22,0.78,0.0,0.0,7.0,1.8968592631667593
2476,16,train_0218,12719.71074322294,10446.088425531532,94.60884255315324,0.0,12814.319585776093,16.62,0.64,0.0,0.0,7.0,1.8968592631667593
2477,16,train_0403,12932.999600098863,10242.384414714881,74.23844147148812,0.0,13007.238041570352,13.94,0.54,0.0,0.0,7.0,1.8968592631667593
2478,16,train_0420,12501.09748010843,10123.15366128548,62.31536612854798,0.0,12563.412846236979,15.34,0.62,0.0,0.0,7.0,1.8968592631667593
2479,16,train_0439,12812.107987212667,10079.453582330445,57.9453582330445,0.0,12870.05334544571,14.3,0.72,0.0,0.0,7.0,1.8968592631667593
2480,17,train_0027,12757.584305824645,10408.36360054221,90.83636005422105,0.0,12848.420665878866,14.44,0.8,0.0,0.0,7.0,1.8968592631667593
2481,17,train_0025,12743.76001402851,10214.85033133506,71.48503313350594,0.0,12815.245047162016,15.84,0.6,0.0,0.0,7.0,1.8968592631667593
2482,17,train_0567,13347.046079571162,10920.530761932467,142.05307619324668,0.0,13489.099155764408,15.58,0.68,0.0,0.0,7.0,1.8968592631667593
2483,17,train_0055,12595.575965759665,10376.211069673302,87.62110696733016,0.0,12683.197072726995,15.1,0.7,0.0,0.0,7.0,1.8968592631667593
2484,17,train_0304,13086.675198798124,10572.968937763722,107.29689377637224,0.0,13193.972092574497,16.86,0.7,0.0,0.0,7.0,1.8968592631667593
2485,17,train_0299,12696.981669893545,10133.863965902092,63.38639659020919,0.0,12760.368066483754,15.2,0.48,0.0,0.0,7.0,1.8968592631667593
2486,17,train_0227,12637.164593327987,10517.222294935871,101.72222949358712,0.0,12738.886822821574,18.46,0.68,0.0,0.0,7.0,1.8968592631667593
2487,17,train_0030,12551.313325620515,10159.677060548263,65.96770605482634,0.0,12617.28103167534,15.1,0.58,0.0,0.0,7.0,1.8968592631667593
2488,17,train_0100,12148.452141986294,9650.176923668001,15.017692366800112,0.0,12163.469834353094,15.24,0.82,0.0,0.0,7.0,1.8968592631667593
2489,17,train_0302,12413.713184499,10789.920744844352,128.99207448443522,0.0,12542.705258983435,14.0,0.62,0.0,0.0,7.0,1.8968592631667593
2490,17,train_0065,12409.114967566571,10486.874607539412,98.6874607539412,0.0,12507.802428320512,12.72,0.54,0.0,0.0,7.0,1.8968592631667593
2491,17,train_0441,12447.266352476556,10235.204826823188,73.52048268231884,0.0,12520.786835158875,14.88,0.72,0.0,0.0,7.0,1.8968592631667593
2492,17,train_0516,12570.653682328491,10760.531705332109,126.05317053321087,0.0,12696.706852861702,14.16,0.84,0.0,0.0,7.0,1.8968592631667593
2493,17,train_0394,12507.64702132071,10197.03115280288,69.70311528028797,0.0,12577.350136600999,15.16,0.68,0.0,0.0,7.0,1.8968592631667593
2494,17,train_0497,12565.041715587608,10299.527811983819,79.95278119838186,0.0,12644.99449678599,15.14,0.66,0.0,0.0,7.0,1.8968592631667593
2495,17,train_0369,12705.385519887783,9735.836986075183,23.583698607518272,0.0,12728.969218495302,13.12,0.64,0.0,0.0,7.0,1.8968592631667593
2496,17,train_0415,12448.937212287605,10908.98923925246,140.89892392524598,0.0,12589.83613621285,14.44,0.72,0.0,0.0,7.0,1.8968592631667593
2497,17,train_0027,12478.08096070171,10694.832004231,119.48320042310007,0.0,12597.56416112481,13.94,0.58,0.0,0.0,7.0,1.8968592631667593
2498,17,train_0327,12481.428848224805,10601.699133447602,110.16991334476025,0.0,12591.598761569565,17.22,0.68,0.0,0.0,7.0,1.8968592631667593
2499,17,train_0141,12423.9292844939,10643.797612182036,114.37976121820357,0.0,12538.309045712103,12.94,0.6,0.0,0.0,7.0,1.8968592631667593
2500,17,train_0111,12311.9566224085,10067.415693221137,56.74156932211372,0.0,12368.698191730613,14.8,0.8,0.0,0.0,7.0,1.8968592631667593
2501,17,train_0538,12686.712472777223,10380.8600770767,88.08600770767008,0.0,12774.798480484893,15.74,0.7,0.0,0.0,7.0,1.8968592631667593
2502,17,train_0496,12625.905230083194,10010.515427481343,51.05154274813431,0.0,12676.956772831329,19.04,0.7,0.0,0.0,7.0,1.8968592631667593
2503,17,train_0073,12453.320358144616,10131.832158401212,63.18321584012119,0.0,12516.503573984737,15.86,0.66,0.0,0.0,7.0,1.8968592631667593
2504,17,train_0591,12586.084954089045,10532.591097568067,103.25910975680672,0.0,12689.344063845852,16.66,0.72,0.0,0.0,7.0,1.8968592631667593
2505,17,train_0319,12691.311728573912,10256.019130512726,75.60191305127265,0.0,12766.913641625184,15.06,0.56,0.0,0.0,7.0,1.8968592631667593
2506,17,train_0372,12674.197313599412,10580.05119743059,108.00511974305901,0.0,12782.20243334247,17.1,0.62,0.0,0.0,7.0,1.8968592631667593
2507,17,train_0030,12491.435733309274,9965.299898557936,46.529989855793616,0.0,12537.965723165067,17.1,0.74,0.0,0.0,7.0,1.8968592631667593
2508,17,train_0530,12609.676602962129,10791.407075830219,129.14070758302188,0.0,12738.81731054515,14.76,0.66,0.0,0.0,7.0,1.8968592631667593
2509,17,train_0563,12545.121063194121,10093.453620989338,59.34536209893377,0.0,12604.466425293054,14.58,0.62,0.0,0.0,7.0,1.8968592631667593
2510,17,train_0460,12460.985829943935,10191.057601583238,69.10576015832376,0.0,12530.091590102258,14.48,0.6,0.0,0.0,7.0,1.8968592631667593
2511,17,train_0102,12519.96670265645,10098.474409849761,59.84744098497613,0.0,12579.814143641426,15.28,0.72,0.0,0.0,7.0,1.8968592631667593
2512,17,train_0315,12850.999216503831,10753.304899658888,125.33048996588877,0.0,12976.32970646972,14.88,0.74,0.0,0.0,7.0,1.8968592631667593
2513,17,train_0246,12509.780027316501,9887.582686465721,38.758268646572105,0.0,12548.538295963073,16.96,0.6,0.0,0.0,7.0,1.8968592631667593
2514,17,train_0235,12839.68200487795,10223.973829076058,72.39738290760579,0.0,12912.079387785556,15.24,0.76,0.0,0.0,7.0,1.8968592631667593
2515,17,train_0328,12579.932986272037,10295.800456209354,79.58004562093538,0.0,12659.513031892973,16.26,0.68,0.0,0.0,7.0,1.8968592631667593
2516,17,train_0428,12203.368562029082,10788.7954075805,128.87954075804993,0.0,12332.24810278713,16.24,0.68,0.0,0.0,7.0,1.8968592631667593
2517,17,train_0431,12394.767596746828,10315.222930729025,81.52229307290254,0.0,12476.28988981973,15.62,0.6,0.0,0.0,7.0,1.8968592631667593
2518,17,train_0145,12648.85123893448,9994.402237087388,49.44022370873881,0.0,12698.291462643218,14.4,0.5,0.0,0.0,7.0,1.8968592631667593
2519,17,train_0562,12384.226415171075,10387.11220988999,88.71122098899906,0.0,12472.937636160073,16.52,0.62,0.0,0.0,7.0,1.8968592631667593
2520,17,train_0262,12669.742961411004,10463.236911894039,96.32369118940387,0.0,12766.066652600408,15.5,0.6,0.0,0.0,7.0,1.8968592631667593
2521,17,train_0441,12515.48452882522,10584.571580977437,108.45715809774374,0.0,12623.941686922964,15.48,0.66,0.0,0.0,7.0,1.8968592631667593
2522,17,train_0520,11991.164029171485,10160.216283687772,66.02162836877724,0.0,12057.185657540262,16.04,0.72,0.0,0.0,7.0,1.8968592631667593
2523,17,train_0208,12520.350457030252,10390.552101254287,89.05521012542869,0.0,12609.405667155681,15.16,0.74,0.0,0.0,7.0,1.8968592631667593
2524,17,train_0514,12677.063838835613,10013.803497239616,51.38034972396163,0.0,12728.444188559575,15.82,0.62,0.0,0.0,7.0,1.8968592631667593
2525,17,train_0045,12736.134558971698,9990.86160334105,49.08616033410508,0.0,12785.220719305804,13.5,0.64,0.0,0.0,7.0,1.8968592631667593
2526,17,train_0179,12052.54053653077,10115.703836067205,61.5703836067205,0.0,12114.110920137491,14.54,0.68,0.0,0.0,7.0,1.8968592631667593
2527,17,train_0424,12828.372817283396,10345.292262923327,84.52922629233272,0.0,12912.902043575728,18.2,0.64,0.0,0.0,7.0,1.8968592631667593
2528,17,train_0452,12238.988389928069,10336.332315597509,83.63323155975087,0.0,12322.621621487819,15.96,0.7,0.0,0.0,7.0,1.8968592631667593
2529,17,train_0583,12422.218201493692,10125.554214271544,62.5554214271544,0.0,12484.773622920846,14.64,0.78,0.0,0.0,7.0,1.8968592631667593
2530,17,train_0253,12234.53884968858,9824.90497931732,32.49049793173199,0.0,12267.029347620313,16.66,0.72,0.0,0.0,7.0,1.8968592631667593
2531,17,train_0010,12366.26090325224,10438.141215503505,93.8141215503505,0.0,12460.07502480259,17.18,0.5,0.0,0.0,7.0,1.8968592631667593
2532,17,train_0266,12499.832458899848,10443.497594277318,94.34975942773181,0.0,12594.18221832758,15.48,0.7,0.0,0.0,7.0,1.8968592631667593
2533,17,train_0464,12642.871039388752,10114.217989724832,61.42179897248316,0.0,12704.292838361236,16.94,0.74,0.0,0.0,7.0,1.8968592631667593
2534,17,train_0069,12281.463947218184,10309.932330503156,80.99323305031558,0.0,12362.4571802685,18.42,0.68,0.0,0.0,7.0,1.8968592631667593
2535,17,train_0105,12807.782667852876,10159.182472383767,65.91824723837672,0.0,12873.700915091253,15.18,0.78,0.0,0.0,7.0,1.8968592631667593
2536,17,train_0247,12933.46844214934,10060.574019403595,56.057401940359526,0.0,12989.5258440897,16.1,0.68,0.0,0.0,7.0,1.8968592631667593
2537,17,train_0275,12239.80462674002,10417.547814262727,91.75478142627271,0.0,12331.559408166293,14.32,0.62,0.0,0.0,7.0,1.8968592631667593
2538,17,train_0262,12600.089390604482,10522.709924983705,102.27099249837048,0.0,12702.360383102852,14.98,0.66,0.0,0.0,7.0,1.8968592631667593
2539,17,train_0313,12476.860969204421,10629.67924703626,112.96792470362598,0.0,12589.828893908047,17.3,0.66,0.0,0.0,7.0,1.8968592631667593
2540,17,train_0367,12419.862526254972,10275.818921982234,77.58189219822344,0.0,12497.444418453195,14.48,0.66,0.0,0.0,7.0,1.8968592631667593
2541,17,train_0368,12924.509161684726,10082.33516690513,58.23351669051299,0.0,12982.742678375238,17.0,0.62,0.0,0.0,7.0,1.8968592631667593
2542,17,train_0246,12175.432670312608,10350.275782026389,85.02757820263888,0.0,12260.460248515246,17.0,0.78,0.0,0.0,7.0,1.8968592631667593
2543,17,train_0593,12649.621983402463,10013.297526996157,51.32975269961571,0.0,12700.951736102079,14.96,0.82,0.0,0.0,7.0,1.8968592631667593
2544,17,train_0293,12264.26752473041,10140.695909211208,64.06959092112083,0.0,12328.337115651531,14.82,0.56,0.0,0.0,7.0,1.8968592631667593
2545,17,train_0412,12099.648041624296,10320.716871996821,82.07168719968213,0.0,12181.719728823979,14.54,0.68,0.0,0.0,7.0,1.8968592631667593
2546,17,train_0399,12529.150260822615,10047.588290914286,54.75882909142857,0.0,12583.909089914043,15.46,0.7,0.0,0.0,7.0,1.8968592631667593
2547,17,train_0235,12615.256953979173,10254.034484010712,75.40344840107119,0.0,12690.660402380245,15.0,0.8,0.0,0.0,7.0,1.8968592631667593
2548,17,train_0384,12272.222763509044,9785.262775558916,28.52627755589165,0.0,12300.749041064935,17.5,0.64,0.0,0.0,7.0,1.8968592631667593
2549,17,train_0429,12822.141718604458,10603.926574532436,110.39265745324356,0.0,12932.534376057702,16.8,0.72,0.0,0.0,7.0,1.8968592631667593
2550,17,train_0288,11978.890764554806,10051.624278293777,55.162427829377705,0.0,12034.053192384185,17.2,0.52,0.0,0.0,7.0,1.8968592631667593
2551,17,train_0280,12614.60687232963,10352.122895125092,85.21228951250924,0.0,12699.819161842139,16.94,0.72,0.0,0.0,7.0,1.8968592631667593
2552,17,train_0358,12329.23443628515,10402.832938461961,90.2832938461961,0.0,12419.517730131347,15.6,0.64,0.0,0.0,7.0,1.8968592631667593
2553,17,train_0247,12645.228138315077,10414.88622948158,91.48862294815808,0.0,12736.716761263235,16.34,0.76,0.0,0.0,7.0,1.8968592631667593
2554,17,train_0454,12854.451261483768,10746.140000397787,124.6140000397787,0.0,12979.065261523547,15.26,0.62,0.0,0.0,7.0,1.8968592631667593
2555,17,train_0219,12665.899557669913,10158.236462330033,65.82364623300327,0.0,12731.723203902915,16.94,0.56,0.0,0.0,7.0,1.8968592631667593
2556,17,train_0056,12036.824329362576,9991.765262380772,49.17652623807717,0.0,12086.000855600654,17.28,0.6,0.0,0.0,7.0,1.8968592631667593
2557,17,train_0296,12422.854391934929,10328.215481585064,82.82154815850646,0.0,12505.675940093435,15.68,0.72,0.0,0.0,7.0,1.8968592631667593
2558,17,train_0541,12680.150724646574,10460.296125158111,96.0296125158111,0.0,12776.180337162385,16.98,0.66,0.0,0.0,7.0,1.8968592631667593
2559,17,train_0168,12582.861340001455,10425.161843543912,92.51618435439123,0.0,12675.377524355847,17.82,0.64,0.0,0.0,7.0,1.8968592631667593
2560,17,train_0186,12542.310477747335,10034.699510356879,53.469951035687885,0.0,12595.780428783022,14.78,0.78,0.0,0.0,7.0,1.8968592631667593
2561,17,train_0145,12495.349426718736,10233.472806370293,73.34728063702933,0.0,12568.696707355766,15.06,0.6,0.0,0.0,7.0,1.8968592631667593
2562,17,train_0557,12239.57657054405,9873.324958401921,37.33249584019213,0.0,12276.909066384242,14.98,0.74,0.0,0.0,7.0,1.8968592631667593
2563,17,train_0089,12648.611036207807,10321.230624713971,82.12306247139713,0.0,12730.734098679204,15.28,0.66,0.0,0.0,7.0,1.8968592631667593
2564,17,train_0265,12560.718727032017,10095.652431155719,59.56524311557187,0.0,12620.28397014759,14.9,0.62,0.0,0.0,7.0,1.8968592631667593
2565,17,train_0264,12141.951372391017,10313.481683058031,81.34816830580313,0.0,12223.29954069682,14.54,0.56,0.0,0.0,7.0,1.8968592631667593
2566,17,train_0338,12384.979043466274,10361.877396027467,86.18773960274666,0.0,12471.16678306902,16.32,0.6,0.0,0.0,7.0,1.8968592631667593
2567,17,train_0175,12658.202013330952,9882.81957886618,38.28195788661797,0.0,12696.48397121757,16.7,0.66,0.0,0.0,7.0,1.8968592631667593
2568,17,train_0457,12372.428590529247,10389.053029994773,88.90530299947733,0.0,12461.333893528725,16.78,0.74,0.0,0.0,7.0,1.8968592631667593
2569,17,train_0502,12845.463965012428,10148.79354662105,64.87935466210493,0.0,12910.343319674534,15.7,0.72,0.0,0.0,7.0,1.8968592631667593
2570,17,train_0261,12520.750351273362,10589.4843788797,108.94843788797007,0.0,12629.698789161332,16.24,0.74,0.0,0.0,7.0,1.8968592631667593
2571,17,train_0508,12904.13241858453,10216.051251098796,71.60512510987955,0.0,12975.73754369441,15.52,0.68,0.0,0.0,7.0,1.8968592631667593
2572,17,train_0072,12227.752848530206,10849.850719327089,134.9850719327089,0.0,12362.737920462916,15.5,0.64,0.0,0.0,7.0,1.8968592631667593
2573,17,train_0206,12702.373097316358,10865.202891580699,136.52028915806986,0.0,12838.893386474429,14.74,0.48,0.0,0.0,7.0,1.8968592631667593
2574,17,train_0531,12618.554842018355,10295.859726439136,79.58597264391356,0.0,12698.140814662269,17.98,0.6,0.0,0.0,7.0,1.8968592631667593
2575,17,train_0371,12485.568791412683,10241.479995256708,74.14799952567083,0.0,12559.716790938353,15.44,0.68,0.0,0.0,7.0,1.8968592631667593
2576,17,train_0102,12649.574821118214,9887.681628811382,38.76816288113824,0.0,12688.342983999353,13.04,0.68,0.0,0.0,7.0,1.8968592631667593
2577,17,train_0541,12857.801225126841,10424.88088678543,92.48808867854297,0.0,12950.289313805384,17.06,0.74,0.0,0.0,7.0,1.8968592631667593
2578,17,train_0526,12411.66590202413,10185.433028376585,68.54330283765849,0.0,12480.209204861789,16.7,0.66,0.0,0.0,7.0,1.8968592631667593
2579,17,train_0215,12676.537855396808,10613.543355785896,111.3543355785896,0.0,12787.892190975397,17.24,0.76,0.0,0.0,7.0,1.8968592631667593
2580,17,train_0112,12477.569385100407,10463.277136973966,96.32771369739658,0.0,12573.897098797803,17.28,0.7,0.0,0.0,7.0,1.8968592631667593
2581,17,train_0332,12222.860568969605,9950.355093149972,45.03550931499722,0.0,12267.896078284602,16.12,0.76,0.0,0.0,7.0,1.8968592631667593
2582,17,train_0351,12833.176022426022,10582.058666784407,108.20586667844073,0.0,12941.381889104463,15.86,0.66,0.0,0.0,7.0,1.8968592631667593
2583,17,train_0266,12495.607355256448,10608.838884834411,110.88388848344113,0.0,12606.491243739889,16.56,0.78,0.0,0.0,7.0,1.8968592631667593
2584,17,train_0427,12517.0925066069,10142.3047336779,64.23047336779,0.0,12581.32297997469,15.56,0.76,0.0,0.0,7.0,1.8968592631667593
2585,17,train_0390,12651.349699041026,10521.230823068341,102.12308230683412,0.0,12753.47278134786,17.96,0.7,0.0,0.0,7.0,1.8968592631667593
2586,17,train_0471,12931.580437316325,10103.487225584182,60.348722558418196,0.0,12991.929159874742,16.64,0.72,0.0,0.0,7.0,1.8968592631667593
2587,17,train_0575,13053.744596867688,10284.584440852992,78.4584440852992,0.0,13132.203040952987,16.38,0.6,0.0,0.0,7.0,1.8968592631667593
2588,17,train_0451,12830.125439421117,10270.653633829577,77.06536338295774,0.0,12907.190802804074,16.24,0.66,0.0,0.0,7.0,1.8968592631667593
2589,17,train_0083,12500.074050351928,9987.96041725131,48.796041725131005,0.0,12548.870092077059,16.52,0.64,0.0,0.0,7.0,1.8968592631667593
2590,17,train_0004,12432.15780311609,10269.683366276371,76.96833662763711,0.0,12509.126139743727,17.66,0.66,0.0,0.0,7.0,1.8968592631667593
2591,17,train_0579,12376.950910292599,10586.392988815813,108.63929888158128,0.0,12485.59020917418,16.0,0.76,0.0,0.0,7.0,1.8968592631667593
2592,17,train_0484,12506.819127386512,10109.813859464031,60.98138594640314,0.0,12567.800513332915,14.24,0.68,0.0,0.0,7.0,1.8968592631667593
2593,17,train_0399,12444.081013673032,10214.53200122192,71.453200122192,0.0,12515.534213795225,14.52,0.64,0.0,0.0,7.0,1.8968592631667593
2594,17,train_0151,12937.040097788144,10079.98686299732,57.99868629973207,0.0,12995.038784087876,15.92,0.58,0.0,0.0,7.0,1.8968592631667593
2595,17,train_0477,12093.445849617503,9962.664580305905,46.26645803059055,0.0,12139.712307648093,14.16,0.74,0.0,0.0,7.0,1.8968592631667593
2596,17,train_0065,12511.238932737222,10447.956189221659,94.79561892216589,0.0,12606.034551659388,13.46,0.64,0.0,0.0,7.0,1.8968592631667593
2597,17,train_0381,12233.264782316724,10027.14610670526,52.714610670526056,0.0,12285.97939298725,15.86,0.64,0.0,0.0,7.0,1.8968592631667593
2598,17,train_0225,12529.468161357761,10521.435527367674,102.14355273676739,0.0,12631.611714094528,18.04,0.68,0.0,0.0,7.0,1.8968592631667593
2599,17,train_0522,12803.823647666435,10559.158057773413,105.9158057773413,0.0,12909.739453443777,17.08,0.66,0.0,0.0,7.0,1.8968592631667593
2600,17,train_0409,12882.806917403435,10764.736864987917,126.47368649879172,0.0,13009.280603902227,17.22,0.72,0.0,0.0,7.0,1.8968592631667593
2601,17,train_0195,12657.000441095584,10591.116412546962,109.11164125469622,0.0,12766.11208235028,17.26,0.72,0.0,0.0,7.0,1.8968592631667593
2602,17,train_0474,12556.089766483343,10692.960177823126,119.29601778231263,0.0,12675.385784265656,15.04,0.62,0.0,0.0,7.0,1.8968592631667593
2603,17,train_0424,12610.168328961607,10579.031319968763,107.90313199687625,0.0,12718.071460958483,18.52,0.74,0.0,0.0,7.0,1.8968592631667593
2604,17,train_0151,12854.678761662539,10088.84703722519,58.88470372251905,0.0,12913.563465385057,12.96,0.6,0.0,0.0,7.0,1.8968592631667593
2605,17,train_0158,12668.665740832941,10656.424524161619,115.64245241616192,0.0,12784.308193249102,17.76,0.7,0.0,0.0,7.0,1.8968592631667593
2606,17,train_0231,12310.194773352436,10632.16631351316,113.21663135131604,0.0,12423.411404703751,15.4,0.74,0.0,0.0,7.0,1.8968592631667593
2607,17,train_0305,12332.166537035831,10355.37793707644,85.53779370764406,0.0,12417.704330743476,15.6,0.66,0.0,0.0,7.0,1.8968592631667593
2608,17,train_0166,12386.15136154703,9831.509255036579,33.150925503657895,0.0,12419.302287050688,13.84,0.56,0.0,0.0,7.0,1.8968592631667593
2609,17,train_0408,12260.292505739124,10155.782776879556,65.5782776879556,0.0,12325.870783427079,15.12,0.62,0.0,0.0,7.0,1.8968592631667593
2610,17,train_0314,12702.105222509555,9893.69712740611,39.36971274061107,0.0,12741.474935250166,16.74,0.62,0.0,0.0,7.0,1.8968592631667593
2611,17,train_0120,12473.399304995328,9868.228245481167,36.822824548116664,0.0,12510.222129543445,15.58,0.7,0.0,0.0,7.0,1.8968592631667593
2612,17,train_0421,12970.804650164479,10571.029985886005,107.10299858860054,0.0,13077.907648753078,14.22,0.62,0.0,0.0,7.0,1.8968592631667593
2613,17,train_0036,12187.708866344528,10440.329486933266,94.03294869332659,0.0,12281.741815037854,17.58,0.76,0.0,0.0,7.0,1.8968592631667593
2614,17,train_0557,12260.666893232154,9965.369397518905,46.536939751890536,0.0,12307.203832984043,14.92,0.62,0.0,0.0,7.0,1.8968592631667593
2615,17,train_0474,12702.782683001185,10321.491835633458,82.14918356334584,0.0,12784.931866564531,15.46,0.68,0.0,0.0,7.0,1.8968592631667593
2616,17,train_0054,12624.032932599685,10295.16941303357,79.5169413033571,0.0,12703.54987390304,15.54,0.72,0.0,0.0,7.0,1.8968592631667593
2617,17,train_0485,12271.276085812668,10140.386018699623,64.03860186996226,0.0,12335.31468768263,16.18,0.6,0.0,0.0,7.0,1.8968592631667593
2618,17,train_0199,12804.51369385827,10140.068144532042,64.00681445320424,0.0,12868.520508311474,16.94,0.68,0.0,0.0,7.0,1.8968592631667593
2619,17,train_0399,12386.132229397335,10183.167501879037,68.31675018790375,0.0,12454.448979585239,15.54,0.68,0.0,0.0,7.0,1.8968592631667593
2620,17,train_0141,12878.932295611743,10538.455667252363,103.84556672523632,0.0,12982.77786233698,14.9,0.72,0.0,0.0,7.0,1.8968592631667593
2621,17,train_0192,12787.558536183198,10390.524648299459,89.0524648299459,0.0,12876.611001013143,17.02,0.66,0.0,0.0,7.0,1.8968592631667593
2622,17,train_0008,12166.325539259786,10435.4644041139,93.54644041139,0.0,12259.871979671176,13.5,0.66,0.0,0.0,7.0,1.8968592631667593
2623,17,train_0394,12389.694847529172,10710.224511911729,121.02245119117288,0.0,12510.717298720345,15.32,0.6,0.0,0.0,7.0,1.8968592631667593
2624,18,train_0353,12136.051677105543,10125.2718185917,62.527181859170014,0.0,12198.578858964713,16.3,0.58,0.0,0.0,7.0,1.8968592631667593
2625,18,train_0050,12441.667692056752,10068.0744054391,56.80744054390998,0.0,12498.47513260066,15.34,0.74,0.0,0.0,7.0,1.8968592631667593
2626,18,train_0165,12356.680078256893,10024.081930338096,52.40819303380959,0.0,12409.088271290702,16.94,0.72,0.0,0.0,7.0,1.8968592631667593
2627,18,train_0397,12239.031218323928,10358.758818528935,85.87588185289351,0.0,12324.90710017682,14.54,0.62,0.0,0.0,7.0,1.8968592631667593
2628,18,train_0478,12516.951727973032,10464.202478791558,96.4202478791558,0.0,12613.371975852187,15.94,0.66,0.0,0.0,7.0,1.8968592631667593
2629,18,train_0345,12204.483049093542,10520.690458678755,102.0690458678755,0.0,12306.552094961418,16.1,0.64,0.0,0.0,7.0,1.8968592631667593
2630,18,train_0098,12431.017318609429,10173.324406429558,67.33244064295577,0.0,12498.349759252385,14.94,0.72,0.0,0.0,7.0,1.8968592631667593
2631,18,train_0370,12731.007697829471,10426.791252709198,92.67912527091977,0.0,12823.68682310039,14.72,0.68,0.0,0.0,7.0,1.8968592631667593
2632,18,train_0134,12767.915484110114,10460.263809652653,96.02638096526535,0.0,12863.94186507538,13.48,0.7,0.0,0.0,7.0,1.8968592631667593
2633,18,train_0268,12280.641182542015,10413.181161993585,91.31811619935853,0.0,12371.959298741373,15.82,0.64,0.0,0.0,7.0,1.8968592631667593
2634,18,train_0287,12585.339263635415,10407.980506291504,90.7980506291504,0.0,12676.137314264564,16.94,0.68,0.0,0.0,7.0,1.8968592631667593
2635,18,train_0135,12817.370570564543,10116.139854259149,61.613985425914876,0.0,12878.984555990457,17.22,0.8,0.0,0.0,7.0,1.8968592631667593
2636,18,train_0488,12413.840052700121,10518.314162569408,101.8314162569408,0.0,12515.671468957062,15.44,0.74,0.0,0.0,7.0,1.8968592631667593
2637,18,train_0435,12201.465320041021,9968.263207720285,46.826320772028524,0.0,12248.29164081305,15.1,0.74,0.0,0.0,7.0,1.8968592631667593
2638,18,train_0065,12659.565413340259,10283.340855361526,78.33408553615264,0.0,12737.899498876412,14.76,0.48,0.0,0.0,7.0,1.8968592631667593
2639,18,train_0278,12319.314690088524,10347.072166429518,84.70721664295179,0.0,12404.021906731476,16.6,0.72,0.0,0.0,7.0,1.8968592631667593
2640,18,train_0068,12367.809011256217,10558.177535408855,105.8177535408855,0.0,12473.626764797102,15.74,0.72,0.0,0.0,7.0,1.8968592631667593
2641,18,train_0447,12323.600723646996,10573.42758169771,107.34275816977097,0.0,12430.943481816767,16.06,0.48,0.0,0.0,7.0,1.8968592631667593
2642,18,train_0231,12380.966072876196,10130.308316169689,63.03083161696887,0.0,12443.996904493164,15.46,0.68,0.0,0.0,7.0,1.8968592631667593
2643,18,train_0218,13233.056805172102,9868.428903452157,36.842890345215714,0.0,13269.899695517317,16.54,0.76,0.0,0.0,7.0,1.8968592631667593
2644,18,train_0147,12994.323682984645,10219.55809913644,71.95580991364405,0.0,13066.27949289829,16.64,0.74,0.0,0.0,7.0,1.8968592631667593
2645,18,train_0052,13137.594915878857,10241.236100922331,74.12361009223314,0.0,13211.71852597109,14.58,0.54,0.0,0.0,7.0,1.8968592631667593
2646,18,train_0080,12864.502524554035,10401.468619366555,90.14686193665548,0.0,12954.64938649069,15.96,0.62,0.0,0.0,7.0,1.8968592631667593
2647,18,train_0325,12591.491699903534,10173.852462286195,67.38524622861951,0.0,12658.876946132154,15.18,0.7,0.0,0.0,7.0,1.8968592631667593
2648,18,train_0435,12000.177440751859,10362.94127827707,86.29412782770706,0.0,12086.471568579565,15.9,0.62,0.0,0.0,7.0,1.8968592631667593
2649,18,train_0373,12709.649337436602,10217.78351134076,71.778351134076,0.0,12781.427688570679,15.16,0.6,0.0,0.0,7.0,1.8968592631667593
2650,18,train_0135,12783.99183155665,10160.419471417019,66.0419471417019,0.0,12850.033778698353,15.34,0.62,0.0,0.0,7.0,1.8968592631667593
2651,18,train_0553,11646.588819959266,9972.116608126318,47.21166081263182,0.0,11693.800480771899,15.64,0.64,0.0,0.0,7.0,1.8968592631667593
2652,18,train_0390,12721.260861959825,10292.579141145685,79.25791411456849,0.0,12800.518776074394,18.06,0.66,0.0,0.0,7.0,1.8968592631667593
2653,18,train_0532,12289.815545282294,10228.364433789111,72.8364433789111,0.0,12362.651988661204,15.82,0.64,0.0,0.0,7.0,1.8968592631667593
2654,18,train_0002,12400.70842465566,10213.312697871052,71.33126978710516,0.0,12472.039694442767,13.66,0.46,0.0,0.0,7.0,1.8968592631667593
2655,18,train_0034,12532.712812786333,10284.614601396894,78.46146013968938,0.0,12611.174272926022,16.38,0.62,0.0,0.0,7.0,1.8968592631667593
2656,18,train_0035,13006.03679444137,10910.473895593004,141.04738955930043,0.0,13147.08418400067,17.8,0.66,0.0,0.0,7.0,1.8968592631667593
2657,18,train_0463,12182.579123348227,9897.530950241795,39.753095024179494,0.0,12222.332218372407,16.72,0.7,0.0,0.0,7.0,1.8968592631667593
2658,18,train_0220,12586.051390231723,10227.575072175361,72.75750721753612,0.0,12658.80889744926,17.22,0.72,0.0,0.0,7.0,1.8968592631667593
2659,18,train_0156,12415.960641200352,10349.275876263484,84.9275876263484,0.0,12500.888228826701,17.16,0.76,0.0,0.0,7.0,1.8968592631667593
2660,18,train_0357,12343.374994139196,9981.662776024594,48.16627760245938,0.0,12391.541271741655,14.44,0.7,0.0,0.0,7.0,1.8968592631667593
2661,18,train_0418,12862.146858002623,10306.342255761338,80.63422557613376,0.0,12942.781083578757,16.68,0.68,0.0,0.0,7.0,1.8968592631667593
2662,18,train_0268,12676.582390288804,10373.03608010189,87.30360801018907,0.0,12763.885998298992,16.46,0.64,0.0,0.0,7.0,1.8968592631667593
2663,18,train_0227,12881.415306483914,10461.786191826373,96.17861918263735,0.0,12977.593925666552,16.18,0.68,0.0,0.0,7.0,1.8968592631667593
2664,18,train_0232,12391.600149766877,10397.449707167709,89.74497071677088,0.0,12481.345120483647,14.52,0.6,0.0,0.0,7.0,1.8968592631667593
2665,18,train_0193,12602.294227132654,10430.675421803917,93.06754218039168,0.0,12695.361769313045,14.4,0.6,0.0,0.0,7.0,1.8968592631667593
2666,18,train_0227,12876.95369914332,10519.374486982131,101.93744869821313,0.0,12978.891147841532,16.54,0.72,0.0,0.0,7.0,1.8968592631667593
2667,18,train_0292,12528.889510862056,10148.072623288193,64.80726232881935,0.0,12593.696773190875,16.92,0.74,0.0,0.0,7.0,1.8968592631667593
2668,18,train_0195,12740.58696911686,10337.130005447416,83.71300054474159,0.0,12824.2999696616,17.7,0.5,0.0,0.0,7.0,1.8968592631667593
2669,18,train_0318,12416.205524883604,10133.853001734946,63.385300173494585,0.0,12479.5908250571,17.36,0.62,0.0,0.0,7.0,1.8968592631667593
2670,18,train_0388,12685.018997464806,10369.416168173542,86.94161681735423,0.0,12771.96061428216,13.62,0.62,0.0,0.0,7.0,1.8968592631667593
2671,18,train_0416,12264.95059089435,10286.319696701596,78.63196967015956,0.0,12343.58256056451,17.04,0.7,0.0,0.0,7.0,1.8968592631667593
2672,18,train_0005,12172.442833219942,10022.327527695667,52.23275276956665,0.0,12224.67558598951,16.96,0.72,0.0,0.0,7.0,1.8968592631667593
2673,18,train_0382,12633.834821312055,10491.353815754352,99.13538157543518,0.0,12732.97020288749,13.98,0.52,0.0,0.0,7.0,1.8968592631667593
2674,18,train_0190,13281.612302140331,10328.77168580138,82.87716858013792,0.0,13364.48947072047,16.9,0.7,0.0,0.0,7.0,1.8968592631667593
2675,18,train_0406,12802.401909740362,9978.839522771355,47.88395227713554,0.0,12850.285862017497,18.8,0.66,0.0,0.0,7.0,1.8968592631667593
2676,18,train_0576,12288.158260375043,10159.970346554768,65.99703465547682,0.0,12354.15529503052,14.92,0.7,0.0,0.0,7.0,1.8968592631667593
2677,18,train_0230,12777.020486569334,10404.696881925098,90.46968819250979,0.0,12867.490174761844,16.08,0.8,0.0,0.0,7.0,1.8968592631667593
2678,18,train_0067,12166.136409085986,10067.33674343109,56.733674343108945,0.0,12222.870083429096,17.18,0.66,0.0,0.0,7.0,1.8968592631667593
2679,18,train_0406,12637.350518668034,10394.359789550228,89.4359789550228,0.0,12726.786497623058,18.26,0.66,0.0,0.0,7.0,1.8968592631667593
2680,18,train_0198,11844.971209677267,9872.78952166336,37.27895216633606,0.0,11882.250161843604,16.42,0.64,0.0,0.0,7.0,1.8968592631667593
2681,18,train_0207,12218.258049716856,9882.582032386763,38.25820323867629,0.0,12256.516252955533,15.68,0.64,0.0,0.0,7.0,1.8968592631667593
2682,18,train_0369,12507.747317760039,10197.318420976691,69.73184209766914,0.0,12577.479159857709,14.46,0.62,0.0,0.0,7.0,1.8968592631667593
2683,18,train_0364,12628.973426499491,10163.001290124448,66.30012901244481,0.0,12695.273555511936,19.42,0.56,0.0,0.0,7.0,1.8968592631667593
2684,18,train_0015,12224.69533851217,10256.534466001674,75.65344660016744,0.0,12300.348785112337,16.7,0.62,0.0,0.0,7.0,1.8968592631667593
2685,18,train_0275,12362.24782742345,10249.049239934458,74.90492399344585,0.0,12437.152751416897,15.58,0.66,0.0,0.0,7.0,1.8968592631667593
2686,18,train_0227,12649.500262110338,10668.856224424955,116.88562244249552,0.0,12766.385884552834,17.06,0.7,0.0,0.0,7.0,1.8968592631667593
2687,18,train_0337,12278.833347590917,9962.172624240804,46.2172624240804,0.0,12325.050610014998,16.68,0.64,0.0,0.0,7.0,1.8968592631667593
2688,18,train_0376,12296.300833745616,10174.30352659497,67.43035265949693,0.0,12363.731186405113,17.22,0.5,0.0,0.0,7.0,1.8968592631667593
2689,18,train_0010,12556.2606830205,10490.438661986465,99.04386619864654,0.0,12655.304549219147,17.12,0.58,0.0,0.0,7.0,1.8968592631667593
2690,18,train_0037,12621.413770568499,10770.061621906185,127.0061621906185,0.0,12748.419932759118,16.38,0.7,0.0,0.0,7.0,1.8968592631667593
2691,18,train_0299,12684.798664812723,10190.280886406028,69.0280886406028,0.0,12753.826753453326,15.22,0.7,0.0,0.0,7.0,1.8968592631667593
2692,18,train_0504,12578.770762531301,10301.899567494216,80.18995674942163,0.0,12658.960719280723,15.68,0.66,0.0,0.0,7.0,1.8968592631667593
2693,18,train_0131,12952.47719875777,10526.283026767205,102.62830267672052,0.0,13055.10550143449,15.74,0.72,0.0,0.0,7.0,1.8968592631667593
2694,18,train_0069,12474.407333344538,10310.348637548319,81.0348637548319,0.0,12555.44219709937,18.08,0.62,0.0,0.0,7.0,1.8968592631667593
2695,18,train_0231,12402.475324631809,10534.113248430922,103.41132484309219,0.0,12505.886649474902,15.66,0.56,0.0,0.0,7.0,1.8968592631667593
2696,18,train_0160,12561.13844950293,10287.953836809524,78.79538368095237,0.0,12639.933833183883,16.66,0.62,0.0,0.0,7.0,1.8968592631667593
2697,18,train_0044,12606.449570434044,10367.600767057493,86.76007670574927,0.0,12693.209647139793,15.82,0.64,0.0,0.0,7.0,1.8968592631667593
2698,18,train_0556,12465.9764975258,10301.678532504327,80.16785325043276,0.0,12546.144350776232,13.6,0.66,0.0,0.0,7.0,1.8968592631667593
2699,18,train_0394,12389.214484124412,10619.035758311315,111.90357583113146,0.0,12501.118059955543,14.4,0.56,0.0,0.0,7.0,1.8968592631667593
2700,18,train_0475,12345.959500552024,10051.750804644593,55.175080464459285,0.0,12401.134581016484,14.94,0.68,0.0,0.0,7.0,1.8968592631667593
2701,18,train_0536,12357.497623574043,10512.477978817637,101.24779788176366,0.0,12458.745421455807,14.94,0.72,0.0,0.0,7.0,1.8968592631667593
2702,18,train_0380,12163.969743791187,10175.214572985324,67.52145729853237,0.0,12231.49120108972,17.5,0.68,0.0,0.0,7.0,1.8968592631667593
2703,18,train_0212,12196.988853951258,10435.998673857604,93.59986738576045,0.0,12290.588721337019,16.4,0.56,0.0,0.0,7.0,1.8968592631667593
2704,18,train_0000,12253.341934755415,10144.01936449565,64.40193644956507,0.0,12317.74387120498,14.48,0.56,0.0,0.0,7.0,1.8968592631667593
2705,18,train_0063,12460.860492781145,10405.94853341152,90.59485334115197,0.0,12551.455346122297,16.0,0.62,0.0,0.0,7.0,1.8968592631667593
2706,18,train_0188,12290.296348927386,10533.7825851768,103.37825851767994,0.0,12393.674607445066,15.24,0.78,0.0,0.0,7.0,1.8968592631667593
2707,18,train_0372,12503.08207886562,10590.33366740722,109.03336674072199,0.0,12612.115445606341,16.88,0.68,0.0,0.0,7.0,1.8968592631667593
2708,18,train_0395,12154.236973673309,10276.665233986474,77.66652339864741,0.0,12231.903497071957,13.82,0.62,0.0,0.0,7.0,1.8968592631667593
2709,18,train_0076,12669.701852692076,9874.522707832879,37.452270783287894,0.0,12707.154123475364,15.98,0.64,0.0,0.0,7.0,1.8968592631667593
2710,18,train_0156,12279.303594370136,10411.297878941195,91.12978789411954,0.0,12370.433382264255,14.92,0.66,0.0,0.0,7.0,1.8968592631667593
2711,18,train_0534,12343.83608622944,10012.201670786242,51.22016707862422,0.0,12395.056253308063,15.38,0.56,0.0,0.0,7.0,1.8968592631667593
2712,18,train_0175,12323.311050839438,10147.355912216331,64.73559122163316,0.0,12388.046642061072,16.32,0.6,0.0,0.0,7.0,1.8968592631667593
2713,18,train_0073,12025.63633275919,10324.224522263088,82.42245222630882,0.0,12108.058784985498,15.78,0.62,0.0,0.0,7.0,1.8968592631667593
2714,18,train_0147,12895.923735250824,10387.251322917047,88.72513229170472,0.0,12984.64886754253,17.22,0.68,0.0,0.0,7.0,1.8968592631667593
2715,18,train_0217,12589.253470694266,10498.746951756566,99.8746951756566,0.0,12689.128165869923,16.4,0.76,0.0,0.0,7.0,1.8968592631667593
2716,18,train_0297,12271.72403382889,10050.210937019103,55.02109370191029,0.0,12326.745127530801,13.94,0.68,0.0,0.0,7.0,1.8968592631667593
2717,18,train_0296,12820.383917576177,10047.372674447302,54.73726744473024,0.0,12875.121185020907,15.38,0.66,0.0,0.0,7.0,1.8968592631667593
2718,18,train_0063,12632.14053096042,10195.07865450966,69.50786545096598,0.0,12701.648396411385,16.52,0.54,0.0,0.0,7.0,1.8968592631667593
2719,18,train_0070,12030.804735237172,9962.167065947124,46.21670659471238,0.0,12077.021441831885,13.72,0.58,0.0,0.0,7.0,1.8968592631667593
2720,18,train_0123,12342.78239433727,10204.570493014595,70.45704930145949,0.0,12413.23944363873,14.14,0.78,0.0,0.0,7.0,1.8968592631667593
2721,18,train_0191,12791.199476365615,10368.42062839678,86.84206283967796,0.0,12878.041539205293,15.58,0.74,0.0,0.0,7.0,1.8968592631667593
2722,18,train_0579,12512.322026751866,10042.3544593416,54.23544593416009,0.0,12566.557472686027,14.98,0.84,0.0,0.0,7.0,1.8968592631667593
2723,18,train_0165,12078.760455509442,10140.396329428586,64.03963294285859,0.0,12142.8000884523,17.16,0.62,0.0,0.0,7.0,1.8968592631667593
2724,18,train_0212,12524.430013939378,9992.682168728059,49.2682168728059,0.0,12573.698230812184,16.34,0.74,0.0,0.0,7.0,1.8968592631667593
2725,18,train_0427,12406.150096639896,10429.824615132808,92.98246151328077,0.0,12499.132558153176,15.06,0.66,0.0,0.0,7.0,1.8968592631667593
2726,18,train_0203,12529.704313137885,10416.19017857104,91.61901785710398,0.0,12621.323330994988,14.52,0.58,0.0,0.0,7.0,1.8968592631667593
2727,18,train_0591,12293.16986168559,10571.224080569204,107.12240805692036,0.0,12400.292269742511,18.46,0.76,0.0,0.0,7.0,1.8968592631667593
2728,18,train_0292,12221.662049139175,10487.389034251235,98.73890342512351,0.0,12320.400952564298,18.5,0.62,0.0,0.0,7.0,1.8968592631667593
2729,18,train_0217,12334.415029692493,10654.722900334547,115.47229003345474,0.0,12449.887319725947,18.38,0.66,0.0,0.0,7.0,1.8968592631667593
2730,18,train_0462,12600.88365107105,10418.259511863791,91.8259511863791,0.0,12692.70960225743,15.56,0.74,0.0,0.0,7.0,1.8968592631667593
2731,18,train_0474,12540.415733917882,10409.518012647512,90.95180126475117,0.0,12631.367535182633,15.66,0.7,0.0,0.0,7.0,1.8968592631667593
2732,18,train_0397,12110.79476905296,10196.648017328858,69.66480173288583,0.0,12180.459570785846,15.2,0.58,0.0,0.0,7.0,1.8968592631667593
2733,18,train_0084,12126.94359469325,10111.10856007296,61.11085600729603,0.0,12188.054450700545,16.66,0.64,0.0,0.0,7.0,1.8968592631667593
2734,18,train_0176,12376.655515447184,11019.677534972656,151.9677534972656,0.0,12528.62326894445,14.5,0.6,0.0,0.0,7.0,1.8968592631667593
2735,18,train_0347,12309.350418662278,10414.92578441987,91.49257844198692,0.0,12400.842997104264,16.64,0.66,0.0,0.0,7.0,1.8968592631667593
2736,18,train_0221,12365.961572006321,10329.587159213215,82.95871592132153,0.0,12448.920287927642,14.98,0.64,0.0,0.0,7.0,1.8968592631667593
2737,18,train_0259,12652.546149876573,10344.149081442927,84.41490814429272,0.0,12736.961058020865,13.48,0.64,0.0,0.0,7.0,1.8968592631667593
2738,18,train_0170,11951.21855009285,10212.433863052021,71.24338630520215,0.0,12022.461936398053,17.62,0.74,0.0,0.0,7.0,1.8968592631667593
2739,18,train_0172,12383.257572934785,10250.74332791938,75.07433279193792,0.0,12458.331905726722,16.48,0.64,0.0,0.0,7.0,1.8968592631667593
2740,18,train_0289,12950.040947515572,10682.771373354095,118.2771373354095,0.0,13068.318084850982,16.98,0.64,0.0,0.0,7.0,1.8968592631667593
2741,18,train_0493,12517.46028260514,9804.642363474626,30.464236347462613,0.0,12547.924518952603,15.2,0.66,0.0,0.0,7.0,1.8968592631667593
2742,18,train_0219,12651.621894466165,10345.715690926172,84.57156909261721,0.0,12736.193463558782,16.84,0.76,0.0,0.0,7.0,1.8968592631667593
2743,18,train_0447,12455.118015010428,10325.69855083963,82.56985508396302,0.0,12537.68787009439,15.32,0.72,0.0,0.0,7.0,1.8968592631667593
2744,18,train_0588,12468.96967920585,9956.918245014247,45.69182450142471,0.0,12514.661503707273,16.78,0.58,0.0,0.0,7.0,1.8968592631667593
2745,18,train_0080,13202.82029293062,9876.118183782815,37.611818378281534,0.0,13240.432111308903,15.44,0.68,0.0,0.0,7.0,1.8968592631667593
2746,18,train_0555,12373.593622145969,9982.88948973444,48.288948973443986,0.0,12421.882571119413,17.12,0.58,0.0,0.0,7.0,1.8968592631667593
2747,18,train_0175,12384.116897974676,10108.439261249268,60.84392612492684,0.0,12444.960824099602,16.4,0.64,0.0,0.0,7.0,1.8968592631667593
2748,18,train_0058,11887.495982949904,10129.884444855485,62.98844448554846,0.0,11950.484427435453,15.66,0.62,0.0,0.0,7.0,1.8968592631667593
2749,18,train_0491,12454.65805590151,10189.041947902231,68.90419479022312,0.0,12523.562250691732,14.08,0.68,0.0,0.0,7.0,1.8968592631667593
2750,18,train_0004,12739.056237843304,10472.026565428527,97.20265654285268,0.0,12836.258894386157,17.78,0.62,0.0,0.0,7.0,1.8968592631667593
2751,18,train_0595,12083.517772092491,10196.739053218484,69.67390532184837,0.0,12153.19167741434,17.34,0.62,0.0,0.0,7.0,1.8968592631667593
2752,18,train_0124,12692.707329594214,10600.116736689697,110.0116736689697,0.0,12802.719003263184,16.76,0.64,0.0,0.0,7.0,1.8968592631667593
2753,18,train_0366,12594.79815709593,10211.602963779875,71.16029637798748,0.0,12665.958453473917,15.86,0.76,0.0,0.0,7.0,1.8968592631667593
2754,18,train_0149,12894.571686261801,10224.334398271909,72.4334398271909,0.0,12967.005126088992,15.98,0.64,0.0,0.0,7.0,1.8968592631667593
2755,18,train_0523,12258.244194206345,10120.096680522718,62.00966805227181,0.0,12320.253862258616,16.02,0.66,0.0,0.0,7.0,1.8968592631667593
2756,18,train_0423,12437.645934243892,10076.272477731902,57.62724777319018,0.0,12495.273182017083,19.24,0.64,0.0,0.0,7.0,1.8968592631667593
2757,18,train_0590,12377.11449240606,10287.36756975588,78.73675697558792,0.0,12455.851249381649,16.22,0.68,0.0,0.0,7.0,1.8968592631667593
2758,18,train_0473,12450.776385852509,10050.535884381945,55.053588438194495,0.0,12505.829974290704,16.88,0.62,0.0,0.0,7.0,1.8968592631667593
2759,18,train_0444,12507.58325991497,10204.840448835756,70.48404488357555,0.0,12578.067304798546,17.32,0.56,0.0,0.0,7.0,1.8968592631667593
2760,18,train_0566,12001.436292770282,9961.074610791335,46.107461079133465,0.0,12047.543753849415,14.96,0.62,0.0,0.0,7.0,1.8968592631667593
2761,18,train_0386,12788.738756623923,10040.773417881086,54.07734178810861,0.0,12842.816098412031,14.04,0.76,0.0,0.0,7.0,1.8968592631667593
2762,18,train_0127,12491.039927474536,10169.76820157962,66.976820157962,0.0,12558.016747632499,13.9,0.66,0.0,0.0,7.0,1.8968592631667593
2763,18,train_0132,12229.357092807753,10222.146141961992,72.21461419619918,0.0,12301.571707003952,18.02,0.76,0.0,0.0,7.0,1.8968592631667593
2764,18,train_0393,12690.953002569058,10235.642288379968,73.56422883799678,0.0,12764.517231407055,13.28,0.66,0.0,0.0,7.0,1.8968592631667593
2765,18,train_0222,12400.01179297621,10277.683375257298,77.76833752572985,0.0,12477.780130501938,18.68,0.6,0.0,0.0,7.0,1.8968592631667593
2766,18,train_0454,12689.612061156273,10535.758914050082,103.57589140500824,0.0,12793.18795256128,14.5,0.64,0.0,0.0,7.0,1.8968592631667593
2767,18,train_0374,12728.365019309285,10163.554745107907,66.35547451079074,0.0,12794.720493820076,15.32,0.54,0.0,0.0,7.0,1.8968592631667593
2768,19,train_0023,12250.423513034832,10057.536253759641,55.75362537596411,0.0,12306.177138410796,15.18,0.7,0.0,0.0,7.0,1.8968592631667593
2769,19,train_0555,12338.035460105308,10028.905714725253,52.89057147252534,0.0,12390.926031577834,15.5,0.72,0.0,0.0,7.0,1.8968592631667593
2770,19,train_0583,12631.481004815396,10170.532656486252,67.05326564862517,0.0,12698.53427046402,16.18,0.78,0.0,0.0,7.0,1.8968592631667593
2771,19,train_0181,11578.625527887682,9733.991356332164,23.39913563321643,0.0,11602.024663520899,16.36,0.7,0.0,0.0,7.0,1.8968592631667593
2772,19,train_0170,12142.633110117447,9903.502806267035,40.35028062670354,0.0,12182.983390744152,17.44,0.64,0.0,0.0,7.0,1.8968592631667593
2773,19,train_0237,12065.907328203695,10224.299174726151,72.42991747261513,0.0,12138.33724567631,15.7,0.68,0.0,0.0,7.0,1.8968592631667593
2774,19,train_0486,12701.86295956375,10481.297919338935,98.12979193389347,0.0,12799.992751497644,13.64,0.68,0.0,0.0,7.0,1.8968592631667593
2775,19,train_0013,12273.109175906426,10114.780891756393,61.478089175639255,0.0,12334.587265082066,15.48,0.7,0.0,0.0,7.0,1.8968592631667593
2776,19,train_0107,12783.472566441158,10140.425905030326,64.04259050303263,0.0,12847.515156944191,15.66,0.7,0.0,0.0,7.0,1.8968592631667593
2777,19,train_0418,12416.14498252876,10495.333785241204,99.53337852412042,0.0,12515.67836105288,18.22,0.68,0.0,0.0,7.0,1.8968592631667593
2778,19,train_0250,12391.44534849838,10465.670320154368,96.56703201543678,0.0,12488.012380513817,15.04,0.74,0.0,0.0,7.0,1.8968592631667593
2779,19,train_0266,12680.592968036282,10397.232906732012,89.72329067320116,0.0,12770.316258709483,16.4,0.68,0.0,0.0,7.0,1.8968592631667593
2780,19,train_0562,12361.90498802559,10392.065319567952,89.20653195679516,0.0,12451.111519982385,14.22,0.6,0.0,0.0,7.0,1.8968592631667593
2781,19,train_0478,12741.265797520382,10455.325006594961,95.53250065949615,0.0,12836.798298179878,15.62,0.72,0.0,0.0,7.0,1.8968592631667593
2782,19,train_0066,12630.901228637847,10196.033761786372,69.60337617863716,0.0,12700.504604816484,16.02,0.62,0.0,0.0,7.0,1.8968592631667593
2783,19,train_0140,12316.19643395905,10320.988725984866,82.09887259848657,0.0,12398.295306557537,16.62,0.62,0.0,0.0,7.0,1.8968592631667593
2784,19,train_0156,12268.077215708705,10326.75935099389,82.67593509938906,0.0,12350.753150808094,16.58,0.72,0.0,0.0,7.0,1.8968592631667593
2785,19,train_0395,12385.678677014603,10163.39609345279,66.33960934527896,0.0,12452.018286359882,15.9,0.6,0.0,0.0,7.0,1.8968592631667593
2786,19,train_0257,12520.233792868057,10399.516136000142,89.95161360001421,0.0,12610.185406468072,16.02,0.66,0.0,0.0,7.0,1.8968592631667593
2787,19,train_0403,12722.008747834188,10756.43783359655,125.64378335965503,0.0,12847.652531193844,13.9,0.72,0.0,0.0,7.0,1.8968592631667593
2788,19,train_0134,12665.131099038821,10500.65227785063,100.06522778506297,0.0,12765.196326823883,13.96,0.72,0.0,0.0,7.0,1.8968592631667593
2789,19,train_0278,12147.385402521442,10505.409535301393,100.54095353013928,0.0,12247.926356051581,16.86,0.76,0.0,0.0,7.0,1.8968592631667593
2790,19,train_0219,12984.796071076664,10015.25785551622,51.52578555162199,0.0,13036.321856628285,16.44,0.7,0.0,0.0,7.0,1.8968592631667593
2791,19,train_0113,12287.415765553542,10210.65322282332,71.06532228233209,0.0,12358.481087835873,16.62,0.66,0.0,0.0,7.0,1.8968592631667593
2792,19,train_0122,12379.40633776303,10230.7800385447,73.07800385447008,0.0,12452.4843416175,15.82,0.7,0.0,0.0,7.0,1.8968592631667593
2793,19,train_0241,12241.672584422502,10305.737245441349,80.5737245441349,0.0,12322.246308966636,14.58,0.68,0.0,0.0,7.0,1.8968592631667593
2794,19,train_0406,12635.803637157394,10428.007247469348,92.8007247469348,0.0,12728.604361904328,19.26,0.6,0.0,0.0,7.0,1.8968592631667593
2795,19,train_0447,12378.731231919812,10483.000108476204,98.30001084762044,0.0,12477.031242767433,16.72,0.68,0.0,0.0,7.0,1.8968592631667593
2796,19,train_0464,12663.497869307183,9848.92754803306,34.892754803305984,0.0,12698.390624110489,12.86,0.68,0.0,0.0,7.0,1.8968592631667593
2797,19,train_0113,12493.88967831821,9928.2393127775,42.82393127774995,0.0,12536.71360959596,18.34,0.7,0.0,0.0,7.0,1.8968592631667593
2798,19,train_0347,12303.208553456578,10395.18334883255,89.51833488325502,0.0,12392.726888339832,15.3,0.6,0.0,0.0,7.0,1.8968592631667593
2799,19,train_0054,12323.75939205274,10314.241153360503,81.42411533605028,0.0,12405.18350738879,16.4,0.66,0.0,0.0,7.0,1.8968592631667593
2800,19,train_0079,12548.422372686806,10437.986697943892,93.79866979438921,0.0,12642.221042481195,15.48,0.6,0.0,0.0,7.0,1.8968592631667593
2801,19,train_0277,12746.078939873465,9999.746982843817,49.9746982843817,0.0,12796.053638157846,15.98,0.7,0.0,0.0,7.0,1.8968592631667593
2802,19,train_0419,12677.868204589002,9931.011121469386,43.10111214693862,0.0,12720.96931673594,15.14,0.7,0.0,0.0,7.0,1.8968592631667593
2803,19,train_0140,12298.514646118612,10015.08927737255,51.508927737255,0.0,12350.023573855868,15.48,0.62,0.0,0.0,7.0,1.8968592631667593
2804,19,train_0102,12439.952847377783,10389.927773852636,88.99277738526362,0.0,12528.945624763046,14.56,0.72,0.0,0.0,7.0,1.8968592631667593
2805,19,train_0480,12859.85434289066,9912.23922450057,41.22392245005704,0.0,12901.078265340717,15.36,0.56,0.0,0.0,7.0,1.8968592631667593
2806,19,train_0359,12593.902458040104,10258.472604823422,75.84726048234225,0.0,12669.749718522446,14.8,0.6,0.0,0.0,7.0,1.8968592631667593
2807,19,train_0490,12373.000980515571,10273.089509527299,77.3089509527299,0.0,12450.309931468302,15.44,0.58,0.0,0.0,7.0,1.8968592631667593
2808,19,train_0052,12762.680715386789,10273.12156476001,77.31215647600094,0.0,12839.992871862789,15.38,0.56,0.0,0.0,7.0,1.8968592631667593
2809,19,train_0567,13441.055562687516,10605.040996278376,110.5040996278376,0.0,13551.559662315354,17.6,0.66,0.0,0.0,7.0,1.8968592631667593
2810,19,train_0484,12499.928731985547,10413.953380397346,91.39533803973464,0.0,12591.32407002528,14.0,0.66,0.0,0.0,7.0,1.8968592631667593
2811,19,train_0503,12738.979099017877,10695.141063130806,119.51410631308063,0.0,12858.493205330959,16.0,0.56,0.0,0.0,7.0,1.8968592631667593
2812,19,train_0061,12223.393842620742,10332.353838911044,83.23538389110436,0.0,12306.629226511846,14.78,0.62,0.0,0.0,7.0,1.8968592631667593
2813,19,train_0388,12717.736460718641,10153.459909826755,65.34599098267554,0.0,12783.082451701317,14.24,0.68,0.0,0.0,7.0,1.8968592631667593
2814,19,train_0324,12601.780766537911,10143.038305429296,64.30383054292962,0.0,12666.08459708084,15.2,0.6,0.0,0.0,7.0,1.8968592631667593
2815,19,train_0112,12307.9243764716,10350.3803763069,85.0380376306901,0.0,12392.962414102289,15.74,0.58,0.0,0.0,7.0,1.8968592631667593
2816,19,train_0549,12657.372160226052,10250.815765605084,75.08157656050844,0.0,12732.45373678656,15.66,0.6,0.0,0.0,7.0,1.8968592631667593
2817,19,train_0493,12116.689312931336,9992.687467566764,49.268746756676414,0.0,12165.958059688011,16.78,0.58,0.0,0.0,7.0,1.8968592631667593
2818,19,train_0497,12520.826008758566,10267.29955809858,76.72995580985808,0.0,12597.555964568424,14.98,0.72,0.0,0.0,7.0,1.8968592631667593
2819,19,train_0436,12439.501974271734,10761.000092983677,126.1000092983677,0.0,12565.6019835701,16.78,0.6,0.0,0.0,7.0,1.8968592631667593
2820,19,train_0106,12727.098327405758,10666.771730804918,116.67717308049178,0.0,12843.77550048625,18.46,0.68,0.0,0.0,7.0,1.8968592631667593
2821,19,train_0448,12504.983414369264,10238.36735178758,73.83673517875796,0.0,12578.820149548023,15.36,0.56,0.0,0.0,7.0,1.8968592631667593
2822,19,train_0276,12300.44020988915,9992.546918699973,49.25469186999726,0.0,12349.694901759147,14.68,0.58,0.0,0.0,7.0,1.8968592631667593
2823,19,train_0418,12587.969493076715,10163.730865571742,66.37308655717425,0.0,12654.342579633889,16.66,0.7,0.0,0.0,7.0,1.8968592631667593
2824,19,train_0356,12553.752608647126,10666.33910781493,116.63391078149307,0.0,12670.386519428619,16.34,0.66,0.0,0.0,7.0,1.8968592631667593
2825,19,train_0498,12521.417510078787,10563.18298337137,106.31829833713692,0.0,12627.735808415924,14.64,0.62,0.0,0.0,7.0,1.8968592631667593
2826,19,train_0311,12362.610614952206,10411.527486764164,91.15274867641638,0.0,12453.763363628623,16.34,0.68,0.0,0.0,7.0,1.8968592631667593
2827,19,train_0178,12400.890360591038,10055.3216810144,55.53216810144004,0.0,12456.422528692477,15.32,0.58,0.0,0.0,7.0,1.8968592631667593
2828,19,train_0397,12491.276680814786,9985.251214930478,48.52512149304785,0.0,12539.801802307835,16.64,0.64,0.0,0.0,7.0,1.8968592631667593
2829,19,train_0403,12791.447346610466,10359.318543219482,85.93185432194824,0.0,12877.379200932415,11.92,0.64,0.0,0.0,7.0,1.8968592631667593
2830,19,train_0174,12661.545958667324,10199.980056446391,69.99800564463912,0.0,12731.543964311963,16.3,0.5,0.0,0.0,7.0,1.8968592631667593
2831,19,train_0310,12054.184088112079,10219.157653322289,71.91576533222887,0.0,12126.099853444308,15.5,0.66,0.0,0.0,7.0,1.8968592631667593
2832,19,train_0399,12528.840888174698,10444.534718848305,94.45347188483048,0.0,12623.294360059528,15.18,0.62,0.0,0.0,7.0,1.8968592631667593
2833,19,train_0202,12551.318648800065,10438.246982003106,93.82469820031056,0.0,12645.143347000376,15.98,0.52,0.0,0.0,7.0,1.8968592631667593
2834,19,train_0102,12271.901703235202,10382.227087905476,88.22270879054759,0.0,12360.12441202575,15.48,0.58,0.0,0.0,7.0,1.8968592631667593
2835,19,train_0196,12145.087947269432,10404.156758789333,90.41567587893333,0.0,12235.503623148366,14.0,0.68,0.0,0.0,7.0,1.8968592631667593
2836,19,train_0500,12139.714120145978,10162.35899790481,66.23589979048101,0.0,12205.95001993646,15.82,0.64,0.0,0.0,7.0,1.8968592631667593
2837,19,train_0093,12451.43519626473,9712.795464276911,21.279546427691095,0.0,12472.714742692422,17.74,0.7,0.0,0.0,7.0,1.8968592631667593
2838,19,train_0236,12481.753806364184,10228.325932782578,72.83259327825782,0.0,12554.586399642441,18.1,0.58,0.0,0.0,7.0,1.8968592631667593
2839,19,train_0294,12309.842815466156,10214.229114733409,71.4229114733409,0.0,12381.265726939497,16.34,0.7,0.0,0.0,7.0,1.8968592631667593
2840,19,train_0476,12304.175771417866,10077.510652944096,57.75106529440964,0.0,12361.926836712275,19.68,0.58,0.0,0.0,7.0,1.8968592631667593
2841,19,train_0221,12333.855791491702,10213.8439961427,71.38439961426994,0.0,12405.240191105971,16.24,0.64,0.0,0.0,7.0,1.8968592631667593
2842,19,train_0596,12423.101853978573,10284.976920497753,78.4976920497753,0.0,12501.599546028348,16.06,0.62,0.0,0.0,7.0,1.8968592631667593
2843,19,train_0252,12171.89881855231,9919.104521974705,41.91045219747048,0.0,12213.809270749782,15.94,0.68,0.0,0.0,7.0,1.8968592631667593
2844,19,train_0277,12315.21265510859,10426.336164702218,92.63361647022175,0.0,12407.846271578812,16.02,0.58,0.0,0.0,7.0,1.8968592631667593
2845,19,train_0511,12111.548851898262,10331.040968503492,83.10409685034921,0.0,12194.652948748611,16.9,0.7,0.0,0.0,7.0,1.8968592631667593
2846,19,train_0270,12453.346289866035,10066.232690125471,56.6232690125471,0.0,12509.969558878582,15.14,0.58,0.0,0.0,7.0,1.8968592631667593
2847,19,train_0408,11931.606875672845,10375.961066954866,87.59610669548657,0.0,12019.202982368332,15.28,0.64,0.0,0.0,7.0,1.8968592631667593
2848,19,train_0211,12716.564524767233,10007.82042873508,50.782042873508004,0.0,12767.346567640741,16.24,0.54,0.0,0.0,7.0,1.8968592631667593
2849,19,train_0408,12038.742954919475,10258.536083159153,75.85360831591534,0.0,12114.596563235391,14.34,0.62,0.0,0.0,7.0,1.8968592631667593
2850,19,train_0358,12145.612184617872,10495.930515613454,99.59305156134542,0.0,12245.205236179218,15.98,0.72,0.0,0.0,7.0,1.8968592631667593
2851,19,train_0590,12501.17697667069,10220.148563530505,72.01485635305053,0.0,12573.19183302374,17.38,0.6,0.0,0.0,7.0,1.8968592631667593
2852,19,train_0239,12550.1662499202,10149.722063902285,64.97220639022854,0.0,12615.138456310428,15.22,0.76,0.0,0.0,7.0,1.8968592631667593
2853,19,train_0130,12567.656867148267,9851.504201832342,35.1504201832342,0.0,12602.807287331501,15.96,0.54,0.0,0.0,7.0,1.8968592631667593
2854,19,train_0083,12056.15086809505,10161.904924695633,66.1904924695633,0.0,12122.341360564613,15.48,0.62,0.0,0.0,7.0,1.8968592631667593
2855,19,train_0304,12901.580459045019,10620.806591044502,112.0806591044502,0.0,13013.66111814947,15.96,0.56,0.0,0.0,7.0,1.8968592631667593
2856,19,train_0300,12308.302186508103,10041.760713909911,54.1760713909911,0.0,12362.478257899094,14.82,0.66,0.0,0.0,7.0,1.8968592631667593
2857,19,train_0055,12795.524168947628,10074.21740688464,57.421740688463984,0.0,12852.945909636092,15.0,0.6,0.0,0.0,7.0,1.8968592631667593
2858,19,train_0006,12529.405795549521,10016.387310130931,51.63873101309309,0.0,12581.044526562615,16.38,0.68,0.0,0.0,7.0,1.8968592631667593
2859,19,train_0235,12502.907549199335,10432.509460088691,93.25094600886915,0.0,12596.158495208205,16.08,0.6,0.0,0.0,7.0,1.8968592631667593
2860,19,train_0021,12337.135379927964,10804.054324774754,130.4054324774754,0.0,12467.54081240544,17.38,0.6,0.0,0.0,7.0,1.8968592631667593
2861,19,train_0570,12157.048029713294,10253.070753533975,75.30707535339752,0.0,12232.355105066692,14.48,0.58,0.0,0.0,7.0,1.8968592631667593
2862,19,train_0474,12457.390176212999,10297.12561124877,79.712561124877,0.0,12537.102737337877,15.18,0.62,0.0,0.0,7.0,1.8968592631667593
2863,19,train_0051,12947.218479162859,9927.135005186494,42.71350051864938,0.0,12989.931979681509,17.1,0.64,0.0,0.0,7.0,1.8968592631667593
2864,19,train_0467,12938.502975548545,10644.56904598038,114.4569045980381,0.0,13052.959880146584,15.54,0.68,0.0,0.0,7.0,1.8968592631667593
2865,19,train_0454,12688.755224849428,10699.678998406482,119.96789984064817,0.0,12808.723124690077,15.92,0.64,0.0,0.0,7.0,1.8968592631667593
2866,19,train_0435,12035.500362305293,10055.454738069537,55.54547380695367,0.0,12091.045836112246,16.28,0.72,0.0,0.0,7.0,1.8968592631667593
2867,19,train_0519,12621.241684829929,10483.035680382602,98.30356803826017,0.0,12719.545252868189,15.66,0.68,0.0,0.0,7.0,1.8968592631667593
2868,19,train_0424,12661.790391480465,10275.717347123154,77.57173471231545,0.0,12739.36212619278,18.24,0.66,0.0,0.0,7.0,1.8968592631667593
2869,19,train_0305,12429.49574579674,10215.00328127155,71.50032812715509,0.0,12500.996073923894,14.96,0.64,0.0,0.0,7.0,1.8968592631667593
2870,19,train_0435,12159.403748544704,9985.986457375238,48.59864573752384,0.0,12208.002394282228,15.46,0.68,0.0,0.0,7.0,1.8968592631667593
2871,19,train_0478,12589.150214498426,10397.216988181644,89.72169881816444,0.0,12678.87191331659,15.9,0.72,0.0,0.0,7.0,1.8968592631667593
2872,19,train_0350,12065.372175607905,10200.655771393192,70.06557713931925,0.0,12135.437752747224,16.94,0.68,0.0,0.0,7.0,1.8968592631667593
2873,19,train_0264,12364.184955215751,9997.270717367417,49.72707173674171,0.0,12413.912026952492,16.64,0.68,0.0,0.0,7.0,1.8968592631667593
2874,19,train_0343,13109.328358402734,11025.92942722787,152.59294272278694,0.0,13261.921301125521,17.6,0.66,0.0,0.0,7.0,1.8968592631667593
2875,19,train_0212,12189.36584225055,10318.820782094195,81.88207820941953,0.0,12271.24792045997,15.26,0.76,0.0,0.0,7.0,1.8968592631667593
2876,19,train_0242,12638.73723257806,10631.08854043379,113.10885404337897,0.0,12751.84608662144,15.18,0.62,0.0,0.0,7.0,1.8968592631667593
2877,19,train_0303,12378.084491707774,9826.678382054777,32.667838205477715,0.0,12410.752329913252,15.96,0.76,0.0,0.0,7.0,1.8968592631667593
2878,19,train_0449,12350.195306359914,10618.419813058139,111.8419813058139,0.0,12462.037287665727,18.72,0.8,0.0,0.0,7.0,1.8968592631667593
2879,19,train_0116,12197.35155238718,10439.456983597316,93.94569835973162,0.0,12291.297250746911,17.06,0.7,0.0,0.0,7.0,1.8968592631667593
2880,19,train_0259,12399.422488105494,10319.89391331994,81.98939133199401,0.0,12481.411879437488,14.54,0.72,0.0,0.0,7.0,1.8968592631667593
2881,19,train_0184,12402.096221569436,10319.062922973439,81.90629229734387,0.0,12484.00251386678,16.34,0.66,0.0,0.0,7.0,1.8968592631667593
2882,19,train_0092,12427.154580248041,10725.022915573978,122.50229155739781,0.0,12549.656871805439,17.94,0.68,0.0,0.0,7.0,1.8968592631667593
2883,19,train_0183,12666.10997249294,10365.190306058987,86.51903060589866,0.0,12752.62900309884,15.36,0.68,0.0,0.0,7.0,1.8968592631667593
2884,19,train_0180,12644.905364990522,10362.408483837862,86.24084838378621,0.0,12731.146213374308,17.62,0.66,0.0,0.0,7.0,1.8968592631667593
2885,19,train_0593,12184.8427661556,10287.923582322359,78.7923582322359,0.0,12263.635124387836,13.18,0.74,0.0,0.0,7.0,1.8968592631667593
2886,19,train_0232,12402.747699707463,10449.3567929144,94.93567929143993,0.0,12497.683378998903,15.28,0.56,0.0,0.0,7.0,1.8968592631667593
2887,19,train_0201,12368.048216935611,10140.528074303758,64.05280743037584,0.0,12432.101024365988,17.24,0.7,0.0,0.0,7.0,1.8968592631667593
2888,19,train_0237,12151.984260993935,10155.710050012203,65.57100500122033,0.0,12217.555265995155,16.22,0.68,0.0,0.0,7.0,1.8968592631667593
2889,19,train_0137,12383.608302575616,9998.310983542862,49.831098354286226,0.0,12433.439400929903,15.96,0.58,0.0,0.0,7.0,1.8968592631667593
2890,19,train_0547,12877.671817394626,10654.809193661511,115.48091936615111,0.0,12993.152736760778,16.96,0.66,0.0,0.0,7.0,1.8968592631667593
2891,19,train_0563,12752.032068512337,10273.757744018869,77.37577440188689,0.0,12829.407842914225,15.3,0.72,0.0,0.0,7.0,1.8968592631667593
2892,19,train_0235,12188.226859291311,10615.349754128341,111.53497541283414,0.0,12299.761834704146,16.38,0.7,0.0,0.0,7.0,1.8968592631667593
2893,19,train_0083,12249.468624489495,10080.015250787614,58.001525078761375,0.0,12307.470149568257,16.1,0.7,0.0,0.0,7.0,1.8968592631667593
2894,19,train_0011,12268.128359450791,9979.447001128483,47.944700112848295,0.0,12316.07305956364,15.96,0.68,0.0,0.0,7.0,1.8968592631667593
2895,19,train_0579,12565.227664598755,10321.877331090469,82.1877331090469,0.0,12647.415397707802,17.24,0.82,0.0,0.0,7.0,1.8968592631667593
2896,19,train_0498,12576.075277501885,10382.336161080002,88.2336161080002,0.0,12664.308893609885,14.26,0.64,0.0,0.0,7.0,1.8968592631667593
2897,19,train_0511,12501.25368426985,9897.870937316939,39.78709373169386,0.0,12541.040778001545,16.64,0.58,0.0,0.0,7.0,1.8968592631667593
2898,19,train_0351,13025.094016558285,10270.950255140326,77.09502551403257,0.0,13102.189042072318,16.22,0.72,0.0,0.0,7.0,1.8968592631667593
2899,19,train_0388,12737.568843242272,10060.37959516718,56.037959516718004,0.0,12793.60680275899,13.12,0.58,0.0,0.0,7.0,1.8968592631667593
2900,19,train_0460,12244.710977836918,10489.655281313971,98.96552813139715,0.0,12343.676505968315,13.44,0.58,0.0,0.0,7.0,1.8968592631667593
2901,19,train_0256,12538.161715444097,10159.811690306331,65.9811690306331,0.0,12604.14288447473,15.28,0.66,0.0,0.0,7.0,1.8968592631667593
2902,19,train_0495,12623.082499290222,10457.623886794718,95.76238867947177,0.0,12718.844887969693,19.36,0.66,0.0,0.0,7.0,1.8968592631667593
2903,19,train_0118,12420.316835819414,10207.160341090173,70.71603410901734,0.0,12491.032869928431,15.1,0.56,0.0,0.0,7.0,1.8968592631667593
2904,19,train_0266,12636.441106699836,10262.096584922254,76.20965849222539,0.0,12712.650765192062,14.88,0.76,0.0,0.0,7.0,1.8968592631667593
2905,19,train_0063,12657.468660336028,10287.49279114608,78.749279114608,0.0,12736.217939450637,14.62,0.7,0.0,0.0,7.0,1.8968592631667593
2906,19,train_0464,12473.604339652546,10104.440524069276,60.44405240692759,0.0,12534.048392059472,15.46,0.64,0.0,0.0,7.0,1.8968592631667593
2907,19,train_0062,12288.375697787647,10129.27661423176,62.92766142317596,0.0,12351.303359210824,14.78,0.52,0.0,0.0,7.0,1.8968592631667593
2908,19,train_0301,12829.173077067542,10406.334568728293,90.63345687282927,0.0,12919.806533940371,15.92,0.66,0.0,0.0,7.0,1.8968592631667593
2909,19,train_0209,12059.017226243765,10385.617069351749,88.56170693517488,0.0,12147.57893317894,15.82,0.64,0.0,0.0,7.0,1.8968592631667593
2910,19,train_0596,12603.438375543168,10198.472009590165,69.84720095901649,0.0,12673.285576502185,16.0,0.62,0.0,0.0,7.0,1.8968592631667593
2911,19,train_0244,12384.197343695872,10413.423102617238,91.34231026172384,0.0,12475.539653957596,15.8,0.6,0.0,0.0,7.0,1.8968592631667593
2912,20,train_0084,12127.360512459036,10142.536671134363,64.25366711343632,0.0,12191.614179572472,16.2,0.64,0.0,0.0,7.0,1.8968592631667593
2913,20,train_0554,12416.848945915455,10008.27498394785,50.827498394784925,0.0,12467.67644431024,13.4,0.64,0.0,0.0,7.0,1.8968592631667593
2914,20,train_0331,12605.551868481307,10211.959459308078,71.19594593080784,0.0,12676.747814412114,15.72,0.54,0.0,0.0,7.0,1.8968592631667593
2915,20,train_0321,12485.632255220542,10102.472859974794,60.247285997479416,0.0,12545.87954121802,16.94,0.54,0.0,0.0,7.0,1.8968592631667593
2916,20,train_0380,12216.6043193097,10158.94951722151,65.89495172215102,0.0,12282.499271031851,17.18,0.7,0.0,0.0,7.0,1.8968592631667593
2917,20,train_0594,12162.906335206684,10327.397752750367,82.73977527503666,0.0,12245.64611048172,18.0,0.68,0.0,0.0,7.0,1.8968592631667593
2918,20,train_0015,12324.378028055475,10239.994854576593,73.99948545765929,0.0,12398.377513513135,16.14,0.82,0.0,0.0,7.0,1.8968592631667593
2919,20,train_0432,12247.903621559213,10287.679285282986,78.76792852829858,0.0,12326.671550087513,14.9,0.58,0.0,0.0,7.0,1.8968592631667593
2920,20,train_0272,12522.235704773551,10359.813523991903,85.9813523991903,0.0,12608.217057172742,13.38,0.56,0.0,0.0,7.0,1.8968592631667593
2921,20,train_0087,13000.656899933965,10343.368362585661,84.33683625856611,0.0,13084.993736192531,15.02,0.66,0.0,0.0,7.0,1.8968592631667593
2922,20,train_0543,12576.671029056111,10494.654446222356,99.46544462223557,0.0,12676.136473678347,15.86,0.66,0.0,0.0,7.0,1.8968592631667593
2923,20,train_0332,12097.070853016914,10275.081383979455,77.50813839794556,0.0,12174.578991414859,16.1,0.68,0.0,0.0,7.0,1.8968592631667593
2924,20,train_0548,12607.440906701806,10316.702716341548,81.67027163415479,0.0,12689.111178335961,16.24,0.66,0.0,0.0,7.0,1.8968592631667593
2925,20,train_0095,12579.743057213767,10175.197061273528,67.51970612735276,0.0,12647.26276334112,16.06,0.66,0.0,0.0,7.0,1.8968592631667593
2926,20,train_0405,12624.507788218185,10478.53542846782,97.85354284678198,0.0,12722.361331064967,15.1,0.7,0.0,0.0,7.0,1.8968592631667593
2927,20,train_0023,12017.895742366534,10285.059020398825,78.5059020398825,0.0,12096.401644406416,15.0,0.7,0.0,0.0,7.0,1.8968592631667593
2928,20,train_0591,12969.11675620913,9976.275423771836,47.62754237718364,0.0,13016.744298586314,16.36,0.74,0.0,0.0,7.0,1.8968592631667593
2929,20,train_0566,12113.633184770068,10031.434230677687,53.14342306776871,0.0,12166.776607837837,13.5,0.72,0.0,0.0,7.0,1.8968592631667593
2930,20,train_0530,12786.435870669195,10654.181408534634,115.41814085346341,0.0,12901.854011522659,15.64,0.6,0.0,0.0,7.0,1.8968592631667593
2931,20,train_0202,12742.331134843398,10461.140873060693,96.11408730606928,0.0,12838.445222149467,16.46,0.62,0.0,0.0,7.0,1.8968592631667593
2932,20,train_0418,12704.245682683522,10381.426120858323,88.1426120858323,0.0,12792.388294769355,17.2,0.76,0.0,0.0,7.0,1.8968592631667593
2933,20,train_0113,12372.412720320039,9884.429305083615,38.4429305083615,0.0,12410.8556508284,15.8,0.66,0.0,0.0,7.0,1.8968592631667593
2934,20,train_0504,12113.011125586312,10451.581347893656,95.15813478936562,0.0,12208.169260375678,15.46,0.42,0.0,0.0,7.0,1.8968592631667593
2935,20,train_0061,12592.768158821065,10195.234117119968,69.52341171199679,0.0,12662.291570533062,13.66,0.6,0.0,0.0,7.0,1.8968592631667593
2936,20,train_0440,12688.889907021952,10705.059445035946,120.50594450359459,0.0,12809.395851525547,15.58,0.64,0.0,0.0,7.0,1.8968592631667593
2937,20,train_0391,12432.804106834506,10026.206012513401,52.620601251340126,0.0,12485.424708085846,14.32,0.68,0.0,0.0,7.0,1.8968592631667593
2938,20,train_0176,13005.148589978933,10348.908505158612,84.89085051586117,0.0,13090.039440494795,14.56,0.6,0.0,0.0,7.0,1.8968592631667593
2939,20,train_0276,12437.406290813102,10130.155786171013,63.01557861710135,0.0,12500.421869430204,15.7,0.66,0.0,0.0,7.0,1.8968592631667593
2940,20,train_0284,12601.58752493491,10056.584257489118,55.65842574891176,0.0,12657.245950683822,16.86,0.78,0.0,0.0,7.0,1.8968592631667593
2941,20,train_0007,13506.42803650275,10815.811966900663,131.5811966900663,0.0,13638.009233192815,15.06,0.66,0.0,0.0,7.0,1.8968592631667593
2942,20,train_0031,12273.48561074423,10133.30452808813,63.330452808813064,0.0,12336.816063553044,15.56,0.8,0.0,0.0,7.0,1.8968592631667593
2943,20,train_0429,12823.897685030504,10388.611559478077,88.86115594780767,0.0,12912.758840978313,16.42,0.68,0.0,0.0,7.0,1.8968592631667593
2944,20,train_0411,12918.548773419749,10568.67834762769,106.86783476276906,0.0,13025.416608182517,16.96,0.62,0.0,0.0,7.0,1.8968592631667593
2945,20,train_0154,12640.26169666238,10514.168867427354,101.41688674273537,0.0,12741.678583405115,20.06,0.64,0.0,0.0,7.0,1.8968592631667593
2946,20,train_0267,12307.528448409465,10279.741631710805,77.97416317108055,0.0,12385.502611580545,16.16,0.74,0.0,0.0,7.0,1.8968592631667593
2947,20,train_0468,12301.376446060442,10113.593026774095,61.35930267740951,0.0,12362.73574873785,15.56,0.74,0.0,0.0,7.0,1.8968592631667593
2948,20,train_0407,12384.086335172564,10314.814957106428,81.48149571064278,0.0,12465.567830883207,15.66,0.78,0.0,0.0,7.0,1.8968592631667593
2949,20,train_0293,12049.829718111669,10264.589994978147,76.4589994978147,0.0,12126.288717609483,15.74,0.62,0.0,0.0,7.0,1.8968592631667593
2950,20,train_0518,12517.070421573984,10366.203196195025,86.62031961950252,0.0,12603.690741193486,15.16,0.56,0.0,0.0,7.0,1.8968592631667593
2951,20,train_0321,12231.426460388764,10329.88251316366,82.98825131636605,0.0,12314.41471170513,19.38,0.46,0.0,0.0,7.0,1.8968592631667593
2952,20,train_0003,12501.86440738295,9809.77629020727,30.977629020727,0.0,12532.842036403676,17.34,0.68,0.0,0.0,7.0,1.8968592631667593
2953,20,train_0274,12489.656183307707,10511.347754258026,101.13477542580259,0.0,12590.790958733509,16.36,0.82,0.0,0.0,7.0,1.8968592631667593
2954,20,train_0145,12310.648607917823,10465.247842552337,96.52478425523368,0.0,12407.173392173057,14.24,0.62,0.0,0.0,7.0,1.8968592631667593
2955,20,train_0405,12605.675003315177,10723.891401878052,122.38914018780525,0.0,12728.064143502981,14.74,0.5,0.0,0.0,7.0,1.8968592631667593
2956,20,train_0062,12355.875620134842,10098.196859095415,59.81968590954148,0.0,12415.695306044385,15.5,0.6,0.0,0.0,7.0,1.8968592631667593
2957,20,train_0594,12382.972103049853,9750.060143802024,25.006014380202398,0.0,12407.978117430055,17.74,0.72,0.0,0.0,7.0,1.8968592631667593
2958,20,train_0364,12533.22245759903,10390.723665630812,89.07236656308123,0.0,12622.29482416211,16.52,0.64,0.0,0.0,7.0,1.8968592631667593
2959,20,train_0478,12365.34281751687,10288.646627249233,78.86466272492326,0.0,12444.207480241794,16.62,0.7,0.0,0.0,7.0,1.8968592631667593
2960,20,train_0276,12284.292823162392,10401.851807641251,90.1851807641251,0.0,12374.478003926517,14.62,0.74,0.0,0.0,7.0,1.8968592631667593
2961,20,train_0041,12307.201369171138,10366.457462370108,86.64574623701083,0.0,12393.847115408149,14.28,0.68,0.0,0.0,7.0,1.8968592631667593
2962,20,train_0261,12766.653617192267,10431.473873389928,93.14738733899286,0.0,12859.80100453126,16.56,0.6,0.0,0.0,7.0,1.8968592631667593
2963,20,train_0296,13028.384893029619,9942.062660274794,44.20626602747944,0.0,13072.591159057098,15.32,0.64,0.0,0.0,7.0,1.8968592631667593
2964,20,train_0251,12266.020391803926,10582.637466493863,108.2637466493863,0.0,12374.284138453313,14.02,0.62,0.0,0.0,7.0,1.8968592631667593
2965,20,train_0140,12250.711922371816,10483.645183021748,98.36451830217484,0.0,12349.07644067399,15.36,0.56,0.0,0.0,7.0,1.8968592631667593
2966,20,train_0124,12894.220830562495,10334.084053071821,83.40840530718215,0.0,12977.629235869677,17.3,0.56,0.0,0.0,7.0,1.8968592631667593
2967,20,train_0061,12450.812621556628,10313.14256040545,81.31425604054493,0.0,12532.126877597173,15.26,0.66,0.0,0.0,7.0,1.8968592631667593
2968,20,train_0298,11947.919458380053,9817.112194629866,31.71121946298663,0.0,11979.630677843039,16.82,0.64,0.0,0.0,7.0,1.8968592631667593
2969,20,train_0117,12073.038246975813,10068.115805285643,56.811580528564264,0.0,12129.849827504378,16.18,0.6,0.0,0.0,7.0,1.8968592631667593
2970,20,train_0375,12565.840861364846,10600.681047755888,110.06810477558884,0.0,12675.908966140436,15.92,0.6,0.0,0.0,7.0,1.8968592631667593
2971,20,train_0148,12646.156765424315,10381.749311698648,88.1749311698648,0.0,12734.33169659418,17.94,0.6,0.0,0.0,7.0,1.8968592631667593
2972,20,train_0261,12305.61464980003,10494.052119131251,99.4052119131251,0.0,12405.019861713155,15.88,0.58,0.0,0.0,7.0,1.8968592631667593
2973,20,train_0575,12974.577008940021,10121.562054139587,62.156205413958745,0.0,13036.73321435398,16.62,0.62,0.0,0.0,7.0,1.8968592631667593
2974,20,train_0314,12330.232334129341,10291.359174673758,79.13591746737585,0.0,12409.368251596718,17.28,0.66,0.0,0.0,7.0,1.8968592631667593
2975,20,train_0446,12433.874295179801,10114.112734562925,61.41127345629248,0.0,12495.285568636094,17.2,0.62,0.0,0.0,7.0,1.8968592631667593
2976,20,train_0409,13026.688349484251,10290.069909737922,79.0069909737922,0.0,13105.695340458044,17.72,0.72,0.0,0.0,7.0,1.8968592631667593
2977,20,train_0511,12229.448414383798,9996.899102302503,49.689910230250284,0.0,12279.138324614049,16.96,0.5,0.0,0.0,7.0,1.8968592631667593
2978,20,train_0033,12629.915001291585,10580.246143287866,108.02461432878664,0.0,12737.939615620371,15.24,0.7,0.0,0.0,7.0,1.8968592631667593
2979,20,train_0419,12684.35405159239,10564.64864254096,106.46486425409603,0.0,12790.818915846487,14.8,0.56,0.0,0.0,7.0,1.8968592631667593
2980,20,train_0142,12836.287335464136,10104.98309752566,60.498309752565916,0.0,12896.785645216702,15.68,0.7,0.0,0.0,7.0,1.8968592631667593
2981,20,train_0189,12249.343936186573,10746.42596701999,124.642596701999,0.0,12373.986532888572,15.86,0.72,0.0,0.0,7.0,1.8968592631667593
2982,20,train_0543,12855.575212970909,10317.06474459498,81.706474459498,0.0,12937.281687430406,14.84,0.54,0.0,0.0,7.0,1.8968592631667593
2983,20,train_0234,12334.254634264293,10418.265444528442,91.82654445284425,0.0,12426.081178717137,15.8,0.58,0.0,0.0,7.0,1.8968592631667593
2984,20,train_0309,12742.822173052635,10285.9483705066,78.59483705065996,0.0,12821.417010103294,14.0,0.66,0.0,0.0,7.0,1.8968592631667593
2985,20,train_0264,12209.47084693683,10113.079459470991,61.30794594709914,0.0,12270.77879288393,15.5,0.66,0.0,0.0,7.0,1.8968592631667593
2986,20,train_0064,12629.329073734916,10510.390046336339,101.0390046336339,0.0,12730.36807836855,16.48,0.64,0.0,0.0,7.0,1.8968592631667593
2987,20,train_0176,12691.311253605007,10434.42058635821,93.44205863582101,0.0,12784.753312240828,15.22,0.74,0.0,0.0,7.0,1.8968592631667593
2988,20,train_0090,12466.886911114452,10238.527241837339,73.85272418373388,0.0,12540.739635298187,12.84,0.66,0.0,0.0,7.0,1.8968592631667593
2989,20,train_0252,12157.606431149052,10002.511043061653,50.25110430616533,0.0,12207.857535455218,15.18,0.68,0.0,0.0,7.0,1.8968592631667593
2990,20,train_0001,12283.246559341373,10087.446153477587,58.74461534775874,0.0,12341.991174689132,13.54,0.64,0.0,0.0,7.0,1.8968592631667593
2991,20,train_0462,12610.342268174758,10329.229296054866,82.92292960548657,0.0,12693.265197780245,16.58,0.52,0.0,0.0,7.0,1.8968592631667593
2992,20,train_0321,12524.05563682644,10251.316798314274,75.13167983142739,0.0,12599.187316657868,18.78,0.64,0.0,0.0,7.0,1.8968592631667593
2993,20,train_0045,12566.116578755498,10291.503139624676,79.15031396246759,0.0,12645.266892717966,13.4,0.68,0.0,0.0,7.0,1.8968592631667593
2994,20,train_0594,12078.146972960658,10280.312714973716,78.03127149737156,0.0,12156.17824445803,17.64,0.56,0.0,0.0,7.0,1.8968592631667593
2995,20,train_0165,12160.560351665164,10291.084089477807,79.10840894778067,0.0,12239.668760612945,17.92,0.66,0.0,0.0,7.0,1.8968592631667593
2996,20,train_0208,12483.68356330642,10062.858257551892,56.28582575518922,0.0,12539.969389061609,15.44,0.56,0.0,0.0,7.0,1.8968592631667593
2997,20,train_0287,12344.708024606893,10329.400078015298,82.94000780152983,0.0,12427.648032408422,16.34,0.6,0.0,0.0,7.0,1.8968592631667593
2998,20,train_0320,12881.914323187098,9939.9574000773,43.995740007729914,0.0,12925.910063194828,14.68,0.6,0.0,0.0,7.0,1.8968592631667593
2999,20,train_0405,12792.075364816785,10481.842208056496,98.1842208056496,0.0,12890.259585622434,16.74,0.74,0.0,0.0,7.0,1.8968592631667593
3000,20,train_0319,12522.054427953226,10517.730805362062,101.77308053620618,0.0,12623.827508489432,15.14,0.64,0.0,0.0,7.0,1.8968592631667593
3001,20,train_0387,12167.559220393683,10275.96564170373,77.59656417037296,0.0,12245.155784564056,15.62,0.78,0.0,0.0,7.0,1.8968592631667593
3002,20,train_0185,12720.270213369662,9847.93901167272,34.79390116727209,0.0,12755.064114536934,14.52,0.76,0.0,0.0,7.0,1.8968592631667593
3003,20,train_0434,12797.322871750606,10654.555506406843,115.45555064068431,0.0,12912.778422391291,15.9,0.7,0.0,0.0,7.0,1.8968592631667593
3004,20,train_0511,12557.217899665371,9776.097584015459,27.60975840154588,0.0,12584.827658066917,15.8,0.52,0.0,0.0,7.0,1.8968592631667593
3005,20,train_0063,12477.044760195255,10166.42625543183,66.64262554318303,0.0,12543.687385738438,14.46,0.62,0.0,0.0,7.0,1.8968592631667593
3006,20,train_0071,12571.039872344361,10444.366572832992,94.43665728329925,0.0,12665.47652962766,13.22,0.68,0.0,0.0,7.0,1.8968592631667593
3007,20,train_0108,12840.219307962263,10000.513987245315,50.05139872453147,0.0,12890.270706686795,17.52,0.6,0.0,0.0,7.0,1.8968592631667593
